station_id,date,discharge_cfs,discharge_qualifier,discharge_m3s,discharge_ML_day,source_retrieved_at
12117500,1995-10-01,391,A,11.071887017472001,956.61103830958086,2026-08-20T00:09:10-04:00
12117500,1995-10-02,397,A,11.241788097024001,971.29049158287364,2026-08-20T00:09:10-04:00
12117500,1995-10-03,464,A,13.139016818688001,1135.2110531346432,2026-08-20T00:09:10-04:00
12117500,1995-10-04,383,A,10.845352244736,937.03843394519038,2026-08-20T00:09:10-04:00
12117500,1995-10-05,321,A,9.0897077560320003,785.35075012116488,2026-08-20T00:09:10-04:00
12117500,1995-10-06,329,A,9.3162425287680009,804.92335448555525,2026-08-20T00:09:10-04:00
12117500,1995-10-07,417,A,11.808125028864,1020.2220024938497,2026-08-20T00:09:10-04:00
12117500,1995-10-08,417,A,11.808125028864,1020.2220024938497,2026-08-20T00:09:10-04:00
12117500,1995-10-09,426,A,12.062976648192,1042.2411824037888,2026-08-20T00:09:10-04:00
12117500,1995-10-10,751,A,21.265951790592002,1837.3782347071487,2026-08-20T00:09:10-04:00
12117500,1995-10-11,868,A,24.579022841856002,2123.6275735363583,2026-08-20T00:09:10-04:00
12117500,1995-10-12,695,A,19.68020838144,1700.3700041564161,2026-08-20T00:09:10-04:00
12117500,1995-10-13,621,A,17.584761733632,1519.3234137858049,2026-08-20T00:09:10-04:00
12117500,1995-10-14,584,A,16.537038409728002,1428.8001186004992,2026-08-20T00:09:10-04:00
12117500,1995-10-15,559,A,15.829117244928,1367.6357299617791,2026-08-20T00:09:10-04:00
12117500,1995-10-16,574,A,16.253869943807999,1404.3343631450111,2026-08-20T00:09:10-04:00
12117500,1995-10-17,586,A,16.593672102912002,1433.6932696915969,2026-08-20T00:09:10-04:00
12117500,1995-10-18,596,A,16.876840568832002,1458.1590251470848,2026-08-20T00:09:10-04:00
12117500,1995-10-19,570,A,16.140602557440001,1394.548060962816,2026-08-20T00:09:10-04:00
12117500,1995-10-20,578,A,16.367137330176,1414.1206653272066,2026-08-20T00:09:10-04:00
12117500,1995-10-21,568,A,16.083968864256001,1389.6549098717185,2026-08-20T00:09:10-04:00
12117500,1995-10-22,555,A,15.71584985856,1357.8494277795839,2026-08-20T00:09:10-04:00
12117500,1995-10-23,548,A,15.517631932416,1340.7233989607425,2026-08-20T00:09:10-04:00
12117500,1995-10-24,542,A,15.347730852864,1326.0439456874496,2026-08-20T00:09:10-04:00
12117500,1995-10-25,541,A,15.319414006272,1323.5973701419009,2026-08-20T00:09:10-04:00
12117500,1995-10-26,554,A,15.687533011968,1355.4028522340352,2026-08-20T00:09:10-04:00
12117500,1995-10-27,550,A,15.574265625600001,1345.61655005184,2026-08-20T00:09:10-04:00
12117500,1995-10-28,535,A,15.14951292672,1308.917916868608,2026-08-20T00:09:10-04:00
12117500,1995-10-29,529,A,14.979611847168,1294.2384635953154,2026-08-20T00:09:10-04:00
12117500,1995-10-30,529,A,14.979611847168,1294.2384635953154,2026-08-20T00:09:10-04:00
12117500,1995-10-31,581,A,16.452087869951999,1421.4603919638528,2026-08-20T00:09:10-04:00
12117500,1995-11-01,651,A,18.434267131392001,1592.7206801522689,2026-08-20T00:09:10-04:00
12117500,1995-11-02,649,A,18.377633438208001,1587.8275290611712,2026-08-20T00:09:10-04:00
12117500,1995-11-03,639,A,18.094464972288002,1563.3617736056833,2026-08-20T00:09:10-04:00
12117500,1995-11-04,570,A,16.140602557440001,1394.548060962816,2026-08-20T00:09:10-04:00
12117500,1995-11-05,543,A,15.376047699456,1328.4905212329984,2026-08-20T00:09:10-04:00
12117500,1995-11-06,494,A,13.988522216448001,1208.6083195011072,2026-08-20T00:09:10-04:00
12117500,1995-11-07,757,A,21.435852870144,1852.0576879804416,2026-08-20T00:09:10-04:00
12117500,1995-11-08,1130,A,31.998036648959999,2764.6303664701441,2026-08-20T00:09:10-04:00
12117500,1995-11-09,1490,A,42.19210142208,3645.3975628677122,2026-08-20T00:09:10-04:00
12117500,1995-11-10,1400,A,39.643585228799999,3425.2057637683201,2026-08-20T00:09:10-04:00
12117500,1995-11-11,1900,A,53.802008524800002,4648.49353654272,2026-08-20T00:09:10-04:00
12117500,1995-11-12,1750,A,49.554481536000004,4281.5072047104004,2026-08-20T00:09:10-04:00
12117500,1995-11-13,1790,A,50.687155399680002,4379.3702265323518,2026-08-20T00:09:10-04:00
12117500,1995-11-14,1900,A,53.802008524800002,4648.49353654272,2026-08-20T00:09:10-04:00
12117500,1995-11-15,1830,A,51.819829263359999,4477.2332483543041,2026-08-20T00:09:10-04:00
12117500,1995-11-16,1690,A,47.855470740480001,4134.7126719774724,2026-08-20T00:09:10-04:00
12117500,1995-11-17,1530,A,43.324775285759998,3743.260584689664,2026-08-20T00:09:10-04:00
12117500,1995-11-18,1460,A,41.342596024320002,3572.0002965012482,2026-08-20T00:09:10-04:00
12117500,1995-11-19,1380,A,39.077248296960001,3376.274252857344,2026-08-20T00:09:10-04:00
12117500,1995-11-20,1360,A,38.510911365120002,3327.3427419463683,2026-08-20T00:09:10-04:00
12117500,1995-11-21,1340,A,37.944574433280003,3278.4112310353921,2026-08-20T00:09:10-04:00
12117500,1995-11-22,1340,A,37.944574433280003,3278.4112310353921,2026-08-20T00:09:10-04:00
12117500,1995-11-23,1360,A,38.510911365120002,3327.3427419463683,2026-08-20T00:09:10-04:00
12117500,1995-11-24,1410,A,39.926753694719999,3449.671519223808,2026-08-20T00:09:10-04:00
12117500,1995-11-25,1570,A,44.457449149440002,3841.1236065116163,2026-08-20T00:09:10-04:00
12117500,1995-11-26,1500,A,42.475269888,3669.8633183232,2026-08-20T00:09:10-04:00
12117500,1995-11-27,1650,A,46.722796876800004,4036.8496501555201,2026-08-20T00:09:10-04:00
12117500,1995-11-28,3080,A,87.215887503360008,7535.4526802903047,2026-08-20T00:09:10-04:00
12117500,1995-11-29,5590,A,158.29117244928,13676.357299617792,2026-08-20T00:09:10-04:00
12117500,1995-11-30,6250,A,176.98029120000001,15291.097159680001,2026-08-20T00:09:10-04:00
12117500,1995-12-01,6110,A,173.01593267711999,14948.576583303169,2026-08-20T00:09:10-04:00
12117500,1995-12-02,5820,A,164.80404716544001,14239.069675094017,2026-08-20T00:09:10-04:00
12117500,1995-12-03,5190,A,146.96443381248,12697.727081398272,2026-08-20T00:09:10-04:00
12117500,1995-12-04,3540,A,100.24163693568001,8660.8774312427522,2026-08-20T00:09:10-04:00
12117500,1995-12-05,2390,A,67.677263354879997,5847.315553861632,2026-08-20T00:09:10-04:00
12117500,1995-12-06,1350,A,38.227742899200003,3302.87698649088,2026-08-20T00:09:10-04:00
12117500,1995-12-07,1090,A,30.865362785280002,2666.7673446481922,2026-08-20T00:09:10-04:00
12117500,1995-12-08,1160,A,32.847542046720001,2838.0276328366081,2026-08-20T00:09:10-04:00
12117500,1995-12-09,1250,A,35.396058240000002,3058.2194319360001,2026-08-20T00:09:10-04:00
12117500,1995-12-10,1240,A,35.112889774080003,3033.7536764805122,2026-08-20T00:09:10-04:00
12117500,1995-12-11,1360,A,38.510911365120002,3327.3427419463683,2026-08-20T00:09:10-04:00
12117500,1995-12-12,1620,A,45.873291479039999,3963.4523837890561,2026-08-20T00:09:10-04:00
12117500,1995-12-13,1650,A,46.722796876800004,4036.8496501555201,2026-08-20T00:09:10-04:00
12117500,1995-12-14,1660,A,47.005965342720003,4061.3154056110079,2026-08-20T00:09:10-04:00
12117500,1995-12-15,1630,A,46.156459944959998,3987.9181392445439,2026-08-20T00:09:10-04:00
12117500,1995-12-16,1580,A,44.740617615360001,3865.5893619671042,2026-08-20T00:09:10-04:00
12117500,1995-12-17,1530,A,43.324775285759998,3743.260584689664,2026-08-20T00:09:10-04:00
12117500,1995-12-18,1500,A,42.475269888,3669.8633183232,2026-08-20T00:09:10-04:00
12117500,1995-12-19,1470,A,41.625764490240002,3596.466051956736,2026-08-20T00:09:10-04:00
12117500,1995-12-20,1430,A,40.493090626560004,3498.6030301347841,2026-08-20T00:09:10-04:00
12117500,1995-12-21,1420,A,40.209922160639998,3474.1372746792963,2026-08-20T00:09:10-04:00
12117500,1995-12-22,1430,A,40.493090626560004,3498.6030301347841,2026-08-20T00:09:10-04:00
12117500,1995-12-23,1410,A,39.926753694719999,3449.671519223808,2026-08-20T00:09:10-04:00
12117500,1995-12-24,1130,A,31.998036648959999,2764.6303664701441,2026-08-20T00:09:10-04:00
12117500,1995-12-25,806,A,22.823378353152002,1971.9398897123328,2026-08-20T00:09:10-04:00
12117500,1995-12-26,728,A,20.614664318976001,1781.1069971595264,2026-08-20T00:09:10-04:00
12117500,1995-12-27,571,A,16.168919404032,1396.9946365083649,2026-08-20T00:09:10-04:00
12117500,1995-12-28,530,A,15.00792869376,1296.6850391408641,2026-08-20T00:09:10-04:00
12117500,1995-12-29,581,A,16.452087869951999,1421.4603919638528,2026-08-20T00:09:10-04:00
12117500,1995-12-30,623,A,17.641395426816,1524.2165648769023,2026-08-20T00:09:10-04:00
12117500,1995-12-31,809,A,22.908328892928001,1979.2796163489793,2026-08-20T00:09:10-04:00
12117500,1996-01-01,945,A,26.759420029440001,2312.0138905436161,2026-08-20T00:09:10-04:00
12117500,1996-01-02,1110,A,31.431699717120001,2715.6988555591679,2026-08-20T00:09:10-04:00
12117500,1996-01-03,1480,A,41.908932956160001,3620.9318074122243,2026-08-20T00:09:10-04:00
12117500,1996-01-04,1790,A,50.687155399680002,4379.3702265323518,2026-08-20T00:09:10-04:00
12117500,1996-01-05,1820,A,51.53666079744,4452.7674928988163,2026-08-20T00:09:10-04:00
12117500,1996-01-06,1830,A,51.819829263359999,4477.2332483543041,2026-08-20T00:09:10-04:00
12117500,1996-01-07,2210,A,62.580230968320002,5406.9319556628479,2026-08-20T00:09:10-04:00
12117500,1996-01-08,2100,A,59.465377843200002,5137.8086456524798,2026-08-20T00:09:10-04:00
12117500,1996-01-09,2000,A,56.633693184000002,4893.1510910976003,2026-08-20T00:09:10-04:00
12117500,1996-01-10,1900,A,53.802008524800002,4648.49353654272,2026-08-20T00:09:10-04:00
12117500,1996-01-11,1840,A,52.102997729279998,4501.699003809792,2026-08-20T00:09:10-04:00
12117500,1996-01-12,1810,A,51.25349233152,4428.3017374433284,2026-08-20T00:09:10-04:00
12117500,1996-01-13,1800,A,50.970323865600001,4403.8359819878406,2026-08-20T00:09:10-04:00
12117500,1996-01-14,1920,A,54.36834545664,4697.4250474536966,2026-08-20T00:09:10-04:00
12117500,1996-01-15,1920,A,54.36834545664,4697.4250474536966,2026-08-20T00:09:10-04:00
12117500,1996-01-16,1840,A,52.102997729279998,4501.699003809792,2026-08-20T00:09:10-04:00
12117500,1996-01-17,1640,A,46.439628410880005,4012.3838947000322,2026-08-20T00:09:10-04:00
12117500,1996-01-18,1620,A,45.873291479039999,3963.4523837890561,2026-08-20T00:09:10-04:00
12117500,1996-01-19,1860,A,52.669334661120004,4550.6305147207686,2026-08-20T00:09:10-04:00
12117500,1996-01-20,1870,A,52.952503127040004,4575.0962701762564,2026-08-20T00:09:10-04:00
12117500,1996-01-21,1880,A,53.235671592960003,4599.5620256317443,2026-08-20T00:09:10-04:00
12117500,1996-01-22,1740,A,49.271313070079998,4257.0414492549125,2026-08-20T00:09:10-04:00
12117500,1996-01-23,1420,A,40.209922160639998,3474.1372746792963,2026-08-20T00:09:10-04:00
12117500,1996-01-24,902,A,25.541795625984001,2206.8111420850178,2026-08-20T00:09:10-04:00
12117500,1996-01-25,860,A,24.35248806912,2104.054969171968,2026-08-20T00:09:10-04:00
12117500,1996-01-26,1010,A,28.60001505792,2471.041301004288,2026-08-20T00:09:10-04:00
12117500,1996-01-27,1200,A,33.980215910399998,2935.8906546585599,2026-08-20T00:09:10-04:00
12117500,1996-01-28,1190,A,33.697047444479999,2911.4248992030721,2026-08-20T00:09:10-04:00
12117500,1996-01-29,1060,A,30.015857387520001,2593.3700782817282,2026-08-20T00:09:10-04:00
12117500,1996-01-30,820,A,23.219814205440002,2006.1919473500161,2026-08-20T00:09:10-04:00
12117500,1996-01-31,751,A,21.265951790592002,1837.3782347071487,2026-08-20T00:09:10-04:00
12117500,1996-02-01,628,A,17.782979659776,1536.4494426046465,2026-08-20T00:09:10-04:00
12117500,1996-02-02,538,A,15.234463466496001,1316.2576435052545,2026-08-20T00:09:10-04:00
12117500,1996-02-03,534,A,15.121196080128,1306.4713413230593,2026-08-20T00:09:10-04:00
12117500,1996-02-04,517,A,14.639809688064,1264.8795570487296,2026-08-20T00:09:10-04:00
12117500,1996-02-05,599,A,16.961791108608001,1465.4987517837312,2026-08-20T00:09:10-04:00
12117500,1996-02-06,1640,A,46.439628410880005,4012.3838947000322,2026-08-20T00:09:10-04:00
12117500,1996-02-07,2240,A,63.42973636608,5480.3292220293124,2026-08-20T00:09:10-04:00
12117500,1996-02-08,4240,A,120.06342955008,10373.480313126913,2026-08-20T00:09:10-04:00
12117500,1996-02-09,5470,A,154.89315085824001,13382.768234151936,2026-08-20T00:09:10-04:00
12117500,1996-02-10,5510,A,156.02582472192,13480.631255973889,2026-08-20T00:09:10-04:00
12117500,1996-02-11,4570,A,129.40798892544001,11180.850243158016,2026-08-20T00:09:10-04:00
12117500,1996-02-12,2990,A,84.66737131008,7315.2608811909122,2026-08-20T00:09:10-04:00
12117500,1996-02-13,2480,A,70.225779548160006,6067.5073529610245,2026-08-20T00:09:10-04:00
12117500,1996-02-14,1500,A,42.475269888,3669.8633183232,2026-08-20T00:09:10-04:00
12117500,1996-02-15,1910,A,54.085176990720001,4672.9592919982078,2026-08-20T00:09:10-04:00
12117500,1996-02-16,907,A,25.683379858944001,2219.0440198127617,2026-08-20T00:09:10-04:00
12117500,1996-02-17,1010,A,28.60001505792,2471.041301004288,2026-08-20T00:09:10-04:00
12117500,1996-02-18,1600,A,45.3069545472,3914.5208728780799,2026-08-20T00:09:10-04:00
12117500,1996-02-19,2020,A,57.200030115840001,4942.082602008576,2026-08-20T00:09:10-04:00
12117500,1996-02-20,2090,A,59.182209377280003,5113.3428901969919,2026-08-20T00:09:10-04:00
12117500,1996-02-21,2130,A,60.31488324096,5211.2059120189442,2026-08-20T00:09:10-04:00
12117500,1996-02-22,1880,A,53.235671592960003,4599.5620256317443,2026-08-20T00:09:10-04:00
12117500,1996-02-23,988,A,27.977044432896001,2417.2166390022144,2026-08-20T00:09:10-04:00
12117500,1996-02-24,1030,A,29.166351989760003,2519.9728119152642,2026-08-20T00:09:10-04:00
12117500,1996-02-25,1130,A,31.998036648959999,2764.6303664701441,2026-08-20T00:09:10-04:00
12117500,1996-02-26,1190,A,33.697047444479999,2911.4248992030721,2026-08-20T00:09:10-04:00
12117500,1996-02-27,1220,A,34.546552842240004,2984.8221655695361,2026-08-20T00:09:10-04:00
12117500,1996-02-28,1180,A,33.41387897856,2886.9591437475842,2026-08-20T00:09:10-04:00
12117500,1996-02-29,1010,A,28.60001505792,2471.041301004288,2026-08-20T00:09:10-04:00
12117500,1996-03-01,804,A,22.766744659968001,1967.0467386212354,2026-08-20T00:09:10-04:00
12117500,1996-03-02,680,A,19.255455682560001,1663.6713709731841,2026-08-20T00:09:10-04:00
12117500,1996-03-03,702,A,19.878426307584,1717.4960329752575,2026-08-20T00:09:10-04:00
12117500,1996-03-04,685,A,19.397039915520001,1675.9042487009281,2026-08-20T00:09:10-04:00
12117500,1996-03-05,654,A,18.519217671168001,1600.0604067889153,2026-08-20T00:09:10-04:00
12117500,1996-03-06,654,A,18.519217671168001,1600.0604067889153,2026-08-20T00:09:10-04:00
12117500,1996-03-07,719,A,20.359812699648,1759.0878172495873,2026-08-20T00:09:10-04:00
12117500,1996-03-08,685,A,19.397039915520001,1675.9042487009281,2026-08-20T00:09:10-04:00
12117500,1996-03-09,651,A,18.434267131392001,1592.7206801522689,2026-08-20T00:09:10-04:00
12117500,1996-03-10,719,A,20.359812699648,1759.0878172495873,2026-08-20T00:09:10-04:00
12117500,1996-03-11,769,A,21.775655029248,1881.4165945270272,2026-08-20T00:09:10-04:00
12117500,1996-03-12,660,A,18.689118750720002,1614.739860062208,2026-08-20T00:09:10-04:00
12117500,1996-03-13,578,A,16.367137330176,1414.1206653272066,2026-08-20T00:09:10-04:00
12117500,1996-03-14,555,A,15.71584985856,1357.8494277795839,2026-08-20T00:09:10-04:00
12117500,1996-03-15,493,A,13.960205369856,1206.1617439555584,2026-08-20T00:09:10-04:00
12117500,1996-03-16,471,A,13.337234744832001,1152.3370819534848,2026-08-20T00:09:10-04:00
12117500,1996-03-17,464,A,13.139016818688001,1135.2110531346432,2026-08-20T00:09:10-04:00
12117500,1996-03-18,447,A,12.657630426624001,1093.6192688603137,2026-08-20T00:09:10-04:00
12117500,1996-03-19,446,A,12.629313580032001,1091.1726933147647,2026-08-20T00:09:10-04:00
12117500,1996-03-20,445,A,12.600996733440001,1088.726117769216,2026-08-20T00:09:10-04:00
12117500,1996-03-21,437,A,12.374461960704,1069.1535134048256,2026-08-20T00:09:10-04:00
12117500,1996-03-22,453,A,12.827531506176001,1108.2987221336064,2026-08-20T00:09:10-04:00
12117500,1996-03-23,441,A,12.487729347072001,1078.9398155870208,2026-08-20T00:09:10-04:00
12117500,1996-03-24,432,A,12.232877727744,1056.9206356770817,2026-08-20T00:09:10-04:00
12117500,1996-03-25,424,A,12.006342955008,1037.3480313126913,2026-08-20T00:09:10-04:00
12117500,1996-03-26,420,A,11.89307556864,1027.5617291304961,2026-08-20T00:09:10-04:00
12117500,1996-03-27,416,A,11.779808182272001,1017.7754269483008,2026-08-20T00:09:10-04:00
12117500,1996-03-28,409,A,11.581590256128001,1000.6493981294592,2026-08-20T00:09:10-04:00
12117500,1996-03-29,410,A,11.609907102720001,1003.0959736750081,2026-08-20T00:09:10-04:00
12117500,1996-03-30,407,A,11.524956562944,995.75624703836161,2026-08-20T00:09:10-04:00
12117500,1996-03-31,404,A,11.440006023168001,988.41652040171527,2026-08-20T00:09:10-04:00
12117500,1996-04-01,443,A,12.544363040256,1083.8329666781185,2026-08-20T00:09:10-04:00
12117500,1996-04-02,465,A,13.167333665280001,1137.6576286801921,2026-08-20T00:09:10-04:00
12117500,1996-04-03,436,A,12.346145114112,1066.7069378592769,2026-08-20T00:09:10-04:00
12117500,1996-04-04,426,A,12.062976648192,1042.2411824037888,2026-08-20T00:09:10-04:00
12117500,1996-04-05,419,A,11.864758722048,1025.1151535849472,2026-08-20T00:09:10-04:00
12117500,1996-04-06,424,A,12.006342955008,1037.3480313126913,2026-08-20T00:09:10-04:00
12117500,1996-04-07,429,A,12.147927187968,1049.5809090404352,2026-08-20T00:09:10-04:00
12117500,1996-04-08,414,A,11.723174489088001,1012.8822758572032,2026-08-20T00:09:10-04:00
12117500,1996-04-09,412,A,11.666540795904,1007.9891247661056,2026-08-20T00:09:10-04:00
12117500,1996-04-10,433,A,12.261194574336001,1059.3672112226304,2026-08-20T00:09:10-04:00
12117500,1996-04-11,473,A,13.393868438016,1157.2302330445825,2026-08-20T00:09:10-04:00
12117500,1996-04-12,529,A,14.979611847168,1294.2384635953154,2026-08-20T00:09:10-04:00
12117500,1996-04-13,656,A,18.575851364352001,1604.9535578800128,2026-08-20T00:09:10-04:00
12117500,1996-04-14,641,A,18.151098665472002,1568.2549246967808,2026-08-20T00:09:10-04:00
12117500,1996-04-15,610,A,17.273276421120002,1492.411082784768,2026-08-20T00:09:10-04:00
12117500,1996-04-16,630,A,17.839613352960001,1541.342593695744,2026-08-20T00:09:10-04:00
12117500,1996-04-17,599,A,16.961791108608001,1465.4987517837312,2026-08-20T00:09:10-04:00
12117500,1996-04-18,589,A,16.678622642688001,1441.0329963282431,2026-08-20T00:09:10-04:00
12117500,1996-04-19,593,A,16.791890029055999,1450.8192985104386,2026-08-20T00:09:10-04:00
12117500,1996-04-20,581,A,16.452087869951999,1421.4603919638528,2026-08-20T00:09:10-04:00
12117500,1996-04-21,569,A,16.112285710847999,1392.1014854172672,2026-08-20T00:09:10-04:00
12117500,1996-04-22,885,A,25.060409233920002,2165.2193578106881,2026-08-20T00:09:10-04:00
12117500,1996-04-23,1700,A,48.138639206400001,4159.1784274329602,2026-08-20T00:09:10-04:00
12117500,1996-04-24,1640,A,46.439628410880005,4012.3838947000322,2026-08-20T00:09:10-04:00
12117500,1996-04-25,1600,A,45.3069545472,3914.5208728780799,2026-08-20T00:09:10-04:00
12117500,1996-04-26,1660,A,47.005965342720003,4061.3154056110079,2026-08-20T00:09:10-04:00
12117500,1996-04-27,1810,A,51.25349233152,4428.3017374433284,2026-08-20T00:09:10-04:00
12117500,1996-04-28,1350,A,38.227742899200003,3302.87698649088,2026-08-20T00:09:10-04:00
12117500,1996-04-29,612,A,17.329910114303999,1497.3042338758657,2026-08-20T00:09:10-04:00
12117500,1996-04-30,563,A,15.942384631296001,1377.4220321439745,2026-08-20T00:09:10-04:00
12117500,1996-05-01,670,A,18.972287216640002,1639.2056155176961,2026-08-20T00:09:10-04:00
12117500,1996-05-02,789,A,22.341991961088002,1930.3481054380034,2026-08-20T00:09:10-04:00
12117500,1996-05-03,801,A,22.681794120192002,1959.7070119845889,2026-08-20T00:09:10-04:00
12117500,1996-05-04,755,A,21.37921917696,1847.1645368893442,2026-08-20T00:09:10-04:00
12117500,1996-05-05,653,A,18.490900824576002,1597.6138312433663,2026-08-20T00:09:10-04:00
12117500,1996-05-06,600,A,16.990107955199999,1467.94532732928,2026-08-20T00:09:10-04:00
12117500,1996-05-07,558,A,15.800800398336001,1365.1891544162304,2026-08-20T00:09:10-04:00
12117500,1996-05-08,481,A,13.620403210752,1176.8028374089729,2026-08-20T00:09:10-04:00
12117500,1996-05-09,456,A,12.912482045952,1115.6384487702528,2026-08-20T00:09:10-04:00
12117500,1996-05-10,440,A,12.459412500480001,1076.4932400414721,2026-08-20T00:09:10-04:00
12117500,1996-05-11,439,A,12.431095653888001,1074.0466644959233,2026-08-20T00:09:10-04:00
12117500,1996-05-12,436,A,12.346145114112,1066.7069378592769,2026-08-20T00:09:10-04:00
12117500,1996-05-13,527,A,14.922978153984001,1289.3453125042176,2026-08-20T00:09:10-04:00
12117500,1996-05-14,645,A,18.26436605184,1578.041226878976,2026-08-20T00:09:10-04:00
12117500,1996-05-15,779,A,22.058823495167999,1905.8823499825153,2026-08-20T00:09:10-04:00
12117500,1996-05-16,775,A,21.945556108800002,1896.0960478003201,2026-08-20T00:09:10-04:00
12117500,1996-05-17,774,A,21.917239262208,1893.6494722547714,2026-08-20T00:09:10-04:00
12117500,1996-05-18,780,A,22.087140341760001,1908.328925528064,2026-08-20T00:09:10-04:00
12117500,1996-05-19,819,A,23.191497358848,2003.7453718044674,2026-08-20T00:09:10-04:00
12117500,1996-05-20,864,A,24.465755455488001,2113.8412713541634,2026-08-20T00:09:10-04:00
12117500,1996-05-21,772,A,21.860605569023999,1888.7563211636736,2026-08-20T00:09:10-04:00
12117500,1996-05-22,736,A,20.841199091711999,1800.679601523917,2026-08-20T00:09:10-04:00
12117500,1996-05-23,983,A,27.835460199936001,2404.9837612744705,2026-08-20T00:09:10-04:00
12117500,1996-05-24,1170,A,33.13071051264,2862.4933882920959,2026-08-20T00:09:10-04:00
12117500,1996-05-25,974,A,27.580608580608001,2382.9645813645311,2026-08-20T00:09:10-04:00
12117500,1996-05-26,816,A,23.106546819072001,1996.4056451678209,2026-08-20T00:09:10-04:00
12117500,1996-05-27,792,A,22.426942500864001,1937.6878320746496,2026-08-20T00:09:10-04:00
12117500,1996-05-28,778,A,22.030506648576001,1903.4357744369665,2026-08-20T00:09:10-04:00
12117500,1996-05-29,759,A,21.492486563328001,1856.9508390715393,2026-08-20T00:09:10-04:00
12117500,1996-05-30,782,A,22.143774034944002,1913.2220766191617,2026-08-20T00:09:10-04:00
12117500,1996-05-31,711,A,20.133277926912001,1739.5152128851969,2026-08-20T00:09:10-04:00
12117500,1996-06-01,556,A,15.744166705152001,1360.2960033251329,2026-08-20T00:09:10-04:00
12117500,1996-06-02,543,A,15.376047699456,1328.4905212329984,2026-08-20T00:09:10-04:00
12117500,1996-06-03,533,A,15.092879233536001,1304.0247657775105,2026-08-20T00:09:10-04:00
12117500,1996-06-04,560,A,15.85743409152,1370.0823055073281,2026-08-20T00:09:10-04:00
12117500,1996-06-05,615,A,17.414860654080002,1504.643960512512,2026-08-20T00:09:10-04:00
12117500,1996-06-06,581,A,16.452087869951999,1421.4603919638528,2026-08-20T00:09:10-04:00
12117500,1996-06-07,495,A,14.016839063040001,1211.0548950466559,2026-08-20T00:09:10-04:00
12117500,1996-06-08,459,A,12.997432585728001,1122.9781754068993,2026-08-20T00:09:10-04:00
12117500,1996-06-09,451,A,12.770897812992001,1103.4055710425089,2026-08-20T00:09:10-04:00
12117500,1996-06-10,455,A,12.88416519936,1113.1918732247041,2026-08-20T00:09:10-04:00
12117500,1996-06-11,469,A,13.280601051648,1147.4439308623873,2026-08-20T00:09:10-04:00
12117500,1996-06-12,465,A,13.167333665280001,1137.6576286801921,2026-08-20T00:09:10-04:00
12117500,1996-06-13,473,A,13.393868438016,1157.2302330445825,2026-08-20T00:09:10-04:00
12117500,1996-06-14,485,A,13.73367059712,1186.5891395911681,2026-08-20T00:09:10-04:00
12117500,1996-06-15,471,A,13.337234744832001,1152.3370819534848,2026-08-20T00:09:10-04:00
12117500,1996-06-16,470,A,13.308917898240001,1149.8905064079361,2026-08-20T00:09:10-04:00
12117500,1996-06-17,472,A,13.365551591424,1154.7836574990336,2026-08-20T00:09:10-04:00
12117500,1996-06-18,496,A,14.045155909632001,1213.5014705922049,2026-08-20T00:09:10-04:00
12117500,1996-06-19,522,A,14.781393921024,1277.1124347764737,2026-08-20T00:09:10-04:00
12117500,1996-06-20,518,A,14.668126534656,1267.3261325942785,2026-08-20T00:09:10-04:00
12117500,1996-06-21,517,A,14.639809688064,1264.8795570487296,2026-08-20T00:09:10-04:00
12117500,1996-06-22,510,A,14.44159176192,1247.7535282298879,2026-08-20T00:09:10-04:00
12117500,1996-06-23,524,A,14.838027614208,1282.0055858675712,2026-08-20T00:09:10-04:00
12117500,1996-06-24,515,A,14.583175994880001,1259.9864059576321,2026-08-20T00:09:10-04:00
12117500,1996-06-25,484,A,13.705353750528001,1184.1425640456193,2026-08-20T00:09:10-04:00
12117500,1996-06-26,478,A,13.535452670976001,1169.4631107723264,2026-08-20T00:09:10-04:00
12117500,1996-06-27,487,A,13.790304290304,1191.4822906822656,2026-08-20T00:09:10-04:00
12117500,1996-06-28,473,A,13.393868438016,1157.2302330445825,2026-08-20T00:09:10-04:00
12117500,1996-06-29,443,A,12.544363040256,1083.8329666781185,2026-08-20T00:09:10-04:00
12117500,1996-06-30,423,A,11.978026108416,1034.9014557671424,2026-08-20T00:09:10-04:00
12117500,1996-07-01,412,A,11.666540795904,1007.9891247661056,2026-08-20T00:09:10-04:00
12117500,1996-07-02,404,A,11.440006023168001,988.41652040171527,2026-08-20T00:09:10-04:00
12117500,1996-07-03,406,A,11.496639716352,993.30967149281287,2026-08-20T00:09:10-04:00
12117500,1996-07-04,413,A,11.694857642496,1010.4357003116544,2026-08-20T00:09:10-04:00
12117500,1996-07-05,371,A,10.505550085632001,907.67952739860482,2026-08-20T00:09:10-04:00
12117500,1996-07-06,363,A,10.279015312896,888.10692303421445,2026-08-20T00:09:10-04:00
12117500,1996-07-07,359,A,10.165747926528001,878.32062085201926,2026-08-20T00:09:10-04:00
12117500,1996-07-08,361,A,10.222381619711999,883.21377194311685,2026-08-20T00:09:10-04:00
12117500,1996-07-09,372,A,10.533866932224001,910.12610294415367,2026-08-20T00:09:10-04:00
12117500,1996-07-10,372,A,10.533866932224001,910.12610294415367,2026-08-20T00:09:10-04:00
12117500,1996-07-11,400,A,11.3267386368,978.63021821951997,2026-08-20T00:09:10-04:00
12117500,1996-07-12,383,A,10.845352244736,937.03843394519038,2026-08-20T00:09:10-04:00
12117500,1996-07-13,395,A,11.18515440384,966.39734049177605,2026-08-20T00:09:10-04:00
12117500,1996-07-14,414,A,11.723174489088001,1012.8822758572032,2026-08-20T00:09:10-04:00
12117500,1996-07-15,414,A,11.723174489088001,1012.8822758572032,2026-08-20T00:09:10-04:00
12117500,1996-07-16,414,A,11.723174489088001,1012.8822758572032,2026-08-20T00:09:10-04:00
12117500,1996-07-17,404,A,11.440006023168001,988.41652040171527,2026-08-20T00:09:10-04:00
12117500,1996-07-18,416,A,11.779808182272001,1017.7754269483008,2026-08-20T00:09:10-04:00
12117500,1996-07-19,427,A,12.091293494784001,1044.6877579493375,2026-08-20T00:09:10-04:00
12117500,1996-07-20,420,A,11.89307556864,1027.5617291304961,2026-08-20T00:09:10-04:00
12117500,1996-07-21,408,A,11.553273409536001,998.20282258391046,2026-08-20T00:09:10-04:00
12117500,1996-07-22,386,A,10.930302784512,944.37816058183682,2026-08-20T00:09:10-04:00
12117500,1996-07-23,350,A,9.9108963071999998,856.30144094208003,2026-08-20T00:09:10-04:00
12117500,1996-07-24,358,A,10.137431079936,875.87404530647041,2026-08-20T00:09:10-04:00
12117500,1996-07-25,358,A,10.137431079936,875.87404530647041,2026-08-20T00:09:10-04:00
12117500,1996-07-26,362,A,10.250698466304,885.66034748866559,2026-08-20T00:09:10-04:00
12117500,1996-07-27,371,A,10.505550085632001,907.67952739860482,2026-08-20T00:09:10-04:00
12117500,1996-07-28,370,A,10.47723323904,905.23295185305608,2026-08-20T00:09:10-04:00
12117500,1996-07-29,367,A,10.392282699264001,897.89322521640963,2026-08-20T00:09:10-04:00
12117500,1996-07-30,367,A,10.392282699264001,897.89322521640963,2026-08-20T00:09:10-04:00
12117500,1996-07-31,360,A,10.194064773120001,880.767196397568,2026-08-20T00:09:10-04:00
12117500,1996-08-01,328,A,9.2879256821760006,802.4767789400064,2026-08-20T00:09:10-04:00
12117500,1996-08-02,338,A,9.5710941480959999,826.94253439549448,2026-08-20T00:09:10-04:00
12117500,1996-08-03,331,A,9.3728762219519997,809.81650557665284,2026-08-20T00:09:10-04:00
12117500,1996-08-04,315,A,8.9198066764800004,770.67129684787199,2026-08-20T00:09:10-04:00
12117500,1996-08-05,319,A,9.0330740628479997,780.45759903006717,2026-08-20T00:09:10-04:00
12117500,1996-08-06,305,A,8.636638210560001,746.20554139238402,2026-08-20T00:09:10-04:00
12117500,1996-08-07,298,A,8.4384202844160008,729.07951257354239,2026-08-20T00:09:10-04:00
12117500,1996-08-08,302,A,8.5516876707840002,738.86581475573757,2026-08-20T00:09:10-04:00
12117500,1996-08-09,293,A,8.2968360514560011,716.84663484579846,2026-08-20T00:09:10-04:00
12117500,1996-08-10,287,A,8.1269349719039994,702.16718157250557,2026-08-20T00:09:10-04:00
12117500,1996-08-11,284,A,8.0419844321280003,694.82745493585924,2026-08-20T00:09:10-04:00
12117500,1996-08-12,281,A,7.9570338923520003,687.48772829921279,2026-08-20T00:09:10-04:00
12117500,1996-08-13,281,A,7.9570338923520003,687.48772829921279,2026-08-20T00:09:10-04:00
12117500,1996-08-14,280,A,7.92871704576,685.04115275366405,2026-08-20T00:09:10-04:00
12117500,1996-08-15,287,A,8.1269349719039994,702.16718157250557,2026-08-20T00:09:10-04:00
12117500,1996-08-16,317,A,8.9764403696640009,775.56444793896958,2026-08-20T00:09:10-04:00
12117500,1996-08-17,317,A,8.9764403696640009,775.56444793896958,2026-08-20T00:09:10-04:00
12117500,1996-08-18,317,A,8.9764403696640009,775.56444793896958,2026-08-20T00:09:10-04:00
12117500,1996-08-19,317,A,8.9764403696640009,775.56444793896958,2026-08-20T00:09:10-04:00
12117500,1996-08-20,313,A,8.8631729832959998,765.77814575677439,2026-08-20T00:09:10-04:00
12117500,1996-08-21,282,A,7.9853507389440006,689.93430384476164,2026-08-20T00:09:10-04:00
12117500,1996-08-22,331,A,9.3728762219519997,809.81650557665284,2026-08-20T00:09:10-04:00
12117500,1996-08-23,331,A,9.3728762219519997,809.81650557665284,2026-08-20T00:09:10-04:00
12117500,1996-08-24,328,A,9.2879256821760006,802.4767789400064,2026-08-20T00:09:10-04:00
12117500,1996-08-25,326,A,9.231291988992,797.5836278489088,2026-08-20T00:09:10-04:00
12117500,1996-08-26,324,A,9.1746582958079994,792.69047675781121,2026-08-20T00:09:10-04:00
12117500,1996-08-27,324,A,9.1746582958079994,792.69047675781121,2026-08-20T00:09:10-04:00
12117500,1996-08-28,323,A,9.1463414492160009,790.24390121226247,2026-08-20T00:09:10-04:00
12117500,1996-08-29,316,A,8.9481235230720007,773.11787239342084,2026-08-20T00:09:10-04:00
12117500,1996-08-30,292,A,8.2685192048640008,714.40005930024961,2026-08-20T00:09:10-04:00
12117500,1996-08-31,300,A,8.4950539775999996,733.97266366463998,2026-08-20T00:09:10-04:00
12117500,1996-09-01,297,A,8.4101034378240005,726.63293702799365,2026-08-20T00:09:10-04:00
12117500,1996-09-02,295,A,8.3534697446399999,721.73978593689606,2026-08-20T00:09:10-04:00
12117500,1996-09-03,296,A,8.3817865912320002,724.1863614824448,2026-08-20T00:09:10-04:00
12117500,1996-09-04,295,A,8.3534697446399999,721.73978593689606,2026-08-20T00:09:10-04:00
12117500,1996-09-05,302,A,8.5516876707840002,738.86581475573757,2026-08-20T00:09:10-04:00
12117500,1996-09-06,300,A,8.4950539775999996,733.97266366463998,2026-08-20T00:09:10-04:00
12117500,1996-09-07,294,A,8.3251528980479996,719.2932103913472,2026-08-20T00:09:10-04:00
12117500,1996-09-08,295,A,8.3534697446399999,721.73978593689606,2026-08-20T00:09:10-04:00
12117500,1996-09-09,289,A,8.183568665088,707.06033266360328,2026-08-20T00:09:10-04:00
12117500,1996-09-10,273,A,7.7304991196159998,667.91512393482242,2026-08-20T00:09:10-04:00
12117500,1996-09-11,266,A,7.5322811934720004,650.78909511598079,2026-08-20T00:09:10-04:00
12117500,1996-09-12,263,A,7.4473306536960004,643.44936847933445,2026-08-20T00:09:10-04:00
12117500,1996-09-13,273,A,7.7304991196159998,667.91512393482242,2026-08-20T00:09:10-04:00
12117500,1996-09-14,275,A,7.7871328128000004,672.80827502592001,2026-08-20T00:09:10-04:00
12117500,1996-09-15,289,A,8.183568665088,707.06033266360328,2026-08-20T00:09:10-04:00
12117500,1996-09-16,278,A,7.8720833525760003,680.14800166256646,2026-08-20T00:09:10-04:00
12117500,1996-09-17,318,A,9.0047572162559995,778.01102348451843,2026-08-20T00:09:10-04:00
12117500,1996-09-18,296,A,8.3817865912320002,724.1863614824448,2026-08-20T00:09:10-04:00
12117500,1996-09-19,307,A,8.6932719037439998,751.09869248348161,2026-08-20T00:09:10-04:00
12117500,1996-09-20,313,A,8.8631729832959998,765.77814575677439,2026-08-20T00:09:10-04:00
12117500,1996-09-21,300,A,8.4950539775999996,733.97266366463998,2026-08-20T00:09:10-04:00
12117500,1996-09-22,319,A,9.0330740628479997,780.45759903006717,2026-08-20T00:09:10-04:00
12117500,1996-09-23,300,A,8.4950539775999996,733.97266366463998,2026-08-20T00:09:10-04:00
12117500,1996-09-24,287,A,8.1269349719039994,702.16718157250557,2026-08-20T00:09:10-04:00
12117500,1996-09-25,280,A,7.92871704576,685.04115275366405,2026-08-20T00:09:10-04:00
12117500,1996-09-26,280,A,7.92871704576,685.04115275366405,2026-08-20T00:09:10-04:00
12117500,1996-09-27,307,A,8.6932719037439998,751.09869248348161,2026-08-20T00:09:10-04:00
12117500,1996-09-28,306,A,8.6649550571519995,748.65211693793287,2026-08-20T00:09:10-04:00
12117500,1996-09-29,321,A,9.0897077560320003,785.35075012116488,2026-08-20T00:09:10-04:00
12117500,1996-09-30,362,A,10.250698466304,885.66034748866559,2026-08-20T00:09:10-04:00
12117500,1996-10-01,323,A,9.1463414492160009,790.24390121226247,2026-08-20T00:09:10-04:00
12117500,1996-10-02,327,A,9.2596088355840003,800.03020339445766,2026-08-20T00:09:10-04:00
12117500,1996-10-03,350,A,9.9108963071999998,856.30144094208003,2026-08-20T00:09:10-04:00
12117500,1996-10-04,392,A,11.100203864064,959.0576138551296,2026-08-20T00:09:10-04:00
12117500,1996-10-05,419,A,11.864758722048,1025.1151535849472,2026-08-20T00:09:10-04:00
12117500,1996-10-06,392,A,11.100203864064,959.0576138551296,2026-08-20T00:09:10-04:00
12117500,1996-10-07,405,A,11.46832286976,990.86309594726401,2026-08-20T00:09:10-04:00
12117500,1996-10-08,405,A,11.46832286976,990.86309594726401,2026-08-20T00:09:10-04:00
12117500,1996-10-09,405,A,11.46832286976,990.86309594726401,2026-08-20T00:09:10-04:00
12117500,1996-10-10,396,A,11.213471250432001,968.84391603732479,2026-08-20T00:09:10-04:00
12117500,1996-10-11,360,A,10.194064773120001,880.767196397568,2026-08-20T00:09:10-04:00
12117500,1996-10-12,363,A,10.279015312896,888.10692303421445,2026-08-20T00:09:10-04:00
12117500,1996-10-13,388,A,10.986936477696,949.27131167293442,2026-08-20T00:09:10-04:00
12117500,1996-10-14,399,A,11.298421790208,976.18364267397124,2026-08-20T00:09:10-04:00
12117500,1996-10-15,383,A,10.845352244736,937.03843394519038,2026-08-20T00:09:10-04:00
12117500,1996-10-16,368,A,10.420599545856,900.33980076195849,2026-08-20T00:09:10-04:00
12117500,1996-10-17,365,A,10.335649006080001,893.00007412531204,2026-08-20T00:09:10-04:00
12117500,1996-10-18,492,A,13.931888523264,1203.7151684100097,2026-08-20T00:09:10-04:00
12117500,1996-10-19,426,A,12.062976648192,1042.2411824037888,2026-08-20T00:09:10-04:00
12117500,1996-10-20,396,A,11.213471250432001,968.84391603732479,2026-08-20T00:09:10-04:00
12117500,1996-10-21,386,A,10.930302784512,944.37816058183682,2026-08-20T00:09:10-04:00
12117500,1996-10-22,468,A,13.252284205056,1144.9973553168384,2026-08-20T00:09:10-04:00
12117500,1996-10-23,511,A,14.469908608512,1250.2001037754369,2026-08-20T00:09:10-04:00
12117500,1996-10-24,638,A,18.066148125695999,1560.9151980601343,2026-08-20T00:09:10-04:00
12117500,1996-10-25,833,A,23.587933211136001,2037.9974294421504,2026-08-20T00:09:10-04:00
12117500,1996-10-26,978,A,27.693875966976002,2392.7508835467265,2026-08-20T00:09:10-04:00
12117500,1996-10-27,954,A,27.014271648768002,2334.0330704535554,2026-08-20T00:09:10-04:00
12117500,1996-10-28,1030,A,29.166351989760003,2519.9728119152642,2026-08-20T00:09:10-04:00
12117500,1996-10-29,845,A,23.927735370240001,2067.3563359887362,2026-08-20T00:09:10-04:00
12117500,1996-10-30,455,A,12.88416519936,1113.1918732247041,2026-08-20T00:09:10-04:00
12117500,1996-10-31,398,A,11.270104943615999,973.73706712842238,2026-08-20T00:09:10-04:00
12117500,1996-11-01,564,A,15.970701477888001,1379.8686076895233,2026-08-20T00:09:10-04:00
12117500,1996-11-02,841,A,23.814467983871999,2057.5700338065408,2026-08-20T00:09:10-04:00
12117500,1996-11-03,846,A,23.956052216831999,2069.8029115342847,2026-08-20T00:09:10-04:00
12117500,1996-11-04,848,A,24.012685910016,2074.6960626253826,2026-08-20T00:09:10-04:00
12117500,1996-11-05,968,A,27.410707501056002,2368.2851280912387,2026-08-20T00:09:10-04:00
12117500,1996-11-06,1200,A,33.980215910399998,2935.8906546585599,2026-08-20T00:09:10-04:00
12117500,1996-11-07,1220,A,34.546552842240004,2984.8221655695361,2026-08-20T00:09:10-04:00
12117500,1996-11-08,1200,A,33.980215910399998,2935.8906546585599,2026-08-20T00:09:10-04:00
12117500,1996-11-09,1180,A,33.41387897856,2886.9591437475842,2026-08-20T00:09:10-04:00
12117500,1996-11-10,1160,A,32.847542046720001,2838.0276328366081,2026-08-20T00:09:10-04:00
12117500,1996-11-11,978,A,27.693875966976002,2392.7508835467265,2026-08-20T00:09:10-04:00
12117500,1996-11-12,981,A,27.778826506752001,2400.090610183373,2026-08-20T00:09:10-04:00
12117500,1996-11-13,1220,A,34.546552842240004,2984.8221655695361,2026-08-20T00:09:10-04:00
12117500,1996-11-14,1210,A,34.263384376319998,2960.3564101140482,2026-08-20T00:09:10-04:00
12117500,1996-11-15,1200,A,33.980215910399998,2935.8906546585599,2026-08-20T00:09:10-04:00
12117500,1996-11-16,1220,A,34.546552842240004,2984.8221655695361,2026-08-20T00:09:10-04:00
12117500,1996-11-17,1240,A,35.112889774080003,3033.7536764805122,2026-08-20T00:09:10-04:00
12117500,1996-11-18,1220,A,34.546552842240004,2984.8221655695361,2026-08-20T00:09:10-04:00
12117500,1996-11-19,1220,A,34.546552842240004,2984.8221655695361,2026-08-20T00:09:10-04:00
12117500,1996-11-20,1200,A,33.980215910399998,2935.8906546585599,2026-08-20T00:09:10-04:00
12117500,1996-11-21,1100,A,31.148531251200001,2691.23310010368,2026-08-20T00:09:10-04:00
12117500,1996-11-22,948,A,26.844370569216,2319.3536171802625,2026-08-20T00:09:10-04:00
12117500,1996-11-23,942,A,26.674469489664002,2304.6741639069696,2026-08-20T00:09:10-04:00
12117500,1996-11-24,1010,A,28.60001505792,2471.041301004288,2026-08-20T00:09:10-04:00
12117500,1996-11-25,1140,A,32.281205114880002,2789.0961219256319,2026-08-20T00:09:10-04:00
12117500,1996-11-26,894,A,25.315260853248002,2187.2385377206274,2026-08-20T00:09:10-04:00
12117500,1996-11-27,1090,A,30.865362785280002,2666.7673446481922,2026-08-20T00:09:10-04:00
12117500,1996-11-28,1550,A,43.891112217600003,3792.1920956006402,2026-08-20T00:09:10-04:00
12117500,1996-11-29,1270,A,35.962395171840001,3107.1509428469762,2026-08-20T00:09:10-04:00
12117500,1996-11-30,1310,A,37.095069035519998,3205.0139646689281,2026-08-20T00:09:10-04:00
12117500,1996-12-01,1310,A,37.095069035519998,3205.0139646689281,2026-08-20T00:09:10-04:00
12117500,1996-12-02,1240,A,35.112889774080003,3033.7536764805122,2026-08-20T00:09:10-04:00
12117500,1996-12-03,1410,A,39.926753694719999,3449.671519223808,2026-08-20T00:09:10-04:00
12117500,1996-12-04,1300,A,36.811900569599999,3180.5482092134403,2026-08-20T00:09:10-04:00
12117500,1996-12-05,1470,A,41.625764490240002,3596.466051956736,2026-08-20T00:09:10-04:00
12117500,1996-12-06,1490,A,42.19210142208,3645.3975628677122,2026-08-20T00:09:10-04:00
12117500,1996-12-07,1450,A,41.059427558400003,3547.5345410457603,2026-08-20T00:09:10-04:00
12117500,1996-12-08,1520,A,43.041606819839998,3718.7948292341762,2026-08-20T00:09:10-04:00
12117500,1996-12-09,1490,A,42.19210142208,3645.3975628677122,2026-08-20T00:09:10-04:00
12117500,1996-12-10,1460,A,41.342596024320002,3572.0002965012482,2026-08-20T00:09:10-04:00
12117500,1996-12-11,1340,A,37.944574433280003,3278.4112310353921,2026-08-20T00:09:10-04:00
12117500,1996-12-12,926,A,26.221399944192001,2265.5289551781889,2026-08-20T00:09:10-04:00
12117500,1996-12-13,665,A,18.830702983680002,1626.9727377899521,2026-08-20T00:09:10-04:00
12117500,1996-12-14,867,A,24.550705995264,2121.1809979908098,2026-08-20T00:09:10-04:00
12117500,1996-12-15,852,A,24.125953296384001,2084.4823648075776,2026-08-20T00:09:10-04:00
12117500,1996-12-16,871,A,24.663973381632001,2130.9673001730048,2026-08-20T00:09:10-04:00
12117500,1996-12-17,730,A,20.671298012160001,1786.0001482506241,2026-08-20T00:09:10-04:00
12117500,1996-12-18,665,A,18.830702983680002,1626.9727377899521,2026-08-20T00:09:10-04:00
12117500,1996-12-19,682,A,19.312089375744002,1668.5645220642816,2026-08-20T00:09:10-04:00
12117500,1996-12-20,694,A,19.651891534848001,1697.9234286108672,2026-08-20T00:09:10-04:00
12117500,1996-12-21,678,A,19.198821989376,1658.7782198820864,2026-08-20T00:09:10-04:00
12117500,1996-12-22,649,A,18.377633438208001,1587.8275290611712,2026-08-20T00:09:10-04:00
12117500,1996-12-23,650,A,18.405950284799999,1590.2741046067201,2026-08-20T00:09:10-04:00
12117500,1996-12-24,753,A,21.322585483775999,1842.2713857982465,2026-08-20T00:09:10-04:00
12117500,1996-12-25,806,A,22.823378353152002,1971.9398897123328,2026-08-20T00:09:10-04:00
12117500,1996-12-26,893,A,25.286944006656,2184.7919621750784,2026-08-20T00:09:10-04:00
12117500,1996-12-27,946,A,26.787736876032,2314.460466089165,2026-08-20T00:09:10-04:00
12117500,1996-12-28,930,A,26.334667330560002,2275.3152573603843,2026-08-20T00:09:10-04:00
12117500,1996-12-29,915,A,25.90991463168,2238.6166241771521,2026-08-20T00:09:10-04:00
12117500,1996-12-30,1040,A,29.449520455680002,2544.438567370752,2026-08-20T00:09:10-04:00
12117500,1996-12-31,1050,A,29.732688921600001,2568.9043228262399,2026-08-20T00:09:10-04:00
12117500,1997-01-01,1580,A,44.740617615360001,3865.5893619671042,2026-08-20T00:09:10-04:00
12117500,1997-01-02,1580,A,44.740617615360001,3865.5893619671042,2026-08-20T00:09:10-04:00
12117500,1997-01-03,1370,A,38.794079831040001,3351.8084974018561,2026-08-20T00:09:10-04:00
12117500,1997-01-04,1390,A,39.36041676288,3400.7400083128323,2026-08-20T00:09:10-04:00
12117500,1997-01-05,1490,A,42.19210142208,3645.3975628677122,2026-08-20T00:09:10-04:00
12117500,1997-01-06,1630,A,46.156459944959998,3987.9181392445439,2026-08-20T00:09:10-04:00
12117500,1997-01-07,2050,A,58.049535513599999,5015.4798683750405,2026-08-20T00:09:10-04:00
12117500,1997-01-08,2020,A,57.200030115840001,4942.082602008576,2026-08-20T00:09:10-04:00
12117500,1997-01-09,1940,A,54.934682388479999,4746.3565583646723,2026-08-20T00:09:10-04:00
12117500,1997-01-10,1900,A,53.802008524800002,4648.49353654272,2026-08-20T00:09:10-04:00
12117500,1997-01-11,1860,A,52.669334661120004,4550.6305147207686,2026-08-20T00:09:10-04:00
12117500,1997-01-12,1830,A,51.819829263359999,4477.2332483543041,2026-08-20T00:09:10-04:00
12117500,1997-01-13,1810,A,51.25349233152,4428.3017374433284,2026-08-20T00:09:10-04:00
12117500,1997-01-14,1780,A,50.403986933760002,4354.904471076864,2026-08-20T00:09:10-04:00
12117500,1997-01-15,1760,A,49.837650001920004,4305.9729601658883,2026-08-20T00:09:10-04:00
12117500,1997-01-16,1740,A,49.271313070079998,4257.0414492549125,2026-08-20T00:09:10-04:00
12117500,1997-01-17,1820,A,51.53666079744,4452.7674928988163,2026-08-20T00:09:10-04:00
12117500,1997-01-18,1720,A,48.704976138239999,4208.1099383439359,2026-08-20T00:09:10-04:00
12117500,1997-01-19,1680,A,47.572302274560002,4110.2469165219845,2026-08-20T00:09:10-04:00
12117500,1997-01-20,1630,A,46.156459944959998,3987.9181392445439,2026-08-20T00:09:10-04:00
12117500,1997-01-21,1510,A,42.758438353919999,3694.3290737786883,2026-08-20T00:09:10-04:00
12117500,1997-01-22,1460,A,41.342596024320002,3572.0002965012482,2026-08-20T00:09:10-04:00
12117500,1997-01-23,1440,A,40.776259092480004,3523.068785590272,2026-08-20T00:09:10-04:00
12117500,1997-01-24,1400,A,39.643585228799999,3425.2057637683201,2026-08-20T00:09:10-04:00
12117500,1997-01-25,1370,A,38.794079831040001,3351.8084974018561,2026-08-20T00:09:10-04:00
12117500,1997-01-26,1350,A,38.227742899200003,3302.87698649088,2026-08-20T00:09:10-04:00
12117500,1997-01-27,1330,A,37.661405967360004,3253.9454755799043,2026-08-20T00:09:10-04:00
12117500,1997-01-28,1290,A,36.528732103679999,3156.082453757952,2026-08-20T00:09:10-04:00
12117500,1997-01-29,1200,A,33.980215910399998,2935.8906546585599,2026-08-20T00:09:10-04:00
12117500,1997-01-30,1380,A,39.077248296960001,3376.274252857344,2026-08-20T00:09:10-04:00
12117500,1997-01-31,1340,A,37.944574433280003,3278.4112310353921,2026-08-20T00:09:10-04:00
12117500,1997-02-01,1460,A,41.342596024320002,3572.0002965012482,2026-08-20T00:09:10-04:00
12117500,1997-02-02,1380,A,39.077248296960001,3376.274252857344,2026-08-20T00:09:10-04:00
12117500,1997-02-03,1310,A,37.095069035519998,3205.0139646689281,2026-08-20T00:09:10-04:00
12117500,1997-02-04,1360,A,38.510911365120002,3327.3427419463683,2026-08-20T00:09:10-04:00
12117500,1997-02-05,1540,A,43.607943751680004,3767.7263401451523,2026-08-20T00:09:10-04:00
12117500,1997-02-06,1510,A,42.758438353919999,3694.3290737786883,2026-08-20T00:09:10-04:00
12117500,1997-02-07,1420,A,40.209922160639998,3474.1372746792963,2026-08-20T00:09:10-04:00
12117500,1997-02-08,1400,A,39.643585228799999,3425.2057637683201,2026-08-20T00:09:10-04:00
12117500,1997-02-09,1390,A,39.36041676288,3400.7400083128323,2026-08-20T00:09:10-04:00
12117500,1997-02-10,1300,A,36.811900569599999,3180.5482092134403,2026-08-20T00:09:10-04:00
12117500,1997-02-11,1170,A,33.13071051264,2862.4933882920959,2026-08-20T00:09:10-04:00
12117500,1997-02-12,1200,A,33.980215910399998,2935.8906546585599,2026-08-20T00:09:10-04:00
12117500,1997-02-13,1170,A,33.13071051264,2862.4933882920959,2026-08-20T00:09:10-04:00
12117500,1997-02-14,1560,A,44.174280683520003,3816.657851056128,2026-08-20T00:09:10-04:00
12117500,1997-02-15,1630,A,46.156459944959998,3987.9181392445439,2026-08-20T00:09:10-04:00
12117500,1997-02-16,1400,A,39.643585228799999,3425.2057637683201,2026-08-20T00:09:10-04:00
12117500,1997-02-17,1360,A,38.510911365120002,3327.3427419463683,2026-08-20T00:09:10-04:00
12117500,1997-02-18,1320,A,37.378237501440005,3229.479720124416,2026-08-20T00:09:10-04:00
12117500,1997-02-19,1640,A,46.439628410880005,4012.3838947000322,2026-08-20T00:09:10-04:00
12117500,1997-02-20,1850,A,52.386166195200005,4526.1647592652798,2026-08-20T00:09:10-04:00
12117500,1997-02-21,1810,A,51.25349233152,4428.3017374433284,2026-08-20T00:09:10-04:00
12117500,1997-02-22,1770,A,50.120818467840003,4330.4387156213761,2026-08-20T00:09:10-04:00
12117500,1997-02-23,1740,A,49.271313070079998,4257.0414492549125,2026-08-20T00:09:10-04:00
12117500,1997-02-24,1720,A,48.704976138239999,4208.1099383439359,2026-08-20T00:09:10-04:00
12117500,1997-02-25,1610,A,45.590123013119999,3938.9866283335682,2026-08-20T00:09:10-04:00
12117500,1997-02-26,1530,A,43.324775285759998,3743.260584689664,2026-08-20T00:09:10-04:00
12117500,1997-02-27,1530,A,43.324775285759998,3743.260584689664,2026-08-20T00:09:10-04:00
12117500,1997-02-28,1380,A,39.077248296960001,3376.274252857344,2026-08-20T00:09:10-04:00
12117500,1997-03-01,1300,A,36.811900569599999,3180.5482092134403,2026-08-20T00:09:10-04:00
12117500,1997-03-02,1260,A,35.679226705920001,3082.6851873914879,2026-08-20T00:09:10-04:00
12117500,1997-03-03,860,A,24.35248806912,2104.054969171968,2026-08-20T00:09:10-04:00
12117500,1997-03-04,722,A,20.444763239423999,1766.4275438862337,2026-08-20T00:09:10-04:00
12117500,1997-03-05,660,A,18.689118750720002,1614.739860062208,2026-08-20T00:09:10-04:00
12117500,1997-03-06,738,A,20.897832784896,1805.5727526150145,2026-08-20T00:09:10-04:00
12117500,1997-03-07,932,A,26.391301023743999,2280.2084084514818,2026-08-20T00:09:10-04:00
12117500,1997-03-08,984,A,27.863777046528,2407.4303368200194,2026-08-20T00:09:10-04:00
12117500,1997-03-09,971,A,27.495658040832001,2375.6248547278847,2026-08-20T00:09:10-04:00
12117500,1997-03-10,752,A,21.294268637184,1839.8248102526977,2026-08-20T00:09:10-04:00
12117500,1997-03-11,692,A,19.595257841664001,1693.0302775197697,2026-08-20T00:09:10-04:00
12117500,1997-03-12,662,A,18.745752443903999,1619.6330111533057,2026-08-20T00:09:10-04:00
12117500,1997-03-13,630,A,17.839613352960001,1541.342593695744,2026-08-20T00:09:10-04:00
12117500,1997-03-14,988,A,27.977044432896001,2417.2166390022144,2026-08-20T00:09:10-04:00
12117500,1997-03-15,1250,A,35.396058240000002,3058.2194319360001,2026-08-20T00:09:10-04:00
12117500,1997-03-16,1310,A,37.095069035519998,3205.0139646689281,2026-08-20T00:09:10-04:00
12117500,1997-03-17,1320,A,37.378237501440005,3229.479720124416,2026-08-20T00:09:10-04:00
12117500,1997-03-18,1450,A,41.059427558400003,3547.5345410457603,2026-08-20T00:09:10-04:00
12117500,1997-03-19,1770,A,50.120818467840003,4330.4387156213761,2026-08-20T00:09:10-04:00
12117500,1997-03-20,1480,A,41.908932956160001,3620.9318074122243,2026-08-20T00:09:10-04:00
12117500,1997-03-21,1520,A,43.041606819839998,3718.7948292341762,2026-08-20T00:09:10-04:00
12117500,1997-03-22,1760,A,49.837650001920004,4305.9729601658883,2026-08-20T00:09:10-04:00
12117500,1997-03-23,1710,A,48.42180767232,4183.6441828884481,2026-08-20T00:09:10-04:00
12117500,1997-03-24,1740,A,49.271313070079998,4257.0414492549125,2026-08-20T00:09:10-04:00
12117500,1997-03-25,1810,A,51.25349233152,4428.3017374433284,2026-08-20T00:09:10-04:00
12117500,1997-03-26,1830,A,51.819829263359999,4477.2332483543041,2026-08-20T00:09:10-04:00
12117500,1997-03-27,1820,A,51.53666079744,4452.7674928988163,2026-08-20T00:09:10-04:00
12117500,1997-03-28,1810,A,51.25349233152,4428.3017374433284,2026-08-20T00:09:10-04:00
12117500,1997-03-29,1790,A,50.687155399680002,4379.3702265323518,2026-08-20T00:09:10-04:00
12117500,1997-03-30,1770,A,50.120818467840003,4330.4387156213761,2026-08-20T00:09:10-04:00
12117500,1997-03-31,1750,A,49.554481536000004,4281.5072047104004,2026-08-20T00:09:10-04:00
12117500,1997-04-01,1530,A,43.324775285759998,3743.260584689664,2026-08-20T00:09:10-04:00
12117500,1997-04-02,1180,A,33.41387897856,2886.9591437475842,2026-08-20T00:09:10-04:00
12117500,1997-04-03,1180,A,33.41387897856,2886.9591437475842,2026-08-20T00:09:10-04:00
12117500,1997-04-04,1160,A,32.847542046720001,2838.0276328366081,2026-08-20T00:09:10-04:00
12117500,1997-04-05,1150,A,32.564373580800002,2813.5618773811202,2026-08-20T00:09:10-04:00
12117500,1997-04-06,1140,A,32.281205114880002,2789.0961219256319,2026-08-20T00:09:10-04:00
12117500,1997-04-07,1110,A,31.431699717120001,2715.6988555591679,2026-08-20T00:09:10-04:00
12117500,1997-04-08,926,A,26.221399944192001,2265.5289551781889,2026-08-20T00:09:10-04:00
12117500,1997-04-09,908,A,25.711696705535999,2221.4905953583107,2026-08-20T00:09:10-04:00
12117500,1997-04-10,824,A,23.333081591808,2015.9782495322113,2026-08-20T00:09:10-04:00
12117500,1997-04-11,766,A,21.690704489472001,1874.0768678903808,2026-08-20T00:09:10-04:00
12117500,1997-04-12,860,A,24.35248806912,2104.054969171968,2026-08-20T00:09:10-04:00
12117500,1997-04-13,911,A,25.796647245312002,2228.8303219949566,2026-08-20T00:09:10-04:00
12117500,1997-04-14,919,A,26.023182018048001,2248.4029263593475,2026-08-20T00:09:10-04:00
12117500,1997-04-15,917,A,25.966548324864,2243.5097752682495,2026-08-20T00:09:10-04:00
12117500,1997-04-16,987,A,27.948727586303999,2414.7700634566659,2026-08-20T00:09:10-04:00
12117500,1997-04-17,1190,A,33.697047444479999,2911.4248992030721,2026-08-20T00:09:10-04:00
12117500,1997-04-18,1170,A,33.13071051264,2862.4933882920959,2026-08-20T00:09:10-04:00
12117500,1997-04-19,1020,A,28.88318352384,2495.5070564597759,2026-08-20T00:09:10-04:00
12117500,1997-04-20,1140,A,32.281205114880002,2789.0961219256319,2026-08-20T00:09:10-04:00
12117500,1997-04-21,759,A,21.492486563328001,1856.9508390715393,2026-08-20T00:09:10-04:00
12117500,1997-04-22,1010,A,28.60001505792,2471.041301004288,2026-08-20T00:09:10-04:00
12117500,1997-04-23,1240,A,35.112889774080003,3033.7536764805122,2026-08-20T00:09:10-04:00
12117500,1997-04-24,1320,A,37.378237501440005,3229.479720124416,2026-08-20T00:09:10-04:00
12117500,1997-04-25,1370,A,38.794079831040001,3351.8084974018561,2026-08-20T00:09:10-04:00
12117500,1997-04-26,1190,A,33.697047444479999,2911.4248992030721,2026-08-20T00:09:10-04:00
12117500,1997-04-27,1230,A,34.829721308160003,3009.2879210250239,2026-08-20T00:09:10-04:00
12117500,1997-04-28,1270,A,35.962395171840001,3107.1509428469762,2026-08-20T00:09:10-04:00
12117500,1997-04-29,1270,A,35.962395171840001,3107.1509428469762,2026-08-20T00:09:10-04:00
12117500,1997-04-30,1300,A,36.811900569599999,3180.5482092134403,2026-08-20T00:09:10-04:00
12117500,1997-05-01,1330,A,37.661405967360004,3253.9454755799043,2026-08-20T00:09:10-04:00
12117500,1997-05-02,1340,A,37.944574433280003,3278.4112310353921,2026-08-20T00:09:10-04:00
12117500,1997-05-03,1420,A,40.209922160639998,3474.1372746792963,2026-08-20T00:09:10-04:00
12117500,1997-05-04,1400,A,39.643585228799999,3425.2057637683201,2026-08-20T00:09:10-04:00
12117500,1997-05-05,1390,A,39.36041676288,3400.7400083128323,2026-08-20T00:09:10-04:00
12117500,1997-05-06,1460,A,41.342596024320002,3572.0002965012482,2026-08-20T00:09:10-04:00
12117500,1997-05-07,1460,A,41.342596024320002,3572.0002965012482,2026-08-20T00:09:10-04:00
12117500,1997-05-08,1460,A,41.342596024320002,3572.0002965012482,2026-08-20T00:09:10-04:00
12117500,1997-05-09,1410,A,39.926753694719999,3449.671519223808,2026-08-20T00:09:10-04:00
12117500,1997-05-10,1400,A,39.643585228799999,3425.2057637683201,2026-08-20T00:09:10-04:00
12117500,1997-05-11,1360,A,38.510911365120002,3327.3427419463683,2026-08-20T00:09:10-04:00
12117500,1997-05-12,1430,A,40.493090626560004,3498.6030301347841,2026-08-20T00:09:10-04:00
12117500,1997-05-13,1480,A,41.908932956160001,3620.9318074122243,2026-08-20T00:09:10-04:00
12117500,1997-05-14,1660,A,47.005965342720003,4061.3154056110079,2026-08-20T00:09:10-04:00
12117500,1997-05-15,1710,A,48.42180767232,4183.6441828884481,2026-08-20T00:09:10-04:00
12117500,1997-05-16,1800,A,50.970323865600001,4403.8359819878406,2026-08-20T00:09:10-04:00
12117500,1997-05-17,1810,A,51.25349233152,4428.3017374433284,2026-08-20T00:09:10-04:00
12117500,1997-05-18,1790,A,50.687155399680002,4379.3702265323518,2026-08-20T00:09:10-04:00
12117500,1997-05-19,1660,A,47.005965342720003,4061.3154056110079,2026-08-20T00:09:10-04:00
12117500,1997-05-20,1370,A,38.794079831040001,3351.8084974018561,2026-08-20T00:09:10-04:00
12117500,1997-05-21,1270,A,35.962395171840001,3107.1509428469762,2026-08-20T00:09:10-04:00
12117500,1997-05-22,1080,A,30.582194319359999,2642.3015891927039,2026-08-20T00:09:10-04:00
12117500,1997-05-23,918,A,25.994865171456002,2245.9563508137985,2026-08-20T00:09:10-04:00
12117500,1997-05-24,902,A,25.541795625984001,2206.8111420850178,2026-08-20T00:09:10-04:00
12117500,1997-05-25,886,A,25.088726080512,2167.665933356237,2026-08-20T00:09:10-04:00
12117500,1997-05-26,878,A,24.862191307776001,2148.0933289918466,2026-08-20T00:09:10-04:00
12117500,1997-05-27,868,A,24.579022841856002,2123.6275735363583,2026-08-20T00:09:10-04:00
12117500,1997-05-28,801,A,22.681794120192002,1959.7070119845889,2026-08-20T00:09:10-04:00
12117500,1997-05-29,828,A,23.446348978176001,2025.7645517144065,2026-08-20T00:09:10-04:00
12117500,1997-05-30,799,A,22.625160427008002,1954.8138608934912,2026-08-20T00:09:10-04:00
12117500,1997-05-31,863,A,24.437438608896002,2111.3946958086144,2026-08-20T00:09:10-04:00
12117500,1997-06-01,897,A,25.400211393024001,2194.5782643572738,2026-08-20T00:09:10-04:00
12117500,1997-06-02,1030,A,29.166351989760003,2519.9728119152642,2026-08-20T00:09:10-04:00
12117500,1997-06-03,1030,A,29.166351989760003,2519.9728119152642,2026-08-20T00:09:10-04:00
12117500,1997-06-04,895,A,25.343577699840001,2189.6851132661759,2026-08-20T00:09:10-04:00
12117500,1997-06-05,831,A,23.531299517952,2033.1042783510529,2026-08-20T00:09:10-04:00
12117500,1997-06-06,821,A,23.248131052032001,2008.6385228955648,2026-08-20T00:09:10-04:00
12117500,1997-06-07,829,A,23.474665824768,2028.2111272599552,2026-08-20T00:09:10-04:00
12117500,1997-06-08,802,A,22.710110966784001,1962.1535875301377,2026-08-20T00:09:10-04:00
12117500,1997-06-09,732,A,20.727931705344002,1790.8932993417216,2026-08-20T00:09:10-04:00
12117500,1997-06-10,723,A,20.473080086016001,1768.8741194317824,2026-08-20T00:09:10-04:00
12117500,1997-06-11,717,A,20.303179006463999,1754.1946661584896,2026-08-20T00:09:10-04:00
12117500,1997-06-12,725,A,20.529713779200002,1773.7672705228802,2026-08-20T00:09:10-04:00
12117500,1997-06-13,714,A,20.218228466688,1746.8549395218433,2026-08-20T00:09:10-04:00
12117500,1997-06-14,749,A,21.209318097408001,1832.4850836160513,2026-08-20T00:09:10-04:00
12117500,1997-06-15,743,A,21.039417017856,1817.8056303427584,2026-08-20T00:09:10-04:00
12117500,1997-06-16,711,A,20.133277926912001,1739.5152128851969,2026-08-20T00:09:10-04:00
12117500,1997-06-17,710,A,20.104961080319999,1737.0686373396481,2026-08-20T00:09:10-04:00
12117500,1997-06-18,703,A,19.906743154176002,1719.9426085208065,2026-08-20T00:09:10-04:00
12117500,1997-06-19,698,A,19.765158921215999,1707.7097307930624,2026-08-20T00:09:10-04:00
12117500,1997-06-20,698,A,19.765158921215999,1707.7097307930624,2026-08-20T00:09:10-04:00
12117500,1997-06-21,706,A,19.991693693952001,1727.282335157453,2026-08-20T00:09:10-04:00
12117500,1997-06-22,660,A,18.689118750720002,1614.739860062208,2026-08-20T00:09:10-04:00
12117500,1997-06-23,656,A,18.575851364352001,1604.9535578800128,2026-08-20T00:09:10-04:00
12117500,1997-06-24,647,A,18.320999745024,1582.9343779700737,2026-08-20T00:09:10-04:00
12117500,1997-06-25,628,A,17.782979659776,1536.4494426046465,2026-08-20T00:09:10-04:00
12117500,1997-06-26,621,A,17.584761733632,1519.3234137858049,2026-08-20T00:09:10-04:00
12117500,1997-06-27,609,A,17.244959574528,1489.9645072392193,2026-08-20T00:09:10-04:00
12117500,1997-06-28,608,A,17.216642727936001,1487.5179316936706,2026-08-20T00:09:10-04:00
12117500,1997-06-29,669,A,18.943970370048,1636.7590399721473,2026-08-20T00:09:10-04:00
12117500,1997-06-30,635,A,17.98119758592,1553.5754714234881,2026-08-20T00:09:10-04:00
12117500,1997-07-01,657,A,18.604168210944,1607.4001334255618,2026-08-20T00:09:10-04:00
12117500,1997-07-02,651,A,18.434267131392001,1592.7206801522689,2026-08-20T00:09:10-04:00
12117500,1997-07-03,635,A,17.98119758592,1553.5754714234881,2026-08-20T00:09:10-04:00
12117500,1997-07-04,615,A,17.414860654080002,1504.643960512512,2026-08-20T00:09:10-04:00
12117500,1997-07-05,612,A,17.329910114303999,1497.3042338758657,2026-08-20T00:09:10-04:00
12117500,1997-07-06,650,A,18.405950284799999,1590.2741046067201,2026-08-20T00:09:10-04:00
12117500,1997-07-07,626,A,17.726345966592,1531.5562915135488,2026-08-20T00:09:10-04:00
12117500,1997-07-08,655,A,18.547534517759999,1602.5069823344641,2026-08-20T00:09:10-04:00
12117500,1997-07-09,794,A,22.483576194048002,1942.5809831657473,2026-08-20T00:09:10-04:00
12117500,1997-07-10,727,A,20.586347472384002,1778.6604216139776,2026-08-20T00:09:10-04:00
12117500,1997-07-11,833,A,23.587933211136001,2037.9974294421504,2026-08-20T00:09:10-04:00
12117500,1997-07-12,779,A,22.058823495167999,1905.8823499825153,2026-08-20T00:09:10-04:00
12117500,1997-07-13,798,A,22.596843580415999,1952.3672853479425,2026-08-20T00:09:10-04:00
12117500,1997-07-14,801,A,22.681794120192002,1959.7070119845889,2026-08-20T00:09:10-04:00
12117500,1997-07-15,878,A,24.862191307776001,2148.0933289918466,2026-08-20T00:09:10-04:00
12117500,1997-07-16,853,A,24.154270142975999,2086.9289403531266,2026-08-20T00:09:10-04:00
12117500,1997-07-17,790,A,22.370308807680001,1932.7946809835521,2026-08-20T00:09:10-04:00
12117500,1997-07-18,725,A,20.529713779200002,1773.7672705228802,2026-08-20T00:09:10-04:00
12117500,1997-07-19,712,A,20.161594773504,1741.9617884307456,2026-08-20T00:09:10-04:00
12117500,1997-07-20,692,A,19.595257841664001,1693.0302775197697,2026-08-20T00:09:10-04:00
12117500,1997-07-21,690,A,19.53862414848,1688.137126428672,2026-08-20T00:09:10-04:00
12117500,1997-07-22,693,A,19.623574688255999,1695.4768530653184,2026-08-20T00:09:10-04:00
12117500,1997-07-23,674,A,19.085554603007999,1648.9919176998912,2026-08-20T00:09:10-04:00
12117500,1997-07-24,633,A,17.924563892736,1548.6823203323904,2026-08-20T00:09:10-04:00
12117500,1997-07-25,597,A,16.905157415424,1460.6056006926337,2026-08-20T00:09:10-04:00
12117500,1997-07-26,574,A,16.253869943807999,1404.3343631450111,2026-08-20T00:09:10-04:00
12117500,1997-07-27,530,A,15.00792869376,1296.6850391408641,2026-08-20T00:09:10-04:00
12117500,1997-07-28,517,A,14.639809688064,1264.8795570487296,2026-08-20T00:09:10-04:00
12117500,1997-07-29,508,A,14.384958068736001,1242.8603771387905,2026-08-20T00:09:10-04:00
12117500,1997-07-30,503,A,14.243373835776,1230.6274994110465,2026-08-20T00:09:10-04:00
12117500,1997-07-31,499,A,14.130106449408,1220.8411972288513,2026-08-20T00:09:10-04:00
12117500,1997-08-01,503,A,14.243373835776,1230.6274994110465,2026-08-20T00:09:10-04:00
12117500,1997-08-02,503,A,14.243373835776,1230.6274994110465,2026-08-20T00:09:10-04:00
12117500,1997-08-03,464,A,13.139016818688001,1135.2110531346432,2026-08-20T00:09:10-04:00
12117500,1997-08-04,422,A,11.949709261824001,1032.4548802215936,2026-08-20T00:09:10-04:00
12117500,1997-08-05,402,A,11.383372329984001,983.52336931061768,2026-08-20T00:09:10-04:00
12117500,1997-08-06,401,A,11.355055483392,981.07679376506883,2026-08-20T00:09:10-04:00
12117500,1997-08-07,402,A,11.383372329984001,983.52336931061768,2026-08-20T00:09:10-04:00
12117500,1997-08-08,394,A,11.156837557248,963.9507649462272,2026-08-20T00:09:10-04:00
12117500,1997-08-09,383,A,10.845352244736,937.03843394519038,2026-08-20T00:09:10-04:00
12117500,1997-08-10,383,A,10.845352244736,937.03843394519038,2026-08-20T00:09:10-04:00
12117500,1997-08-11,391,A,11.071887017472001,956.61103830958086,2026-08-20T00:09:10-04:00
12117500,1997-08-12,413,A,11.694857642496,1010.4357003116544,2026-08-20T00:09:10-04:00
12117500,1997-08-13,412,A,11.666540795904,1007.9891247661056,2026-08-20T00:09:10-04:00
12117500,1997-08-14,412,A,11.666540795904,1007.9891247661056,2026-08-20T00:09:10-04:00
12117500,1997-08-15,409,A,11.581590256128001,1000.6493981294592,2026-08-20T00:09:10-04:00
12117500,1997-08-16,409,A,11.581590256128001,1000.6493981294592,2026-08-20T00:09:10-04:00
12117500,1997-08-17,422,A,11.949709261824001,1032.4548802215936,2026-08-20T00:09:10-04:00
12117500,1997-08-18,420,A,11.89307556864,1027.5617291304961,2026-08-20T00:09:10-04:00
12117500,1997-08-19,418,A,11.836441875456,1022.6685780393984,2026-08-20T00:09:10-04:00
12117500,1997-08-20,415,A,11.751491335680001,1015.328851402752,2026-08-20T00:09:10-04:00
12117500,1997-08-21,427,A,12.091293494784001,1044.6877579493375,2026-08-20T00:09:10-04:00
12117500,1997-08-22,441,A,12.487729347072001,1078.9398155870208,2026-08-20T00:09:10-04:00
12117500,1997-08-23,440,A,12.459412500480001,1076.4932400414721,2026-08-20T00:09:10-04:00
12117500,1997-08-24,450,A,12.7425809664,1100.9589954969601,2026-08-20T00:09:10-04:00
12117500,1997-08-25,445,A,12.600996733440001,1088.726117769216,2026-08-20T00:09:10-04:00
12117500,1997-08-26,413,A,11.694857642496,1010.4357003116544,2026-08-20T00:09:10-04:00
12117500,1997-08-27,375,A,10.618817472,917.4658295808,2026-08-20T00:09:10-04:00
12117500,1997-08-28,317,A,8.9764403696640009,775.56444793896958,2026-08-20T00:09:10-04:00
12117500,1997-08-29,308,A,8.7215887503360001,753.54526802903047,2026-08-20T00:09:10-04:00
12117500,1997-08-30,302,A,8.5516876707840002,738.86581475573757,2026-08-20T00:09:10-04:00
12117500,1997-08-31,297,A,8.4101034378240005,726.63293702799365,2026-08-20T00:09:10-04:00
12117500,1997-09-01,295,A,8.3534697446399999,721.73978593689606,2026-08-20T00:09:10-04:00
12117500,1997-09-02,293,A,8.2968360514560011,716.84663484579846,2026-08-20T00:09:10-04:00
12117500,1997-09-03,291,A,8.2402023582720005,711.95348375470087,2026-08-20T00:09:10-04:00
12117500,1997-09-04,288,A,8.1552518184959997,704.61375711805442,2026-08-20T00:09:10-04:00
12117500,1997-09-05,288,A,8.1552518184959997,704.61375711805442,2026-08-20T00:09:10-04:00
12117500,1997-09-06,286,A,8.0986181253120009,699.72060602695683,2026-08-20T00:09:10-04:00
12117500,1997-09-07,284,A,8.0419844321280003,694.82745493585924,2026-08-20T00:09:10-04:00
12117500,1997-09-08,281,A,7.9570338923520003,687.48772829921279,2026-08-20T00:09:10-04:00
12117500,1997-09-09,280,A,7.92871704576,685.04115275366405,2026-08-20T00:09:10-04:00
12117500,1997-09-10,277,A,7.843766505984,677.7014261170176,2026-08-20T00:09:10-04:00
12117500,1997-09-11,277,A,7.843766505984,677.7014261170176,2026-08-20T00:09:10-04:00
12117500,1997-09-12,277,A,7.843766505984,677.7014261170176,2026-08-20T00:09:10-04:00
12117500,1997-09-13,277,A,7.843766505984,677.7014261170176,2026-08-20T00:09:10-04:00
12117500,1997-09-14,282,A,7.9853507389440006,689.93430384476164,2026-08-20T00:09:10-04:00
12117500,1997-09-15,278,A,7.8720833525760003,680.14800166256646,2026-08-20T00:09:10-04:00
12117500,1997-09-16,299,A,8.4667371310080011,731.52608811909124,2026-08-20T00:09:10-04:00
12117500,1997-09-17,412,A,11.666540795904,1007.9891247661056,2026-08-20T00:09:10-04:00
12117500,1997-09-18,474,A,13.422185284608,1159.6768085901313,2026-08-20T00:09:10-04:00
12117500,1997-09-19,411,A,11.638223949312,1005.5425492205568,2026-08-20T00:09:10-04:00
12117500,1997-09-20,325,A,9.2029751423999997,795.13705230336006,2026-08-20T00:09:10-04:00
12117500,1997-09-21,313,A,8.8631729832959998,765.77814575677439,2026-08-20T00:09:10-04:00
12117500,1997-09-22,322,A,9.1180246026240006,787.79732566671362,2026-08-20T00:09:10-04:00
12117500,1997-09-23,338,A,9.5710941480959999,826.94253439549448,2026-08-20T00:09:10-04:00
12117500,1997-09-24,333,A,9.4295099151360002,814.70965666775044,2026-08-20T00:09:10-04:00
12117500,1997-09-25,339,A,9.5994109946880002,829.38910994104322,2026-08-20T00:09:10-04:00
12117500,1997-09-26,389,A,11.015253324288,951.71788721848327,2026-08-20T00:09:10-04:00
12117500,1997-09-27,388,A,10.986936477696,949.27131167293442,2026-08-20T00:09:10-04:00
12117500,1997-09-28,378,A,10.703768011776001,924.80555621744645,2026-08-20T00:09:10-04:00
12117500,1997-09-29,374,A,10.590500625408,915.01925403525127,2026-08-20T00:09:10-04:00
12117500,1997-09-30,377,A,10.675451165184001,922.3589806718976,2026-08-20T00:09:10-04:00
12117500,1997-10-01,390,A,11.043570170880001,954.16446276403201,2026-08-20T00:09:10-04:00
12117500,1997-10-02,397,A,11.241788097024001,971.29049158287364,2026-08-20T00:09:10-04:00
12117500,1997-10-03,427,A,12.091293494784001,1044.6877579493375,2026-08-20T00:09:10-04:00
12117500,1997-10-04,590,A,16.70693948928,1443.4795718737921,2026-08-20T00:09:10-04:00
12117500,1997-10-05,553,A,15.659216165376,1352.9562766884865,2026-08-20T00:09:10-04:00
12117500,1997-10-06,474,A,13.422185284608,1159.6768085901313,2026-08-20T00:09:10-04:00
12117500,1997-10-07,456,A,12.912482045952,1115.6384487702528,2026-08-20T00:09:10-04:00
12117500,1997-10-08,439,A,12.431095653888001,1074.0466644959233,2026-08-20T00:09:10-04:00
12117500,1997-10-09,467,A,13.223967358464,1142.5507797712896,2026-08-20T00:09:10-04:00
12117500,1997-10-10,479,A,13.563769517568,1171.9096863178752,2026-08-20T00:09:10-04:00
12117500,1997-10-11,466,A,13.195650511872,1140.1042042257409,2026-08-20T00:09:10-04:00
12117500,1997-10-12,458,A,12.969115739136001,1120.5315998613505,2026-08-20T00:09:10-04:00
12117500,1997-10-13,462,A,13.082383125504,1130.3179020435457,2026-08-20T00:09:10-04:00
12117500,1997-10-14,458,A,12.969115739136001,1120.5315998613505,2026-08-20T00:09:10-04:00
12117500,1997-10-15,450,A,12.7425809664,1100.9589954969601,2026-08-20T00:09:10-04:00
12117500,1997-10-16,439,A,12.431095653888001,1074.0466644959233,2026-08-20T00:09:10-04:00
12117500,1997-10-17,496,A,14.045155909632001,1213.5014705922049,2026-08-20T00:09:10-04:00
12117500,1997-10-18,507,A,14.356641222144001,1240.4138015932417,2026-08-20T00:09:10-04:00
12117500,1997-10-19,499,A,14.130106449408,1220.8411972288513,2026-08-20T00:09:10-04:00
12117500,1997-10-20,496,A,14.045155909632001,1213.5014705922049,2026-08-20T00:09:10-04:00
12117500,1997-10-21,495,A,14.016839063040001,1211.0548950466559,2026-08-20T00:09:10-04:00
12117500,1997-10-22,498,A,14.101789602816,1218.3946216833024,2026-08-20T00:09:10-04:00
12117500,1997-10-23,542,A,15.347730852864,1326.0439456874496,2026-08-20T00:09:10-04:00
12117500,1997-10-24,495,A,14.016839063040001,1211.0548950466559,2026-08-20T00:09:10-04:00
12117500,1997-10-25,415,A,11.751491335680001,1015.328851402752,2026-08-20T00:09:10-04:00
12117500,1997-10-26,415,A,11.751491335680001,1015.328851402752,2026-08-20T00:09:10-04:00
12117500,1997-10-27,458,A,12.969115739136001,1120.5315998613505,2026-08-20T00:09:10-04:00
12117500,1997-10-28,435,A,12.317828267519999,1064.2603623137281,2026-08-20T00:09:10-04:00
12117500,1997-10-29,521,A,14.753077074432001,1274.6658592309248,2026-08-20T00:09:10-04:00
12117500,1997-10-30,696,A,19.708525228032002,1702.8165797019649,2026-08-20T00:09:10-04:00
12117500,1997-10-31,624,A,17.669712273407999,1526.6631404224513,2026-08-20T00:09:10-04:00
12117500,1997-11-01,621,A,17.584761733632,1519.3234137858049,2026-08-20T00:09:10-04:00
12117500,1997-11-02,786,A,22.257041421312,1923.0083788013569,2026-08-20T00:09:10-04:00
12117500,1997-11-03,1080,A,30.582194319359999,2642.3015891927039,2026-08-20T00:09:10-04:00
12117500,1997-11-04,1310,A,37.095069035519998,3205.0139646689281,2026-08-20T00:09:10-04:00
12117500,1997-11-05,1310,A,37.095069035519998,3205.0139646689281,2026-08-20T00:09:10-04:00
12117500,1997-11-06,1350,A,38.227742899200003,3302.87698649088,2026-08-20T00:09:10-04:00
12117500,1997-11-07,1450,A,41.059427558400003,3547.5345410457603,2026-08-20T00:09:10-04:00
12117500,1997-11-08,1610,A,45.590123013119999,3938.9866283335682,2026-08-20T00:09:10-04:00
12117500,1997-11-09,1610,A,45.590123013119999,3938.9866283335682,2026-08-20T00:09:10-04:00
12117500,1997-11-10,1530,A,43.324775285759998,3743.260584689664,2026-08-20T00:09:10-04:00
12117500,1997-11-11,824,A,23.333081591808,2015.9782495322113,2026-08-20T00:09:10-04:00
12117500,1997-11-12,692,A,19.595257841664001,1693.0302775197697,2026-08-20T00:09:10-04:00
12117500,1997-11-13,600,A,16.990107955199999,1467.94532732928,2026-08-20T00:09:10-04:00
12117500,1997-11-14,593,A,16.791890029055999,1450.8192985104386,2026-08-20T00:09:10-04:00
12117500,1997-11-15,584,A,16.537038409728002,1428.8001186004992,2026-08-20T00:09:10-04:00
12117500,1997-11-16,579,A,16.395454176768002,1416.5672408727553,2026-08-20T00:09:10-04:00
12117500,1997-11-17,609,A,17.244959574528,1489.9645072392193,2026-08-20T00:09:10-04:00
12117500,1997-11-18,555,A,15.71584985856,1357.8494277795839,2026-08-20T00:09:10-04:00
12117500,1997-11-19,510,A,14.44159176192,1247.7535282298879,2026-08-20T00:09:10-04:00
12117500,1997-11-20,538,A,15.234463466496001,1316.2576435052545,2026-08-20T00:09:10-04:00
12117500,1997-11-21,590,A,16.70693948928,1443.4795718737921,2026-08-20T00:09:10-04:00
12117500,1997-11-22,683,A,19.340406222336,1671.0110976098304,2026-08-20T00:09:10-04:00
12117500,1997-11-23,710,A,20.104961080319999,1737.0686373396481,2026-08-20T00:09:10-04:00
12117500,1997-11-24,796,A,22.540209887231999,1947.4741342568448,2026-08-20T00:09:10-04:00
12117500,1997-11-25,866,A,24.522389148672001,2118.7344224452609,2026-08-20T00:09:10-04:00
12117500,1997-11-26,852,A,24.125953296384001,2084.4823648075776,2026-08-20T00:09:10-04:00
12117500,1997-11-27,846,A,23.956052216831999,2069.8029115342847,2026-08-20T00:09:10-04:00
12117500,1997-11-28,854,A,24.182586989568001,2089.3755158986751,2026-08-20T00:09:10-04:00
12117500,1997-11-29,854,A,24.182586989568001,2089.3755158986751,2026-08-20T00:09:10-04:00
12117500,1997-11-30,870,A,24.635656535039999,2128.5207246274563,2026-08-20T00:09:10-04:00
12117500,1997-12-01,809,A,22.908328892928001,1979.2796163489793,2026-08-20T00:09:10-04:00
12117500,1997-12-02,654,A,18.519217671168001,1600.0604067889153,2026-08-20T00:09:10-04:00
12117500,1997-12-03,560,A,15.85743409152,1370.0823055073281,2026-08-20T00:09:10-04:00
12117500,1997-12-04,550,A,15.574265625600001,1345.61655005184,2026-08-20T00:09:10-04:00
12117500,1997-12-05,537,A,15.206146619904001,1313.8110679597057,2026-08-20T00:09:10-04:00
12117500,1997-12-06,515,A,14.583175994880001,1259.9864059576321,2026-08-20T00:09:10-04:00
12117500,1997-12-07,505,A,14.30000752896,1235.520650502144,2026-08-20T00:09:10-04:00
12117500,1997-12-08,488,A,13.818621136896001,1193.9288662278145,2026-08-20T00:09:10-04:00
12117500,1997-12-09,466,A,13.195650511872,1140.1042042257409,2026-08-20T00:09:10-04:00
12117500,1997-12-10,455,A,12.88416519936,1113.1918732247041,2026-08-20T00:09:10-04:00
12117500,1997-12-11,431,A,12.204560881152,1054.4740601315327,2026-08-20T00:09:10-04:00
12117500,1997-12-12,441,A,12.487729347072001,1078.9398155870208,2026-08-20T00:09:10-04:00
12117500,1997-12-13,422,A,11.949709261824001,1032.4548802215936,2026-08-20T00:09:10-04:00
12117500,1997-12-14,415,A,11.751491335680001,1015.328851402752,2026-08-20T00:09:10-04:00
12117500,1997-12-15,418,A,11.836441875456,1022.6685780393984,2026-08-20T00:09:10-04:00
12117500,1997-12-16,628,A,17.782979659776,1536.4494426046465,2026-08-20T00:09:10-04:00
12117500,1997-12-17,635,A,17.98119758592,1553.5754714234881,2026-08-20T00:09:10-04:00
12117500,1997-12-18,511,A,14.469908608512,1250.2001037754369,2026-08-20T00:09:10-04:00
12117500,1997-12-19,456,A,12.912482045952,1115.6384487702528,2026-08-20T00:09:10-04:00
12117500,1997-12-20,443,A,12.544363040256,1083.8329666781185,2026-08-20T00:09:10-04:00
12117500,1997-12-21,437,A,12.374461960704,1069.1535134048256,2026-08-20T00:09:10-04:00
12117500,1997-12-22,409,A,11.581590256128001,1000.6493981294592,2026-08-20T00:09:10-04:00
12117500,1997-12-23,397,A,11.241788097024001,971.29049158287364,2026-08-20T00:09:10-04:00
12117500,1997-12-24,407,A,11.524956562944,995.75624703836161,2026-08-20T00:09:10-04:00
12117500,1997-12-25,499,A,14.130106449408,1220.8411972288513,2026-08-20T00:09:10-04:00
12117500,1997-12-26,496,A,14.045155909632001,1213.5014705922049,2026-08-20T00:09:10-04:00
12117500,1997-12-27,500,A,14.158423296,1223.2877727744001,2026-08-20T00:09:10-04:00
12117500,1997-12-28,600,A,16.990107955199999,1467.94532732928,2026-08-20T00:09:10-04:00
12117500,1997-12-29,517,A,14.639809688064,1264.8795570487296,2026-08-20T00:09:10-04:00
12117500,1997-12-30,776,A,21.973872955392,1898.5426233458688,2026-08-20T00:09:10-04:00
12117500,1997-12-31,1050,A,29.732688921600001,2568.9043228262399,2026-08-20T00:09:10-04:00
12117500,1998-01-01,1130,A,31.998036648959999,2764.6303664701441,2026-08-20T00:09:10-04:00
12117500,1998-01-02,1150,A,32.564373580800002,2813.5618773811202,2026-08-20T00:09:10-04:00
12117500,1998-01-03,1110,A,31.431699717120001,2715.6988555591679,2026-08-20T00:09:10-04:00
12117500,1998-01-04,1090,A,30.865362785280002,2666.7673446481922,2026-08-20T00:09:10-04:00
12117500,1998-01-05,1120,A,31.71486818304,2740.1646110146562,2026-08-20T00:09:10-04:00
12117500,1998-01-06,1150,A,32.564373580800002,2813.5618773811202,2026-08-20T00:09:10-04:00
12117500,1998-01-07,1210,A,34.263384376319998,2960.3564101140482,2026-08-20T00:09:10-04:00
12117500,1998-01-08,1190,A,33.697047444479999,2911.4248992030721,2026-08-20T00:09:10-04:00
12117500,1998-01-09,1180,A,33.41387897856,2886.9591437475842,2026-08-20T00:09:10-04:00
12117500,1998-01-10,1150,A,32.564373580800002,2813.5618773811202,2026-08-20T00:09:10-04:00
12117500,1998-01-11,1130,A,31.998036648959999,2764.6303664701441,2026-08-20T00:09:10-04:00
12117500,1998-01-12,1120,A,31.71486818304,2740.1646110146562,2026-08-20T00:09:10-04:00
12117500,1998-01-13,1130,A,31.998036648959999,2764.6303664701441,2026-08-20T00:09:10-04:00
12117500,1998-01-14,1180,A,33.41387897856,2886.9591437475842,2026-08-20T00:09:10-04:00
12117500,1998-01-15,843,A,23.871101677056,2062.4631848976383,2026-08-20T00:09:10-04:00
12117500,1998-01-16,632,A,17.896247046144001,1546.2357447868417,2026-08-20T00:09:10-04:00
12117500,1998-01-17,700,A,19.8217926144,1712.6028818841601,2026-08-20T00:09:10-04:00
12117500,1998-01-18,678,A,19.198821989376,1658.7782198820864,2026-08-20T00:09:10-04:00
12117500,1998-01-19,690,A,19.53862414848,1688.137126428672,2026-08-20T00:09:10-04:00
12117500,1998-01-20,701,A,19.850109460992002,1715.0494574297088,2026-08-20T00:09:10-04:00
12117500,1998-01-21,978,A,27.693875966976002,2392.7508835467265,2026-08-20T00:09:10-04:00
12117500,1998-01-22,1290,A,36.528732103679999,3156.082453757952,2026-08-20T00:09:10-04:00
12117500,1998-01-23,1540,A,43.607943751680004,3767.7263401451523,2026-08-20T00:09:10-04:00
12117500,1998-01-24,1350,A,38.227742899200003,3302.87698649088,2026-08-20T00:09:10-04:00
12117500,1998-01-25,1270,A,35.962395171840001,3107.1509428469762,2026-08-20T00:09:10-04:00
12117500,1998-01-26,1250,A,35.396058240000002,3058.2194319360001,2026-08-20T00:09:10-04:00
12117500,1998-01-27,1200,A,33.980215910399998,2935.8906546585599,2026-08-20T00:09:10-04:00
12117500,1998-01-28,1080,A,30.582194319359999,2642.3015891927039,2026-08-20T00:09:10-04:00
12117500,1998-01-29,896,A,25.371894546431999,2192.1316888117249,2026-08-20T00:09:10-04:00
12117500,1998-01-30,778,A,22.030506648576001,1903.4357744369665,2026-08-20T00:09:10-04:00
12117500,1998-01-31,655,A,18.547534517759999,1602.5069823344641,2026-08-20T00:09:10-04:00
12117500,1998-02-01,615,A,17.414860654080002,1504.643960512512,2026-08-20T00:09:10-04:00
12117500,1998-02-02,597,A,16.905157415424,1460.6056006926337,2026-08-20T00:09:10-04:00
12117500,1998-02-03,547,A,15.489315085824,1338.2768234151936,2026-08-20T00:09:10-04:00
12117500,1998-02-04,502,A,14.215056989184001,1228.1809238654976,2026-08-20T00:09:10-04:00
12117500,1998-02-05,493,A,13.960205369856,1206.1617439555584,2026-08-20T00:09:10-04:00
12117500,1998-02-06,473,A,13.393868438016,1157.2302330445825,2026-08-20T00:09:10-04:00
12117500,1998-02-07,430,A,12.17624403456,1052.027484585984,2026-08-20T00:09:10-04:00
12117500,1998-02-08,432,A,12.232877727744,1056.9206356770817,2026-08-20T00:09:10-04:00
12117500,1998-02-09,454,A,12.855848352768,1110.7452976791553,2026-08-20T00:09:10-04:00
12117500,1998-02-10,459,A,12.997432585728001,1122.9781754068993,2026-08-20T00:09:10-04:00
12117500,1998-02-11,458,A,12.969115739136001,1120.5315998613505,2026-08-20T00:09:10-04:00
12117500,1998-02-12,479,A,13.563769517568,1171.9096863178752,2026-08-20T00:09:10-04:00
12117500,1998-02-13,503,A,14.243373835776,1230.6274994110465,2026-08-20T00:09:10-04:00
12117500,1998-02-14,474,A,13.422185284608,1159.6768085901313,2026-08-20T00:09:10-04:00
12117500,1998-02-15,479,A,13.563769517568,1171.9096863178752,2026-08-20T00:09:10-04:00
12117500,1998-02-16,464,A,13.139016818688001,1135.2110531346432,2026-08-20T00:09:10-04:00
12117500,1998-02-17,468,A,13.252284205056,1144.9973553168384,2026-08-20T00:09:10-04:00
12117500,1998-02-18,492,A,13.931888523264,1203.7151684100097,2026-08-20T00:09:10-04:00
12117500,1998-02-19,529,A,14.979611847168,1294.2384635953154,2026-08-20T00:09:10-04:00
12117500,1998-02-20,573,A,16.225553097216,1401.8877875994624,2026-08-20T00:09:10-04:00
12117500,1998-02-21,611,A,17.301593267712001,1494.8576583303168,2026-08-20T00:09:10-04:00
12117500,1998-02-22,609,A,17.244959574528,1489.9645072392193,2026-08-20T00:09:10-04:00
12117500,1998-02-23,599,A,16.961791108608001,1465.4987517837312,2026-08-20T00:09:10-04:00
12117500,1998-02-24,639,A,18.094464972288002,1563.3617736056833,2026-08-20T00:09:10-04:00
12117500,1998-02-25,639,A,18.094464972288002,1563.3617736056833,2026-08-20T00:09:10-04:00
12117500,1998-02-26,638,A,18.066148125695999,1560.9151980601343,2026-08-20T00:09:10-04:00
12117500,1998-02-27,623,A,17.641395426816,1524.2165648769023,2026-08-20T00:09:10-04:00
12117500,1998-02-28,568,A,16.083968864256001,1389.6549098717185,2026-08-20T00:09:10-04:00
12117500,1998-03-01,625,A,17.698029120000001,1529.109715968,2026-08-20T00:09:10-04:00
12117500,1998-03-02,637,A,18.037831279104001,1558.4686225145856,2026-08-20T00:09:10-04:00
12117500,1998-03-03,574,A,16.253869943807999,1404.3343631450111,2026-08-20T00:09:10-04:00
12117500,1998-03-04,538,A,15.234463466496001,1316.2576435052545,2026-08-20T00:09:10-04:00
12117500,1998-03-05,463,A,13.110699972096,1132.7644775890944,2026-08-20T00:09:10-04:00
12117500,1998-03-06,448,A,12.685947273216,1096.0658444058624,2026-08-20T00:09:10-04:00
12117500,1998-03-07,455,A,12.88416519936,1113.1918732247041,2026-08-20T00:09:10-04:00
12117500,1998-03-08,475,A,13.4505021312,1162.12338413568,2026-08-20T00:09:10-04:00
12117500,1998-03-09,537,A,15.206146619904001,1313.8110679597057,2026-08-20T00:09:10-04:00
12117500,1998-03-10,611,A,17.301593267712001,1494.8576583303168,2026-08-20T00:09:10-04:00
12117500,1998-03-11,604,A,17.103375341568,1477.7316295114751,2026-08-20T00:09:10-04:00
12117500,1998-03-12,628,A,17.782979659776,1536.4494426046465,2026-08-20T00:09:10-04:00
12117500,1998-03-13,673,A,19.057237756416001,1646.5453421543425,2026-08-20T00:09:10-04:00
12117500,1998-03-14,674,A,19.085554603007999,1648.9919176998912,2026-08-20T00:09:10-04:00
12117500,1998-03-15,668,A,18.915653523456001,1634.3124644265984,2026-08-20T00:09:10-04:00
12117500,1998-03-16,679,A,19.227138835967999,1661.2247954276352,2026-08-20T00:09:10-04:00
12117500,1998-03-17,667,A,18.887336676863999,1631.8658888810496,2026-08-20T00:09:10-04:00
12117500,1998-03-18,652,A,18.462583977984,1595.1672556978176,2026-08-20T00:09:10-04:00
12117500,1998-03-19,657,A,18.604168210944,1607.4001334255618,2026-08-20T00:09:10-04:00
12117500,1998-03-20,812,A,22.993279432704,1986.6193429856257,2026-08-20T00:09:10-04:00
12117500,1998-03-21,823,A,23.304764745216001,2013.5316739866626,2026-08-20T00:09:10-04:00
12117500,1998-03-22,902,A,25.541795625984001,2206.8111420850178,2026-08-20T00:09:10-04:00
12117500,1998-03-23,922,A,26.108132557824,2255.7426529959935,2026-08-20T00:09:10-04:00
12117500,1998-03-24,838,A,23.729517444096,2050.2303071698943,2026-08-20T00:09:10-04:00
12117500,1998-03-25,852,A,24.125953296384001,2084.4823648075776,2026-08-20T00:09:10-04:00
12117500,1998-03-26,1030,A,29.166351989760003,2519.9728119152642,2026-08-20T00:09:10-04:00
12117500,1998-03-27,1120,A,31.71486818304,2740.1646110146562,2026-08-20T00:09:10-04:00
12117500,1998-03-28,1100,A,31.148531251200001,2691.23310010368,2026-08-20T00:09:10-04:00
12117500,1998-03-29,1090,A,30.865362785280002,2666.7673446481922,2026-08-20T00:09:10-04:00
12117500,1998-03-30,1080,A,30.582194319359999,2642.3015891927039,2026-08-20T00:09:10-04:00
12117500,1998-03-31,1060,A,30.015857387520001,2593.3700782817282,2026-08-20T00:09:10-04:00
12117500,1998-04-01,919,A,26.023182018048001,2248.4029263593475,2026-08-20T00:09:10-04:00
12117500,1998-04-02,826,A,23.389715284992,2020.8714006233088,2026-08-20T00:09:10-04:00
12117500,1998-04-03,816,A,23.106546819072001,1996.4056451678209,2026-08-20T00:09:10-04:00
12117500,1998-04-04,797,A,22.568526733824001,1949.9207098023937,2026-08-20T00:09:10-04:00
12117500,1998-04-05,723,A,20.473080086016001,1768.8741194317824,2026-08-20T00:09:10-04:00
12117500,1998-04-06,703,A,19.906743154176002,1719.9426085208065,2026-08-20T00:09:10-04:00
12117500,1998-04-07,646,A,18.292682898432002,1580.4878024245249,2026-08-20T00:09:10-04:00
12117500,1998-04-08,619,A,17.528128040447999,1514.4302626947072,2026-08-20T00:09:10-04:00
12117500,1998-04-09,560,A,15.85743409152,1370.0823055073281,2026-08-20T00:09:10-04:00
12117500,1998-04-10,552,A,15.630899318784001,1350.5097011429377,2026-08-20T00:09:10-04:00
12117500,1998-04-11,560,A,15.85743409152,1370.0823055073281,2026-08-20T00:09:10-04:00
12117500,1998-04-12,561,A,15.885750938112,1372.5288810528768,2026-08-20T00:09:10-04:00
12117500,1998-04-13,537,A,15.206146619904001,1313.8110679597057,2026-08-20T00:09:10-04:00
12117500,1998-04-14,516,A,14.611492841472,1262.4329815031808,2026-08-20T00:09:10-04:00
12117500,1998-04-15,465,A,13.167333665280001,1137.6576286801921,2026-08-20T00:09:10-04:00
12117500,1998-04-16,434,A,12.289511420928001,1061.8137867681792,2026-08-20T00:09:10-04:00
12117500,1998-04-17,428,A,12.119610341376001,1047.1343334948865,2026-08-20T00:09:10-04:00
12117500,1998-04-18,426,A,12.062976648192,1042.2411824037888,2026-08-20T00:09:10-04:00
12117500,1998-04-19,426,A,12.062976648192,1042.2411824037888,2026-08-20T00:09:10-04:00
12117500,1998-04-20,420,A,11.89307556864,1027.5617291304961,2026-08-20T00:09:10-04:00
12117500,1998-04-21,418,A,11.836441875456,1022.6685780393984,2026-08-20T00:09:10-04:00
12117500,1998-04-22,419,A,11.864758722048,1025.1151535849472,2026-08-20T00:09:10-04:00
12117500,1998-04-23,433,A,12.261194574336001,1059.3672112226304,2026-08-20T00:09:10-04:00
12117500,1998-04-24,446,A,12.629313580032001,1091.1726933147647,2026-08-20T00:09:10-04:00
12117500,1998-04-25,413,A,11.694857642496,1010.4357003116544,2026-08-20T00:09:10-04:00
12117500,1998-04-26,392,A,11.100203864064,959.0576138551296,2026-08-20T00:09:10-04:00
12117500,1998-04-27,392,A,11.100203864064,959.0576138551296,2026-08-20T00:09:10-04:00
12117500,1998-04-28,407,A,11.524956562944,995.75624703836161,2026-08-20T00:09:10-04:00
12117500,1998-04-29,435,A,12.317828267519999,1064.2603623137281,2026-08-20T00:09:10-04:00
12117500,1998-04-30,467,A,13.223967358464,1142.5507797712896,2026-08-20T00:09:10-04:00
12117500,1998-05-01,505,A,14.30000752896,1235.520650502144,2026-08-20T00:09:10-04:00
12117500,1998-05-02,565,A,15.99901832448,1382.315183235072,2026-08-20T00:09:10-04:00
12117500,1998-05-03,654,A,18.519217671168001,1600.0604067889153,2026-08-20T00:09:10-04:00
12117500,1998-05-04,713,A,20.189911620096002,1744.4083639762944,2026-08-20T00:09:10-04:00
12117500,1998-05-05,652,A,18.462583977984,1595.1672556978176,2026-08-20T00:09:10-04:00
12117500,1998-05-06,646,A,18.292682898432002,1580.4878024245249,2026-08-20T00:09:10-04:00
12117500,1998-05-07,647,A,18.320999745024,1582.9343779700737,2026-08-20T00:09:10-04:00
12117500,1998-05-08,632,A,17.896247046144001,1546.2357447868417,2026-08-20T00:09:10-04:00
12117500,1998-05-09,588,A,16.650305796095999,1438.5864207826944,2026-08-20T00:09:10-04:00
12117500,1998-05-10,516,A,14.611492841472,1262.4329815031808,2026-08-20T00:09:10-04:00
12117500,1998-05-11,456,A,12.912482045952,1115.6384487702528,2026-08-20T00:09:10-04:00
12117500,1998-05-12,399,A,11.298421790208,976.18364267397124,2026-08-20T00:09:10-04:00
12117500,1998-05-13,398,A,11.270104943615999,973.73706712842238,2026-08-20T00:09:10-04:00
12117500,1998-05-14,412,A,11.666540795904,1007.9891247661056,2026-08-20T00:09:10-04:00
12117500,1998-05-15,417,A,11.808125028864,1020.2220024938497,2026-08-20T00:09:10-04:00
12117500,1998-05-16,425,A,12.0346598016,1039.7946068582401,2026-08-20T00:09:10-04:00
12117500,1998-05-17,468,A,13.252284205056,1144.9973553168384,2026-08-20T00:09:10-04:00
12117500,1998-05-18,473,A,13.393868438016,1157.2302330445825,2026-08-20T00:09:10-04:00
12117500,1998-05-19,482,A,13.648720057344001,1179.2494129545216,2026-08-20T00:09:10-04:00
12117500,1998-05-20,477,A,13.507135824384001,1167.0165352267777,2026-08-20T00:09:10-04:00
12117500,1998-05-21,483,A,13.677036903936001,1181.6959885000704,2026-08-20T00:09:10-04:00
12117500,1998-05-22,477,A,13.507135824384001,1167.0165352267777,2026-08-20T00:09:10-04:00
12117500,1998-05-23,470,A,13.308917898240001,1149.8905064079361,2026-08-20T00:09:10-04:00
12117500,1998-05-24,472,A,13.365551591424,1154.7836574990336,2026-08-20T00:09:10-04:00
12117500,1998-05-25,529,A,14.979611847168,1294.2384635953154,2026-08-20T00:09:10-04:00
12117500,1998-05-26,507,A,14.356641222144001,1240.4138015932417,2026-08-20T00:09:10-04:00
12117500,1998-05-27,639,A,18.094464972288002,1563.3617736056833,2026-08-20T00:09:10-04:00
12117500,1998-05-28,664,A,18.802386137088,1624.5261622444032,2026-08-20T00:09:10-04:00
12117500,1998-05-29,782,A,22.143774034944002,1913.2220766191617,2026-08-20T00:09:10-04:00
12117500,1998-05-30,759,A,21.492486563328001,1856.9508390715393,2026-08-20T00:09:10-04:00
12117500,1998-05-31,743,A,21.039417017856,1817.8056303427584,2026-08-20T00:09:10-04:00
12117500,1998-06-01,732,A,20.727931705344002,1790.8932993417216,2026-08-20T00:09:10-04:00
12117500,1998-06-02,617,A,17.471494347263999,1509.5371116036097,2026-08-20T00:09:10-04:00
12117500,1998-06-03,541,A,15.319414006272,1323.5973701419009,2026-08-20T00:09:10-04:00
12117500,1998-06-04,490,A,13.875254830080001,1198.822017318912,2026-08-20T00:09:10-04:00
12117500,1998-06-05,448,A,12.685947273216,1096.0658444058624,2026-08-20T00:09:10-04:00
12117500,1998-06-06,439,A,12.431095653888001,1074.0466644959233,2026-08-20T00:09:10-04:00
12117500,1998-06-07,433,A,12.261194574336001,1059.3672112226304,2026-08-20T00:09:10-04:00
12117500,1998-06-08,430,A,12.17624403456,1052.027484585984,2026-08-20T00:09:10-04:00
12117500,1998-06-09,424,A,12.006342955008,1037.3480313126913,2026-08-20T00:09:10-04:00
12117500,1998-06-10,434,A,12.289511420928001,1061.8137867681792,2026-08-20T00:09:10-04:00
12117500,1998-06-11,458,A,12.969115739136001,1120.5315998613505,2026-08-20T00:09:10-04:00
12117500,1998-06-12,476,A,13.478818977792001,1164.5699596812287,2026-08-20T00:09:10-04:00
12117500,1998-06-13,494,A,13.988522216448001,1208.6083195011072,2026-08-20T00:09:10-04:00
12117500,1998-06-14,493,A,13.960205369856,1206.1617439555584,2026-08-20T00:09:10-04:00
12117500,1998-06-15,515,A,14.583175994880001,1259.9864059576321,2026-08-20T00:09:10-04:00
12117500,1998-06-16,527,A,14.922978153984001,1289.3453125042176,2026-08-20T00:09:10-04:00
12117500,1998-06-17,491,A,13.903571676672,1201.2685928644607,2026-08-20T00:09:10-04:00
12117500,1998-06-18,491,A,13.903571676672,1201.2685928644607,2026-08-20T00:09:10-04:00
12117500,1998-06-19,496,A,14.045155909632001,1213.5014705922049,2026-08-20T00:09:10-04:00
12117500,1998-06-20,482,A,13.648720057344001,1179.2494129545216,2026-08-20T00:09:10-04:00
12117500,1998-06-21,460,A,13.02574943232,1125.424750952448,2026-08-20T00:09:10-04:00
12117500,1998-06-22,458,A,12.969115739136001,1120.5315998613505,2026-08-20T00:09:10-04:00
12117500,1998-06-23,458,A,12.969115739136001,1120.5315998613505,2026-08-20T00:09:10-04:00
12117500,1998-06-24,461,A,13.054066278912,1127.8713264979967,2026-08-20T00:09:10-04:00
12117500,1998-06-25,466,A,13.195650511872,1140.1042042257409,2026-08-20T00:09:10-04:00
12117500,1998-06-26,430,A,12.17624403456,1052.027484585984,2026-08-20T00:09:10-04:00
12117500,1998-06-27,390,A,11.043570170880001,954.16446276403201,2026-08-20T00:09:10-04:00
12117500,1998-06-28,375,A,10.618817472,917.4658295808,2026-08-20T00:09:10-04:00
12117500,1998-06-29,363,A,10.279015312896,888.10692303421445,2026-08-20T00:09:10-04:00
12117500,1998-06-30,353,A,9.9958468469760007,863.64116757872648,2026-08-20T00:09:10-04:00
12117500,1998-07-01,346,A,9.7976289208320004,846.51513875988485,2026-08-20T00:09:10-04:00
12117500,1998-07-02,344,A,9.7409952276479999,841.62198766878726,2026-08-20T00:09:10-04:00
12117500,1998-07-03,349,A,9.8825794606079995,853.85486539653118,2026-08-20T00:09:10-04:00
12117500,1998-07-04,353,A,9.9958468469760007,863.64116757872648,2026-08-20T00:09:10-04:00
12117500,1998-07-05,348,A,9.854262614016001,851.40828985098244,2026-08-20T00:09:10-04:00
12117500,1998-07-06,333,A,9.4295099151360002,814.70965666775044,2026-08-20T00:09:10-04:00
12117500,1998-07-07,319,A,9.0330740628479997,780.45759903006717,2026-08-20T00:09:10-04:00
12117500,1998-07-08,320,A,9.06139090944,782.90417457561603,2026-08-20T00:09:10-04:00
12117500,1998-07-09,321,A,9.0897077560320003,785.35075012116488,2026-08-20T00:09:10-04:00
12117500,1998-07-10,318,A,9.0047572162559995,778.01102348451843,2026-08-20T00:09:10-04:00
12117500,1998-07-11,319,A,9.0330740628479997,780.45759903006717,2026-08-20T00:09:10-04:00
12117500,1998-07-12,321,A,9.0897077560320003,785.35075012116488,2026-08-20T00:09:10-04:00
12117500,1998-07-13,316,A,8.9481235230720007,773.11787239342084,2026-08-20T00:09:10-04:00
12117500,1998-07-14,310,A,8.7782224435200007,758.43841912012806,2026-08-20T00:09:10-04:00
12117500,1998-07-15,306,A,8.6649550571519995,748.65211693793287,2026-08-20T00:09:10-04:00
12117500,1998-07-16,301,A,8.5233708241919999,736.41923921018883,2026-08-20T00:09:10-04:00
12117500,1998-07-17,299,A,8.4667371310080011,731.52608811909124,2026-08-20T00:09:10-04:00
12117500,1998-07-18,300,A,8.4950539775999996,733.97266366463998,2026-08-20T00:09:10-04:00
12117500,1998-07-19,299,A,8.4667371310080011,731.52608811909124,2026-08-20T00:09:10-04:00
12117500,1998-07-20,303,A,8.5800045173760005,741.31239030128643,2026-08-20T00:09:10-04:00
12117500,1998-07-21,351,A,9.9392131537920001,858.74801648762877,2026-08-20T00:09:10-04:00
12117500,1998-07-22,380,A,10.76040170496,929.69870730854404,2026-08-20T00:09:10-04:00
12117500,1998-07-23,399,A,11.298421790208,976.18364267397124,2026-08-20T00:09:10-04:00
12117500,1998-07-24,432,A,12.232877727744,1056.9206356770817,2026-08-20T00:09:10-04:00
12117500,1998-07-25,441,A,12.487729347072001,1078.9398155870208,2026-08-20T00:09:10-04:00
12117500,1998-07-26,440,A,12.459412500480001,1076.4932400414721,2026-08-20T00:09:10-04:00
12117500,1998-07-27,440,A,12.459412500480001,1076.4932400414721,2026-08-20T00:09:10-04:00
12117500,1998-07-28,439,A,12.431095653888001,1074.0466644959233,2026-08-20T00:09:10-04:00
12117500,1998-07-29,429,A,12.147927187968,1049.5809090404352,2026-08-20T00:09:10-04:00
12117500,1998-07-30,419,A,11.864758722048,1025.1151535849472,2026-08-20T00:09:10-04:00
12117500,1998-07-31,419,A,11.864758722048,1025.1151535849472,2026-08-20T00:09:10-04:00
12117500,1998-08-01,419,A,11.864758722048,1025.1151535849472,2026-08-20T00:09:10-04:00
12117500,1998-08-02,405,A,11.46832286976,990.86309594726401,2026-08-20T00:09:10-04:00
12117500,1998-08-03,381,A,10.788718551552,932.14528285409278,2026-08-20T00:09:10-04:00
12117500,1998-08-04,373,A,10.562183778816001,912.57267848970241,2026-08-20T00:09:10-04:00
12117500,1998-08-05,349,A,9.8825794606079995,853.85486539653118,2026-08-20T00:09:10-04:00
12117500,1998-08-06,326,A,9.231291988992,797.5836278489088,2026-08-20T00:09:10-04:00
12117500,1998-08-07,305,A,8.636638210560001,746.20554139238402,2026-08-20T00:09:10-04:00
12117500,1998-08-08,297,A,8.4101034378240005,726.63293702799365,2026-08-20T00:09:10-04:00
12117500,1998-08-09,303,A,8.5800045173760005,741.31239030128643,2026-08-20T00:09:10-04:00
12117500,1998-08-10,311,A,8.806539290112001,760.8849946656768,2026-08-20T00:09:10-04:00
12117500,1998-08-11,311,A,8.806539290112001,760.8849946656768,2026-08-20T00:09:10-04:00
12117500,1998-08-12,308,A,8.7215887503360001,753.54526802903047,2026-08-20T00:09:10-04:00
12117500,1998-08-13,306,A,8.6649550571519995,748.65211693793287,2026-08-20T00:09:10-04:00
12117500,1998-08-14,326,A,9.231291988992,797.5836278489088,2026-08-20T00:09:10-04:00
12117500,1998-08-15,352,A,9.9675300003840004,861.19459203317763,2026-08-20T00:09:10-04:00
12117500,1998-08-16,356,A,10.080797386752,870.98089421537281,2026-08-20T00:09:10-04:00
12117500,1998-08-17,359,A,10.165747926528001,878.32062085201926,2026-08-20T00:09:10-04:00
12117500,1998-08-18,356,A,10.080797386752,870.98089421537281,2026-08-20T00:09:10-04:00
12117500,1998-08-19,350,A,9.9108963071999998,856.30144094208003,2026-08-20T00:09:10-04:00
12117500,1998-08-20,289,A,8.183568665088,707.06033266360328,2026-08-20T00:09:10-04:00
12117500,1998-08-21,283,A,8.013667585536,692.38087939031038,2026-08-20T00:09:10-04:00
12117500,1998-08-22,281,A,7.9570338923520003,687.48772829921279,2026-08-20T00:09:10-04:00
12117500,1998-08-23,283,A,8.013667585536,692.38087939031038,2026-08-20T00:09:10-04:00
12117500,1998-08-24,282,A,7.9853507389440006,689.93430384476164,2026-08-20T00:09:10-04:00
12117500,1998-08-25,281,A,7.9570338923520003,687.48772829921279,2026-08-20T00:09:10-04:00
12117500,1998-08-26,277,A,7.843766505984,677.7014261170176,2026-08-20T00:09:10-04:00
12117500,1998-08-27,277,A,7.843766505984,677.7014261170176,2026-08-20T00:09:10-04:00
12117500,1998-08-28,276,A,7.8154496593920006,675.25485057146886,2026-08-20T00:09:10-04:00
12117500,1998-08-29,272,A,7.7021822730240004,665.46854838927356,2026-08-20T00:09:10-04:00
12117500,1998-08-30,271,A,7.6738654264320001,663.02197284372482,2026-08-20T00:09:10-04:00
12117500,1998-08-31,270,A,7.6455485798399998,660.57539729817597,2026-08-20T00:09:10-04:00
12117500,1998-09-01,277,A,7.843766505984,677.7014261170176,2026-08-20T00:09:10-04:00
12117500,1998-09-02,277,A,7.843766505984,677.7014261170176,2026-08-20T00:09:10-04:00
12117500,1998-09-03,276,A,7.8154496593920006,675.25485057146886,2026-08-20T00:09:10-04:00
12117500,1998-09-04,276,A,7.8154496593920006,675.25485057146886,2026-08-20T00:09:10-04:00
12117500,1998-09-05,274,A,7.7588159662080001,670.36169948037127,2026-08-20T00:09:10-04:00
12117500,1998-09-06,271,A,7.6738654264320001,663.02197284372482,2026-08-20T00:09:10-04:00
12117500,1998-09-07,271,A,7.6738654264320001,663.02197284372482,2026-08-20T00:09:10-04:00
12117500,1998-09-08,269,A,7.6172317332480004,658.12882175262723,2026-08-20T00:09:10-04:00
12117500,1998-09-09,267,A,7.5605980400639998,653.23567066152964,2026-08-20T00:09:10-04:00
12117500,1998-09-10,267,A,7.5605980400639998,653.23567066152964,2026-08-20T00:09:10-04:00
12117500,1998-09-11,266,A,7.5322811934720004,650.78909511598079,2026-08-20T00:09:10-04:00
12117500,1998-09-12,264,A,7.4756475002879998,645.89594402488319,2026-08-20T00:09:10-04:00
12117500,1998-09-13,263,A,7.4473306536960004,643.44936847933445,2026-08-20T00:09:10-04:00
12117500,1998-09-14,262,A,7.4190138071040002,641.0027929337856,2026-08-20T00:09:10-04:00
12117500,1998-09-15,261,A,7.3906969605119999,638.55621738823686,2026-08-20T00:09:10-04:00
12117500,1998-09-16,261,A,7.3906969605119999,638.55621738823686,2026-08-20T00:09:10-04:00
12117500,1998-09-17,261,A,7.3906969605119999,638.55621738823686,2026-08-20T00:09:10-04:00
12117500,1998-09-18,263,A,7.4473306536960004,643.44936847933445,2026-08-20T00:09:10-04:00
12117500,1998-09-19,287,A,8.1269349719039994,702.16718157250557,2026-08-20T00:09:10-04:00
12117500,1998-09-20,265,A,7.5039643468800001,648.34251957043205,2026-08-20T00:09:10-04:00
12117500,1998-09-21,261,A,7.3906969605119999,638.55621738823686,2026-08-20T00:09:10-04:00
12117500,1998-09-22,259,A,7.3340632673280002,633.66306629713927,2026-08-20T00:09:10-04:00
12117500,1998-09-23,256,A,7.2491127275520002,626.32333966049282,2026-08-20T00:09:10-04:00
12117500,1998-09-24,261,A,7.3906969605119999,638.55621738823686,2026-08-20T00:09:10-04:00
12117500,1998-09-25,308,A,8.7215887503360001,753.54526802903047,2026-08-20T00:09:10-04:00
12117500,1998-09-26,307,A,8.6932719037439998,751.09869248348161,2026-08-20T00:09:10-04:00
12117500,1998-09-27,304,A,8.6083213639680007,743.75896584683528,2026-08-20T00:09:10-04:00
12117500,1998-09-28,301,A,8.5233708241919999,736.41923921018883,2026-08-20T00:09:10-04:00
12117500,1998-09-29,301,A,8.5233708241919999,736.41923921018883,2026-08-20T00:09:10-04:00
12117500,1998-09-30,300,A,8.4950539775999996,733.97266366463998,2026-08-20T00:09:10-04:00
12117500,1998-10-01,300,A,8.4950539775999996,733.97266366463998,2026-08-20T00:09:10-04:00
12117500,1998-10-02,304,A,8.6083213639680007,743.75896584683528,2026-08-20T00:09:10-04:00
12117500,1998-10-03,307,A,8.6932719037439998,751.09869248348161,2026-08-20T00:09:10-04:00
12117500,1998-10-04,319,A,9.0330740628479997,780.45759903006717,2026-08-20T00:09:10-04:00
12117500,1998-10-05,304,A,8.6083213639680007,743.75896584683528,2026-08-20T00:09:10-04:00
12117500,1998-10-06,299,A,8.4667371310080011,731.52608811909124,2026-08-20T00:09:10-04:00
12117500,1998-10-07,302,A,8.5516876707840002,738.86581475573757,2026-08-20T00:09:10-04:00
12117500,1998-10-08,330,A,9.3445593753600011,807.36993003110399,2026-08-20T00:09:10-04:00
12117500,1998-10-09,365,A,10.335649006080001,893.00007412531204,2026-08-20T00:09:10-04:00
12117500,1998-10-10,367,A,10.392282699264001,897.89322521640963,2026-08-20T00:09:10-04:00
12117500,1998-10-11,343,A,9.7126783810559996,839.1754121232384,2026-08-20T00:09:10-04:00
12117500,1998-10-12,344,A,9.7409952276479999,841.62198766878726,2026-08-20T00:09:10-04:00
12117500,1998-10-13,384,A,10.873669091328001,939.48500949073923,2026-08-20T00:09:10-04:00
12117500,1998-10-14,372,A,10.533866932224001,910.12610294415367,2026-08-20T00:09:10-04:00
12117500,1998-10-15,374,A,10.590500625408,915.01925403525127,2026-08-20T00:09:10-04:00
12117500,1998-10-16,356,A,10.080797386752,870.98089421537281,2026-08-20T00:09:10-04:00
12117500,1998-10-17,369,A,10.448916392448,902.78637630750723,2026-08-20T00:09:10-04:00
12117500,1998-10-18,386,A,10.930302784512,944.37816058183682,2026-08-20T00:09:10-04:00
12117500,1998-10-19,355,A,10.052480540159999,868.53431866982407,2026-08-20T00:09:10-04:00
12117500,1998-10-20,323,A,9.1463414492160009,790.24390121226247,2026-08-20T00:09:10-04:00
12117500,1998-10-21,319,A,9.0330740628479997,780.45759903006717,2026-08-20T00:09:10-04:00
12117500,1998-10-22,326,A,9.231291988992,797.5836278489088,2026-08-20T00:09:10-04:00
12117500,1998-10-23,377,A,10.675451165184001,922.3589806718976,2026-08-20T00:09:10-04:00
12117500,1998-10-24,372,A,10.533866932224001,910.12610294415367,2026-08-20T00:09:10-04:00
12117500,1998-10-25,371,A,10.505550085632001,907.67952739860482,2026-08-20T00:09:10-04:00
12117500,1998-10-26,372,A,10.533866932224001,910.12610294415367,2026-08-20T00:09:10-04:00
12117500,1998-10-27,376,A,10.647134318592,919.91240512634886,2026-08-20T00:09:10-04:00
12117500,1998-10-28,431,A,12.204560881152,1054.4740601315327,2026-08-20T00:09:10-04:00
12117500,1998-10-29,398,A,11.270104943615999,973.73706712842238,2026-08-20T00:09:10-04:00
12117500,1998-10-30,392,A,11.100203864064,959.0576138551296,2026-08-20T00:09:10-04:00
12117500,1998-10-31,389,A,11.015253324288,951.71788721848327,2026-08-20T00:09:10-04:00
12117500,1998-11-01,391,A,11.071887017472001,956.61103830958086,2026-08-20T00:09:10-04:00
12117500,1998-11-02,387,A,10.958619631104,946.82473612738568,2026-08-20T00:09:10-04:00
12117500,1998-11-03,381,A,10.788718551552,932.14528285409278,2026-08-20T00:09:10-04:00
12117500,1998-11-04,399,A,11.298421790208,976.18364267397124,2026-08-20T00:09:10-04:00
12117500,1998-11-05,436,A,12.346145114112,1066.7069378592769,2026-08-20T00:09:10-04:00
12117500,1998-11-06,428,A,12.119610341376001,1047.1343334948865,2026-08-20T00:09:10-04:00
12117500,1998-11-07,409,A,11.581590256128001,1000.6493981294592,2026-08-20T00:09:10-04:00
12117500,1998-11-08,405,A,11.46832286976,990.86309594726401,2026-08-20T00:09:10-04:00
12117500,1998-11-09,409,A,11.581590256128001,1000.6493981294592,2026-08-20T00:09:10-04:00
12117500,1998-11-10,410,A,11.609907102720001,1003.0959736750081,2026-08-20T00:09:10-04:00
12117500,1998-11-11,434,A,12.289511420928001,1061.8137867681792,2026-08-20T00:09:10-04:00
12117500,1998-11-12,468,A,13.252284205056,1144.9973553168384,2026-08-20T00:09:10-04:00
12117500,1998-11-13,580,A,16.42377102336,1419.013816418304,2026-08-20T00:09:10-04:00
12117500,1998-11-14,511,A,14.469908608512,1250.2001037754369,2026-08-20T00:09:10-04:00
12117500,1998-11-15,411,A,11.638223949312,1005.5425492205568,2026-08-20T00:09:10-04:00
12117500,1998-11-16,440,A,12.459412500480001,1076.4932400414721,2026-08-20T00:09:10-04:00
12117500,1998-11-17,457,A,12.940798892544001,1118.0850243158015,2026-08-20T00:09:10-04:00
12117500,1998-11-18,486,A,13.761987443712,1189.0357151367168,2026-08-20T00:09:10-04:00
12117500,1998-11-19,566,A,16.027335171072,1384.7617587806208,2026-08-20T00:09:10-04:00
12117500,1998-11-20,660,A,18.689118750720002,1614.739860062208,2026-08-20T00:09:10-04:00
12117500,1998-11-21,859,A,24.324171222528001,2101.6083936264195,2026-08-20T00:09:10-04:00
12117500,1998-11-22,717,A,20.303179006463999,1754.1946661584896,2026-08-20T00:09:10-04:00
12117500,1998-11-23,788,A,22.313675114496,1927.9015298924544,2026-08-20T00:09:10-04:00
12117500,1998-11-24,978,A,27.693875966976002,2392.7508835467265,2026-08-20T00:09:10-04:00
12117500,1998-11-25,1370,A,38.794079831040001,3351.8084974018561,2026-08-20T00:09:10-04:00
12117500,1998-11-26,1780,A,50.403986933760002,4354.904471076864,2026-08-20T00:09:10-04:00
12117500,1998-11-27,1520,A,43.041606819839998,3718.7948292341762,2026-08-20T00:09:10-04:00
12117500,1998-11-28,1530,A,43.324775285759998,3743.260584689664,2026-08-20T00:09:10-04:00
12117500,1998-11-29,1460,A,41.342596024320002,3572.0002965012482,2026-08-20T00:09:10-04:00
12117500,1998-11-30,1470,A,41.625764490240002,3596.466051956736,2026-08-20T00:09:10-04:00
12117500,1998-12-01,1340,A,37.944574433280003,3278.4112310353921,2026-08-20T00:09:10-04:00
12117500,1998-12-02,1580,A,44.740617615360001,3865.5893619671042,2026-08-20T00:09:10-04:00
12117500,1998-12-03,1750,A,49.554481536000004,4281.5072047104004,2026-08-20T00:09:10-04:00
12117500,1998-12-04,1700,A,48.138639206400001,4159.1784274329602,2026-08-20T00:09:10-04:00
12117500,1998-12-05,1660,A,47.005965342720003,4061.3154056110079,2026-08-20T00:09:10-04:00
12117500,1998-12-06,1600,A,45.3069545472,3914.5208728780799,2026-08-20T00:09:10-04:00
12117500,1998-12-07,1590,A,45.023786081280001,3890.055117422592,2026-08-20T00:09:10-04:00
12117500,1998-12-08,1480,A,41.908932956160001,3620.9318074122243,2026-08-20T00:09:10-04:00
12117500,1998-12-09,1130,A,31.998036648959999,2764.6303664701441,2026-08-20T00:09:10-04:00
12117500,1998-12-10,721,A,20.416446392832,1763.980968340685,2026-08-20T00:09:10-04:00
12117500,1998-12-11,856,A,24.239220682752002,2094.268666989773,2026-08-20T00:09:10-04:00
12117500,1998-12-12,1420,A,40.209922160639998,3474.1372746792963,2026-08-20T00:09:10-04:00
12117500,1998-12-13,1620,A,45.873291479039999,3963.4523837890561,2026-08-20T00:09:10-04:00
12117500,1998-12-14,1550,A,43.891112217600003,3792.1920956006402,2026-08-20T00:09:10-04:00
12117500,1998-12-15,1650,A,46.722796876800004,4036.8496501555201,2026-08-20T00:09:10-04:00
12117500,1998-12-16,1760,A,49.837650001920004,4305.9729601658883,2026-08-20T00:09:10-04:00
12117500,1998-12-17,1780,A,50.403986933760002,4354.904471076864,2026-08-20T00:09:10-04:00
12117500,1998-12-18,1680,A,47.572302274560002,4110.2469165219845,2026-08-20T00:09:10-04:00
12117500,1998-12-19,1520,A,43.041606819839998,3718.7948292341762,2026-08-20T00:09:10-04:00
12117500,1998-12-20,1400,A,39.643585228799999,3425.2057637683201,2026-08-20T00:09:10-04:00
12117500,1998-12-21,1320,A,37.378237501440005,3229.479720124416,2026-08-20T00:09:10-04:00
12117500,1998-12-22,1280,A,36.24556363776,3131.6166983024641,2026-08-20T00:09:10-04:00
12117500,1998-12-23,1170,A,33.13071051264,2862.4933882920959,2026-08-20T00:09:10-04:00
12117500,1998-12-24,938,A,26.561202103296001,2294.8878617247747,2026-08-20T00:09:10-04:00
12117500,1998-12-25,1020,A,28.88318352384,2495.5070564597759,2026-08-20T00:09:10-04:00
12117500,1998-12-26,1150,A,32.564373580800002,2813.5618773811202,2026-08-20T00:09:10-04:00
12117500,1998-12-27,1320,A,37.378237501440005,3229.479720124416,2026-08-20T00:09:10-04:00
12117500,1998-12-28,1660,A,47.005965342720003,4061.3154056110079,2026-08-20T00:09:10-04:00
12117500,1998-12-29,1750,A,49.554481536000004,4281.5072047104004,2026-08-20T00:09:10-04:00
12117500,1998-12-30,2240,A,63.42973636608,5480.3292220293124,2026-08-20T00:09:10-04:00
12117500,1998-12-31,2340,A,66.261421025280001,5724.9867765841918,2026-08-20T00:09:10-04:00
12117500,1999-01-01,2490,A,70.508948014080005,6091.9731084165123,2026-08-20T00:09:10-04:00
12117500,1999-01-02,2500,A,70.792116480000004,6116.4388638720002,2026-08-20T00:09:10-04:00
12117500,1999-01-03,2510,A,71.075284945920004,6140.904619327488,2026-08-20T00:09:10-04:00
12117500,1999-01-04,2510,A,71.075284945920004,6140.904619327488,2026-08-20T00:09:10-04:00
12117500,1999-01-05,2080,A,58.899040911360004,5088.8771347415041,2026-08-20T00:09:10-04:00
12117500,1999-01-06,1560,A,44.174280683520003,3816.657851056128,2026-08-20T00:09:10-04:00
12117500,1999-01-07,1580,A,44.740617615360001,3865.5893619671042,2026-08-20T00:09:10-04:00
12117500,1999-01-08,1550,A,43.891112217600003,3792.1920956006402,2026-08-20T00:09:10-04:00
12117500,1999-01-09,1520,A,43.041606819839998,3718.7948292341762,2026-08-20T00:09:10-04:00
12117500,1999-01-10,1600,A,45.3069545472,3914.5208728780799,2026-08-20T00:09:10-04:00
12117500,1999-01-11,1630,A,46.156459944959998,3987.9181392445439,2026-08-20T00:09:10-04:00
12117500,1999-01-12,1840,A,52.102997729279998,4501.699003809792,2026-08-20T00:09:10-04:00
12117500,1999-01-13,1870,A,52.952503127040004,4575.0962701762564,2026-08-20T00:09:10-04:00
12117500,1999-01-14,2090,A,59.182209377280003,5113.3428901969919,2026-08-20T00:09:10-04:00
12117500,1999-01-15,1800,A,50.970323865600001,4403.8359819878406,2026-08-20T00:09:10-04:00
12117500,1999-01-16,2000,A,56.633693184000002,4893.1510910976003,2026-08-20T00:09:10-04:00
12117500,1999-01-17,1980,A,56.067356252160003,4844.2195801866237,2026-08-20T00:09:10-04:00
12117500,1999-01-18,2030,A,57.48319858176,4966.5483574640639,2026-08-20T00:09:10-04:00
12117500,1999-01-19,2000,A,56.633693184000002,4893.1510910976003,2026-08-20T00:09:10-04:00
12117500,1999-01-20,1960,A,55.501019320320005,4795.288069275648,2026-08-20T00:09:10-04:00
12117500,1999-01-21,1950,A,55.217850854399998,4770.8223138201602,2026-08-20T00:09:10-04:00
12117500,1999-01-22,1910,A,54.085176990720001,4672.9592919982078,2026-08-20T00:09:10-04:00
12117500,1999-01-23,1880,A,53.235671592960003,4599.5620256317443,2026-08-20T00:09:10-04:00
12117500,1999-01-24,1830,A,51.819829263359999,4477.2332483543041,2026-08-20T00:09:10-04:00
12117500,1999-01-25,1810,A,51.25349233152,4428.3017374433284,2026-08-20T00:09:10-04:00
12117500,1999-01-26,1790,A,50.687155399680002,4379.3702265323518,2026-08-20T00:09:10-04:00
12117500,1999-01-27,1680,A,47.572302274560002,4110.2469165219845,2026-08-20T00:09:10-04:00
12117500,1999-01-28,1390,A,39.36041676288,3400.7400083128323,2026-08-20T00:09:10-04:00
12117500,1999-01-29,1380,A,39.077248296960001,3376.274252857344,2026-08-20T00:09:10-04:00
12117500,1999-01-30,1380,A,39.077248296960001,3376.274252857344,2026-08-20T00:09:10-04:00
12117500,1999-01-31,1320,A,37.378237501440005,3229.479720124416,2026-08-20T00:09:10-04:00
12117500,1999-02-01,1150,A,32.564373580800002,2813.5618773811202,2026-08-20T00:09:10-04:00
12117500,1999-02-02,1120,A,31.71486818304,2740.1646110146562,2026-08-20T00:09:10-04:00
12117500,1999-02-03,1060,A,30.015857387520001,2593.3700782817282,2026-08-20T00:09:10-04:00
12117500,1999-02-04,988,A,27.977044432896001,2417.2166390022144,2026-08-20T00:09:10-04:00
12117500,1999-02-05,964,A,27.297440114688001,2358.4988259090433,2026-08-20T00:09:10-04:00
12117500,1999-02-06,957,A,27.099222188544001,2341.3727970902019,2026-08-20T00:09:10-04:00
12117500,1999-02-07,1010,A,28.60001505792,2471.041301004288,2026-08-20T00:09:10-04:00
12117500,1999-02-08,986,A,27.920410739712,2412.3234879111169,2026-08-20T00:09:10-04:00
12117500,1999-02-09,919,A,26.023182018048001,2248.4029263593475,2026-08-20T00:09:10-04:00
12117500,1999-02-10,841,A,23.814467983871999,2057.5700338065408,2026-08-20T00:09:10-04:00
12117500,1999-02-11,793,A,22.455259347456,1940.1344076201985,2026-08-20T00:09:10-04:00
12117500,1999-02-12,689,A,19.510307301888002,1685.6905508831233,2026-08-20T00:09:10-04:00
12117500,1999-02-13,693,A,19.623574688255999,1695.4768530653184,2026-08-20T00:09:10-04:00
12117500,1999-02-14,695,A,19.68020838144,1700.3700041564161,2026-08-20T00:09:10-04:00
12117500,1999-02-15,674,A,19.085554603007999,1648.9919176998912,2026-08-20T00:09:10-04:00
12117500,1999-02-16,625,A,17.698029120000001,1529.109715968,2026-08-20T00:09:10-04:00
12117500,1999-02-17,572,A,16.197236250624002,1399.4412120539137,2026-08-20T00:09:10-04:00
12117500,1999-02-18,550,A,15.574265625600001,1345.61655005184,2026-08-20T00:09:10-04:00
12117500,1999-02-19,566,A,16.027335171072,1384.7617587806208,2026-08-20T00:09:10-04:00
12117500,1999-02-20,540,A,15.29109715968,1321.1507945963519,2026-08-20T00:09:10-04:00
12117500,1999-02-21,533,A,15.092879233536001,1304.0247657775105,2026-08-20T00:09:10-04:00
12117500,1999-02-22,560,A,15.85743409152,1370.0823055073281,2026-08-20T00:09:10-04:00
12117500,1999-02-23,578,A,16.367137330176,1414.1206653272066,2026-08-20T00:09:10-04:00
12117500,1999-02-24,611,A,17.301593267712001,1494.8576583303168,2026-08-20T00:09:10-04:00
12117500,1999-02-25,694,A,19.651891534848001,1697.9234286108672,2026-08-20T00:09:10-04:00
12117500,1999-02-26,764,A,21.634070796288,1869.1837167992833,2026-08-20T00:09:10-04:00
12117500,1999-02-27,1070,A,30.29902585344,2617.835833737216,2026-08-20T00:09:10-04:00
12117500,1999-02-28,1280,A,36.24556363776,3131.6166983024641,2026-08-20T00:09:10-04:00
12117500,1999-03-01,1160,A,32.847542046720001,2838.0276328366081,2026-08-20T00:09:10-04:00
12117500,1999-03-02,739,A,20.926149631488002,1808.0193281605632,2026-08-20T00:09:10-04:00
12117500,1999-03-03,618,A,17.499811193856001,1511.9836871491584,2026-08-20T00:09:10-04:00
12117500,1999-03-04,704,A,19.935060000768001,1722.3891840663553,2026-08-20T00:09:10-04:00
12117500,1999-03-05,940,A,26.617835796480001,2299.7810128158721,2026-08-20T00:09:10-04:00
12117500,1999-03-06,981,A,27.778826506752001,2400.090610183373,2026-08-20T00:09:10-04:00
12117500,1999-03-07,981,A,27.778826506752001,2400.090610183373,2026-08-20T00:09:10-04:00
12117500,1999-03-08,959,A,27.155855881728002,2346.2659481812993,2026-08-20T00:09:10-04:00
12117500,1999-03-09,883,A,25.003775540736001,2160.3262067195906,2026-08-20T00:09:10-04:00
12117500,1999-03-10,844,A,23.899418523648002,2064.9097604431872,2026-08-20T00:09:10-04:00
12117500,1999-03-11,684,A,19.368723068928002,1673.4576731553793,2026-08-20T00:09:10-04:00
12117500,1999-03-12,657,A,18.604168210944,1607.4001334255618,2026-08-20T00:09:10-04:00
12117500,1999-03-13,695,A,19.68020838144,1700.3700041564161,2026-08-20T00:09:10-04:00
12117500,1999-03-14,702,A,19.878426307584,1717.4960329752575,2026-08-20T00:09:10-04:00
12117500,1999-03-15,676,A,19.142188296192,1653.885068790989,2026-08-20T00:09:10-04:00
12117500,1999-03-16,652,A,18.462583977984,1595.1672556978176,2026-08-20T00:09:10-04:00
12117500,1999-03-17,617,A,17.471494347263999,1509.5371116036097,2026-08-20T00:09:10-04:00
12117500,1999-03-18,610,A,17.273276421120002,1492.411082784768,2026-08-20T00:09:10-04:00
12117500,1999-03-19,604,A,17.103375341568,1477.7316295114751,2026-08-20T00:09:10-04:00
12117500,1999-03-20,622,A,17.613078580224002,1521.7699893313536,2026-08-20T00:09:10-04:00
12117500,1999-03-21,659,A,18.660801904128,1612.2932845166592,2026-08-20T00:09:10-04:00
12117500,1999-03-22,664,A,18.802386137088,1624.5261622444032,2026-08-20T00:09:10-04:00
12117500,1999-03-23,714,A,20.218228466688,1746.8549395218433,2026-08-20T00:09:10-04:00
12117500,1999-03-24,830,A,23.502982671360002,2030.657702805504,2026-08-20T00:09:10-04:00
12117500,1999-03-25,972,A,27.523974887424,2378.0714302734336,2026-08-20T00:09:10-04:00
12117500,1999-03-26,982,A,27.807143353343999,2402.5371857289215,2026-08-20T00:09:10-04:00
12117500,1999-03-27,967,A,27.382390654464,2365.8385525456897,2026-08-20T00:09:10-04:00
12117500,1999-03-28,960,A,27.18417272832,2348.7125237268483,2026-08-20T00:09:10-04:00
12117500,1999-03-29,921,A,26.079815711232001,2253.296077450445,2026-08-20T00:09:10-04:00
12117500,1999-03-30,848,A,24.012685910016,2074.6960626253826,2026-08-20T00:09:10-04:00
12117500,1999-03-31,823,A,23.304764745216001,2013.5316739866626,2026-08-20T00:09:10-04:00
12117500,1999-04-01,778,A,22.030506648576001,1903.4357744369665,2026-08-20T00:09:10-04:00
12117500,1999-04-02,764,A,21.634070796288,1869.1837167992833,2026-08-20T00:09:10-04:00
12117500,1999-04-03,694,A,19.651891534848001,1697.9234286108672,2026-08-20T00:09:10-04:00
12117500,1999-04-04,677,A,19.170505142784002,1656.3316443365377,2026-08-20T00:09:10-04:00
12117500,1999-04-05,672,A,19.028920909824002,1644.0987666087935,2026-08-20T00:09:10-04:00
12117500,1999-04-06,664,A,18.802386137088,1624.5261622444032,2026-08-20T00:09:10-04:00
12117500,1999-04-07,665,A,18.830702983680002,1626.9727377899521,2026-08-20T00:09:10-04:00
12117500,1999-04-08,667,A,18.887336676863999,1631.8658888810496,2026-08-20T00:09:10-04:00
12117500,1999-04-09,691,A,19.566940995071999,1690.583701974221,2026-08-20T00:09:10-04:00
12117500,1999-04-10,684,A,19.368723068928002,1673.4576731553793,2026-08-20T00:09:10-04:00
12117500,1999-04-11,676,A,19.142188296192,1653.885068790989,2026-08-20T00:09:10-04:00
12117500,1999-04-12,685,A,19.397039915520001,1675.9042487009281,2026-08-20T00:09:10-04:00
12117500,1999-04-13,683,A,19.340406222336,1671.0110976098304,2026-08-20T00:09:10-04:00
12117500,1999-04-14,613,A,17.358226960896001,1499.7508094214145,2026-08-20T00:09:10-04:00
12117500,1999-04-15,469,A,13.280601051648,1147.4439308623873,2026-08-20T00:09:10-04:00
12117500,1999-04-16,694,A,19.651891534848001,1697.9234286108672,2026-08-20T00:09:10-04:00
12117500,1999-04-17,723,A,20.473080086016001,1768.8741194317824,2026-08-20T00:09:10-04:00
12117500,1999-04-18,723,A,20.473080086016001,1768.8741194317824,2026-08-20T00:09:10-04:00
12117500,1999-04-19,712,A,20.161594773504,1741.9617884307456,2026-08-20T00:09:10-04:00
12117500,1999-04-20,783,A,22.172090881536,1915.6686521647105,2026-08-20T00:09:10-04:00
12117500,1999-04-21,771,A,21.832288722432001,1886.3097456181249,2026-08-20T00:09:10-04:00
12117500,1999-04-22,790,A,22.370308807680001,1932.7946809835521,2026-08-20T00:09:10-04:00
12117500,1999-04-23,818,A,23.163180512256002,2001.2987962589184,2026-08-20T00:09:10-04:00
12117500,1999-04-24,823,A,23.304764745216001,2013.5316739866626,2026-08-20T00:09:10-04:00
12117500,1999-04-25,845,A,23.927735370240001,2067.3563359887362,2026-08-20T00:09:10-04:00
12117500,1999-04-26,850,A,24.0693196032,2079.5892137164801,2026-08-20T00:09:10-04:00
12117500,1999-04-27,885,A,25.060409233920002,2165.2193578106881,2026-08-20T00:09:10-04:00
12117500,1999-04-28,890,A,25.201993466880001,2177.452235538432,2026-08-20T00:09:10-04:00
12117500,1999-04-29,880,A,24.918825000960002,2152.9864800829441,2026-08-20T00:09:10-04:00
12117500,1999-04-30,855,A,24.21090383616,2091.822091444224,2026-08-20T00:09:10-04:00
12117500,1999-05-01,818,A,23.163180512256002,2001.2987962589184,2026-08-20T00:09:10-04:00
12117500,1999-05-02,837,A,23.701200597504002,2047.7837316243456,2026-08-20T00:09:10-04:00
12117500,1999-05-03,892,A,25.258627160064002,2182.3453866295295,2026-08-20T00:09:10-04:00
12117500,1999-05-04,854,A,24.182586989568001,2089.3755158986751,2026-08-20T00:09:10-04:00
12117500,1999-05-05,787,A,22.285358267904002,1925.4549543469057,2026-08-20T00:09:10-04:00
12117500,1999-05-06,733,A,20.756248551936,1793.3398748872705,2026-08-20T00:09:10-04:00
12117500,1999-05-07,709,A,20.076644233728,1734.6220617940992,2026-08-20T00:09:10-04:00
12117500,1999-05-08,702,A,19.878426307584,1717.4960329752575,2026-08-20T00:09:10-04:00
12117500,1999-05-09,722,A,20.444763239423999,1766.4275438862337,2026-08-20T00:09:10-04:00
12117500,1999-05-10,708,A,20.048327387136002,1732.1754862485504,2026-08-20T00:09:10-04:00
12117500,1999-05-11,700,A,19.8217926144,1712.6028818841601,2026-08-20T00:09:10-04:00
12117500,1999-05-12,681,A,19.283772529151999,1666.1179465187329,2026-08-20T00:09:10-04:00
12117500,1999-05-13,662,A,18.745752443903999,1619.6330111533057,2026-08-20T00:09:10-04:00
12117500,1999-05-14,651,A,18.434267131392001,1592.7206801522689,2026-08-20T00:09:10-04:00
12117500,1999-05-15,651,A,18.434267131392001,1592.7206801522689,2026-08-20T00:09:10-04:00
12117500,1999-05-16,656,A,18.575851364352001,1604.9535578800128,2026-08-20T00:09:10-04:00
12117500,1999-05-17,653,A,18.490900824576002,1597.6138312433663,2026-08-20T00:09:10-04:00
12117500,1999-05-18,763,A,21.605753949696002,1866.7371412537345,2026-08-20T00:09:10-04:00
12117500,1999-05-19,742,A,21.011100171264001,1815.3590547972096,2026-08-20T00:09:10-04:00
12117500,1999-05-20,687,A,19.453673608704001,1680.7973997920255,2026-08-20T00:09:10-04:00
12117500,1999-05-21,668,A,18.915653523456001,1634.3124644265984,2026-08-20T00:09:10-04:00
12117500,1999-05-22,657,A,18.604168210944,1607.4001334255618,2026-08-20T00:09:10-04:00
12117500,1999-05-23,657,A,18.604168210944,1607.4001334255618,2026-08-20T00:09:10-04:00
12117500,1999-05-24,706,A,19.991693693952001,1727.282335157453,2026-08-20T00:09:10-04:00
12117500,1999-05-25,845,A,23.927735370240001,2067.3563359887362,2026-08-20T00:09:10-04:00
12117500,1999-05-26,844,A,23.899418523648002,2064.9097604431872,2026-08-20T00:09:10-04:00
12117500,1999-05-27,763,A,21.605753949696002,1866.7371412537345,2026-08-20T00:09:10-04:00
12117500,1999-05-28,743,A,21.039417017856,1817.8056303427584,2026-08-20T00:09:10-04:00
12117500,1999-05-29,672,A,19.028920909824002,1644.0987666087935,2026-08-20T00:09:10-04:00
12117500,1999-05-30,661,A,18.717435597312001,1617.1864356077569,2026-08-20T00:09:10-04:00
12117500,1999-05-31,636,A,18.009514432511999,1556.0220469690369,2026-08-20T00:09:10-04:00
12117500,1999-06-01,630,A,17.839613352960001,1541.342593695744,2026-08-20T00:09:10-04:00
12117500,1999-06-02,584,A,16.537038409728002,1428.8001186004992,2026-08-20T00:09:10-04:00
12117500,1999-06-03,554,A,15.687533011968,1355.4028522340352,2026-08-20T00:09:10-04:00
12117500,1999-06-04,535,A,15.14951292672,1308.917916868608,2026-08-20T00:09:10-04:00
12117500,1999-06-05,564,A,15.970701477888001,1379.8686076895233,2026-08-20T00:09:10-04:00
12117500,1999-06-06,546,A,15.460998239232,1335.8302478696448,2026-08-20T00:09:10-04:00
12117500,1999-06-07,535,A,15.14951292672,1308.917916868608,2026-08-20T00:09:10-04:00
12117500,1999-06-08,617,A,17.471494347263999,1509.5371116036097,2026-08-20T00:09:10-04:00
12117500,1999-06-09,597,A,16.905157415424,1460.6056006926337,2026-08-20T00:09:10-04:00
12117500,1999-06-10,571,A,16.168919404032,1396.9946365083649,2026-08-20T00:09:10-04:00
12117500,1999-06-11,578,A,16.367137330176,1414.1206653272066,2026-08-20T00:09:10-04:00
12117500,1999-06-12,597,A,16.905157415424,1460.6056006926337,2026-08-20T00:09:10-04:00
12117500,1999-06-13,618,A,17.499811193856001,1511.9836871491584,2026-08-20T00:09:10-04:00
12117500,1999-06-14,628,A,17.782979659776,1536.4494426046465,2026-08-20T00:09:10-04:00
12117500,1999-06-15,643,A,18.207732358655999,1573.1480757878785,2026-08-20T00:09:10-04:00
12117500,1999-06-16,714,A,20.218228466688,1746.8549395218433,2026-08-20T00:09:10-04:00
12117500,1999-06-17,697,A,19.736842074624001,1705.2631552475136,2026-08-20T00:09:10-04:00
12117500,1999-06-18,663,A,18.774069290496001,1622.0795866988544,2026-08-20T00:09:10-04:00
12117500,1999-06-19,621,A,17.584761733632,1519.3234137858049,2026-08-20T00:09:10-04:00
12117500,1999-06-20,607,A,17.188325881343999,1485.0713561481216,2026-08-20T00:09:10-04:00
12117500,1999-06-21,638,A,18.066148125695999,1560.9151980601343,2026-08-20T00:09:10-04:00
12117500,1999-06-22,604,A,17.103375341568,1477.7316295114751,2026-08-20T00:09:10-04:00
12117500,1999-06-23,559,A,15.829117244928,1367.6357299617791,2026-08-20T00:09:10-04:00
12117500,1999-06-24,633,A,17.924563892736,1548.6823203323904,2026-08-20T00:09:10-04:00
12117500,1999-06-25,722,A,20.444763239423999,1766.4275438862337,2026-08-20T00:09:10-04:00
12117500,1999-06-26,749,A,21.209318097408001,1832.4850836160513,2026-08-20T00:09:10-04:00
12117500,1999-06-27,869,A,24.607339688448,2126.0741490819073,2026-08-20T00:09:10-04:00
12117500,1999-06-28,858,A,24.295854375935999,2099.1618180808705,2026-08-20T00:09:10-04:00
12117500,1999-06-29,840,A,23.786151137280001,2055.1234582609923,2026-08-20T00:09:10-04:00
12117500,1999-06-30,776,A,21.973872955392,1898.5426233458688,2026-08-20T00:09:10-04:00
12117500,1999-07-01,713,A,20.189911620096002,1744.4083639762944,2026-08-20T00:09:10-04:00
12117500,1999-07-02,742,A,21.011100171264001,1815.3590547972096,2026-08-20T00:09:10-04:00
12117500,1999-07-03,914,A,25.881597785088001,2236.1700486316031,2026-08-20T00:09:10-04:00
12117500,1999-07-04,1050,A,29.732688921600001,2568.9043228262399,2026-08-20T00:09:10-04:00
12117500,1999-07-05,1000,A,28.316846592000001,2446.5755455488002,2026-08-20T00:09:10-04:00
12117500,1999-07-06,950,A,26.901004262400001,2324.24676827136,2026-08-20T00:09:10-04:00
12117500,1999-07-07,890,A,25.201993466880001,2177.452235538432,2026-08-20T00:09:10-04:00
12117500,1999-07-08,810,A,22.936645739519999,1981.726191894528,2026-08-20T00:09:10-04:00
12117500,1999-07-09,738,A,20.897832784896,1805.5727526150145,2026-08-20T00:09:10-04:00
12117500,1999-07-10,650,A,18.405950284799999,1590.2741046067201,2026-08-20T00:09:10-04:00
12117500,1999-07-11,578,A,16.367137330176,1414.1206653272066,2026-08-20T00:09:10-04:00
12117500,1999-07-12,551,A,15.602582472192001,1348.0631255973888,2026-08-20T00:09:10-04:00
12117500,1999-07-13,520,A,14.724760227840001,1272.219283685376,2026-08-20T00:09:10-04:00
12117500,1999-07-14,511,A,14.469908608512,1250.2001037754369,2026-08-20T00:09:10-04:00
12117500,1999-07-15,509,A,14.413274915328,1245.3069526843392,2026-08-20T00:09:10-04:00
12117500,1999-07-16,502,A,14.215056989184001,1228.1809238654976,2026-08-20T00:09:10-04:00
12117500,1999-07-17,526,A,14.894661307392001,1286.8987369586689,2026-08-20T00:09:10-04:00
12117500,1999-07-18,503,A,14.243373835776,1230.6274994110465,2026-08-20T00:09:10-04:00
12117500,1999-07-19,477,A,13.507135824384001,1167.0165352267777,2026-08-20T00:09:10-04:00
12117500,1999-07-20,460,A,13.02574943232,1125.424750952448,2026-08-20T00:09:10-04:00
12117500,1999-07-21,452,A,12.799214659584001,1105.8521465880576,2026-08-20T00:09:10-04:00
12117500,1999-07-22,449,A,12.714264119808,1098.5124199514112,2026-08-20T00:09:10-04:00
12117500,1999-07-23,558,A,15.800800398336001,1365.1891544162304,2026-08-20T00:09:10-04:00
12117500,1999-07-24,722,A,20.444763239423999,1766.4275438862337,2026-08-20T00:09:10-04:00
12117500,1999-07-25,698,A,19.765158921215999,1707.7097307930624,2026-08-20T00:09:10-04:00
12117500,1999-07-26,655,A,18.547534517759999,1602.5069823344641,2026-08-20T00:09:10-04:00
12117500,1999-07-27,607,A,17.188325881343999,1485.0713561481216,2026-08-20T00:09:10-04:00
12117500,1999-07-28,544,A,15.404364546048001,1330.9370967785471,2026-08-20T00:09:10-04:00
12117500,1999-07-29,470,A,13.308917898240001,1149.8905064079361,2026-08-20T00:09:10-04:00
12117500,1999-07-30,395,A,11.18515440384,966.39734049177605,2026-08-20T00:09:10-04:00
12117500,1999-07-31,380,A,10.76040170496,929.69870730854404,2026-08-20T00:09:10-04:00
12117500,1999-08-01,376,A,10.647134318592,919.91240512634886,2026-08-20T00:09:10-04:00
12117500,1999-08-02,374,A,10.590500625408,915.01925403525127,2026-08-20T00:09:10-04:00
12117500,1999-08-03,371,A,10.505550085632001,907.67952739860482,2026-08-20T00:09:10-04:00
12117500,1999-08-04,369,A,10.448916392448,902.78637630750723,2026-08-20T00:09:10-04:00
12117500,1999-08-05,370,A,10.47723323904,905.23295185305608,2026-08-20T00:09:10-04:00
12117500,1999-08-06,403,A,11.411689176576001,985.96994485616642,2026-08-20T00:09:10-04:00
12117500,1999-08-07,448,A,12.685947273216,1096.0658444058624,2026-08-20T00:09:10-04:00
12117500,1999-08-08,405,A,11.46832286976,990.86309594726401,2026-08-20T00:09:10-04:00
12117500,1999-08-09,365,A,10.335649006080001,893.00007412531204,2026-08-20T00:09:10-04:00
12117500,1999-08-10,357,A,10.109114233344,873.42746976092167,2026-08-20T00:09:10-04:00
12117500,1999-08-11,355,A,10.052480540159999,868.53431866982407,2026-08-20T00:09:10-04:00
12117500,1999-08-12,353,A,9.9958468469760007,863.64116757872648,2026-08-20T00:09:10-04:00
12117500,1999-08-13,362,A,10.250698466304,885.66034748866559,2026-08-20T00:09:10-04:00
12117500,1999-08-14,356,A,10.080797386752,870.98089421537281,2026-08-20T00:09:10-04:00
12117500,1999-08-15,331,A,9.3728762219519997,809.81650557665284,2026-08-20T00:09:10-04:00
12117500,1999-08-16,340,A,9.6277278412800005,831.83568548659207,2026-08-20T00:09:10-04:00
12117500,1999-08-17,318,A,9.0047572162559995,778.01102348451843,2026-08-20T00:09:10-04:00
12117500,1999-08-18,312,A,8.8348561367039995,763.33157021122565,2026-08-20T00:09:10-04:00
12117500,1999-08-19,298,A,8.4384202844160008,729.07951257354239,2026-08-20T00:09:10-04:00
12117500,1999-08-20,270,A,7.6455485798399998,660.57539729817597,2026-08-20T00:09:10-04:00
12117500,1999-08-21,267,A,7.5605980400639998,653.23567066152964,2026-08-20T00:09:10-04:00
12117500,1999-08-22,267,A,7.5605980400639998,653.23567066152964,2026-08-20T00:09:10-04:00
12117500,1999-08-23,263,A,7.4473306536960004,643.44936847933445,2026-08-20T00:09:10-04:00
12117500,1999-08-24,261,A,7.3906969605119999,638.55621738823686,2026-08-20T00:09:10-04:00
12117500,1999-08-25,261,A,7.3906969605119999,638.55621738823686,2026-08-20T00:09:10-04:00
12117500,1999-08-26,260,A,7.3623801139200005,636.10964184268801,2026-08-20T00:09:10-04:00
12117500,1999-08-27,257,A,7.2774295741440005,628.76991520604167,2026-08-20T00:09:10-04:00
12117500,1999-08-28,254,A,7.1924790343680005,621.43018856939523,2026-08-20T00:09:10-04:00
12117500,1999-08-29,268,A,7.5889148866560001,655.68224620707838,2026-08-20T00:09:10-04:00
12117500,1999-08-30,297,A,8.4101034378240005,726.63293702799365,2026-08-20T00:09:10-04:00
12117500,1999-08-31,336,A,9.5144604549120011,822.04938330439677,2026-08-20T00:09:10-04:00
12117500,1999-09-01,333,A,9.4295099151360002,814.70965666775044,2026-08-20T00:09:10-04:00
12117500,1999-09-02,332,A,9.4011930685439999,812.26308112220158,2026-08-20T00:09:10-04:00
12117500,1999-09-03,329,A,9.3162425287680009,804.92335448555525,2026-08-20T00:09:10-04:00
12117500,1999-09-04,324,A,9.1746582958079994,792.69047675781121,2026-08-20T00:09:10-04:00
12117500,1999-09-05,323,A,9.1463414492160009,790.24390121226247,2026-08-20T00:09:10-04:00
12117500,1999-09-06,326,A,9.231291988992,797.5836278489088,2026-08-20T00:09:10-04:00
12117500,1999-09-07,321,A,9.0897077560320003,785.35075012116488,2026-08-20T00:09:10-04:00
12117500,1999-09-08,321,A,9.0897077560320003,785.35075012116488,2026-08-20T00:09:10-04:00
12117500,1999-09-09,320,A,9.06139090944,782.90417457561603,2026-08-20T00:09:10-04:00
12117500,1999-09-10,317,A,8.9764403696640009,775.56444793896958,2026-08-20T00:09:10-04:00
12117500,1999-09-11,317,A,8.9764403696640009,775.56444793896958,2026-08-20T00:09:10-04:00
12117500,1999-09-12,315,A,8.9198066764800004,770.67129684787199,2026-08-20T00:09:10-04:00
12117500,1999-09-13,313,A,8.8631729832959998,765.77814575677439,2026-08-20T00:09:10-04:00
12117500,1999-09-14,331,A,9.3728762219519997,809.81650557665284,2026-08-20T00:09:10-04:00
12117500,1999-09-15,386,A,10.930302784512,944.37816058183682,2026-08-20T00:09:10-04:00
12117500,1999-09-16,414,A,11.723174489088001,1012.8822758572032,2026-08-20T00:09:10-04:00
12117500,1999-09-17,414,A,11.723174489088001,1012.8822758572032,2026-08-20T00:09:10-04:00
12117500,1999-09-18,414,A,11.723174489088001,1012.8822758572032,2026-08-20T00:09:10-04:00
12117500,1999-09-19,414,A,11.723174489088001,1012.8822758572032,2026-08-20T00:09:10-04:00
12117500,1999-09-20,413,A,11.694857642496,1010.4357003116544,2026-08-20T00:09:10-04:00
12117500,1999-09-21,408,A,11.553273409536001,998.20282258391046,2026-08-20T00:09:10-04:00
12117500,1999-09-22,401,A,11.355055483392,981.07679376506883,2026-08-20T00:09:10-04:00
12117500,1999-09-23,396,A,11.213471250432001,968.84391603732479,2026-08-20T00:09:10-04:00
12117500,1999-09-24,373,A,10.562183778816001,912.57267848970241,2026-08-20T00:09:10-04:00
12117500,1999-09-25,374,A,10.590500625408,915.01925403525127,2026-08-20T00:09:10-04:00
12117500,1999-09-26,369,A,10.448916392448,902.78637630750723,2026-08-20T00:09:10-04:00
12117500,1999-09-27,363,A,10.279015312896,888.10692303421445,2026-08-20T00:09:10-04:00
12117500,1999-09-28,359,A,10.165747926528001,878.32062085201926,2026-08-20T00:09:10-04:00
12117500,1999-09-29,359,A,10.165747926528001,878.32062085201926,2026-08-20T00:09:10-04:00
12117500,1999-09-30,355,A,10.052480540159999,868.53431866982407,2026-08-20T00:09:10-04:00
12117500,1999-10-01,355,A,10.052480540159999,868.53431866982407,2026-08-20T00:09:10-04:00
12117500,1999-10-02,353,A,9.9958468469760007,863.64116757872648,2026-08-20T00:09:10-04:00
12117500,1999-10-03,351,A,9.9392131537920001,858.74801648762877,2026-08-20T00:09:10-04:00
12117500,1999-10-04,351,A,9.9392131537920001,858.74801648762877,2026-08-20T00:09:10-04:00
12117500,1999-10-05,351,A,9.9392131537920001,858.74801648762877,2026-08-20T00:09:10-04:00
12117500,1999-10-06,383,A,10.845352244736,937.03843394519038,2026-08-20T00:09:10-04:00
12117500,1999-10-07,453,A,12.827531506176001,1108.2987221336064,2026-08-20T00:09:10-04:00
12117500,1999-10-08,636,A,18.009514432511999,1556.0220469690369,2026-08-20T00:09:10-04:00
12117500,1999-10-09,456,A,12.912482045952,1115.6384487702528,2026-08-20T00:09:10-04:00
12117500,1999-10-10,461,A,13.054066278912,1127.8713264979967,2026-08-20T00:09:10-04:00
12117500,1999-10-11,475,A,13.4505021312,1162.12338413568,2026-08-20T00:09:10-04:00
12117500,1999-10-12,526,A,14.894661307392001,1286.8987369586689,2026-08-20T00:09:10-04:00
12117500,1999-10-13,533,A,15.092879233536001,1304.0247657775105,2026-08-20T00:09:10-04:00
12117500,1999-10-14,537,A,15.206146619904001,1313.8110679597057,2026-08-20T00:09:10-04:00
12117500,1999-10-15,522,A,14.781393921024,1277.1124347764737,2026-08-20T00:09:10-04:00
12117500,1999-10-16,513,A,14.526542301696001,1255.0932548665344,2026-08-20T00:09:10-04:00
12117500,1999-10-17,509,A,14.413274915328,1245.3069526843392,2026-08-20T00:09:10-04:00
12117500,1999-10-18,507,A,14.356641222144001,1240.4138015932417,2026-08-20T00:09:10-04:00
12117500,1999-10-19,503,A,14.243373835776,1230.6274994110465,2026-08-20T00:09:10-04:00
12117500,1999-10-20,499,A,14.130106449408,1220.8411972288513,2026-08-20T00:09:10-04:00
12117500,1999-10-21,498,A,14.101789602816,1218.3946216833024,2026-08-20T00:09:10-04:00
12117500,1999-10-22,517,A,14.639809688064,1264.8795570487296,2026-08-20T00:09:10-04:00
12117500,1999-10-23,552,A,15.630899318784001,1350.5097011429377,2026-08-20T00:09:10-04:00
12117500,1999-10-24,554,A,15.687533011968,1355.4028522340352,2026-08-20T00:09:10-04:00
12117500,1999-10-25,558,A,15.800800398336001,1365.1891544162304,2026-08-20T00:09:10-04:00
12117500,1999-10-26,555,A,15.71584985856,1357.8494277795839,2026-08-20T00:09:10-04:00
12117500,1999-10-27,498,A,14.101789602816,1218.3946216833024,2026-08-20T00:09:10-04:00
12117500,1999-10-28,511,A,14.469908608512,1250.2001037754369,2026-08-20T00:09:10-04:00
12117500,1999-10-29,483,A,13.677036903936001,1181.6959885000704,2026-08-20T00:09:10-04:00
12117500,1999-10-30,478,A,13.535452670976001,1169.4631107723264,2026-08-20T00:09:10-04:00
12117500,1999-10-31,503,A,14.243373835776,1230.6274994110465,2026-08-20T00:09:10-04:00
12117500,1999-11-01,481,A,13.620403210752,1176.8028374089729,2026-08-20T00:09:10-04:00
12117500,1999-11-02,471,A,13.337234744832001,1152.3370819534848,2026-08-20T00:09:10-04:00
12117500,1999-11-03,470,A,13.308917898240001,1149.8905064079361,2026-08-20T00:09:10-04:00
12117500,1999-11-04,470,A,13.308917898240001,1149.8905064079361,2026-08-20T00:09:10-04:00
12117500,1999-11-05,466,A,13.195650511872,1140.1042042257409,2026-08-20T00:09:10-04:00
12117500,1999-11-06,510,A,14.44159176192,1247.7535282298879,2026-08-20T00:09:10-04:00
12117500,1999-11-07,481,A,13.620403210752,1176.8028374089729,2026-08-20T00:09:10-04:00
12117500,1999-11-08,471,A,13.337234744832001,1152.3370819534848,2026-08-20T00:09:10-04:00
12117500,1999-11-09,504,A,14.271690682368,1233.0740749565953,2026-08-20T00:09:10-04:00
12117500,1999-11-10,589,A,16.678622642688001,1441.0329963282431,2026-08-20T00:09:10-04:00
12117500,1999-11-11,589,A,16.678622642688001,1441.0329963282431,2026-08-20T00:09:10-04:00
12117500,1999-11-12,1200,A,33.980215910399998,2935.8906546585599,2026-08-20T00:09:10-04:00
12117500,1999-11-13,972,A,27.523974887424,2378.0714302734336,2026-08-20T00:09:10-04:00
12117500,1999-11-14,645,A,18.26436605184,1578.041226878976,2026-08-20T00:09:10-04:00
12117500,1999-11-15,494,A,13.988522216448001,1208.6083195011072,2026-08-20T00:09:10-04:00
12117500,1999-11-16,640,A,18.12278181888,1565.8083491512321,2026-08-20T00:09:10-04:00
12117500,1999-11-17,796,A,22.540209887231999,1947.4741342568448,2026-08-20T00:09:10-04:00
12117500,1999-11-18,737,A,20.869515938304001,1803.1261770694657,2026-08-20T00:09:10-04:00
12117500,1999-11-19,717,A,20.303179006463999,1754.1946661584896,2026-08-20T00:09:10-04:00
12117500,1999-11-20,810,A,22.936645739519999,1981.726191894528,2026-08-20T00:09:10-04:00
12117500,1999-11-21,986,A,27.920410739712,2412.3234879111169,2026-08-20T00:09:10-04:00
12117500,1999-11-22,1160,A,32.847542046720001,2838.0276328366081,2026-08-20T00:09:10-04:00
12117500,1999-11-23,1320,A,37.378237501440005,3229.479720124416,2026-08-20T00:09:10-04:00
12117500,1999-11-24,1110,A,31.431699717120001,2715.6988555591679,2026-08-20T00:09:10-04:00
12117500,1999-11-25,1940,A,54.934682388479999,4746.3565583646723,2026-08-20T00:09:10-04:00
12117500,1999-11-26,1790,A,50.687155399680002,4379.3702265323518,2026-08-20T00:09:10-04:00
12117500,1999-11-27,1690,A,47.855470740480001,4134.7126719774724,2026-08-20T00:09:10-04:00
12117500,1999-11-28,1780,A,50.403986933760002,4354.904471076864,2026-08-20T00:09:10-04:00
12117500,1999-11-29,1760,A,49.837650001920004,4305.9729601658883,2026-08-20T00:09:10-04:00
12117500,1999-11-30,1850,A,52.386166195200005,4526.1647592652798,2026-08-20T00:09:10-04:00
12117500,1999-12-01,1820,A,51.53666079744,4452.7674928988163,2026-08-20T00:09:10-04:00
12117500,1999-12-02,1980,A,56.067356252160003,4844.2195801866237,2026-08-20T00:09:10-04:00
12117500,1999-12-03,1880,A,53.235671592960003,4599.5620256317443,2026-08-20T00:09:10-04:00
12117500,1999-12-04,1810,A,51.25349233152,4428.3017374433284,2026-08-20T00:09:10-04:00
12117500,1999-12-05,1770,A,50.120818467840003,4330.4387156213761,2026-08-20T00:09:10-04:00
12117500,1999-12-06,1760,A,49.837650001920004,4305.9729601658883,2026-08-20T00:09:10-04:00
12117500,1999-12-07,1700,A,48.138639206400001,4159.1784274329602,2026-08-20T00:09:10-04:00
12117500,1999-12-08,1640,A,46.439628410880005,4012.3838947000322,2026-08-20T00:09:10-04:00
12117500,1999-12-09,1590,A,45.023786081280001,3890.055117422592,2026-08-20T00:09:10-04:00
12117500,1999-12-10,1420,A,40.209922160639998,3474.1372746792963,2026-08-20T00:09:10-04:00
12117500,1999-12-11,1510,A,42.758438353919999,3694.3290737786883,2026-08-20T00:09:10-04:00
12117500,1999-12-12,1730,A,48.988144604159999,4232.5756937994238,2026-08-20T00:09:10-04:00
12117500,1999-12-13,1680,A,47.572302274560002,4110.2469165219845,2026-08-20T00:09:10-04:00
12117500,1999-12-14,1670,A,47.289133808640003,4085.7811610664962,2026-08-20T00:09:10-04:00
12117500,1999-12-15,1980,A,56.067356252160003,4844.2195801866237,2026-08-20T00:09:10-04:00
12117500,1999-12-16,2290,A,64.845578695680004,5602.6579993067526,2026-08-20T00:09:10-04:00
12117500,1999-12-17,2420,A,68.526768752639995,5920.7128202280965,2026-08-20T00:09:10-04:00
12117500,1999-12-18,2720,A,77.021822730240004,6654.6854838927366,2026-08-20T00:09:10-04:00
12117500,1999-12-19,2710,A,76.738654264320004,6630.2197284372478,2026-08-20T00:09:10-04:00
12117500,1999-12-20,2420,A,68.526768752639995,5920.7128202280965,2026-08-20T00:09:10-04:00
12117500,1999-12-21,2110,A,59.748546309120002,5162.2744011079685,2026-08-20T00:09:10-04:00
12117500,1999-12-22,1960,A,55.501019320320005,4795.288069275648,2026-08-20T00:09:10-04:00
12117500,1999-12-23,2270,A,64.279241763840005,5553.726488395776,2026-08-20T00:09:10-04:00
12117500,1999-12-24,2230,A,63.146567900160001,5455.8634665738246,2026-08-20T00:09:10-04:00
12117500,1999-12-25,2130,A,60.31488324096,5211.2059120189442,2026-08-20T00:09:10-04:00
12117500,1999-12-26,2070,A,58.615872445440004,5064.4113792860162,2026-08-20T00:09:10-04:00
12117500,1999-12-27,2010,A,56.916861649920001,4917.6168465530882,2026-08-20T00:09:10-04:00
12117500,1999-12-28,1940,A,54.934682388479999,4746.3565583646723,2026-08-20T00:09:10-04:00
12117500,1999-12-29,1700,A,48.138639206400001,4159.1784274329602,2026-08-20T00:09:10-04:00
12117500,1999-12-30,1250,A,35.396058240000002,3058.2194319360001,2026-08-20T00:09:10-04:00
12117500,1999-12-31,1050,A,29.732688921600001,2568.9043228262399,2026-08-20T00:09:10-04:00
12117500,2000-01-01,1050,A,29.732688921600001,2568.9043228262399,2026-08-20T00:09:10-04:00
12117500,2000-01-02,1010,A,28.60001505792,2471.041301004288,2026-08-20T00:09:10-04:00
12117500,2000-01-03,1020,A,28.88318352384,2495.5070564597759,2026-08-20T00:09:10-04:00
12117500,2000-01-04,1140,A,32.281205114880002,2789.0961219256319,2026-08-20T00:09:10-04:00
12117500,2000-01-05,1070,A,30.29902585344,2617.835833737216,2026-08-20T00:09:10-04:00
12117500,2000-01-06,1040,A,29.449520455680002,2544.438567370752,2026-08-20T00:09:10-04:00
12117500,2000-01-07,1030,A,29.166351989760003,2519.9728119152642,2026-08-20T00:09:10-04:00
12117500,2000-01-08,1070,A,30.29902585344,2617.835833737216,2026-08-20T00:09:10-04:00
12117500,2000-01-09,1090,A,30.865362785280002,2666.7673446481922,2026-08-20T00:09:10-04:00
12117500,2000-01-10,1060,A,30.015857387520001,2593.3700782817282,2026-08-20T00:09:10-04:00
12117500,2000-01-11,1040,A,29.449520455680002,2544.438567370752,2026-08-20T00:09:10-04:00
12117500,2000-01-12,1020,A,28.88318352384,2495.5070564597759,2026-08-20T00:09:10-04:00
12117500,2000-01-13,982,A,27.807143353343999,2402.5371857289215,2026-08-20T00:09:10-04:00
12117500,2000-01-14,926,A,26.221399944192001,2265.5289551781889,2026-08-20T00:09:10-04:00
12117500,2000-01-15,862,A,24.409121762304,2108.9481202630654,2026-08-20T00:09:10-04:00
12117500,2000-01-16,848,A,24.012685910016,2074.6960626253826,2026-08-20T00:09:10-04:00
12117500,2000-01-17,833,A,23.587933211136001,2037.9974294421504,2026-08-20T00:09:10-04:00
12117500,2000-01-18,784,A,22.200407728127999,1918.1152277102592,2026-08-20T00:09:10-04:00
12117500,2000-01-19,689,A,19.510307301888002,1685.6905508831233,2026-08-20T00:09:10-04:00
12117500,2000-01-20,618,A,17.499811193856001,1511.9836871491584,2026-08-20T00:09:10-04:00
12117500,2000-01-21,620,A,17.556444887040001,1516.8768382402561,2026-08-20T00:09:10-04:00
12117500,2000-01-22,609,A,17.244959574528,1489.9645072392193,2026-08-20T00:09:10-04:00
12117500,2000-01-23,600,A,16.990107955199999,1467.94532732928,2026-08-20T00:09:10-04:00
12117500,2000-01-24,591,A,16.735256335872002,1445.9261474193409,2026-08-20T00:09:10-04:00
12117500,2000-01-25,578,A,16.367137330176,1414.1206653272066,2026-08-20T00:09:10-04:00
12117500,2000-01-26,501,A,14.186740142592001,1225.7343483199488,2026-08-20T00:09:10-04:00
12117500,2000-01-27,488,A,13.818621136896001,1193.9288662278145,2026-08-20T00:09:10-04:00
12117500,2000-01-28,479,A,13.563769517568,1171.9096863178752,2026-08-20T00:09:10-04:00
12117500,2000-01-29,472,A,13.365551591424,1154.7836574990336,2026-08-20T00:09:10-04:00
12117500,2000-01-30,465,A,13.167333665280001,1137.6576286801921,2026-08-20T00:09:10-04:00
12117500,2000-01-31,461,A,13.054066278912,1127.8713264979967,2026-08-20T00:09:10-04:00
12117500,2000-02-01,777,A,22.002189801984002,1900.9891988914176,2026-08-20T00:09:10-04:00
12117500,2000-02-02,714,A,20.218228466688,1746.8549395218433,2026-08-20T00:09:10-04:00
12117500,2000-02-03,607,A,17.188325881343999,1485.0713561481216,2026-08-20T00:09:10-04:00
12117500,2000-02-04,561,A,15.885750938112,1372.5288810528768,2026-08-20T00:09:10-04:00
12117500,2000-02-05,532,A,15.064562386944001,1301.5781902319616,2026-08-20T00:09:10-04:00
12117500,2000-02-06,520,A,14.724760227840001,1272.219283685376,2026-08-20T00:09:10-04:00
12117500,2000-02-07,509,A,14.413274915328,1245.3069526843392,2026-08-20T00:09:10-04:00
12117500,2000-02-08,556,A,15.744166705152001,1360.2960033251329,2026-08-20T00:09:10-04:00
12117500,2000-02-09,562,A,15.914067784704001,1374.9754565984256,2026-08-20T00:09:10-04:00
12117500,2000-02-10,530,A,15.00792869376,1296.6850391408641,2026-08-20T00:09:10-04:00
12117500,2000-02-11,513,A,14.526542301696001,1255.0932548665344,2026-08-20T00:09:10-04:00
12117500,2000-02-12,502,A,14.215056989184001,1228.1809238654976,2026-08-20T00:09:10-04:00
12117500,2000-02-13,490,A,13.875254830080001,1198.822017318912,2026-08-20T00:09:10-04:00
12117500,2000-02-14,484,A,13.705353750528001,1184.1425640456193,2026-08-20T00:09:10-04:00
12117500,2000-02-15,481,A,13.620403210752,1176.8028374089729,2026-08-20T00:09:10-04:00
12117500,2000-02-16,472,A,13.365551591424,1154.7836574990336,2026-08-20T00:09:10-04:00
12117500,2000-02-17,498,A,14.101789602816,1218.3946216833024,2026-08-20T00:09:10-04:00
12117500,2000-02-18,556,A,15.744166705152001,1360.2960033251329,2026-08-20T00:09:10-04:00
12117500,2000-02-19,553,A,15.659216165376,1352.9562766884865,2026-08-20T00:09:10-04:00
12117500,2000-02-20,547,A,15.489315085824,1338.2768234151936,2026-08-20T00:09:10-04:00
12117500,2000-02-21,554,A,15.687533011968,1355.4028522340352,2026-08-20T00:09:10-04:00
12117500,2000-02-22,574,A,16.253869943807999,1404.3343631450111,2026-08-20T00:09:10-04:00
12117500,2000-02-23,616,A,17.443177500672,1507.0905360580609,2026-08-20T00:09:10-04:00
12117500,2000-02-24,647,A,18.320999745024,1582.9343779700737,2026-08-20T00:09:10-04:00
12117500,2000-02-25,646,A,18.292682898432002,1580.4878024245249,2026-08-20T00:09:10-04:00
12117500,2000-02-26,670,A,18.972287216640002,1639.2056155176961,2026-08-20T00:09:10-04:00
12117500,2000-02-27,689,A,19.510307301888002,1685.6905508831233,2026-08-20T00:09:10-04:00
12117500,2000-02-28,695,A,19.68020838144,1700.3700041564161,2026-08-20T00:09:10-04:00
12117500,2000-02-29,732,A,20.727931705344002,1790.8932993417216,2026-08-20T00:09:10-04:00
12117500,2000-03-01,755,A,21.37921917696,1847.1645368893442,2026-08-20T00:09:10-04:00
12117500,2000-03-02,803,A,22.738427813375999,1964.6001630756864,2026-08-20T00:09:10-04:00
12117500,2000-03-03,870,A,24.635656535039999,2128.5207246274563,2026-08-20T00:09:10-04:00
12117500,2000-03-04,929,A,26.306350483968,2272.8686818148353,2026-08-20T00:09:10-04:00
12117500,2000-03-05,897,A,25.400211393024001,2194.5782643572738,2026-08-20T00:09:10-04:00
12117500,2000-03-06,871,A,24.663973381632001,2130.9673001730048,2026-08-20T00:09:10-04:00
12117500,2000-03-07,803,A,22.738427813375999,1964.6001630756864,2026-08-20T00:09:10-04:00
12117500,2000-03-08,694,A,19.651891534848001,1697.9234286108672,2026-08-20T00:09:10-04:00
12117500,2000-03-09,639,A,18.094464972288002,1563.3617736056833,2026-08-20T00:09:10-04:00
12117500,2000-03-10,625,A,17.698029120000001,1529.109715968,2026-08-20T00:09:10-04:00
12117500,2000-03-11,609,A,17.244959574528,1489.9645072392193,2026-08-20T00:09:10-04:00
12117500,2000-03-12,564,A,15.970701477888001,1379.8686076895233,2026-08-20T00:09:10-04:00
12117500,2000-03-13,560,A,15.85743409152,1370.0823055073281,2026-08-20T00:09:10-04:00
12117500,2000-03-14,605,A,17.131692188159999,1480.1782050570241,2026-08-20T00:09:10-04:00
12117500,2000-03-15,579,A,16.395454176768002,1416.5672408727553,2026-08-20T00:09:10-04:00
12117500,2000-03-16,615,A,17.414860654080002,1504.643960512512,2026-08-20T00:09:10-04:00
12117500,2000-03-17,601,A,17.018424801792001,1470.3919028748289,2026-08-20T00:09:10-04:00
12117500,2000-03-18,624,A,17.669712273407999,1526.6631404224513,2026-08-20T00:09:10-04:00
12117500,2000-03-19,639,A,18.094464972288002,1563.3617736056833,2026-08-20T00:09:10-04:00
12117500,2000-03-20,605,A,17.131692188159999,1480.1782050570241,2026-08-20T00:09:10-04:00
12117500,2000-03-21,577,A,16.338820483584001,1411.6740897816576,2026-08-20T00:09:10-04:00
12117500,2000-03-22,647,A,18.320999745024,1582.9343779700737,2026-08-20T00:09:10-04:00
12117500,2000-03-23,679,A,19.227138835967999,1661.2247954276352,2026-08-20T00:09:10-04:00
12117500,2000-03-24,719,A,20.359812699648,1759.0878172495873,2026-08-20T00:09:10-04:00
12117500,2000-03-25,674,A,19.085554603007999,1648.9919176998912,2026-08-20T00:09:10-04:00
12117500,2000-03-26,653,A,18.490900824576002,1597.6138312433663,2026-08-20T00:09:10-04:00
12117500,2000-03-27,647,A,18.320999745024,1582.9343779700737,2026-08-20T00:09:10-04:00
12117500,2000-03-28,630,A,17.839613352960001,1541.342593695744,2026-08-20T00:09:10-04:00
12117500,2000-03-29,610,A,17.273276421120002,1492.411082784768,2026-08-20T00:09:10-04:00
12117500,2000-03-30,590,A,16.70693948928,1443.4795718737921,2026-08-20T00:09:10-04:00
12117500,2000-03-31,564,A,15.970701477888001,1379.8686076895233,2026-08-20T00:09:10-04:00
12117500,2000-04-01,568,A,16.083968864256001,1389.6549098717185,2026-08-20T00:09:10-04:00
12117500,2000-04-02,581,A,16.452087869951999,1421.4603919638528,2026-08-20T00:09:10-04:00
12117500,2000-04-03,594,A,16.820206875648001,1453.2658740559873,2026-08-20T00:09:10-04:00
12117500,2000-04-04,667,A,18.887336676863999,1631.8658888810496,2026-08-20T00:09:10-04:00
12117500,2000-04-05,662,A,18.745752443903999,1619.6330111533057,2026-08-20T00:09:10-04:00
12117500,2000-04-06,682,A,19.312089375744002,1668.5645220642816,2026-08-20T00:09:10-04:00
12117500,2000-04-07,669,A,18.943970370048,1636.7590399721473,2026-08-20T00:09:10-04:00
12117500,2000-04-08,664,A,18.802386137088,1624.5261622444032,2026-08-20T00:09:10-04:00
12117500,2000-04-09,659,A,18.660801904128,1612.2932845166592,2026-08-20T00:09:10-04:00
12117500,2000-04-10,661,A,18.717435597312001,1617.1864356077569,2026-08-20T00:09:10-04:00
12117500,2000-04-11,670,A,18.972287216640002,1639.2056155176961,2026-08-20T00:09:10-04:00
12117500,2000-04-12,632,A,17.896247046144001,1546.2357447868417,2026-08-20T00:09:10-04:00
12117500,2000-04-13,663,A,18.774069290496001,1622.0795866988544,2026-08-20T00:09:10-04:00
12117500,2000-04-14,898,A,25.428528239616,2197.0248399028224,2026-08-20T00:09:10-04:00
12117500,2000-04-15,1240,A,35.112889774080003,3033.7536764805122,2026-08-20T00:09:10-04:00
12117500,2000-04-16,1110,A,31.431699717120001,2715.6988555591679,2026-08-20T00:09:10-04:00
12117500,2000-04-17,1030,A,29.166351989760003,2519.9728119152642,2026-08-20T00:09:10-04:00
12117500,2000-04-18,1000,A,28.316846592000001,2446.5755455488002,2026-08-20T00:09:10-04:00
12117500,2000-04-19,1320,A,37.378237501440005,3229.479720124416,2026-08-20T00:09:10-04:00
12117500,2000-04-20,1320,A,37.378237501440005,3229.479720124416,2026-08-20T00:09:10-04:00
12117500,2000-04-21,1290,A,36.528732103679999,3156.082453757952,2026-08-20T00:09:10-04:00
12117500,2000-04-22,1220,A,34.546552842240004,2984.8221655695361,2026-08-20T00:09:10-04:00
12117500,2000-04-23,1220,A,34.546552842240004,2984.8221655695361,2026-08-20T00:09:10-04:00
12117500,2000-04-24,1190,A,33.697047444479999,2911.4248992030721,2026-08-20T00:09:10-04:00
12117500,2000-04-25,1090,A,30.865362785280002,2666.7673446481922,2026-08-20T00:09:10-04:00
12117500,2000-04-26,994,A,28.146945512447999,2431.8960922755073,2026-08-20T00:09:10-04:00
12117500,2000-04-27,920,A,26.051498864639999,2250.849501904896,2026-08-20T00:09:10-04:00
12117500,2000-04-28,780,A,22.087140341760001,1908.328925528064,2026-08-20T00:09:10-04:00
12117500,2000-04-29,730,A,20.671298012160001,1786.0001482506241,2026-08-20T00:09:10-04:00
12117500,2000-04-30,702,A,19.878426307584,1717.4960329752575,2026-08-20T00:09:10-04:00
12117500,2000-05-01,658,A,18.632485057536002,1609.8467089711105,2026-08-20T00:09:10-04:00
12117500,2000-05-02,617,A,17.471494347263999,1509.5371116036097,2026-08-20T00:09:10-04:00
12117500,2000-05-03,637,A,18.037831279104001,1558.4686225145856,2026-08-20T00:09:10-04:00
12117500,2000-05-04,646,A,18.292682898432002,1580.4878024245249,2026-08-20T00:09:10-04:00
12117500,2000-05-05,640,A,18.12278181888,1565.8083491512321,2026-08-20T00:09:10-04:00
12117500,2000-05-06,612,A,17.329910114303999,1497.3042338758657,2026-08-20T00:09:10-04:00
12117500,2000-05-07,573,A,16.225553097216,1401.8877875994624,2026-08-20T00:09:10-04:00
12117500,2000-05-08,548,A,15.517631932416,1340.7233989607425,2026-08-20T00:09:10-04:00
12117500,2000-05-09,572,A,16.197236250624002,1399.4412120539137,2026-08-20T00:09:10-04:00
12117500,2000-05-10,572,A,16.197236250624002,1399.4412120539137,2026-08-20T00:09:10-04:00
12117500,2000-05-11,586,A,16.593672102912002,1433.6932696915969,2026-08-20T00:09:10-04:00
12117500,2000-05-12,563,A,15.942384631296001,1377.4220321439745,2026-08-20T00:09:10-04:00
12117500,2000-05-13,566,A,16.027335171072,1384.7617587806208,2026-08-20T00:09:10-04:00
12117500,2000-05-14,554,A,15.687533011968,1355.4028522340352,2026-08-20T00:09:10-04:00
12117500,2000-05-15,547,A,15.489315085824,1338.2768234151936,2026-08-20T00:09:10-04:00
12117500,2000-05-16,545,A,15.432681392640001,1333.3836723240961,2026-08-20T00:09:10-04:00
12117500,2000-05-17,584,A,16.537038409728002,1428.8001186004992,2026-08-20T00:09:10-04:00
12117500,2000-05-18,604,A,17.103375341568,1477.7316295114751,2026-08-20T00:09:10-04:00
12117500,2000-05-19,640,A,18.12278181888,1565.8083491512321,2026-08-20T00:09:10-04:00
12117500,2000-05-20,592,A,16.763573182464,1448.3727229648896,2026-08-20T00:09:10-04:00
12117500,2000-05-21,585,A,16.56535525632,1431.246694146048,2026-08-20T00:09:10-04:00
12117500,2000-05-22,602,A,17.046741648384,1472.8384784203777,2026-08-20T00:09:10-04:00
12117500,2000-05-23,621,A,17.584761733632,1519.3234137858049,2026-08-20T00:09:10-04:00
12117500,2000-05-24,710,A,20.104961080319999,1737.0686373396481,2026-08-20T00:09:10-04:00
12117500,2000-05-25,706,A,19.991693693952001,1727.282335157453,2026-08-20T00:09:10-04:00
12117500,2000-05-26,639,A,18.094464972288002,1563.3617736056833,2026-08-20T00:09:10-04:00
12117500,2000-05-27,577,A,16.338820483584001,1411.6740897816576,2026-08-20T00:09:10-04:00
12117500,2000-05-28,571,A,16.168919404032,1396.9946365083649,2026-08-20T00:09:10-04:00
12117500,2000-05-29,575,A,16.282186790400001,1406.7809386905601,2026-08-20T00:09:10-04:00
12117500,2000-05-30,571,A,16.168919404032,1396.9946365083649,2026-08-20T00:09:10-04:00
12117500,2000-05-31,603,A,17.075058494976002,1475.2850539659264,2026-08-20T00:09:10-04:00
12117500,2000-06-01,572,A,16.197236250624002,1399.4412120539137,2026-08-20T00:09:10-04:00
12117500,2000-06-02,553,A,15.659216165376,1352.9562766884865,2026-08-20T00:09:10-04:00
12117500,2000-06-03,540,A,15.29109715968,1321.1507945963519,2026-08-20T00:09:10-04:00
12117500,2000-06-04,548,A,15.517631932416,1340.7233989607425,2026-08-20T00:09:10-04:00
12117500,2000-06-05,570,A,16.140602557440001,1394.548060962816,2026-08-20T00:09:10-04:00
12117500,2000-06-06,570,A,16.140602557440001,1394.548060962816,2026-08-20T00:09:10-04:00
12117500,2000-06-07,572,A,16.197236250624002,1399.4412120539137,2026-08-20T00:09:10-04:00
12117500,2000-06-08,574,A,16.253869943807999,1404.3343631450111,2026-08-20T00:09:10-04:00
12117500,2000-06-09,552,A,15.630899318784001,1350.5097011429377,2026-08-20T00:09:10-04:00
12117500,2000-06-10,537,A,15.206146619904001,1313.8110679597057,2026-08-20T00:09:10-04:00
12117500,2000-06-11,542,A,15.347730852864,1326.0439456874496,2026-08-20T00:09:10-04:00
12117500,2000-06-12,980,A,27.750509660160002,2397.644034637824,2026-08-20T00:09:10-04:00
12117500,2000-06-13,1020,A,28.88318352384,2495.5070564597759,2026-08-20T00:09:10-04:00
12117500,2000-06-14,1100,A,31.148531251200001,2691.23310010368,2026-08-20T00:09:10-04:00
12117500,2000-06-15,1240,A,35.112889774080003,3033.7536764805122,2026-08-20T00:09:10-04:00
12117500,2000-06-16,1200,A,33.980215910399998,2935.8906546585599,2026-08-20T00:09:10-04:00
12117500,2000-06-17,1180,A,33.41387897856,2886.9591437475842,2026-08-20T00:09:10-04:00
12117500,2000-06-18,1170,A,33.13071051264,2862.4933882920959,2026-08-20T00:09:10-04:00
12117500,2000-06-19,1120,A,31.71486818304,2740.1646110146562,2026-08-20T00:09:10-04:00
12117500,2000-06-20,922,A,26.108132557824,2255.7426529959935,2026-08-20T00:09:10-04:00
12117500,2000-06-21,756,A,21.407536023552002,1849.6111124348929,2026-08-20T00:09:10-04:00
12117500,2000-06-22,707,A,20.020010540544,1729.7289107030017,2026-08-20T00:09:10-04:00
12117500,2000-06-23,663,A,18.774069290496001,1622.0795866988544,2026-08-20T00:09:10-04:00
12117500,2000-06-24,590,A,16.70693948928,1443.4795718737921,2026-08-20T00:09:10-04:00
12117500,2000-06-25,543,A,15.376047699456,1328.4905212329984,2026-08-20T00:09:10-04:00
12117500,2000-06-26,521,A,14.753077074432001,1274.6658592309248,2026-08-20T00:09:10-04:00
12117500,2000-06-27,507,A,14.356641222144001,1240.4138015932417,2026-08-20T00:09:10-04:00
12117500,2000-06-28,499,A,14.130106449408,1220.8411972288513,2026-08-20T00:09:10-04:00
12117500,2000-06-29,497,A,14.073472756224,1215.9480461377536,2026-08-20T00:09:10-04:00
12117500,2000-06-30,527,A,14.922978153984001,1289.3453125042176,2026-08-20T00:09:10-04:00
12117500,2000-07-01,532,A,15.064562386944001,1301.5781902319616,2026-08-20T00:09:10-04:00
12117500,2000-07-02,510,A,14.44159176192,1247.7535282298879,2026-08-20T00:09:10-04:00
12117500,2000-07-03,509,A,14.413274915328,1245.3069526843392,2026-08-20T00:09:10-04:00
12117500,2000-07-04,505,A,14.30000752896,1235.520650502144,2026-08-20T00:09:10-04:00
12117500,2000-07-05,453,A,12.827531506176001,1108.2987221336064,2026-08-20T00:09:10-04:00
12117500,2000-07-06,417,A,11.808125028864,1020.2220024938497,2026-08-20T00:09:10-04:00
12117500,2000-07-07,409,A,11.581590256128001,1000.6493981294592,2026-08-20T00:09:10-04:00
12117500,2000-07-08,392,A,11.100203864064,959.0576138551296,2026-08-20T00:09:10-04:00
12117500,2000-07-09,389,A,11.015253324288,951.71788721848327,2026-08-20T00:09:10-04:00
12117500,2000-07-10,382,A,10.817035398144,934.59185839964164,2026-08-20T00:09:10-04:00
12117500,2000-07-11,374,A,10.590500625408,915.01925403525127,2026-08-20T00:09:10-04:00
12117500,2000-07-12,371,A,10.505550085632001,907.67952739860482,2026-08-20T00:09:10-04:00
12117500,2000-07-13,368,A,10.420599545856,900.33980076195849,2026-08-20T00:09:10-04:00
12117500,2000-07-14,364,A,10.307332159488,890.55349857976319,2026-08-20T00:09:10-04:00
12117500,2000-07-15,361,A,10.222381619711999,883.21377194311685,2026-08-20T00:09:10-04:00
12117500,2000-07-16,358,A,10.137431079936,875.87404530647041,2026-08-20T00:09:10-04:00
12117500,2000-07-17,365,A,10.335649006080001,893.00007412531204,2026-08-20T00:09:10-04:00
12117500,2000-07-18,407,A,11.524956562944,995.75624703836161,2026-08-20T00:09:10-04:00
12117500,2000-07-19,416,A,11.779808182272001,1017.7754269483008,2026-08-20T00:09:10-04:00
12117500,2000-07-20,442,A,12.516046193664,1081.3863911325695,2026-08-20T00:09:10-04:00
12117500,2000-07-21,440,A,12.459412500480001,1076.4932400414721,2026-08-20T00:09:10-04:00
12117500,2000-07-22,419,A,11.864758722048,1025.1151535849472,2026-08-20T00:09:10-04:00
12117500,2000-07-23,418,A,11.836441875456,1022.6685780393984,2026-08-20T00:09:10-04:00
12117500,2000-07-24,414,A,11.723174489088001,1012.8822758572032,2026-08-20T00:09:10-04:00
12117500,2000-07-25,398,A,11.270104943615999,973.73706712842238,2026-08-20T00:09:10-04:00
12117500,2000-07-26,387,A,10.958619631104,946.82473612738568,2026-08-20T00:09:10-04:00
12117500,2000-07-27,383,A,10.845352244736,937.03843394519038,2026-08-20T00:09:10-04:00
12117500,2000-07-28,381,A,10.788718551552,932.14528285409278,2026-08-20T00:09:10-04:00
12117500,2000-07-29,377,A,10.675451165184001,922.3589806718976,2026-08-20T00:09:10-04:00
12117500,2000-07-30,372,A,10.533866932224001,910.12610294415367,2026-08-20T00:09:10-04:00
12117500,2000-07-31,366,A,10.363965852672001,895.44664967086078,2026-08-20T00:09:10-04:00
12117500,2000-08-01,350,A,9.9108963071999998,856.30144094208003,2026-08-20T00:09:10-04:00
12117500,2000-08-02,345,A,9.7693120742400001,844.068563214336,2026-08-20T00:09:10-04:00
12117500,2000-08-03,330,A,9.3445593753600011,807.36993003110399,2026-08-20T00:09:10-04:00
12117500,2000-08-04,328,A,9.2879256821760006,802.4767789400064,2026-08-20T00:09:10-04:00
12117500,2000-08-05,324,A,9.1746582958079994,792.69047675781121,2026-08-20T00:09:10-04:00
12117500,2000-08-06,322,A,9.1180246026240006,787.79732566671362,2026-08-20T00:09:10-04:00
12117500,2000-08-07,321,A,9.0897077560320003,785.35075012116488,2026-08-20T00:09:10-04:00
12117500,2000-08-08,316,A,8.9481235230720007,773.11787239342084,2026-08-20T00:09:10-04:00
12117500,2000-08-09,316,A,8.9481235230720007,773.11787239342084,2026-08-20T00:09:10-04:00
12117500,2000-08-10,315,A,8.9198066764800004,770.67129684787199,2026-08-20T00:09:10-04:00
12117500,2000-08-11,313,A,8.8631729832959998,765.77814575677439,2026-08-20T00:09:10-04:00
12117500,2000-08-12,311,A,8.806539290112001,760.8849946656768,2026-08-20T00:09:10-04:00
12117500,2000-08-13,309,A,8.7499055969280004,755.99184357457921,2026-08-20T00:09:10-04:00
12117500,2000-08-14,307,A,8.6932719037439998,751.09869248348161,2026-08-20T00:09:10-04:00
12117500,2000-08-15,307,A,8.6932719037439998,751.09869248348161,2026-08-20T00:09:10-04:00
12117500,2000-08-16,317,A,8.9764403696640009,775.56444793896958,2026-08-20T00:09:10-04:00
12117500,2000-08-17,346,A,9.7976289208320004,846.51513875988485,2026-08-20T00:09:10-04:00
12117500,2000-08-18,347,A,9.8259457674240007,848.96171430543359,2026-08-20T00:09:10-04:00
12117500,2000-08-19,350,A,9.9108963071999998,856.30144094208003,2026-08-20T00:09:10-04:00
12117500,2000-08-20,347,A,9.8259457674240007,848.96171430543359,2026-08-20T00:09:10-04:00
12117500,2000-08-21,348,A,9.854262614016001,851.40828985098244,2026-08-20T00:09:10-04:00
12117500,2000-08-22,354,A,10.024163693568001,866.08774312427522,2026-08-20T00:09:10-04:00
12117500,2000-08-23,354,A,10.024163693568001,866.08774312427522,2026-08-20T00:09:10-04:00
12117500,2000-08-24,351,A,9.9392131537920001,858.74801648762877,2026-08-20T00:09:10-04:00
12117500,2000-08-25,358,A,10.137431079936,875.87404530647041,2026-08-20T00:09:10-04:00
12117500,2000-08-26,326,A,9.231291988992,797.5836278489088,2026-08-20T00:09:10-04:00
12117500,2000-08-27,305,A,8.636638210560001,746.20554139238402,2026-08-20T00:09:10-04:00
12117500,2000-08-28,301,A,8.5233708241919999,736.41923921018883,2026-08-20T00:09:10-04:00
12117500,2000-08-29,299,A,8.4667371310080011,731.52608811909124,2026-08-20T00:09:10-04:00
12117500,2000-08-30,303,A,8.5800045173760005,741.31239030128643,2026-08-20T00:09:10-04:00
12117500,2000-08-31,297,A,8.4101034378240005,726.63293702799365,2026-08-20T00:09:10-04:00
12117500,2000-09-01,278,A,7.8720833525760003,680.14800166256646,2026-08-20T00:09:10-04:00
12117500,2000-09-02,280,A,7.92871704576,685.04115275366405,2026-08-20T00:09:10-04:00
12117500,2000-09-03,281,A,7.9570338923520003,687.48772829921279,2026-08-20T00:09:10-04:00
12117500,2000-09-04,286,A,8.0986181253120009,699.72060602695683,2026-08-20T00:09:10-04:00
12117500,2000-09-05,278,A,7.8720833525760003,680.14800166256646,2026-08-20T00:09:10-04:00
12117500,2000-09-06,294,A,8.3251528980479996,719.2932103913472,2026-08-20T00:09:10-04:00
12117500,2000-09-07,295,A,8.3534697446399999,721.73978593689606,2026-08-20T00:09:10-04:00
12117500,2000-09-08,342,A,9.6843615344640011,836.72883657768966,2026-08-20T00:09:10-04:00
12117500,2000-09-09,328,A,9.2879256821760006,802.4767789400064,2026-08-20T00:09:10-04:00
12117500,2000-09-10,419,A,11.864758722048,1025.1151535849472,2026-08-20T00:09:10-04:00
12117500,2000-09-11,488,A,13.818621136896001,1193.9288662278145,2026-08-20T00:09:10-04:00
12117500,2000-09-12,465,A,13.167333665280001,1137.6576286801921,2026-08-20T00:09:10-04:00
12117500,2000-09-13,420,A,11.89307556864,1027.5617291304961,2026-08-20T00:09:10-04:00
12117500,2000-09-14,379,A,10.732084858368001,927.25213176299519,2026-08-20T00:09:10-04:00
12117500,2000-09-15,331,A,9.3728762219519997,809.81650557665284,2026-08-20T00:09:10-04:00
12117500,2000-09-16,276,A,7.8154496593920006,675.25485057146886,2026-08-20T00:09:10-04:00
12117500,2000-09-17,271,A,7.6738654264320001,663.02197284372482,2026-08-20T00:09:10-04:00
12117500,2000-09-18,281,A,7.9570338923520003,687.48772829921279,2026-08-20T00:09:10-04:00
12117500,2000-09-19,321,A,9.0897077560320003,785.35075012116488,2026-08-20T00:09:10-04:00
12117500,2000-09-20,311,A,8.806539290112001,760.8849946656768,2026-08-20T00:09:10-04:00
12117500,2000-09-21,309,A,8.7499055969280004,755.99184357457921,2026-08-20T00:09:10-04:00
12117500,2000-09-22,315,A,8.9198066764800004,770.67129684787199,2026-08-20T00:09:10-04:00
12117500,2000-09-23,332,A,9.4011930685439999,812.26308112220158,2026-08-20T00:09:10-04:00
12117500,2000-09-24,329,A,9.3162425287680009,804.92335448555525,2026-08-20T00:09:10-04:00
12117500,2000-09-25,326,A,9.231291988992,797.5836278489088,2026-08-20T00:09:10-04:00
12117500,2000-09-26,328,A,9.2879256821760006,802.4767789400064,2026-08-20T00:09:10-04:00
12117500,2000-09-27,381,A,10.788718551552,932.14528285409278,2026-08-20T00:09:10-04:00
12117500,2000-09-28,384,A,10.873669091328001,939.48500949073923,2026-08-20T00:09:10-04:00
12117500,2000-09-29,375,A,10.618817472,917.4658295808,2026-08-20T00:09:10-04:00
12117500,2000-09-30,516,A,14.611492841472,1262.4329815031808,2026-08-20T00:09:10-04:00
12117500,2000-10-01,538,A,15.234463466496001,1316.2576435052545,2026-08-20T00:09:10-04:00
12117500,2000-10-02,442,A,12.516046193664,1081.3863911325695,2026-08-20T00:09:10-04:00
12117500,2000-10-03,420,A,11.89307556864,1027.5617291304961,2026-08-20T00:09:10-04:00
12117500,2000-10-04,439,A,12.431095653888001,1074.0466644959233,2026-08-20T00:09:10-04:00
12117500,2000-10-05,443,A,12.544363040256,1083.8329666781185,2026-08-20T00:09:10-04:00
12117500,2000-10-06,509,A,14.413274915328,1245.3069526843392,2026-08-20T00:09:10-04:00
12117500,2000-10-07,526,A,14.894661307392001,1286.8987369586689,2026-08-20T00:09:10-04:00
12117500,2000-10-08,526,A,14.894661307392001,1286.8987369586689,2026-08-20T00:09:10-04:00
12117500,2000-10-09,527,A,14.922978153984001,1289.3453125042176,2026-08-20T00:09:10-04:00
12117500,2000-10-10,531,A,15.036245540352001,1299.1316146864128,2026-08-20T00:09:10-04:00
12117500,2000-10-11,543,A,15.376047699456,1328.4905212329984,2026-08-20T00:09:10-04:00
12117500,2000-10-12,593,A,16.791890029055999,1450.8192985104386,2026-08-20T00:09:10-04:00
12117500,2000-10-13,589,A,16.678622642688001,1441.0329963282431,2026-08-20T00:09:10-04:00
12117500,2000-10-14,553,A,15.659216165376,1352.9562766884865,2026-08-20T00:09:10-04:00
12117500,2000-10-15,547,A,15.489315085824,1338.2768234151936,2026-08-20T00:09:10-04:00
12117500,2000-10-16,562,A,15.914067784704001,1374.9754565984256,2026-08-20T00:09:10-04:00
12117500,2000-10-17,521,A,14.753077074432001,1274.6658592309248,2026-08-20T00:09:10-04:00
12117500,2000-10-18,499,A,14.130106449408,1220.8411972288513,2026-08-20T00:09:10-04:00
12117500,2000-10-19,469,A,13.280601051648,1147.4439308623873,2026-08-20T00:09:10-04:00
12117500,2000-10-20,534,A,15.121196080128,1306.4713413230593,2026-08-20T00:09:10-04:00
12117500,2000-10-21,524,A,14.838027614208,1282.0055858675712,2026-08-20T00:09:10-04:00
12117500,2000-10-22,437,A,12.374461960704,1069.1535134048256,2026-08-20T00:09:10-04:00
12117500,2000-10-23,409,A,11.581590256128001,1000.6493981294592,2026-08-20T00:09:10-04:00
12117500,2000-10-24,427,A,12.091293494784001,1044.6877579493375,2026-08-20T00:09:10-04:00
12117500,2000-10-25,452,A,12.799214659584001,1105.8521465880576,2026-08-20T00:09:10-04:00
12117500,2000-10-26,462,A,13.082383125504,1130.3179020435457,2026-08-20T00:09:10-04:00
12117500,2000-10-27,464,A,13.139016818688001,1135.2110531346432,2026-08-20T00:09:10-04:00
12117500,2000-10-28,496,A,14.045155909632001,1213.5014705922049,2026-08-20T00:09:10-04:00
12117500,2000-10-29,485,A,13.73367059712,1186.5891395911681,2026-08-20T00:09:10-04:00
12117500,2000-10-30,490,A,13.875254830080001,1198.822017318912,2026-08-20T00:09:10-04:00
12117500,2000-10-31,515,A,14.583175994880001,1259.9864059576321,2026-08-20T00:09:10-04:00
12117500,2000-11-01,520,A,14.724760227840001,1272.219283685376,2026-08-20T00:09:10-04:00
12117500,2000-11-02,550,A,15.574265625600001,1345.61655005184,2026-08-20T00:09:10-04:00
12117500,2000-11-03,548,A,15.517631932416,1340.7233989607425,2026-08-20T00:09:10-04:00
12117500,2000-11-04,562,A,15.914067784704001,1374.9754565984256,2026-08-20T00:09:10-04:00
12117500,2000-11-05,573,A,16.225553097216,1401.8877875994624,2026-08-20T00:09:10-04:00
12117500,2000-11-06,581,A,16.452087869951999,1421.4603919638528,2026-08-20T00:09:10-04:00
12117500,2000-11-07,548,A,15.517631932416,1340.7233989607425,2026-08-20T00:09:10-04:00
12117500,2000-11-08,572,A,16.197236250624002,1399.4412120539137,2026-08-20T00:09:10-04:00
12117500,2000-11-09,601,A,17.018424801792001,1470.3919028748289,2026-08-20T00:09:10-04:00
12117500,2000-11-10,550,A,15.574265625600001,1345.61655005184,2026-08-20T00:09:10-04:00
12117500,2000-11-11,500,A,14.158423296,1223.2877727744001,2026-08-20T00:09:10-04:00
12117500,2000-11-12,454,A,12.855848352768,1110.7452976791553,2026-08-20T00:09:10-04:00
12117500,2000-11-13,431,A,12.204560881152,1054.4740601315327,2026-08-20T00:09:10-04:00
12117500,2000-11-14,440,A,12.459412500480001,1076.4932400414721,2026-08-20T00:09:10-04:00
12117500,2000-11-15,445,A,12.600996733440001,1088.726117769216,2026-08-20T00:09:10-04:00
12117500,2000-11-16,460,A,13.02574943232,1125.424750952448,2026-08-20T00:09:10-04:00
12117500,2000-11-17,478,A,13.535452670976001,1169.4631107723264,2026-08-20T00:09:10-04:00
12117500,2000-11-18,477,A,13.507135824384001,1167.0165352267777,2026-08-20T00:09:10-04:00
12117500,2000-11-19,475,A,13.4505021312,1162.12338413568,2026-08-20T00:09:10-04:00
12117500,2000-11-20,475,A,13.4505021312,1162.12338413568,2026-08-20T00:09:10-04:00
12117500,2000-11-21,473,A,13.393868438016,1157.2302330445825,2026-08-20T00:09:10-04:00
12117500,2000-11-22,471,A,13.337234744832001,1152.3370819534848,2026-08-20T00:09:10-04:00
12117500,2000-11-23,483,A,13.677036903936001,1181.6959885000704,2026-08-20T00:09:10-04:00
12117500,2000-11-24,502,A,14.215056989184001,1228.1809238654976,2026-08-20T00:09:10-04:00
12117500,2000-11-25,503,A,14.243373835776,1230.6274994110465,2026-08-20T00:09:10-04:00
12117500,2000-11-26,541,A,15.319414006272,1323.5973701419009,2026-08-20T00:09:10-04:00
12117500,2000-11-27,646,A,18.292682898432002,1580.4878024245249,2026-08-20T00:09:10-04:00
12117500,2000-11-28,511,A,14.469908608512,1250.2001037754369,2026-08-20T00:09:10-04:00
12117500,2000-11-29,448,A,12.685947273216,1096.0658444058624,2026-08-20T00:09:10-04:00
12117500,2000-11-30,424,A,12.006342955008,1037.3480313126913,2026-08-20T00:09:10-04:00
12117500,2000-12-01,416,A,11.779808182272001,1017.7754269483008,2026-08-20T00:09:10-04:00
12117500,2000-12-02,441,A,12.487729347072001,1078.9398155870208,2026-08-20T00:09:10-04:00
12117500,2000-12-03,426,A,12.062976648192,1042.2411824037888,2026-08-20T00:09:10-04:00
12117500,2000-12-04,416,A,11.779808182272001,1017.7754269483008,2026-08-20T00:09:10-04:00
12117500,2000-12-05,414,A,11.723174489088001,1012.8822758572032,2026-08-20T00:09:10-04:00
12117500,2000-12-06,414,A,11.723174489088001,1012.8822758572032,2026-08-20T00:09:10-04:00
12117500,2000-12-07,409,A,11.581590256128001,1000.6493981294592,2026-08-20T00:09:10-04:00
12117500,2000-12-08,413,A,11.694857642496,1010.4357003116544,2026-08-20T00:09:10-04:00
12117500,2000-12-09,432,A,12.232877727744,1056.9206356770817,2026-08-20T00:09:10-04:00
12117500,2000-12-10,427,A,12.091293494784001,1044.6877579493375,2026-08-20T00:09:10-04:00
12117500,2000-12-11,426,A,12.062976648192,1042.2411824037888,2026-08-20T00:09:10-04:00
12117500,2000-12-12,433,A,12.261194574336001,1059.3672112226304,2026-08-20T00:09:10-04:00
12117500,2000-12-13,445,A,12.600996733440001,1088.726117769216,2026-08-20T00:09:10-04:00
12117500,2000-12-14,404,A,11.440006023168001,988.41652040171527,2026-08-20T00:09:10-04:00
12117500,2000-12-15,475,A,13.4505021312,1162.12338413568,2026-08-20T00:09:10-04:00
12117500,2000-12-16,499,A,14.130106449408,1220.8411972288513,2026-08-20T00:09:10-04:00
12117500,2000-12-17,524,A,14.838027614208,1282.0055858675712,2026-08-20T00:09:10-04:00
12117500,2000-12-18,497,A,14.073472756224,1215.9480461377536,2026-08-20T00:09:10-04:00
12117500,2000-12-19,498,A,14.101789602816,1218.3946216833024,2026-08-20T00:09:10-04:00
12117500,2000-12-20,505,A,14.30000752896,1235.520650502144,2026-08-20T00:09:10-04:00
12117500,2000-12-21,506,A,14.328324375552,1237.9672260476927,2026-08-20T00:09:10-04:00
12117500,2000-12-22,516,A,14.611492841472,1262.4329815031808,2026-08-20T00:09:10-04:00
12117500,2000-12-23,515,A,14.583175994880001,1259.9864059576321,2026-08-20T00:09:10-04:00
12117500,2000-12-24,505,A,14.30000752896,1235.520650502144,2026-08-20T00:09:10-04:00
12117500,2000-12-25,493,A,13.960205369856,1206.1617439555584,2026-08-20T00:09:10-04:00
12117500,2000-12-26,469,A,13.280601051648,1147.4439308623873,2026-08-20T00:09:10-04:00
12117500,2000-12-27,446,A,12.629313580032001,1091.1726933147647,2026-08-20T00:09:10-04:00
12117500,2000-12-28,434,A,12.289511420928001,1061.8137867681792,2026-08-20T00:09:10-04:00
12117500,2000-12-29,424,A,12.006342955008,1037.3480313126913,2026-08-20T00:09:10-04:00
12117500,2000-12-30,470,A,13.308917898240001,1149.8905064079361,2026-08-20T00:09:10-04:00
12117500,2000-12-31,481,A,13.620403210752,1176.8028374089729,2026-08-20T00:09:10-04:00
12117500,2001-01-01,478,A,13.535452670976001,1169.4631107723264,2026-08-20T00:09:10-04:00
12117500,2001-01-02,447,A,12.657630426624001,1093.6192688603137,2026-08-20T00:09:10-04:00
12117500,2001-01-03,404,A,11.440006023168001,988.41652040171527,2026-08-20T00:09:10-04:00
12117500,2001-01-04,460,A,13.02574943232,1125.424750952448,2026-08-20T00:09:10-04:00
12117500,2001-01-05,509,A,14.413274915328,1245.3069526843392,2026-08-20T00:09:10-04:00
12117500,2001-01-06,436,A,12.346145114112,1066.7069378592769,2026-08-20T00:09:10-04:00
12117500,2001-01-07,398,A,11.270104943615999,973.73706712842238,2026-08-20T00:09:10-04:00
12117500,2001-01-08,375,A,10.618817472,917.4658295808,2026-08-20T00:09:10-04:00
12117500,2001-01-09,364,A,10.307332159488,890.55349857976319,2026-08-20T00:09:10-04:00
12117500,2001-01-10,348,A,9.854262614016001,851.40828985098244,2026-08-20T00:09:10-04:00
12117500,2001-01-11,334,A,9.4578267617280005,817.15623221329918,2026-08-20T00:09:10-04:00
12117500,2001-01-12,335,A,9.4861436083200008,819.60280775884803,2026-08-20T00:09:10-04:00
12117500,2001-01-13,374,A,10.590500625408,915.01925403525127,2026-08-20T00:09:10-04:00
12117500,2001-01-14,373,A,10.562183778816001,912.57267848970241,2026-08-20T00:09:10-04:00
12117500,2001-01-15,364,A,10.307332159488,890.55349857976319,2026-08-20T00:09:10-04:00
12117500,2001-01-16,362,A,10.250698466304,885.66034748866559,2026-08-20T00:09:10-04:00
12117500,2001-01-17,371,A,10.505550085632001,907.67952739860482,2026-08-20T00:09:10-04:00
12117500,2001-01-18,374,A,10.590500625408,915.01925403525127,2026-08-20T00:09:10-04:00
12117500,2001-01-19,388,A,10.986936477696,949.27131167293442,2026-08-20T00:09:10-04:00
12117500,2001-01-20,396,A,11.213471250432001,968.84391603732479,2026-08-20T00:09:10-04:00
12117500,2001-01-21,427,A,12.091293494784001,1044.6877579493375,2026-08-20T00:09:10-04:00
12117500,2001-01-22,433,A,12.261194574336001,1059.3672112226304,2026-08-20T00:09:10-04:00
12117500,2001-01-23,415,A,11.751491335680001,1015.328851402752,2026-08-20T00:09:10-04:00
12117500,2001-01-24,415,A,11.751491335680001,1015.328851402752,2026-08-20T00:09:10-04:00
12117500,2001-01-25,411,A,11.638223949312,1005.5425492205568,2026-08-20T00:09:10-04:00
12117500,2001-01-26,402,A,11.383372329984001,983.52336931061768,2026-08-20T00:09:10-04:00
12117500,2001-01-27,397,A,11.241788097024001,971.29049158287364,2026-08-20T00:09:10-04:00
12117500,2001-01-28,390,A,11.043570170880001,954.16446276403201,2026-08-20T00:09:10-04:00
12117500,2001-01-29,390,A,11.043570170880001,954.16446276403201,2026-08-20T00:09:10-04:00
12117500,2001-01-30,388,A,10.986936477696,949.27131167293442,2026-08-20T00:09:10-04:00
12117500,2001-01-31,428,A,12.119610341376001,1047.1343334948865,2026-08-20T00:09:10-04:00
12117500,2001-02-01,409,A,11.581590256128001,1000.6493981294592,2026-08-20T00:09:10-04:00
12117500,2001-02-02,415,A,11.751491335680001,1015.328851402752,2026-08-20T00:09:10-04:00
12117500,2001-02-03,410,A,11.609907102720001,1003.0959736750081,2026-08-20T00:09:10-04:00
12117500,2001-02-04,511,A,14.469908608512,1250.2001037754369,2026-08-20T00:09:10-04:00
12117500,2001-02-05,485,A,13.73367059712,1186.5891395911681,2026-08-20T00:09:10-04:00
12117500,2001-02-06,458,A,12.969115739136001,1120.5315998613505,2026-08-20T00:09:10-04:00
12117500,2001-02-07,436,A,12.346145114112,1066.7069378592769,2026-08-20T00:09:10-04:00
12117500,2001-02-08,426,A,12.062976648192,1042.2411824037888,2026-08-20T00:09:10-04:00
12117500,2001-02-09,408,A,11.553273409536001,998.20282258391046,2026-08-20T00:09:10-04:00
12117500,2001-02-10,383,A,10.845352244736,937.03843394519038,2026-08-20T00:09:10-04:00
12117500,2001-02-11,375,A,10.618817472,917.4658295808,2026-08-20T00:09:10-04:00
12117500,2001-02-12,370,A,10.47723323904,905.23295185305608,2026-08-20T00:09:10-04:00
12117500,2001-02-13,365,A,10.335649006080001,893.00007412531204,2026-08-20T00:09:10-04:00
12117500,2001-02-14,359,A,10.165747926528001,878.32062085201926,2026-08-20T00:09:10-04:00
12117500,2001-02-15,357,A,10.109114233344,873.42746976092167,2026-08-20T00:09:10-04:00
12117500,2001-02-16,359,A,10.165747926528001,878.32062085201926,2026-08-20T00:09:10-04:00
12117500,2001-02-17,353,A,9.9958468469760007,863.64116757872648,2026-08-20T00:09:10-04:00
12117500,2001-02-18,351,A,9.9392131537920001,858.74801648762877,2026-08-20T00:09:10-04:00
12117500,2001-02-19,347,A,9.8259457674240007,848.96171430543359,2026-08-20T00:09:10-04:00
12117500,2001-02-20,344,A,9.7409952276479999,841.62198766878726,2026-08-20T00:09:10-04:00
12117500,2001-02-21,345,A,9.7693120742400001,844.068563214336,2026-08-20T00:09:10-04:00
12117500,2001-02-22,343,A,9.7126783810559996,839.1754121232384,2026-08-20T00:09:10-04:00
12117500,2001-02-23,342,A,9.6843615344640011,836.72883657768966,2026-08-20T00:09:10-04:00
12117500,2001-02-24,369,A,10.448916392448,902.78637630750723,2026-08-20T00:09:10-04:00
12117500,2001-02-25,363,A,10.279015312896,888.10692303421445,2026-08-20T00:09:10-04:00
12117500,2001-02-26,358,A,10.137431079936,875.87404530647041,2026-08-20T00:09:10-04:00
12117500,2001-02-27,373,A,10.562183778816001,912.57267848970241,2026-08-20T00:09:10-04:00
12117500,2001-02-28,370,A,10.47723323904,905.23295185305608,2026-08-20T00:09:10-04:00
12117500,2001-03-01,324,A,9.1746582958079994,792.69047675781121,2026-08-20T00:09:10-04:00
12117500,2001-03-02,376,A,10.647134318592,919.91240512634886,2026-08-20T00:09:10-04:00
12117500,2001-03-03,444,A,12.572679886848,1086.2795422236672,2026-08-20T00:09:10-04:00
12117500,2001-03-04,470,A,13.308917898240001,1149.8905064079361,2026-08-20T00:09:10-04:00
12117500,2001-03-05,436,A,12.346145114112,1066.7069378592769,2026-08-20T00:09:10-04:00
12117500,2001-03-06,491,A,13.903571676672,1201.2685928644607,2026-08-20T00:09:10-04:00
12117500,2001-03-07,508,A,14.384958068736001,1242.8603771387905,2026-08-20T00:09:10-04:00
12117500,2001-03-08,518,A,14.668126534656,1267.3261325942785,2026-08-20T00:09:10-04:00
12117500,2001-03-09,516,A,14.611492841472,1262.4329815031808,2026-08-20T00:09:10-04:00
12117500,2001-03-10,431,A,12.204560881152,1054.4740601315327,2026-08-20T00:09:10-04:00
12117500,2001-03-11,382,A,10.817035398144,934.59185839964164,2026-08-20T00:09:10-04:00
12117500,2001-03-12,364,A,10.307332159488,890.55349857976319,2026-08-20T00:09:10-04:00
12117500,2001-03-13,411,A,11.638223949312,1005.5425492205568,2026-08-20T00:09:10-04:00
12117500,2001-03-14,431,A,12.204560881152,1054.4740601315327,2026-08-20T00:09:10-04:00
12117500,2001-03-15,446,A,12.629313580032001,1091.1726933147647,2026-08-20T00:09:10-04:00
12117500,2001-03-16,490,A,13.875254830080001,1198.822017318912,2026-08-20T00:09:10-04:00
12117500,2001-03-17,464,A,13.139016818688001,1135.2110531346432,2026-08-20T00:09:10-04:00
12117500,2001-03-18,564,A,15.970701477888001,1379.8686076895233,2026-08-20T00:09:10-04:00
12117500,2001-03-19,719,A,20.359812699648,1759.0878172495873,2026-08-20T00:09:10-04:00
12117500,2001-03-20,465,A,13.167333665280001,1137.6576286801921,2026-08-20T00:09:10-04:00
12117500,2001-03-21,415,A,11.751491335680001,1015.328851402752,2026-08-20T00:09:10-04:00
12117500,2001-03-22,624,A,17.669712273407999,1526.6631404224513,2026-08-20T00:09:10-04:00
12117500,2001-03-23,575,A,16.282186790400001,1406.7809386905601,2026-08-20T00:09:10-04:00
12117500,2001-03-24,472,A,13.365551591424,1154.7836574990336,2026-08-20T00:09:10-04:00
12117500,2001-03-25,482,A,13.648720057344001,1179.2494129545216,2026-08-20T00:09:10-04:00
12117500,2001-03-26,491,A,13.903571676672,1201.2685928644607,2026-08-20T00:09:10-04:00
12117500,2001-03-27,453,A,12.827531506176001,1108.2987221336064,2026-08-20T00:09:10-04:00
12117500,2001-03-28,456,A,12.912482045952,1115.6384487702528,2026-08-20T00:09:10-04:00
12117500,2001-03-29,430,A,12.17624403456,1052.027484585984,2026-08-20T00:09:10-04:00
12117500,2001-03-30,403,A,11.411689176576001,985.96994485616642,2026-08-20T00:09:10-04:00
12117500,2001-03-31,425,A,12.0346598016,1039.7946068582401,2026-08-20T00:09:10-04:00
12117500,2001-04-01,434,A,12.289511420928001,1061.8137867681792,2026-08-20T00:09:10-04:00
12117500,2001-04-02,389,A,11.015253324288,951.71788721848327,2026-08-20T00:09:10-04:00
12117500,2001-04-03,362,A,10.250698466304,885.66034748866559,2026-08-20T00:09:10-04:00
12117500,2001-04-04,337,A,9.5427773015039996,824.49595884994562,2026-08-20T00:09:10-04:00
12117500,2001-04-05,336,A,9.5144604549120011,822.04938330439677,2026-08-20T00:09:10-04:00
12117500,2001-04-06,438,A,12.402778807296,1071.6000889503744,2026-08-20T00:09:10-04:00
12117500,2001-04-07,418,A,11.836441875456,1022.6685780393984,2026-08-20T00:09:10-04:00
12117500,2001-04-08,427,A,12.091293494784001,1044.6877579493375,2026-08-20T00:09:10-04:00
12117500,2001-04-09,425,A,12.0346598016,1039.7946068582401,2026-08-20T00:09:10-04:00
12117500,2001-04-10,478,A,13.535452670976001,1169.4631107723264,2026-08-20T00:09:10-04:00
12117500,2001-04-11,490,A,13.875254830080001,1198.822017318912,2026-08-20T00:09:10-04:00
12117500,2001-04-12,479,A,13.563769517568,1171.9096863178752,2026-08-20T00:09:10-04:00
12117500,2001-04-13,463,A,13.110699972096,1132.7644775890944,2026-08-20T00:09:10-04:00
12117500,2001-04-14,449,A,12.714264119808,1098.5124199514112,2026-08-20T00:09:10-04:00
12117500,2001-04-15,434,A,12.289511420928001,1061.8137867681792,2026-08-20T00:09:10-04:00
12117500,2001-04-16,430,A,12.17624403456,1052.027484585984,2026-08-20T00:09:10-04:00
12117500,2001-04-17,455,A,12.88416519936,1113.1918732247041,2026-08-20T00:09:10-04:00
12117500,2001-04-18,455,A,12.88416519936,1113.1918732247041,2026-08-20T00:09:10-04:00
12117500,2001-04-19,437,A,12.374461960704,1069.1535134048256,2026-08-20T00:09:10-04:00
12117500,2001-04-20,401,A,11.355055483392,981.07679376506883,2026-08-20T00:09:10-04:00
12117500,2001-04-21,392,A,11.100203864064,959.0576138551296,2026-08-20T00:09:10-04:00
12117500,2001-04-22,397,A,11.241788097024001,971.29049158287364,2026-08-20T00:09:10-04:00
12117500,2001-04-23,413,A,11.694857642496,1010.4357003116544,2026-08-20T00:09:10-04:00
12117500,2001-04-24,404,A,11.440006023168001,988.41652040171527,2026-08-20T00:09:10-04:00
12117500,2001-04-25,408,A,11.553273409536001,998.20282258391046,2026-08-20T00:09:10-04:00
12117500,2001-04-26,411,A,11.638223949312,1005.5425492205568,2026-08-20T00:09:10-04:00
12117500,2001-04-27,411,A,11.638223949312,1005.5425492205568,2026-08-20T00:09:10-04:00
12117500,2001-04-28,439,A,12.431095653888001,1074.0466644959233,2026-08-20T00:09:10-04:00
12117500,2001-04-29,451,A,12.770897812992001,1103.4055710425089,2026-08-20T00:09:10-04:00
12117500,2001-04-30,588,A,16.650305796095999,1438.5864207826944,2026-08-20T00:09:10-04:00
12117500,2001-05-01,644,A,18.236049205248001,1575.5946513334272,2026-08-20T00:09:10-04:00
12117500,2001-05-02,800,A,22.6534772736,1957.2604364390399,2026-08-20T00:09:10-04:00
12117500,2001-05-03,853,A,24.154270142975999,2086.9289403531266,2026-08-20T00:09:10-04:00
12117500,2001-05-04,850,A,24.0693196032,2079.5892137164801,2026-08-20T00:09:10-04:00
12117500,2001-05-05,813,A,23.021596279296002,1989.0659185311745,2026-08-20T00:09:10-04:00
12117500,2001-05-06,717,A,20.303179006463999,1754.1946661584896,2026-08-20T00:09:10-04:00
12117500,2001-05-07,617,A,17.471494347263999,1509.5371116036097,2026-08-20T00:09:10-04:00
12117500,2001-05-08,548,A,15.517631932416,1340.7233989607425,2026-08-20T00:09:10-04:00
12117500,2001-05-09,499,A,14.130106449408,1220.8411972288513,2026-08-20T00:09:10-04:00
12117500,2001-05-10,451,A,12.770897812992001,1103.4055710425089,2026-08-20T00:09:10-04:00
12117500,2001-05-11,387,A,10.958619631104,946.82473612738568,2026-08-20T00:09:10-04:00
12117500,2001-05-12,367,A,10.392282699264001,897.89322521640963,2026-08-20T00:09:10-04:00
12117500,2001-05-13,366,A,10.363965852672001,895.44664967086078,2026-08-20T00:09:10-04:00
12117500,2001-05-14,452,A,12.799214659584001,1105.8521465880576,2026-08-20T00:09:10-04:00
12117500,2001-05-15,844,A,23.899418523648002,2064.9097604431872,2026-08-20T00:09:10-04:00
12117500,2001-05-16,1020,A,28.88318352384,2495.5070564597759,2026-08-20T00:09:10-04:00
12117500,2001-05-17,994,A,28.146945512447999,2431.8960922755073,2026-08-20T00:09:10-04:00
12117500,2001-05-18,775,A,21.945556108800002,1896.0960478003201,2026-08-20T00:09:10-04:00
12117500,2001-05-19,675,A,19.113871449600001,1651.43849324544,2026-08-20T00:09:10-04:00
12117500,2001-05-20,662,A,18.745752443903999,1619.6330111533057,2026-08-20T00:09:10-04:00
12117500,2001-05-21,636,A,18.009514432511999,1556.0220469690369,2026-08-20T00:09:10-04:00
12117500,2001-05-22,581,A,16.452087869951999,1421.4603919638528,2026-08-20T00:09:10-04:00
12117500,2001-05-23,562,A,15.914067784704001,1374.9754565984256,2026-08-20T00:09:10-04:00
12117500,2001-05-24,531,A,15.036245540352001,1299.1316146864128,2026-08-20T00:09:10-04:00
12117500,2001-05-25,499,A,14.130106449408,1220.8411972288513,2026-08-20T00:09:10-04:00
12117500,2001-05-26,489,A,13.846937983488001,1196.3754417733633,2026-08-20T00:09:10-04:00
12117500,2001-05-27,486,A,13.761987443712,1189.0357151367168,2026-08-20T00:09:10-04:00
12117500,2001-05-28,483,A,13.677036903936001,1181.6959885000704,2026-08-20T00:09:10-04:00
12117500,2001-05-29,429,A,12.147927187968,1049.5809090404352,2026-08-20T00:09:10-04:00
12117500,2001-05-30,393,A,11.128520710656,961.50418940067846,2026-08-20T00:09:10-04:00
12117500,2001-05-31,387,A,10.958619631104,946.82473612738568,2026-08-20T00:09:10-04:00
12117500,2001-06-01,396,A,11.213471250432001,968.84391603732479,2026-08-20T00:09:10-04:00
12117500,2001-06-02,407,A,11.524956562944,995.75624703836161,2026-08-20T00:09:10-04:00
12117500,2001-06-03,459,A,12.997432585728001,1122.9781754068993,2026-08-20T00:09:10-04:00
12117500,2001-06-04,417,A,11.808125028864,1020.2220024938497,2026-08-20T00:09:10-04:00
12117500,2001-06-05,398,A,11.270104943615999,973.73706712842238,2026-08-20T00:09:10-04:00
12117500,2001-06-06,408,A,11.553273409536001,998.20282258391046,2026-08-20T00:09:10-04:00
12117500,2001-06-07,399,A,11.298421790208,976.18364267397124,2026-08-20T00:09:10-04:00
12117500,2001-06-08,394,A,11.156837557248,963.9507649462272,2026-08-20T00:09:10-04:00
12117500,2001-06-09,411,A,11.638223949312,1005.5425492205568,2026-08-20T00:09:10-04:00
12117500,2001-06-10,412,A,11.666540795904,1007.9891247661056,2026-08-20T00:09:10-04:00
12117500,2001-06-11,543,A,15.376047699456,1328.4905212329984,2026-08-20T00:09:10-04:00
12117500,2001-06-12,645,A,18.26436605184,1578.041226878976,2026-08-20T00:09:10-04:00
12117500,2001-06-13,601,A,17.018424801792001,1470.3919028748289,2026-08-20T00:09:10-04:00
12117500,2001-06-14,515,A,14.583175994880001,1259.9864059576321,2026-08-20T00:09:10-04:00
12117500,2001-06-15,483,A,13.677036903936001,1181.6959885000704,2026-08-20T00:09:10-04:00
12117500,2001-06-16,492,A,13.931888523264,1203.7151684100097,2026-08-20T00:09:10-04:00
12117500,2001-06-17,482,A,13.648720057344001,1179.2494129545216,2026-08-20T00:09:10-04:00
12117500,2001-06-18,474,A,13.422185284608,1159.6768085901313,2026-08-20T00:09:10-04:00
12117500,2001-06-19,468,A,13.252284205056,1144.9973553168384,2026-08-20T00:09:10-04:00
12117500,2001-06-20,463,A,13.110699972096,1132.7644775890944,2026-08-20T00:09:10-04:00
12117500,2001-06-21,450,A,12.7425809664,1100.9589954969601,2026-08-20T00:09:10-04:00
12117500,2001-06-22,434,A,12.289511420928001,1061.8137867681792,2026-08-20T00:09:10-04:00
12117500,2001-06-23,432,A,12.232877727744,1056.9206356770817,2026-08-20T00:09:10-04:00
12117500,2001-06-24,435,A,12.317828267519999,1064.2603623137281,2026-08-20T00:09:10-04:00
12117500,2001-06-25,433,A,12.261194574336001,1059.3672112226304,2026-08-20T00:09:10-04:00
12117500,2001-06-26,414,A,11.723174489088001,1012.8822758572032,2026-08-20T00:09:10-04:00
12117500,2001-06-27,429,A,12.147927187968,1049.5809090404352,2026-08-20T00:09:10-04:00
12117500,2001-06-28,444,A,12.572679886848,1086.2795422236672,2026-08-20T00:09:10-04:00
12117500,2001-06-29,419,A,11.864758722048,1025.1151535849472,2026-08-20T00:09:10-04:00
12117500,2001-06-30,412,A,11.666540795904,1007.9891247661056,2026-08-20T00:09:10-04:00
12117500,2001-07-01,409,A,11.581590256128001,1000.6493981294592,2026-08-20T00:09:10-04:00
12117500,2001-07-02,408,A,11.553273409536001,998.20282258391046,2026-08-20T00:09:10-04:00
12117500,2001-07-03,408,A,11.553273409536001,998.20282258391046,2026-08-20T00:09:10-04:00
12117500,2001-07-04,405,A,11.46832286976,990.86309594726401,2026-08-20T00:09:10-04:00
12117500,2001-07-05,402,A,11.383372329984001,983.52336931061768,2026-08-20T00:09:10-04:00
12117500,2001-07-06,399,A,11.298421790208,976.18364267397124,2026-08-20T00:09:10-04:00
12117500,2001-07-07,399,A,11.298421790208,976.18364267397124,2026-08-20T00:09:10-04:00
12117500,2001-07-08,395,A,11.18515440384,966.39734049177605,2026-08-20T00:09:10-04:00
12117500,2001-07-09,391,A,11.071887017472001,956.61103830958086,2026-08-20T00:09:10-04:00
12117500,2001-07-10,388,A,10.986936477696,949.27131167293442,2026-08-20T00:09:10-04:00
12117500,2001-07-11,385,A,10.901985937920001,941.93158503628808,2026-08-20T00:09:10-04:00
12117500,2001-07-12,381,A,10.788718551552,932.14528285409278,2026-08-20T00:09:10-04:00
12117500,2001-07-13,381,A,10.788718551552,932.14528285409278,2026-08-20T00:09:10-04:00
12117500,2001-07-14,381,A,10.788718551552,932.14528285409278,2026-08-20T00:09:10-04:00
12117500,2001-07-15,382,A,10.817035398144,934.59185839964164,2026-08-20T00:09:10-04:00
12117500,2001-07-16,439,A,12.431095653888001,1074.0466644959233,2026-08-20T00:09:10-04:00
12117500,2001-07-17,404,A,11.440006023168001,988.41652040171527,2026-08-20T00:09:10-04:00
12117500,2001-07-18,390,A,11.043570170880001,954.16446276403201,2026-08-20T00:09:10-04:00
12117500,2001-07-19,382,A,10.817035398144,934.59185839964164,2026-08-20T00:09:10-04:00
12117500,2001-07-20,376,A,10.647134318592,919.91240512634886,2026-08-20T00:09:10-04:00
12117500,2001-07-21,372,A,10.533866932224001,910.12610294415367,2026-08-20T00:09:10-04:00
12117500,2001-07-22,370,A,10.47723323904,905.23295185305608,2026-08-20T00:09:10-04:00
12117500,2001-07-23,368,A,10.420599545856,900.33980076195849,2026-08-20T00:09:10-04:00
12117500,2001-07-24,350,A,9.9108963071999998,856.30144094208003,2026-08-20T00:09:10-04:00
12117500,2001-07-25,319,A,9.0330740628479997,780.45759903006717,2026-08-20T00:09:10-04:00
12117500,2001-07-26,314,A,8.8914898298880001,768.22472130232325,2026-08-20T00:09:10-04:00
12117500,2001-07-27,314,A,8.8914898298880001,768.22472130232325,2026-08-20T00:09:10-04:00
12117500,2001-07-28,362,A,10.250698466304,885.66034748866559,2026-08-20T00:09:10-04:00
12117500,2001-07-29,330,A,9.3445593753600011,807.36993003110399,2026-08-20T00:09:10-04:00
12117500,2001-07-30,318,A,9.0047572162559995,778.01102348451843,2026-08-20T00:09:10-04:00
12117500,2001-07-31,314,A,8.8914898298880001,768.22472130232325,2026-08-20T00:09:10-04:00
12117500,2001-08-01,312,A,8.8348561367039995,763.33157021122565,2026-08-20T00:09:10-04:00
12117500,2001-08-02,307,A,8.6932719037439998,751.09869248348161,2026-08-20T00:09:10-04:00
12117500,2001-08-03,307,A,8.6932719037439998,751.09869248348161,2026-08-20T00:09:10-04:00
12117500,2001-08-04,308,A,8.7215887503360001,753.54526802903047,2026-08-20T00:09:10-04:00
12117500,2001-08-05,303,A,8.5800045173760005,741.31239030128643,2026-08-20T00:09:10-04:00
12117500,2001-08-06,300,A,8.4950539775999996,733.97266366463998,2026-08-20T00:09:10-04:00
12117500,2001-08-07,299,A,8.4667371310080011,731.52608811909124,2026-08-20T00:09:10-04:00
12117500,2001-08-08,296,A,8.3817865912320002,724.1863614824448,2026-08-20T00:09:10-04:00
12117500,2001-08-09,293,A,8.2968360514560011,716.84663484579846,2026-08-20T00:09:10-04:00
12117500,2001-08-10,292,A,8.2685192048640008,714.40005930024961,2026-08-20T00:09:10-04:00
12117500,2001-08-11,289,A,8.183568665088,707.06033266360328,2026-08-20T00:09:10-04:00
12117500,2001-08-12,289,A,8.183568665088,707.06033266360328,2026-08-20T00:09:10-04:00
12117500,2001-08-13,285,A,8.0703012787200006,697.27403048140798,2026-08-20T00:09:10-04:00
12117500,2001-08-14,285,A,8.0703012787200006,697.27403048140798,2026-08-20T00:09:10-04:00
12117500,2001-08-15,285,A,8.0703012787200006,697.27403048140798,2026-08-20T00:09:10-04:00
12117500,2001-08-16,284,A,8.0419844321280003,694.82745493585924,2026-08-20T00:09:10-04:00
12117500,2001-08-17,282,A,7.9853507389440006,689.93430384476164,2026-08-20T00:09:10-04:00
12117500,2001-08-18,279,A,7.9004001991680006,682.5945772081152,2026-08-20T00:09:10-04:00
12117500,2001-08-19,278,A,7.8720833525760003,680.14800166256646,2026-08-20T00:09:10-04:00
12117500,2001-08-20,279,A,7.9004001991680006,682.5945772081152,2026-08-20T00:09:10-04:00
12117500,2001-08-21,279,A,7.9004001991680006,682.5945772081152,2026-08-20T00:09:10-04:00
12117500,2001-08-22,319,A,9.0330740628479997,780.45759903006717,2026-08-20T00:09:10-04:00
12117500,2001-08-23,357,A,10.109114233344,873.42746976092167,2026-08-20T00:09:10-04:00
12117500,2001-08-24,340,A,9.6277278412800005,831.83568548659207,2026-08-20T00:09:10-04:00
12117500,2001-08-25,300,A,8.4950539775999996,733.97266366463998,2026-08-20T00:09:10-04:00
12117500,2001-08-26,290,A,8.2118855116800002,709.50690820915202,2026-08-20T00:09:10-04:00
12117500,2001-08-27,285,A,8.0703012787200006,697.27403048140798,2026-08-20T00:09:10-04:00
12117500,2001-08-28,284,A,8.0419844321280003,694.82745493585924,2026-08-20T00:09:10-04:00
12117500,2001-08-29,278,A,7.8720833525760003,680.14800166256646,2026-08-20T00:09:10-04:00
12117500,2001-08-30,276,A,7.8154496593920006,675.25485057146886,2026-08-20T00:09:10-04:00
12117500,2001-08-31,277,A,7.843766505984,677.7014261170176,2026-08-20T00:09:10-04:00
12117500,2001-09-01,279,A,7.9004001991680006,682.5945772081152,2026-08-20T00:09:10-04:00
12117500,2001-09-02,278,A,7.8720833525760003,680.14800166256646,2026-08-20T00:09:10-04:00
12117500,2001-09-03,276,A,7.8154496593920006,675.25485057146886,2026-08-20T00:09:10-04:00
12117500,2001-09-04,273,A,7.7304991196159998,667.91512393482242,2026-08-20T00:09:10-04:00
12117500,2001-09-05,272,A,7.7021822730240004,665.46854838927356,2026-08-20T00:09:10-04:00
12117500,2001-09-06,270,A,7.6455485798399998,660.57539729817597,2026-08-20T00:09:10-04:00
12117500,2001-09-07,273,A,7.7304991196159998,667.91512393482242,2026-08-20T00:09:10-04:00
12117500,2001-09-08,301,A,8.5233708241919999,736.41923921018883,2026-08-20T00:09:10-04:00
12117500,2001-09-09,302,A,8.5516876707840002,738.86581475573757,2026-08-20T00:09:10-04:00
12117500,2001-09-10,300,A,8.4950539775999996,733.97266366463998,2026-08-20T00:09:10-04:00
12117500,2001-09-11,301,A,8.5233708241919999,736.41923921018883,2026-08-20T00:09:10-04:00
12117500,2001-09-12,300,A,8.4950539775999996,733.97266366463998,2026-08-20T00:09:10-04:00
12117500,2001-09-13,299,A,8.4667371310080011,731.52608811909124,2026-08-20T00:09:10-04:00
12117500,2001-09-14,296,A,8.3817865912320002,724.1863614824448,2026-08-20T00:09:10-04:00
12117500,2001-09-15,294,A,8.3251528980479996,719.2932103913472,2026-08-20T00:09:10-04:00
12117500,2001-09-16,293,A,8.2968360514560011,716.84663484579846,2026-08-20T00:09:10-04:00
12117500,2001-09-17,293,A,8.2968360514560011,716.84663484579846,2026-08-20T00:09:10-04:00
12117500,2001-09-18,292,A,8.2685192048640008,714.40005930024961,2026-08-20T00:09:10-04:00
12117500,2001-09-19,293,A,8.2968360514560011,716.84663484579846,2026-08-20T00:09:10-04:00
12117500,2001-09-20,289,A,8.183568665088,707.06033266360328,2026-08-20T00:09:10-04:00
12117500,2001-09-21,288,A,8.1552518184959997,704.61375711805442,2026-08-20T00:09:10-04:00
12117500,2001-09-22,301,A,8.5233708241919999,736.41923921018883,2026-08-20T00:09:10-04:00
12117500,2001-09-23,330,A,9.3445593753600011,807.36993003110399,2026-08-20T00:09:10-04:00
12117500,2001-09-24,330,A,9.3445593753600011,807.36993003110399,2026-08-20T00:09:10-04:00
12117500,2001-09-25,335,A,9.4861436083200008,819.60280775884803,2026-08-20T00:09:10-04:00
12117500,2001-09-26,378,A,10.703768011776001,924.80555621744645,2026-08-20T00:09:10-04:00
12117500,2001-09-27,354,A,10.024163693568001,866.08774312427522,2026-08-20T00:09:10-04:00
12117500,2001-09-28,339,A,9.5994109946880002,829.38910994104322,2026-08-20T00:09:10-04:00
12117500,2001-09-29,331,A,9.3728762219519997,809.81650557665284,2026-08-20T00:09:10-04:00
12117500,2001-09-30,320,A,9.06139090944,782.90417457561603,2026-08-20T00:09:10-04:00
12117500,2001-10-01,318,A,9.0047572162559995,778.01102348451843,2026-08-20T00:09:10-04:00
12117500,2001-10-02,315,A,8.9198066764800004,770.67129684787199,2026-08-20T00:09:10-04:00
12117500,2001-10-03,314,A,8.8914898298880001,768.22472130232325,2026-08-20T00:09:10-04:00
12117500,2001-10-04,315,A,8.9198066764800004,770.67129684787199,2026-08-20T00:09:10-04:00
12117500,2001-10-05,407,A,11.524956562944,995.75624703836161,2026-08-20T00:09:10-04:00
12117500,2001-10-06,422,A,11.949709261824001,1032.4548802215936,2026-08-20T00:09:10-04:00
12117500,2001-10-07,422,A,11.949709261824001,1032.4548802215936,2026-08-20T00:09:10-04:00
12117500,2001-10-08,444,A,12.572679886848,1086.2795422236672,2026-08-20T00:09:10-04:00
12117500,2001-10-09,452,A,12.799214659584001,1105.8521465880576,2026-08-20T00:09:10-04:00
12117500,2001-10-10,446,A,12.629313580032001,1091.1726933147647,2026-08-20T00:09:10-04:00
12117500,2001-10-11,537,A,15.206146619904001,1313.8110679597057,2026-08-20T00:09:10-04:00
12117500,2001-10-12,491,A,13.903571676672,1201.2685928644607,2026-08-20T00:09:10-04:00
12117500,2001-10-13,534,A,15.121196080128,1306.4713413230593,2026-08-20T00:09:10-04:00
12117500,2001-10-14,573,A,16.225553097216,1401.8877875994624,2026-08-20T00:09:10-04:00
12117500,2001-10-15,545,A,15.432681392640001,1333.3836723240961,2026-08-20T00:09:10-04:00
12117500,2001-10-16,565,A,15.99901832448,1382.315183235072,2026-08-20T00:09:10-04:00
12117500,2001-10-17,545,A,15.432681392640001,1333.3836723240961,2026-08-20T00:09:10-04:00
12117500,2001-10-18,493,A,13.960205369856,1206.1617439555584,2026-08-20T00:09:10-04:00
12117500,2001-10-19,514,A,14.554859148288001,1257.5398304120833,2026-08-20T00:09:10-04:00
12117500,2001-10-20,524,A,14.838027614208,1282.0055858675712,2026-08-20T00:09:10-04:00
12117500,2001-10-21,523,A,14.809710767616,1279.5590103220225,2026-08-20T00:09:10-04:00
12117500,2001-10-22,537,A,15.206146619904001,1313.8110679597057,2026-08-20T00:09:10-04:00
12117500,2001-10-23,490,A,13.875254830080001,1198.822017318912,2026-08-20T00:09:10-04:00
12117500,2001-10-24,492,A,13.931888523264,1203.7151684100097,2026-08-20T00:09:10-04:00
12117500,2001-10-25,570,A,16.140602557440001,1394.548060962816,2026-08-20T00:09:10-04:00
12117500,2001-10-26,497,A,14.073472756224,1215.9480461377536,2026-08-20T00:09:10-04:00
12117500,2001-10-27,615,A,17.414860654080002,1504.643960512512,2026-08-20T00:09:10-04:00
12117500,2001-10-28,599,A,16.961791108608001,1465.4987517837312,2026-08-20T00:09:10-04:00
12117500,2001-10-29,582,A,16.480404716544001,1423.9069675094017,2026-08-20T00:09:10-04:00
12117500,2001-10-30,592,A,16.763573182464,1448.3727229648896,2026-08-20T00:09:10-04:00
12117500,2001-10-31,669,A,18.943970370048,1636.7590399721473,2026-08-20T00:09:10-04:00
12117500,2001-11-01,670,A,18.972287216640002,1639.2056155176961,2026-08-20T00:09:10-04:00
12117500,2001-11-02,635,A,17.98119758592,1553.5754714234881,2026-08-20T00:09:10-04:00
12117500,2001-11-03,757,A,21.435852870144,1852.0576879804416,2026-08-20T00:09:10-04:00
12117500,2001-11-04,716,A,20.274862159872001,1751.7480906129408,2026-08-20T00:09:10-04:00
12117500,2001-11-05,613,A,17.358226960896001,1499.7508094214145,2026-08-20T00:09:10-04:00
12117500,2001-11-06,571,A,16.168919404032,1396.9946365083649,2026-08-20T00:09:10-04:00
12117500,2001-11-07,552,A,15.630899318784001,1350.5097011429377,2026-08-20T00:09:10-04:00
12117500,2001-11-08,625,A,17.698029120000001,1529.109715968,2026-08-20T00:09:10-04:00
12117500,2001-11-09,637,A,18.037831279104001,1558.4686225145856,2026-08-20T00:09:10-04:00
12117500,2001-11-10,647,A,18.320999745024,1582.9343779700737,2026-08-20T00:09:10-04:00
12117500,2001-11-11,640,A,18.12278181888,1565.8083491512321,2026-08-20T00:09:10-04:00
12117500,2001-11-12,647,A,18.320999745024,1582.9343779700737,2026-08-20T00:09:10-04:00
12117500,2001-11-13,682,A,19.312089375744002,1668.5645220642816,2026-08-20T00:09:10-04:00
12117500,2001-11-14,1230,A,34.829721308160003,3009.2879210250239,2026-08-20T00:09:10-04:00
12117500,2001-11-15,978,A,27.693875966976002,2392.7508835467265,2026-08-20T00:09:10-04:00
12117500,2001-11-16,924,A,26.164766251008,2260.6358040870914,2026-08-20T00:09:10-04:00
12117500,2001-11-17,910,A,25.76833039872,2226.3837464494081,2026-08-20T00:09:10-04:00
12117500,2001-11-18,1050,A,29.732688921600001,2568.9043228262399,2026-08-20T00:09:10-04:00
12117500,2001-11-19,1100,A,31.148531251200001,2691.23310010368,2026-08-20T00:09:10-04:00
12117500,2001-11-20,1130,A,31.998036648959999,2764.6303664701441,2026-08-20T00:09:10-04:00
12117500,2001-11-21,1340,A,37.944574433280003,3278.4112310353921,2026-08-20T00:09:10-04:00
12117500,2001-11-22,1620,A,45.873291479039999,3963.4523837890561,2026-08-20T00:09:10-04:00
12117500,2001-11-23,1730,A,48.988144604159999,4232.5756937994238,2026-08-20T00:09:10-04:00
12117500,2001-11-24,1630,A,46.156459944959998,3987.9181392445439,2026-08-20T00:09:10-04:00
12117500,2001-11-25,1570,A,44.457449149440002,3841.1236065116163,2026-08-20T00:09:10-04:00
12117500,2001-11-26,1540,A,43.607943751680004,3767.7263401451523,2026-08-20T00:09:10-04:00
12117500,2001-11-27,1460,A,41.342596024320002,3572.0002965012482,2026-08-20T00:09:10-04:00
12117500,2001-11-28,1240,A,35.112889774080003,3033.7536764805122,2026-08-20T00:09:10-04:00
12117500,2001-11-29,1160,A,32.847542046720001,2838.0276328366081,2026-08-20T00:09:10-04:00
12117500,2001-11-30,1040,A,29.449520455680002,2544.438567370752,2026-08-20T00:09:10-04:00
12117500,2001-12-01,1070,A,30.29902585344,2617.835833737216,2026-08-20T00:09:10-04:00
12117500,2001-12-02,1050,A,29.732688921600001,2568.9043228262399,2026-08-20T00:09:10-04:00
12117500,2001-12-03,925,A,26.193083097600002,2263.0823796326399,2026-08-20T00:09:10-04:00
12117500,2001-12-04,794,A,22.483576194048002,1942.5809831657473,2026-08-20T00:09:10-04:00
12117500,2001-12-05,775,A,21.945556108800002,1896.0960478003201,2026-08-20T00:09:10-04:00
12117500,2001-12-06,799,A,22.625160427008002,1954.8138608934912,2026-08-20T00:09:10-04:00
12117500,2001-12-07,793,A,22.455259347456,1940.1344076201985,2026-08-20T00:09:10-04:00
12117500,2001-12-08,781,A,22.115457188352,1910.7755010736128,2026-08-20T00:09:10-04:00
12117500,2001-12-09,820,A,23.219814205440002,2006.1919473500161,2026-08-20T00:09:10-04:00
12117500,2001-12-10,792,A,22.426942500864001,1937.6878320746496,2026-08-20T00:09:10-04:00
12117500,2001-12-11,711,A,20.133277926912001,1739.5152128851969,2026-08-20T00:09:10-04:00
12117500,2001-12-12,627,A,17.754662813184002,1534.0028670590978,2026-08-20T00:09:10-04:00
12117500,2001-12-13,1210,A,34.263384376319998,2960.3564101140482,2026-08-20T00:09:10-04:00
12117500,2001-12-14,1200,A,33.980215910399998,2935.8906546585599,2026-08-20T00:09:10-04:00
12117500,2001-12-15,1180,A,33.41387897856,2886.9591437475842,2026-08-20T00:09:10-04:00
12117500,2001-12-16,1110,A,31.431699717120001,2715.6988555591679,2026-08-20T00:09:10-04:00
12117500,2001-12-17,1110,A,31.431699717120001,2715.6988555591679,2026-08-20T00:09:10-04:00
12117500,2001-12-18,1220,A,34.546552842240004,2984.8221655695361,2026-08-20T00:09:10-04:00
12117500,2001-12-19,1380,A,39.077248296960001,3376.274252857344,2026-08-20T00:09:10-04:00
12117500,2001-12-20,1400,A,39.643585228799999,3425.2057637683201,2026-08-20T00:09:10-04:00
12117500,2001-12-21,1500,A,42.475269888,3669.8633183232,2026-08-20T00:09:10-04:00
12117500,2001-12-22,1630,A,46.156459944959998,3987.9181392445439,2026-08-20T00:09:10-04:00
12117500,2001-12-23,1610,A,45.590123013119999,3938.9866283335682,2026-08-20T00:09:10-04:00
12117500,2001-12-24,1590,A,45.023786081280001,3890.055117422592,2026-08-20T00:09:10-04:00
12117500,2001-12-25,1580,A,44.740617615360001,3865.5893619671042,2026-08-20T00:09:10-04:00
12117500,2001-12-26,1500,A,42.475269888,3669.8633183232,2026-08-20T00:09:10-04:00
12117500,2001-12-27,1320,A,37.378237501440005,3229.479720124416,2026-08-20T00:09:10-04:00
12117500,2001-12-28,1170,A,33.13071051264,2862.4933882920959,2026-08-20T00:09:10-04:00
12117500,2001-12-29,1150,A,32.564373580800002,2813.5618773811202,2026-08-20T00:09:10-04:00
12117500,2001-12-30,1140,A,32.281205114880002,2789.0961219256319,2026-08-20T00:09:10-04:00
12117500,2001-12-31,1110,A,31.431699717120001,2715.6988555591679,2026-08-20T00:09:10-04:00
12117500,2002-01-01,955,A,27.04258849536,2336.4796459991039,2026-08-20T00:09:10-04:00
12117500,2002-01-02,948,A,26.844370569216,2319.3536171802625,2026-08-20T00:09:10-04:00
12117500,2002-01-03,790,A,22.370308807680001,1932.7946809835521,2026-08-20T00:09:10-04:00
12117500,2002-01-04,658,A,18.632485057536002,1609.8467089711105,2026-08-20T00:09:10-04:00
12117500,2002-01-05,588,A,16.650305796095999,1438.5864207826944,2026-08-20T00:09:10-04:00
12117500,2002-01-06,602,A,17.046741648384,1472.8384784203777,2026-08-20T00:09:10-04:00
12117500,2002-01-07,950,A,26.901004262400001,2324.24676827136,2026-08-20T00:09:10-04:00
12117500,2002-01-08,1140,A,32.281205114880002,2789.0961219256319,2026-08-20T00:09:10-04:00
12117500,2002-01-09,1180,A,33.41387897856,2886.9591437475842,2026-08-20T00:09:10-04:00
12117500,2002-01-10,1280,A,36.24556363776,3131.6166983024641,2026-08-20T00:09:10-04:00
12117500,2002-01-11,1170,A,33.13071051264,2862.4933882920959,2026-08-20T00:09:10-04:00
12117500,2002-01-12,1140,A,32.281205114880002,2789.0961219256319,2026-08-20T00:09:10-04:00
12117500,2002-01-13,1130,A,31.998036648959999,2764.6303664701441,2026-08-20T00:09:10-04:00
12117500,2002-01-14,1260,A,35.679226705920001,3082.6851873914879,2026-08-20T00:09:10-04:00
12117500,2002-01-15,1490,A,42.19210142208,3645.3975628677122,2026-08-20T00:09:10-04:00
12117500,2002-01-16,1610,A,45.590123013119999,3938.9866283335682,2026-08-20T00:09:10-04:00
12117500,2002-01-17,1540,A,43.607943751680004,3767.7263401451523,2026-08-20T00:09:10-04:00
12117500,2002-01-18,1260,A,35.679226705920001,3082.6851873914879,2026-08-20T00:09:10-04:00
12117500,2002-01-19,1170,A,33.13071051264,2862.4933882920959,2026-08-20T00:09:10-04:00
12117500,2002-01-20,1200,A,33.980215910399998,2935.8906546585599,2026-08-20T00:09:10-04:00
12117500,2002-01-21,1200,A,33.980215910399998,2935.8906546585599,2026-08-20T00:09:10-04:00
12117500,2002-01-22,1170,A,33.13071051264,2862.4933882920959,2026-08-20T00:09:10-04:00
12117500,2002-01-23,1130,A,31.998036648959999,2764.6303664701441,2026-08-20T00:09:10-04:00
12117500,2002-01-24,887,A,25.117042927104002,2170.1125089017855,2026-08-20T00:09:10-04:00
12117500,2002-01-25,950,A,26.901004262400001,2324.24676827136,2026-08-20T00:09:10-04:00
12117500,2002-01-26,939,A,26.589518949887999,2297.3344372703232,2026-08-20T00:09:10-04:00
12117500,2002-01-27,851,A,24.097636449792002,2082.0357892620291,2026-08-20T00:09:10-04:00
12117500,2002-01-28,803,A,22.738427813375999,1964.6001630756864,2026-08-20T00:09:10-04:00
12117500,2002-01-29,773,A,21.888922415616001,1891.2028967092224,2026-08-20T00:09:10-04:00
12117500,2002-01-30,783,A,22.172090881536,1915.6686521647105,2026-08-20T00:09:10-04:00
12117500,2002-01-31,881,A,24.947141847552,2155.4330556284931,2026-08-20T00:09:10-04:00
12117500,2002-02-01,977,A,27.665559120384,2390.3043080011776,2026-08-20T00:09:10-04:00
12117500,2002-02-02,966,A,27.354073807872002,2363.3919770001407,2026-08-20T00:09:10-04:00
12117500,2002-02-03,970,A,27.467341194239999,2373.1782791823362,2026-08-20T00:09:10-04:00
12117500,2002-02-04,956,A,27.070905341952002,2338.9262215446529,2026-08-20T00:09:10-04:00
12117500,2002-02-05,925,A,26.193083097600002,2263.0823796326399,2026-08-20T00:09:10-04:00
12117500,2002-02-06,794,A,22.483576194048002,1942.5809831657473,2026-08-20T00:09:10-04:00
12117500,2002-02-07,811,A,22.964962586112001,1984.1727674400768,2026-08-20T00:09:10-04:00
12117500,2002-02-08,821,A,23.248131052032001,2008.6385228955648,2026-08-20T00:09:10-04:00
12117500,2002-02-09,801,A,22.681794120192002,1959.7070119845889,2026-08-20T00:09:10-04:00
12117500,2002-02-10,790,A,22.370308807680001,1932.7946809835521,2026-08-20T00:09:10-04:00
12117500,2002-02-11,763,A,21.605753949696002,1866.7371412537345,2026-08-20T00:09:10-04:00
12117500,2002-02-12,693,A,19.623574688255999,1695.4768530653184,2026-08-20T00:09:10-04:00
12117500,2002-02-13,680,A,19.255455682560001,1663.6713709731841,2026-08-20T00:09:10-04:00
12117500,2002-02-14,654,A,18.519217671168001,1600.0604067889153,2026-08-20T00:09:10-04:00
12117500,2002-02-15,619,A,17.528128040447999,1514.4302626947072,2026-08-20T00:09:10-04:00
12117500,2002-02-16,609,A,17.244959574528,1489.9645072392193,2026-08-20T00:09:10-04:00
12117500,2002-02-17,608,A,17.216642727936001,1487.5179316936706,2026-08-20T00:09:10-04:00
12117500,2002-02-18,636,A,18.009514432511999,1556.0220469690369,2026-08-20T00:09:10-04:00
12117500,2002-02-19,647,A,18.320999745024,1582.9343779700737,2026-08-20T00:09:10-04:00
12117500,2002-02-20,636,A,18.009514432511999,1556.0220469690369,2026-08-20T00:09:10-04:00
12117500,2002-02-21,844,A,23.899418523648002,2064.9097604431872,2026-08-20T00:09:10-04:00
12117500,2002-02-22,1070,A,30.29902585344,2617.835833737216,2026-08-20T00:09:10-04:00
12117500,2002-02-23,981,A,27.778826506752001,2400.090610183373,2026-08-20T00:09:10-04:00
12117500,2002-02-24,871,A,24.663973381632001,2130.9673001730048,2026-08-20T00:09:10-04:00
12117500,2002-02-25,772,A,21.860605569023999,1888.7563211636736,2026-08-20T00:09:10-04:00
12117500,2002-02-26,723,A,20.473080086016001,1768.8741194317824,2026-08-20T00:09:10-04:00
12117500,2002-02-27,703,A,19.906743154176002,1719.9426085208065,2026-08-20T00:09:10-04:00
12117500,2002-02-28,802,A,22.710110966784001,1962.1535875301377,2026-08-20T00:09:10-04:00
12117500,2002-03-01,789,A,22.341991961088002,1930.3481054380034,2026-08-20T00:09:10-04:00
12117500,2002-03-02,775,A,21.945556108800002,1896.0960478003201,2026-08-20T00:09:10-04:00
12117500,2002-03-03,763,A,21.605753949696002,1866.7371412537345,2026-08-20T00:09:10-04:00
12117500,2002-03-04,754,A,21.350902330368001,1844.7179613437952,2026-08-20T00:09:10-04:00
12117500,2002-03-05,908,A,25.711696705535999,2221.4905953583107,2026-08-20T00:09:10-04:00
12117500,2002-03-06,928,A,26.278033637376002,2270.4221062692864,2026-08-20T00:09:10-04:00
12117500,2002-03-07,949,A,26.872687415808002,2321.8001927258115,2026-08-20T00:09:10-04:00
12117500,2002-03-08,1050,A,29.732688921600001,2568.9043228262399,2026-08-20T00:09:10-04:00
12117500,2002-03-09,1040,A,29.449520455680002,2544.438567370752,2026-08-20T00:09:10-04:00
12117500,2002-03-10,1050,A,29.732688921600001,2568.9043228262399,2026-08-20T00:09:10-04:00
12117500,2002-03-11,1130,A,31.998036648959999,2764.6303664701441,2026-08-20T00:09:10-04:00
12117500,2002-03-12,974,A,27.580608580608001,2382.9645813645311,2026-08-20T00:09:10-04:00
12117500,2002-03-13,1010,A,28.60001505792,2471.041301004288,2026-08-20T00:09:10-04:00
12117500,2002-03-14,962,A,27.240806421504001,2353.6056748179458,2026-08-20T00:09:10-04:00
12117500,2002-03-15,876,A,24.805557614592001,2143.2001779007487,2026-08-20T00:09:10-04:00
12117500,2002-03-16,783,A,22.172090881536,1915.6686521647105,2026-08-20T00:09:10-04:00
12117500,2002-03-17,690,A,19.53862414848,1688.137126428672,2026-08-20T00:09:10-04:00
12117500,2002-03-18,603,A,17.075058494976002,1475.2850539659264,2026-08-20T00:09:10-04:00
12117500,2002-03-19,566,A,16.027335171072,1384.7617587806208,2026-08-20T00:09:10-04:00
12117500,2002-03-20,810,A,22.936645739519999,1981.726191894528,2026-08-20T00:09:10-04:00
12117500,2002-03-21,960,A,27.18417272832,2348.7125237268483,2026-08-20T00:09:10-04:00
12117500,2002-03-22,1190,A,33.697047444479999,2911.4248992030721,2026-08-20T00:09:10-04:00
12117500,2002-03-23,1170,A,33.13071051264,2862.4933882920959,2026-08-20T00:09:10-04:00
12117500,2002-03-24,1170,A,33.13071051264,2862.4933882920959,2026-08-20T00:09:10-04:00
12117500,2002-03-25,1180,A,33.41387897856,2886.9591437475842,2026-08-20T00:09:10-04:00
12117500,2002-03-26,1080,A,30.582194319359999,2642.3015891927039,2026-08-20T00:09:10-04:00
12117500,2002-03-27,957,A,27.099222188544001,2341.3727970902019,2026-08-20T00:09:10-04:00
12117500,2002-03-28,877,A,24.833874461183999,2145.6467534462977,2026-08-20T00:09:10-04:00
12117500,2002-03-29,880,A,24.918825000960002,2152.9864800829441,2026-08-20T00:09:10-04:00
12117500,2002-03-30,988,A,27.977044432896001,2417.2166390022144,2026-08-20T00:09:10-04:00
12117500,2002-03-31,981,A,27.778826506752001,2400.090610183373,2026-08-20T00:09:10-04:00
12117500,2002-04-01,1020,A,28.88318352384,2495.5070564597759,2026-08-20T00:09:10-04:00
12117500,2002-04-02,1070,A,30.29902585344,2617.835833737216,2026-08-20T00:09:10-04:00
12117500,2002-04-03,1060,A,30.015857387520001,2593.3700782817282,2026-08-20T00:09:10-04:00
12117500,2002-04-04,1060,A,30.015857387520001,2593.3700782817282,2026-08-20T00:09:10-04:00
12117500,2002-04-05,1060,A,30.015857387520001,2593.3700782817282,2026-08-20T00:09:10-04:00
12117500,2002-04-06,1110,A,31.431699717120001,2715.6988555591679,2026-08-20T00:09:10-04:00
12117500,2002-04-07,1130,A,31.998036648959999,2764.6303664701441,2026-08-20T00:09:10-04:00
12117500,2002-04-08,1130,A,31.998036648959999,2764.6303664701441,2026-08-20T00:09:10-04:00
12117500,2002-04-09,1190,A,33.697047444479999,2911.4248992030721,2026-08-20T00:09:10-04:00
12117500,2002-04-10,1260,A,35.679226705920001,3082.6851873914879,2026-08-20T00:09:10-04:00
12117500,2002-04-11,1300,A,36.811900569599999,3180.5482092134403,2026-08-20T00:09:10-04:00
12117500,2002-04-12,1390,A,39.36041676288,3400.7400083128323,2026-08-20T00:09:10-04:00
12117500,2002-04-13,1550,A,43.891112217600003,3792.1920956006402,2026-08-20T00:09:10-04:00
12117500,2002-04-14,1980,A,56.067356252160003,4844.2195801866237,2026-08-20T00:09:10-04:00
12117500,2002-04-15,1630,A,46.156459944959998,3987.9181392445439,2026-08-20T00:09:10-04:00
12117500,2002-04-16,1700,A,48.138639206400001,4159.1784274329602,2026-08-20T00:09:10-04:00
12117500,2002-04-17,1650,A,46.722796876800004,4036.8496501555201,2026-08-20T00:09:10-04:00
12117500,2002-04-18,1680,A,47.572302274560002,4110.2469165219845,2026-08-20T00:09:10-04:00
12117500,2002-04-19,1790,A,50.687155399680002,4379.3702265323518,2026-08-20T00:09:10-04:00
12117500,2002-04-20,1770,A,50.120818467840003,4330.4387156213761,2026-08-20T00:09:10-04:00
12117500,2002-04-21,1750,A,49.554481536000004,4281.5072047104004,2026-08-20T00:09:10-04:00
12117500,2002-04-22,1660,A,47.005965342720003,4061.3154056110079,2026-08-20T00:09:10-04:00
12117500,2002-04-23,1370,A,38.794079831040001,3351.8084974018561,2026-08-20T00:09:10-04:00
12117500,2002-04-24,1080,A,30.582194319359999,2642.3015891927039,2026-08-20T00:09:10-04:00
12117500,2002-04-25,1010,A,28.60001505792,2471.041301004288,2026-08-20T00:09:10-04:00
12117500,2002-04-26,996,A,28.203579205632,2436.7892433666048,2026-08-20T00:09:10-04:00
12117500,2002-04-27,929,A,26.306350483968,2272.8686818148353,2026-08-20T00:09:10-04:00
12117500,2002-04-28,815,A,23.078229972479999,1993.959069622272,2026-08-20T00:09:10-04:00
12117500,2002-04-29,747,A,21.152684404224001,1827.5919325249536,2026-08-20T00:09:10-04:00
12117500,2002-04-30,679,A,19.227138835967999,1661.2247954276352,2026-08-20T00:09:10-04:00
12117500,2002-05-01,650,A,18.405950284799999,1590.2741046067201,2026-08-20T00:09:10-04:00
12117500,2002-05-02,656,A,18.575851364352001,1604.9535578800128,2026-08-20T00:09:10-04:00
12117500,2002-05-03,765,A,21.662387642879999,1871.630292344832,2026-08-20T00:09:10-04:00
12117500,2002-05-04,763,A,21.605753949696002,1866.7371412537345,2026-08-20T00:09:10-04:00
12117500,2002-05-05,762,A,21.577437103104,1864.2905657081856,2026-08-20T00:09:10-04:00
12117500,2002-05-06,719,A,20.359812699648,1759.0878172495873,2026-08-20T00:09:10-04:00
12117500,2002-05-07,911,A,25.796647245312002,2228.8303219949566,2026-08-20T00:09:10-04:00
12117500,2002-05-08,943,A,26.702786336256001,2307.1207394525186,2026-08-20T00:09:10-04:00
12117500,2002-05-09,934,A,26.447934716928,2285.1015595425793,2026-08-20T00:09:10-04:00
12117500,2002-05-10,810,A,22.936645739519999,1981.726191894528,2026-08-20T00:09:10-04:00
12117500,2002-05-11,713,A,20.189911620096002,1744.4083639762944,2026-08-20T00:09:10-04:00
12117500,2002-05-12,634,A,17.952880739328002,1551.1288958779392,2026-08-20T00:09:10-04:00
12117500,2002-05-13,573,A,16.225553097216,1401.8877875994624,2026-08-20T00:09:10-04:00
12117500,2002-05-14,550,A,15.574265625600001,1345.61655005184,2026-08-20T00:09:10-04:00
12117500,2002-05-15,531,A,15.036245540352001,1299.1316146864128,2026-08-20T00:09:10-04:00
12117500,2002-05-16,517,A,14.639809688064,1264.8795570487296,2026-08-20T00:09:10-04:00
12117500,2002-05-17,536,A,15.177829773312,1311.3644924141568,2026-08-20T00:09:10-04:00
12117500,2002-05-18,535,A,15.14951292672,1308.917916868608,2026-08-20T00:09:10-04:00
12117500,2002-05-19,527,A,14.922978153984001,1289.3453125042176,2026-08-20T00:09:10-04:00
12117500,2002-05-20,538,A,15.234463466496001,1316.2576435052545,2026-08-20T00:09:10-04:00
12117500,2002-05-21,539,A,15.262780313088001,1318.7042190508032,2026-08-20T00:09:10-04:00
12117500,2002-05-22,550,A,15.574265625600001,1345.61655005184,2026-08-20T00:09:10-04:00
12117500,2002-05-23,569,A,16.112285710847999,1392.1014854172672,2026-08-20T00:09:10-04:00
12117500,2002-05-24,766,A,21.690704489472001,1874.0768678903808,2026-08-20T00:09:10-04:00
12117500,2002-05-25,1050,A,29.732688921600001,2568.9043228262399,2026-08-20T00:09:10-04:00
12117500,2002-05-26,1060,A,30.015857387520001,2593.3700782817282,2026-08-20T00:09:10-04:00
12117500,2002-05-27,1030,A,29.166351989760003,2519.9728119152642,2026-08-20T00:09:10-04:00
12117500,2002-05-28,941,A,26.646152643072,2302.2275883614207,2026-08-20T00:09:10-04:00
12117500,2002-05-29,859,A,24.324171222528001,2101.6083936264195,2026-08-20T00:09:10-04:00
12117500,2002-05-30,695,A,19.68020838144,1700.3700041564161,2026-08-20T00:09:10-04:00
12117500,2002-05-31,733,A,20.756248551936,1793.3398748872705,2026-08-20T00:09:10-04:00
12117500,2002-06-01,760,A,21.520803409919999,1859.3974146170881,2026-08-20T00:09:10-04:00
12117500,2002-06-02,775,A,21.945556108800002,1896.0960478003201,2026-08-20T00:09:10-04:00
12117500,2002-06-03,782,A,22.143774034944002,1913.2220766191617,2026-08-20T00:09:10-04:00
12117500,2002-06-04,795,A,22.51189304064,1945.027558711296,2026-08-20T00:09:10-04:00
12117500,2002-06-05,1070,A,30.29902585344,2617.835833737216,2026-08-20T00:09:10-04:00
12117500,2002-06-06,1110,A,31.431699717120001,2715.6988555591679,2026-08-20T00:09:10-04:00
12117500,2002-06-07,1510,A,42.758438353919999,3694.3290737786883,2026-08-20T00:09:10-04:00
12117500,2002-06-08,1630,A,46.156459944959998,3987.9181392445439,2026-08-20T00:09:10-04:00
12117500,2002-06-09,1620,A,45.873291479039999,3963.4523837890561,2026-08-20T00:09:10-04:00
12117500,2002-06-10,1500,A,42.475269888,3669.8633183232,2026-08-20T00:09:10-04:00
12117500,2002-06-11,1190,A,33.697047444479999,2911.4248992030721,2026-08-20T00:09:10-04:00
12117500,2002-06-12,959,A,27.155855881728002,2346.2659481812993,2026-08-20T00:09:10-04:00
12117500,2002-06-13,724,A,20.501396932607999,1771.3206949773312,2026-08-20T00:09:10-04:00
12117500,2002-06-14,693,A,19.623574688255999,1695.4768530653184,2026-08-20T00:09:10-04:00
12117500,2002-06-15,682,A,19.312089375744002,1668.5645220642816,2026-08-20T00:09:10-04:00
12117500,2002-06-16,685,A,19.397039915520001,1675.9042487009281,2026-08-20T00:09:10-04:00
12117500,2002-06-17,1130,A,31.998036648959999,2764.6303664701441,2026-08-20T00:09:10-04:00
12117500,2002-06-18,1360,A,38.510911365120002,3327.3427419463683,2026-08-20T00:09:10-04:00
12117500,2002-06-19,1350,A,38.227742899200003,3302.87698649088,2026-08-20T00:09:10-04:00
12117500,2002-06-20,1350,A,38.227742899200003,3302.87698649088,2026-08-20T00:09:10-04:00
12117500,2002-06-21,1340,A,37.944574433280003,3278.4112310353921,2026-08-20T00:09:10-04:00
12117500,2002-06-22,1340,A,37.944574433280003,3278.4112310353921,2026-08-20T00:09:10-04:00
12117500,2002-06-23,1330,A,37.661405967360004,3253.9454755799043,2026-08-20T00:09:10-04:00
12117500,2002-06-24,1260,A,35.679226705920001,3082.6851873914879,2026-08-20T00:09:10-04:00
12117500,2002-06-25,1090,A,30.865362785280002,2666.7673446481922,2026-08-20T00:09:10-04:00
12117500,2002-06-26,961,A,27.212489574912002,2351.1590992723968,2026-08-20T00:09:10-04:00
12117500,2002-06-27,964,A,27.297440114688001,2358.4988259090433,2026-08-20T00:09:10-04:00
12117500,2002-06-28,982,A,27.807143353343999,2402.5371857289215,2026-08-20T00:09:10-04:00
12117500,2002-06-29,1020,A,28.88318352384,2495.5070564597759,2026-08-20T00:09:10-04:00
12117500,2002-06-30,918,A,25.994865171456002,2245.9563508137985,2026-08-20T00:09:10-04:00
12117500,2002-07-01,779,A,22.058823495167999,1905.8823499825153,2026-08-20T00:09:10-04:00
12117500,2002-07-02,598,A,16.933474262016002,1463.0521762381825,2026-08-20T00:09:10-04:00
12117500,2002-07-03,465,A,13.167333665280001,1137.6576286801921,2026-08-20T00:09:10-04:00
12117500,2002-07-04,386,A,10.930302784512,944.37816058183682,2026-08-20T00:09:10-04:00
12117500,2002-07-05,374,A,10.590500625408,915.01925403525127,2026-08-20T00:09:10-04:00
12117500,2002-07-06,362,A,10.250698466304,885.66034748866559,2026-08-20T00:09:10-04:00
12117500,2002-07-07,357,A,10.109114233344,873.42746976092167,2026-08-20T00:09:10-04:00
12117500,2002-07-08,366,A,10.363965852672001,895.44664967086078,2026-08-20T00:09:10-04:00
12117500,2002-07-09,351,A,9.9392131537920001,858.74801648762877,2026-08-20T00:09:10-04:00
12117500,2002-07-10,344,A,9.7409952276479999,841.62198766878726,2026-08-20T00:09:10-04:00
12117500,2002-07-11,345,A,9.7693120742400001,844.068563214336,2026-08-20T00:09:10-04:00
12117500,2002-07-12,373,A,10.562183778816001,912.57267848970241,2026-08-20T00:09:10-04:00
12117500,2002-07-13,372,A,10.533866932224001,910.12610294415367,2026-08-20T00:09:10-04:00
12117500,2002-07-14,368,A,10.420599545856,900.33980076195849,2026-08-20T00:09:10-04:00
12117500,2002-07-15,367,A,10.392282699264001,897.89322521640963,2026-08-20T00:09:10-04:00
12117500,2002-07-16,377,A,10.675451165184001,922.3589806718976,2026-08-20T00:09:10-04:00
12117500,2002-07-17,417,A,11.808125028864,1020.2220024938497,2026-08-20T00:09:10-04:00
12117500,2002-07-18,446,A,12.629313580032001,1091.1726933147647,2026-08-20T00:09:10-04:00
12117500,2002-07-19,446,A,12.629313580032001,1091.1726933147647,2026-08-20T00:09:10-04:00
12117500,2002-07-20,444,A,12.572679886848,1086.2795422236672,2026-08-20T00:09:10-04:00
12117500,2002-07-21,441,A,12.487729347072001,1078.9398155870208,2026-08-20T00:09:10-04:00
12117500,2002-07-22,439,A,12.431095653888001,1074.0466644959233,2026-08-20T00:09:10-04:00
12117500,2002-07-23,437,A,12.374461960704,1069.1535134048256,2026-08-20T00:09:10-04:00
12117500,2002-07-24,436,A,12.346145114112,1066.7069378592769,2026-08-20T00:09:10-04:00
12117500,2002-07-25,418,A,11.836441875456,1022.6685780393984,2026-08-20T00:09:10-04:00
12117500,2002-07-26,367,A,10.392282699264001,897.89322521640963,2026-08-20T00:09:10-04:00
12117500,2002-07-27,351,A,9.9392131537920001,858.74801648762877,2026-08-20T00:09:10-04:00
12117500,2002-07-28,349,A,9.8825794606079995,853.85486539653118,2026-08-20T00:09:10-04:00
12117500,2002-07-29,353,A,9.9958468469760007,863.64116757872648,2026-08-20T00:09:10-04:00
12117500,2002-07-30,347,A,9.8259457674240007,848.96171430543359,2026-08-20T00:09:10-04:00
12117500,2002-07-31,343,A,9.7126783810559996,839.1754121232384,2026-08-20T00:09:10-04:00
12117500,2002-08-01,339,A,9.5994109946880002,829.38910994104322,2026-08-20T00:09:10-04:00
12117500,2002-08-02,337,A,9.5427773015039996,824.49595884994562,2026-08-20T00:09:10-04:00
12117500,2002-08-03,335,A,9.4861436083200008,819.60280775884803,2026-08-20T00:09:10-04:00
12117500,2002-08-04,334,A,9.4578267617280005,817.15623221329918,2026-08-20T00:09:10-04:00
12117500,2002-08-05,332,A,9.4011930685439999,812.26308112220158,2026-08-20T00:09:10-04:00
12117500,2002-08-06,320,A,9.06139090944,782.90417457561603,2026-08-20T00:09:10-04:00
12117500,2002-08-07,312,A,8.8348561367039995,763.33157021122565,2026-08-20T00:09:10-04:00
12117500,2002-08-08,307,A,8.6932719037439998,751.09869248348161,2026-08-20T00:09:10-04:00
12117500,2002-08-09,302,A,8.5516876707840002,738.86581475573757,2026-08-20T00:09:10-04:00
12117500,2002-08-10,285,A,8.0703012787200006,697.27403048140798,2026-08-20T00:09:10-04:00
12117500,2002-08-11,283,A,8.013667585536,692.38087939031038,2026-08-20T00:09:10-04:00
12117500,2002-08-12,278,A,7.8720833525760003,680.14800166256646,2026-08-20T00:09:10-04:00
12117500,2002-08-13,278,A,7.8720833525760003,680.14800166256646,2026-08-20T00:09:10-04:00
12117500,2002-08-14,275,A,7.7871328128000004,672.80827502592001,2026-08-20T00:09:10-04:00
12117500,2002-08-15,275,A:e,7.7871328128000004,672.80827502592001,2026-08-20T00:09:10-04:00
12117500,2002-08-16,272,A:e,7.7021822730240004,665.46854838927356,2026-08-20T00:09:10-04:00
12117500,2002-08-17,272,A:e,7.7021822730240004,665.46854838927356,2026-08-20T00:09:10-04:00
12117500,2002-08-18,272,A:e,7.7021822730240004,665.46854838927356,2026-08-20T00:09:10-04:00
12117500,2002-08-19,272,A:e,7.7021822730240004,665.46854838927356,2026-08-20T00:09:10-04:00
12117500,2002-08-20,273,A:e,7.7304991196159998,667.91512393482242,2026-08-20T00:09:10-04:00
12117500,2002-08-21,270,A,7.6455485798399998,660.57539729817597,2026-08-20T00:09:10-04:00
12117500,2002-08-22,268,A,7.5889148866560001,655.68224620707838,2026-08-20T00:09:10-04:00
12117500,2002-08-23,268,A,7.5889148866560001,655.68224620707838,2026-08-20T00:09:10-04:00
12117500,2002-08-24,265,A,7.5039643468800001,648.34251957043205,2026-08-20T00:09:10-04:00
12117500,2002-08-25,265,A,7.5039643468800001,648.34251957043205,2026-08-20T00:09:10-04:00
12117500,2002-08-26,265,A,7.5039643468800001,648.34251957043205,2026-08-20T00:09:10-04:00
12117500,2002-08-27,265,A,7.5039643468800001,648.34251957043205,2026-08-20T00:09:10-04:00
12117500,2002-08-28,264,A,7.4756475002879998,645.89594402488319,2026-08-20T00:09:10-04:00
12117500,2002-08-29,264,A,7.4756475002879998,645.89594402488319,2026-08-20T00:09:10-04:00
12117500,2002-08-30,262,A,7.4190138071040002,641.0027929337856,2026-08-20T00:09:10-04:00
12117500,2002-08-31,261,A,7.3906969605119999,638.55621738823686,2026-08-20T00:09:10-04:00
12117500,2002-09-01,258,A,7.3057464207359999,631.21649075159041,2026-08-20T00:09:10-04:00
12117500,2002-09-02,262,A,7.4190138071040002,641.0027929337856,2026-08-20T00:09:10-04:00
12117500,2002-09-03,283,A,8.013667585536,692.38087939031038,2026-08-20T00:09:10-04:00
12117500,2002-09-04,261,A,7.3906969605119999,638.55621738823686,2026-08-20T00:09:10-04:00
12117500,2002-09-05,258,A,7.3057464207359999,631.21649075159041,2026-08-20T00:09:10-04:00
12117500,2002-09-06,257,A,7.2774295741440005,628.76991520604167,2026-08-20T00:09:10-04:00
12117500,2002-09-07,253,A,7.1641621877760002,618.98361302384637,2026-08-20T00:09:10-04:00
12117500,2002-09-08,252,A,7.1358453411839999,616.53703747829763,2026-08-20T00:09:10-04:00
12117500,2002-09-09,252,A,7.1358453411839999,616.53703747829763,2026-08-20T00:09:10-04:00
12117500,2002-09-10,252,A,7.1358453411839999,616.53703747829763,2026-08-20T00:09:10-04:00
12117500,2002-09-11,267,A,7.5605980400639998,653.23567066152964,2026-08-20T00:09:10-04:00
12117500,2002-09-12,295,A,8.3534697446399999,721.73978593689606,2026-08-20T00:09:10-04:00
12117500,2002-09-13,300,A,8.4950539775999996,733.97266366463998,2026-08-20T00:09:10-04:00
12117500,2002-09-14,307,A,8.6932719037439998,751.09869248348161,2026-08-20T00:09:10-04:00
12117500,2002-09-15,307,A,8.6932719037439998,751.09869248348161,2026-08-20T00:09:10-04:00
12117500,2002-09-16,310,A,8.7782224435200007,758.43841912012806,2026-08-20T00:09:10-04:00
12117500,2002-09-17,316,A,8.9481235230720007,773.11787239342084,2026-08-20T00:09:10-04:00
12117500,2002-09-18,314,A,8.8914898298880001,768.22472130232325,2026-08-20T00:09:10-04:00
12117500,2002-09-19,311,A,8.806539290112001,760.8849946656768,2026-08-20T00:09:10-04:00
12117500,2002-09-20,310,A,8.7782224435200007,758.43841912012806,2026-08-20T00:09:10-04:00
12117500,2002-09-21,309,A,8.7499055969280004,755.99184357457921,2026-08-20T00:09:10-04:00
12117500,2002-09-22,307,A,8.6932719037439998,751.09869248348161,2026-08-20T00:09:10-04:00
12117500,2002-09-23,307,A,8.6932719037439998,751.09869248348161,2026-08-20T00:09:10-04:00
12117500,2002-09-24,307,A,8.6932719037439998,751.09869248348161,2026-08-20T00:09:10-04:00
12117500,2002-09-25,335,A,9.4861436083200008,819.60280775884803,2026-08-20T00:09:10-04:00
12117500,2002-09-26,335,A,9.4861436083200008,819.60280775884803,2026-08-20T00:09:10-04:00
12117500,2002-09-27,335,A,9.4861436083200008,819.60280775884803,2026-08-20T00:09:10-04:00
12117500,2002-09-28,335,A,9.4861436083200008,819.60280775884803,2026-08-20T00:09:10-04:00
12117500,2002-09-29,345,A,9.7693120742400001,844.068563214336,2026-08-20T00:09:10-04:00
12117500,2002-09-30,347,A,9.8259457674240007,848.96171430543359,2026-08-20T00:09:10-04:00
12117500,2002-10-01,350,A,9.9108963071999998,856.30144094208003,2026-08-20T00:09:10-04:00
12117500,2002-10-02,364,A,10.307332159488,890.55349857976319,2026-08-20T00:09:10-04:00
12117500,2002-10-03,411,A,11.638223949312,1005.5425492205568,2026-08-20T00:09:10-04:00
12117500,2002-10-04,438,A,12.402778807296,1071.6000889503744,2026-08-20T00:09:10-04:00
12117500,2002-10-05,449,A,12.714264119808,1098.5124199514112,2026-08-20T00:09:10-04:00
12117500,2002-10-06,433,A,12.261194574336001,1059.3672112226304,2026-08-20T00:09:10-04:00
12117500,2002-10-07,439,A,12.431095653888001,1074.0466644959233,2026-08-20T00:09:10-04:00
12117500,2002-10-08,478,A,13.535452670976001,1169.4631107723264,2026-08-20T00:09:10-04:00
12117500,2002-10-09,520,A,14.724760227840001,1272.219283685376,2026-08-20T00:09:10-04:00
12117500,2002-10-10,530,A,15.00792869376,1296.6850391408641,2026-08-20T00:09:10-04:00
12117500,2002-10-11,533,A,15.092879233536001,1304.0247657775105,2026-08-20T00:09:10-04:00
12117500,2002-10-12,531,A,15.036245540352001,1299.1316146864128,2026-08-20T00:09:10-04:00
12117500,2002-10-13,531,A,15.036245540352001,1299.1316146864128,2026-08-20T00:09:10-04:00
12117500,2002-10-14,528,A,14.951295000576,1291.7918880497664,2026-08-20T00:09:10-04:00
12117500,2002-10-15,493,A,13.960205369856,1206.1617439555584,2026-08-20T00:09:10-04:00
12117500,2002-10-16,464,A,13.139016818688001,1135.2110531346432,2026-08-20T00:09:10-04:00
12117500,2002-10-17,445,A,12.600996733440001,1088.726117769216,2026-08-20T00:09:10-04:00
12117500,2002-10-18,440,A,12.459412500480001,1076.4932400414721,2026-08-20T00:09:10-04:00
12117500,2002-10-19,437,A,12.374461960704,1069.1535134048256,2026-08-20T00:09:10-04:00
12117500,2002-10-20,437,A,12.374461960704,1069.1535134048256,2026-08-20T00:09:10-04:00
12117500,2002-10-21,430,A,12.17624403456,1052.027484585984,2026-08-20T00:09:10-04:00
12117500,2002-10-22,410,A,11.609907102720001,1003.0959736750081,2026-08-20T00:09:10-04:00
12117500,2002-10-23,406,A,11.496639716352,993.30967149281287,2026-08-20T00:09:10-04:00
12117500,2002-10-24,400,A,11.3267386368,978.63021821951997,2026-08-20T00:09:10-04:00
12117500,2002-10-25,399,A,11.298421790208,976.18364267397124,2026-08-20T00:09:10-04:00
12117500,2002-10-26,395,A,11.18515440384,966.39734049177605,2026-08-20T00:09:10-04:00
12117500,2002-10-27,390,A,11.043570170880001,954.16446276403201,2026-08-20T00:09:10-04:00
12117500,2002-10-28,394,A,11.156837557248,963.9507649462272,2026-08-20T00:09:10-04:00
12117500,2002-10-29,384,A,10.873669091328001,939.48500949073923,2026-08-20T00:09:10-04:00
12117500,2002-10-30,356,A,10.080797386752,870.98089421537281,2026-08-20T00:09:10-04:00
12117500,2002-10-31,351,A,9.9392131537920001,858.74801648762877,2026-08-20T00:09:10-04:00
12117500,2002-11-01,348,A,9.854262614016001,851.40828985098244,2026-08-20T00:09:10-04:00
12117500,2002-11-02,342,A,9.6843615344640011,836.72883657768966,2026-08-20T00:09:10-04:00
12117500,2002-11-03,337,A,9.5427773015039996,824.49595884994562,2026-08-20T00:09:10-04:00
12117500,2002-11-04,332,A,9.4011930685439999,812.26308112220158,2026-08-20T00:09:10-04:00
12117500,2002-11-05,349,A,9.8825794606079995,853.85486539653118,2026-08-20T00:09:10-04:00
12117500,2002-11-06,351,A,9.9392131537920001,858.74801648762877,2026-08-20T00:09:10-04:00
12117500,2002-11-07,351,A,9.9392131537920001,858.74801648762877,2026-08-20T00:09:10-04:00
12117500,2002-11-08,358,A,10.137431079936,875.87404530647041,2026-08-20T00:09:10-04:00
12117500,2002-11-09,391,A,11.071887017472001,956.61103830958086,2026-08-20T00:09:10-04:00
12117500,2002-11-10,402,A,11.383372329984001,983.52336931061768,2026-08-20T00:09:10-04:00
12117500,2002-11-11,388,A,10.986936477696,949.27131167293442,2026-08-20T00:09:10-04:00
12117500,2002-11-12,410,A,11.609907102720001,1003.0959736750081,2026-08-20T00:09:10-04:00
12117500,2002-11-13,372,A,10.533866932224001,910.12610294415367,2026-08-20T00:09:10-04:00
12117500,2002-11-14,329,A,9.3162425287680009,804.92335448555525,2026-08-20T00:09:10-04:00
12117500,2002-11-15,314,A,8.8914898298880001,768.22472130232325,2026-08-20T00:09:10-04:00
12117500,2002-11-16,293,A,8.2968360514560011,716.84663484579846,2026-08-20T00:09:10-04:00
12117500,2002-11-17,290,A,8.2118855116800002,709.50690820915202,2026-08-20T00:09:10-04:00
12117500,2002-11-18,288,A,8.1552518184959997,704.61375711805442,2026-08-20T00:09:10-04:00
12117500,2002-11-19,369,A,10.448916392448,902.78637630750723,2026-08-20T00:09:10-04:00
12117500,2002-11-20,369,A,10.448916392448,902.78637630750723,2026-08-20T00:09:10-04:00
12117500,2002-11-21,399,A,11.298421790208,976.18364267397124,2026-08-20T00:09:10-04:00
12117500,2002-11-22,391,A,11.071887017472001,956.61103830958086,2026-08-20T00:09:10-04:00
12117500,2002-11-23,400,A,11.3267386368,978.63021821951997,2026-08-20T00:09:10-04:00
12117500,2002-11-24,392,A,11.100203864064,959.0576138551296,2026-08-20T00:09:10-04:00
12117500,2002-11-25,386,A,10.930302784512,944.37816058183682,2026-08-20T00:09:10-04:00
12117500,2002-11-26,381,A,10.788718551552,932.14528285409278,2026-08-20T00:09:10-04:00
12117500,2002-11-27,387,A,10.958619631104,946.82473612738568,2026-08-20T00:09:10-04:00
12117500,2002-11-28,408,A,11.553273409536001,998.20282258391046,2026-08-20T00:09:10-04:00
12117500,2002-11-29,406,A,11.496639716352,993.30967149281287,2026-08-20T00:09:10-04:00
12117500,2002-11-30,403,A,11.411689176576001,985.96994485616642,2026-08-20T00:09:10-04:00
12117500,2002-12-01,399,A,11.298421790208,976.18364267397124,2026-08-20T00:09:10-04:00
12117500,2002-12-02,400,A,11.3267386368,978.63021821951997,2026-08-20T00:09:10-04:00
12117500,2002-12-03,396,A,11.213471250432001,968.84391603732479,2026-08-20T00:09:10-04:00
12117500,2002-12-04,397,A,11.241788097024001,971.29049158287364,2026-08-20T00:09:10-04:00
12117500,2002-12-05,377,A,10.675451165184001,922.3589806718976,2026-08-20T00:09:10-04:00
12117500,2002-12-06,347,A,9.8259457674240007,848.96171430543359,2026-08-20T00:09:10-04:00
12117500,2002-12-07,347,A,9.8259457674240007,848.96171430543359,2026-08-20T00:09:10-04:00
12117500,2002-12-08,347,A,9.8259457674240007,848.96171430543359,2026-08-20T00:09:10-04:00
12117500,2002-12-09,325,A,9.2029751423999997,795.13705230336006,2026-08-20T00:09:10-04:00
12117500,2002-12-10,293,A,8.2968360514560011,716.84663484579846,2026-08-20T00:09:10-04:00
12117500,2002-12-11,331,A,9.3728762219519997,809.81650557665284,2026-08-20T00:09:10-04:00
12117500,2002-12-12,340,A,9.6277278412800005,831.83568548659207,2026-08-20T00:09:10-04:00
12117500,2002-12-13,372,A,10.533866932224001,910.12610294415367,2026-08-20T00:09:10-04:00
12117500,2002-12-14,346,A,9.7976289208320004,846.51513875988485,2026-08-20T00:09:10-04:00
12117500,2002-12-15,346,A,9.7976289208320004,846.51513875988485,2026-08-20T00:09:10-04:00
12117500,2002-12-16,404,A,11.440006023168001,988.41652040171527,2026-08-20T00:09:10-04:00
12117500,2002-12-17,350,A,9.9108963071999998,856.30144094208003,2026-08-20T00:09:10-04:00
12117500,2002-12-18,314,A,8.8914898298880001,768.22472130232325,2026-08-20T00:09:10-04:00
12117500,2002-12-19,332,A,9.4011930685439999,812.26308112220158,2026-08-20T00:09:10-04:00
12117500,2002-12-20,350,A,9.9108963071999998,856.30144094208003,2026-08-20T00:09:10-04:00
12117500,2002-12-21,353,A,9.9958468469760007,863.64116757872648,2026-08-20T00:09:10-04:00
12117500,2002-12-22,348,A,9.854262614016001,851.40828985098244,2026-08-20T00:09:10-04:00
12117500,2002-12-23,343,A,9.7126783810559996,839.1754121232384,2026-08-20T00:09:10-04:00
12117500,2002-12-24,358,A,10.137431079936,875.87404530647041,2026-08-20T00:09:10-04:00
12117500,2002-12-25,386,A,10.930302784512,944.37816058183682,2026-08-20T00:09:10-04:00
12117500,2002-12-26,394,A,11.156837557248,963.9507649462272,2026-08-20T00:09:10-04:00
12117500,2002-12-27,397,A,11.241788097024001,971.29049158287364,2026-08-20T00:09:10-04:00
12117500,2002-12-28,389,A,11.015253324288,951.71788721848327,2026-08-20T00:09:10-04:00
12117500,2002-12-29,385,A,10.901985937920001,941.93158503628808,2026-08-20T00:09:10-04:00
12117500,2002-12-30,403,A,11.411689176576001,985.96994485616642,2026-08-20T00:09:10-04:00
12117500,2002-12-31,468,A,13.252284205056,1144.9973553168384,2026-08-20T00:09:10-04:00
12117500,2003-01-01,626,A,17.726345966592,1531.5562915135488,2026-08-20T00:09:10-04:00
12117500,2003-01-02,683,A,19.340406222336,1671.0110976098304,2026-08-20T00:09:10-04:00
12117500,2003-01-03,504,A,14.271690682368,1233.0740749565953,2026-08-20T00:09:10-04:00
12117500,2003-01-04,380,A,10.76040170496,929.69870730854404,2026-08-20T00:09:10-04:00
12117500,2003-01-05,396,A,11.213471250432001,968.84391603732479,2026-08-20T00:09:10-04:00
12117500,2003-01-06,331,A,9.3728762219519997,809.81650557665284,2026-08-20T00:09:10-04:00
12117500,2003-01-07,307,A,8.6932719037439998,751.09869248348161,2026-08-20T00:09:10-04:00
12117500,2003-01-08,321,A,9.0897077560320003,785.35075012116488,2026-08-20T00:09:10-04:00
12117500,2003-01-09,345,A,9.7693120742400001,844.068563214336,2026-08-20T00:09:10-04:00
12117500,2003-01-10,369,A,10.448916392448,902.78637630750723,2026-08-20T00:09:10-04:00
12117500,2003-01-11,382,A,10.817035398144,934.59185839964164,2026-08-20T00:09:10-04:00
12117500,2003-01-12,428,A,12.119610341376001,1047.1343334948865,2026-08-20T00:09:10-04:00
12117500,2003-01-13,406,A,11.496639716352,993.30967149281287,2026-08-20T00:09:10-04:00
12117500,2003-01-14,416,A,11.779808182272001,1017.7754269483008,2026-08-20T00:09:10-04:00
12117500,2003-01-15,389,A,11.015253324288,951.71788721848327,2026-08-20T00:09:10-04:00
12117500,2003-01-16,378,A,10.703768011776001,924.80555621744645,2026-08-20T00:09:10-04:00
12117500,2003-01-17,369,A,10.448916392448,902.78637630750723,2026-08-20T00:09:10-04:00
12117500,2003-01-18,363,A,10.279015312896,888.10692303421445,2026-08-20T00:09:10-04:00
12117500,2003-01-19,356,A,10.080797386752,870.98089421537281,2026-08-20T00:09:10-04:00
12117500,2003-01-20,379,A,10.732084858368001,927.25213176299519,2026-08-20T00:09:10-04:00
12117500,2003-01-21,420,A,11.89307556864,1027.5617291304961,2026-08-20T00:09:10-04:00
12117500,2003-01-22,510,A,14.44159176192,1247.7535282298879,2026-08-20T00:09:10-04:00
12117500,2003-01-23,529,A,14.979611847168,1294.2384635953154,2026-08-20T00:09:10-04:00
12117500,2003-01-24,489,A,13.846937983488001,1196.3754417733633,2026-08-20T00:09:10-04:00
12117500,2003-01-25,483,A,13.677036903936001,1181.6959885000704,2026-08-20T00:09:10-04:00
12117500,2003-01-26,818,A,23.163180512256002,2001.2987962589184,2026-08-20T00:09:10-04:00
12117500,2003-01-27,788,A,22.313675114496,1927.9015298924544,2026-08-20T00:09:10-04:00
12117500,2003-01-28,700,A,19.8217926144,1712.6028818841601,2026-08-20T00:09:10-04:00
12117500,2003-01-29,671,A,19.000604063232,1641.6521910632448,2026-08-20T00:09:10-04:00
12117500,2003-01-30,759,A,21.492486563328001,1856.9508390715393,2026-08-20T00:09:10-04:00
12117500,2003-01-31,1180,A,33.41387897856,2886.9591437475842,2026-08-20T00:09:10-04:00
12117500,2003-02-01,947,A,26.816053722624002,2316.9070416347136,2026-08-20T00:09:10-04:00
12117500,2003-02-02,1130,A,31.998036648959999,2764.6303664701441,2026-08-20T00:09:10-04:00
12117500,2003-02-03,1180,A,33.41387897856,2886.9591437475842,2026-08-20T00:09:10-04:00
12117500,2003-02-04,1310,A,37.095069035519998,3205.0139646689281,2026-08-20T00:09:10-04:00
12117500,2003-02-05,1240,A,35.112889774080003,3033.7536764805122,2026-08-20T00:09:10-04:00
12117500,2003-02-06,1180,A,33.41387897856,2886.9591437475842,2026-08-20T00:09:10-04:00
12117500,2003-02-07,954,A,27.014271648768002,2334.0330704535554,2026-08-20T00:09:10-04:00
12117500,2003-02-08,835,A,23.644566904320001,2042.8905805332481,2026-08-20T00:09:10-04:00
12117500,2003-02-09,731,A,20.699614858752,1788.4467237961728,2026-08-20T00:09:10-04:00
12117500,2003-02-10,695,A,19.68020838144,1700.3700041564161,2026-08-20T00:09:10-04:00
12117500,2003-02-11,610,A,17.273276421120002,1492.411082784768,2026-08-20T00:09:10-04:00
12117500,2003-02-12,533,A,15.092879233536001,1304.0247657775105,2026-08-20T00:09:10-04:00
12117500,2003-02-13,485,A,13.73367059712,1186.5891395911681,2026-08-20T00:09:10-04:00
12117500,2003-02-14,421,A,11.921392415232001,1030.0083046760449,2026-08-20T00:09:10-04:00
12117500,2003-02-15,374,A,10.590500625408,915.01925403525127,2026-08-20T00:09:10-04:00
12117500,2003-02-16,354,A,10.024163693568001,866.08774312427522,2026-08-20T00:09:10-04:00
12117500,2003-02-17,352,A,9.9675300003840004,861.19459203317763,2026-08-20T00:09:10-04:00
12117500,2003-02-18,345,A,9.7693120742400001,844.068563214336,2026-08-20T00:09:10-04:00
12117500,2003-02-19,339,A,9.5994109946880002,829.38910994104322,2026-08-20T00:09:10-04:00
12117500,2003-02-20,389,A,11.015253324288,951.71788721848327,2026-08-20T00:09:10-04:00
12117500,2003-02-21,576,A,16.310503636991999,1409.2275142361088,2026-08-20T00:09:10-04:00
12117500,2003-02-22,738,A,20.897832784896,1805.5727526150145,2026-08-20T00:09:10-04:00
12117500,2003-02-23,676,A,19.142188296192,1653.885068790989,2026-08-20T00:09:10-04:00
12117500,2003-02-24,806,A,22.823378353152002,1971.9398897123328,2026-08-20T00:09:10-04:00
12117500,2003-02-25,889,A,25.173676620287999,2175.0056599928835,2026-08-20T00:09:10-04:00
12117500,2003-02-26,988,A,27.977044432896001,2417.2166390022144,2026-08-20T00:09:10-04:00
12117500,2003-02-27,974,A,27.580608580608001,2382.9645813645311,2026-08-20T00:09:10-04:00
12117500,2003-02-28,871,A,24.663973381632001,2130.9673001730048,2026-08-20T00:09:10-04:00
12117500,2003-03-01,725,A,20.529713779200002,1773.7672705228802,2026-08-20T00:09:10-04:00
12117500,2003-03-02,620,A,17.556444887040001,1516.8768382402561,2026-08-20T00:09:10-04:00
12117500,2003-03-03,588,A,16.650305796095999,1438.5864207826944,2026-08-20T00:09:10-04:00
12117500,2003-03-04,528,A,14.951295000576,1291.7918880497664,2026-08-20T00:09:10-04:00
12117500,2003-03-05,553,A,15.659216165376,1352.9562766884865,2026-08-20T00:09:10-04:00
12117500,2003-03-06,604,A,17.103375341568,1477.7316295114751,2026-08-20T00:09:10-04:00
12117500,2003-03-07,653,A,18.490900824576002,1597.6138312433663,2026-08-20T00:09:10-04:00
12117500,2003-03-08,800,A,22.6534772736,1957.2604364390399,2026-08-20T00:09:10-04:00
12117500,2003-03-09,1000,A,28.316846592000001,2446.5755455488002,2026-08-20T00:09:10-04:00
12117500,2003-03-10,1120,A,31.71486818304,2740.1646110146562,2026-08-20T00:09:10-04:00
12117500,2003-03-11,1270,A,35.962395171840001,3107.1509428469762,2026-08-20T00:09:10-04:00
12117500,2003-03-12,1630,A,46.156459944959998,3987.9181392445439,2026-08-20T00:09:10-04:00
12117500,2003-03-13,1370,A,38.794079831040001,3351.8084974018561,2026-08-20T00:09:10-04:00
12117500,2003-03-14,1060,A,30.015857387520001,2593.3700782817282,2026-08-20T00:09:10-04:00
12117500,2003-03-15,1090,A,30.865362785280002,2666.7673446481922,2026-08-20T00:09:10-04:00
12117500,2003-03-16,1140,A,32.281205114880002,2789.0961219256319,2026-08-20T00:09:10-04:00
12117500,2003-03-17,1220,A,34.546552842240004,2984.8221655695361,2026-08-20T00:09:10-04:00
12117500,2003-03-18,1420,A,40.209922160639998,3474.1372746792963,2026-08-20T00:09:10-04:00
12117500,2003-03-19,1340,A,37.944574433280003,3278.4112310353921,2026-08-20T00:09:10-04:00
12117500,2003-03-20,1270,A,35.962395171840001,3107.1509428469762,2026-08-20T00:09:10-04:00
12117500,2003-03-21,1130,A,31.998036648959999,2764.6303664701441,2026-08-20T00:09:10-04:00
12117500,2003-03-22,1010,A,28.60001505792,2471.041301004288,2026-08-20T00:09:10-04:00
12117500,2003-03-23,795,A,22.51189304064,1945.027558711296,2026-08-20T00:09:10-04:00
12117500,2003-03-24,773,A,21.888922415616001,1891.2028967092224,2026-08-20T00:09:10-04:00
12117500,2003-03-25,1210,A,34.263384376319998,2960.3564101140482,2026-08-20T00:09:10-04:00
12117500,2003-03-26,1370,A,38.794079831040001,3351.8084974018561,2026-08-20T00:09:10-04:00
12117500,2003-03-27,1350,A,38.227742899200003,3302.87698649088,2026-08-20T00:09:10-04:00
12117500,2003-03-28,1340,A,37.944574433280003,3278.4112310353921,2026-08-20T00:09:10-04:00
12117500,2003-03-29,1320,A,37.378237501440005,3229.479720124416,2026-08-20T00:09:10-04:00
12117500,2003-03-30,1320,A,37.378237501440005,3229.479720124416,2026-08-20T00:09:10-04:00
12117500,2003-03-31,1420,A,40.209922160639998,3474.1372746792963,2026-08-20T00:09:10-04:00
12117500,2003-04-01,1310,A,37.095069035519998,3205.0139646689281,2026-08-20T00:09:10-04:00
12117500,2003-04-02,1060,A,30.015857387520001,2593.3700782817282,2026-08-20T00:09:10-04:00
12117500,2003-04-03,1250,A,35.396058240000002,3058.2194319360001,2026-08-20T00:09:10-04:00
12117500,2003-04-04,1450,A,41.059427558400003,3547.5345410457603,2026-08-20T00:09:10-04:00
12117500,2003-04-05,1440,A,40.776259092480004,3523.068785590272,2026-08-20T00:09:10-04:00
12117500,2003-04-06,1470,A,41.625764490240002,3596.466051956736,2026-08-20T00:09:10-04:00
12117500,2003-04-07,1480,A,41.908932956160001,3620.9318074122243,2026-08-20T00:09:10-04:00
12117500,2003-04-08,1410,A,39.926753694719999,3449.671519223808,2026-08-20T00:09:10-04:00
12117500,2003-04-09,1270,A,35.962395171840001,3107.1509428469762,2026-08-20T00:09:10-04:00
12117500,2003-04-10,1140,A,32.281205114880002,2789.0961219256319,2026-08-20T00:09:10-04:00
12117500,2003-04-11,1110,A,31.431699717120001,2715.6988555591679,2026-08-20T00:09:10-04:00
12117500,2003-04-12,1100,A,31.148531251200001,2691.23310010368,2026-08-20T00:09:10-04:00
12117500,2003-04-13,1150,A,32.564373580800002,2813.5618773811202,2026-08-20T00:09:10-04:00
12117500,2003-04-14,1010,A,28.60001505792,2471.041301004288,2026-08-20T00:09:10-04:00
12117500,2003-04-15,972,A,27.523974887424,2378.0714302734336,2026-08-20T00:09:10-04:00
12117500,2003-04-16,958,A,27.127539035136,2343.8193726357504,2026-08-20T00:09:10-04:00
12117500,2003-04-17,954,A,27.014271648768002,2334.0330704535554,2026-08-20T00:09:10-04:00
12117500,2003-04-18,842,A,23.842784830464002,2060.0166093520897,2026-08-20T00:09:10-04:00
12117500,2003-04-19,717,A,20.303179006463999,1754.1946661584896,2026-08-20T00:09:10-04:00
12117500,2003-04-20,620,A,17.556444887040001,1516.8768382402561,2026-08-20T00:09:10-04:00
12117500,2003-04-21,610,A,17.273276421120002,1492.411082784768,2026-08-20T00:09:10-04:00
12117500,2003-04-22,559,A,15.829117244928,1367.6357299617791,2026-08-20T00:09:10-04:00
12117500,2003-04-23,501,A,14.186740142592001,1225.7343483199488,2026-08-20T00:09:10-04:00
12117500,2003-04-24,538,A,15.234463466496001,1316.2576435052545,2026-08-20T00:09:10-04:00
12117500,2003-04-25,480,A,13.59208636416,1174.3562618634242,2026-08-20T00:09:10-04:00
12117500,2003-04-26,463,A,13.110699972096,1132.7644775890944,2026-08-20T00:09:10-04:00
12117500,2003-04-27,451,A,12.770897812992001,1103.4055710425089,2026-08-20T00:09:10-04:00
12117500,2003-04-28,438,A,12.402778807296,1071.6000889503744,2026-08-20T00:09:10-04:00
12117500,2003-04-29,432,A,12.232877727744,1056.9206356770817,2026-08-20T00:09:10-04:00
12117500,2003-04-30,420,A,11.89307556864,1027.5617291304961,2026-08-20T00:09:10-04:00
12117500,2003-05-01,420,A,11.89307556864,1027.5617291304961,2026-08-20T00:09:10-04:00
12117500,2003-05-02,446,A,12.629313580032001,1091.1726933147647,2026-08-20T00:09:10-04:00
12117500,2003-05-03,446,A,12.629313580032001,1091.1726933147647,2026-08-20T00:09:10-04:00
12117500,2003-05-04,448,A,12.685947273216,1096.0658444058624,2026-08-20T00:09:10-04:00
12117500,2003-05-05,467,A,13.223967358464,1142.5507797712896,2026-08-20T00:09:10-04:00
12117500,2003-05-06,473,A,13.393868438016,1157.2302330445825,2026-08-20T00:09:10-04:00
12117500,2003-05-07,449,A,12.714264119808,1098.5124199514112,2026-08-20T00:09:10-04:00
12117500,2003-05-08,435,A,12.317828267519999,1064.2603623137281,2026-08-20T00:09:10-04:00
12117500,2003-05-09,389,A,11.015253324288,951.71788721848327,2026-08-20T00:09:10-04:00
12117500,2003-05-10,381,A,10.788718551552,932.14528285409278,2026-08-20T00:09:10-04:00
12117500,2003-05-11,376,A,10.647134318592,919.91240512634886,2026-08-20T00:09:10-04:00
12117500,2003-05-12,373,A,10.562183778816001,912.57267848970241,2026-08-20T00:09:10-04:00
12117500,2003-05-13,450,A,12.7425809664,1100.9589954969601,2026-08-20T00:09:10-04:00
12117500,2003-05-14,456,A,12.912482045952,1115.6384487702528,2026-08-20T00:09:10-04:00
12117500,2003-05-15,458,A,12.969115739136001,1120.5315998613505,2026-08-20T00:09:10-04:00
12117500,2003-05-16,408,A,11.553273409536001,998.20282258391046,2026-08-20T00:09:10-04:00
12117500,2003-05-17,378,A,10.703768011776001,924.80555621744645,2026-08-20T00:09:10-04:00
12117500,2003-05-18,368,A,10.420599545856,900.33980076195849,2026-08-20T00:09:10-04:00
12117500,2003-05-19,405,A,11.46832286976,990.86309594726401,2026-08-20T00:09:10-04:00
12117500,2003-05-20,413,A,11.694857642496,1010.4357003116544,2026-08-20T00:09:10-04:00
12117500,2003-05-21,409,A,11.581590256128001,1000.6493981294592,2026-08-20T00:09:10-04:00
12117500,2003-05-22,398,A,11.270104943615999,973.73706712842238,2026-08-20T00:09:10-04:00
12117500,2003-05-23,390,A,11.043570170880001,954.16446276403201,2026-08-20T00:09:10-04:00
12117500,2003-05-24,387,A,10.958619631104,946.82473612738568,2026-08-20T00:09:10-04:00
12117500,2003-05-25,391,A,11.071887017472001,956.61103830958086,2026-08-20T00:09:10-04:00
12117500,2003-05-26,383,A,10.845352244736,937.03843394519038,2026-08-20T00:09:10-04:00
12117500,2003-05-27,379,A,10.732084858368001,927.25213176299519,2026-08-20T00:09:10-04:00
12117500,2003-05-28,381,A,10.788718551552,932.14528285409278,2026-08-20T00:09:10-04:00
12117500,2003-05-29,401,A,11.355055483392,981.07679376506883,2026-08-20T00:09:10-04:00
12117500,2003-05-30,437,A,12.374461960704,1069.1535134048256,2026-08-20T00:09:10-04:00
12117500,2003-05-31,440,A,12.459412500480001,1076.4932400414721,2026-08-20T00:09:10-04:00
12117500,2003-06-01,437,A,12.374461960704,1069.1535134048256,2026-08-20T00:09:10-04:00
12117500,2003-06-02,436,A,12.346145114112,1066.7069378592769,2026-08-20T00:09:10-04:00
12117500,2003-06-03,434,A,12.289511420928001,1061.8137867681792,2026-08-20T00:09:10-04:00
12117500,2003-06-04,429,A,12.147927187968,1049.5809090404352,2026-08-20T00:09:10-04:00
12117500,2003-06-05,428,A,12.119610341376001,1047.1343334948865,2026-08-20T00:09:10-04:00
12117500,2003-06-06,425,A,12.0346598016,1039.7946068582401,2026-08-20T00:09:10-04:00
12117500,2003-06-07,421,A,11.921392415232001,1030.0083046760449,2026-08-20T00:09:10-04:00
12117500,2003-06-08,420,A,11.89307556864,1027.5617291304961,2026-08-20T00:09:10-04:00
12117500,2003-06-09,418,A,11.836441875456,1022.6685780393984,2026-08-20T00:09:10-04:00
12117500,2003-06-10,424,A,12.006342955008,1037.3480313126913,2026-08-20T00:09:10-04:00
12117500,2003-06-11,437,A,12.374461960704,1069.1535134048256,2026-08-20T00:09:10-04:00
12117500,2003-06-12,492,A,13.931888523264,1203.7151684100097,2026-08-20T00:09:10-04:00
12117500,2003-06-13,436,A,12.346145114112,1066.7069378592769,2026-08-20T00:09:10-04:00
12117500,2003-06-14,391,A,11.071887017472001,956.61103830958086,2026-08-20T00:09:10-04:00
12117500,2003-06-15,333,A,9.4295099151360002,814.70965666775044,2026-08-20T00:09:10-04:00
12117500,2003-06-16,320,A,9.06139090944,782.90417457561603,2026-08-20T00:09:10-04:00
12117500,2003-06-17,303,A,8.5800045173760005,741.31239030128643,2026-08-20T00:09:10-04:00
12117500,2003-06-18,300,A,8.4950539775999996,733.97266366463998,2026-08-20T00:09:10-04:00
12117500,2003-06-19,304,A,8.6083213639680007,743.75896584683528,2026-08-20T00:09:10-04:00
12117500,2003-06-20,313,A,8.8631729832959998,765.77814575677439,2026-08-20T00:09:10-04:00
12117500,2003-06-21,350,A,9.9108963071999998,856.30144094208003,2026-08-20T00:09:10-04:00
12117500,2003-06-22,335,A,9.4861436083200008,819.60280775884803,2026-08-20T00:09:10-04:00
12117500,2003-06-23,319,A,9.0330740628479997,780.45759903006717,2026-08-20T00:09:10-04:00
12117500,2003-06-24,308,A,8.7215887503360001,753.54526802903047,2026-08-20T00:09:10-04:00
12117500,2003-06-25,305,A,8.636638210560001,746.20554139238402,2026-08-20T00:09:10-04:00
12117500,2003-06-26,401,A,11.355055483392,981.07679376506883,2026-08-20T00:09:10-04:00
12117500,2003-06-27,459,A,12.997432585728001,1122.9781754068993,2026-08-20T00:09:10-04:00
12117500,2003-06-28,513,A,14.526542301696001,1255.0932548665344,2026-08-20T00:09:10-04:00
12117500,2003-06-29,479,A,13.563769517568,1171.9096863178752,2026-08-20T00:09:10-04:00
12117500,2003-06-30,482,A,13.648720057344001,1179.2494129545216,2026-08-20T00:09:10-04:00
12117500,2003-07-01,514,A,14.554859148288001,1257.5398304120833,2026-08-20T00:09:10-04:00
12117500,2003-07-02,510,A,14.44159176192,1247.7535282298879,2026-08-20T00:09:10-04:00
12117500,2003-07-03,508,A,14.384958068736001,1242.8603771387905,2026-08-20T00:09:10-04:00
12117500,2003-07-04,507,A,14.356641222144001,1240.4138015932417,2026-08-20T00:09:10-04:00
12117500,2003-07-05,505,A,14.30000752896,1235.520650502144,2026-08-20T00:09:10-04:00
12117500,2003-07-06,504,A,14.271690682368,1233.0740749565953,2026-08-20T00:09:10-04:00
12117500,2003-07-07,503,A,14.243373835776,1230.6274994110465,2026-08-20T00:09:10-04:00
12117500,2003-07-08,470,A,13.308917898240001,1149.8905064079361,2026-08-20T00:09:10-04:00
12117500,2003-07-09,317,A,8.9764403696640009,775.56444793896958,2026-08-20T00:09:10-04:00
12117500,2003-07-10,280,A,7.92871704576,685.04115275366405,2026-08-20T00:09:10-04:00
12117500,2003-07-11,278,A,7.8720833525760003,680.14800166256646,2026-08-20T00:09:10-04:00
12117500,2003-07-12,338,A,9.5710941480959999,826.94253439549448,2026-08-20T00:09:10-04:00
12117500,2003-07-13,408,A,11.553273409536001,998.20282258391046,2026-08-20T00:09:10-04:00
12117500,2003-07-14,408,A,11.553273409536001,998.20282258391046,2026-08-20T00:09:10-04:00
12117500,2003-07-15,404,A,11.440006023168001,988.41652040171527,2026-08-20T00:09:10-04:00
12117500,2003-07-16,403,A,11.411689176576001,985.96994485616642,2026-08-20T00:09:10-04:00
12117500,2003-07-17,399,A,11.298421790208,976.18364267397124,2026-08-20T00:09:10-04:00
12117500,2003-07-18,388,A,10.986936477696,949.27131167293442,2026-08-20T00:09:10-04:00
12117500,2003-07-19,319,A,9.0330740628479997,780.45759903006717,2026-08-20T00:09:10-04:00
12117500,2003-07-20,314,A,8.8914898298880001,768.22472130232325,2026-08-20T00:09:10-04:00
12117500,2003-07-21,314,A,8.8914898298880001,768.22472130232325,2026-08-20T00:09:10-04:00
12117500,2003-07-22,312,A,8.8348561367039995,763.33157021122565,2026-08-20T00:09:10-04:00
12117500,2003-07-23,299,A,8.4667371310080011,731.52608811909124,2026-08-20T00:09:10-04:00
12117500,2003-07-24,297,A,8.4101034378240005,726.63293702799365,2026-08-20T00:09:10-04:00
12117500,2003-07-25,295,A,8.3534697446399999,721.73978593689606,2026-08-20T00:09:10-04:00
12117500,2003-07-26,293,A,8.2968360514560011,716.84663484579846,2026-08-20T00:09:10-04:00
12117500,2003-07-27,293,A,8.2968360514560011,716.84663484579846,2026-08-20T00:09:10-04:00
12117500,2003-07-28,293,A,8.2968360514560011,716.84663484579846,2026-08-20T00:09:10-04:00
12117500,2003-07-29,301,A,8.5233708241919999,736.41923921018883,2026-08-20T00:09:10-04:00
12117500,2003-07-30,299,A,8.4667371310080011,731.52608811909124,2026-08-20T00:09:10-04:00
12117500,2003-07-31,297,A,8.4101034378240005,726.63293702799365,2026-08-20T00:09:10-04:00
12117500,2003-08-01,297,A,8.4101034378240005,726.63293702799365,2026-08-20T00:09:10-04:00
12117500,2003-08-02,292,A,8.2685192048640008,714.40005930024961,2026-08-20T00:09:10-04:00
12117500,2003-08-03,293,A,8.2968360514560011,716.84663484579846,2026-08-20T00:09:10-04:00
12117500,2003-08-04,292,A,8.2685192048640008,714.40005930024961,2026-08-20T00:09:10-04:00
12117500,2003-08-05,302,A,8.5516876707840002,738.86581475573757,2026-08-20T00:09:10-04:00
12117500,2003-08-06,300,A,8.4950539775999996,733.97266366463998,2026-08-20T00:09:10-04:00
12117500,2003-08-07,299,A,8.4667371310080011,731.52608811909124,2026-08-20T00:09:10-04:00
12117500,2003-08-08,297,A,8.4101034378240005,726.63293702799365,2026-08-20T00:09:10-04:00
12117500,2003-08-09,296,A,8.3817865912320002,724.1863614824448,2026-08-20T00:09:10-04:00
12117500,2003-08-10,296,A,8.3817865912320002,724.1863614824448,2026-08-20T00:09:10-04:00
12117500,2003-08-11,285,A,8.0703012787200006,697.27403048140798,2026-08-20T00:09:10-04:00
12117500,2003-08-12,238,A,6.7394094888960003,582.28497984061437,2026-08-20T00:09:10-04:00
12117500,2003-08-13,233,A,6.5978252559359998,570.05210211287044,2026-08-20T00:09:10-04:00
12117500,2003-08-14,232,A,6.5695084093440004,567.60552656732159,2026-08-20T00:09:10-04:00
12117500,2003-08-15,229,A,6.4845578695680004,560.26579993067526,2026-08-20T00:09:10-04:00
12117500,2003-08-16,227,A,6.4279241763839998,555.37264883957766,2026-08-20T00:09:10-04:00
12117500,2003-08-17,227,A,6.4279241763839998,555.37264883957766,2026-08-20T00:09:10-04:00
12117500,2003-08-18,224,A,6.3429736366079998,548.03292220293122,2026-08-20T00:09:10-04:00
12117500,2003-08-19,223,A,6.3146567900160004,545.58634665738236,2026-08-20T00:09:10-04:00
12117500,2003-08-20,221,A,6.2580230968319999,540.69319556628477,2026-08-20T00:09:10-04:00
12117500,2003-08-21,221,A,6.2580230968319999,540.69319556628477,2026-08-20T00:09:10-04:00
12117500,2003-08-22,233,A,6.5978252559359998,570.05210211287044,2026-08-20T00:09:10-04:00
12117500,2003-08-23,236,A,6.6827757957119998,577.39182874951678,2026-08-20T00:09:10-04:00
12117500,2003-08-24,235,A,6.6544589491200004,574.94525320396804,2026-08-20T00:09:10-04:00
12117500,2003-08-25,233,A,6.5978252559359998,570.05210211287044,2026-08-20T00:09:10-04:00
12117500,2003-08-26,233,A,6.5978252559359998,570.05210211287044,2026-08-20T00:09:10-04:00
12117500,2003-08-27,233,A,6.5978252559359998,570.05210211287044,2026-08-20T00:09:10-04:00
12117500,2003-08-28,232,A,6.5695084093440004,567.60552656732159,2026-08-20T00:09:10-04:00
12117500,2003-08-29,233,A,6.5978252559359998,570.05210211287044,2026-08-20T00:09:10-04:00
12117500,2003-08-30,233,A,6.5978252559359998,570.05210211287044,2026-08-20T00:09:10-04:00
12117500,2003-08-31,233,A,6.5978252559359998,570.05210211287044,2026-08-20T00:09:10-04:00
12117500,2003-09-01,230,A,6.5128747161599998,562.712375476224,2026-08-20T00:09:10-04:00
12117500,2003-09-02,228,A,6.4562410229760001,557.8192243851264,2026-08-20T00:09:10-04:00
12117500,2003-09-03,231,A,6.5411915627520001,565.15895102177285,2026-08-20T00:09:10-04:00
12117500,2003-09-04,230,A,6.5128747161599998,562.712375476224,2026-08-20T00:09:10-04:00
12117500,2003-09-05,228,A,6.4562410229760001,557.8192243851264,2026-08-20T00:09:10-04:00
12117500,2003-09-06,227,A,6.4279241763839998,555.37264883957766,2026-08-20T00:09:10-04:00
12117500,2003-09-07,229,A,6.4845578695680004,560.26579993067526,2026-08-20T00:09:10-04:00
12117500,2003-09-08,258,A,7.3057464207359999,631.21649075159041,2026-08-20T00:09:10-04:00
12117500,2003-09-09,232,A,6.5695084093440004,567.60552656732159,2026-08-20T00:09:10-04:00
12117500,2003-09-10,230,A,6.5128747161599998,562.712375476224,2026-08-20T00:09:10-04:00
12117500,2003-09-11,273,A,7.7304991196159998,667.91512393482242,2026-08-20T00:09:10-04:00
12117500,2003-09-12,305,A,8.636638210560001,746.20554139238402,2026-08-20T00:09:10-04:00
12117500,2003-09-13,280,A,7.92871704576,685.04115275366405,2026-08-20T00:09:10-04:00
12117500,2003-09-14,273,A,7.7304991196159998,667.91512393482242,2026-08-20T00:09:10-04:00
12117500,2003-09-15,284,A,8.0419844321280003,694.82745493585924,2026-08-20T00:09:10-04:00
12117500,2003-09-16,359,A,10.165747926528001,878.32062085201926,2026-08-20T00:09:10-04:00
12117500,2003-09-17,355,A,10.052480540159999,868.53431866982407,2026-08-20T00:09:10-04:00
12117500,2003-09-18,304,A,8.6083213639680007,743.75896584683528,2026-08-20T00:09:10-04:00
12117500,2003-09-19,314,A,8.8914898298880001,768.22472130232325,2026-08-20T00:09:10-04:00
12117500,2003-09-20,277,A,7.843766505984,677.7014261170176,2026-08-20T00:09:10-04:00
12117500,2003-09-21,262,A,7.4190138071040002,641.0027929337856,2026-08-20T00:09:10-04:00
12117500,2003-09-22,260,A,7.3623801139200005,636.10964184268801,2026-08-20T00:09:10-04:00
12117500,2003-09-23,290,A,8.2118855116800002,709.50690820915202,2026-08-20T00:09:10-04:00
12117500,2003-09-24,291,A,8.2402023582720005,711.95348375470087,2026-08-20T00:09:10-04:00
12117500,2003-09-25,288,A,8.1552518184959997,704.61375711805442,2026-08-20T00:09:10-04:00
12117500,2003-09-26,288,A,8.1552518184959997,704.61375711805442,2026-08-20T00:09:10-04:00
12117500,2003-09-27,287,A,8.1269349719039994,702.16718157250557,2026-08-20T00:09:10-04:00
12117500,2003-09-28,286,A,8.0986181253120009,699.72060602695683,2026-08-20T00:09:10-04:00
12117500,2003-09-29,284,A,8.0419844321280003,694.82745493585924,2026-08-20T00:09:10-04:00
12117500,2003-09-30,282,A,7.9853507389440006,689.93430384476164,2026-08-20T00:09:10-04:00
12117500,2003-10-01,281,A,7.9570338923520003,687.48772829921279,2026-08-20T00:09:10-04:00
12117500,2003-10-02,280,A,7.92871704576,685.04115275366405,2026-08-20T00:09:10-04:00
12117500,2003-10-03,291,A,8.2402023582720005,711.95348375470087,2026-08-20T00:09:10-04:00
12117500,2003-10-04,330,A,9.3445593753600011,807.36993003110399,2026-08-20T00:09:10-04:00
12117500,2003-10-05,332,A,9.4011930685439999,812.26308112220158,2026-08-20T00:09:10-04:00
12117500,2003-10-06,354,A,10.024163693568001,866.08774312427522,2026-08-20T00:09:10-04:00
12117500,2003-10-07,423,A,11.978026108416,1034.9014557671424,2026-08-20T00:09:10-04:00
12117500,2003-10-08,471,A,13.337234744832001,1152.3370819534848,2026-08-20T00:09:10-04:00
12117500,2003-10-09,516,A,14.611492841472,1262.4329815031808,2026-08-20T00:09:10-04:00
12117500,2003-10-10,542,A,15.347730852864,1326.0439456874496,2026-08-20T00:09:10-04:00
12117500,2003-10-11,563,A,15.942384631296001,1377.4220321439745,2026-08-20T00:09:10-04:00
12117500,2003-10-12,587,A,16.621988949504001,1436.1398452371457,2026-08-20T00:09:10-04:00
12117500,2003-10-13,579,A,16.395454176768002,1416.5672408727553,2026-08-20T00:09:10-04:00
12117500,2003-10-14,572,A,16.197236250624002,1399.4412120539137,2026-08-20T00:09:10-04:00
12117500,2003-10-15,598,A,16.933474262016002,1463.0521762381825,2026-08-20T00:09:10-04:00
12117500,2003-10-16,659,A,18.660801904128,1612.2932845166592,2026-08-20T00:09:10-04:00
12117500,2003-10-17,455,A,12.88416519936,1113.1918732247041,2026-08-20T00:09:10-04:00
12117500,2003-10-18,414,A,11.723174489088001,1012.8822758572032,2026-08-20T00:09:10-04:00
12117500,2003-10-19,407,A,11.524956562944,995.75624703836161,2026-08-20T00:09:10-04:00
12117500,2003-10-20,601,A,17.018424801792001,1470.3919028748289,2026-08-20T00:09:10-04:00
12117500,2003-10-21,1340,A,37.944574433280003,3278.4112310353921,2026-08-20T00:09:10-04:00
12117500,2003-10-22,746,A,21.124367557632002,1825.1453569794048,2026-08-20T00:09:10-04:00
12117500,2003-10-23,725,A,20.529713779200002,1773.7672705228802,2026-08-20T00:09:10-04:00
12117500,2003-10-24,717,A,20.303179006463999,1754.1946661584896,2026-08-20T00:09:10-04:00
12117500,2003-10-25,686,A,19.425356762111999,1678.3508242464768,2026-08-20T00:09:10-04:00
12117500,2003-10-26,665,A,18.830702983680002,1626.9727377899521,2026-08-20T00:09:10-04:00
12117500,2003-10-27,640,A,18.12278181888,1565.8083491512321,2026-08-20T00:09:10-04:00
12117500,2003-10-28,551,A,15.602582472192001,1348.0631255973888,2026-08-20T00:09:10-04:00
12117500,2003-10-29,568,A,16.083968864256001,1389.6549098717185,2026-08-20T00:09:10-04:00
12117500,2003-10-30,544,A,15.404364546048001,1330.9370967785471,2026-08-20T00:09:10-04:00
12117500,2003-10-31,426,A,12.062976648192,1042.2411824037888,2026-08-20T00:09:10-04:00
12117500,2003-11-01,437,A,12.374461960704,1069.1535134048256,2026-08-20T00:09:10-04:00
12117500,2003-11-02,431,A,12.204560881152,1054.4740601315327,2026-08-20T00:09:10-04:00
12117500,2003-11-03,431,A,12.204560881152,1054.4740601315327,2026-08-20T00:09:10-04:00
12117500,2003-11-04,475,A,13.4505021312,1162.12338413568,2026-08-20T00:09:10-04:00
12117500,2003-11-05,520,A,14.724760227840001,1272.219283685376,2026-08-20T00:09:10-04:00
12117500,2003-11-06,522,A,14.781393921024,1277.1124347764737,2026-08-20T00:09:10-04:00
12117500,2003-11-07,520,A,14.724760227840001,1272.219283685376,2026-08-20T00:09:10-04:00
12117500,2003-11-08,518,A,14.668126534656,1267.3261325942785,2026-08-20T00:09:10-04:00
12117500,2003-11-09,517,A,14.639809688064,1264.8795570487296,2026-08-20T00:09:10-04:00
12117500,2003-11-10,542,A,15.347730852864,1326.0439456874496,2026-08-20T00:09:10-04:00
12117500,2003-11-11,528,A,14.951295000576,1291.7918880497664,2026-08-20T00:09:10-04:00
12117500,2003-11-12,489,A,13.846937983488001,1196.3754417733633,2026-08-20T00:09:10-04:00
12117500,2003-11-13,482,A,13.648720057344001,1179.2494129545216,2026-08-20T00:09:10-04:00
12117500,2003-11-14,478,A,13.535452670976001,1169.4631107723264,2026-08-20T00:09:10-04:00
12117500,2003-11-15,478,A,13.535452670976001,1169.4631107723264,2026-08-20T00:09:10-04:00
12117500,2003-11-16,476,A,13.478818977792001,1164.5699596812287,2026-08-20T00:09:10-04:00
12117500,2003-11-17,475,A,13.4505021312,1162.12338413568,2026-08-20T00:09:10-04:00
12117500,2003-11-18,916,A,25.938231478272002,2241.063199722701,2026-08-20T00:09:10-04:00
12117500,2003-11-19,801,A,22.681794120192002,1959.7070119845889,2026-08-20T00:09:10-04:00
12117500,2003-11-20,955,A,27.04258849536,2336.4796459991039,2026-08-20T00:09:10-04:00
12117500,2003-11-21,1220,A,34.546552842240004,2984.8221655695361,2026-08-20T00:09:10-04:00
12117500,2003-11-22,1230,A,34.829721308160003,3009.2879210250239,2026-08-20T00:09:10-04:00
12117500,2003-11-23,1360,A,38.510911365120002,3327.3427419463683,2026-08-20T00:09:10-04:00
12117500,2003-11-24,1440,A,40.776259092480004,3523.068785590272,2026-08-20T00:09:10-04:00
12117500,2003-11-25,1400,A,39.643585228799999,3425.2057637683201,2026-08-20T00:09:10-04:00
12117500,2003-11-26,1290,A,36.528732103679999,3156.082453757952,2026-08-20T00:09:10-04:00
12117500,2003-11-27,1010,A,28.60001505792,2471.041301004288,2026-08-20T00:09:10-04:00
12117500,2003-11-28,1110,A,31.431699717120001,2715.6988555591679,2026-08-20T00:09:10-04:00
12117500,2003-11-29,1480,A,41.908932956160001,3620.9318074122243,2026-08-20T00:09:10-04:00
12117500,2003-11-30,1190,A,33.697047444479999,2911.4248992030721,2026-08-20T00:09:10-04:00
12117500,2003-12-01,1180,A,33.41387897856,2886.9591437475842,2026-08-20T00:09:10-04:00
12117500,2003-12-02,1340,A,37.944574433280003,3278.4112310353921,2026-08-20T00:09:10-04:00
12117500,2003-12-03,1450,A,41.059427558400003,3547.5345410457603,2026-08-20T00:09:10-04:00
12117500,2003-12-04,1150,A,32.564373580800002,2813.5618773811202,2026-08-20T00:09:10-04:00
12117500,2003-12-05,984,A,27.863777046528,2407.4303368200194,2026-08-20T00:09:10-04:00
12117500,2003-12-06,903,A,25.570112472576,2209.2577176305663,2026-08-20T00:09:10-04:00
12117500,2003-12-07,890,A,25.201993466880001,2177.452235538432,2026-08-20T00:09:10-04:00
12117500,2003-12-08,1070,A,30.29902585344,2617.835833737216,2026-08-20T00:09:10-04:00
12117500,2003-12-09,1280,A,36.24556363776,3131.6166983024641,2026-08-20T00:09:10-04:00
12117500,2003-12-10,1270,A,35.962395171840001,3107.1509428469762,2026-08-20T00:09:10-04:00
12117500,2003-12-11,1230,A,34.829721308160003,3009.2879210250239,2026-08-20T00:09:10-04:00
12117500,2003-12-12,1120,A,31.71486818304,2740.1646110146562,2026-08-20T00:09:10-04:00
12117500,2003-12-13,1060,A,30.015857387520001,2593.3700782817282,2026-08-20T00:09:10-04:00
12117500,2003-12-14,1040,A,29.449520455680002,2544.438567370752,2026-08-20T00:09:10-04:00
12117500,2003-12-15,982,A,27.807143353343999,2402.5371857289215,2026-08-20T00:09:10-04:00
12117500,2003-12-16,958,A,27.127539035136,2343.8193726357504,2026-08-20T00:09:10-04:00
12117500,2003-12-17,818,A,23.163180512256002,2001.2987962589184,2026-08-20T00:09:10-04:00
12117500,2003-12-18,672,A,19.028920909824002,1644.0987666087935,2026-08-20T00:09:10-04:00
12117500,2003-12-19,637,A,18.037831279104001,1558.4686225145856,2026-08-20T00:09:10-04:00
12117500,2003-12-20,643,A,18.207732358655999,1573.1480757878785,2026-08-20T00:09:10-04:00
12117500,2003-12-21,658,A,18.632485057536002,1609.8467089711105,2026-08-20T00:09:10-04:00
12117500,2003-12-22,638,A,18.066148125695999,1560.9151980601343,2026-08-20T00:09:10-04:00
12117500,2003-12-23,629,A,17.811296506368002,1538.8960181501952,2026-08-20T00:09:10-04:00
12117500,2003-12-24,633,A,17.924563892736,1548.6823203323904,2026-08-20T00:09:10-04:00
12117500,2003-12-25,636,A,18.009514432511999,1556.0220469690369,2026-08-20T00:09:10-04:00
12117500,2003-12-26,624,A,17.669712273407999,1526.6631404224513,2026-08-20T00:09:10-04:00
12117500,2003-12-27,619,A,17.528128040447999,1514.4302626947072,2026-08-20T00:09:10-04:00
12117500,2003-12-28,617,A,17.471494347263999,1509.5371116036097,2026-08-20T00:09:10-04:00
12117500,2003-12-29,609,A,17.244959574528,1489.9645072392193,2026-08-20T00:09:10-04:00
12117500,2003-12-30,599,A,16.961791108608001,1465.4987517837312,2026-08-20T00:09:10-04:00
12117500,2003-12-31,588,A,16.650305796095999,1438.5864207826944,2026-08-20T00:09:10-04:00
12117500,2004-01-01,514,A,14.554859148288001,1257.5398304120833,2026-08-20T00:09:10-04:00
12117500,2004-01-02,504,A,14.271690682368,1233.0740749565953,2026-08-20T00:09:10-04:00
12117500,2004-01-03,499,A,14.130106449408,1220.8411972288513,2026-08-20T00:09:10-04:00
12117500,2004-01-04,505,A,14.30000752896,1235.520650502144,2026-08-20T00:09:10-04:00
12117500,2004-01-05,518,A,14.668126534656,1267.3261325942785,2026-08-20T00:09:10-04:00
12117500,2004-01-06,557,A,15.772483551744001,1362.7425788706817,2026-08-20T00:09:10-04:00
12117500,2004-01-07,627,A,17.754662813184002,1534.0028670590978,2026-08-20T00:09:10-04:00
12117500,2004-01-08,653,A,18.490900824576002,1597.6138312433663,2026-08-20T00:09:10-04:00
12117500,2004-01-09,580,A,16.42377102336,1419.013816418304,2026-08-20T00:09:10-04:00
12117500,2004-01-10,541,A,15.319414006272,1323.5973701419009,2026-08-20T00:09:10-04:00
12117500,2004-01-11,523,A,14.809710767616,1279.5590103220225,2026-08-20T00:09:10-04:00
12117500,2004-01-12,528,A,14.951295000576,1291.7918880497664,2026-08-20T00:09:10-04:00
12117500,2004-01-13,552,A,15.630899318784001,1350.5097011429377,2026-08-20T00:09:10-04:00
12117500,2004-01-14,565,A,15.99901832448,1382.315183235072,2026-08-20T00:09:10-04:00
12117500,2004-01-15,683,A,19.340406222336,1671.0110976098304,2026-08-20T00:09:10-04:00
12117500,2004-01-16,679,A,19.227138835967999,1661.2247954276352,2026-08-20T00:09:10-04:00
12117500,2004-01-17,555,A,15.71584985856,1357.8494277795839,2026-08-20T00:09:10-04:00
12117500,2004-01-18,534,A,15.121196080128,1306.4713413230593,2026-08-20T00:09:10-04:00
12117500,2004-01-19,530,A,15.00792869376,1296.6850391408641,2026-08-20T00:09:10-04:00
12117500,2004-01-20,495,A,14.016839063040001,1211.0548950466559,2026-08-20T00:09:10-04:00
12117500,2004-01-21,511,A,14.469908608512,1250.2001037754369,2026-08-20T00:09:10-04:00
12117500,2004-01-22,513,A,14.526542301696001,1255.0932548665344,2026-08-20T00:09:10-04:00
12117500,2004-01-23,617,A,17.471494347263999,1509.5371116036097,2026-08-20T00:09:10-04:00
12117500,2004-01-24,749,A,21.209318097408001,1832.4850836160513,2026-08-20T00:09:10-04:00
12117500,2004-01-25,686,A,19.425356762111999,1678.3508242464768,2026-08-20T00:09:10-04:00
12117500,2004-01-26,773,A,21.888922415616001,1891.2028967092224,2026-08-20T00:09:10-04:00
12117500,2004-01-27,1190,A,33.697047444479999,2911.4248992030721,2026-08-20T00:09:10-04:00
12117500,2004-01-28,1130,A,31.998036648959999,2764.6303664701441,2026-08-20T00:09:10-04:00
12117500,2004-01-29,1600,A,45.3069545472,3914.5208728780799,2026-08-20T00:09:10-04:00
12117500,2004-01-30,1500,A,42.475269888,3669.8633183232,2026-08-20T00:09:10-04:00
12117500,2004-01-31,1260,A,35.679226705920001,3082.6851873914879,2026-08-20T00:09:10-04:00
12117500,2004-02-01,1260,A,35.679226705920001,3082.6851873914879,2026-08-20T00:09:10-04:00
12117500,2004-02-02,1370,A,38.794079831040001,3351.8084974018561,2026-08-20T00:09:10-04:00
12117500,2004-02-03,1440,A,40.776259092480004,3523.068785590272,2026-08-20T00:09:10-04:00
12117500,2004-02-04,1400,A,39.643585228799999,3425.2057637683201,2026-08-20T00:09:10-04:00
12117500,2004-02-05,1360,A,38.510911365120002,3327.3427419463683,2026-08-20T00:09:10-04:00
12117500,2004-02-06,1350,A,38.227742899200003,3302.87698649088,2026-08-20T00:09:10-04:00
12117500,2004-02-07,1350,A,38.227742899200003,3302.87698649088,2026-08-20T00:09:10-04:00
12117500,2004-02-08,1340,A,37.944574433280003,3278.4112310353921,2026-08-20T00:09:10-04:00
12117500,2004-02-09,1300,A,36.811900569599999,3180.5482092134403,2026-08-20T00:09:10-04:00
12117500,2004-02-10,1100,A,31.148531251200001,2691.23310010368,2026-08-20T00:09:10-04:00
12117500,2004-02-11,881,A,24.947141847552,2155.4330556284931,2026-08-20T00:09:10-04:00
12117500,2004-02-12,719,A,20.359812699648,1759.0878172495873,2026-08-20T00:09:10-04:00
12117500,2004-02-13,683,A,19.340406222336,1671.0110976098304,2026-08-20T00:09:10-04:00
12117500,2004-02-14,691,A,19.566940995071999,1690.583701974221,2026-08-20T00:09:10-04:00
12117500,2004-02-15,680,A,19.255455682560001,1663.6713709731841,2026-08-20T00:09:10-04:00
12117500,2004-02-16,630,A,17.839613352960001,1541.342593695744,2026-08-20T00:09:10-04:00
12117500,2004-02-17,611,A,17.301593267712001,1494.8576583303168,2026-08-20T00:09:10-04:00
12117500,2004-02-18,612,A,17.329910114303999,1497.3042338758657,2026-08-20T00:09:10-04:00
12117500,2004-02-19,599,A,16.961791108608001,1465.4987517837312,2026-08-20T00:09:10-04:00
12117500,2004-02-20,582,A,16.480404716544001,1423.9069675094017,2026-08-20T00:09:10-04:00
12117500,2004-02-21,571,A,16.168919404032,1396.9946365083649,2026-08-20T00:09:10-04:00
12117500,2004-02-22,561,A,15.885750938112,1372.5288810528768,2026-08-20T00:09:10-04:00
12117500,2004-02-23,551,A,15.602582472192001,1348.0631255973888,2026-08-20T00:09:10-04:00
12117500,2004-02-24,544,A,15.404364546048001,1330.9370967785471,2026-08-20T00:09:10-04:00
12117500,2004-02-25,545,A,15.432681392640001,1333.3836723240961,2026-08-20T00:09:10-04:00
12117500,2004-02-26,564,A,15.970701477888001,1379.8686076895233,2026-08-20T00:09:10-04:00
12117500,2004-02-27,589,A,16.678622642688001,1441.0329963282431,2026-08-20T00:09:10-04:00
12117500,2004-02-28,618,A,17.499811193856001,1511.9836871491584,2026-08-20T00:09:10-04:00
12117500,2004-02-29,609,A,17.244959574528,1489.9645072392193,2026-08-20T00:09:10-04:00
12117500,2004-03-01,614,A,17.386543807488,1502.1973849669632,2026-08-20T00:09:10-04:00
12117500,2004-03-02,919,A,26.023182018048001,2248.4029263593475,2026-08-20T00:09:10-04:00
12117500,2004-03-03,812,A,22.993279432704,1986.6193429856257,2026-08-20T00:09:10-04:00
12117500,2004-03-04,831,A,23.531299517952,2033.1042783510529,2026-08-20T00:09:10-04:00
12117500,2004-03-05,944,A,26.731103182847999,2309.5673149980671,2026-08-20T00:09:10-04:00
12117500,2004-03-06,950,A,26.901004262400001,2324.24676827136,2026-08-20T00:09:10-04:00
12117500,2004-03-07,1030,A,29.166351989760003,2519.9728119152642,2026-08-20T00:09:10-04:00
12117500,2004-03-08,1020,A,28.88318352384,2495.5070564597759,2026-08-20T00:09:10-04:00
12117500,2004-03-09,832,A,23.559616364544002,2035.5508538966017,2026-08-20T00:09:10-04:00
12117500,2004-03-10,693,A,19.623574688255999,1695.4768530653184,2026-08-20T00:09:10-04:00
12117500,2004-03-11,611,A,17.301593267712001,1494.8576583303168,2026-08-20T00:09:10-04:00
12117500,2004-03-12,596,A,16.876840568832002,1458.1590251470848,2026-08-20T00:09:10-04:00
12117500,2004-03-13,608,A,17.216642727936001,1487.5179316936706,2026-08-20T00:09:10-04:00
12117500,2004-03-14,623,A,17.641395426816,1524.2165648769023,2026-08-20T00:09:10-04:00
12117500,2004-03-15,617,A,17.471494347263999,1509.5371116036097,2026-08-20T00:09:10-04:00
12117500,2004-03-16,639,A,18.094464972288002,1563.3617736056833,2026-08-20T00:09:10-04:00
12117500,2004-03-17,706,A,19.991693693952001,1727.282335157453,2026-08-20T00:09:10-04:00
12117500,2004-03-18,734,A,20.784565398528002,1795.7864504328193,2026-08-20T00:09:10-04:00
12117500,2004-03-19,709,A,20.076644233728,1734.6220617940992,2026-08-20T00:09:10-04:00
12117500,2004-03-20,684,A,19.368723068928002,1673.4576731553793,2026-08-20T00:09:10-04:00
12117500,2004-03-21,678,A,19.198821989376,1658.7782198820864,2026-08-20T00:09:10-04:00
12117500,2004-03-22,674,A,19.085554603007999,1648.9919176998912,2026-08-20T00:09:10-04:00
12117500,2004-03-23,676,A,19.142188296192,1653.885068790989,2026-08-20T00:09:10-04:00
12117500,2004-03-24,633,A,17.924563892736,1548.6823203323904,2026-08-20T00:09:10-04:00
12117500,2004-03-25,599,A,16.961791108608001,1465.4987517837312,2026-08-20T00:09:10-04:00
12117500,2004-03-26,600,A,16.990107955199999,1467.94532732928,2026-08-20T00:09:10-04:00
12117500,2004-03-27,601,A,17.018424801792001,1470.3919028748289,2026-08-20T00:09:10-04:00
12117500,2004-03-28,587,A,16.621988949504001,1436.1398452371457,2026-08-20T00:09:10-04:00
12117500,2004-03-29,586,A,16.593672102912002,1433.6932696915969,2026-08-20T00:09:10-04:00
12117500,2004-03-30,617,A,17.471494347263999,1509.5371116036097,2026-08-20T00:09:10-04:00
12117500,2004-03-31,631,A,17.867930199551999,1543.7891692412929,2026-08-20T00:09:10-04:00
12117500,2004-04-01,621,A,17.584761733632,1519.3234137858049,2026-08-20T00:09:10-04:00
12117500,2004-04-02,616,A,17.443177500672,1507.0905360580609,2026-08-20T00:09:10-04:00
12117500,2004-04-03,595,A,16.84852372224,1455.712449601536,2026-08-20T00:09:10-04:00
12117500,2004-04-04,587,A,16.621988949504001,1436.1398452371457,2026-08-20T00:09:10-04:00
12117500,2004-04-05,584,A,16.537038409728002,1428.8001186004992,2026-08-20T00:09:10-04:00
12117500,2004-04-06,563,A,15.942384631296001,1377.4220321439745,2026-08-20T00:09:10-04:00
12117500,2004-04-07,556,A,15.744166705152001,1360.2960033251329,2026-08-20T00:09:10-04:00
12117500,2004-04-08,551,A,15.602582472192001,1348.0631255973888,2026-08-20T00:09:10-04:00
12117500,2004-04-09,546,A,15.460998239232,1335.8302478696448,2026-08-20T00:09:10-04:00
12117500,2004-04-10,544,A,15.404364546048001,1330.9370967785471,2026-08-20T00:09:10-04:00
12117500,2004-04-11,542,A,15.347730852864,1326.0439456874496,2026-08-20T00:09:10-04:00
12117500,2004-04-12,542,A,15.347730852864,1326.0439456874496,2026-08-20T00:09:10-04:00
12117500,2004-04-13,542,A,15.347730852864,1326.0439456874496,2026-08-20T00:09:10-04:00
12117500,2004-04-14,547,A,15.489315085824,1338.2768234151936,2026-08-20T00:09:10-04:00
12117500,2004-04-15,504,A,14.271690682368,1233.0740749565953,2026-08-20T00:09:10-04:00
12117500,2004-04-16,511,A,14.469908608512,1250.2001037754369,2026-08-20T00:09:10-04:00
12117500,2004-04-17,464,A,13.139016818688001,1135.2110531346432,2026-08-20T00:09:10-04:00
12117500,2004-04-18,417,A,11.808125028864,1020.2220024938497,2026-08-20T00:09:10-04:00
12117500,2004-04-19,386,A,10.930302784512,944.37816058183682,2026-08-20T00:09:10-04:00
12117500,2004-04-20,389,A,11.015253324288,951.71788721848327,2026-08-20T00:09:10-04:00
12117500,2004-04-21,383,A,10.845352244736,937.03843394519038,2026-08-20T00:09:10-04:00
12117500,2004-04-22,377,A,10.675451165184001,922.3589806718976,2026-08-20T00:09:10-04:00
12117500,2004-04-23,383,A,10.845352244736,937.03843394519038,2026-08-20T00:09:10-04:00
12117500,2004-04-24,383,A,10.845352244736,937.03843394519038,2026-08-20T00:09:10-04:00
12117500,2004-04-25,374,A,10.590500625408,915.01925403525127,2026-08-20T00:09:10-04:00
12117500,2004-04-26,371,A,10.505550085632001,907.67952739860482,2026-08-20T00:09:10-04:00
12117500,2004-04-27,383,A,10.845352244736,937.03843394519038,2026-08-20T00:09:10-04:00
12117500,2004-04-28,419,A,11.864758722048,1025.1151535849472,2026-08-20T00:09:10-04:00
12117500,2004-04-29,405,A,11.46832286976,990.86309594726401,2026-08-20T00:09:10-04:00
12117500,2004-04-30,400,A,11.3267386368,978.63021821951997,2026-08-20T00:09:10-04:00
12117500,2004-05-01,398,A,11.270104943615999,973.73706712842238,2026-08-20T00:09:10-04:00
12117500,2004-05-02,396,A,11.213471250432001,968.84391603732479,2026-08-20T00:09:10-04:00
12117500,2004-05-03,396,A,11.213471250432001,968.84391603732479,2026-08-20T00:09:10-04:00
12117500,2004-05-04,412,A,11.666540795904,1007.9891247661056,2026-08-20T00:09:10-04:00
12117500,2004-05-05,463,A,13.110699972096,1132.7644775890944,2026-08-20T00:09:10-04:00
12117500,2004-05-06,459,A,12.997432585728001,1122.9781754068993,2026-08-20T00:09:10-04:00
12117500,2004-05-07,460,A,13.02574943232,1125.424750952448,2026-08-20T00:09:10-04:00
12117500,2004-05-08,464,A,13.139016818688001,1135.2110531346432,2026-08-20T00:09:10-04:00
12117500,2004-05-09,465,A,13.167333665280001,1137.6576286801921,2026-08-20T00:09:10-04:00
12117500,2004-05-10,463,A,13.110699972096,1132.7644775890944,2026-08-20T00:09:10-04:00
12117500,2004-05-11,488,A,13.818621136896001,1193.9288662278145,2026-08-20T00:09:10-04:00
12117500,2004-05-12,469,A,13.280601051648,1147.4439308623873,2026-08-20T00:09:10-04:00
12117500,2004-05-13,410,A,11.609907102720001,1003.0959736750081,2026-08-20T00:09:10-04:00
12117500,2004-05-14,388,A,10.986936477696,949.27131167293442,2026-08-20T00:09:10-04:00
12117500,2004-05-15,387,A,10.958619631104,946.82473612738568,2026-08-20T00:09:10-04:00
12117500,2004-05-16,390,A,11.043570170880001,954.16446276403201,2026-08-20T00:09:10-04:00
12117500,2004-05-17,388,A,10.986936477696,949.27131167293442,2026-08-20T00:09:10-04:00
12117500,2004-05-18,383,A,10.845352244736,937.03843394519038,2026-08-20T00:09:10-04:00
12117500,2004-05-19,382,A,10.817035398144,934.59185839964164,2026-08-20T00:09:10-04:00
12117500,2004-05-20,391,A,11.071887017472001,956.61103830958086,2026-08-20T00:09:10-04:00
12117500,2004-05-21,409,A,11.581590256128001,1000.6493981294592,2026-08-20T00:09:10-04:00
12117500,2004-05-22,433,A,12.261194574336001,1059.3672112226304,2026-08-20T00:09:10-04:00
12117500,2004-05-23,400,A,11.3267386368,978.63021821951997,2026-08-20T00:09:10-04:00
12117500,2004-05-24,386,A,10.930302784512,944.37816058183682,2026-08-20T00:09:10-04:00
12117500,2004-05-25,433,A,12.261194574336001,1059.3672112226304,2026-08-20T00:09:10-04:00
12117500,2004-05-26,662,A,18.745752443903999,1619.6330111533057,2026-08-20T00:09:10-04:00
12117500,2004-05-27,622,A,17.613078580224002,1521.7699893313536,2026-08-20T00:09:10-04:00
12117500,2004-05-28,665,A,18.830702983680002,1626.9727377899521,2026-08-20T00:09:10-04:00
12117500,2004-05-29,852,A,24.125953296384001,2084.4823648075776,2026-08-20T00:09:10-04:00
12117500,2004-05-30,665,A,18.830702983680002,1626.9727377899521,2026-08-20T00:09:10-04:00
12117500,2004-05-31,600,A,16.990107955199999,1467.94532732928,2026-08-20T00:09:10-04:00
12117500,2004-06-01,525,A,14.866344460800001,1284.4521614131199,2026-08-20T00:09:10-04:00
12117500,2004-06-02,478,A,13.535452670976001,1169.4631107723264,2026-08-20T00:09:10-04:00
12117500,2004-06-03,451,A,12.770897812992001,1103.4055710425089,2026-08-20T00:09:10-04:00
12117500,2004-06-04,431,A,12.204560881152,1054.4740601315327,2026-08-20T00:09:10-04:00
12117500,2004-06-05,437,A,12.374461960704,1069.1535134048256,2026-08-20T00:09:10-04:00
12117500,2004-06-06,487,A,13.790304290304,1191.4822906822656,2026-08-20T00:09:10-04:00
12117500,2004-06-07,468,A,13.252284205056,1144.9973553168384,2026-08-20T00:09:10-04:00
12117500,2004-06-08,454,A,12.855848352768,1110.7452976791553,2026-08-20T00:09:10-04:00
12117500,2004-06-09,444,A,12.572679886848,1086.2795422236672,2026-08-20T00:09:10-04:00
12117500,2004-06-10,453,A,12.827531506176001,1108.2987221336064,2026-08-20T00:09:10-04:00
12117500,2004-06-11,530,A,15.00792869376,1296.6850391408641,2026-08-20T00:09:10-04:00
12117500,2004-06-12,487,A,13.790304290304,1191.4822906822656,2026-08-20T00:09:10-04:00
12117500,2004-06-13,503,A,14.243373835776,1230.6274994110465,2026-08-20T00:09:10-04:00
12117500,2004-06-14,488,A,13.818621136896001,1193.9288662278145,2026-08-20T00:09:10-04:00
12117500,2004-06-15,479,A,13.563769517568,1171.9096863178752,2026-08-20T00:09:10-04:00
12117500,2004-06-16,475,A,13.4505021312,1162.12338413568,2026-08-20T00:09:10-04:00
12117500,2004-06-17,468,A,13.252284205056,1144.9973553168384,2026-08-20T00:09:10-04:00
12117500,2004-06-18,465,A,13.167333665280001,1137.6576286801921,2026-08-20T00:09:10-04:00
12117500,2004-06-19,459,A,12.997432585728001,1122.9781754068993,2026-08-20T00:09:10-04:00
12117500,2004-06-20,456,A,12.912482045952,1115.6384487702528,2026-08-20T00:09:10-04:00
12117500,2004-06-21,451,A,12.770897812992001,1103.4055710425089,2026-08-20T00:09:10-04:00
12117500,2004-06-22,448,A,12.685947273216,1096.0658444058624,2026-08-20T00:09:10-04:00
12117500,2004-06-23,455,A,12.88416519936,1113.1918732247041,2026-08-20T00:09:10-04:00
12117500,2004-06-24,488,A,13.818621136896001,1193.9288662278145,2026-08-20T00:09:10-04:00
12117500,2004-06-25,488,A,13.818621136896001,1193.9288662278145,2026-08-20T00:09:10-04:00
12117500,2004-06-26,483,A,13.677036903936001,1181.6959885000704,2026-08-20T00:09:10-04:00
12117500,2004-06-27,479,A,13.563769517568,1171.9096863178752,2026-08-20T00:09:10-04:00
12117500,2004-06-28,476,A,13.478818977792001,1164.5699596812287,2026-08-20T00:09:10-04:00
12117500,2004-06-29,470,A,13.308917898240001,1149.8905064079361,2026-08-20T00:09:10-04:00
12117500,2004-06-30,468,A,13.252284205056,1144.9973553168384,2026-08-20T00:09:10-04:00
12117500,2004-07-01,464,A,13.139016818688001,1135.2110531346432,2026-08-20T00:09:10-04:00
12117500,2004-07-02,459,A,12.997432585728001,1122.9781754068993,2026-08-20T00:09:10-04:00
12117500,2004-07-03,472,A,13.365551591424,1154.7836574990336,2026-08-20T00:09:10-04:00
12117500,2004-07-04,474,A,13.422185284608,1159.6768085901313,2026-08-20T00:09:10-04:00
12117500,2004-07-05,469,A,13.280601051648,1147.4439308623873,2026-08-20T00:09:10-04:00
12117500,2004-07-06,468,A,13.252284205056,1144.9973553168384,2026-08-20T00:09:10-04:00
12117500,2004-07-07,471,A,13.337234744832001,1152.3370819534848,2026-08-20T00:09:10-04:00
12117500,2004-07-08,383,A,10.845352244736,937.03843394519038,2026-08-20T00:09:10-04:00
12117500,2004-07-09,350,A,9.9108963071999998,856.30144094208003,2026-08-20T00:09:10-04:00
12117500,2004-07-10,353,A,9.9958468469760007,863.64116757872648,2026-08-20T00:09:10-04:00
12117500,2004-07-11,363,A,10.279015312896,888.10692303421445,2026-08-20T00:09:10-04:00
12117500,2004-07-12,342,A,9.6843615344640011,836.72883657768966,2026-08-20T00:09:10-04:00
12117500,2004-07-13,338,A,9.5710941480959999,826.94253439549448,2026-08-20T00:09:10-04:00
12117500,2004-07-14,338,A,9.5710941480959999,826.94253439549448,2026-08-20T00:09:10-04:00
12117500,2004-07-15,335,A,9.4861436083200008,819.60280775884803,2026-08-20T00:09:10-04:00
12117500,2004-07-16,335,A,9.4861436083200008,819.60280775884803,2026-08-20T00:09:10-04:00
12117500,2004-07-17,334,A,9.4578267617280005,817.15623221329918,2026-08-20T00:09:10-04:00
12117500,2004-07-18,330,A,9.3445593753600011,807.36993003110399,2026-08-20T00:09:10-04:00
12117500,2004-07-19,326,A,9.231291988992,797.5836278489088,2026-08-20T00:09:10-04:00
12117500,2004-07-20,326,A,9.231291988992,797.5836278489088,2026-08-20T00:09:10-04:00
12117500,2004-07-21,322,A,9.1180246026240006,787.79732566671362,2026-08-20T00:09:10-04:00
12117500,2004-07-22,319,A,9.0330740628479997,780.45759903006717,2026-08-20T00:09:10-04:00
12117500,2004-07-23,322,A,9.1180246026240006,787.79732566671362,2026-08-20T00:09:10-04:00
12117500,2004-07-24,318,A,9.0047572162559995,778.01102348451843,2026-08-20T00:09:10-04:00
12117500,2004-07-25,318,A,9.0047572162559995,778.01102348451843,2026-08-20T00:09:10-04:00
12117500,2004-07-26,318,A,9.0047572162559995,778.01102348451843,2026-08-20T00:09:10-04:00
12117500,2004-07-27,318,A,9.0047572162559995,778.01102348451843,2026-08-20T00:09:10-04:00
12117500,2004-07-28,313,A,8.8631729832959998,765.77814575677439,2026-08-20T00:09:10-04:00
12117500,2004-07-29,311,A,8.806539290112001,760.8849946656768,2026-08-20T00:09:10-04:00
12117500,2004-07-30,314,A,8.8914898298880001,768.22472130232325,2026-08-20T00:09:10-04:00
12117500,2004-07-31,311,A,8.806539290112001,760.8849946656768,2026-08-20T00:09:10-04:00
12117500,2004-08-01,310,A,8.7782224435200007,758.43841912012806,2026-08-20T00:09:10-04:00
12117500,2004-08-02,310,A,8.7782224435200007,758.43841912012806,2026-08-20T00:09:10-04:00
12117500,2004-08-03,307,A,8.6932719037439998,751.09869248348161,2026-08-20T00:09:10-04:00
12117500,2004-08-04,307,A,8.6932719037439998,751.09869248348161,2026-08-20T00:09:10-04:00
12117500,2004-08-05,307,A,8.6932719037439998,751.09869248348161,2026-08-20T00:09:10-04:00
12117500,2004-08-06,312,A,8.8348561367039995,763.33157021122565,2026-08-20T00:09:10-04:00
12117500,2004-08-07,331,A,9.3728762219519997,809.81650557665284,2026-08-20T00:09:10-04:00
12117500,2004-08-08,309,A,8.7499055969280004,755.99184357457921,2026-08-20T00:09:10-04:00
12117500,2004-08-09,307,A,8.6932719037439998,751.09869248348161,2026-08-20T00:09:10-04:00
12117500,2004-08-10,305,A,8.636638210560001,746.20554139238402,2026-08-20T00:09:10-04:00
12117500,2004-08-11,303,A,8.5800045173760005,741.31239030128643,2026-08-20T00:09:10-04:00
12117500,2004-08-12,303,A,8.5800045173760005,741.31239030128643,2026-08-20T00:09:10-04:00
12117500,2004-08-13,302,A,8.5516876707840002,738.86581475573757,2026-08-20T00:09:10-04:00
12117500,2004-08-14,300,A,8.4950539775999996,733.97266366463998,2026-08-20T00:09:10-04:00
12117500,2004-08-15,298,A,8.4384202844160008,729.07951257354239,2026-08-20T00:09:10-04:00
12117500,2004-08-16,303,A,8.5800045173760005,741.31239030128643,2026-08-20T00:09:10-04:00
12117500,2004-08-17,302,A,8.5516876707840002,738.86581475573757,2026-08-20T00:09:10-04:00
12117500,2004-08-18,300,A,8.4950539775999996,733.97266366463998,2026-08-20T00:09:10-04:00
12117500,2004-08-19,298,A,8.4384202844160008,729.07951257354239,2026-08-20T00:09:10-04:00
12117500,2004-08-20,296,A,8.3817865912320002,724.1863614824448,2026-08-20T00:09:10-04:00
12117500,2004-08-21,297,A,8.4101034378240005,726.63293702799365,2026-08-20T00:09:10-04:00
12117500,2004-08-22,321,A,9.0897077560320003,785.35075012116488,2026-08-20T00:09:10-04:00
12117500,2004-08-23,334,A,9.4578267617280005,817.15623221329918,2026-08-20T00:09:10-04:00
12117500,2004-08-24,604,A,17.103375341568,1477.7316295114751,2026-08-20T00:09:10-04:00
12117500,2004-08-25,691,A,19.566940995071999,1690.583701974221,2026-08-20T00:09:10-04:00
12117500,2004-08-26,625,A,17.698029120000001,1529.109715968,2026-08-20T00:09:10-04:00
12117500,2004-08-27,622,A,17.613078580224002,1521.7699893313536,2026-08-20T00:09:10-04:00
12117500,2004-08-28,540,A,15.29109715968,1321.1507945963519,2026-08-20T00:09:10-04:00
12117500,2004-08-29,508,A,14.384958068736001,1242.8603771387905,2026-08-20T00:09:10-04:00
12117500,2004-08-30,487,A,13.790304290304,1191.4822906822656,2026-08-20T00:09:10-04:00
12117500,2004-08-31,474,A,13.422185284608,1159.6768085901313,2026-08-20T00:09:10-04:00
12117500,2004-09-01,472,A,13.365551591424,1154.7836574990336,2026-08-20T00:09:10-04:00
12117500,2004-09-02,481,A,13.620403210752,1176.8028374089729,2026-08-20T00:09:10-04:00
12117500,2004-09-03,465,A,13.167333665280001,1137.6576286801921,2026-08-20T00:09:10-04:00
12117500,2004-09-04,366,A,10.363965852672001,895.44664967086078,2026-08-20T00:09:10-04:00
12117500,2004-09-05,351,A,9.9392131537920001,858.74801648762877,2026-08-20T00:09:10-04:00
12117500,2004-09-06,344,A,9.7409952276479999,841.62198766878726,2026-08-20T00:09:10-04:00
12117500,2004-09-07,337,A,9.5427773015039996,824.49595884994562,2026-08-20T00:09:10-04:00
12117500,2004-09-08,315,A,8.9198066764800004,770.67129684787199,2026-08-20T00:09:10-04:00
12117500,2004-09-09,320,A,9.06139090944,782.90417457561603,2026-08-20T00:09:10-04:00
12117500,2004-09-10,312,A,8.8348561367039995,763.33157021122565,2026-08-20T00:09:10-04:00
12117500,2004-09-11,482,A,13.648720057344001,1179.2494129545216,2026-08-20T00:09:10-04:00
12117500,2004-09-12,528,A,14.951295000576,1291.7918880497664,2026-08-20T00:09:10-04:00
12117500,2004-09-13,572,A,16.197236250624002,1399.4412120539137,2026-08-20T00:09:10-04:00
12117500,2004-09-14,565,A,15.99901832448,1382.315183235072,2026-08-20T00:09:10-04:00
12117500,2004-09-15,630,A,17.839613352960001,1541.342593695744,2026-08-20T00:09:10-04:00
12117500,2004-09-16,727,A,20.586347472384002,1778.6604216139776,2026-08-20T00:09:10-04:00
12117500,2004-09-17,715,A,20.246545313280002,1749.3015150673921,2026-08-20T00:09:10-04:00
12117500,2004-09-18,887,A,25.117042927104002,2170.1125089017855,2026-08-20T00:09:10-04:00
12117500,2004-09-19,922,A,26.108132557824,2255.7426529959935,2026-08-20T00:09:10-04:00
12117500,2004-09-20,924,A,26.164766251008,2260.6358040870914,2026-08-20T00:09:10-04:00
12117500,2004-09-21,903,A,25.570112472576,2209.2577176305663,2026-08-20T00:09:10-04:00
12117500,2004-09-22,878,A,24.862191307776001,2148.0933289918466,2026-08-20T00:09:10-04:00
12117500,2004-09-23,773,A,21.888922415616001,1891.2028967092224,2026-08-20T00:09:10-04:00
12117500,2004-09-24,710,A,20.104961080319999,1737.0686373396481,2026-08-20T00:09:10-04:00
12117500,2004-09-25,618,A,17.499811193856001,1511.9836871491584,2026-08-20T00:09:10-04:00
12117500,2004-09-26,587,A,16.621988949504001,1436.1398452371457,2026-08-20T00:09:10-04:00
12117500,2004-09-27,584,A,16.537038409728002,1428.8001186004992,2026-08-20T00:09:10-04:00
12117500,2004-09-28,580,A,16.42377102336,1419.013816418304,2026-08-20T00:09:10-04:00
12117500,2004-09-29,586,A,16.593672102912002,1433.6932696915969,2026-08-20T00:09:10-04:00
12117500,2004-09-30,590,A,16.70693948928,1443.4795718737921,2026-08-20T00:09:10-04:00
12117500,2004-10-01,573,A,16.225553097216,1401.8877875994624,2026-08-20T00:09:10-04:00
12117500,2004-10-02,517,A,14.639809688064,1264.8795570487296,2026-08-20T00:09:10-04:00
12117500,2004-10-03,493,A,13.960205369856,1206.1617439555584,2026-08-20T00:09:10-04:00
12117500,2004-10-04,506,A,14.328324375552,1237.9672260476927,2026-08-20T00:09:10-04:00
12117500,2004-10-05,495,A,14.016839063040001,1211.0548950466559,2026-08-20T00:09:10-04:00
12117500,2004-10-06,493,A,13.960205369856,1206.1617439555584,2026-08-20T00:09:10-04:00
12117500,2004-10-07,475,A,13.4505021312,1162.12338413568,2026-08-20T00:09:10-04:00
12117500,2004-10-08,466,A,13.195650511872,1140.1042042257409,2026-08-20T00:09:10-04:00
12117500,2004-10-09,449,A,12.714264119808,1098.5124199514112,2026-08-20T00:09:10-04:00
12117500,2004-10-10,422,A,11.949709261824001,1032.4548802215936,2026-08-20T00:09:10-04:00
12117500,2004-10-11,413,A,11.694857642496,1010.4357003116544,2026-08-20T00:09:10-04:00
12117500,2004-10-12,409,A,11.581590256128001,1000.6493981294592,2026-08-20T00:09:10-04:00
12117500,2004-10-13,415,A,11.751491335680001,1015.328851402752,2026-08-20T00:09:10-04:00
12117500,2004-10-14,426,A,12.062976648192,1042.2411824037888,2026-08-20T00:09:10-04:00
12117500,2004-10-15,422,A,11.949709261824001,1032.4548802215936,2026-08-20T00:09:10-04:00
12117500,2004-10-16,509,A,14.413274915328,1245.3069526843392,2026-08-20T00:09:10-04:00
12117500,2004-10-17,613,A,17.358226960896001,1499.7508094214145,2026-08-20T00:09:10-04:00
12117500,2004-10-18,504,A,14.271690682368,1233.0740749565953,2026-08-20T00:09:10-04:00
12117500,2004-10-19,460,A,13.02574943232,1125.424750952448,2026-08-20T00:09:10-04:00
12117500,2004-10-20,442,A,12.516046193664,1081.3863911325695,2026-08-20T00:09:10-04:00
12117500,2004-10-21,448,A,12.685947273216,1096.0658444058624,2026-08-20T00:09:10-04:00
12117500,2004-10-22,443,A,12.544363040256,1083.8329666781185,2026-08-20T00:09:10-04:00
12117500,2004-10-23,419,A,11.864758722048,1025.1151535849472,2026-08-20T00:09:10-04:00
12117500,2004-10-24,413,A,11.694857642496,1010.4357003116544,2026-08-20T00:09:10-04:00
12117500,2004-10-25,410,A,11.609907102720001,1003.0959736750081,2026-08-20T00:09:10-04:00
12117500,2004-10-26,416,A,11.779808182272001,1017.7754269483008,2026-08-20T00:09:10-04:00
12117500,2004-10-27,417,A,11.808125028864,1020.2220024938497,2026-08-20T00:09:10-04:00
12117500,2004-10-28,451,A,12.770897812992001,1103.4055710425089,2026-08-20T00:09:10-04:00
12117500,2004-10-29,451,A,12.770897812992001,1103.4055710425089,2026-08-20T00:09:10-04:00
12117500,2004-10-30,452,A,12.799214659584001,1105.8521465880576,2026-08-20T00:09:10-04:00
12117500,2004-10-31,451,A,12.770897812992001,1103.4055710425089,2026-08-20T00:09:10-04:00
12117500,2004-11-01,455,A,12.88416519936,1113.1918732247041,2026-08-20T00:09:10-04:00
12117500,2004-11-02,591,A,16.735256335872002,1445.9261474193409,2026-08-20T00:09:10-04:00
12117500,2004-11-03,597,A,16.905157415424,1460.6056006926337,2026-08-20T00:09:10-04:00
12117500,2004-11-04,724,A,20.501396932607999,1771.3206949773312,2026-08-20T00:09:10-04:00
12117500,2004-11-05,848,A,24.012685910016,2074.6960626253826,2026-08-20T00:09:10-04:00
12117500,2004-11-06,842,A,23.842784830464002,2060.0166093520897,2026-08-20T00:09:10-04:00
12117500,2004-11-07,818,A,23.163180512256002,2001.2987962589184,2026-08-20T00:09:10-04:00
12117500,2004-11-08,586,A,16.593672102912002,1433.6932696915969,2026-08-20T00:09:10-04:00
12117500,2004-11-09,512,A,14.498225455104,1252.6466793209856,2026-08-20T00:09:10-04:00
12117500,2004-11-10,496,A,14.045155909632001,1213.5014705922049,2026-08-20T00:09:10-04:00
12117500,2004-11-11,497,A,14.073472756224,1215.9480461377536,2026-08-20T00:09:10-04:00
12117500,2004-11-12,493,A,13.960205369856,1206.1617439555584,2026-08-20T00:09:10-04:00
12117500,2004-11-13,490,A,13.875254830080001,1198.822017318912,2026-08-20T00:09:10-04:00
12117500,2004-11-14,488,A,13.818621136896001,1193.9288662278145,2026-08-20T00:09:10-04:00
12117500,2004-11-15,491,A,13.903571676672,1201.2685928644607,2026-08-20T00:09:10-04:00
12117500,2004-11-16,498,A,14.101789602816,1218.3946216833024,2026-08-20T00:09:10-04:00
12117500,2004-11-17,490,A,13.875254830080001,1198.822017318912,2026-08-20T00:09:10-04:00
12117500,2004-11-18,515,A,14.583175994880001,1259.9864059576321,2026-08-20T00:09:10-04:00
12117500,2004-11-19,487,A,13.790304290304,1191.4822906822656,2026-08-20T00:09:10-04:00
12117500,2004-11-20,478,A,13.535452670976001,1169.4631107723264,2026-08-20T00:09:10-04:00
12117500,2004-11-21,472,A,13.365551591424,1154.7836574990336,2026-08-20T00:09:10-04:00
12117500,2004-11-22,473,A,13.393868438016,1157.2302330445825,2026-08-20T00:09:10-04:00
12117500,2004-11-23,477,A,13.507135824384001,1167.0165352267777,2026-08-20T00:09:10-04:00
12117500,2004-11-24,669,A,18.943970370048,1636.7590399721473,2026-08-20T00:09:10-04:00
12117500,2004-11-25,832,A,23.559616364544002,2035.5508538966017,2026-08-20T00:09:10-04:00
12117500,2004-11-26,787,A,22.285358267904002,1925.4549543469057,2026-08-20T00:09:10-04:00
12117500,2004-11-27,812,A,22.993279432704,1986.6193429856257,2026-08-20T00:09:10-04:00
12117500,2004-11-28,839,A,23.757834290687999,2052.6768827154433,2026-08-20T00:09:10-04:00
12117500,2004-11-29,824,A,23.333081591808,2015.9782495322113,2026-08-20T00:09:10-04:00
12117500,2004-11-30,836,A,23.672883750912,2045.3371560787969,2026-08-20T00:09:10-04:00
12117500,2004-12-01,870,A,24.635656535039999,2128.5207246274563,2026-08-20T00:09:10-04:00
12117500,2004-12-02,926,A,26.221399944192001,2265.5289551781889,2026-08-20T00:09:10-04:00
12117500,2004-12-03,903,A,25.570112472576,2209.2577176305663,2026-08-20T00:09:10-04:00
12117500,2004-12-04,842,A,23.842784830464002,2060.0166093520897,2026-08-20T00:09:10-04:00
12117500,2004-12-05,852,A,24.125953296384001,2084.4823648075776,2026-08-20T00:09:10-04:00
12117500,2004-12-06,837,A,23.701200597504002,2047.7837316243456,2026-08-20T00:09:10-04:00
12117500,2004-12-07,839,A,23.757834290687999,2052.6768827154433,2026-08-20T00:09:10-04:00
12117500,2004-12-08,792,A,22.426942500864001,1937.6878320746496,2026-08-20T00:09:10-04:00
12117500,2004-12-09,756,A,21.407536023552002,1849.6111124348929,2026-08-20T00:09:10-04:00
12117500,2004-12-10,885,A,25.060409233920002,2165.2193578106881,2026-08-20T00:09:10-04:00
12117500,2004-12-11,1310,A,37.095069035519998,3205.0139646689281,2026-08-20T00:09:10-04:00
12117500,2004-12-12,1200,A,33.980215910399998,2935.8906546585599,2026-08-20T00:09:10-04:00
12117500,2004-12-13,1340,A,37.944574433280003,3278.4112310353921,2026-08-20T00:09:10-04:00
12117500,2004-12-14,1350,A,38.227742899200003,3302.87698649088,2026-08-20T00:09:10-04:00
12117500,2004-12-15,1390,A,39.36041676288,3400.7400083128323,2026-08-20T00:09:10-04:00
12117500,2004-12-16,1530,A,43.324775285759998,3743.260584689664,2026-08-20T00:09:10-04:00
12117500,2004-12-17,1520,A,43.041606819839998,3718.7948292341762,2026-08-20T00:09:10-04:00
12117500,2004-12-18,1500,A,42.475269888,3669.8633183232,2026-08-20T00:09:10-04:00
12117500,2004-12-19,1490,A,42.19210142208,3645.3975628677122,2026-08-20T00:09:10-04:00
12117500,2004-12-20,1460,A,41.342596024320002,3572.0002965012482,2026-08-20T00:09:10-04:00
12117500,2004-12-21,1260,A,35.679226705920001,3082.6851873914879,2026-08-20T00:09:10-04:00
12117500,2004-12-22,1080,A,30.582194319359999,2642.3015891927039,2026-08-20T00:09:10-04:00
12117500,2004-12-23,834,A,23.616250057727999,2040.4440049876994,2026-08-20T00:09:10-04:00
12117500,2004-12-24,640,A,18.12278181888,1565.8083491512321,2026-08-20T00:09:10-04:00
12117500,2004-12-25,601,A,17.018424801792001,1470.3919028748289,2026-08-20T00:09:10-04:00
12117500,2004-12-26,597,A,16.905157415424,1460.6056006926337,2026-08-20T00:09:10-04:00
12117500,2004-12-27,577,A,16.338820483584001,1411.6740897816576,2026-08-20T00:09:10-04:00
12117500,2004-12-28,528,A,14.951295000576,1291.7918880497664,2026-08-20T00:09:10-04:00
12117500,2004-12-29,538,A,15.234463466496001,1316.2576435052545,2026-08-20T00:09:10-04:00
12117500,2004-12-30,540,A,15.29109715968,1321.1507945963519,2026-08-20T00:09:10-04:00
12117500,2004-12-31,514,A,14.554859148288001,1257.5398304120833,2026-08-20T00:09:10-04:00
12117500,2005-01-01,500,A,14.158423296,1223.2877727744001,2026-08-20T00:09:10-04:00
12117500,2005-01-02,495,A,14.016839063040001,1211.0548950466559,2026-08-20T00:09:10-04:00
12117500,2005-01-03,489,A,13.846937983488001,1196.3754417733633,2026-08-20T00:09:10-04:00
12117500,2005-01-04,484,A,13.705353750528001,1184.1425640456193,2026-08-20T00:09:10-04:00
12117500,2005-01-05,479,A,13.563769517568,1171.9096863178752,2026-08-20T00:09:10-04:00
12117500,2005-01-06,463,A,13.110699972096,1132.7644775890944,2026-08-20T00:09:10-04:00
12117500,2005-01-07,464,A,13.139016818688001,1135.2110531346432,2026-08-20T00:09:10-04:00
12117500,2005-01-08,455,A,12.88416519936,1113.1918732247041,2026-08-20T00:09:10-04:00
12117500,2005-01-09,450,A,12.7425809664,1100.9589954969601,2026-08-20T00:09:10-04:00
12117500,2005-01-10,445,A,12.600996733440001,1088.726117769216,2026-08-20T00:09:10-04:00
12117500,2005-01-11,449,A,12.714264119808,1098.5124199514112,2026-08-20T00:09:10-04:00
12117500,2005-01-12,479,A,13.563769517568,1171.9096863178752,2026-08-20T00:09:10-04:00
12117500,2005-01-13,477,A,13.507135824384001,1167.0165352267777,2026-08-20T00:09:10-04:00
12117500,2005-01-14,491,A,13.903571676672,1201.2685928644607,2026-08-20T00:09:10-04:00
12117500,2005-01-15,538,A,15.234463466496001,1316.2576435052545,2026-08-20T00:09:10-04:00
12117500,2005-01-16,546,A,15.460998239232,1335.8302478696448,2026-08-20T00:09:10-04:00
12117500,2005-01-17,676,A,19.142188296192,1653.885068790989,2026-08-20T00:09:10-04:00
12117500,2005-01-18,1520,A,43.041606819839998,3718.7948292341762,2026-08-20T00:09:10-04:00
12117500,2005-01-19,1090,A,30.865362785280002,2666.7673446481922,2026-08-20T00:09:10-04:00
12117500,2005-01-20,1350,A,38.227742899200003,3302.87698649088,2026-08-20T00:09:10-04:00
12117500,2005-01-21,1700,A,48.138639206400001,4159.1784274329602,2026-08-20T00:09:10-04:00
12117500,2005-01-22,1760,A,49.837650001920004,4305.9729601658883,2026-08-20T00:09:10-04:00
12117500,2005-01-23,1710,A,48.42180767232,4183.6441828884481,2026-08-20T00:09:10-04:00
12117500,2005-01-24,1720,A,48.704976138239999,4208.1099383439359,2026-08-20T00:09:10-04:00
12117500,2005-01-25,1420,A,40.209922160639998,3474.1372746792963,2026-08-20T00:09:10-04:00
12117500,2005-01-26,1150,A,32.564373580800002,2813.5618773811202,2026-08-20T00:09:10-04:00
12117500,2005-01-27,858,A,24.295854375935999,2099.1618180808705,2026-08-20T00:09:10-04:00
12117500,2005-01-28,763,A,21.605753949696002,1866.7371412537345,2026-08-20T00:09:10-04:00
12117500,2005-01-29,746,A,21.124367557632002,1825.1453569794048,2026-08-20T00:09:10-04:00
12117500,2005-01-30,741,A,20.982783324671999,1812.9124792516609,2026-08-20T00:09:10-04:00
12117500,2005-01-31,724,A,20.501396932607999,1771.3206949773312,2026-08-20T00:09:10-04:00
12117500,2005-02-01,600,A,16.990107955199999,1467.94532732928,2026-08-20T00:09:10-04:00
12117500,2005-02-02,485,A,13.73367059712,1186.5891395911681,2026-08-20T00:09:10-04:00
12117500,2005-02-03,439,A,12.431095653888001,1074.0466644959233,2026-08-20T00:09:10-04:00
12117500,2005-02-04,461,A,13.054066278912,1127.8713264979967,2026-08-20T00:09:10-04:00
12117500,2005-02-05,446,A,12.629313580032001,1091.1726933147647,2026-08-20T00:09:10-04:00
12117500,2005-02-06,438,A,12.402778807296,1071.6000889503744,2026-08-20T00:09:10-04:00
12117500,2005-02-07,431,A,12.204560881152,1054.4740601315327,2026-08-20T00:09:10-04:00
12117500,2005-02-08,420,A,11.89307556864,1027.5617291304961,2026-08-20T00:09:10-04:00
12117500,2005-02-09,416,A,11.779808182272001,1017.7754269483008,2026-08-20T00:09:10-04:00
12117500,2005-02-10,431,A,12.204560881152,1054.4740601315327,2026-08-20T00:09:10-04:00
12117500,2005-02-11,475,A,13.4505021312,1162.12338413568,2026-08-20T00:09:10-04:00
12117500,2005-02-12,477,A,13.507135824384001,1167.0165352267777,2026-08-20T00:09:10-04:00
12117500,2005-02-13,475,A,13.4505021312,1162.12338413568,2026-08-20T00:09:10-04:00
12117500,2005-02-14,473,A,13.393868438016,1157.2302330445825,2026-08-20T00:09:10-04:00
12117500,2005-02-15,465,A,13.167333665280001,1137.6576286801921,2026-08-20T00:09:10-04:00
12117500,2005-02-16,462,A,13.082383125504,1130.3179020435457,2026-08-20T00:09:10-04:00
12117500,2005-02-17,481,A,13.620403210752,1176.8028374089729,2026-08-20T00:09:10-04:00
12117500,2005-02-18,536,A,15.177829773312,1311.3644924141568,2026-08-20T00:09:10-04:00
12117500,2005-02-19,537,A,15.206146619904001,1313.8110679597057,2026-08-20T00:09:10-04:00
12117500,2005-02-20,535,A,15.14951292672,1308.917916868608,2026-08-20T00:09:10-04:00
12117500,2005-02-21,531,A,15.036245540352001,1299.1316146864128,2026-08-20T00:09:10-04:00
12117500,2005-02-22,529,A,14.979611847168,1294.2384635953154,2026-08-20T00:09:10-04:00
12117500,2005-02-23,488,A,13.818621136896001,1193.9288662278145,2026-08-20T00:09:10-04:00
12117500,2005-02-24,481,A,13.620403210752,1176.8028374089729,2026-08-20T00:09:10-04:00
12117500,2005-02-25,484,A,13.705353750528001,1184.1425640456193,2026-08-20T00:09:10-04:00
12117500,2005-02-26,439,A,12.431095653888001,1074.0466644959233,2026-08-20T00:09:10-04:00
12117500,2005-02-27,379,A,10.732084858368001,927.25213176299519,2026-08-20T00:09:10-04:00
12117500,2005-02-28,368,A,10.420599545856,900.33980076195849,2026-08-20T00:09:10-04:00
12117500,2005-03-01,371,A,10.505550085632001,907.67952739860482,2026-08-20T00:09:10-04:00
12117500,2005-03-02,364,A,10.307332159488,890.55349857976319,2026-08-20T00:09:10-04:00
12117500,2005-03-03,363,A,10.279015312896,888.10692303421445,2026-08-20T00:09:10-04:00
12117500,2005-03-04,356,A,10.080797386752,870.98089421537281,2026-08-20T00:09:10-04:00
12117500,2005-03-05,354,A,10.024163693568001,866.08774312427522,2026-08-20T00:09:10-04:00
12117500,2005-03-06,350,A,9.9108963071999998,856.30144094208003,2026-08-20T00:09:10-04:00
12117500,2005-03-07,347,A,9.8259457674240007,848.96171430543359,2026-08-20T00:09:10-04:00
12117500,2005-03-08,344,A,9.7409952276479999,841.62198766878726,2026-08-20T00:09:10-04:00
12117500,2005-03-09,339,A,9.5994109946880002,829.38910994104322,2026-08-20T00:09:10-04:00
12117500,2005-03-10,339,A,9.5994109946880002,829.38910994104322,2026-08-20T00:09:10-04:00
12117500,2005-03-11,337,A,9.5427773015039996,824.49595884994562,2026-08-20T00:09:10-04:00
12117500,2005-03-12,335,A,9.4861436083200008,819.60280775884803,2026-08-20T00:09:10-04:00
12117500,2005-03-13,335,A,9.4861436083200008,819.60280775884803,2026-08-20T00:09:10-04:00
12117500,2005-03-14,333,A,9.4295099151360002,814.70965666775044,2026-08-20T00:09:10-04:00
12117500,2005-03-15,330,A,9.3445593753600011,807.36993003110399,2026-08-20T00:09:10-04:00
12117500,2005-03-16,338,A,9.5710941480959999,826.94253439549448,2026-08-20T00:09:10-04:00
12117500,2005-03-17,347,A,9.8259457674240007,848.96171430543359,2026-08-20T00:09:10-04:00
12117500,2005-03-18,371,A,10.505550085632001,907.67952739860482,2026-08-20T00:09:10-04:00
12117500,2005-03-19,373,A,10.562183778816001,912.57267848970241,2026-08-20T00:09:10-04:00
12117500,2005-03-20,379,A,10.732084858368001,927.25213176299519,2026-08-20T00:09:10-04:00
12117500,2005-03-21,405,A,11.46832286976,990.86309594726401,2026-08-20T00:09:10-04:00
12117500,2005-03-22,433,A,12.261194574336001,1059.3672112226304,2026-08-20T00:09:10-04:00
12117500,2005-03-23,429,A,12.147927187968,1049.5809090404352,2026-08-20T00:09:10-04:00
12117500,2005-03-24,426,A,12.062976648192,1042.2411824037888,2026-08-20T00:09:10-04:00
12117500,2005-03-25,426,A,12.062976648192,1042.2411824037888,2026-08-20T00:09:10-04:00
12117500,2005-03-26,518,A,14.668126534656,1267.3261325942785,2026-08-20T00:09:10-04:00
12117500,2005-03-27,573,A,16.225553097216,1401.8877875994624,2026-08-20T00:09:10-04:00
12117500,2005-03-28,539,A,15.262780313088001,1318.7042190508032,2026-08-20T00:09:10-04:00
12117500,2005-03-29,536,A,15.177829773312,1311.3644924141568,2026-08-20T00:09:10-04:00
12117500,2005-03-30,501,A,14.186740142592001,1225.7343483199488,2026-08-20T00:09:10-04:00
12117500,2005-03-31,407,A,11.524956562944,995.75624703836161,2026-08-20T00:09:10-04:00
12117500,2005-04-01,410,A,11.609907102720001,1003.0959736750081,2026-08-20T00:09:10-04:00
12117500,2005-04-02,407,A,11.524956562944,995.75624703836161,2026-08-20T00:09:10-04:00
12117500,2005-04-03,394,A,11.156837557248,963.9507649462272,2026-08-20T00:09:10-04:00
12117500,2005-04-04,390,A,11.043570170880001,954.16446276403201,2026-08-20T00:09:10-04:00
12117500,2005-04-05,366,A,10.363965852672001,895.44664967086078,2026-08-20T00:09:10-04:00
12117500,2005-04-06,355,A,10.052480540159999,868.53431866982407,2026-08-20T00:09:10-04:00
12117500,2005-04-07,357,A,10.109114233344,873.42746976092167,2026-08-20T00:09:10-04:00
12117500,2005-04-08,380,A,10.76040170496,929.69870730854404,2026-08-20T00:09:10-04:00
12117500,2005-04-09,363,A,10.279015312896,888.10692303421445,2026-08-20T00:09:10-04:00
12117500,2005-04-10,353,A,9.9958468469760007,863.64116757872648,2026-08-20T00:09:10-04:00
12117500,2005-04-11,396,A,11.213471250432001,968.84391603732479,2026-08-20T00:09:10-04:00
12117500,2005-04-12,376,A,10.647134318592,919.91240512634886,2026-08-20T00:09:10-04:00
12117500,2005-04-13,360,A,10.194064773120001,880.767196397568,2026-08-20T00:09:10-04:00
12117500,2005-04-14,337,A,9.5427773015039996,824.49595884994562,2026-08-20T00:09:10-04:00
12117500,2005-04-15,338,A,9.5710941480959999,826.94253439549448,2026-08-20T00:09:10-04:00
12117500,2005-04-16,476,A,13.478818977792001,1164.5699596812287,2026-08-20T00:09:10-04:00
12117500,2005-04-17,462,A,13.082383125504,1130.3179020435457,2026-08-20T00:09:10-04:00
12117500,2005-04-18,422,A,11.949709261824001,1032.4548802215936,2026-08-20T00:09:10-04:00
12117500,2005-04-19,393,A,11.128520710656,961.50418940067846,2026-08-20T00:09:10-04:00
12117500,2005-04-20,375,A,10.618817472,917.4658295808,2026-08-20T00:09:10-04:00
12117500,2005-04-21,360,A,10.194064773120001,880.767196397568,2026-08-20T00:09:10-04:00
12117500,2005-04-22,350,A,9.9108963071999998,856.30144094208003,2026-08-20T00:09:10-04:00
12117500,2005-04-23,343,A,9.7126783810559996,839.1754121232384,2026-08-20T00:09:10-04:00
12117500,2005-04-24,357,A,10.109114233344,873.42746976092167,2026-08-20T00:09:10-04:00
12117500,2005-04-25,338,A,9.5710941480959999,826.94253439549448,2026-08-20T00:09:10-04:00
12117500,2005-04-26,330,A,9.3445593753600011,807.36993003110399,2026-08-20T00:09:10-04:00
12117500,2005-04-27,328,A,9.2879256821760006,802.4767789400064,2026-08-20T00:09:10-04:00
12117500,2005-04-28,354,A,10.024163693568001,866.08774312427522,2026-08-20T00:09:10-04:00
12117500,2005-04-29,361,A,10.222381619711999,883.21377194311685,2026-08-20T00:09:10-04:00
12117500,2005-04-30,369,A,10.448916392448,902.78637630750723,2026-08-20T00:09:10-04:00
12117500,2005-05-01,358,A,10.137431079936,875.87404530647041,2026-08-20T00:09:10-04:00
12117500,2005-05-02,354,A,10.024163693568001,866.08774312427522,2026-08-20T00:09:10-04:00
12117500,2005-05-03,352,A,9.9675300003840004,861.19459203317763,2026-08-20T00:09:10-04:00
12117500,2005-05-04,350,A,9.9108963071999998,856.30144094208003,2026-08-20T00:09:10-04:00
12117500,2005-05-05,350,A,9.9108963071999998,856.30144094208003,2026-08-20T00:09:10-04:00
12117500,2005-05-06,346,A,9.7976289208320004,846.51513875988485,2026-08-20T00:09:10-04:00
12117500,2005-05-07,342,A,9.6843615344640011,836.72883657768966,2026-08-20T00:09:10-04:00
12117500,2005-05-08,340,A,9.6277278412800005,831.83568548659207,2026-08-20T00:09:10-04:00
12117500,2005-05-09,351,A,9.9392131537920001,858.74801648762877,2026-08-20T00:09:10-04:00
12117500,2005-05-10,430,A,12.17624403456,1052.027484585984,2026-08-20T00:09:10-04:00
12117500,2005-05-11,384,A,10.873669091328001,939.48500949073923,2026-08-20T00:09:10-04:00
12117500,2005-05-12,369,A,10.448916392448,902.78637630750723,2026-08-20T00:09:10-04:00
12117500,2005-05-13,338,A,9.5710941480959999,826.94253439549448,2026-08-20T00:09:10-04:00
12117500,2005-05-14,333,A,9.4295099151360002,814.70965666775044,2026-08-20T00:09:10-04:00
12117500,2005-05-15,367,A,10.392282699264001,897.89322521640963,2026-08-20T00:09:10-04:00
12117500,2005-05-16,421,A,11.921392415232001,1030.0083046760449,2026-08-20T00:09:10-04:00
12117500,2005-05-17,406,A,11.496639716352,993.30967149281287,2026-08-20T00:09:10-04:00
12117500,2005-05-18,394,A,11.156837557248,963.9507649462272,2026-08-20T00:09:10-04:00
12117500,2005-05-19,381,A,10.788718551552,932.14528285409278,2026-08-20T00:09:10-04:00
12117500,2005-05-20,378,A,10.703768011776001,924.80555621744645,2026-08-20T00:09:10-04:00
12117500,2005-05-21,383,A,10.845352244736,937.03843394519038,2026-08-20T00:09:10-04:00
12117500,2005-05-22,382,A,10.817035398144,934.59185839964164,2026-08-20T00:09:10-04:00
12117500,2005-05-23,367,A,10.392282699264001,897.89322521640963,2026-08-20T00:09:10-04:00
12117500,2005-05-24,356,A,10.080797386752,870.98089421537281,2026-08-20T00:09:10-04:00
12117500,2005-05-25,349,A,9.8825794606079995,853.85486539653118,2026-08-20T00:09:10-04:00
12117500,2005-05-26,348,A,9.854262614016001,851.40828985098244,2026-08-20T00:09:10-04:00
12117500,2005-05-27,367,A,10.392282699264001,897.89322521640963,2026-08-20T00:09:10-04:00
12117500,2005-05-28,365,A,10.335649006080001,893.00007412531204,2026-08-20T00:09:10-04:00
12117500,2005-05-29,364,A,10.307332159488,890.55349857976319,2026-08-20T00:09:10-04:00
12117500,2005-05-30,363,A,10.279015312896,888.10692303421445,2026-08-20T00:09:10-04:00
12117500,2005-05-31,369,A,10.448916392448,902.78637630750723,2026-08-20T00:09:10-04:00
12117500,2005-06-01,383,A,10.845352244736,937.03843394519038,2026-08-20T00:09:10-04:00
12117500,2005-06-02,402,A,11.383372329984001,983.52336931061768,2026-08-20T00:09:10-04:00
12117500,2005-06-03,396,A,11.213471250432001,968.84391603732479,2026-08-20T00:09:10-04:00
12117500,2005-06-04,384,A,10.873669091328001,939.48500949073923,2026-08-20T00:09:10-04:00
12117500,2005-06-05,381,A,10.788718551552,932.14528285409278,2026-08-20T00:09:10-04:00
12117500,2005-06-06,381,A,10.788718551552,932.14528285409278,2026-08-20T00:09:10-04:00
12117500,2005-06-07,375,A,10.618817472,917.4658295808,2026-08-20T00:09:10-04:00
12117500,2005-06-08,388,A,10.986936477696,949.27131167293442,2026-08-20T00:09:10-04:00
12117500,2005-06-09,377,A,10.675451165184001,922.3589806718976,2026-08-20T00:09:10-04:00
12117500,2005-06-10,371,A,10.505550085632001,907.67952739860482,2026-08-20T00:09:10-04:00
12117500,2005-06-11,382,A,10.817035398144,934.59185839964164,2026-08-20T00:09:10-04:00
12117500,2005-06-12,402,A,11.383372329984001,983.52336931061768,2026-08-20T00:09:10-04:00
12117500,2005-06-13,398,A,11.270104943615999,973.73706712842238,2026-08-20T00:09:10-04:00
12117500,2005-06-14,389,A,11.015253324288,951.71788721848327,2026-08-20T00:09:10-04:00
12117500,2005-06-15,387,A,10.958619631104,946.82473612738568,2026-08-20T00:09:10-04:00
12117500,2005-06-16,366,A,10.363965852672001,895.44664967086078,2026-08-20T00:09:10-04:00
12117500,2005-06-17,369,A,10.448916392448,902.78637630750723,2026-08-20T00:09:10-04:00
12117500,2005-06-18,344,A,9.7409952276479999,841.62198766878726,2026-08-20T00:09:10-04:00
12117500,2005-06-19,336,A,9.5144604549120011,822.04938330439677,2026-08-20T00:09:10-04:00
12117500,2005-06-20,330,A,9.3445593753600011,807.36993003110399,2026-08-20T00:09:10-04:00
12117500,2005-06-21,326,A,9.231291988992,797.5836278489088,2026-08-20T00:09:10-04:00
12117500,2005-06-22,336,A,9.5144604549120011,822.04938330439677,2026-08-20T00:09:10-04:00
12117500,2005-06-23,340,A,9.6277278412800005,831.83568548659207,2026-08-20T00:09:10-04:00
12117500,2005-06-24,329,A,9.3162425287680009,804.92335448555525,2026-08-20T00:09:10-04:00
12117500,2005-06-25,323,A,9.1463414492160009,790.24390121226247,2026-08-20T00:09:10-04:00
12117500,2005-06-26,322,A,9.1180246026240006,787.79732566671362,2026-08-20T00:09:10-04:00
12117500,2005-06-27,327,A,9.2596088355840003,800.03020339445766,2026-08-20T00:09:10-04:00
12117500,2005-06-28,327,A,9.2596088355840003,800.03020339445766,2026-08-20T00:09:10-04:00
12117500,2005-06-29,321,A,9.0897077560320003,785.35075012116488,2026-08-20T00:09:10-04:00
12117500,2005-06-30,314,A,8.8914898298880001,768.22472130232325,2026-08-20T00:09:10-04:00
12117500,2005-07-01,313,A,8.8631729832959998,765.77814575677439,2026-08-20T00:09:10-04:00
12117500,2005-07-02,312,A,8.8348561367039995,763.33157021122565,2026-08-20T00:09:10-04:00
12117500,2005-07-03,308,A,8.7215887503360001,753.54526802903047,2026-08-20T00:09:10-04:00
12117500,2005-07-04,303,A,8.5800045173760005,741.31239030128643,2026-08-20T00:09:10-04:00
12117500,2005-07-05,305,A,8.636638210560001,746.20554139238402,2026-08-20T00:09:10-04:00
12117500,2005-07-06,392,A,11.100203864064,959.0576138551296,2026-08-20T00:09:10-04:00
12117500,2005-07-07,355,A,10.052480540159999,868.53431866982407,2026-08-20T00:09:10-04:00
12117500,2005-07-08,364,A,10.307332159488,890.55349857976319,2026-08-20T00:09:10-04:00
12117500,2005-07-09,404,A,11.440006023168001,988.41652040171527,2026-08-20T00:09:10-04:00
12117500,2005-07-10,378,A,10.703768011776001,924.80555621744645,2026-08-20T00:09:10-04:00
12117500,2005-07-11,366,A,10.363965852672001,895.44664967086078,2026-08-20T00:09:10-04:00
12117500,2005-07-12,360,A,10.194064773120001,880.767196397568,2026-08-20T00:09:10-04:00
12117500,2005-07-13,352,A,9.9675300003840004,861.19459203317763,2026-08-20T00:09:10-04:00
12117500,2005-07-14,345,A,9.7693120742400001,844.068563214336,2026-08-20T00:09:10-04:00
12117500,2005-07-15,339,A,9.5994109946880002,829.38910994104322,2026-08-20T00:09:10-04:00
12117500,2005-07-16,339,A,9.5994109946880002,829.38910994104322,2026-08-20T00:09:10-04:00
12117500,2005-07-17,333,A,9.4295099151360002,814.70965666775044,2026-08-20T00:09:10-04:00
12117500,2005-07-18,329,A,9.3162425287680009,804.92335448555525,2026-08-20T00:09:10-04:00
12117500,2005-07-19,322,A,9.1180246026240006,787.79732566671362,2026-08-20T00:09:10-04:00
12117500,2005-07-20,321,A,9.0897077560320003,785.35075012116488,2026-08-20T00:09:10-04:00
12117500,2005-07-21,318,A,9.0047572162559995,778.01102348451843,2026-08-20T00:09:10-04:00
12117500,2005-07-22,324,A,9.1746582958079994,792.69047675781121,2026-08-20T00:09:10-04:00
12117500,2005-07-23,318,A,9.0047572162559995,778.01102348451843,2026-08-20T00:09:10-04:00
12117500,2005-07-24,314,A,8.8914898298880001,768.22472130232325,2026-08-20T00:09:10-04:00
12117500,2005-07-25,313,A,8.8631729832959998,765.77814575677439,2026-08-20T00:09:10-04:00
12117500,2005-07-26,307,A,8.6932719037439998,751.09869248348161,2026-08-20T00:09:10-04:00
12117500,2005-07-27,307,A,8.6932719037439998,751.09869248348161,2026-08-20T00:09:10-04:00
12117500,2005-07-28,307,A,8.6932719037439998,751.09869248348161,2026-08-20T00:09:10-04:00
12117500,2005-07-29,304,A,8.6083213639680007,743.75896584683528,2026-08-20T00:09:10-04:00
12117500,2005-07-30,303,A,8.5800045173760005,741.31239030128643,2026-08-20T00:09:10-04:00
12117500,2005-07-31,300,A,8.4950539775999996,733.97266366463998,2026-08-20T00:09:10-04:00
12117500,2005-08-01,300,A,8.4950539775999996,733.97266366463998,2026-08-20T00:09:10-04:00
12117500,2005-08-02,300,A,8.4950539775999996,733.97266366463998,2026-08-20T00:09:10-04:00
12117500,2005-08-03,299,A,8.4667371310080011,731.52608811909124,2026-08-20T00:09:10-04:00
12117500,2005-08-04,298,A,8.4384202844160008,729.07951257354239,2026-08-20T00:09:10-04:00
12117500,2005-08-05,300,A,8.4950539775999996,733.97266366463998,2026-08-20T00:09:10-04:00
12117500,2005-08-06,300,A,8.4950539775999996,733.97266366463998,2026-08-20T00:09:10-04:00
12117500,2005-08-07,299,A,8.4667371310080011,731.52608811909124,2026-08-20T00:09:10-04:00
12117500,2005-08-08,296,A,8.3817865912320002,724.1863614824448,2026-08-20T00:09:10-04:00
12117500,2005-08-09,293,A,8.2968360514560011,716.84663484579846,2026-08-20T00:09:10-04:00
12117500,2005-08-10,293,A,8.2968360514560011,716.84663484579846,2026-08-20T00:09:10-04:00
12117500,2005-08-11,291,A,8.2402023582720005,711.95348375470087,2026-08-20T00:09:10-04:00
12117500,2005-08-12,274,A,7.7588159662080001,670.36169948037127,2026-08-20T00:09:10-04:00
12117500,2005-08-13,272,A,7.7021822730240004,665.46854838927356,2026-08-20T00:09:10-04:00
12117500,2005-08-14,271,A,7.6738654264320001,663.02197284372482,2026-08-20T00:09:10-04:00
12117500,2005-08-15,268,A,7.5889148866560001,655.68224620707838,2026-08-20T00:09:10-04:00
12117500,2005-08-16,268,A,7.5889148866560001,655.68224620707838,2026-08-20T00:09:10-04:00
12117500,2005-08-17,272,A,7.7021822730240004,665.46854838927356,2026-08-20T00:09:10-04:00
12117500,2005-08-18,274,A,7.7588159662080001,670.36169948037127,2026-08-20T00:09:10-04:00
12117500,2005-08-19,275,A,7.7871328128000004,672.80827502592001,2026-08-20T00:09:10-04:00
12117500,2005-08-20,274,A,7.7588159662080001,670.36169948037127,2026-08-20T00:09:10-04:00
12117500,2005-08-21,272,A,7.7021822730240004,665.46854838927356,2026-08-20T00:09:10-04:00
12117500,2005-08-22,272,A,7.7021822730240004,665.46854838927356,2026-08-20T00:09:10-04:00
12117500,2005-08-23,272,A,7.7021822730240004,665.46854838927356,2026-08-20T00:09:10-04:00
12117500,2005-08-24,271,A,7.6738654264320001,663.02197284372482,2026-08-20T00:09:10-04:00
12117500,2005-08-25,269,A,7.6172317332480004,658.12882175262723,2026-08-20T00:09:10-04:00
12117500,2005-08-26,268,A,7.5889148866560001,655.68224620707838,2026-08-20T00:09:10-04:00
12117500,2005-08-27,265,A,7.5039643468800001,648.34251957043205,2026-08-20T00:09:10-04:00
12117500,2005-08-28,265,A,7.5039643468800001,648.34251957043205,2026-08-20T00:09:10-04:00
12117500,2005-08-29,275,A,7.7871328128000004,672.80827502592001,2026-08-20T00:09:10-04:00
12117500,2005-08-30,293,A,8.2968360514560011,716.84663484579846,2026-08-20T00:09:10-04:00
12117500,2005-08-31,271,A,7.6738654264320001,663.02197284372482,2026-08-20T00:09:10-04:00
12117500,2005-09-01,266,A,7.5322811934720004,650.78909511598079,2026-08-20T00:09:10-04:00
12117500,2005-09-02,265,A,7.5039643468800001,648.34251957043205,2026-08-20T00:09:10-04:00
12117500,2005-09-03,262,A,7.4190138071040002,641.0027929337856,2026-08-20T00:09:10-04:00
12117500,2005-09-04,263,A,7.4473306536960004,643.44936847933445,2026-08-20T00:09:10-04:00
12117500,2005-09-05,271,A,7.6738654264320001,663.02197284372482,2026-08-20T00:09:10-04:00
12117500,2005-09-06,267,A,7.5605980400639998,653.23567066152964,2026-08-20T00:09:10-04:00
12117500,2005-09-07,265,A,7.5039643468800001,648.34251957043205,2026-08-20T00:09:10-04:00
12117500,2005-09-08,264,A,7.4756475002879998,645.89594402488319,2026-08-20T00:09:10-04:00
12117500,2005-09-09,264,A,7.4756475002879998,645.89594402488319,2026-08-20T00:09:10-04:00
12117500,2005-09-10,320,A,9.06139090944,782.90417457561603,2026-08-20T00:09:10-04:00
12117500,2005-09-11,283,A,8.013667585536,692.38087939031038,2026-08-20T00:09:10-04:00
12117500,2005-09-12,270,A,7.6455485798399998,660.57539729817597,2026-08-20T00:09:10-04:00
12117500,2005-09-13,265,A,7.5039643468800001,648.34251957043205,2026-08-20T00:09:10-04:00
12117500,2005-09-14,263,A,7.4473306536960004,643.44936847933445,2026-08-20T00:09:10-04:00
12117500,2005-09-15,252,A,7.1358453411839999,616.53703747829763,2026-08-20T00:09:10-04:00
12117500,2005-09-16,252,A,7.1358453411839999,616.53703747829763,2026-08-20T00:09:10-04:00
12117500,2005-09-17,251,A,7.1075284945920005,614.09046193274878,2026-08-20T00:09:10-04:00
12117500,2005-09-18,249,A,7.050894801408,609.19731084165119,2026-08-20T00:09:10-04:00
12117500,2005-09-19,248,A,7.0225779548160006,606.75073529610245,2026-08-20T00:09:10-04:00
12117500,2005-09-20,246,A,6.965944261632,601.85758420500485,2026-08-20T00:09:10-04:00
12117500,2005-09-21,266,A,7.5322811934720004,650.78909511598079,2026-08-20T00:09:10-04:00
12117500,2005-09-22,281,A,7.9570338923520003,687.48772829921279,2026-08-20T00:09:10-04:00
12117500,2005-09-23,313,A,8.8631729832959998,765.77814575677439,2026-08-20T00:09:10-04:00
12117500,2005-09-24,317,A,8.9764403696640009,775.56444793896958,2026-08-20T00:09:10-04:00
12117500,2005-09-25,317,A,8.9764403696640009,775.56444793896958,2026-08-20T00:09:10-04:00
12117500,2005-09-26,315,A,8.9198066764800004,770.67129684787199,2026-08-20T00:09:10-04:00
12117500,2005-09-27,339,A,9.5994109946880002,829.38910994104322,2026-08-20T00:09:10-04:00
12117500,2005-09-28,386,A,10.930302784512,944.37816058183682,2026-08-20T00:09:10-04:00
12117500,2005-09-29,402,A,11.383372329984001,983.52336931061768,2026-08-20T00:09:10-04:00
12117500,2005-09-30,544,A,15.404364546048001,1330.9370967785471,2026-08-20T00:09:10-04:00
12117500,2005-10-01,395,A,11.18515440384,966.39734049177605,2026-08-20T00:09:10-04:00
12117500,2005-10-02,339,A,9.5994109946880002,829.38910994104322,2026-08-20T00:09:10-04:00
12117500,2005-10-03,331,A,9.3728762219519997,809.81650557665284,2026-08-20T00:09:10-04:00
12117500,2005-10-04,325,A,9.2029751423999997,795.13705230336006,2026-08-20T00:09:10-04:00
12117500,2005-10-05,332,A,9.4011930685439999,812.26308112220158,2026-08-20T00:09:10-04:00
12117500,2005-10-06,349,A,9.8825794606079995,853.85486539653118,2026-08-20T00:09:10-04:00
12117500,2005-10-07,479,A,13.563769517568,1171.9096863178752,2026-08-20T00:09:10-04:00
12117500,2005-10-08,466,A,13.195650511872,1140.1042042257409,2026-08-20T00:09:10-04:00
12117500,2005-10-09,462,A,13.082383125504,1130.3179020435457,2026-08-20T00:09:10-04:00
12117500,2005-10-10,456,A,12.912482045952,1115.6384487702528,2026-08-20T00:09:10-04:00
12117500,2005-10-11,456,A,12.912482045952,1115.6384487702528,2026-08-20T00:09:10-04:00
12117500,2005-10-12,454,A,12.855848352768,1110.7452976791553,2026-08-20T00:09:10-04:00
12117500,2005-10-13,453,A,12.827531506176001,1108.2987221336064,2026-08-20T00:09:10-04:00
12117500,2005-10-14,415,A,11.751491335680001,1015.328851402752,2026-08-20T00:09:10-04:00
12117500,2005-10-15,424,A,12.006342955008,1037.3480313126913,2026-08-20T00:09:10-04:00
12117500,2005-10-16,417,A,11.808125028864,1020.2220024938497,2026-08-20T00:09:10-04:00
12117500,2005-10-17,423,A,11.978026108416,1034.9014557671424,2026-08-20T00:09:10-04:00
12117500,2005-10-18,464,A,13.139016818688001,1135.2110531346432,2026-08-20T00:09:10-04:00
12117500,2005-10-19,475,A,13.4505021312,1162.12338413568,2026-08-20T00:09:10-04:00
12117500,2005-10-20,537,A,15.206146619904001,1313.8110679597057,2026-08-20T00:09:10-04:00
12117500,2005-10-21,548,A,15.517631932416,1340.7233989607425,2026-08-20T00:09:10-04:00
12117500,2005-10-22,567,A,16.055652017664002,1387.2083343261697,2026-08-20T00:09:10-04:00
12117500,2005-10-23,565,A,15.99901832448,1382.315183235072,2026-08-20T00:09:10-04:00
12117500,2005-10-24,570,A,16.140602557440001,1394.548060962816,2026-08-20T00:09:10-04:00
12117500,2005-10-25,568,A,16.083968864256001,1389.6549098717185,2026-08-20T00:09:10-04:00
12117500,2005-10-26,574,A,16.253869943807999,1404.3343631450111,2026-08-20T00:09:10-04:00
12117500,2005-10-27,566,A,16.027335171072,1384.7617587806208,2026-08-20T00:09:10-04:00
12117500,2005-10-28,573,A,16.225553097216,1401.8877875994624,2026-08-20T00:09:10-04:00
12117500,2005-10-29,580,A,16.42377102336,1419.013816418304,2026-08-20T00:09:10-04:00
12117500,2005-10-30,565,A,15.99901832448,1382.315183235072,2026-08-20T00:09:10-04:00
12117500,2005-10-31,577,A,16.338820483584001,1411.6740897816576,2026-08-20T00:09:10-04:00
12117500,2005-11-01,631,A,17.867930199551999,1543.7891692412929,2026-08-20T00:09:10-04:00
12117500,2005-11-02,654,A,18.519217671168001,1600.0604067889153,2026-08-20T00:09:10-04:00
12117500,2005-11-03,535,A,15.14951292672,1308.917916868608,2026-08-20T00:09:10-04:00
12117500,2005-11-04,530,A,15.00792869376,1296.6850391408641,2026-08-20T00:09:10-04:00
12117500,2005-11-05,588,A,16.650305796095999,1438.5864207826944,2026-08-20T00:09:10-04:00
12117500,2005-11-06,690,A,19.53862414848,1688.137126428672,2026-08-20T00:09:10-04:00
12117500,2005-11-07,561,A,15.885750938112,1372.5288810528768,2026-08-20T00:09:10-04:00
12117500,2005-11-08,501,A,14.186740142592001,1225.7343483199488,2026-08-20T00:09:10-04:00
12117500,2005-11-09,1110,A,31.431699717120001,2715.6988555591679,2026-08-20T00:09:10-04:00
12117500,2005-11-10,1400,A,39.643585228799999,3425.2057637683201,2026-08-20T00:09:10-04:00
12117500,2005-11-11,1380,A,39.077248296960001,3376.274252857344,2026-08-20T00:09:10-04:00
12117500,2005-11-12,1270,A,35.962395171840001,3107.1509428469762,2026-08-20T00:09:10-04:00
12117500,2005-11-13,1430,A,40.493090626560004,3498.6030301347841,2026-08-20T00:09:10-04:00
12117500,2005-11-14,1370,A,38.794079831040001,3351.8084974018561,2026-08-20T00:09:10-04:00
12117500,2005-11-15,1490,A,42.19210142208,3645.3975628677122,2026-08-20T00:09:10-04:00
12117500,2005-11-16,1530,A,43.324775285759998,3743.260584689664,2026-08-20T00:09:10-04:00
12117500,2005-11-17,1430,A,40.493090626560004,3498.6030301347841,2026-08-20T00:09:10-04:00
12117500,2005-11-18,1160,A,32.847542046720001,2838.0276328366081,2026-08-20T00:09:10-04:00
12117500,2005-11-19,894,A,25.315260853248002,2187.2385377206274,2026-08-20T00:09:10-04:00
12117500,2005-11-20,849,A,24.041002756608002,2077.1426381709311,2026-08-20T00:09:10-04:00
12117500,2005-11-21,822,A,23.276447898623999,2011.0850984411136,2026-08-20T00:09:10-04:00
12117500,2005-11-22,716,A,20.274862159872001,1751.7480906129408,2026-08-20T00:09:10-04:00
12117500,2005-11-23,704,A,19.935060000768001,1722.3891840663553,2026-08-20T00:09:10-04:00
12117500,2005-11-24,698,A,19.765158921215999,1707.7097307930624,2026-08-20T00:09:10-04:00
12117500,2005-11-25,761,A,21.549120256512001,1861.8439901626368,2026-08-20T00:09:10-04:00
12117500,2005-11-26,750,A,21.237634944,1834.9316591616,2026-08-20T00:09:10-04:00
12117500,2005-11-27,718,A,20.331495853056001,1756.6412417040385,2026-08-20T00:09:10-04:00
12117500,2005-11-28,690,A,19.53862414848,1688.137126428672,2026-08-20T00:09:10-04:00
12117500,2005-11-29,574,A,16.253869943807999,1404.3343631450111,2026-08-20T00:09:10-04:00
12117500,2005-11-30,461,A,13.054066278912,1127.8713264979967,2026-08-20T00:09:10-04:00
12117500,2005-12-01,444,A,12.572679886848,1086.2795422236672,2026-08-20T00:09:10-04:00
12117500,2005-12-02,430,A,12.17624403456,1052.027484585984,2026-08-20T00:09:10-04:00
12117500,2005-12-03,386,A,10.930302784512,944.37816058183682,2026-08-20T00:09:10-04:00
12117500,2005-12-04,376,A,10.647134318592,919.91240512634886,2026-08-20T00:09:10-04:00
12117500,2005-12-05,383,A,10.845352244736,937.03843394519038,2026-08-20T00:09:10-04:00
12117500,2005-12-06,409,A,11.581590256128001,1000.6493981294592,2026-08-20T00:09:10-04:00
12117500,2005-12-07,424,A,12.006342955008,1037.3480313126913,2026-08-20T00:09:10-04:00
12117500,2005-12-08,418,A,11.836441875456,1022.6685780393984,2026-08-20T00:09:10-04:00
12117500,2005-12-09,427,A,12.091293494784001,1044.6877579493375,2026-08-20T00:09:10-04:00
12117500,2005-12-10,456,A,12.912482045952,1115.6384487702528,2026-08-20T00:09:10-04:00
12117500,2005-12-11,458,A,12.969115739136001,1120.5315998613505,2026-08-20T00:09:10-04:00
12117500,2005-12-12,459,A,12.997432585728001,1122.9781754068993,2026-08-20T00:09:10-04:00
12117500,2005-12-13,457,A,12.940798892544001,1118.0850243158015,2026-08-20T00:09:10-04:00
12117500,2005-12-14,453,A,12.827531506176001,1108.2987221336064,2026-08-20T00:09:10-04:00
12117500,2005-12-15,447,A,12.657630426624001,1093.6192688603137,2026-08-20T00:09:10-04:00
12117500,2005-12-16,446,A,12.629313580032001,1091.1726933147647,2026-08-20T00:09:10-04:00
12117500,2005-12-17,445,A,12.600996733440001,1088.726117769216,2026-08-20T00:09:10-04:00
12117500,2005-12-18,422,A,11.949709261824001,1032.4548802215936,2026-08-20T00:09:10-04:00
12117500,2005-12-19,445,A,12.600996733440001,1088.726117769216,2026-08-20T00:09:10-04:00
12117500,2005-12-20,476,A,13.478818977792001,1164.5699596812287,2026-08-20T00:09:10-04:00
12117500,2005-12-21,549,A,15.545948779008,1343.1699745062913,2026-08-20T00:09:10-04:00
12117500,2005-12-22,615,A,17.414860654080002,1504.643960512512,2026-08-20T00:09:10-04:00
12117500,2005-12-23,607,A,17.188325881343999,1485.0713561481216,2026-08-20T00:09:10-04:00
12117500,2005-12-24,846,A,23.956052216831999,2069.8029115342847,2026-08-20T00:09:10-04:00
12117500,2005-12-25,678,A,19.198821989376,1658.7782198820864,2026-08-20T00:09:10-04:00
12117500,2005-12-26,860,A,24.35248806912,2104.054969171968,2026-08-20T00:09:10-04:00
12117500,2005-12-27,940,A,26.617835796480001,2299.7810128158721,2026-08-20T00:09:10-04:00
12117500,2005-12-28,969,A,27.439024347648001,2370.7317036367872,2026-08-20T00:09:10-04:00
12117500,2005-12-29,950,A,26.901004262400001,2324.24676827136,2026-08-20T00:09:10-04:00
12117500,2005-12-30,957,A,27.099222188544001,2341.3727970902019,2026-08-20T00:09:10-04:00
12117500,2005-12-31,1110,A,31.431699717120001,2715.6988555591679,2026-08-20T00:09:10-04:00
12117500,2006-01-01,1250,A,35.396058240000002,3058.2194319360001,2026-08-20T00:09:10-04:00
12117500,2006-01-02,1180,A,33.41387897856,2886.9591437475842,2026-08-20T00:09:10-04:00
12117500,2006-01-03,1170,A,33.13071051264,2862.4933882920959,2026-08-20T00:09:10-04:00
12117500,2006-01-04,1250,A,35.396058240000002,3058.2194319360001,2026-08-20T00:09:10-04:00
12117500,2006-01-05,1230,A,34.829721308160003,3009.2879210250239,2026-08-20T00:09:10-04:00
12117500,2006-01-06,1020,A,28.88318352384,2495.5070564597759,2026-08-20T00:09:10-04:00
12117500,2006-01-07,1070,A,30.29902585344,2617.835833737216,2026-08-20T00:09:10-04:00
12117500,2006-01-08,1080,A,30.582194319359999,2642.3015891927039,2026-08-20T00:09:10-04:00
12117500,2006-01-09,1380,A,39.077248296960001,3376.274252857344,2026-08-20T00:09:10-04:00
12117500,2006-01-10,1980,A,56.067356252160003,4844.2195801866237,2026-08-20T00:09:10-04:00
12117500,2006-01-11,2590,A,73.340632673279998,6336.6306629713918,2026-08-20T00:09:10-04:00
12117500,2006-01-12,2540,A,71.924790343680002,6214.3018856939525,2026-08-20T00:09:10-04:00
12117500,2006-01-13,2790,A,79.004001991679999,6825.9457720811524,2026-08-20T00:09:10-04:00
12117500,2006-01-14,2810,A,79.570338923519998,6874.8772829921281,2026-08-20T00:09:10-04:00
12117500,2006-01-15,2490,A,70.508948014080005,6091.9731084165123,2026-08-20T00:09:10-04:00
12117500,2006-01-16,2010,A,56.916861649920001,4917.6168465530882,2026-08-20T00:09:10-04:00
12117500,2006-01-17,2430,A,68.809937218560009,5945.1785756835843,2026-08-20T00:09:10-04:00
12117500,2006-01-18,2230,A,63.146567900160001,5455.8634665738246,2026-08-20T00:09:10-04:00
12117500,2006-01-19,2050,A,58.049535513599999,5015.4798683750405,2026-08-20T00:09:10-04:00
12117500,2006-01-20,2070,A,58.615872445440004,5064.4113792860162,2026-08-20T00:09:10-04:00
12117500,2006-01-21,2040,A,57.766367047679999,4991.0141129195517,2026-08-20T00:09:10-04:00
12117500,2006-01-22,2000,A,56.633693184000002,4893.1510910976003,2026-08-20T00:09:10-04:00
12117500,2006-01-23,1930,A,54.65151392256,4721.8908029091845,2026-08-20T00:09:10-04:00
12117500,2006-01-24,1750,A,49.554481536000004,4281.5072047104004,2026-08-20T00:09:10-04:00
12117500,2006-01-25,1560,A,44.174280683520003,3816.657851056128,2026-08-20T00:09:10-04:00
12117500,2006-01-26,1460,A,41.342596024320002,3572.0002965012482,2026-08-20T00:09:10-04:00
12117500,2006-01-27,1430,A,40.493090626560004,3498.6030301347841,2026-08-20T00:09:10-04:00
12117500,2006-01-28,1460,A,41.342596024320002,3572.0002965012482,2026-08-20T00:09:10-04:00
12117500,2006-01-29,1380,A,39.077248296960001,3376.274252857344,2026-08-20T00:09:10-04:00
12117500,2006-01-30,1580,A,44.740617615360001,3865.5893619671042,2026-08-20T00:09:10-04:00
12117500,2006-01-31,1420,A,40.209922160639998,3474.1372746792963,2026-08-20T00:09:10-04:00
12117500,2006-02-01,1350,A,38.227742899200003,3302.87698649088,2026-08-20T00:09:10-04:00
12117500,2006-02-02,1310,A,37.095069035519998,3205.0139646689281,2026-08-20T00:09:10-04:00
12117500,2006-02-03,1290,A,36.528732103679999,3156.082453757952,2026-08-20T00:09:10-04:00
12117500,2006-02-04,1270,A,35.962395171840001,3107.1509428469762,2026-08-20T00:09:10-04:00
12117500,2006-02-05,1300,A,36.811900569599999,3180.5482092134403,2026-08-20T00:09:10-04:00
12117500,2006-02-06,1470,A,41.625764490240002,3596.466051956736,2026-08-20T00:09:10-04:00
12117500,2006-02-07,1420,A,40.209922160639998,3474.1372746792963,2026-08-20T00:09:10-04:00
12117500,2006-02-08,1430,A,40.493090626560004,3498.6030301347841,2026-08-20T00:09:10-04:00
12117500,2006-02-09,1470,A,41.625764490240002,3596.466051956736,2026-08-20T00:09:10-04:00
12117500,2006-02-10,1540,A,43.607943751680004,3767.7263401451523,2026-08-20T00:09:10-04:00
12117500,2006-02-11,1490,A,42.19210142208,3645.3975628677122,2026-08-20T00:09:10-04:00
12117500,2006-02-12,1320,A,37.378237501440005,3229.479720124416,2026-08-20T00:09:10-04:00
12117500,2006-02-13,1210,A,34.263384376319998,2960.3564101140482,2026-08-20T00:09:10-04:00
12117500,2006-02-14,1040,A,29.449520455680002,2544.438567370752,2026-08-20T00:09:10-04:00
12117500,2006-02-15,899,A,25.456845086208002,2199.4714154483713,2026-08-20T00:09:10-04:00
12117500,2006-02-16,775,A,21.945556108800002,1896.0960478003201,2026-08-20T00:09:10-04:00
12117500,2006-02-17,701,A,19.850109460992002,1715.0494574297088,2026-08-20T00:09:10-04:00
12117500,2006-02-18,687,A,19.453673608704001,1680.7973997920255,2026-08-20T00:09:10-04:00
12117500,2006-02-19,678,A,19.198821989376,1658.7782198820864,2026-08-20T00:09:10-04:00
12117500,2006-02-20,669,A,18.943970370048,1636.7590399721473,2026-08-20T00:09:10-04:00
12117500,2006-02-21,603,A,17.075058494976002,1475.2850539659264,2026-08-20T00:09:10-04:00
12117500,2006-02-22,611,A,17.301593267712001,1494.8576583303168,2026-08-20T00:09:10-04:00
12117500,2006-02-23,672,A,19.028920909824002,1644.0987666087935,2026-08-20T00:09:10-04:00
12117500,2006-02-24,636,A,18.009514432511999,1556.0220469690369,2026-08-20T00:09:10-04:00
12117500,2006-02-25,606,A,17.160009034752001,1482.6247806025729,2026-08-20T00:09:10-04:00
12117500,2006-02-26,595,A,16.84852372224,1455.712449601536,2026-08-20T00:09:10-04:00
12117500,2006-02-27,626,A,17.726345966592,1531.5562915135488,2026-08-20T00:09:10-04:00
12117500,2006-02-28,684,A,19.368723068928002,1673.4576731553793,2026-08-20T00:09:10-04:00
12117500,2006-03-01,696,A,19.708525228032002,1702.8165797019649,2026-08-20T00:09:10-04:00
12117500,2006-03-02,694,A,19.651891534848001,1697.9234286108672,2026-08-20T00:09:10-04:00
12117500,2006-03-03,678,A,19.198821989376,1658.7782198820864,2026-08-20T00:09:10-04:00
12117500,2006-03-04,663,A,18.774069290496001,1622.0795866988544,2026-08-20T00:09:10-04:00
12117500,2006-03-05,648,A,18.349316591615999,1585.3809535156224,2026-08-20T00:09:10-04:00
12117500,2006-03-06,642,A,18.179415512064001,1570.7015002423298,2026-08-20T00:09:10-04:00
12117500,2006-03-07,644,A,18.236049205248001,1575.5946513334272,2026-08-20T00:09:10-04:00
12117500,2006-03-08,670,A,18.972287216640002,1639.2056155176961,2026-08-20T00:09:10-04:00
12117500,2006-03-09,701,A,19.850109460992002,1715.0494574297088,2026-08-20T00:09:10-04:00
12117500,2006-03-10,838,A,23.729517444096,2050.2303071698943,2026-08-20T00:09:10-04:00
12117500,2006-03-11,918,A,25.994865171456002,2245.9563508137985,2026-08-20T00:09:10-04:00
12117500,2006-03-12,912,A,25.824964091904,2231.2768975405056,2026-08-20T00:09:10-04:00
12117500,2006-03-13,780,A,22.087140341760001,1908.328925528064,2026-08-20T00:09:10-04:00
12117500,2006-03-14,679,A,19.227138835967999,1661.2247954276352,2026-08-20T00:09:10-04:00
12117500,2006-03-15,589,A,16.678622642688001,1441.0329963282431,2026-08-20T00:09:10-04:00
12117500,2006-03-16,571,A,16.168919404032,1396.9946365083649,2026-08-20T00:09:10-04:00
12117500,2006-03-17,536,A,15.177829773312,1311.3644924141568,2026-08-20T00:09:10-04:00
12117500,2006-03-18,545,A,15.432681392640001,1333.3836723240961,2026-08-20T00:09:10-04:00
12117500,2006-03-19,529,A,14.979611847168,1294.2384635953154,2026-08-20T00:09:10-04:00
12117500,2006-03-20,515,A,14.583175994880001,1259.9864059576321,2026-08-20T00:09:10-04:00
12117500,2006-03-21,511,A,14.469908608512,1250.2001037754369,2026-08-20T00:09:10-04:00
12117500,2006-03-22,512,A,14.498225455104,1252.6466793209856,2026-08-20T00:09:10-04:00
12117500,2006-03-23,506,A,14.328324375552,1237.9672260476927,2026-08-20T00:09:10-04:00
12117500,2006-03-24,505,A,14.30000752896,1235.520650502144,2026-08-20T00:09:10-04:00
12117500,2006-03-25,500,A,14.158423296,1223.2877727744001,2026-08-20T00:09:10-04:00
12117500,2006-03-26,498,A,14.101789602816,1218.3946216833024,2026-08-20T00:09:10-04:00
12117500,2006-03-27,488,A,13.818621136896001,1193.9288662278145,2026-08-20T00:09:10-04:00
12117500,2006-03-28,495,A,14.016839063040001,1211.0548950466559,2026-08-20T00:09:10-04:00
12117500,2006-03-29,489,A,13.846937983488001,1196.3754417733633,2026-08-20T00:09:10-04:00
12117500,2006-03-30,485,A,13.73367059712,1186.5891395911681,2026-08-20T00:09:10-04:00
12117500,2006-03-31,492,A,13.931888523264,1203.7151684100097,2026-08-20T00:09:10-04:00
12117500,2006-04-01,550,A,15.574265625600001,1345.61655005184,2026-08-20T00:09:10-04:00
12117500,2006-04-02,552,A,15.630899318784001,1350.5097011429377,2026-08-20T00:09:10-04:00
12117500,2006-04-03,535,A,15.14951292672,1308.917916868608,2026-08-20T00:09:10-04:00
12117500,2006-04-04,557,A,15.772483551744001,1362.7425788706817,2026-08-20T00:09:10-04:00
12117500,2006-04-05,547,A,15.489315085824,1338.2768234151936,2026-08-20T00:09:10-04:00
12117500,2006-04-06,552,A,15.630899318784001,1350.5097011429377,2026-08-20T00:09:10-04:00
12117500,2006-04-07,566,A,16.027335171072,1384.7617587806208,2026-08-20T00:09:10-04:00
12117500,2006-04-08,585,A,16.56535525632,1431.246694146048,2026-08-20T00:09:10-04:00
12117500,2006-04-09,601,A,17.018424801792001,1470.3919028748289,2026-08-20T00:09:10-04:00
12117500,2006-04-10,585,A,16.56535525632,1431.246694146048,2026-08-20T00:09:10-04:00
12117500,2006-04-11,579,A,16.395454176768002,1416.5672408727553,2026-08-20T00:09:10-04:00
12117500,2006-04-12,590,A,16.70693948928,1443.4795718737921,2026-08-20T00:09:10-04:00
12117500,2006-04-13,592,A,16.763573182464,1448.3727229648896,2026-08-20T00:09:10-04:00
12117500,2006-04-14,767,A,21.719021336063999,1876.5234434359297,2026-08-20T00:09:10-04:00
12117500,2006-04-15,745,A,21.09605071104,1822.6987814338561,2026-08-20T00:09:10-04:00
12117500,2006-04-16,639,A,18.094464972288002,1563.3617736056833,2026-08-20T00:09:10-04:00
12117500,2006-04-17,592,A,16.763573182464,1448.3727229648896,2026-08-20T00:09:10-04:00
12117500,2006-04-18,571,A,16.168919404032,1396.9946365083649,2026-08-20T00:09:10-04:00
12117500,2006-04-19,554,A,15.687533011968,1355.4028522340352,2026-08-20T00:09:10-04:00
12117500,2006-04-20,542,A,15.347730852864,1326.0439456874496,2026-08-20T00:09:10-04:00
12117500,2006-04-21,576,A,16.310503636991999,1409.2275142361088,2026-08-20T00:09:10-04:00
12117500,2006-04-22,557,A,15.772483551744001,1362.7425788706817,2026-08-20T00:09:10-04:00
12117500,2006-04-23,525,A,14.866344460800001,1284.4521614131199,2026-08-20T00:09:10-04:00
12117500,2006-04-24,512,A,14.498225455104,1252.6466793209856,2026-08-20T00:09:10-04:00
12117500,2006-04-25,486,A,13.761987443712,1189.0357151367168,2026-08-20T00:09:10-04:00
12117500,2006-04-26,460,A,13.02574943232,1125.424750952448,2026-08-20T00:09:10-04:00
12117500,2006-04-27,454,A,12.855848352768,1110.7452976791553,2026-08-20T00:09:10-04:00
12117500,2006-04-28,450,A,12.7425809664,1100.9589954969601,2026-08-20T00:09:10-04:00
12117500,2006-04-29,468,A,13.252284205056,1144.9973553168384,2026-08-20T00:09:10-04:00
12117500,2006-04-30,468,A,13.252284205056,1144.9973553168384,2026-08-20T00:09:10-04:00
12117500,2006-05-01,452,A,12.799214659584001,1105.8521465880576,2026-08-20T00:09:10-04:00
12117500,2006-05-02,439,A,12.431095653888001,1074.0466644959233,2026-08-20T00:09:10-04:00
12117500,2006-05-03,431,A,12.204560881152,1054.4740601315327,2026-08-20T00:09:10-04:00
12117500,2006-05-04,426,A,12.062976648192,1042.2411824037888,2026-08-20T00:09:10-04:00
12117500,2006-05-05,431,A,12.204560881152,1054.4740601315327,2026-08-20T00:09:10-04:00
12117500,2006-05-06,442,A,12.516046193664,1081.3863911325695,2026-08-20T00:09:10-04:00
12117500,2006-05-07,459,A,12.997432585728001,1122.9781754068993,2026-08-20T00:09:10-04:00
12117500,2006-05-08,476,A,13.478818977792001,1164.5699596812287,2026-08-20T00:09:10-04:00
12117500,2006-05-09,495,A,14.016839063040001,1211.0548950466559,2026-08-20T00:09:10-04:00
12117500,2006-05-10,513,A,14.526542301696001,1255.0932548665344,2026-08-20T00:09:10-04:00
12117500,2006-05-11,540,A,15.29109715968,1321.1507945963519,2026-08-20T00:09:10-04:00
12117500,2006-05-12,475,A,13.4505021312,1162.12338413568,2026-08-20T00:09:10-04:00
12117500,2006-05-13,401,A,11.355055483392,981.07679376506883,2026-08-20T00:09:10-04:00
12117500,2006-05-14,374,A,10.590500625408,915.01925403525127,2026-08-20T00:09:10-04:00
12117500,2006-05-15,369,A,10.448916392448,902.78637630750723,2026-08-20T00:09:10-04:00
12117500,2006-05-16,402,A,11.383372329984001,983.52336931061768,2026-08-20T00:09:10-04:00
12117500,2006-05-17,946,A,26.787736876032,2314.460466089165,2026-08-20T00:09:10-04:00
12117500,2006-05-18,929,A,26.306350483968,2272.8686818148353,2026-08-20T00:09:10-04:00
12117500,2006-05-19,916,A,25.938231478272002,2241.063199722701,2026-08-20T00:09:10-04:00
12117500,2006-05-20,925,A,26.193083097600002,2263.0823796326399,2026-08-20T00:09:10-04:00
12117500,2006-05-21,960,A,27.18417272832,2348.7125237268483,2026-08-20T00:09:10-04:00
12117500,2006-05-22,963,A,27.269123268095999,2356.0522503634943,2026-08-20T00:09:10-04:00
12117500,2006-05-23,1100,A,31.148531251200001,2691.23310010368,2026-08-20T00:09:10-04:00
12117500,2006-05-24,1260,A,35.679226705920001,3082.6851873914879,2026-08-20T00:09:10-04:00
12117500,2006-05-25,1210,A,34.263384376319998,2960.3564101140482,2026-08-20T00:09:10-04:00
12117500,2006-05-26,1080,A,30.582194319359999,2642.3015891927039,2026-08-20T00:09:10-04:00
12117500,2006-05-27,1100,A,31.148531251200001,2691.23310010368,2026-08-20T00:09:10-04:00
12117500,2006-05-28,1540,A,43.607943751680004,3767.7263401451523,2026-08-20T00:09:10-04:00
12117500,2006-05-29,1390,A,39.36041676288,3400.7400083128323,2026-08-20T00:09:10-04:00
12117500,2006-05-30,1280,A,36.24556363776,3131.6166983024641,2026-08-20T00:09:10-04:00
12117500,2006-05-31,1290,A,36.528732103679999,3156.082453757952,2026-08-20T00:09:10-04:00
12117500,2006-06-01,1130,A,31.998036648959999,2764.6303664701441,2026-08-20T00:09:10-04:00
12117500,2006-06-02,1030,A,29.166351989760003,2519.9728119152642,2026-08-20T00:09:10-04:00
12117500,2006-06-03,983,A,27.835460199936001,2404.9837612744705,2026-08-20T00:09:10-04:00
12117500,2006-06-04,982,A,27.807143353343999,2402.5371857289215,2026-08-20T00:09:10-04:00
12117500,2006-06-05,975,A,27.608925427199999,2385.4111569100801,2026-08-20T00:09:10-04:00
12117500,2006-06-06,955,A,27.04258849536,2336.4796459991039,2026-08-20T00:09:10-04:00
12117500,2006-06-07,937,A,26.532885256704002,2292.4412861792257,2026-08-20T00:09:10-04:00
12117500,2006-06-08,919,A,26.023182018048001,2248.4029263593475,2026-08-20T00:09:10-04:00
12117500,2006-06-09,886,A,25.088726080512,2167.665933356237,2026-08-20T00:09:10-04:00
12117500,2006-06-10,762,A,21.577437103104,1864.2905657081856,2026-08-20T00:09:10-04:00
12117500,2006-06-11,678,A,19.198821989376,1658.7782198820864,2026-08-20T00:09:10-04:00
12117500,2006-06-12,596,A,16.876840568832002,1458.1590251470848,2026-08-20T00:09:10-04:00
12117500,2006-06-13,592,A,16.763573182464,1448.3727229648896,2026-08-20T00:09:10-04:00
12117500,2006-06-14,573,A,16.225553097216,1401.8877875994624,2026-08-20T00:09:10-04:00
12117500,2006-06-15,579,A,16.395454176768002,1416.5672408727553,2026-08-20T00:09:10-04:00
12117500,2006-06-16,577,A,16.338820483584001,1411.6740897816576,2026-08-20T00:09:10-04:00
12117500,2006-06-17,568,A,16.083968864256001,1389.6549098717185,2026-08-20T00:09:10-04:00
12117500,2006-06-18,557,A,15.772483551744001,1362.7425788706817,2026-08-20T00:09:10-04:00
12117500,2006-06-19,551,A,15.602582472192001,1348.0631255973888,2026-08-20T00:09:10-04:00
12117500,2006-06-20,545,A,15.432681392640001,1333.3836723240961,2026-08-20T00:09:10-04:00
12117500,2006-06-21,529,A,14.979611847168,1294.2384635953154,2026-08-20T00:09:10-04:00
12117500,2006-06-22,490,A,13.875254830080001,1198.822017318912,2026-08-20T00:09:10-04:00
12117500,2006-06-23,469,A,13.280601051648,1147.4439308623873,2026-08-20T00:09:10-04:00
12117500,2006-06-24,466,A,13.195650511872,1140.1042042257409,2026-08-20T00:09:10-04:00
12117500,2006-06-25,459,A,12.997432585728001,1122.9781754068993,2026-08-20T00:09:10-04:00
12117500,2006-06-26,454,A,12.855848352768,1110.7452976791553,2026-08-20T00:09:10-04:00
12117500,2006-06-27,450,A,12.7425809664,1100.9589954969601,2026-08-20T00:09:10-04:00
12117500,2006-06-28,447,A,12.657630426624001,1093.6192688603137,2026-08-20T00:09:10-04:00
12117500,2006-06-29,444,A,12.572679886848,1086.2795422236672,2026-08-20T00:09:10-04:00
12117500,2006-06-30,476,A,13.478818977792001,1164.5699596812287,2026-08-20T00:09:10-04:00
12117500,2006-07-01,476,A,13.478818977792001,1164.5699596812287,2026-08-20T00:09:10-04:00
12117500,2006-07-02,472,A,13.365551591424,1154.7836574990336,2026-08-20T00:09:10-04:00
12117500,2006-07-03,469,A,13.280601051648,1147.4439308623873,2026-08-20T00:09:10-04:00
12117500,2006-07-04,471,A,13.337234744832001,1152.3370819534848,2026-08-20T00:09:10-04:00
12117500,2006-07-05,478,A,13.535452670976001,1169.4631107723264,2026-08-20T00:09:10-04:00
12117500,2006-07-06,490,A,13.875254830080001,1198.822017318912,2026-08-20T00:09:10-04:00
12117500,2006-07-07,467,A,13.223967358464,1142.5507797712896,2026-08-20T00:09:10-04:00
12117500,2006-07-08,451,A,12.770897812992001,1103.4055710425089,2026-08-20T00:09:10-04:00
12117500,2006-07-09,450,A,12.7425809664,1100.9589954969601,2026-08-20T00:09:10-04:00
12117500,2006-07-10,447,A,12.657630426624001,1093.6192688603137,2026-08-20T00:09:10-04:00
12117500,2006-07-11,445,A,12.600996733440001,1088.726117769216,2026-08-20T00:09:10-04:00
12117500,2006-07-12,445,A,12.600996733440001,1088.726117769216,2026-08-20T00:09:10-04:00
12117500,2006-07-13,450,A,12.7425809664,1100.9589954969601,2026-08-20T00:09:10-04:00
12117500,2006-07-14,441,A,12.487729347072001,1078.9398155870208,2026-08-20T00:09:10-04:00
12117500,2006-07-15,436,A,12.346145114112,1066.7069378592769,2026-08-20T00:09:10-04:00
12117500,2006-07-16,433,A,12.261194574336001,1059.3672112226304,2026-08-20T00:09:10-04:00
12117500,2006-07-17,431,A,12.204560881152,1054.4740601315327,2026-08-20T00:09:10-04:00
12117500,2006-07-18,429,A,12.147927187968,1049.5809090404352,2026-08-20T00:09:10-04:00
12117500,2006-07-19,408,A,11.553273409536001,998.20282258391046,2026-08-20T00:09:10-04:00
12117500,2006-07-20,397,A,11.241788097024001,971.29049158287364,2026-08-20T00:09:10-04:00
12117500,2006-07-21,394,A,11.156837557248,963.9507649462272,2026-08-20T00:09:10-04:00
12117500,2006-07-22,395,A,11.18515440384,966.39734049177605,2026-08-20T00:09:10-04:00
12117500,2006-07-23,392,A,11.100203864064,959.0576138551296,2026-08-20T00:09:10-04:00
12117500,2006-07-24,390,A,11.043570170880001,954.16446276403201,2026-08-20T00:09:10-04:00
12117500,2006-07-25,388,A,10.986936477696,949.27131167293442,2026-08-20T00:09:10-04:00
12117500,2006-07-26,405,A,11.46832286976,990.86309594726401,2026-08-20T00:09:10-04:00
12117500,2006-07-27,440,A,12.459412500480001,1076.4932400414721,2026-08-20T00:09:10-04:00
12117500,2006-07-28,414,A,11.723174489088001,1012.8822758572032,2026-08-20T00:09:10-04:00
12117500,2006-07-29,393,A,11.128520710656,961.50418940067846,2026-08-20T00:09:10-04:00
12117500,2006-07-30,380,A,10.76040170496,929.69870730854404,2026-08-20T00:09:10-04:00
12117500,2006-07-31,378,A,10.703768011776001,924.80555621744645,2026-08-20T00:09:10-04:00
12117500,2006-08-01,373,A,10.562183778816001,912.57267848970241,2026-08-20T00:09:10-04:00
12117500,2006-08-02,373,A,10.562183778816001,912.57267848970241,2026-08-20T00:09:10-04:00
12117500,2006-08-03,338,A,9.5710941480959999,826.94253439549448,2026-08-20T00:09:10-04:00
12117500,2006-08-04,313,A,8.8631729832959998,765.77814575677439,2026-08-20T00:09:10-04:00
12117500,2006-08-05,312,A,8.8348561367039995,763.33157021122565,2026-08-20T00:09:10-04:00
12117500,2006-08-06,309,A,8.7499055969280004,755.99184357457921,2026-08-20T00:09:10-04:00
12117500,2006-08-07,307,A,8.6932719037439998,751.09869248348161,2026-08-20T00:09:10-04:00
12117500,2006-08-08,286,A,8.0986181253120009,699.72060602695683,2026-08-20T00:09:10-04:00
12117500,2006-08-09,285,A,8.0703012787200006,697.27403048140798,2026-08-20T00:09:10-04:00
12117500,2006-08-10,285,A,8.0703012787200006,697.27403048140798,2026-08-20T00:09:10-04:00
12117500,2006-08-11,281,A,7.9570338923520003,687.48772829921279,2026-08-20T00:09:10-04:00
12117500,2006-08-12,278,A,7.8720833525760003,680.14800166256646,2026-08-20T00:09:10-04:00
12117500,2006-08-13,278,A,7.8720833525760003,680.14800166256646,2026-08-20T00:09:10-04:00
12117500,2006-08-14,278,A,7.8720833525760003,680.14800166256646,2026-08-20T00:09:10-04:00
12117500,2006-08-15,277,A,7.843766505984,677.7014261170176,2026-08-20T00:09:10-04:00
12117500,2006-08-16,274,A,7.7588159662080001,670.36169948037127,2026-08-20T00:09:10-04:00
12117500,2006-08-17,272,A,7.7021822730240004,665.46854838927356,2026-08-20T00:09:10-04:00
12117500,2006-08-18,275,A,7.7871328128000004,672.80827502592001,2026-08-20T00:09:10-04:00
12117500,2006-08-19,274,A,7.7588159662080001,670.36169948037127,2026-08-20T00:09:10-04:00
12117500,2006-08-20,272,A,7.7021822730240004,665.46854838927356,2026-08-20T00:09:10-04:00
12117500,2006-08-21,272,A,7.7021822730240004,665.46854838927356,2026-08-20T00:09:10-04:00
12117500,2006-08-22,272,A,7.7021822730240004,665.46854838927356,2026-08-20T00:09:10-04:00
12117500,2006-08-23,272,A,7.7021822730240004,665.46854838927356,2026-08-20T00:09:10-04:00
12117500,2006-08-24,272,A,7.7021822730240004,665.46854838927356,2026-08-20T00:09:10-04:00
12117500,2006-08-25,271,A,7.6738654264320001,663.02197284372482,2026-08-20T00:09:10-04:00
12117500,2006-08-26,268,A,7.5889148866560001,655.68224620707838,2026-08-20T00:09:10-04:00
12117500,2006-08-27,267,A,7.5605980400639998,653.23567066152964,2026-08-20T00:09:10-04:00
12117500,2006-08-28,265,A,7.5039643468800001,648.34251957043205,2026-08-20T00:09:10-04:00
12117500,2006-08-29,266,A,7.5322811934720004,650.78909511598079,2026-08-20T00:09:10-04:00
12117500,2006-08-30,272,A,7.7021822730240004,665.46854838927356,2026-08-20T00:09:10-04:00
12117500,2006-08-31,265,A,7.5039643468800001,648.34251957043205,2026-08-20T00:09:10-04:00
12117500,2006-09-01,263,A,7.4473306536960004,643.44936847933445,2026-08-20T00:09:10-04:00
12117500,2006-09-02,260,A,7.3623801139200005,636.10964184268801,2026-08-20T00:09:10-04:00
12117500,2006-09-03,258,A,7.3057464207359999,631.21649075159041,2026-08-20T00:09:10-04:00
12117500,2006-09-04,258,A,7.3057464207359999,631.21649075159041,2026-08-20T00:09:10-04:00
12117500,2006-09-05,258,A,7.3057464207359999,631.21649075159041,2026-08-20T00:09:10-04:00
12117500,2006-09-06,258,A,7.3057464207359999,631.21649075159041,2026-08-20T00:09:10-04:00
12117500,2006-09-07,258,A,7.3057464207359999,631.21649075159041,2026-08-20T00:09:10-04:00
12117500,2006-09-08,258,A,7.3057464207359999,631.21649075159041,2026-08-20T00:09:10-04:00
12117500,2006-09-09,258,A,7.3057464207359999,631.21649075159041,2026-08-20T00:09:10-04:00
12117500,2006-09-10,257,A,7.2774295741440005,628.76991520604167,2026-08-20T00:09:10-04:00
12117500,2006-09-11,255,A,7.2207958809599999,623.87676411494397,2026-08-20T00:09:10-04:00
12117500,2006-09-12,253,A,7.1641621877760002,618.98361302384637,2026-08-20T00:09:10-04:00
12117500,2006-09-13,252,A,7.1358453411839999,616.53703747829763,2026-08-20T00:09:10-04:00
12117500,2006-09-14,281,A,7.9570338923520003,687.48772829921279,2026-08-20T00:09:10-04:00
12117500,2006-09-15,261,A,7.3906969605119999,638.55621738823686,2026-08-20T00:09:10-04:00
12117500,2006-09-16,259,A,7.3340632673280002,633.66306629713927,2026-08-20T00:09:10-04:00
12117500,2006-09-17,254,A,7.1924790343680005,621.43018856939523,2026-08-20T00:09:10-04:00
12117500,2006-09-18,259,A,7.3340632673280002,633.66306629713927,2026-08-20T00:09:10-04:00
12117500,2006-09-19,291,A,8.2402023582720005,711.95348375470087,2026-08-20T00:09:10-04:00
12117500,2006-09-20,268,A,7.5889148866560001,655.68224620707838,2026-08-20T00:09:10-04:00
12117500,2006-09-21,377,A,10.675451165184001,922.3589806718976,2026-08-20T00:09:10-04:00
12117500,2006-09-22,310,A,8.7782224435200007,758.43841912012806,2026-08-20T00:09:10-04:00
12117500,2006-09-23,284,A,8.0419844321280003,694.82745493585924,2026-08-20T00:09:10-04:00
12117500,2006-09-24,275,A,7.7871328128000004,672.80827502592001,2026-08-20T00:09:10-04:00
12117500,2006-09-25,278,A,7.8720833525760003,680.14800166256646,2026-08-20T00:09:10-04:00
12117500,2006-09-26,286,A,8.0986181253120009,699.72060602695683,2026-08-20T00:09:10-04:00
12117500,2006-09-27,285,A,8.0703012787200006,697.27403048140798,2026-08-20T00:09:10-04:00
12117500,2006-09-28,285,A,8.0703012787200006,697.27403048140798,2026-08-20T00:09:10-04:00
12117500,2006-09-29,284,A,8.0419844321280003,694.82745493585924,2026-08-20T00:09:10-04:00
12117500,2006-09-30,284,A,8.0419844321280003,694.82745493585924,2026-08-20T00:09:10-04:00
12117500,2006-10-01,282,A,7.9853507389440006,689.93430384476164,2026-08-20T00:09:10-04:00
12117500,2006-10-02,279,A,7.9004001991680006,682.5945772081152,2026-08-20T00:09:10-04:00
12117500,2006-10-03,279,A,7.9004001991680006,682.5945772081152,2026-08-20T00:09:10-04:00
12117500,2006-10-04,276,A,7.8154496593920006,675.25485057146886,2026-08-20T00:09:10-04:00
12117500,2006-10-05,280,A,7.92871704576,685.04115275366405,2026-08-20T00:09:10-04:00
12117500,2006-10-06,284,A,8.0419844321280003,694.82745493585924,2026-08-20T00:09:10-04:00
12117500,2006-10-07,316,A,8.9481235230720007,773.11787239342084,2026-08-20T00:09:10-04:00
12117500,2006-10-08,424,A,12.006342955008,1037.3480313126913,2026-08-20T00:09:10-04:00
12117500,2006-10-09,429,A,12.147927187968,1049.5809090404352,2026-08-20T00:09:10-04:00
12117500,2006-10-10,409,A,11.581590256128001,1000.6493981294592,2026-08-20T00:09:10-04:00
12117500,2006-10-11,409,A,11.581590256128001,1000.6493981294592,2026-08-20T00:09:10-04:00
12117500,2006-10-12,407,A,11.524956562944,995.75624703836161,2026-08-20T00:09:10-04:00
12117500,2006-10-13,393,A,11.128520710656,961.50418940067846,2026-08-20T00:09:10-04:00
12117500,2006-10-14,394,A,11.156837557248,963.9507649462272,2026-08-20T00:09:10-04:00
12117500,2006-10-15,406,A,11.496639716352,993.30967149281287,2026-08-20T00:09:10-04:00
12117500,2006-10-16,430,A,12.17624403456,1052.027484585984,2026-08-20T00:09:10-04:00
12117500,2006-10-17,413,A,11.694857642496,1010.4357003116544,2026-08-20T00:09:10-04:00
12117500,2006-10-18,385,A,10.901985937920001,941.93158503628808,2026-08-20T00:09:10-04:00
12117500,2006-10-19,474,A,13.422185284608,1159.6768085901313,2026-08-20T00:09:10-04:00
12117500,2006-10-20,430,A,12.17624403456,1052.027484585984,2026-08-20T00:09:10-04:00
12117500,2006-10-21,381,A,10.788718551552,932.14528285409278,2026-08-20T00:09:10-04:00
12117500,2006-10-22,376,A,10.647134318592,919.91240512634886,2026-08-20T00:09:10-04:00
12117500,2006-10-23,371,A,10.505550085632001,907.67952739860482,2026-08-20T00:09:10-04:00
12117500,2006-10-24,361,A,10.222381619711999,883.21377194311685,2026-08-20T00:09:10-04:00
12117500,2006-10-25,378,A,10.703768011776001,924.80555621744645,2026-08-20T00:09:10-04:00
12117500,2006-10-26,364,A,10.307332159488,890.55349857976319,2026-08-20T00:09:10-04:00
12117500,2006-10-27,373,A,10.562183778816001,912.57267848970241,2026-08-20T00:09:10-04:00
12117500,2006-10-28,370,A,10.47723323904,905.23295185305608,2026-08-20T00:09:10-04:00
12117500,2006-10-29,416,A,11.779808182272001,1017.7754269483008,2026-08-20T00:09:10-04:00
12117500,2006-10-30,398,A,11.270104943615999,973.73706712842238,2026-08-20T00:09:10-04:00
12117500,2006-10-31,382,A,10.817035398144,934.59185839964164,2026-08-20T00:09:10-04:00
12117500,2006-11-01,376,A,10.647134318592,919.91240512634886,2026-08-20T00:09:10-04:00
12117500,2006-11-02,395,A,11.18515440384,966.39734049177605,2026-08-20T00:09:10-04:00
12117500,2006-11-03,497,A,14.073472756224,1215.9480461377536,2026-08-20T00:09:10-04:00
12117500,2006-11-04,560,A,15.85743409152,1370.0823055073281,2026-08-20T00:09:10-04:00
12117500,2006-11-05,601,A,17.018424801792001,1470.3919028748289,2026-08-20T00:09:10-04:00
12117500,2006-11-06,1800,A,50.970323865600001,4403.8359819878406,2026-08-20T00:09:10-04:00
12117500,2006-11-07,3890,A,110.15253324288,9517.1788721848316,2026-08-20T00:09:10-04:00
12117500,2006-11-08,4060,A,114.96639716352,9933.0967149281278,2026-08-20T00:09:10-04:00
12117500,2006-11-09,4220,A,119.49709261824,10324.548802215937,2026-08-20T00:09:10-04:00
12117500,2006-11-10,3660,A,103.63965852672,8954.4664967086082,2026-08-20T00:09:10-04:00
12117500,2006-11-11,3380,A,95.710941480960003,8269.4253439549448,2026-08-20T00:09:10-04:00
12117500,2006-11-12,2900,A,82.118855116800006,7095.0690820915206,2026-08-20T00:09:10-04:00
12117500,2006-11-13,2940,A,83.251528980480003,7192.932103913472,2026-08-20T00:09:10-04:00
12117500,2006-11-14,3190,A,90.330740628480001,7804.5759903006719,2026-08-20T00:09:10-04:00
12117500,2006-11-15,1890,A,53.518840058880002,4624.0277810872321,2026-08-20T00:09:10-04:00
12117500,2006-11-16,1380,A,39.077248296960001,3376.274252857344,2026-08-20T00:09:10-04:00
12117500,2006-11-17,1300,A,36.811900569599999,3180.5482092134403,2026-08-20T00:09:10-04:00
12117500,2006-11-18,1350,A,38.227742899200003,3302.87698649088,2026-08-20T00:09:10-04:00
12117500,2006-11-19,1400,A,39.643585228799999,3425.2057637683201,2026-08-20T00:09:10-04:00
12117500,2006-11-20,1400,A,39.643585228799999,3425.2057637683201,2026-08-20T00:09:10-04:00
12117500,2006-11-21,1420,A,40.209922160639998,3474.1372746792963,2026-08-20T00:09:10-04:00
12117500,2006-11-22,1490,A,42.19210142208,3645.3975628677122,2026-08-20T00:09:10-04:00
12117500,2006-11-23,1260,A,35.679226705920001,3082.6851873914879,2026-08-20T00:09:10-04:00
12117500,2006-11-24,1240,A,35.112889774080003,3033.7536764805122,2026-08-20T00:09:10-04:00
12117500,2006-11-25,1210,A,34.263384376319998,2960.3564101140482,2026-08-20T00:09:10-04:00
12117500,2006-11-26,1020,A,28.88318352384,2495.5070564597759,2026-08-20T00:09:10-04:00
12117500,2006-11-27,834,A,23.616250057727999,2040.4440049876994,2026-08-20T00:09:10-04:00
12117500,2006-11-28,640,A,18.12278181888,1565.8083491512321,2026-08-20T00:09:10-04:00
12117500,2006-11-29,553,A,15.659216165376,1352.9562766884865,2026-08-20T00:09:10-04:00
12117500,2006-11-30,559,A,15.829117244928,1367.6357299617791,2026-08-20T00:09:10-04:00
12117500,2006-12-01,539,A,15.262780313088001,1318.7042190508032,2026-08-20T00:09:10-04:00
12117500,2006-12-02,523,A,14.809710767616,1279.5590103220225,2026-08-20T00:09:10-04:00
12117500,2006-12-03,513,A,14.526542301696001,1255.0932548665344,2026-08-20T00:09:10-04:00
12117500,2006-12-04,509,A,14.413274915328,1245.3069526843392,2026-08-20T00:09:10-04:00
12117500,2006-12-05,513,A,14.526542301696001,1255.0932548665344,2026-08-20T00:09:10-04:00
12117500,2006-12-06,501,A,14.186740142592001,1225.7343483199488,2026-08-20T00:09:10-04:00
12117500,2006-12-07,527,A,14.922978153984001,1289.3453125042176,2026-08-20T00:09:10-04:00
12117500,2006-12-08,652,A,18.462583977984,1595.1672556978176,2026-08-20T00:09:10-04:00
12117500,2006-12-09,659,A,18.660801904128,1612.2932845166592,2026-08-20T00:09:10-04:00
12117500,2006-12-10,666,A,18.859019830272,1629.4193133355009,2026-08-20T00:09:10-04:00
12117500,2006-12-11,792,A,22.426942500864001,1937.6878320746496,2026-08-20T00:09:10-04:00
12117500,2006-12-12,831,A,23.531299517952,2033.1042783510529,2026-08-20T00:09:10-04:00
12117500,2006-12-13,869,A,24.607339688448,2126.0741490819073,2026-08-20T00:09:10-04:00
12117500,2006-12-14,852,A,24.125953296384001,2084.4823648075776,2026-08-20T00:09:10-04:00
12117500,2006-12-15,990,A,28.033678126080002,2422.1097900933119,2026-08-20T00:09:10-04:00
12117500,2006-12-16,1300,A,36.811900569599999,3180.5482092134403,2026-08-20T00:09:10-04:00
12117500,2006-12-17,1240,A,35.112889774080003,3033.7536764805122,2026-08-20T00:09:10-04:00
12117500,2006-12-18,1260,A,35.679226705920001,3082.6851873914879,2026-08-20T00:09:10-04:00
12117500,2006-12-19,1440,A,40.776259092480004,3523.068785590272,2026-08-20T00:09:10-04:00
12117500,2006-12-20,1310,A,37.095069035519998,3205.0139646689281,2026-08-20T00:09:10-04:00
12117500,2006-12-21,1200,A,33.980215910399998,2935.8906546585599,2026-08-20T00:09:10-04:00
12117500,2006-12-22,1370,A,38.794079831040001,3351.8084974018561,2026-08-20T00:09:10-04:00
12117500,2006-12-23,1180,A,33.41387897856,2886.9591437475842,2026-08-20T00:09:10-04:00
12117500,2006-12-24,1170,A,33.13071051264,2862.4933882920959,2026-08-20T00:09:10-04:00
12117500,2006-12-25,1300,A,36.811900569599999,3180.5482092134403,2026-08-20T00:09:10-04:00
12117500,2006-12-26,1130,A,31.998036648959999,2764.6303664701441,2026-08-20T00:09:10-04:00
12117500,2006-12-27,855,A,24.21090383616,2091.822091444224,2026-08-20T00:09:10-04:00
12117500,2006-12-28,963,A,27.269123268095999,2356.0522503634943,2026-08-20T00:09:10-04:00
12117500,2006-12-29,945,A,26.759420029440001,2312.0138905436161,2026-08-20T00:09:10-04:00
12117500,2006-12-30,934,A,26.447934716928,2285.1015595425793,2026-08-20T00:09:10-04:00
12117500,2006-12-31,922,A,26.108132557824,2255.7426529959935,2026-08-20T00:09:10-04:00
12117500,2007-01-01,890,A,25.201993466880001,2177.452235538432,2026-08-20T00:09:10-04:00
12117500,2007-01-02,900,A,25.485161932800001,2201.9179909939203,2026-08-20T00:09:10-04:00
12117500,2007-01-03,983,A,27.835460199936001,2404.9837612744705,2026-08-20T00:09:10-04:00
12117500,2007-01-04,1370,A,38.794079831040001,3351.8084974018561,2026-08-20T00:09:10-04:00
12117500,2007-01-05,862,A,24.409121762304,2108.9481202630654,2026-08-20T00:09:10-04:00
12117500,2007-01-06,815,A,23.078229972479999,1993.959069622272,2026-08-20T00:09:10-04:00
12117500,2007-01-07,993,A,28.118628665856001,2429.4495167299583,2026-08-20T00:09:10-04:00
12117500,2007-01-08,1170,A,33.13071051264,2862.4933882920959,2026-08-20T00:09:10-04:00
12117500,2007-01-09,926,A,26.221399944192001,2265.5289551781889,2026-08-20T00:09:10-04:00
12117500,2007-01-10,930,A,26.334667330560002,2275.3152573603843,2026-08-20T00:09:10-04:00
12117500,2007-01-11,1360,A,38.510911365120002,3327.3427419463683,2026-08-20T00:09:10-04:00
12117500,2007-01-12,1400,A,39.643585228799999,3425.2057637683201,2026-08-20T00:09:10-04:00
12117500,2007-01-13,1410,A,39.926753694719999,3449.671519223808,2026-08-20T00:09:10-04:00
12117500,2007-01-14,1410,A,39.926753694719999,3449.671519223808,2026-08-20T00:09:10-04:00
12117500,2007-01-15,1410,A,39.926753694719999,3449.671519223808,2026-08-20T00:09:10-04:00
12117500,2007-01-16,1420,A,40.209922160639998,3474.1372746792963,2026-08-20T00:09:10-04:00
12117500,2007-01-17,1470,A,41.625764490240002,3596.466051956736,2026-08-20T00:09:10-04:00
12117500,2007-01-18,1420,A,40.209922160639998,3474.1372746792963,2026-08-20T00:09:10-04:00
12117500,2007-01-19,1220,A,34.546552842240004,2984.8221655695361,2026-08-20T00:09:10-04:00
12117500,2007-01-20,1220,A,34.546552842240004,2984.8221655695361,2026-08-20T00:09:10-04:00
12117500,2007-01-21,1190,A,33.697047444479999,2911.4248992030721,2026-08-20T00:09:10-04:00
12117500,2007-01-22,1160,A,32.847542046720001,2838.0276328366081,2026-08-20T00:09:10-04:00
12117500,2007-01-23,925,A,26.193083097600002,2263.0823796326399,2026-08-20T00:09:10-04:00
12117500,2007-01-24,675,A,19.113871449600001,1651.43849324544,2026-08-20T00:09:10-04:00
12117500,2007-01-25,573,A,16.225553097216,1401.8877875994624,2026-08-20T00:09:10-04:00
12117500,2007-01-26,555,A,15.71584985856,1357.8494277795839,2026-08-20T00:09:10-04:00
12117500,2007-01-27,513,A,14.526542301696001,1255.0932548665344,2026-08-20T00:09:10-04:00
12117500,2007-01-28,501,A,14.186740142592001,1225.7343483199488,2026-08-20T00:09:10-04:00
12117500,2007-01-29,487,A,13.790304290304,1191.4822906822656,2026-08-20T00:09:10-04:00
12117500,2007-01-30,475,A,13.4505021312,1162.12338413568,2026-08-20T00:09:10-04:00
12117500,2007-01-31,467,A,13.223967358464,1142.5507797712896,2026-08-20T00:09:10-04:00
12117500,2007-02-01,459,A,12.997432585728001,1122.9781754068993,2026-08-20T00:09:10-04:00
12117500,2007-02-02,453,A,12.827531506176001,1108.2987221336064,2026-08-20T00:09:10-04:00
12117500,2007-02-03,446,A,12.629313580032001,1091.1726933147647,2026-08-20T00:09:10-04:00
12117500,2007-02-04,447,A,12.657630426624001,1093.6192688603137,2026-08-20T00:09:10-04:00
12117500,2007-02-05,445,A,12.600996733440001,1088.726117769216,2026-08-20T00:09:10-04:00
12117500,2007-02-06,444,A,12.572679886848,1086.2795422236672,2026-08-20T00:09:10-04:00
12117500,2007-02-07,441,A,12.487729347072001,1078.9398155870208,2026-08-20T00:09:10-04:00
12117500,2007-02-08,444,A,12.572679886848,1086.2795422236672,2026-08-20T00:09:10-04:00
12117500,2007-02-09,441,A,12.487729347072001,1078.9398155870208,2026-08-20T00:09:10-04:00
12117500,2007-02-10,437,A,12.374461960704,1069.1535134048256,2026-08-20T00:09:10-04:00
12117500,2007-02-11,445,A,12.600996733440001,1088.726117769216,2026-08-20T00:09:10-04:00
12117500,2007-02-12,447,A,12.657630426624001,1093.6192688603137,2026-08-20T00:09:10-04:00
12117500,2007-02-13,653,A,18.490900824576002,1597.6138312433663,2026-08-20T00:09:10-04:00
12117500,2007-02-14,574,A,16.253869943807999,1404.3343631450111,2026-08-20T00:09:10-04:00
12117500,2007-02-15,569,A,16.112285710847999,1392.1014854172672,2026-08-20T00:09:10-04:00
12117500,2007-02-16,589,A,16.678622642688001,1441.0329963282431,2026-08-20T00:09:10-04:00
12117500,2007-02-17,928,A,26.278033637376002,2270.4221062692864,2026-08-20T00:09:10-04:00
12117500,2007-02-18,847,A,23.984369063424001,2072.2494870798337,2026-08-20T00:09:10-04:00
12117500,2007-02-19,826,A,23.389715284992,2020.8714006233088,2026-08-20T00:09:10-04:00
12117500,2007-02-20,1070,A,30.29902585344,2617.835833737216,2026-08-20T00:09:10-04:00
12117500,2007-02-21,1110,A,31.431699717120001,2715.6988555591679,2026-08-20T00:09:10-04:00
12117500,2007-02-22,1190,A,33.697047444479999,2911.4248992030721,2026-08-20T00:09:10-04:00
12117500,2007-02-23,1180,A,33.41387897856,2886.9591437475842,2026-08-20T00:09:10-04:00
12117500,2007-02-24,1330,A,37.661405967360004,3253.9454755799043,2026-08-20T00:09:10-04:00
12117500,2007-02-25,1320,A,37.378237501440005,3229.479720124416,2026-08-20T00:09:10-04:00
12117500,2007-02-26,1300,A,36.811900569599999,3180.5482092134403,2026-08-20T00:09:10-04:00
12117500,2007-02-27,1160,A,32.847542046720001,2838.0276328366081,2026-08-20T00:09:10-04:00
12117500,2007-02-28,1120,A,31.71486818304,2740.1646110146562,2026-08-20T00:09:10-04:00
12117500,2007-03-01,799,A,22.625160427008002,1954.8138608934912,2026-08-20T00:09:10-04:00
12117500,2007-03-02,740,A,20.954466478080001,1810.4659037061122,2026-08-20T00:09:10-04:00
12117500,2007-03-03,829,A,23.474665824768,2028.2111272599552,2026-08-20T00:09:10-04:00
12117500,2007-03-04,822,A,23.276447898623999,2011.0850984411136,2026-08-20T00:09:10-04:00
12117500,2007-03-05,728,A,20.614664318976001,1781.1069971595264,2026-08-20T00:09:10-04:00
12117500,2007-03-06,649,A,18.377633438208001,1587.8275290611712,2026-08-20T00:09:10-04:00
12117500,2007-03-07,653,A,18.490900824576002,1597.6138312433663,2026-08-20T00:09:10-04:00
12117500,2007-03-08,761,A,21.549120256512001,1861.8439901626368,2026-08-20T00:09:10-04:00
12117500,2007-03-09,1170,A,33.13071051264,2862.4933882920959,2026-08-20T00:09:10-04:00
12117500,2007-03-10,1040,A,29.449520455680002,2544.438567370752,2026-08-20T00:09:10-04:00
12117500,2007-03-11,946,A,26.787736876032,2314.460466089165,2026-08-20T00:09:10-04:00
12117500,2007-03-12,1190,A,33.697047444479999,2911.4248992030721,2026-08-20T00:09:10-04:00
12117500,2007-03-13,1200,A,33.980215910399998,2935.8906546585599,2026-08-20T00:09:10-04:00
12117500,2007-03-14,1270,A,35.962395171840001,3107.1509428469762,2026-08-20T00:09:10-04:00
12117500,2007-03-15,1410,A,39.926753694719999,3449.671519223808,2026-08-20T00:09:10-04:00
12117500,2007-03-16,1470,A,41.625764490240002,3596.466051956736,2026-08-20T00:09:10-04:00
12117500,2007-03-17,1530,A,43.324775285759998,3743.260584689664,2026-08-20T00:09:10-04:00
12117500,2007-03-18,1620,A,45.873291479039999,3963.4523837890561,2026-08-20T00:09:10-04:00
12117500,2007-03-19,1610,A,45.590123013119999,3938.9866283335682,2026-08-20T00:09:10-04:00
12117500,2007-03-20,1590,A,45.023786081280001,3890.055117422592,2026-08-20T00:09:10-04:00
12117500,2007-03-21,1520,A,43.041606819839998,3718.7948292341762,2026-08-20T00:09:10-04:00
12117500,2007-03-22,1510,A,42.758438353919999,3694.3290737786883,2026-08-20T00:09:10-04:00
12117500,2007-03-23,1500,A,42.475269888,3669.8633183232,2026-08-20T00:09:10-04:00
12117500,2007-03-24,1620,A,45.873291479039999,3963.4523837890561,2026-08-20T00:09:10-04:00
12117500,2007-03-25,1980,A,56.067356252160003,4844.2195801866237,2026-08-20T00:09:10-04:00
12117500,2007-03-26,2090,A,59.182209377280003,5113.3428901969919,2026-08-20T00:09:10-04:00
12117500,2007-03-27,2070,A,58.615872445440004,5064.4113792860162,2026-08-20T00:09:10-04:00
12117500,2007-03-28,1970,A,55.784187786240004,4819.7538247311359,2026-08-20T00:09:10-04:00
12117500,2007-03-29,1820,A,51.53666079744,4452.7674928988163,2026-08-20T00:09:10-04:00
12117500,2007-03-30,1840,A,52.102997729279998,4501.699003809792,2026-08-20T00:09:10-04:00
12117500,2007-03-31,1730,A,48.988144604159999,4232.5756937994238,2026-08-20T00:09:10-04:00
12117500,2007-04-01,1660,A,47.005965342720003,4061.3154056110079,2026-08-20T00:09:10-04:00
12117500,2007-04-02,1630,A,46.156459944959998,3987.9181392445439,2026-08-20T00:09:10-04:00
12117500,2007-04-03,1610,A,45.590123013119999,3938.9866283335682,2026-08-20T00:09:10-04:00
12117500,2007-04-04,1520,A,43.041606819839998,3718.7948292341762,2026-08-20T00:09:10-04:00
12117500,2007-04-05,1320,A,37.378237501440005,3229.479720124416,2026-08-20T00:09:10-04:00
12117500,2007-04-06,1190,A,33.697047444479999,2911.4248992030721,2026-08-20T00:09:10-04:00
12117500,2007-04-07,1030,A,29.166351989760003,2519.9728119152642,2026-08-20T00:09:10-04:00
12117500,2007-04-08,925,A,26.193083097600002,2263.0823796326399,2026-08-20T00:09:10-04:00
12117500,2007-04-09,918,A,25.994865171456002,2245.9563508137985,2026-08-20T00:09:10-04:00
12117500,2007-04-10,889,A,25.173676620287999,2175.0056599928835,2026-08-20T00:09:10-04:00
12117500,2007-04-11,869,A,24.607339688448,2126.0741490819073,2026-08-20T00:09:10-04:00
12117500,2007-04-12,885,A,25.060409233920002,2165.2193578106881,2026-08-20T00:09:10-04:00
12117500,2007-04-13,936,A,26.504568410112,2289.9947106336767,2026-08-20T00:09:10-04:00
12117500,2007-04-14,930,A,26.334667330560002,2275.3152573603843,2026-08-20T00:09:10-04:00
12117500,2007-04-15,812,A,22.993279432704,1986.6193429856257,2026-08-20T00:09:10-04:00
12117500,2007-04-16,722,A,20.444763239423999,1766.4275438862337,2026-08-20T00:09:10-04:00
12117500,2007-04-17,651,A,18.434267131392001,1592.7206801522689,2026-08-20T00:09:10-04:00
12117500,2007-04-18,577,A,16.338820483584001,1411.6740897816576,2026-08-20T00:09:10-04:00
12117500,2007-04-19,547,A,15.489315085824,1338.2768234151936,2026-08-20T00:09:10-04:00
12117500,2007-04-20,528,A,14.951295000576,1291.7918880497664,2026-08-20T00:09:10-04:00
12117500,2007-04-21,519,A,14.696443381248001,1269.7727081398273,2026-08-20T00:09:10-04:00
12117500,2007-04-22,513,A,14.526542301696001,1255.0932548665344,2026-08-20T00:09:10-04:00
12117500,2007-04-23,502,A,14.215056989184001,1228.1809238654976,2026-08-20T00:09:10-04:00
12117500,2007-04-24,498,A,14.101789602816,1218.3946216833024,2026-08-20T00:09:10-04:00
12117500,2007-04-25,497,A,14.073472756224,1215.9480461377536,2026-08-20T00:09:10-04:00
12117500,2007-04-26,498,A,14.101789602816,1218.3946216833024,2026-08-20T00:09:10-04:00
12117500,2007-04-27,485,A,13.73367059712,1186.5891395911681,2026-08-20T00:09:10-04:00
12117500,2007-04-28,481,A,13.620403210752,1176.8028374089729,2026-08-20T00:09:10-04:00
12117500,2007-04-29,474,A,13.422185284608,1159.6768085901313,2026-08-20T00:09:10-04:00
12117500,2007-04-30,467,A,13.223967358464,1142.5507797712896,2026-08-20T00:09:10-04:00
12117500,2007-05-01,467,A,13.223967358464,1142.5507797712896,2026-08-20T00:09:10-04:00
12117500,2007-05-02,467,A,13.223967358464,1142.5507797712896,2026-08-20T00:09:10-04:00
12117500,2007-05-03,461,A,13.054066278912,1127.8713264979967,2026-08-20T00:09:10-04:00
12117500,2007-05-04,473,A,13.393868438016,1157.2302330445825,2026-08-20T00:09:10-04:00
12117500,2007-05-05,480,A,13.59208636416,1174.3562618634242,2026-08-20T00:09:10-04:00
12117500,2007-05-06,461,A,13.054066278912,1127.8713264979967,2026-08-20T00:09:10-04:00
12117500,2007-05-07,452,A,12.799214659584001,1105.8521465880576,2026-08-20T00:09:10-04:00
12117500,2007-05-08,436,A,12.346145114112,1066.7069378592769,2026-08-20T00:09:10-04:00
12117500,2007-05-09,429,A,12.147927187968,1049.5809090404352,2026-08-20T00:09:10-04:00
12117500,2007-05-10,422,A,11.949709261824001,1032.4548802215936,2026-08-20T00:09:10-04:00
12117500,2007-05-11,415,A,11.751491335680001,1015.328851402752,2026-08-20T00:09:10-04:00
12117500,2007-05-12,411,A,11.638223949312,1005.5425492205568,2026-08-20T00:09:10-04:00
12117500,2007-05-13,411,A,11.638223949312,1005.5425492205568,2026-08-20T00:09:10-04:00
12117500,2007-05-14,403,A,11.411689176576001,985.96994485616642,2026-08-20T00:09:10-04:00
12117500,2007-05-15,400,A,11.3267386368,978.63021821951997,2026-08-20T00:09:10-04:00
12117500,2007-05-16,399,A,11.298421790208,976.18364267397124,2026-08-20T00:09:10-04:00
12117500,2007-05-17,396,A,11.213471250432001,968.84391603732479,2026-08-20T00:09:10-04:00
12117500,2007-05-18,392,A,11.100203864064,959.0576138551296,2026-08-20T00:09:10-04:00
12117500,2007-05-19,394,A,11.156837557248,963.9507649462272,2026-08-20T00:09:10-04:00
12117500,2007-05-20,407,A,11.524956562944,995.75624703836161,2026-08-20T00:09:10-04:00
12117500,2007-05-21,447,A,12.657630426624001,1093.6192688603137,2026-08-20T00:09:10-04:00
12117500,2007-05-22,444,A,12.572679886848,1086.2795422236672,2026-08-20T00:09:10-04:00
12117500,2007-05-23,419,A,11.864758722048,1025.1151535849472,2026-08-20T00:09:10-04:00
12117500,2007-05-24,411,A,11.638223949312,1005.5425492205568,2026-08-20T00:09:10-04:00
12117500,2007-05-25,407,A,11.524956562944,995.75624703836161,2026-08-20T00:09:10-04:00
12117500,2007-05-26,404,A,11.440006023168001,988.41652040171527,2026-08-20T00:09:10-04:00
12117500,2007-05-27,408,A,11.553273409536001,998.20282258391046,2026-08-20T00:09:10-04:00
12117500,2007-05-28,414,A,11.723174489088001,1012.8822758572032,2026-08-20T00:09:10-04:00
12117500,2007-05-29,402,A,11.383372329984001,983.52336931061768,2026-08-20T00:09:10-04:00
12117500,2007-05-30,397,A,11.241788097024001,971.29049158287364,2026-08-20T00:09:10-04:00
12117500,2007-05-31,391,A,11.071887017472001,956.61103830958086,2026-08-20T00:09:10-04:00
12117500,2007-06-01,391,A,11.071887017472001,956.61103830958086,2026-08-20T00:09:10-04:00
12117500,2007-06-02,390,A,11.043570170880001,954.16446276403201,2026-08-20T00:09:10-04:00
12117500,2007-06-03,388,A,10.986936477696,949.27131167293442,2026-08-20T00:09:10-04:00
12117500,2007-06-04,394,A,11.156837557248,963.9507649462272,2026-08-20T00:09:10-04:00
12117500,2007-06-05,414,A,11.723174489088001,1012.8822758572032,2026-08-20T00:09:10-04:00
12117500,2007-06-06,435,A,12.317828267519999,1064.2603623137281,2026-08-20T00:09:10-04:00
12117500,2007-06-07,446,A,12.629313580032001,1091.1726933147647,2026-08-20T00:09:10-04:00
12117500,2007-06-08,506,A,14.328324375552,1237.9672260476927,2026-08-20T00:09:10-04:00
12117500,2007-06-09,510,A,14.44159176192,1247.7535282298879,2026-08-20T00:09:10-04:00
12117500,2007-06-10,547,A,15.489315085824,1338.2768234151936,2026-08-20T00:09:10-04:00
12117500,2007-06-11,545,A,15.432681392640001,1333.3836723240961,2026-08-20T00:09:10-04:00
12117500,2007-06-12,536,A,15.177829773312,1311.3644924141568,2026-08-20T00:09:10-04:00
12117500,2007-06-13,543,A,15.376047699456,1328.4905212329984,2026-08-20T00:09:10-04:00
12117500,2007-06-14,536,A,15.177829773312,1311.3644924141568,2026-08-20T00:09:10-04:00
12117500,2007-06-15,515,A,14.583175994880001,1259.9864059576321,2026-08-20T00:09:10-04:00
12117500,2007-06-16,489,A,13.846937983488001,1196.3754417733633,2026-08-20T00:09:10-04:00
12117500,2007-06-17,478,A,13.535452670976001,1169.4631107723264,2026-08-20T00:09:10-04:00
12117500,2007-06-18,481,A,13.620403210752,1176.8028374089729,2026-08-20T00:09:10-04:00
12117500,2007-06-19,480,A,13.59208636416,1174.3562618634242,2026-08-20T00:09:10-04:00
12117500,2007-06-20,471,A,13.337234744832001,1152.3370819534848,2026-08-20T00:09:10-04:00
12117500,2007-06-21,463,A,13.110699972096,1132.7644775890944,2026-08-20T00:09:10-04:00
12117500,2007-06-22,430,A,12.17624403456,1052.027484585984,2026-08-20T00:09:10-04:00
12117500,2007-06-23,405,A,11.46832286976,990.86309594726401,2026-08-20T00:09:10-04:00
12117500,2007-06-24,410,A,11.609907102720001,1003.0959736750081,2026-08-20T00:09:10-04:00
12117500,2007-06-25,410,A,11.609907102720001,1003.0959736750081,2026-08-20T00:09:10-04:00
12117500,2007-06-26,393,A,11.128520710656,961.50418940067846,2026-08-20T00:09:10-04:00
12117500,2007-06-27,387,A,10.958619631104,946.82473612738568,2026-08-20T00:09:10-04:00
12117500,2007-06-28,387,A,10.958619631104,946.82473612738568,2026-08-20T00:09:10-04:00
12117500,2007-06-29,418,A,11.836441875456,1022.6685780393984,2026-08-20T00:09:10-04:00
12117500,2007-06-30,412,A,11.666540795904,1007.9891247661056,2026-08-20T00:09:10-04:00
12117500,2007-07-01,389,A,11.015253324288,951.71788721848327,2026-08-20T00:09:10-04:00
12117500,2007-07-02,380,A,10.76040170496,929.69870730854404,2026-08-20T00:09:10-04:00
12117500,2007-07-03,374,A,10.590500625408,915.01925403525127,2026-08-20T00:09:10-04:00
12117500,2007-07-04,368,A,10.420599545856,900.33980076195849,2026-08-20T00:09:10-04:00
12117500,2007-07-05,374,A,10.590500625408,915.01925403525127,2026-08-20T00:09:10-04:00
12117500,2007-07-06,394,A,11.156837557248,963.9507649462272,2026-08-20T00:09:10-04:00
12117500,2007-07-07,391,A,11.071887017472001,956.61103830958086,2026-08-20T00:09:10-04:00
12117500,2007-07-08,388,A,10.986936477696,949.27131167293442,2026-08-20T00:09:10-04:00
12117500,2007-07-09,402,A,11.383372329984001,983.52336931061768,2026-08-20T00:09:10-04:00
12117500,2007-07-10,429,A,12.147927187968,1049.5809090404352,2026-08-20T00:09:10-04:00
12117500,2007-07-11,428,A,12.119610341376001,1047.1343334948865,2026-08-20T00:09:10-04:00
12117500,2007-07-12,427,A,12.091293494784001,1044.6877579493375,2026-08-20T00:09:10-04:00
12117500,2007-07-13,431,A,12.204560881152,1054.4740601315327,2026-08-20T00:09:10-04:00
12117500,2007-07-14,429,A,12.147927187968,1049.5809090404352,2026-08-20T00:09:10-04:00
12117500,2007-07-15,427,A,12.091293494784001,1044.6877579493375,2026-08-20T00:09:10-04:00
12117500,2007-07-16,426,A,12.062976648192,1042.2411824037888,2026-08-20T00:09:10-04:00
12117500,2007-07-17,424,A,12.006342955008,1037.3480313126913,2026-08-20T00:09:10-04:00
12117500,2007-07-18,430,A,12.17624403456,1052.027484585984,2026-08-20T00:09:10-04:00
12117500,2007-07-19,434,A,12.289511420928001,1061.8137867681792,2026-08-20T00:09:10-04:00
12117500,2007-07-20,426,A,12.062976648192,1042.2411824037888,2026-08-20T00:09:10-04:00
12117500,2007-07-21,396,A,11.213471250432001,968.84391603732479,2026-08-20T00:09:10-04:00
12117500,2007-07-22,357,A,10.109114233344,873.42746976092167,2026-08-20T00:09:10-04:00
12117500,2007-07-23,329,A,9.3162425287680009,804.92335448555525,2026-08-20T00:09:10-04:00
12117500,2007-07-24,328,A,9.2879256821760006,802.4767789400064,2026-08-20T00:09:10-04:00
12117500,2007-07-25,315,A,8.9198066764800004,770.67129684787199,2026-08-20T00:09:10-04:00
12117500,2007-07-26,310,A,8.7782224435200007,758.43841912012806,2026-08-20T00:09:10-04:00
12117500,2007-07-27,309,A,8.7499055969280004,755.99184357457921,2026-08-20T00:09:10-04:00
12117500,2007-07-28,306,A,8.6649550571519995,748.65211693793287,2026-08-20T00:09:10-04:00
12117500,2007-07-29,305,A,8.636638210560001,746.20554139238402,2026-08-20T00:09:10-04:00
12117500,2007-07-30,304,A,8.6083213639680007,743.75896584683528,2026-08-20T00:09:10-04:00
12117500,2007-07-31,303,A,8.5800045173760005,741.31239030128643,2026-08-20T00:09:10-04:00
12117500,2007-08-01,300,A,8.4950539775999996,733.97266366463998,2026-08-20T00:09:10-04:00
12117500,2007-08-02,296,A,8.3817865912320002,724.1863614824448,2026-08-20T00:09:10-04:00
12117500,2007-08-03,296,A,8.3817865912320002,724.1863614824448,2026-08-20T00:09:10-04:00
12117500,2007-08-04,296,A,8.3817865912320002,724.1863614824448,2026-08-20T00:09:10-04:00
12117500,2007-08-05,295,A,8.3534697446399999,721.73978593689606,2026-08-20T00:09:10-04:00
12117500,2007-08-06,293,A,8.2968360514560011,716.84663484579846,2026-08-20T00:09:10-04:00
12117500,2007-08-07,294,A,8.3251528980479996,719.2932103913472,2026-08-20T00:09:10-04:00
12117500,2007-08-08,297,A,8.4101034378240005,726.63293702799365,2026-08-20T00:09:10-04:00
12117500,2007-08-09,291,A,8.2402023582720005,711.95348375470087,2026-08-20T00:09:10-04:00
12117500,2007-08-10,288,A,8.1552518184959997,704.61375711805442,2026-08-20T00:09:10-04:00
12117500,2007-08-11,285,A,8.0703012787200006,697.27403048140798,2026-08-20T00:09:10-04:00
12117500,2007-08-12,285,A,8.0703012787200006,697.27403048140798,2026-08-20T00:09:10-04:00
12117500,2007-08-13,285,A,8.0703012787200006,697.27403048140798,2026-08-20T00:09:10-04:00
12117500,2007-08-14,284,A,8.0419844321280003,694.82745493585924,2026-08-20T00:09:10-04:00
12117500,2007-08-15,284,A,8.0419844321280003,694.82745493585924,2026-08-20T00:09:10-04:00
12117500,2007-08-16,284,A,8.0419844321280003,694.82745493585924,2026-08-20T00:09:10-04:00
12117500,2007-08-17,283,A,8.013667585536,692.38087939031038,2026-08-20T00:09:10-04:00
12117500,2007-08-18,282,A,7.9853507389440006,689.93430384476164,2026-08-20T00:09:10-04:00
12117500,2007-08-19,288,A,8.1552518184959997,704.61375711805442,2026-08-20T00:09:10-04:00
12117500,2007-08-20,298,A,8.4384202844160008,729.07951257354239,2026-08-20T00:09:10-04:00
12117500,2007-08-21,293,A,8.2968360514560011,716.84663484579846,2026-08-20T00:09:10-04:00
12117500,2007-08-22,286,A,8.0986181253120009,699.72060602695683,2026-08-20T00:09:10-04:00
12117500,2007-08-23,282,A,7.9853507389440006,689.93430384476164,2026-08-20T00:09:10-04:00
12117500,2007-08-24,280,A,7.92871704576,685.04115275366405,2026-08-20T00:09:10-04:00
12117500,2007-08-25,279,A,7.9004001991680006,682.5945772081152,2026-08-20T00:09:10-04:00
12117500,2007-08-26,278,A,7.8720833525760003,680.14800166256646,2026-08-20T00:09:10-04:00
12117500,2007-08-27,277,A,7.843766505984,677.7014261170176,2026-08-20T00:09:10-04:00
12117500,2007-08-28,275,A,7.7871328128000004,672.80827502592001,2026-08-20T00:09:10-04:00
12117500,2007-08-29,275,A,7.7871328128000004,672.80827502592001,2026-08-20T00:09:10-04:00
12117500,2007-08-30,272,A,7.7021822730240004,665.46854838927356,2026-08-20T00:09:10-04:00
12117500,2007-08-31,272,A,7.7021822730240004,665.46854838927356,2026-08-20T00:09:10-04:00
12117500,2007-09-01,272,A,7.7021822730240004,665.46854838927356,2026-08-20T00:09:10-04:00
12117500,2007-09-02,272,A,7.7021822730240004,665.46854838927356,2026-08-20T00:09:10-04:00
12117500,2007-09-03,272,A,7.7021822730240004,665.46854838927356,2026-08-20T00:09:10-04:00
12117500,2007-09-04,278,A,7.8720833525760003,680.14800166256646,2026-08-20T00:09:10-04:00
12117500,2007-09-05,274,A,7.7588159662080001,670.36169948037127,2026-08-20T00:09:10-04:00
12117500,2007-09-06,272,A,7.7021822730240004,665.46854838927356,2026-08-20T00:09:10-04:00
12117500,2007-09-07,272,A,7.7021822730240004,665.46854838927356,2026-08-20T00:09:10-04:00
12117500,2007-09-08,272,A,7.7021822730240004,665.46854838927356,2026-08-20T00:09:10-04:00
12117500,2007-09-09,270,A,7.6455485798399998,660.57539729817597,2026-08-20T00:09:10-04:00
12117500,2007-09-10,266,A,7.5322811934720004,650.78909511598079,2026-08-20T00:09:10-04:00
12117500,2007-09-11,265,A,7.5039643468800001,648.34251957043205,2026-08-20T00:09:10-04:00
12117500,2007-09-12,266,A,7.5322811934720004,650.78909511598079,2026-08-20T00:09:10-04:00
12117500,2007-09-13,264,A,7.4756475002879998,645.89594402488319,2026-08-20T00:09:10-04:00
12117500,2007-09-14,262,A,7.4190138071040002,641.0027929337856,2026-08-20T00:09:10-04:00
12117500,2007-09-15,262,A,7.4190138071040002,641.0027929337856,2026-08-20T00:09:10-04:00
12117500,2007-09-16,265,A,7.5039643468800001,648.34251957043205,2026-08-20T00:09:10-04:00
12117500,2007-09-17,287,A,8.1269349719039994,702.16718157250557,2026-08-20T00:09:10-04:00
12117500,2007-09-18,274,A,7.7588159662080001,670.36169948037127,2026-08-20T00:09:10-04:00
12117500,2007-09-19,267,A,7.5605980400639998,653.23567066152964,2026-08-20T00:09:10-04:00
12117500,2007-09-20,306,A,8.6649550571519995,748.65211693793287,2026-08-20T00:09:10-04:00
12117500,2007-09-21,307,A,8.6932719037439998,751.09869248348161,2026-08-20T00:09:10-04:00
12117500,2007-09-22,307,A,8.6932719037439998,751.09869248348161,2026-08-20T00:09:10-04:00
12117500,2007-09-23,306,A,8.6649550571519995,748.65211693793287,2026-08-20T00:09:10-04:00
12117500,2007-09-24,303,A,8.5800045173760005,741.31239030128643,2026-08-20T00:09:10-04:00
12117500,2007-09-25,302,A,8.5516876707840002,738.86581475573757,2026-08-20T00:09:10-04:00
12117500,2007-09-26,301,A,8.5233708241919999,736.41923921018883,2026-08-20T00:09:10-04:00
12117500,2007-09-27,307,A,8.6932719037439998,751.09869248348161,2026-08-20T00:09:10-04:00
12117500,2007-09-28,347,A,9.8259457674240007,848.96171430543359,2026-08-20T00:09:10-04:00
12117500,2007-09-29,326,A,9.231291988992,797.5836278489088,2026-08-20T00:09:10-04:00
12117500,2007-09-30,343,A,9.7126783810559996,839.1754121232384,2026-08-20T00:09:10-04:00
12117500,2007-10-01,406,A,11.496639716352,993.30967149281287,2026-08-20T00:09:10-04:00
12117500,2007-10-02,455,A,12.88416519936,1113.1918732247041,2026-08-20T00:09:10-04:00
12117500,2007-10-03,474,A,13.422185284608,1159.6768085901313,2026-08-20T00:09:10-04:00
12117500,2007-10-04,401,A,11.355055483392,981.07679376506883,2026-08-20T00:09:10-04:00
12117500,2007-10-05,382,A,10.817035398144,934.59185839964164,2026-08-20T00:09:10-04:00
12117500,2007-10-06,432,A,12.232877727744,1056.9206356770817,2026-08-20T00:09:10-04:00
12117500,2007-10-07,493,A,13.960205369856,1206.1617439555584,2026-08-20T00:09:10-04:00
12117500,2007-10-08,516,A,14.611492841472,1262.4329815031808,2026-08-20T00:09:10-04:00
12117500,2007-10-09,481,A,13.620403210752,1176.8028374089729,2026-08-20T00:09:10-04:00
12117500,2007-10-10,471,A,13.337234744832001,1152.3370819534848,2026-08-20T00:09:10-04:00
12117500,2007-10-11,446,A,12.629313580032001,1091.1726933147647,2026-08-20T00:09:10-04:00
12117500,2007-10-12,401,A,11.355055483392,981.07679376506883,2026-08-20T00:09:10-04:00
12117500,2007-10-13,391,A,11.071887017472001,956.61103830958086,2026-08-20T00:09:10-04:00
12117500,2007-10-14,386,A,10.930302784512,944.37816058183682,2026-08-20T00:09:10-04:00
12117500,2007-10-15,381,A,10.788718551552,932.14528285409278,2026-08-20T00:09:10-04:00
12117500,2007-10-16,378,A,10.703768011776001,924.80555621744645,2026-08-20T00:09:10-04:00
12117500,2007-10-17,382,A,10.817035398144,934.59185839964164,2026-08-20T00:09:10-04:00
12117500,2007-10-18,382,A,10.817035398144,934.59185839964164,2026-08-20T00:09:10-04:00
12117500,2007-10-19,425,A,12.0346598016,1039.7946068582401,2026-08-20T00:09:10-04:00
12117500,2007-10-20,428,A,12.119610341376001,1047.1343334948865,2026-08-20T00:09:10-04:00
12117500,2007-10-21,387,A,10.958619631104,946.82473612738568,2026-08-20T00:09:10-04:00
12117500,2007-10-22,372,A,10.533866932224001,910.12610294415367,2026-08-20T00:09:10-04:00
12117500,2007-10-23,358,A,10.137431079936,875.87404530647041,2026-08-20T00:09:10-04:00
12117500,2007-10-24,356,A,10.080797386752,870.98089421537281,2026-08-20T00:09:10-04:00
12117500,2007-10-25,381,A,10.788718551552,932.14528285409278,2026-08-20T00:09:10-04:00
12117500,2007-10-26,399,A,11.298421790208,976.18364267397124,2026-08-20T00:09:10-04:00
12117500,2007-10-27,395,A,11.18515440384,966.39734049177605,2026-08-20T00:09:10-04:00
12117500,2007-10-28,409,A,11.581590256128001,1000.6493981294592,2026-08-20T00:09:10-04:00
12117500,2007-10-29,421,A,11.921392415232001,1030.0083046760449,2026-08-20T00:09:10-04:00
12117500,2007-10-30,439,A,12.431095653888001,1074.0466644959233,2026-08-20T00:09:10-04:00
12117500,2007-10-31,449,A,12.714264119808,1098.5124199514112,2026-08-20T00:09:10-04:00
12117500,2007-11-01,462,A,13.082383125504,1130.3179020435457,2026-08-20T00:09:10-04:00
12117500,2007-11-02,470,A,13.308917898240001,1149.8905064079361,2026-08-20T00:09:10-04:00
12117500,2007-11-03,470,A,13.308917898240001,1149.8905064079361,2026-08-20T00:09:10-04:00
12117500,2007-11-04,470,A,13.308917898240001,1149.8905064079361,2026-08-20T00:09:10-04:00
12117500,2007-11-05,472,A,13.365551591424,1154.7836574990336,2026-08-20T00:09:10-04:00
12117500,2007-11-06,489,A,13.846937983488001,1196.3754417733633,2026-08-20T00:09:10-04:00
12117500,2007-11-07,490,A,13.875254830080001,1198.822017318912,2026-08-20T00:09:10-04:00
12117500,2007-11-08,490,A,13.875254830080001,1198.822017318912,2026-08-20T00:09:10-04:00
12117500,2007-11-09,490,A,13.875254830080001,1198.822017318912,2026-08-20T00:09:10-04:00
12117500,2007-11-10,517,A,14.639809688064,1264.8795570487296,2026-08-20T00:09:10-04:00
12117500,2007-11-11,503,A,14.243373835776,1230.6274994110465,2026-08-20T00:09:10-04:00
12117500,2007-11-12,503,A,14.243373835776,1230.6274994110465,2026-08-20T00:09:10-04:00
12117500,2007-11-13,500,A,14.158423296,1223.2877727744001,2026-08-20T00:09:10-04:00
12117500,2007-11-14,489,A,13.846937983488001,1196.3754417733633,2026-08-20T00:09:10-04:00
12117500,2007-11-15,475,A,13.4505021312,1162.12338413568,2026-08-20T00:09:10-04:00
12117500,2007-11-16,496,A,14.045155909632001,1213.5014705922049,2026-08-20T00:09:10-04:00
12117500,2007-11-17,478,A,13.535452670976001,1169.4631107723264,2026-08-20T00:09:10-04:00
12117500,2007-11-18,457,A,12.940798892544001,1118.0850243158015,2026-08-20T00:09:10-04:00
12117500,2007-11-19,420,A,11.89307556864,1027.5617291304961,2026-08-20T00:09:10-04:00
12117500,2007-11-20,411,A,11.638223949312,1005.5425492205568,2026-08-20T00:09:10-04:00
12117500,2007-11-21,406,A,11.496639716352,993.30967149281287,2026-08-20T00:09:10-04:00
12117500,2007-11-22,418,A,11.836441875456,1022.6685780393984,2026-08-20T00:09:10-04:00
12117500,2007-11-23,413,A,11.694857642496,1010.4357003116544,2026-08-20T00:09:10-04:00
12117500,2007-11-24,430,A,12.17624403456,1052.027484585984,2026-08-20T00:09:10-04:00
12117500,2007-11-25,429,A,12.147927187968,1049.5809090404352,2026-08-20T00:09:10-04:00
12117500,2007-11-26,427,A,12.091293494784001,1044.6877579493375,2026-08-20T00:09:10-04:00
12117500,2007-11-27,441,A,12.487729347072001,1078.9398155870208,2026-08-20T00:09:10-04:00
12117500,2007-11-28,451,A,12.770897812992001,1103.4055710425089,2026-08-20T00:09:10-04:00
12117500,2007-11-29,519,A,14.696443381248001,1269.7727081398273,2026-08-20T00:09:10-04:00
12117500,2007-11-30,596,A,16.876840568832002,1458.1590251470848,2026-08-20T00:09:10-04:00
12117500,2007-12-01,599,A,16.961791108608001,1465.4987517837312,2026-08-20T00:09:10-04:00
12117500,2007-12-02,516,A,14.611492841472,1262.4329815031808,2026-08-20T00:09:10-04:00
12117500,2007-12-03,952,A,26.957637955584001,2329.1399193624575,2026-08-20T00:09:10-04:00
12117500,2007-12-04,990,A,28.033678126080002,2422.1097900933119,2026-08-20T00:09:10-04:00
12117500,2007-12-05,1050,A,29.732688921600001,2568.9043228262399,2026-08-20T00:09:10-04:00
12117500,2007-12-06,1220,A,34.546552842240004,2984.8221655695361,2026-08-20T00:09:10-04:00
12117500,2007-12-07,1210,A,34.263384376319998,2960.3564101140482,2026-08-20T00:09:10-04:00
12117500,2007-12-08,1120,A,31.71486818304,2740.1646110146562,2026-08-20T00:09:10-04:00
12117500,2007-12-09,989,A,28.005361279488,2419.6632145477633,2026-08-20T00:09:10-04:00
12117500,2007-12-10,844,A,23.899418523648002,2064.9097604431872,2026-08-20T00:09:10-04:00
12117500,2007-12-11,796,A,22.540209887231999,1947.4741342568448,2026-08-20T00:09:10-04:00
12117500,2007-12-12,665,A,18.830702983680002,1626.9727377899521,2026-08-20T00:09:10-04:00
12117500,2007-12-13,577,A,16.338820483584001,1411.6740897816576,2026-08-20T00:09:10-04:00
12117500,2007-12-14,511,A,14.469908608512,1250.2001037754369,2026-08-20T00:09:10-04:00
12117500,2007-12-15,510,A,14.44159176192,1247.7535282298879,2026-08-20T00:09:10-04:00
12117500,2007-12-16,497,A,14.073472756224,1215.9480461377536,2026-08-20T00:09:10-04:00
12117500,2007-12-17,496,A,14.045155909632001,1213.5014705922049,2026-08-20T00:09:10-04:00
12117500,2007-12-18,504,A,14.271690682368,1233.0740749565953,2026-08-20T00:09:10-04:00
12117500,2007-12-19,553,A,15.659216165376,1352.9562766884865,2026-08-20T00:09:10-04:00
12117500,2007-12-20,578,A,16.367137330176,1414.1206653272066,2026-08-20T00:09:10-04:00
12117500,2007-12-21,547,A,15.489315085824,1338.2768234151936,2026-08-20T00:09:10-04:00
12117500,2007-12-22,558,A,15.800800398336001,1365.1891544162304,2026-08-20T00:09:10-04:00
12117500,2007-12-23,632,A,17.896247046144001,1546.2357447868417,2026-08-20T00:09:10-04:00
12117500,2007-12-24,750,A,21.237634944,1834.9316591616,2026-08-20T00:09:10-04:00
12117500,2007-12-25,783,A,22.172090881536,1915.6686521647105,2026-08-20T00:09:10-04:00
12117500,2007-12-26,758,A,21.464169716736002,1854.5042635259904,2026-08-20T00:09:10-04:00
12117500,2007-12-27,797,A,22.568526733824001,1949.9207098023937,2026-08-20T00:09:10-04:00
12117500,2007-12-28,795,A,22.51189304064,1945.027558711296,2026-08-20T00:09:10-04:00
12117500,2007-12-29,787,A,22.285358267904002,1925.4549543469057,2026-08-20T00:09:10-04:00
12117500,2007-12-30,773,A,21.888922415616001,1891.2028967092224,2026-08-20T00:09:10-04:00
12117500,2007-12-31,787,A,22.285358267904002,1925.4549543469057,2026-08-20T00:09:10-04:00
12117500,2008-01-01,870,A,24.635656535039999,2128.5207246274563,2026-08-20T00:09:10-04:00
12117500,2008-01-02,860,A,24.35248806912,2104.054969171968,2026-08-20T00:09:10-04:00
12117500,2008-01-03,751,A,21.265951790592002,1837.3782347071487,2026-08-20T00:09:10-04:00
12117500,2008-01-04,598,A,16.933474262016002,1463.0521762381825,2026-08-20T00:09:10-04:00
12117500,2008-01-05,474,A,13.422185284608,1159.6768085901313,2026-08-20T00:09:10-04:00
12117500,2008-01-06,450,A,12.7425809664,1100.9589954969601,2026-08-20T00:09:10-04:00
12117500,2008-01-07,442,A,12.516046193664,1081.3863911325695,2026-08-20T00:09:10-04:00
12117500,2008-01-08,440,A,12.459412500480001,1076.4932400414721,2026-08-20T00:09:10-04:00
12117500,2008-01-09,439,A,12.431095653888001,1074.0466644959233,2026-08-20T00:09:10-04:00
12117500,2008-01-10,509,A,14.413274915328,1245.3069526843392,2026-08-20T00:09:10-04:00
12117500,2008-01-11,654,A,18.519217671168001,1600.0604067889153,2026-08-20T00:09:10-04:00
12117500,2008-01-12,618,A,17.499811193856001,1511.9836871491584,2026-08-20T00:09:10-04:00
12117500,2008-01-13,598,A,16.933474262016002,1463.0521762381825,2026-08-20T00:09:10-04:00
12117500,2008-01-14,588,A,16.650305796095999,1438.5864207826944,2026-08-20T00:09:10-04:00
12117500,2008-01-15,580,A,16.42377102336,1419.013816418304,2026-08-20T00:09:10-04:00
12117500,2008-01-16,539,A,15.262780313088001,1318.7042190508032,2026-08-20T00:09:10-04:00
12117500,2008-01-17,516,A,14.611492841472,1262.4329815031808,2026-08-20T00:09:10-04:00
12117500,2008-01-18,499,A,14.130106449408,1220.8411972288513,2026-08-20T00:09:10-04:00
12117500,2008-01-19,498,A,14.101789602816,1218.3946216833024,2026-08-20T00:09:10-04:00
12117500,2008-01-20,490,A,13.875254830080001,1198.822017318912,2026-08-20T00:09:10-04:00
12117500,2008-01-21,470,A,13.308917898240001,1149.8905064079361,2026-08-20T00:09:10-04:00
12117500,2008-01-22,460,A,13.02574943232,1125.424750952448,2026-08-20T00:09:10-04:00
12117500,2008-01-23,453,A,12.827531506176001,1108.2987221336064,2026-08-20T00:09:10-04:00
12117500,2008-01-24,450,A,12.7425809664,1100.9589954969601,2026-08-20T00:09:10-04:00
12117500,2008-01-25,442,A,12.516046193664,1081.3863911325695,2026-08-20T00:09:10-04:00
12117500,2008-01-26,445,A,12.600996733440001,1088.726117769216,2026-08-20T00:09:10-04:00
12117500,2008-01-27,444,A,12.572679886848,1086.2795422236672,2026-08-20T00:09:10-04:00
12117500,2008-01-28,438,A,12.402778807296,1071.6000889503744,2026-08-20T00:09:10-04:00
12117500,2008-01-29,439,A,12.431095653888001,1074.0466644959233,2026-08-20T00:09:10-04:00
12117500,2008-01-30,436,A,12.346145114112,1066.7069378592769,2026-08-20T00:09:10-04:00
12117500,2008-01-31,447,A,12.657630426624001,1093.6192688603137,2026-08-20T00:09:10-04:00
12117500,2008-02-01,449,A,12.714264119808,1098.5124199514112,2026-08-20T00:09:10-04:00
12117500,2008-02-02,482,A,13.648720057344001,1179.2494129545216,2026-08-20T00:09:10-04:00
12117500,2008-02-03,475,A,13.4505021312,1162.12338413568,2026-08-20T00:09:10-04:00
12117500,2008-02-04,471,A,13.337234744832001,1152.3370819534848,2026-08-20T00:09:10-04:00
12117500,2008-02-05,499,A,14.130106449408,1220.8411972288513,2026-08-20T00:09:10-04:00
12117500,2008-02-06,536,A,15.177829773312,1311.3644924141568,2026-08-20T00:09:10-04:00
12117500,2008-02-07,559,A,15.829117244928,1367.6357299617791,2026-08-20T00:09:10-04:00
12117500,2008-02-08,603,A,17.075058494976002,1475.2850539659264,2026-08-20T00:09:10-04:00
12117500,2008-02-09,870,A,24.635656535039999,2128.5207246274563,2026-08-20T00:09:10-04:00
12117500,2008-02-10,811,A,22.964962586112001,1984.1727674400768,2026-08-20T00:09:10-04:00
12117500,2008-02-11,800,A,22.6534772736,1957.2604364390399,2026-08-20T00:09:10-04:00
12117500,2008-02-12,900,A,25.485161932800001,2201.9179909939203,2026-08-20T00:09:10-04:00
12117500,2008-02-13,990,A,28.033678126080002,2422.1097900933119,2026-08-20T00:09:10-04:00
12117500,2008-02-14,991,A,28.061994972672,2424.5563656388608,2026-08-20T00:09:10-04:00
12117500,2008-02-15,1100,A,31.148531251200001,2691.23310010368,2026-08-20T00:09:10-04:00
12117500,2008-02-16,1090,A,30.865362785280002,2666.7673446481922,2026-08-20T00:09:10-04:00
12117500,2008-02-17,1060,A,30.015857387520001,2593.3700782817282,2026-08-20T00:09:10-04:00
12117500,2008-02-18,1050,A,29.732688921600001,2568.9043228262399,2026-08-20T00:09:10-04:00
12117500,2008-02-19,1040,A,29.449520455680002,2544.438567370752,2026-08-20T00:09:10-04:00
12117500,2008-02-20,1020,A,28.88318352384,2495.5070564597759,2026-08-20T00:09:10-04:00
12117500,2008-02-21,825,A,23.361398438400002,2018.42482507776,2026-08-20T00:09:10-04:00
12117500,2008-02-22,764,A,21.634070796288,1869.1837167992833,2026-08-20T00:09:10-04:00
12117500,2008-02-23,756,A,21.407536023552002,1849.6111124348929,2026-08-20T00:09:10-04:00
12117500,2008-02-24,746,A,21.124367557632002,1825.1453569794048,2026-08-20T00:09:10-04:00
12117500,2008-02-25,743,A,21.039417017856,1817.8056303427584,2026-08-20T00:09:10-04:00
12117500,2008-02-26,740,A,20.954466478080001,1810.4659037061122,2026-08-20T00:09:10-04:00
12117500,2008-02-27,739,A,20.926149631488002,1808.0193281605632,2026-08-20T00:09:10-04:00
12117500,2008-02-28,781,A,22.115457188352,1910.7755010736128,2026-08-20T00:09:10-04:00
12117500,2008-02-29,792,A,22.426942500864001,1937.6878320746496,2026-08-20T00:09:10-04:00
12117500,2008-03-01,865,A,24.494072302079999,2116.2878468997119,2026-08-20T00:09:10-04:00
12117500,2008-03-02,845,A,23.927735370240001,2067.3563359887362,2026-08-20T00:09:10-04:00
12117500,2008-03-03,810,A,22.936645739519999,1981.726191894528,2026-08-20T00:09:10-04:00
12117500,2008-03-04,1030,A,29.166351989760003,2519.9728119152642,2026-08-20T00:09:10-04:00
12117500,2008-03-05,1060,A,30.015857387520001,2593.3700782817282,2026-08-20T00:09:10-04:00
12117500,2008-03-06,1080,A,30.582194319359999,2642.3015891927039,2026-08-20T00:09:10-04:00
12117500,2008-03-07,1070,A,30.29902585344,2617.835833737216,2026-08-20T00:09:10-04:00
12117500,2008-03-08,1070,A,30.29902585344,2617.835833737216,2026-08-20T00:09:10-04:00
12117500,2008-03-09,992,A,28.090311819264002,2427.0029411844098,2026-08-20T00:09:10-04:00
12117500,2008-03-10,830,A,23.502982671360002,2030.657702805504,2026-08-20T00:09:10-04:00
12117500,2008-03-11,861,A,24.380804915712002,2106.5015447175169,2026-08-20T00:09:10-04:00
12117500,2008-03-12,684,A,19.368723068928002,1673.4576731553793,2026-08-20T00:09:10-04:00
12117500,2008-03-13,686,A,19.425356762111999,1678.3508242464768,2026-08-20T00:09:10-04:00
12117500,2008-03-14,942,A,26.674469489664002,2304.6741639069696,2026-08-20T00:09:10-04:00
12117500,2008-03-15,980,A,27.750509660160002,2397.644034637824,2026-08-20T00:09:10-04:00
12117500,2008-03-16,965,A,27.32575696128,2360.9454014545922,2026-08-20T00:09:10-04:00
12117500,2008-03-17,1000,A,28.316846592000001,2446.5755455488002,2026-08-20T00:09:10-04:00
12117500,2008-03-18,1060,A,30.015857387520001,2593.3700782817282,2026-08-20T00:09:10-04:00
12117500,2008-03-19,1020,A,28.88318352384,2495.5070564597759,2026-08-20T00:09:10-04:00
12117500,2008-03-20,867,A,24.550705995264,2121.1809979908098,2026-08-20T00:09:10-04:00
12117500,2008-03-21,755,A,21.37921917696,1847.1645368893442,2026-08-20T00:09:10-04:00
12117500,2008-03-22,649,A,18.377633438208001,1587.8275290611712,2026-08-20T00:09:10-04:00
12117500,2008-03-23,653,A,18.490900824576002,1597.6138312433663,2026-08-20T00:09:10-04:00
12117500,2008-03-24,653,A,18.490900824576002,1597.6138312433663,2026-08-20T00:09:10-04:00
12117500,2008-03-25,596,A,16.876840568832002,1458.1590251470848,2026-08-20T00:09:10-04:00
12117500,2008-03-26,595,A,16.84852372224,1455.712449601536,2026-08-20T00:09:10-04:00
12117500,2008-03-27,531,A,15.036245540352001,1299.1316146864128,2026-08-20T00:09:10-04:00
12117500,2008-03-28,509,A,14.413274915328,1245.3069526843392,2026-08-20T00:09:10-04:00
12117500,2008-03-29,505,A,14.30000752896,1235.520650502144,2026-08-20T00:09:10-04:00
12117500,2008-03-30,497,A,14.073472756224,1215.9480461377536,2026-08-20T00:09:10-04:00
12117500,2008-03-31,491,A,13.903571676672,1201.2685928644607,2026-08-20T00:09:10-04:00
12117500,2008-04-01,488,A,13.818621136896001,1193.9288662278145,2026-08-20T00:09:10-04:00
12117500,2008-04-02,480,A,13.59208636416,1174.3562618634242,2026-08-20T00:09:10-04:00
12117500,2008-04-03,476,A,13.478818977792001,1164.5699596812287,2026-08-20T00:09:10-04:00
12117500,2008-04-04,493,A,13.960205369856,1206.1617439555584,2026-08-20T00:09:10-04:00
12117500,2008-04-05,508,A,14.384958068736001,1242.8603771387905,2026-08-20T00:09:10-04:00
12117500,2008-04-06,518,A,14.668126534656,1267.3261325942785,2026-08-20T00:09:10-04:00
12117500,2008-04-07,552,A,15.630899318784001,1350.5097011429377,2026-08-20T00:09:10-04:00
12117500,2008-04-08,561,A,15.885750938112,1372.5288810528768,2026-08-20T00:09:10-04:00
12117500,2008-04-09,538,A,15.234463466496001,1316.2576435052545,2026-08-20T00:09:10-04:00
12117500,2008-04-10,530,A,15.00792869376,1296.6850391408641,2026-08-20T00:09:10-04:00
12117500,2008-04-11,532,A,15.064562386944001,1301.5781902319616,2026-08-20T00:09:10-04:00
12117500,2008-04-12,535,A,15.14951292672,1308.917916868608,2026-08-20T00:09:10-04:00
12117500,2008-04-13,569,A,16.112285710847999,1392.1014854172672,2026-08-20T00:09:10-04:00
12117500,2008-04-14,569,A,16.112285710847999,1392.1014854172672,2026-08-20T00:09:10-04:00
12117500,2008-04-15,566,A,16.027335171072,1384.7617587806208,2026-08-20T00:09:10-04:00
12117500,2008-04-16,549,A,15.545948779008,1343.1699745062913,2026-08-20T00:09:10-04:00
12117500,2008-04-17,524,A,14.838027614208,1282.0055858675712,2026-08-20T00:09:10-04:00
12117500,2008-04-18,520,A,14.724760227840001,1272.219283685376,2026-08-20T00:09:10-04:00
12117500,2008-04-19,511,A,14.469908608512,1250.2001037754369,2026-08-20T00:09:10-04:00
12117500,2008-04-20,493,A,13.960205369856,1206.1617439555584,2026-08-20T00:09:10-04:00
12117500,2008-04-21,484,A,13.705353750528001,1184.1425640456193,2026-08-20T00:09:10-04:00
12117500,2008-04-22,473,A,13.393868438016,1157.2302330445825,2026-08-20T00:09:10-04:00
12117500,2008-04-23,468,A,13.252284205056,1144.9973553168384,2026-08-20T00:09:10-04:00
12117500,2008-04-24,462,A,13.082383125504,1130.3179020435457,2026-08-20T00:09:10-04:00
12117500,2008-04-25,454,A,12.855848352768,1110.7452976791553,2026-08-20T00:09:10-04:00
12117500,2008-04-26,446,A,12.629313580032001,1091.1726933147647,2026-08-20T00:09:10-04:00
12117500,2008-04-27,448,A,12.685947273216,1096.0658444058624,2026-08-20T00:09:10-04:00
12117500,2008-04-28,489,A,13.846937983488001,1196.3754417733633,2026-08-20T00:09:10-04:00
12117500,2008-04-29,533,A,15.092879233536001,1304.0247657775105,2026-08-20T00:09:10-04:00
12117500,2008-04-30,522,A,14.781393921024,1277.1124347764737,2026-08-20T00:09:10-04:00
12117500,2008-05-01,512,A,14.498225455104,1252.6466793209856,2026-08-20T00:09:10-04:00
12117500,2008-05-02,494,A,13.988522216448001,1208.6083195011072,2026-08-20T00:09:10-04:00
12117500,2008-05-03,478,A,13.535452670976001,1169.4631107723264,2026-08-20T00:09:10-04:00
12117500,2008-05-04,473,A,13.393868438016,1157.2302330445825,2026-08-20T00:09:10-04:00
12117500,2008-05-05,492,A,13.931888523264,1203.7151684100097,2026-08-20T00:09:10-04:00
12117500,2008-05-06,514,A,14.554859148288001,1257.5398304120833,2026-08-20T00:09:10-04:00
12117500,2008-05-07,520,A,14.724760227840001,1272.219283685376,2026-08-20T00:09:10-04:00
12117500,2008-05-08,514,A,14.554859148288001,1257.5398304120833,2026-08-20T00:09:10-04:00
12117500,2008-05-09,500,A,14.158423296,1223.2877727744001,2026-08-20T00:09:10-04:00
12117500,2008-05-10,494,A,13.988522216448001,1208.6083195011072,2026-08-20T00:09:10-04:00
12117500,2008-05-11,518,A,14.668126534656,1267.3261325942785,2026-08-20T00:09:10-04:00
12117500,2008-05-12,514,A,14.554859148288001,1257.5398304120833,2026-08-20T00:09:10-04:00
12117500,2008-05-13,519,A,14.696443381248001,1269.7727081398273,2026-08-20T00:09:10-04:00
12117500,2008-05-14,621,A,17.584761733632,1519.3234137858049,2026-08-20T00:09:10-04:00
12117500,2008-05-15,729,A,20.642981165567999,1783.5535727050753,2026-08-20T00:09:10-04:00
12117500,2008-05-16,1120,A,31.71486818304,2740.1646110146562,2026-08-20T00:09:10-04:00
12117500,2008-05-17,1450,A,41.059427558400003,3547.5345410457603,2026-08-20T00:09:10-04:00
12117500,2008-05-18,1810,A,51.25349233152,4428.3017374433284,2026-08-20T00:09:10-04:00
12117500,2008-05-19,1810,A,51.25349233152,4428.3017374433284,2026-08-20T00:09:10-04:00
12117500,2008-05-20,2010,A,56.916861649920001,4917.6168465530882,2026-08-20T00:09:10-04:00
12117500,2008-05-21,2250,A,63.712904832,5504.7949774848003,2026-08-20T00:09:10-04:00
12117500,2008-05-22,2620,A,74.190138071039996,6410.0279293378562,2026-08-20T00:09:10-04:00
12117500,2008-05-23,2550,A,72.207958809600001,6238.7676411494404,2026-08-20T00:09:10-04:00
12117500,2008-05-24,2500,A,70.792116480000004,6116.4388638720002,2026-08-20T00:09:10-04:00
12117500,2008-05-25,2490,A,70.508948014080005,6091.9731084165123,2026-08-20T00:09:10-04:00
12117500,2008-05-26,2490,A,70.508948014080005,6091.9731084165123,2026-08-20T00:09:10-04:00
12117500,2008-05-27,2380,A,67.394094888959998,5822.8497984061441,2026-08-20T00:09:10-04:00
12117500,2008-05-28,1990,A,56.350524718080003,4868.6853356421125,2026-08-20T00:09:10-04:00
12117500,2008-05-29,1900,A,53.802008524800002,4648.49353654272,2026-08-20T00:09:10-04:00
12117500,2008-05-30,1880,A,53.235671592960003,4599.5620256317443,2026-08-20T00:09:10-04:00
12117500,2008-05-31,1850,A,52.386166195200005,4526.1647592652798,2026-08-20T00:09:10-04:00
12117500,2008-06-01,1840,A,52.102997729279998,4501.699003809792,2026-08-20T00:09:10-04:00
12117500,2008-06-02,1730,A,48.988144604159999,4232.5756937994238,2026-08-20T00:09:10-04:00
12117500,2008-06-03,1430,A,40.493090626560004,3498.6030301347841,2026-08-20T00:09:10-04:00
12117500,2008-06-04,1250,A,35.396058240000002,3058.2194319360001,2026-08-20T00:09:10-04:00
12117500,2008-06-05,1230,A,34.829721308160003,3009.2879210250239,2026-08-20T00:09:10-04:00
12117500,2008-06-06,1290,A,36.528732103679999,3156.082453757952,2026-08-20T00:09:10-04:00
12117500,2008-06-07,1340,A,37.944574433280003,3278.4112310353921,2026-08-20T00:09:10-04:00
12117500,2008-06-08,1400,A,39.643585228799999,3425.2057637683201,2026-08-20T00:09:10-04:00
12117500,2008-06-09,1440,A,40.776259092480004,3523.068785590272,2026-08-20T00:09:10-04:00
12117500,2008-06-10,1550,A,43.891112217600003,3792.1920956006402,2026-08-20T00:09:10-04:00
12117500,2008-06-11,1720,A,48.704976138239999,4208.1099383439359,2026-08-20T00:09:10-04:00
12117500,2008-06-12,1650,A,46.722796876800004,4036.8496501555201,2026-08-20T00:09:10-04:00
12117500,2008-06-13,1600,A,45.3069545472,3914.5208728780799,2026-08-20T00:09:10-04:00
12117500,2008-06-14,1540,A,43.607943751680004,3767.7263401451523,2026-08-20T00:09:10-04:00
12117500,2008-06-15,1450,A,41.059427558400003,3547.5345410457603,2026-08-20T00:09:10-04:00
12117500,2008-06-16,1460,A,41.342596024320002,3572.0002965012482,2026-08-20T00:09:10-04:00
12117500,2008-06-17,1400,A,39.643585228799999,3425.2057637683201,2026-08-20T00:09:10-04:00
12117500,2008-06-18,1200,A,33.980215910399998,2935.8906546585599,2026-08-20T00:09:10-04:00
12117500,2008-06-19,1050,A,29.732688921600001,2568.9043228262399,2026-08-20T00:09:10-04:00
12117500,2008-06-20,1060,A,30.015857387520001,2593.3700782817282,2026-08-20T00:09:10-04:00
12117500,2008-06-21,980,A,27.750509660160002,2397.644034637824,2026-08-20T00:09:10-04:00
12117500,2008-06-22,972,A,27.523974887424,2378.0714302734336,2026-08-20T00:09:10-04:00
12117500,2008-06-23,956,A,27.070905341952002,2338.9262215446529,2026-08-20T00:09:10-04:00
12117500,2008-06-24,943,A,26.702786336256001,2307.1207394525186,2026-08-20T00:09:10-04:00
12117500,2008-06-25,935,A,26.476251563520002,2287.5481350881282,2026-08-20T00:09:10-04:00
12117500,2008-06-26,930,A,26.334667330560002,2275.3152573603843,2026-08-20T00:09:10-04:00
12117500,2008-06-27,922,A,26.108132557824,2255.7426529959935,2026-08-20T00:09:10-04:00
12117500,2008-06-28,924,A,26.164766251008,2260.6358040870914,2026-08-20T00:09:10-04:00
12117500,2008-06-29,924,A,26.164766251008,2260.6358040870914,2026-08-20T00:09:10-04:00
12117500,2008-06-30,975,A,27.608925427199999,2385.4111569100801,2026-08-20T00:09:10-04:00
12117500,2008-07-01,1040,A,29.449520455680002,2544.438567370752,2026-08-20T00:09:10-04:00
12117500,2008-07-02,1060,A,30.015857387520001,2593.3700782817282,2026-08-20T00:09:10-04:00
12117500,2008-07-03,1120,A,31.71486818304,2740.1646110146562,2026-08-20T00:09:10-04:00
12117500,2008-07-04,1090,A,30.865362785280002,2666.7673446481922,2026-08-20T00:09:10-04:00
12117500,2008-07-05,1080,A,30.582194319359999,2642.3015891927039,2026-08-20T00:09:10-04:00
12117500,2008-07-06,1100,A,31.148531251200001,2691.23310010368,2026-08-20T00:09:10-04:00
12117500,2008-07-07,1070,A,30.29902585344,2617.835833737216,2026-08-20T00:09:10-04:00
12117500,2008-07-08,897,A,25.400211393024001,2194.5782643572738,2026-08-20T00:09:10-04:00
12117500,2008-07-09,759,A,21.492486563328001,1856.9508390715393,2026-08-20T00:09:10-04:00
12117500,2008-07-10,671,A,19.000604063232,1641.6521910632448,2026-08-20T00:09:10-04:00
12117500,2008-07-11,573,A,16.225553097216,1401.8877875994624,2026-08-20T00:09:10-04:00
12117500,2008-07-12,490,A,13.875254830080001,1198.822017318912,2026-08-20T00:09:10-04:00
12117500,2008-07-13,474,A,13.422185284608,1159.6768085901313,2026-08-20T00:09:10-04:00
12117500,2008-07-14,433,A,12.261194574336001,1059.3672112226304,2026-08-20T00:09:10-04:00
12117500,2008-07-15,426,A,12.062976648192,1042.2411824037888,2026-08-20T00:09:10-04:00
12117500,2008-07-16,421,A,11.921392415232001,1030.0083046760449,2026-08-20T00:09:10-04:00
12117500,2008-07-17,416,A,11.779808182272001,1017.7754269483008,2026-08-20T00:09:10-04:00
12117500,2008-07-18,415,A,11.751491335680001,1015.328851402752,2026-08-20T00:09:10-04:00
12117500,2008-07-19,409,A,11.581590256128001,1000.6493981294592,2026-08-20T00:09:10-04:00
12117500,2008-07-20,404,A,11.440006023168001,988.41652040171527,2026-08-20T00:09:10-04:00
12117500,2008-07-21,402,A,11.383372329984001,983.52336931061768,2026-08-20T00:09:10-04:00
12117500,2008-07-22,397,A,11.241788097024001,971.29049158287364,2026-08-20T00:09:10-04:00
12117500,2008-07-23,394,A,11.156837557248,963.9507649462272,2026-08-20T00:09:10-04:00
12117500,2008-07-24,393,A,11.128520710656,961.50418940067846,2026-08-20T00:09:10-04:00
12117500,2008-07-25,389,A,11.015253324288,951.71788721848327,2026-08-20T00:09:10-04:00
12117500,2008-07-26,388,A,10.986936477696,949.27131167293442,2026-08-20T00:09:10-04:00
12117500,2008-07-27,388,A,10.986936477696,949.27131167293442,2026-08-20T00:09:10-04:00
12117500,2008-07-28,386,A,10.930302784512,944.37816058183682,2026-08-20T00:09:10-04:00
12117500,2008-07-29,385,A,10.901985937920001,941.93158503628808,2026-08-20T00:09:10-04:00
12117500,2008-07-30,393,A,11.128520710656,961.50418940067846,2026-08-20T00:09:10-04:00
12117500,2008-07-31,383,A,10.845352244736,937.03843394519038,2026-08-20T00:09:10-04:00
12117500,2008-08-01,403,A,11.411689176576001,985.96994485616642,2026-08-20T00:09:10-04:00
12117500,2008-08-02,384,A,10.873669091328001,939.48500949073923,2026-08-20T00:09:10-04:00
12117500,2008-08-03,379,A,10.732084858368001,927.25213176299519,2026-08-20T00:09:10-04:00
12117500,2008-08-04,373,A,10.562183778816001,912.57267848970241,2026-08-20T00:09:10-04:00
12117500,2008-08-05,372,A,10.533866932224001,910.12610294415367,2026-08-20T00:09:10-04:00
12117500,2008-08-06,369,A,10.448916392448,902.78637630750723,2026-08-20T00:09:10-04:00
12117500,2008-08-07,366,A,10.363965852672001,895.44664967086078,2026-08-20T00:09:10-04:00
12117500,2008-08-08,365,A,10.335649006080001,893.00007412531204,2026-08-20T00:09:10-04:00
12117500,2008-08-09,367,A,10.392282699264001,897.89322521640963,2026-08-20T00:09:10-04:00
12117500,2008-08-10,372,A,10.533866932224001,910.12610294415367,2026-08-20T00:09:10-04:00
12117500,2008-08-11,364,A,10.307332159488,890.55349857976319,2026-08-20T00:09:10-04:00
12117500,2008-08-12,361,A,10.222381619711999,883.21377194311685,2026-08-20T00:09:10-04:00
12117500,2008-08-13,357,A,10.109114233344,873.42746976092167,2026-08-20T00:09:10-04:00
12117500,2008-08-14,357,A,10.109114233344,873.42746976092167,2026-08-20T00:09:10-04:00
12117500,2008-08-15,360,A,10.194064773120001,880.767196397568,2026-08-20T00:09:10-04:00
12117500,2008-08-16,358,A,10.137431079936,875.87404530647041,2026-08-20T00:09:10-04:00
12117500,2008-08-17,356,A,10.080797386752,870.98089421537281,2026-08-20T00:09:10-04:00
12117500,2008-08-18,356,A,10.080797386752,870.98089421537281,2026-08-20T00:09:10-04:00
12117500,2008-08-19,355,A,10.052480540159999,868.53431866982407,2026-08-20T00:09:10-04:00
12117500,2008-08-20,403,A,11.411689176576001,985.96994485616642,2026-08-20T00:09:10-04:00
12117500,2008-08-21,417,A,11.808125028864,1020.2220024938497,2026-08-20T00:09:10-04:00
12117500,2008-08-22,376,A,10.647134318592,919.91240512634886,2026-08-20T00:09:10-04:00
12117500,2008-08-23,360,A,10.194064773120001,880.767196397568,2026-08-20T00:09:10-04:00
12117500,2008-08-24,355,A,10.052480540159999,868.53431866982407,2026-08-20T00:09:10-04:00
12117500,2008-08-25,377,A,10.675451165184001,922.3589806718976,2026-08-20T00:09:10-04:00
12117500,2008-08-26,405,A,11.46832286976,990.86309594726401,2026-08-20T00:09:10-04:00
12117500,2008-08-27,437,A,12.374461960704,1069.1535134048256,2026-08-20T00:09:10-04:00
12117500,2008-08-28,397,A,11.241788097024001,971.29049158287364,2026-08-20T00:09:10-04:00
12117500,2008-08-29,383,A,10.845352244736,937.03843394519038,2026-08-20T00:09:10-04:00
12117500,2008-08-30,371,A,10.505550085632001,907.67952739860482,2026-08-20T00:09:10-04:00
12117500,2008-08-31,368,A,10.420599545856,900.33980076195849,2026-08-20T00:09:10-04:00
12117500,2008-09-01,364,A,10.307332159488,890.55349857976319,2026-08-20T00:09:10-04:00
12117500,2008-09-02,355,A,10.052480540159999,868.53431866982407,2026-08-20T00:09:10-04:00
12117500,2008-09-03,354,A,10.024163693568001,866.08774312427522,2026-08-20T00:09:10-04:00
12117500,2008-09-04,350,A,9.9108963071999998,856.30144094208003,2026-08-20T00:09:10-04:00
12117500,2008-09-05,372,A,10.533866932224001,910.12610294415367,2026-08-20T00:09:10-04:00
12117500,2008-09-06,355,A,10.052480540159999,868.53431866982407,2026-08-20T00:09:10-04:00
12117500,2008-09-07,346,A,9.7976289208320004,846.51513875988485,2026-08-20T00:09:10-04:00
12117500,2008-09-08,345,A,9.7693120742400001,844.068563214336,2026-08-20T00:09:10-04:00
12117500,2008-09-09,341,A,9.6560446878720008,834.28226103214081,2026-08-20T00:09:10-04:00
12117500,2008-09-10,341,A,9.6560446878720008,834.28226103214081,2026-08-20T00:09:10-04:00
12117500,2008-09-11,340,A,9.6277278412800005,831.83568548659207,2026-08-20T00:09:10-04:00
12117500,2008-09-12,337,A,9.5427773015039996,824.49595884994562,2026-08-20T00:09:10-04:00
12117500,2008-09-13,335,A,9.4861436083200008,819.60280775884803,2026-08-20T00:09:10-04:00
12117500,2008-09-14,333,A,9.4295099151360002,814.70965666775044,2026-08-20T00:09:10-04:00
12117500,2008-09-15,343,A,9.7126783810559996,839.1754121232384,2026-08-20T00:09:10-04:00
12117500,2008-09-16,341,A,9.6560446878720008,834.28226103214081,2026-08-20T00:09:10-04:00
12117500,2008-09-17,337,A,9.5427773015039996,824.49595884994562,2026-08-20T00:09:10-04:00
12117500,2008-09-18,329,A,9.3162425287680009,804.92335448555525,2026-08-20T00:09:10-04:00
12117500,2008-09-19,328,A,9.2879256821760006,802.4767789400064,2026-08-20T00:09:10-04:00
12117500,2008-09-20,342,A,9.6843615344640011,836.72883657768966,2026-08-20T00:09:10-04:00
12117500,2008-09-21,365,A,10.335649006080001,893.00007412531204,2026-08-20T00:09:10-04:00
12117500,2008-09-22,350,A,9.9108963071999998,856.30144094208003,2026-08-20T00:09:10-04:00
12117500,2008-09-23,345,A,9.7693120742400001,844.068563214336,2026-08-20T00:09:10-04:00
12117500,2008-09-24,340,A,9.6277278412800005,831.83568548659207,2026-08-20T00:09:10-04:00
12117500,2008-09-25,361,A,10.222381619711999,883.21377194311685,2026-08-20T00:09:10-04:00
12117500,2008-09-26,352,A,9.9675300003840004,861.19459203317763,2026-08-20T00:09:10-04:00
12117500,2008-09-27,343,A,9.7126783810559996,839.1754121232384,2026-08-20T00:09:10-04:00
12117500,2008-09-28,339,A,9.5994109946880002,829.38910994104322,2026-08-20T00:09:10-04:00
12117500,2008-09-29,358,A,10.137431079936,875.87404530647041,2026-08-20T00:09:10-04:00
12117500,2008-09-30,359,A,10.165747926528001,878.32062085201926,2026-08-20T00:09:10-04:00
12117500,2008-10-01,356,A,10.080797386752,870.98089421537281,2026-08-20T00:09:10-04:00
12117500,2008-10-02,356,A,10.080797386752,870.98089421537281,2026-08-20T00:09:10-04:00
12117500,2008-10-03,360,A,10.194064773120001,880.767196397568,2026-08-20T00:09:10-04:00
12117500,2008-10-04,370,A,10.47723323904,905.23295185305608,2026-08-20T00:09:10-04:00
12117500,2008-10-05,370,A,10.47723323904,905.23295185305608,2026-08-20T00:09:10-04:00
12117500,2008-10-06,368,A,10.420599545856,900.33980076195849,2026-08-20T00:09:10-04:00
12117500,2008-10-07,427,A,12.091293494784001,1044.6877579493375,2026-08-20T00:09:10-04:00
12117500,2008-10-08,451,A,12.770897812992001,1103.4055710425089,2026-08-20T00:09:10-04:00
12117500,2008-10-09,450,A,12.7425809664,1100.9589954969601,2026-08-20T00:09:10-04:00
12117500,2008-10-10,451,A,12.770897812992001,1103.4055710425089,2026-08-20T00:09:10-04:00
12117500,2008-10-11,452,A,12.799214659584001,1105.8521465880576,2026-08-20T00:09:10-04:00
12117500,2008-10-12,450,A,12.7425809664,1100.9589954969601,2026-08-20T00:09:10-04:00
12117500,2008-10-13,454,A,12.855848352768,1110.7452976791553,2026-08-20T00:09:10-04:00
12117500,2008-10-14,495,A,14.016839063040001,1211.0548950466559,2026-08-20T00:09:10-04:00
12117500,2008-10-15,466,A,13.195650511872,1140.1042042257409,2026-08-20T00:09:10-04:00
12117500,2008-10-16,475,A,13.4505021312,1162.12338413568,2026-08-20T00:09:10-04:00
12117500,2008-10-17,467,A,13.223967358464,1142.5507797712896,2026-08-20T00:09:10-04:00
12117500,2008-10-18,493,A,13.960205369856,1206.1617439555584,2026-08-20T00:09:10-04:00
12117500,2008-10-19,473,A,13.393868438016,1157.2302330445825,2026-08-20T00:09:10-04:00
12117500,2008-10-20,470,A,13.308917898240001,1149.8905064079361,2026-08-20T00:09:10-04:00
12117500,2008-10-21,463,A,13.110699972096,1132.7644775890944,2026-08-20T00:09:10-04:00
12117500,2008-10-22,441,A,12.487729347072001,1078.9398155870208,2026-08-20T00:09:10-04:00
12117500,2008-10-23,439,A,12.431095653888001,1074.0466644959233,2026-08-20T00:09:10-04:00
12117500,2008-10-24,437,A,12.374461960704,1069.1535134048256,2026-08-20T00:09:10-04:00
12117500,2008-10-25,436,A,12.346145114112,1066.7069378592769,2026-08-20T00:09:10-04:00
12117500,2008-10-26,430,A,12.17624403456,1052.027484585984,2026-08-20T00:09:10-04:00
12117500,2008-10-27,428,A,12.119610341376001,1047.1343334948865,2026-08-20T00:09:10-04:00
12117500,2008-10-28,427,A,12.091293494784001,1044.6877579493375,2026-08-20T00:09:10-04:00
12117500,2008-10-29,427,A,12.091293494784001,1044.6877579493375,2026-08-20T00:09:10-04:00
12117500,2008-10-30,427,A,12.091293494784001,1044.6877579493375,2026-08-20T00:09:10-04:00
12117500,2008-10-31,432,A,12.232877727744,1056.9206356770817,2026-08-20T00:09:10-04:00
12117500,2008-11-01,430,A,12.17624403456,1052.027484585984,2026-08-20T00:09:10-04:00
12117500,2008-11-02,459,A,12.997432585728001,1122.9781754068993,2026-08-20T00:09:10-04:00
12117500,2008-11-03,479,A,13.563769517568,1171.9096863178752,2026-08-20T00:09:10-04:00
12117500,2008-11-04,499,A,14.130106449408,1220.8411972288513,2026-08-20T00:09:10-04:00
12117500,2008-11-05,472,A,13.365551591424,1154.7836574990336,2026-08-20T00:09:10-04:00
12117500,2008-11-06,585,A,16.56535525632,1431.246694146048,2026-08-20T00:09:10-04:00
12117500,2008-11-07,1370,A,38.794079831040001,3351.8084974018561,2026-08-20T00:09:10-04:00
12117500,2008-11-08,1150,A,32.564373580800002,2813.5618773811202,2026-08-20T00:09:10-04:00
12117500,2008-11-09,1330,A,37.661405967360004,3253.9454755799043,2026-08-20T00:09:10-04:00
12117500,2008-11-10,1300,A,36.811900569599999,3180.5482092134403,2026-08-20T00:09:10-04:00
12117500,2008-11-11,1100,A,31.148531251200001,2691.23310010368,2026-08-20T00:09:10-04:00
12117500,2008-11-12,1570,A,44.457449149440002,3841.1236065116163,2026-08-20T00:09:10-04:00
12117500,2008-11-13,2050,A,58.049535513599999,5015.4798683750405,2026-08-20T00:09:10-04:00
12117500,2008-11-14,2020,A,57.200030115840001,4942.082602008576,2026-08-20T00:09:10-04:00
12117500,2008-11-15,1950,A,55.217850854399998,4770.8223138201602,2026-08-20T00:09:10-04:00
12117500,2008-11-16,1860,A,52.669334661120004,4550.6305147207686,2026-08-20T00:09:10-04:00
12117500,2008-11-17,1810,A,51.25349233152,4428.3017374433284,2026-08-20T00:09:10-04:00
12117500,2008-11-18,1650,A,46.722796876800004,4036.8496501555201,2026-08-20T00:09:10-04:00
12117500,2008-11-19,1600,A,45.3069545472,3914.5208728780799,2026-08-20T00:09:10-04:00
12117500,2008-11-20,1460,A,41.342596024320002,3572.0002965012482,2026-08-20T00:09:10-04:00
12117500,2008-11-21,1240,A,35.112889774080003,3033.7536764805122,2026-08-20T00:09:10-04:00
12117500,2008-11-22,1030,A,29.166351989760003,2519.9728119152642,2026-08-20T00:09:10-04:00
12117500,2008-11-23,729,A,20.642981165567999,1783.5535727050753,2026-08-20T00:09:10-04:00
12117500,2008-11-24,648,A,18.349316591615999,1585.3809535156224,2026-08-20T00:09:10-04:00
12117500,2008-11-25,531,A,15.036245540352001,1299.1316146864128,2026-08-20T00:09:10-04:00
12117500,2008-11-26,524,A,14.838027614208,1282.0055858675712,2026-08-20T00:09:10-04:00
12117500,2008-11-27,511,A,14.469908608512,1250.2001037754369,2026-08-20T00:09:10-04:00
12117500,2008-11-28,510,A,14.44159176192,1247.7535282298879,2026-08-20T00:09:10-04:00
12117500,2008-11-29,577,A,16.338820483584001,1411.6740897816576,2026-08-20T00:09:10-04:00
12117500,2008-11-30,774,A,21.917239262208,1893.6494722547714,2026-08-20T00:09:10-04:00
12117500,2008-12-01,1030,A,29.166351989760003,2519.9728119152642,2026-08-20T00:09:10-04:00
12117500,2008-12-02,1080,A,30.582194319359999,2642.3015891927039,2026-08-20T00:09:10-04:00
12117500,2008-12-03,1090,A,30.865362785280002,2666.7673446481922,2026-08-20T00:09:10-04:00
12117500,2008-12-04,1050,A,29.732688921600001,2568.9043228262399,2026-08-20T00:09:10-04:00
12117500,2008-12-05,812,A,22.993279432704,1986.6193429856257,2026-08-20T00:09:10-04:00
12117500,2008-12-06,591,A,16.735256335872002,1445.9261474193409,2026-08-20T00:09:10-04:00
12117500,2008-12-07,590,A,16.70693948928,1443.4795718737921,2026-08-20T00:09:10-04:00
12117500,2008-12-08,584,A,16.537038409728002,1428.8001186004992,2026-08-20T00:09:10-04:00
12117500,2008-12-09,526,A,14.894661307392001,1286.8987369586689,2026-08-20T00:09:10-04:00
12117500,2008-12-10,498,A,14.101789602816,1218.3946216833024,2026-08-20T00:09:10-04:00
12117500,2008-12-11,490,A,13.875254830080001,1198.822017318912,2026-08-20T00:09:10-04:00
12117500,2008-12-12,498,A,14.101789602816,1218.3946216833024,2026-08-20T00:09:10-04:00
12117500,2008-12-13,520,A,14.724760227840001,1272.219283685376,2026-08-20T00:09:10-04:00
12117500,2008-12-14,525,A,14.866344460800001,1284.4521614131199,2026-08-20T00:09:10-04:00
12117500,2008-12-15,512,A,14.498225455104,1252.6466793209856,2026-08-20T00:09:10-04:00
12117500,2008-12-16,504,A,14.271690682368,1233.0740749565953,2026-08-20T00:09:10-04:00
12117500,2008-12-17,503,A,14.243373835776,1230.6274994110465,2026-08-20T00:09:10-04:00
12117500,2008-12-18,499,A,14.130106449408,1220.8411972288513,2026-08-20T00:09:10-04:00
12117500,2008-12-19,489,A,13.846937983488001,1196.3754417733633,2026-08-20T00:09:10-04:00
12117500,2008-12-20,482,A,13.648720057344001,1179.2494129545216,2026-08-20T00:09:10-04:00
12117500,2008-12-21,481,A,13.620403210752,1176.8028374089729,2026-08-20T00:09:10-04:00
12117500,2008-12-22,515,A:e,14.583175994880001,1259.9864059576321,2026-08-20T00:09:10-04:00
12117500,2008-12-23,685,A:e,19.397039915520001,1675.9042487009281,2026-08-20T00:09:10-04:00
12117500,2008-12-24,700,A:e,19.8217926144,1712.6028818841601,2026-08-20T00:09:10-04:00
12117500,2008-12-25,700,A:e,19.8217926144,1712.6028818841601,2026-08-20T00:09:10-04:00
12117500,2008-12-26,665,A:e,18.830702983680002,1626.9727377899521,2026-08-20T00:09:10-04:00
12117500,2008-12-27,660,A,18.689118750720002,1614.739860062208,2026-08-20T00:09:10-04:00
12117500,2008-12-28,828,A,23.446348978176001,2025.7645517144065,2026-08-20T00:09:10-04:00
12117500,2008-12-29,748,A,21.181001250815999,1830.0385080705025,2026-08-20T00:09:10-04:00
12117500,2008-12-30,734,A,20.784565398528002,1795.7864504328193,2026-08-20T00:09:10-04:00
12117500,2008-12-31,772,A,21.860605569023999,1888.7563211636736,2026-08-20T00:09:10-04:00
12117500,2009-01-01,796,A,22.540209887231999,1947.4741342568448,2026-08-20T00:09:10-04:00
12117500,2009-01-02,775,A,21.945556108800002,1896.0960478003201,2026-08-20T00:09:10-04:00
12117500,2009-01-03,1160,A,32.847542046720001,2838.0276328366081,2026-08-20T00:09:10-04:00
12117500,2009-01-04,1090,A,30.865362785280002,2666.7673446481922,2026-08-20T00:09:10-04:00
12117500,2009-01-05,871,A,24.663973381632001,2130.9673001730048,2026-08-20T00:09:10-04:00
12117500,2009-01-06,967,A,27.382390654464,2365.8385525456897,2026-08-20T00:09:10-04:00
12117500,2009-01-07,3290,A,93.162425287680009,8049.2335448555523,2026-08-20T00:09:10-04:00
12117500,2009-01-08,7330,A,207.56248551936,17933.398748872703,2026-08-20T00:09:10-04:00
12117500,2009-01-09,5730,A,162.25553097216002,14018.877875994625,2026-08-20T00:09:10-04:00
12117500,2009-01-10,4340,A,122.89511420928001,10618.137867681793,2026-08-20T00:09:10-04:00
12117500,2009-01-11,4130,A,116.94857642496001,10104.357003116544,2026-08-20T00:09:10-04:00
12117500,2009-01-12,3980,A,112.70104943616001,9737.370671284225,2026-08-20T00:09:10-04:00
12117500,2009-01-13,3640,A,103.07332159488,8905.5349857976325,2026-08-20T00:09:10-04:00
12117500,2009-01-14,3370,A,95.427773015040003,8244.959588499456,2026-08-20T00:09:10-04:00
12117500,2009-01-15,2800,A,79.287170457599998,6850.4115275366403,2026-08-20T00:09:10-04:00
12117500,2009-01-16,2250,A,63.712904832,5504.7949774848003,2026-08-20T00:09:10-04:00
12117500,2009-01-17,1940,A,54.934682388479999,4746.3565583646723,2026-08-20T00:09:10-04:00
12117500,2009-01-18,1610,A,45.590123013119999,3938.9866283335682,2026-08-20T00:09:10-04:00
12117500,2009-01-19,1400,A,39.643585228799999,3425.2057637683201,2026-08-20T00:09:10-04:00
12117500,2009-01-20,1170,A,33.13071051264,2862.4933882920959,2026-08-20T00:09:10-04:00
12117500,2009-01-21,1120,A,31.71486818304,2740.1646110146562,2026-08-20T00:09:10-04:00
12117500,2009-01-22,921,A,26.079815711232001,2253.296077450445,2026-08-20T00:09:10-04:00
12117500,2009-01-23,697,A,19.736842074624001,1705.2631552475136,2026-08-20T00:09:10-04:00
12117500,2009-01-24,638,A,18.066148125695999,1560.9151980601343,2026-08-20T00:09:10-04:00
12117500,2009-01-25,625,A,17.698029120000001,1529.109715968,2026-08-20T00:09:10-04:00
12117500,2009-01-26,604,A,17.103375341568,1477.7316295114751,2026-08-20T00:09:10-04:00
12117500,2009-01-27,601,A,17.018424801792001,1470.3919028748289,2026-08-20T00:09:10-04:00
12117500,2009-01-28,591,A,16.735256335872002,1445.9261474193409,2026-08-20T00:09:10-04:00
12117500,2009-01-29,571,A,16.168919404032,1396.9946365083649,2026-08-20T00:09:10-04:00
12117500,2009-01-30,563,A,15.942384631296001,1377.4220321439745,2026-08-20T00:09:10-04:00
12117500,2009-01-31,561,A,15.885750938112,1372.5288810528768,2026-08-20T00:09:10-04:00
12117500,2009-02-01,547,A,15.489315085824,1338.2768234151936,2026-08-20T00:09:10-04:00
12117500,2009-02-02,537,A,15.206146619904001,1313.8110679597057,2026-08-20T00:09:10-04:00
12117500,2009-02-03,526,A,14.894661307392001,1286.8987369586689,2026-08-20T00:09:10-04:00
12117500,2009-02-04,522,A,14.781393921024,1277.1124347764737,2026-08-20T00:09:10-04:00
12117500,2009-02-05,592,A,16.763573182464,1448.3727229648896,2026-08-20T00:09:10-04:00
12117500,2009-02-06,741,A,20.982783324671999,1812.9124792516609,2026-08-20T00:09:10-04:00
12117500,2009-02-07,740,A,20.954466478080001,1810.4659037061122,2026-08-20T00:09:10-04:00
12117500,2009-02-08,689,A,19.510307301888002,1685.6905508831233,2026-08-20T00:09:10-04:00
12117500,2009-02-09,604,A,17.103375341568,1477.7316295114751,2026-08-20T00:09:10-04:00
12117500,2009-02-10,515,A,14.583175994880001,1259.9864059576321,2026-08-20T00:09:10-04:00
12117500,2009-02-11,488,A,13.818621136896001,1193.9288662278145,2026-08-20T00:09:10-04:00
12117500,2009-02-12,480,A,13.59208636416,1174.3562618634242,2026-08-20T00:09:10-04:00
12117500,2009-02-13,476,A,13.478818977792001,1164.5699596812287,2026-08-20T00:09:10-04:00
12117500,2009-02-14,497,A,14.073472756224,1215.9480461377536,2026-08-20T00:09:10-04:00
12117500,2009-02-15,492,A,13.931888523264,1203.7151684100097,2026-08-20T00:09:10-04:00
12117500,2009-02-16,488,A,13.818621136896001,1193.9288662278145,2026-08-20T00:09:10-04:00
12117500,2009-02-17,483,A,13.677036903936001,1181.6959885000704,2026-08-20T00:09:10-04:00
12117500,2009-02-18,476,A,13.478818977792001,1164.5699596812287,2026-08-20T00:09:10-04:00
12117500,2009-02-19,472,A,13.365551591424,1154.7836574990336,2026-08-20T00:09:10-04:00
12117500,2009-02-20,468,A,13.252284205056,1144.9973553168384,2026-08-20T00:09:10-04:00
12117500,2009-02-21,463,A,13.110699972096,1132.7644775890944,2026-08-20T00:09:10-04:00
12117500,2009-02-22,470,A,13.308917898240001,1149.8905064079361,2026-08-20T00:09:10-04:00
12117500,2009-02-23,492,A,13.931888523264,1203.7151684100097,2026-08-20T00:09:10-04:00
12117500,2009-02-24,523,A,14.809710767616,1279.5590103220225,2026-08-20T00:09:10-04:00
12117500,2009-02-25,553,A,15.659216165376,1352.9562766884865,2026-08-20T00:09:10-04:00
12117500,2009-02-26,505,A,14.30000752896,1235.520650502144,2026-08-20T00:09:10-04:00
12117500,2009-02-27,481,A,13.620403210752,1176.8028374089729,2026-08-20T00:09:10-04:00
12117500,2009-02-28,473,A,13.393868438016,1157.2302330445825,2026-08-20T00:09:10-04:00
12117500,2009-03-01,472,A,13.365551591424,1154.7836574990336,2026-08-20T00:09:10-04:00
12117500,2009-03-02,485,A,13.73367059712,1186.5891395911681,2026-08-20T00:09:10-04:00
12117500,2009-03-03,481,A,13.620403210752,1176.8028374089729,2026-08-20T00:09:10-04:00
12117500,2009-03-04,473,A,13.393868438016,1157.2302330445825,2026-08-20T00:09:10-04:00
12117500,2009-03-05,479,A,13.563769517568,1171.9096863178752,2026-08-20T00:09:10-04:00
12117500,2009-03-06,470,A,13.308917898240001,1149.8905064079361,2026-08-20T00:09:10-04:00
12117500,2009-03-07,464,A,13.139016818688001,1135.2110531346432,2026-08-20T00:09:10-04:00
12117500,2009-03-08,461,A,13.054066278912,1127.8713264979967,2026-08-20T00:09:10-04:00
12117500,2009-03-09,464,A,13.139016818688001,1135.2110531346432,2026-08-20T00:09:10-04:00
12117500,2009-03-10,477,A,13.507135824384001,1167.0165352267777,2026-08-20T00:09:10-04:00
12117500,2009-03-11,472,A,13.365551591424,1154.7836574990336,2026-08-20T00:09:10-04:00
12117500,2009-03-12,476,A,13.478818977792001,1164.5699596812287,2026-08-20T00:09:10-04:00
12117500,2009-03-13,524,A,14.838027614208,1282.0055858675712,2026-08-20T00:09:10-04:00
12117500,2009-03-14,538,A,15.234463466496001,1316.2576435052545,2026-08-20T00:09:10-04:00
12117500,2009-03-15,579,A,16.395454176768002,1416.5672408727553,2026-08-20T00:09:10-04:00
12117500,2009-03-16,581,A,16.452087869951999,1421.4603919638528,2026-08-20T00:09:10-04:00
12117500,2009-03-17,542,A,15.347730852864,1326.0439456874496,2026-08-20T00:09:10-04:00
12117500,2009-03-18,493,A,13.960205369856,1206.1617439555584,2026-08-20T00:09:10-04:00
12117500,2009-03-19,474,A,13.422185284608,1159.6768085901313,2026-08-20T00:09:10-04:00
12117500,2009-03-20,513,A,14.526542301696001,1255.0932548665344,2026-08-20T00:09:10-04:00
12117500,2009-03-21,544,A,15.404364546048001,1330.9370967785471,2026-08-20T00:09:10-04:00
12117500,2009-03-22,510,A,14.44159176192,1247.7535282298879,2026-08-20T00:09:10-04:00
12117500,2009-03-23,485,A,13.73367059712,1186.5891395911681,2026-08-20T00:09:10-04:00
12117500,2009-03-24,499,A,14.130106449408,1220.8411972288513,2026-08-20T00:09:10-04:00
12117500,2009-03-25,565,A,15.99901832448,1382.315183235072,2026-08-20T00:09:10-04:00
12117500,2009-03-26,533,A,15.092879233536001,1304.0247657775105,2026-08-20T00:09:10-04:00
12117500,2009-03-27,518,A,14.668126534656,1267.3261325942785,2026-08-20T00:09:10-04:00
12117500,2009-03-28,522,A,14.781393921024,1277.1124347764737,2026-08-20T00:09:10-04:00
12117500,2009-03-29,517,A,14.639809688064,1264.8795570487296,2026-08-20T00:09:10-04:00
12117500,2009-03-30,500,A,14.158423296,1223.2877727744001,2026-08-20T00:09:10-04:00
12117500,2009-03-31,551,A,15.602582472192001,1348.0631255973888,2026-08-20T00:09:10-04:00
12117500,2009-04-01,555,A,15.71584985856,1357.8494277795839,2026-08-20T00:09:10-04:00
12117500,2009-04-02,732,A,20.727931705344002,1790.8932993417216,2026-08-20T00:09:10-04:00
12117500,2009-04-03,811,A,22.964962586112001,1984.1727674400768,2026-08-20T00:09:10-04:00
12117500,2009-04-04,873,A,24.720607074816002,2135.8604512641023,2026-08-20T00:09:10-04:00
12117500,2009-04-05,857,A,24.267537529344001,2096.7152425353215,2026-08-20T00:09:10-04:00
12117500,2009-04-06,857,A,24.267537529344001,2096.7152425353215,2026-08-20T00:09:10-04:00
12117500,2009-04-07,871,A,24.663973381632001,2130.9673001730048,2026-08-20T00:09:10-04:00
12117500,2009-04-08,877,A,24.833874461183999,2145.6467534462977,2026-08-20T00:09:10-04:00
12117500,2009-04-09,775,A,21.945556108800002,1896.0960478003201,2026-08-20T00:09:10-04:00
12117500,2009-04-10,673,A,19.057237756416001,1646.5453421543425,2026-08-20T00:09:10-04:00
12117500,2009-04-11,634,A,17.952880739328002,1551.1288958779392,2026-08-20T00:09:10-04:00
12117500,2009-04-12,721,A,20.416446392832,1763.980968340685,2026-08-20T00:09:10-04:00
12117500,2009-04-13,891,A,25.230310313472,2179.8988110839809,2026-08-20T00:09:10-04:00
12117500,2009-04-14,1200,A,33.980215910399998,2935.8906546585599,2026-08-20T00:09:10-04:00
12117500,2009-04-15,1290,A,36.528732103679999,3156.082453757952,2026-08-20T00:09:10-04:00
12117500,2009-04-16,1270,A,35.962395171840001,3107.1509428469762,2026-08-20T00:09:10-04:00
12117500,2009-04-17,1280,A,36.24556363776,3131.6166983024641,2026-08-20T00:09:10-04:00
12117500,2009-04-18,1280,A,36.24556363776,3131.6166983024641,2026-08-20T00:09:10-04:00
12117500,2009-04-19,1040,A,29.449520455680002,2544.438567370752,2026-08-20T00:09:10-04:00
12117500,2009-04-20,826,A,23.389715284992,2020.8714006233088,2026-08-20T00:09:10-04:00
12117500,2009-04-21,744,A,21.067733864448002,1820.2522058883073,2026-08-20T00:09:10-04:00
12117500,2009-04-22,678,A,19.198821989376,1658.7782198820864,2026-08-20T00:09:10-04:00
12117500,2009-04-23,634,A,17.952880739328002,1551.1288958779392,2026-08-20T00:09:10-04:00
12117500,2009-04-24,599,A,16.961791108608001,1465.4987517837312,2026-08-20T00:09:10-04:00
12117500,2009-04-25,575,A,16.282186790400001,1406.7809386905601,2026-08-20T00:09:10-04:00
12117500,2009-04-26,936,A,26.504568410112,2289.9947106336767,2026-08-20T00:09:10-04:00
12117500,2009-04-27,1300,A,36.811900569599999,3180.5482092134403,2026-08-20T00:09:10-04:00
12117500,2009-04-28,1410,A,39.926753694719999,3449.671519223808,2026-08-20T00:09:10-04:00
12117500,2009-04-29,1470,A,41.625764490240002,3596.466051956736,2026-08-20T00:09:10-04:00
12117500,2009-04-30,1160,A,32.847542046720001,2838.0276328366081,2026-08-20T00:09:10-04:00
12117500,2009-05-01,953,A,26.985954802176,2331.5864949080064,2026-08-20T00:09:10-04:00
12117500,2009-05-02,692,A,19.595257841664001,1693.0302775197697,2026-08-20T00:09:10-04:00
12117500,2009-05-03,611,A,17.301593267712001,1494.8576583303168,2026-08-20T00:09:10-04:00
12117500,2009-05-04,558,A,15.800800398336001,1365.1891544162304,2026-08-20T00:09:10-04:00
12117500,2009-05-05,570,A,16.140602557440001,1394.548060962816,2026-08-20T00:09:10-04:00
12117500,2009-05-06,599,A,16.961791108608001,1465.4987517837312,2026-08-20T00:09:10-04:00
12117500,2009-05-07,642,A,18.179415512064001,1570.7015002423298,2026-08-20T00:09:10-04:00
12117500,2009-05-08,678,A,19.198821989376,1658.7782198820864,2026-08-20T00:09:10-04:00
12117500,2009-05-09,1400,A,39.643585228799999,3425.2057637683201,2026-08-20T00:09:10-04:00
12117500,2009-05-10,1510,A,42.758438353919999,3694.3290737786883,2026-08-20T00:09:10-04:00
12117500,2009-05-11,1410,A,39.926753694719999,3449.671519223808,2026-08-20T00:09:10-04:00
12117500,2009-05-12,1540,A,43.607943751680004,3767.7263401451523,2026-08-20T00:09:10-04:00
12117500,2009-05-13,1510,A,42.758438353919999,3694.3290737786883,2026-08-20T00:09:10-04:00
12117500,2009-05-14,1300,A,36.811900569599999,3180.5482092134403,2026-08-20T00:09:10-04:00
12117500,2009-05-15,1290,A,36.528732103679999,3156.082453757952,2026-08-20T00:09:10-04:00
12117500,2009-05-16,1560,A,44.174280683520003,3816.657851056128,2026-08-20T00:09:10-04:00
12117500,2009-05-17,1570,A,44.457449149440002,3841.1236065116163,2026-08-20T00:09:10-04:00
12117500,2009-05-18,1510,A,42.758438353919999,3694.3290737786883,2026-08-20T00:09:10-04:00
12117500,2009-05-19,1230,A,34.829721308160003,3009.2879210250239,2026-08-20T00:09:10-04:00
12117500,2009-05-20,938,A,26.561202103296001,2294.8878617247747,2026-08-20T00:09:10-04:00
12117500,2009-05-21,703,A,19.906743154176002,1719.9426085208065,2026-08-20T00:09:10-04:00
12117500,2009-05-22,641,A,18.151098665472002,1568.2549246967808,2026-08-20T00:09:10-04:00
12117500,2009-05-23,624,A,17.669712273407999,1526.6631404224513,2026-08-20T00:09:10-04:00
12117500,2009-05-24,645,A,18.26436605184,1578.041226878976,2026-08-20T00:09:10-04:00
12117500,2009-05-25,914,A,25.881597785088001,2236.1700486316031,2026-08-20T00:09:10-04:00
12117500,2009-05-26,1120,A,31.71486818304,2740.1646110146562,2026-08-20T00:09:10-04:00
12117500,2009-05-27,1130,A,31.998036648959999,2764.6303664701441,2026-08-20T00:09:10-04:00
12117500,2009-05-28,1120,A,31.71486818304,2740.1646110146562,2026-08-20T00:09:10-04:00
12117500,2009-05-29,1130,A,31.998036648959999,2764.6303664701441,2026-08-20T00:09:10-04:00
12117500,2009-05-30,1130,A,31.998036648959999,2764.6303664701441,2026-08-20T00:09:10-04:00
12117500,2009-05-31,1120,A,31.71486818304,2740.1646110146562,2026-08-20T00:09:10-04:00
12117500,2009-06-01,1120,A,31.71486818304,2740.1646110146562,2026-08-20T00:09:10-04:00
12117500,2009-06-02,1120,A,31.71486818304,2740.1646110146562,2026-08-20T00:09:10-04:00
12117500,2009-06-03,1110,A,31.431699717120001,2715.6988555591679,2026-08-20T00:09:10-04:00
12117500,2009-06-04,1110,A,31.431699717120001,2715.6988555591679,2026-08-20T00:09:10-04:00
12117500,2009-06-05,1110,A,31.431699717120001,2715.6988555591679,2026-08-20T00:09:10-04:00
12117500,2009-06-06,902,A,25.541795625984001,2206.8111420850178,2026-08-20T00:09:10-04:00
12117500,2009-06-07,699,A,19.793475767808001,1710.1563063386113,2026-08-20T00:09:10-04:00
12117500,2009-06-08,663,A,18.774069290496001,1622.0795866988544,2026-08-20T00:09:10-04:00
12117500,2009-06-09,656,A,18.575851364352001,1604.9535578800128,2026-08-20T00:09:10-04:00
12117500,2009-06-10,600,A,16.990107955199999,1467.94532732928,2026-08-20T00:09:10-04:00
12117500,2009-06-11,557,A,15.772483551744001,1362.7425788706817,2026-08-20T00:09:10-04:00
12117500,2009-06-12,548,A,15.517631932416,1340.7233989607425,2026-08-20T00:09:10-04:00
12117500,2009-06-13,488,A,13.818621136896001,1193.9288662278145,2026-08-20T00:09:10-04:00
12117500,2009-06-14,470,A,13.308917898240001,1149.8905064079361,2026-08-20T00:09:10-04:00
12117500,2009-06-15,467,A,13.223967358464,1142.5507797712896,2026-08-20T00:09:10-04:00
12117500,2009-06-16,462,A,13.082383125504,1130.3179020435457,2026-08-20T00:09:10-04:00
12117500,2009-06-17,459,A,12.997432585728001,1122.9781754068993,2026-08-20T00:09:10-04:00
12117500,2009-06-18,458,A,12.969115739136001,1120.5315998613505,2026-08-20T00:09:10-04:00
12117500,2009-06-19,482,A,13.648720057344001,1179.2494129545216,2026-08-20T00:09:10-04:00
12117500,2009-06-20,491,A,13.903571676672,1201.2685928644607,2026-08-20T00:09:10-04:00
12117500,2009-06-21,468,A,13.252284205056,1144.9973553168384,2026-08-20T00:09:10-04:00
12117500,2009-06-22,465,A,13.167333665280001,1137.6576286801921,2026-08-20T00:09:10-04:00
12117500,2009-06-23,440,A,12.459412500480001,1076.4932400414721,2026-08-20T00:09:10-04:00
12117500,2009-06-24,435,A,12.317828267519999,1064.2603623137281,2026-08-20T00:09:10-04:00
12117500,2009-06-25,436,A,12.346145114112,1066.7069378592769,2026-08-20T00:09:10-04:00
12117500,2009-06-26,430,A,12.17624403456,1052.027484585984,2026-08-20T00:09:10-04:00
12117500,2009-06-27,426,A,12.062976648192,1042.2411824037888,2026-08-20T00:09:10-04:00
12117500,2009-06-28,424,A,12.006342955008,1037.3480313126913,2026-08-20T00:09:10-04:00
12117500,2009-06-29,429,A,12.147927187968,1049.5809090404352,2026-08-20T00:09:10-04:00
12117500,2009-06-30,448,A,12.685947273216,1096.0658444058624,2026-08-20T00:09:10-04:00
12117500,2009-07-01,459,A,12.997432585728001,1122.9781754068993,2026-08-20T00:09:10-04:00
12117500,2009-07-02,457,A,12.940798892544001,1118.0850243158015,2026-08-20T00:09:10-04:00
12117500,2009-07-03,457,A,12.940798892544001,1118.0850243158015,2026-08-20T00:09:10-04:00
12117500,2009-07-04,455,A,12.88416519936,1113.1918732247041,2026-08-20T00:09:10-04:00
12117500,2009-07-05,454,A,12.855848352768,1110.7452976791553,2026-08-20T00:09:10-04:00
12117500,2009-07-06,457,A,12.940798892544001,1118.0850243158015,2026-08-20T00:09:10-04:00
12117500,2009-07-07,458,A,12.969115739136001,1120.5315998613505,2026-08-20T00:09:10-04:00
12117500,2009-07-08,454,A,12.855848352768,1110.7452976791553,2026-08-20T00:09:10-04:00
12117500,2009-07-09,451,A,12.770897812992001,1103.4055710425089,2026-08-20T00:09:10-04:00
12117500,2009-07-10,450,A,12.7425809664,1100.9589954969601,2026-08-20T00:09:10-04:00
12117500,2009-07-11,434,A,12.289511420928001,1061.8137867681792,2026-08-20T00:09:10-04:00
12117500,2009-07-12,427,A,12.091293494784001,1044.6877579493375,2026-08-20T00:09:10-04:00
12117500,2009-07-13,427,A,12.091293494784001,1044.6877579493375,2026-08-20T00:09:10-04:00
12117500,2009-07-14,424,A,12.006342955008,1037.3480313126913,2026-08-20T00:09:10-04:00
12117500,2009-07-15,416,A,11.779808182272001,1017.7754269483008,2026-08-20T00:09:10-04:00
12117500,2009-07-16,411,A,11.638223949312,1005.5425492205568,2026-08-20T00:09:10-04:00
12117500,2009-07-17,408,A,11.553273409536001,998.20282258391046,2026-08-20T00:09:10-04:00
12117500,2009-07-18,405,A,11.46832286976,990.86309594726401,2026-08-20T00:09:10-04:00
12117500,2009-07-19,401,A,11.355055483392,981.07679376506883,2026-08-20T00:09:10-04:00
12117500,2009-07-20,404,A,11.440006023168001,988.41652040171527,2026-08-20T00:09:10-04:00
12117500,2009-07-21,403,A,11.411689176576001,985.96994485616642,2026-08-20T00:09:10-04:00
12117500,2009-07-22,400,A,11.3267386368,978.63021821951997,2026-08-20T00:09:10-04:00
12117500,2009-07-23,399,A,11.298421790208,976.18364267397124,2026-08-20T00:09:10-04:00
12117500,2009-07-24,397,A,11.241788097024001,971.29049158287364,2026-08-20T00:09:10-04:00
12117500,2009-07-25,396,A,11.213471250432001,968.84391603732479,2026-08-20T00:09:10-04:00
12117500,2009-07-26,395,A,11.18515440384,966.39734049177605,2026-08-20T00:09:10-04:00
12117500,2009-07-27,396,A,11.213471250432001,968.84391603732479,2026-08-20T00:09:10-04:00
12117500,2009-07-28,396,A,11.213471250432001,968.84391603732479,2026-08-20T00:09:10-04:00
12117500,2009-07-29,374,A,10.590500625408,915.01925403525127,2026-08-20T00:09:10-04:00
12117500,2009-07-30,362,A,10.250698466304,885.66034748866559,2026-08-20T00:09:10-04:00
12117500,2009-07-31,364,A,10.307332159488,890.55349857976319,2026-08-20T00:09:10-04:00
12117500,2009-08-01,352,A,9.9675300003840004,861.19459203317763,2026-08-20T00:09:10-04:00
12117500,2009-08-02,347,A,9.8259457674240007,848.96171430543359,2026-08-20T00:09:10-04:00
12117500,2009-08-03,345,A,9.7693120742400001,844.068563214336,2026-08-20T00:09:10-04:00
12117500,2009-08-04,335,A,9.4861436083200008,819.60280775884803,2026-08-20T00:09:10-04:00
12117500,2009-08-05,321,A,9.0897077560320003,785.35075012116488,2026-08-20T00:09:10-04:00
12117500,2009-08-06,286,A,8.0986181253120009,699.72060602695683,2026-08-20T00:09:10-04:00
12117500,2009-08-07,285,A,8.0703012787200006,697.27403048140798,2026-08-20T00:09:10-04:00
12117500,2009-08-08,283,A,8.013667585536,692.38087939031038,2026-08-20T00:09:10-04:00
12117500,2009-08-09,280,A,7.92871704576,685.04115275366405,2026-08-20T00:09:10-04:00
12117500,2009-08-10,279,A,7.9004001991680006,682.5945772081152,2026-08-20T00:09:10-04:00
12117500,2009-08-11,287,A,8.1269349719039994,702.16718157250557,2026-08-20T00:09:10-04:00
12117500,2009-08-12,295,A,8.3534697446399999,721.73978593689606,2026-08-20T00:09:10-04:00
12117500,2009-08-13,291,A,8.2402023582720005,711.95348375470087,2026-08-20T00:09:10-04:00
12117500,2009-08-14,286,A,8.0986181253120009,699.72060602695683,2026-08-20T00:09:10-04:00
12117500,2009-08-15,280,A,7.92871704576,685.04115275366405,2026-08-20T00:09:10-04:00
12117500,2009-08-16,277,A,7.843766505984,677.7014261170176,2026-08-20T00:09:10-04:00
12117500,2009-08-17,274,A,7.7588159662080001,670.36169948037127,2026-08-20T00:09:10-04:00
12117500,2009-08-18,272,A,7.7021822730240004,665.46854838927356,2026-08-20T00:09:10-04:00
12117500,2009-08-19,272,A,7.7021822730240004,665.46854838927356,2026-08-20T00:09:10-04:00
12117500,2009-08-20,272,A,7.7021822730240004,665.46854838927356,2026-08-20T00:09:10-04:00
12117500,2009-08-21,272,A,7.7021822730240004,665.46854838927356,2026-08-20T00:09:10-04:00
12117500,2009-08-22,272,A,7.7021822730240004,665.46854838927356,2026-08-20T00:09:10-04:00
12117500,2009-08-23,272,A,7.7021822730240004,665.46854838927356,2026-08-20T00:09:10-04:00
12117500,2009-08-24,270,A,7.6455485798399998,660.57539729817597,2026-08-20T00:09:10-04:00
12117500,2009-08-25,268,A,7.5889148866560001,655.68224620707838,2026-08-20T00:09:10-04:00
12117500,2009-08-26,268,A,7.5889148866560001,655.68224620707838,2026-08-20T00:09:10-04:00
12117500,2009-08-27,265,A,7.5039643468800001,648.34251957043205,2026-08-20T00:09:10-04:00
12117500,2009-08-28,263,A,7.4473306536960004,643.44936847933445,2026-08-20T00:09:10-04:00
12117500,2009-08-29,262,A,7.4190138071040002,641.0027929337856,2026-08-20T00:09:10-04:00
12117500,2009-08-30,260,A,7.3623801139200005,636.10964184268801,2026-08-20T00:09:10-04:00
12117500,2009-08-31,260,A,7.3623801139200005,636.10964184268801,2026-08-20T00:09:10-04:00
12117500,2009-09-01,259,A,7.3340632673280002,633.66306629713927,2026-08-20T00:09:10-04:00
12117500,2009-09-02,258,A,7.3057464207359999,631.21649075159041,2026-08-20T00:09:10-04:00
12117500,2009-09-03,259,A,7.3340632673280002,633.66306629713927,2026-08-20T00:09:10-04:00
12117500,2009-09-04,259,A,7.3340632673280002,633.66306629713927,2026-08-20T00:09:10-04:00
12117500,2009-09-05,268,A,7.5889148866560001,655.68224620707838,2026-08-20T00:09:10-04:00
12117500,2009-09-06,284,A,8.0419844321280003,694.82745493585924,2026-08-20T00:09:10-04:00
12117500,2009-09-07,299,A,8.4667371310080011,731.52608811909124,2026-08-20T00:09:10-04:00
12117500,2009-09-08,275,A,7.7871328128000004,672.80827502592001,2026-08-20T00:09:10-04:00
12117500,2009-09-09,266,A,7.5322811934720004,650.78909511598079,2026-08-20T00:09:10-04:00
12117500,2009-09-10,262,A,7.4190138071040002,641.0027929337856,2026-08-20T00:09:10-04:00
12117500,2009-09-11,258,A,7.3057464207359999,631.21649075159041,2026-08-20T00:09:10-04:00
12117500,2009-09-12,258,A,7.3057464207359999,631.21649075159041,2026-08-20T00:09:10-04:00
12117500,2009-09-13,257,A,7.2774295741440005,628.76991520604167,2026-08-20T00:09:10-04:00
12117500,2009-09-14,255,A,7.2207958809599999,623.87676411494397,2026-08-20T00:09:10-04:00
12117500,2009-09-15,252,A,7.1358453411839999,616.53703747829763,2026-08-20T00:09:10-04:00
12117500,2009-09-16,252,A,7.1358453411839999,616.53703747829763,2026-08-20T00:09:10-04:00
12117500,2009-09-17,251,A,7.1075284945920005,614.09046193274878,2026-08-20T00:09:10-04:00
12117500,2009-09-18,248,A,7.0225779548160006,606.75073529610245,2026-08-20T00:09:10-04:00
12117500,2009-09-19,255,A,7.2207958809599999,623.87676411494397,2026-08-20T00:09:10-04:00
12117500,2009-09-20,255,A,7.2207958809599999,623.87676411494397,2026-08-20T00:09:10-04:00
12117500,2009-09-21,247,A,6.9942611082240003,604.30415975055359,2026-08-20T00:09:10-04:00
12117500,2009-09-22,248,A,7.0225779548160006,606.75073529610245,2026-08-20T00:09:10-04:00
12117500,2009-09-23,307,A,8.6932719037439998,751.09869248348161,2026-08-20T00:09:10-04:00
12117500,2009-09-24,317,A,8.9764403696640009,775.56444793896958,2026-08-20T00:09:10-04:00
12117500,2009-09-25,305,A,8.636638210560001,746.20554139238402,2026-08-20T00:09:10-04:00
12117500,2009-09-26,302,A,8.5516876707840002,738.86581475573757,2026-08-20T00:09:10-04:00
12117500,2009-09-27,302,A,8.5516876707840002,738.86581475573757,2026-08-20T00:09:10-04:00
12117500,2009-09-28,300,A,8.4950539775999996,733.97266366463998,2026-08-20T00:09:10-04:00
12117500,2009-09-29,302,A,8.5516876707840002,738.86581475573757,2026-08-20T00:09:10-04:00
12117500,2009-09-30,307,A,8.6932719037439998,751.09869248348161,2026-08-20T00:09:10-04:00
12117500,2009-10-01,314,A,8.8914898298880001,768.22472130232325,2026-08-20T00:09:10-04:00
12117500,2009-10-02,317,A,8.9764403696640009,775.56444793896958,2026-08-20T00:09:10-04:00
12117500,2009-10-03,314,A,8.8914898298880001,768.22472130232325,2026-08-20T00:09:10-04:00
12117500,2009-10-04,312,A,8.8348561367039995,763.33157021122565,2026-08-20T00:09:10-04:00
12117500,2009-10-05,320,A,9.06139090944,782.90417457561603,2026-08-20T00:09:10-04:00
12117500,2009-10-06,342,A,9.6843615344640011,836.72883657768966,2026-08-20T00:09:10-04:00
12117500,2009-10-07,366,A,10.363965852672001,895.44664967086078,2026-08-20T00:09:10-04:00
12117500,2009-10-08,385,A,10.901985937920001,941.93158503628808,2026-08-20T00:09:10-04:00
12117500,2009-10-09,386,A,10.930302784512,944.37816058183682,2026-08-20T00:09:10-04:00
12117500,2009-10-10,387,A,10.958619631104,946.82473612738568,2026-08-20T00:09:10-04:00
12117500,2009-10-11,401,A,11.355055483392,981.07679376506883,2026-08-20T00:09:10-04:00
12117500,2009-10-12,407,A,11.524956562944,995.75624703836161,2026-08-20T00:09:10-04:00
12117500,2009-10-13,408,A,11.553273409536001,998.20282258391046,2026-08-20T00:09:10-04:00
12117500,2009-10-14,420,A,11.89307556864,1027.5617291304961,2026-08-20T00:09:10-04:00
12117500,2009-10-15,403,A,11.411689176576001,985.96994485616642,2026-08-20T00:09:10-04:00
12117500,2009-10-16,397,A,11.241788097024001,971.29049158287364,2026-08-20T00:09:10-04:00
12117500,2009-10-17,429,A,12.147927187968,1049.5809090404352,2026-08-20T00:09:10-04:00
12117500,2009-10-18,451,A,12.770897812992001,1103.4055710425089,2026-08-20T00:09:10-04:00
12117500,2009-10-19,404,A,11.440006023168001,988.41652040171527,2026-08-20T00:09:10-04:00
12117500,2009-10-20,389,A,11.015253324288,951.71788721848327,2026-08-20T00:09:10-04:00
12117500,2009-10-21,389,A,11.015253324288,951.71788721848327,2026-08-20T00:09:10-04:00
12117500,2009-10-22,398,A,11.270104943615999,973.73706712842238,2026-08-20T00:09:10-04:00
12117500,2009-10-23,487,A,13.790304290304,1191.4822906822656,2026-08-20T00:09:10-04:00
12117500,2009-10-24,446,A,12.629313580032001,1091.1726933147647,2026-08-20T00:09:10-04:00
12117500,2009-10-25,366,A,10.363965852672001,895.44664967086078,2026-08-20T00:09:10-04:00
12117500,2009-10-26,675,A,19.113871449600001,1651.43849324544,2026-08-20T00:09:10-04:00
12117500,2009-10-27,540,A,15.29109715968,1321.1507945963519,2026-08-20T00:09:10-04:00
12117500,2009-10-28,437,A,12.374461960704,1069.1535134048256,2026-08-20T00:09:10-04:00
12117500,2009-10-29,488,A,13.818621136896001,1193.9288662278145,2026-08-20T00:09:10-04:00
12117500,2009-10-30,493,A,13.960205369856,1206.1617439555584,2026-08-20T00:09:10-04:00
12117500,2009-10-31,545,A,15.432681392640001,1333.3836723240961,2026-08-20T00:09:10-04:00
12117500,2009-11-01,511,A,14.469908608512,1250.2001037754369,2026-08-20T00:09:10-04:00
12117500,2009-11-02,476,A,13.478818977792001,1164.5699596812287,2026-08-20T00:09:10-04:00
12117500,2009-11-03,453,A,12.827531506176001,1108.2987221336064,2026-08-20T00:09:10-04:00
12117500,2009-11-04,441,A,12.487729347072001,1078.9398155870208,2026-08-20T00:09:10-04:00
12117500,2009-11-05,436,A,12.346145114112,1066.7069378592769,2026-08-20T00:09:10-04:00
12117500,2009-11-06,471,A,13.337234744832001,1152.3370819534848,2026-08-20T00:09:10-04:00
12117500,2009-11-07,583,A,16.508721563136,1426.3535430549505,2026-08-20T00:09:10-04:00
12117500,2009-11-08,573,A,16.225553097216,1401.8877875994624,2026-08-20T00:09:10-04:00
12117500,2009-11-09,526,A,14.894661307392001,1286.8987369586689,2026-08-20T00:09:10-04:00
12117500,2009-11-10,559,A,15.829117244928,1367.6357299617791,2026-08-20T00:09:10-04:00
12117500,2009-11-11,732,A,20.727931705344002,1790.8932993417216,2026-08-20T00:09:10-04:00
12117500,2009-11-12,688,A,19.481990455296,1683.2439753375745,2026-08-20T00:09:10-04:00
12117500,2009-11-13,678,A,19.198821989376,1658.7782198820864,2026-08-20T00:09:10-04:00
12117500,2009-11-14,657,A,18.604168210944,1607.4001334255618,2026-08-20T00:09:10-04:00
12117500,2009-11-15,688,A,19.481990455296,1683.2439753375745,2026-08-20T00:09:10-04:00
12117500,2009-11-16,719,A,20.359812699648,1759.0878172495873,2026-08-20T00:09:10-04:00
12117500,2009-11-17,960,A,27.18417272832,2348.7125237268483,2026-08-20T00:09:10-04:00
12117500,2009-11-18,1290,A,36.528732103679999,3156.082453757952,2026-08-20T00:09:10-04:00
12117500,2009-11-19,1510,A,42.758438353919999,3694.3290737786883,2026-08-20T00:09:10-04:00
12117500,2009-11-20,1380,A,39.077248296960001,3376.274252857344,2026-08-20T00:09:10-04:00
12117500,2009-11-21,1410,A,39.926753694719999,3449.671519223808,2026-08-20T00:09:10-04:00
12117500,2009-11-22,1460,A,41.342596024320002,3572.0002965012482,2026-08-20T00:09:10-04:00
12117500,2009-11-23,1400,A,39.643585228799999,3425.2057637683201,2026-08-20T00:09:10-04:00
12117500,2009-11-24,1390,A,39.36041676288,3400.7400083128323,2026-08-20T00:09:10-04:00
12117500,2009-11-25,1340,A,37.944574433280003,3278.4112310353921,2026-08-20T00:09:10-04:00
12117500,2009-11-26,1130,A,31.998036648959999,2764.6303664701441,2026-08-20T00:09:10-04:00
12117500,2009-11-27,1220,A,34.546552842240004,2984.8221655695361,2026-08-20T00:09:10-04:00
12117500,2009-11-28,1200,A,33.980215910399998,2935.8906546585599,2026-08-20T00:09:10-04:00
12117500,2009-11-29,1180,A,33.41387897856,2886.9591437475842,2026-08-20T00:09:10-04:00
12117500,2009-11-30,1160,A,32.847542046720001,2838.0276328366081,2026-08-20T00:09:10-04:00
12117500,2009-12-01,1180,A,33.41387897856,2886.9591437475842,2026-08-20T00:09:10-04:00
12117500,2009-12-02,1180,A,33.41387897856,2886.9591437475842,2026-08-20T00:09:10-04:00
12117500,2009-12-03,1080,A,30.582194319359999,2642.3015891927039,2026-08-20T00:09:10-04:00
12117500,2009-12-04,1020,A,28.88318352384,2495.5070564597759,2026-08-20T00:09:10-04:00
12117500,2009-12-05,797,A,22.568526733824001,1949.9207098023937,2026-08-20T00:09:10-04:00
12117500,2009-12-06,645,A,18.26436605184,1578.041226878976,2026-08-20T00:09:10-04:00
12117500,2009-12-07,622,A,17.613078580224002,1521.7699893313536,2026-08-20T00:09:10-04:00
12117500,2009-12-08,563,A,15.942384631296001,1377.4220321439745,2026-08-20T00:09:10-04:00
12117500,2009-12-09,499,A,14.130106449408,1220.8411972288513,2026-08-20T00:09:10-04:00
12117500,2009-12-10,495,A,14.016839063040001,1211.0548950466559,2026-08-20T00:09:10-04:00
12117500,2009-12-11,493,A,13.960205369856,1206.1617439555584,2026-08-20T00:09:10-04:00
12117500,2009-12-12,490,A,13.875254830080001,1198.822017318912,2026-08-20T00:09:10-04:00
12117500,2009-12-13,486,A,13.761987443712,1189.0357151367168,2026-08-20T00:09:10-04:00
12117500,2009-12-14,480,A,13.59208636416,1174.3562618634242,2026-08-20T00:09:10-04:00
12117500,2009-12-15,497,A,14.073472756224,1215.9480461377536,2026-08-20T00:09:10-04:00
12117500,2009-12-16,520,A,14.724760227840001,1272.219283685376,2026-08-20T00:09:10-04:00
12117500,2009-12-17,516,A,14.611492841472,1262.4329815031808,2026-08-20T00:09:10-04:00
12117500,2009-12-18,490,A,13.875254830080001,1198.822017318912,2026-08-20T00:09:10-04:00
12117500,2009-12-19,513,A,14.526542301696001,1255.0932548665344,2026-08-20T00:09:10-04:00
12117500,2009-12-20,523,A,14.809710767616,1279.5590103220225,2026-08-20T00:09:10-04:00
12117500,2009-12-21,593,A,16.791890029055999,1450.8192985104386,2026-08-20T00:09:10-04:00
12117500,2009-12-22,558,A,15.800800398336001,1365.1891544162304,2026-08-20T00:09:10-04:00
12117500,2009-12-23,524,A,14.838027614208,1282.0055858675712,2026-08-20T00:09:10-04:00
12117500,2009-12-24,505,A,14.30000752896,1235.520650502144,2026-08-20T00:09:10-04:00
12117500,2009-12-25,491,A,13.903571676672,1201.2685928644607,2026-08-20T00:09:10-04:00
12117500,2009-12-26,482,A,13.648720057344001,1179.2494129545216,2026-08-20T00:09:10-04:00
12117500,2009-12-27,472,A,13.365551591424,1154.7836574990336,2026-08-20T00:09:10-04:00
12117500,2009-12-28,464,A,13.139016818688001,1135.2110531346432,2026-08-20T00:09:10-04:00
12117500,2009-12-29,459,A,12.997432585728001,1122.9781754068993,2026-08-20T00:09:10-04:00
12117500,2009-12-30,458,A,12.969115739136001,1120.5315998613505,2026-08-20T00:09:10-04:00
12117500,2009-12-31,464,A,13.139016818688001,1135.2110531346432,2026-08-20T00:09:10-04:00
12117500,2010-01-01,505,A,14.30000752896,1235.520650502144,2026-08-20T00:09:10-04:00
12117500,2010-01-02,594,A,16.820206875648001,1453.2658740559873,2026-08-20T00:09:10-04:00
12117500,2010-01-03,560,A,15.85743409152,1370.0823055073281,2026-08-20T00:09:10-04:00
12117500,2010-01-04,600,A,16.990107955199999,1467.94532732928,2026-08-20T00:09:10-04:00
12117500,2010-01-05,847,A,23.984369063424001,2072.2494870798337,2026-08-20T00:09:10-04:00
12117500,2010-01-06,798,A,22.596843580415999,1952.3672853479425,2026-08-20T00:09:10-04:00
12117500,2010-01-07,791,A,22.398625654271999,1935.2412565291008,2026-08-20T00:09:10-04:00
12117500,2010-01-08,882,A,24.975458694144002,2157.8796311740416,2026-08-20T00:09:10-04:00
12117500,2010-01-09,1050,A,29.732688921600001,2568.9043228262399,2026-08-20T00:09:10-04:00
12117500,2010-01-10,990,A,28.033678126080002,2422.1097900933119,2026-08-20T00:09:10-04:00
12117500,2010-01-11,1070,A,30.29902585344,2617.835833737216,2026-08-20T00:09:10-04:00
12117500,2010-01-12,1060,A,30.015857387520001,2593.3700782817282,2026-08-20T00:09:10-04:00
12117500,2010-01-13,1070,A,30.29902585344,2617.835833737216,2026-08-20T00:09:10-04:00
12117500,2010-01-14,1130,A,31.998036648959999,2764.6303664701441,2026-08-20T00:09:10-04:00
12117500,2010-01-15,1130,A,31.998036648959999,2764.6303664701441,2026-08-20T00:09:10-04:00
12117500,2010-01-16,1200,A,33.980215910399998,2935.8906546585599,2026-08-20T00:09:10-04:00
12117500,2010-01-17,1400,A,39.643585228799999,3425.2057637683201,2026-08-20T00:09:10-04:00
12117500,2010-01-18,1380,A,39.077248296960001,3376.274252857344,2026-08-20T00:09:10-04:00
12117500,2010-01-19,1330,A,37.661405967360004,3253.9454755799043,2026-08-20T00:09:10-04:00
12117500,2010-01-20,1080,A,30.582194319359999,2642.3015891927039,2026-08-20T00:09:10-04:00
12117500,2010-01-21,819,A,23.191497358848,2003.7453718044674,2026-08-20T00:09:10-04:00
12117500,2010-01-22,789,A,22.341991961088002,1930.3481054380034,2026-08-20T00:09:10-04:00
12117500,2010-01-23,794,A,22.483576194048002,1942.5809831657473,2026-08-20T00:09:10-04:00
12117500,2010-01-24,796,A,22.540209887231999,1947.4741342568448,2026-08-20T00:09:10-04:00
12117500,2010-01-25,799,A,22.625160427008002,1954.8138608934912,2026-08-20T00:09:10-04:00
12117500,2010-01-26,642,A,18.179415512064001,1570.7015002423298,2026-08-20T00:09:10-04:00
12117500,2010-01-27,502,A,14.215056989184001,1228.1809238654976,2026-08-20T00:09:10-04:00
12117500,2010-01-28,475,A,13.4505021312,1162.12338413568,2026-08-20T00:09:10-04:00
12117500,2010-01-29,463,A,13.110699972096,1132.7644775890944,2026-08-20T00:09:10-04:00
12117500,2010-01-30,462,A,13.082383125504,1130.3179020435457,2026-08-20T00:09:10-04:00
12117500,2010-01-31,484,A,13.705353750528001,1184.1425640456193,2026-08-20T00:09:10-04:00
12117500,2010-02-01,468,A,13.252284205056,1144.9973553168384,2026-08-20T00:09:10-04:00
12117500,2010-02-02,460,A,13.02574943232,1125.424750952448,2026-08-20T00:09:10-04:00
12117500,2010-02-03,452,A,12.799214659584001,1105.8521465880576,2026-08-20T00:09:10-04:00
12117500,2010-02-04,447,A,12.657630426624001,1093.6192688603137,2026-08-20T00:09:10-04:00
12117500,2010-02-05,442,A,12.516046193664,1081.3863911325695,2026-08-20T00:09:10-04:00
12117500,2010-02-06,435,A,12.317828267519999,1064.2603623137281,2026-08-20T00:09:10-04:00
12117500,2010-02-07,432,A,12.232877727744,1056.9206356770817,2026-08-20T00:09:10-04:00
12117500,2010-02-08,425,A,12.0346598016,1039.7946068582401,2026-08-20T00:09:10-04:00
12117500,2010-02-09,419,A,11.864758722048,1025.1151535849472,2026-08-20T00:09:10-04:00
12117500,2010-02-10,433,A,12.261194574336001,1059.3672112226304,2026-08-20T00:09:10-04:00
12117500,2010-02-11,491,A,13.903571676672,1201.2685928644607,2026-08-20T00:09:10-04:00
12117500,2010-02-12,510,A,14.44159176192,1247.7535282298879,2026-08-20T00:09:10-04:00
12117500,2010-02-13,514,A,14.554859148288001,1257.5398304120833,2026-08-20T00:09:10-04:00
12117500,2010-02-14,528,A,14.951295000576,1291.7918880497664,2026-08-20T00:09:10-04:00
12117500,2010-02-15,516,A,14.611492841472,1262.4329815031808,2026-08-20T00:09:10-04:00
12117500,2010-02-16,539,A,15.262780313088001,1318.7042190508032,2026-08-20T00:09:10-04:00
12117500,2010-02-17,498,A,14.101789602816,1218.3946216833024,2026-08-20T00:09:10-04:00
12117500,2010-02-18,483,A,13.677036903936001,1181.6959885000704,2026-08-20T00:09:10-04:00
12117500,2010-02-19,474,A,13.422185284608,1159.6768085901313,2026-08-20T00:09:10-04:00
12117500,2010-02-20,467,A,13.223967358464,1142.5507797712896,2026-08-20T00:09:10-04:00
12117500,2010-02-21,459,A,12.997432585728001,1122.9781754068993,2026-08-20T00:09:10-04:00
12117500,2010-02-22,453,A,12.827531506176001,1108.2987221336064,2026-08-20T00:09:10-04:00
12117500,2010-02-23,447,A,12.657630426624001,1093.6192688603137,2026-08-20T00:09:10-04:00
12117500,2010-02-24,471,A,13.337234744832001,1152.3370819534848,2026-08-20T00:09:10-04:00
12117500,2010-02-25,489,A,13.846937983488001,1196.3754417733633,2026-08-20T00:09:10-04:00
12117500,2010-02-26,491,A,13.903571676672,1201.2685928644607,2026-08-20T00:09:10-04:00
12117500,2010-02-27,488,A,13.818621136896001,1193.9288662278145,2026-08-20T00:09:10-04:00
12117500,2010-02-28,476,A,13.478818977792001,1164.5699596812287,2026-08-20T00:09:10-04:00
12117500,2010-03-01,468,A,13.252284205056,1144.9973553168384,2026-08-20T00:09:10-04:00
12117500,2010-03-02,470,A,13.308917898240001,1149.8905064079361,2026-08-20T00:09:10-04:00
12117500,2010-03-03,488,A,13.818621136896001,1193.9288662278145,2026-08-20T00:09:10-04:00
12117500,2010-03-04,473,A,13.393868438016,1157.2302330445825,2026-08-20T00:09:10-04:00
12117500,2010-03-05,465,A,13.167333665280001,1137.6576286801921,2026-08-20T00:09:10-04:00
12117500,2010-03-06,459,A,12.997432585728001,1122.9781754068993,2026-08-20T00:09:10-04:00
12117500,2010-03-07,457,A,12.940798892544001,1118.0850243158015,2026-08-20T00:09:10-04:00
12117500,2010-03-08,482,A,13.648720057344001,1179.2494129545216,2026-08-20T00:09:10-04:00
12117500,2010-03-09,464,A,13.139016818688001,1135.2110531346432,2026-08-20T00:09:10-04:00
12117500,2010-03-10,464,A,13.139016818688001,1135.2110531346432,2026-08-20T00:09:10-04:00
12117500,2010-03-11,485,A,13.73367059712,1186.5891395911681,2026-08-20T00:09:10-04:00
12117500,2010-03-12,533,A,15.092879233536001,1304.0247657775105,2026-08-20T00:09:10-04:00
12117500,2010-03-13,510,A,14.44159176192,1247.7535282298879,2026-08-20T00:09:10-04:00
12117500,2010-03-14,495,A,14.016839063040001,1211.0548950466559,2026-08-20T00:09:10-04:00
12117500,2010-03-15,487,A,13.790304290304,1191.4822906822656,2026-08-20T00:09:10-04:00
12117500,2010-03-16,485,A,13.73367059712,1186.5891395911681,2026-08-20T00:09:10-04:00
12117500,2010-03-17,489,A,13.846937983488001,1196.3754417733633,2026-08-20T00:09:10-04:00
12117500,2010-03-18,476,A,13.478818977792001,1164.5699596812287,2026-08-20T00:09:10-04:00
12117500,2010-03-19,469,A,13.280601051648,1147.4439308623873,2026-08-20T00:09:10-04:00
12117500,2010-03-20,465,A,13.167333665280001,1137.6576286801921,2026-08-20T00:09:10-04:00
12117500,2010-03-21,475,A,13.4505021312,1162.12338413568,2026-08-20T00:09:10-04:00
12117500,2010-03-22,481,A,13.620403210752,1176.8028374089729,2026-08-20T00:09:10-04:00
12117500,2010-03-23,469,A,13.280601051648,1147.4439308623873,2026-08-20T00:09:10-04:00
12117500,2010-03-24,462,A,13.082383125504,1130.3179020435457,2026-08-20T00:09:10-04:00
12117500,2010-03-25,472,A,13.365551591424,1154.7836574990336,2026-08-20T00:09:10-04:00
12117500,2010-03-26,502,A,14.215056989184001,1228.1809238654976,2026-08-20T00:09:10-04:00
12117500,2010-03-27,479,A,13.563769517568,1171.9096863178752,2026-08-20T00:09:10-04:00
12117500,2010-03-28,487,A,13.790304290304,1191.4822906822656,2026-08-20T00:09:10-04:00
12117500,2010-03-29,560,A,15.85743409152,1370.0823055073281,2026-08-20T00:09:10-04:00
12117500,2010-03-30,596,A,16.876840568832002,1458.1590251470848,2026-08-20T00:09:10-04:00
12117500,2010-03-31,582,A,16.480404716544001,1423.9069675094017,2026-08-20T00:09:10-04:00
12117500,2010-04-01,526,A,14.894661307392001,1286.8987369586689,2026-08-20T00:09:10-04:00
12117500,2010-04-02,527,A,14.922978153984001,1289.3453125042176,2026-08-20T00:09:10-04:00
12117500,2010-04-03,534,A,15.121196080128,1306.4713413230593,2026-08-20T00:09:10-04:00
12117500,2010-04-04,517,A,14.639809688064,1264.8795570487296,2026-08-20T00:09:10-04:00
12117500,2010-04-05,508,A,14.384958068736001,1242.8603771387905,2026-08-20T00:09:10-04:00
12117500,2010-04-06,517,A,14.639809688064,1264.8795570487296,2026-08-20T00:09:10-04:00
12117500,2010-04-07,511,A,14.469908608512,1250.2001037754369,2026-08-20T00:09:10-04:00
12117500,2010-04-08,517,A,14.639809688064,1264.8795570487296,2026-08-20T00:09:10-04:00
12117500,2010-04-09,497,A,14.073472756224,1215.9480461377536,2026-08-20T00:09:10-04:00
12117500,2010-04-10,483,A,13.677036903936001,1181.6959885000704,2026-08-20T00:09:10-04:00
12117500,2010-04-11,474,A,13.422185284608,1159.6768085901313,2026-08-20T00:09:10-04:00
12117500,2010-04-12,476,A,13.478818977792001,1164.5699596812287,2026-08-20T00:09:10-04:00
12117500,2010-04-13,546,A,15.460998239232,1335.8302478696448,2026-08-20T00:09:10-04:00
12117500,2010-04-14,539,A,15.262780313088001,1318.7042190508032,2026-08-20T00:09:10-04:00
12117500,2010-04-15,524,A,14.838027614208,1282.0055858675712,2026-08-20T00:09:10-04:00
12117500,2010-04-16,487,A,13.790304290304,1191.4822906822656,2026-08-20T00:09:10-04:00
12117500,2010-04-17,483,A,13.677036903936001,1181.6959885000704,2026-08-20T00:09:10-04:00
12117500,2010-04-18,487,A,13.790304290304,1191.4822906822656,2026-08-20T00:09:10-04:00
12117500,2010-04-19,480,A,13.59208636416,1174.3562618634242,2026-08-20T00:09:10-04:00
12117500,2010-04-20,475,A,13.4505021312,1162.12338413568,2026-08-20T00:09:10-04:00
12117500,2010-04-21,573,A,16.225553097216,1401.8877875994624,2026-08-20T00:09:10-04:00
12117500,2010-04-22,525,A,14.866344460800001,1284.4521614131199,2026-08-20T00:09:10-04:00
12117500,2010-04-23,487,A,13.790304290304,1191.4822906822656,2026-08-20T00:09:10-04:00
12117500,2010-04-24,488,A,13.818621136896001,1193.9288662278145,2026-08-20T00:09:10-04:00
12117500,2010-04-25,475,A,13.4505021312,1162.12338413568,2026-08-20T00:09:10-04:00
12117500,2010-04-26,459,A,12.997432585728001,1122.9781754068993,2026-08-20T00:09:10-04:00
12117500,2010-04-27,457,A,12.940798892544001,1118.0850243158015,2026-08-20T00:09:10-04:00
12117500,2010-04-28,462,A,13.082383125504,1130.3179020435457,2026-08-20T00:09:10-04:00
12117500,2010-04-29,474,A,13.422185284608,1159.6768085901313,2026-08-20T00:09:10-04:00
12117500,2010-04-30,463,A,13.110699972096,1132.7644775890944,2026-08-20T00:09:10-04:00
12117500,2010-05-01,477,A,13.507135824384001,1167.0165352267777,2026-08-20T00:09:10-04:00
12117500,2010-05-02,547,A,15.489315085824,1338.2768234151936,2026-08-20T00:09:10-04:00
12117500,2010-05-03,695,A,19.68020838144,1700.3700041564161,2026-08-20T00:09:10-04:00
12117500,2010-05-04,1060,A,30.015857387520001,2593.3700782817282,2026-08-20T00:09:10-04:00
12117500,2010-05-05,1130,A,31.998036648959999,2764.6303664701441,2026-08-20T00:09:10-04:00
12117500,2010-05-06,1110,A,31.431699717120001,2715.6988555591679,2026-08-20T00:09:10-04:00
12117500,2010-05-07,950,A,26.901004262400001,2324.24676827136,2026-08-20T00:09:10-04:00
12117500,2010-05-08,764,A,21.634070796288,1869.1837167992833,2026-08-20T00:09:10-04:00
12117500,2010-05-09,636,A,18.009514432511999,1556.0220469690369,2026-08-20T00:09:10-04:00
12117500,2010-05-10,608,A,17.216642727936001,1487.5179316936706,2026-08-20T00:09:10-04:00
12117500,2010-05-11,544,A,15.404364546048001,1330.9370967785471,2026-08-20T00:09:10-04:00
12117500,2010-05-12,519,A,14.696443381248001,1269.7727081398273,2026-08-20T00:09:10-04:00
12117500,2010-05-13,513,A,14.526542301696001,1255.0932548665344,2026-08-20T00:09:10-04:00
12117500,2010-05-14,504,A,14.271690682368,1233.0740749565953,2026-08-20T00:09:10-04:00
12117500,2010-05-15,498,A,14.101789602816,1218.3946216833024,2026-08-20T00:09:10-04:00
12117500,2010-05-16,492,A,13.931888523264,1203.7151684100097,2026-08-20T00:09:10-04:00
12117500,2010-05-17,491,A,13.903571676672,1201.2685928644607,2026-08-20T00:09:10-04:00
12117500,2010-05-18,531,A,15.036245540352001,1299.1316146864128,2026-08-20T00:09:10-04:00
12117500,2010-05-19,721,A,20.416446392832,1763.980968340685,2026-08-20T00:09:10-04:00
12117500,2010-05-20,990,A,28.033678126080002,2422.1097900933119,2026-08-20T00:09:10-04:00
12117500,2010-05-21,979,A,27.722192813568,2395.1974590922755,2026-08-20T00:09:10-04:00
12117500,2010-05-22,832,A,23.559616364544002,2035.5508538966017,2026-08-20T00:09:10-04:00
12117500,2010-05-23,726,A,20.558030625792,1776.2138460684289,2026-08-20T00:09:10-04:00
12117500,2010-05-24,630,A,17.839613352960001,1541.342593695744,2026-08-20T00:09:10-04:00
12117500,2010-05-25,541,A,15.319414006272,1323.5973701419009,2026-08-20T00:09:10-04:00
12117500,2010-05-26,551,A,15.602582472192001,1348.0631255973888,2026-08-20T00:09:10-04:00
12117500,2010-05-27,564,A,15.970701477888001,1379.8686076895233,2026-08-20T00:09:10-04:00
12117500,2010-05-28,811,A,22.964962586112001,1984.1727674400768,2026-08-20T00:09:10-04:00
12117500,2010-05-29,1080,A,30.582194319359999,2642.3015891927039,2026-08-20T00:09:10-04:00
12117500,2010-05-30,1320,A,37.378237501440005,3229.479720124416,2026-08-20T00:09:10-04:00
12117500,2010-05-31,1270,A,35.962395171840001,3107.1509428469762,2026-08-20T00:09:10-04:00
12117500,2010-06-01,1270,A,35.962395171840001,3107.1509428469762,2026-08-20T00:09:10-04:00
12117500,2010-06-02,1500,A,42.475269888,3669.8633183232,2026-08-20T00:09:10-04:00
12117500,2010-06-03,1550,A,43.891112217600003,3792.1920956006402,2026-08-20T00:09:10-04:00
12117500,2010-06-04,1480,A,41.908932956160001,3620.9318074122243,2026-08-20T00:09:10-04:00
12117500,2010-06-05,1420,A,40.209922160639998,3474.1372746792963,2026-08-20T00:09:10-04:00
12117500,2010-06-06,1390,A,39.36041676288,3400.7400083128323,2026-08-20T00:09:10-04:00
12117500,2010-06-07,1460,A,41.342596024320002,3572.0002965012482,2026-08-20T00:09:10-04:00
12117500,2010-06-08,1420,A,40.209922160639998,3474.1372746792963,2026-08-20T00:09:10-04:00
12117500,2010-06-09,1470,A,41.625764490240002,3596.466051956736,2026-08-20T00:09:10-04:00
12117500,2010-06-10,1400,A,39.643585228799999,3425.2057637683201,2026-08-20T00:09:10-04:00
12117500,2010-06-11,1570,A,44.457449149440002,3841.1236065116163,2026-08-20T00:09:10-04:00
12117500,2010-06-12,1420,A,40.209922160639998,3474.1372746792963,2026-08-20T00:09:10-04:00
12117500,2010-06-13,1320,A,37.378237501440005,3229.479720124416,2026-08-20T00:09:10-04:00
12117500,2010-06-14,1260,A,35.679226705920001,3082.6851873914879,2026-08-20T00:09:10-04:00
12117500,2010-06-15,1210,A,34.263384376319998,2960.3564101140482,2026-08-20T00:09:10-04:00
12117500,2010-06-16,1170,A,33.13071051264,2862.4933882920959,2026-08-20T00:09:10-04:00
12117500,2010-06-17,1000,A,28.316846592000001,2446.5755455488002,2026-08-20T00:09:10-04:00
12117500,2010-06-18,801,A,22.681794120192002,1959.7070119845889,2026-08-20T00:09:10-04:00
12117500,2010-06-19,682,A,19.312089375744002,1668.5645220642816,2026-08-20T00:09:10-04:00
12117500,2010-06-20,681,A,19.283772529151999,1666.1179465187329,2026-08-20T00:09:10-04:00
12117500,2010-06-21,690,A,19.53862414848,1688.137126428672,2026-08-20T00:09:10-04:00
12117500,2010-06-22,660,A,18.689118750720002,1614.739860062208,2026-08-20T00:09:10-04:00
12117500,2010-06-23,637,A,18.037831279104001,1558.4686225145856,2026-08-20T00:09:10-04:00
12117500,2010-06-24,621,A,17.584761733632,1519.3234137858049,2026-08-20T00:09:10-04:00
12117500,2010-06-25,607,A,17.188325881343999,1485.0713561481216,2026-08-20T00:09:10-04:00
12117500,2010-06-26,595,A,16.84852372224,1455.712449601536,2026-08-20T00:09:10-04:00
12117500,2010-06-27,583,A,16.508721563136,1426.3535430549505,2026-08-20T00:09:10-04:00
12117500,2010-06-28,574,A,16.253869943807999,1404.3343631450111,2026-08-20T00:09:10-04:00
12117500,2010-06-29,557,A,15.772483551744001,1362.7425788706817,2026-08-20T00:09:10-04:00
12117500,2010-06-30,513,A,14.526542301696001,1255.0932548665344,2026-08-20T00:09:10-04:00
12117500,2010-07-01,503,A,14.243373835776,1230.6274994110465,2026-08-20T00:09:10-04:00
12117500,2010-07-02,488,A,13.818621136896001,1193.9288662278145,2026-08-20T00:09:10-04:00
12117500,2010-07-03,460,A,13.02574943232,1125.424750952448,2026-08-20T00:09:10-04:00
12117500,2010-07-04,443,A,12.544363040256,1083.8329666781185,2026-08-20T00:09:10-04:00
12117500,2010-07-05,453,A,12.827531506176001,1108.2987221336064,2026-08-20T00:09:10-04:00
12117500,2010-07-06,436,A,12.346145114112,1066.7069378592769,2026-08-20T00:09:10-04:00
12117500,2010-07-07,425,A,12.0346598016,1039.7946068582401,2026-08-20T00:09:10-04:00
12117500,2010-07-08,415,A,11.751491335680001,1015.328851402752,2026-08-20T00:09:10-04:00
12117500,2010-07-09,406,A,11.496639716352,993.30967149281287,2026-08-20T00:09:10-04:00
12117500,2010-07-10,398,A,11.270104943615999,973.73706712842238,2026-08-20T00:09:10-04:00
12117500,2010-07-11,393,A,11.128520710656,961.50418940067846,2026-08-20T00:09:10-04:00
12117500,2010-07-12,393,A,11.128520710656,961.50418940067846,2026-08-20T00:09:10-04:00
12117500,2010-07-13,390,A,11.043570170880001,954.16446276403201,2026-08-20T00:09:10-04:00
12117500,2010-07-14,383,A,10.845352244736,937.03843394519038,2026-08-20T00:09:10-04:00
12117500,2010-07-15,380,A,10.76040170496,929.69870730854404,2026-08-20T00:09:10-04:00
12117500,2010-07-16,373,A,10.562183778816001,912.57267848970241,2026-08-20T00:09:10-04:00
12117500,2010-07-17,373,A,10.562183778816001,912.57267848970241,2026-08-20T00:09:10-04:00
12117500,2010-07-18,369,A,10.448916392448,902.78637630750723,2026-08-20T00:09:10-04:00
12117500,2010-07-19,364,A,10.307332159488,890.55349857976319,2026-08-20T00:09:10-04:00
12117500,2010-07-20,364,A,10.307332159488,890.55349857976319,2026-08-20T00:09:10-04:00
12117500,2010-07-21,362,A,10.250698466304,885.66034748866559,2026-08-20T00:09:10-04:00
12117500,2010-07-22,359,A,10.165747926528001,878.32062085201926,2026-08-20T00:09:10-04:00
12117500,2010-07-23,363,A,10.279015312896,888.10692303421445,2026-08-20T00:09:10-04:00
12117500,2010-07-24,355,A,10.052480540159999,868.53431866982407,2026-08-20T00:09:10-04:00
12117500,2010-07-25,350,A,9.9108963071999998,856.30144094208003,2026-08-20T00:09:10-04:00
12117500,2010-07-26,347,A,9.8259457674240007,848.96171430543359,2026-08-20T00:09:10-04:00
12117500,2010-07-27,346,A,9.7976289208320004,846.51513875988485,2026-08-20T00:09:10-04:00
12117500,2010-07-28,343,A,9.7126783810559996,839.1754121232384,2026-08-20T00:09:10-04:00
12117500,2010-07-29,339,A,9.5994109946880002,829.38910994104322,2026-08-20T00:09:10-04:00
12117500,2010-07-30,339,A,9.5994109946880002,829.38910994104322,2026-08-20T00:09:10-04:00
12117500,2010-07-31,336,A,9.5144604549120011,822.04938330439677,2026-08-20T00:09:10-04:00
12117500,2010-08-01,336,A,9.5144604549120011,822.04938330439677,2026-08-20T00:09:10-04:00
12117500,2010-08-02,332,A,9.4011930685439999,812.26308112220158,2026-08-20T00:09:10-04:00
12117500,2010-08-03,330,A,9.3445593753600011,807.36993003110399,2026-08-20T00:09:10-04:00
12117500,2010-08-04,344,A,9.7409952276479999,841.62198766878726,2026-08-20T00:09:10-04:00
12117500,2010-08-05,330,A,9.3445593753600011,807.36993003110399,2026-08-20T00:09:10-04:00
12117500,2010-08-06,330,A,9.3445593753600011,807.36993003110399,2026-08-20T00:09:10-04:00
12117500,2010-08-07,328,A,9.2879256821760006,802.4767789400064,2026-08-20T00:09:10-04:00
12117500,2010-08-08,332,A,9.4011930685439999,812.26308112220158,2026-08-20T00:09:10-04:00
12117500,2010-08-09,330,A,9.3445593753600011,807.36993003110399,2026-08-20T00:09:10-04:00
12117500,2010-08-10,330,A,9.3445593753600011,807.36993003110399,2026-08-20T00:09:10-04:00
12117500,2010-08-11,326,A,9.231291988992,797.5836278489088,2026-08-20T00:09:10-04:00
12117500,2010-08-12,322,A,9.1180246026240006,787.79732566671362,2026-08-20T00:09:10-04:00
12117500,2010-08-13,319,A,9.0330740628479997,780.45759903006717,2026-08-20T00:09:10-04:00
12117500,2010-08-14,315,A,8.9198066764800004,770.67129684787199,2026-08-20T00:09:10-04:00
12117500,2010-08-15,314,A,8.8914898298880001,768.22472130232325,2026-08-20T00:09:10-04:00
12117500,2010-08-16,312,A,8.8348561367039995,763.33157021122565,2026-08-20T00:09:10-04:00
12117500,2010-08-17,310,A,8.7782224435200007,758.43841912012806,2026-08-20T00:09:10-04:00
12117500,2010-08-18,307,A,8.6932719037439998,751.09869248348161,2026-08-20T00:09:10-04:00
12117500,2010-08-19,307,A,8.6932719037439998,751.09869248348161,2026-08-20T00:09:10-04:00
12117500,2010-08-20,307,A,8.6932719037439998,751.09869248348161,2026-08-20T00:09:10-04:00
12117500,2010-08-21,303,A,8.5800045173760005,741.31239030128643,2026-08-20T00:09:10-04:00
12117500,2010-08-22,303,A,8.5800045173760005,741.31239030128643,2026-08-20T00:09:10-04:00
12117500,2010-08-23,300,A,8.4950539775999996,733.97266366463998,2026-08-20T00:09:10-04:00
12117500,2010-08-24,300,A,8.4950539775999996,733.97266366463998,2026-08-20T00:09:10-04:00
12117500,2010-08-25,300,A,8.4950539775999996,733.97266366463998,2026-08-20T00:09:10-04:00
12117500,2010-08-26,300,A,8.4950539775999996,733.97266366463998,2026-08-20T00:09:10-04:00
12117500,2010-08-27,300,A,8.4950539775999996,733.97266366463998,2026-08-20T00:09:10-04:00
12117500,2010-08-28,300,A,8.4950539775999996,733.97266366463998,2026-08-20T00:09:10-04:00
12117500,2010-08-29,298,A,8.4384202844160008,729.07951257354239,2026-08-20T00:09:10-04:00
12117500,2010-08-30,295,A,8.3534697446399999,721.73978593689606,2026-08-20T00:09:10-04:00
12117500,2010-08-31,314,A,8.8914898298880001,768.22472130232325,2026-08-20T00:09:10-04:00
12117500,2010-09-01,373,A,10.562183778816001,912.57267848970241,2026-08-20T00:09:10-04:00
12117500,2010-09-02,307,A,8.6932719037439998,751.09869248348161,2026-08-20T00:09:10-04:00
12117500,2010-09-03,298,A,8.4384202844160008,729.07951257354239,2026-08-20T00:09:10-04:00
12117500,2010-09-04,297,A,8.4101034378240005,726.63293702799365,2026-08-20T00:09:10-04:00
12117500,2010-09-05,296,A,8.3817865912320002,724.1863614824448,2026-08-20T00:09:10-04:00
12117500,2010-09-06,299,A,8.4667371310080011,731.52608811909124,2026-08-20T00:09:10-04:00
12117500,2010-09-07,328,A,9.2879256821760006,802.4767789400064,2026-08-20T00:09:10-04:00
12117500,2010-09-08,339,A,9.5994109946880002,829.38910994104322,2026-08-20T00:09:10-04:00
12117500,2010-09-09,339,A,9.5994109946880002,829.38910994104322,2026-08-20T00:09:10-04:00
12117500,2010-09-10,322,A,9.1180246026240006,787.79732566671362,2026-08-20T00:09:10-04:00
12117500,2010-09-11,311,A,8.806539290112001,760.8849946656768,2026-08-20T00:09:10-04:00
12117500,2010-09-12,301,A,8.5233708241919999,736.41923921018883,2026-08-20T00:09:10-04:00
12117500,2010-09-13,295,A,8.3534697446399999,721.73978593689606,2026-08-20T00:09:10-04:00
12117500,2010-09-14,291,A,8.2402023582720005,711.95348375470087,2026-08-20T00:09:10-04:00
12117500,2010-09-15,289,A,8.183568665088,707.06033266360328,2026-08-20T00:09:10-04:00
12117500,2010-09-16,304,A,8.6083213639680007,743.75896584683528,2026-08-20T00:09:10-04:00
12117500,2010-09-17,302,A,8.5516876707840002,738.86581475573757,2026-08-20T00:09:10-04:00
12117500,2010-09-18,310,A,8.7782224435200007,758.43841912012806,2026-08-20T00:09:10-04:00
12117500,2010-09-19,353,A,9.9958468469760007,863.64116757872648,2026-08-20T00:09:10-04:00
12117500,2010-09-20,435,A,12.317828267519999,1064.2603623137281,2026-08-20T00:09:10-04:00
12117500,2010-09-21,491,A,13.903571676672,1201.2685928644607,2026-08-20T00:09:10-04:00
12117500,2010-09-22,485,A,13.73367059712,1186.5891395911681,2026-08-20T00:09:10-04:00
12117500,2010-09-23,470,A,13.308917898240001,1149.8905064079361,2026-08-20T00:09:10-04:00
12117500,2010-09-24,468,A,13.252284205056,1144.9973553168384,2026-08-20T00:09:10-04:00
12117500,2010-09-25,456,A,12.912482045952,1115.6384487702528,2026-08-20T00:09:10-04:00
12117500,2010-09-26,467,A,13.223967358464,1142.5507797712896,2026-08-20T00:09:10-04:00
12117500,2010-09-27,497,A,14.073472756224,1215.9480461377536,2026-08-20T00:09:10-04:00
12117500,2010-09-28,524,A,14.838027614208,1282.0055858675712,2026-08-20T00:09:10-04:00
12117500,2010-09-29,502,A,14.215056989184001,1228.1809238654976,2026-08-20T00:09:10-04:00
12117500,2010-09-30,480,A,13.59208636416,1174.3562618634242,2026-08-20T00:09:10-04:00
12117500,2010-10-01,490,A,13.875254830080001,1198.822017318912,2026-08-20T00:09:10-04:00
12117500,2010-10-02,493,A,13.960205369856,1206.1617439555584,2026-08-20T00:09:10-04:00
12117500,2010-10-03,489,A,13.846937983488001,1196.3754417733633,2026-08-20T00:09:10-04:00
12117500,2010-10-04,488,A,13.818621136896001,1193.9288662278145,2026-08-20T00:09:10-04:00
12117500,2010-10-05,483,A,13.677036903936001,1181.6959885000704,2026-08-20T00:09:10-04:00
12117500,2010-10-06,478,A,13.535452670976001,1169.4631107723264,2026-08-20T00:09:10-04:00
12117500,2010-10-07,476,A,13.478818977792001,1164.5699596812287,2026-08-20T00:09:10-04:00
12117500,2010-10-08,478,A,13.535452670976001,1169.4631107723264,2026-08-20T00:09:10-04:00
12117500,2010-10-09,488,A,13.818621136896001,1193.9288662278145,2026-08-20T00:09:10-04:00
12117500,2010-10-10,616,A,17.443177500672,1507.0905360580609,2026-08-20T00:09:10-04:00
12117500,2010-10-11,475,A,13.4505021312,1162.12338413568,2026-08-20T00:09:10-04:00
12117500,2010-10-12,434,A,12.289511420928001,1061.8137867681792,2026-08-20T00:09:10-04:00
12117500,2010-10-13,415,A,11.751491335680001,1015.328851402752,2026-08-20T00:09:10-04:00
12117500,2010-10-14,409,A,11.581590256128001,1000.6493981294592,2026-08-20T00:09:10-04:00
12117500,2010-10-15,509,A,14.413274915328,1245.3069526843392,2026-08-20T00:09:10-04:00
12117500,2010-10-16,523,A,14.809710767616,1279.5590103220225,2026-08-20T00:09:10-04:00
12117500,2010-10-17,516,A,14.611492841472,1262.4329815031808,2026-08-20T00:09:10-04:00
12117500,2010-10-18,511,A,14.469908608512,1250.2001037754369,2026-08-20T00:09:10-04:00
12117500,2010-10-19,510,A,14.44159176192,1247.7535282298879,2026-08-20T00:09:10-04:00
12117500,2010-10-20,501,A,14.186740142592001,1225.7343483199488,2026-08-20T00:09:10-04:00
12117500,2010-10-21,492,A,13.931888523264,1203.7151684100097,2026-08-20T00:09:10-04:00
12117500,2010-10-22,493,A,13.960205369856,1206.1617439555584,2026-08-20T00:09:10-04:00
12117500,2010-10-23,490,A,13.875254830080001,1198.822017318912,2026-08-20T00:09:10-04:00
12117500,2010-10-24,539,A,15.262780313088001,1318.7042190508032,2026-08-20T00:09:10-04:00
12117500,2010-10-25,586,A,16.593672102912002,1433.6932696915969,2026-08-20T00:09:10-04:00
12117500,2010-10-26,539,A,15.262780313088001,1318.7042190508032,2026-08-20T00:09:10-04:00
12117500,2010-10-27,635,A,17.98119758592,1553.5754714234881,2026-08-20T00:09:10-04:00
12117500,2010-10-28,555,A,15.71584985856,1357.8494277795839,2026-08-20T00:09:10-04:00
12117500,2010-10-29,518,A,14.668126534656,1267.3261325942785,2026-08-20T00:09:10-04:00
12117500,2010-10-30,492,A,13.931888523264,1203.7151684100097,2026-08-20T00:09:10-04:00
12117500,2010-10-31,504,A,14.271690682368,1233.0740749565953,2026-08-20T00:09:10-04:00
12117500,2010-11-01,658,A,18.632485057536002,1609.8467089711105,2026-08-20T00:09:10-04:00
12117500,2010-11-02,757,A,21.435852870144,1852.0576879804416,2026-08-20T00:09:10-04:00
12117500,2010-11-03,620,A,17.556444887040001,1516.8768382402561,2026-08-20T00:09:10-04:00
12117500,2010-11-04,559,A,15.829117244928,1367.6357299617791,2026-08-20T00:09:10-04:00
12117500,2010-11-05,523,A,14.809710767616,1279.5590103220225,2026-08-20T00:09:10-04:00
12117500,2010-11-06,794,A,22.483576194048002,1942.5809831657473,2026-08-20T00:09:10-04:00
12117500,2010-11-07,1080,A,30.582194319359999,2642.3015891927039,2026-08-20T00:09:10-04:00
12117500,2010-11-08,1030,A,29.166351989760003,2519.9728119152642,2026-08-20T00:09:10-04:00
12117500,2010-11-09,1010,A,28.60001505792,2471.041301004288,2026-08-20T00:09:10-04:00
12117500,2010-11-10,1000,A,28.316846592000001,2446.5755455488002,2026-08-20T00:09:10-04:00
12117500,2010-11-11,995,A,28.175262359040001,2434.3426678210562,2026-08-20T00:09:10-04:00
12117500,2010-11-12,988,A,27.977044432896001,2417.2166390022144,2026-08-20T00:09:10-04:00
12117500,2010-11-13,986,A,27.920410739712,2412.3234879111169,2026-08-20T00:09:10-04:00
12117500,2010-11-14,1040,A,29.449520455680002,2544.438567370752,2026-08-20T00:09:10-04:00
12117500,2010-11-15,1130,A,31.998036648959999,2764.6303664701441,2026-08-20T00:09:10-04:00
12117500,2010-11-16,1210,A,34.263384376319998,2960.3564101140482,2026-08-20T00:09:10-04:00
12117500,2010-11-17,1190,A,33.697047444479999,2911.4248992030721,2026-08-20T00:09:10-04:00
12117500,2010-11-18,1180,A,33.41387897856,2886.9591437475842,2026-08-20T00:09:10-04:00
12117500,2010-11-19,1140,A,32.281205114880002,2789.0961219256319,2026-08-20T00:09:10-04:00
12117500,2010-11-20,1100,A,31.148531251200001,2691.23310010368,2026-08-20T00:09:10-04:00
12117500,2010-11-21,1070,A,30.29902585344,2617.835833737216,2026-08-20T00:09:10-04:00
12117500,2010-11-22,1050,A,29.732688921600001,2568.9043228262399,2026-08-20T00:09:10-04:00
12117500,2010-11-23,1020,A,28.88318352384,2495.5070564597759,2026-08-20T00:09:10-04:00
12117500,2010-11-24,1000,A,28.316846592000001,2446.5755455488002,2026-08-20T00:09:10-04:00
12117500,2010-11-25,1000,A,28.316846592000001,2446.5755455488002,2026-08-20T00:09:10-04:00
12117500,2010-11-26,1020,A,28.88318352384,2495.5070564597759,2026-08-20T00:09:10-04:00
12117500,2010-11-27,1040,A,29.449520455680002,2544.438567370752,2026-08-20T00:09:10-04:00
12117500,2010-11-28,1020,A,28.88318352384,2495.5070564597759,2026-08-20T00:09:10-04:00
12117500,2010-11-29,996,A,28.203579205632,2436.7892433666048,2026-08-20T00:09:10-04:00
12117500,2010-11-30,981,A,27.778826506752001,2400.090610183373,2026-08-20T00:09:10-04:00
12117500,2010-12-01,899,A,25.456845086208002,2199.4714154483713,2026-08-20T00:09:10-04:00
12117500,2010-12-02,648,A,18.349316591615999,1585.3809535156224,2026-08-20T00:09:10-04:00
12117500,2010-12-03,592,A,16.763573182464,1448.3727229648896,2026-08-20T00:09:10-04:00
12117500,2010-12-04,804,A,22.766744659968001,1967.0467386212354,2026-08-20T00:09:10-04:00
12117500,2010-12-05,792,A,22.426942500864001,1937.6878320746496,2026-08-20T00:09:10-04:00
12117500,2010-12-06,777,A,22.002189801984002,1900.9891988914176,2026-08-20T00:09:10-04:00
12117500,2010-12-07,771,A,21.832288722432001,1886.3097456181249,2026-08-20T00:09:10-04:00
12117500,2010-12-08,822,A,23.276447898623999,2011.0850984411136,2026-08-20T00:09:10-04:00
12117500,2010-12-09,926,A,26.221399944192001,2265.5289551781889,2026-08-20T00:09:10-04:00
12117500,2010-12-10,1140,A,32.281205114880002,2789.0961219256319,2026-08-20T00:09:10-04:00
12117500,2010-12-11,876,A,24.805557614592001,2143.2001779007487,2026-08-20T00:09:10-04:00
12117500,2010-12-12,1440,A,40.776259092480004,3523.068785590272,2026-08-20T00:09:10-04:00
12117500,2010-12-13,1570,A,44.457449149440002,3841.1236065116163,2026-08-20T00:09:10-04:00
12117500,2010-12-14,1410,A,39.926753694719999,3449.671519223808,2026-08-20T00:09:10-04:00
12117500,2010-12-15,1530,A,43.324775285759998,3743.260584689664,2026-08-20T00:09:10-04:00
12117500,2010-12-16,1520,A,43.041606819839998,3718.7948292341762,2026-08-20T00:09:10-04:00
12117500,2010-12-17,1680,A,47.572302274560002,4110.2469165219845,2026-08-20T00:09:10-04:00
12117500,2010-12-18,1620,A,45.873291479039999,3963.4523837890561,2026-08-20T00:09:10-04:00
12117500,2010-12-19,1600,A,45.3069545472,3914.5208728780799,2026-08-20T00:09:10-04:00
12117500,2010-12-20,1600,A,45.3069545472,3914.5208728780799,2026-08-20T00:09:10-04:00
12117500,2010-12-21,1630,A,46.156459944959998,3987.9181392445439,2026-08-20T00:09:10-04:00
12117500,2010-12-22,1560,A,44.174280683520003,3816.657851056128,2026-08-20T00:09:10-04:00
12117500,2010-12-23,1330,A,37.661405967360004,3253.9454755799043,2026-08-20T00:09:10-04:00
12117500,2010-12-24,1330,A,37.661405967360004,3253.9454755799043,2026-08-20T00:09:10-04:00
12117500,2010-12-25,1360,A,38.510911365120002,3327.3427419463683,2026-08-20T00:09:10-04:00
12117500,2010-12-26,1320,A,37.378237501440005,3229.479720124416,2026-08-20T00:09:10-04:00
12117500,2010-12-27,1280,A,36.24556363776,3131.6166983024641,2026-08-20T00:09:10-04:00
12117500,2010-12-28,1160,A,32.847542046720001,2838.0276328366081,2026-08-20T00:09:10-04:00
12117500,2010-12-29,1060,A,30.015857387520001,2593.3700782817282,2026-08-20T00:09:10-04:00
12117500,2010-12-30,880,A,24.918825000960002,2152.9864800829441,2026-08-20T00:09:10-04:00
12117500,2010-12-31,853,A,24.154270142975999,2086.9289403531266,2026-08-20T00:09:10-04:00
12117500,2011-01-01,834,A,23.616250057727999,2040.4440049876994,2026-08-20T00:09:10-04:00
12117500,2011-01-02,826,A,23.389715284992,2020.8714006233088,2026-08-20T00:09:10-04:00
12117500,2011-01-03,805,A,22.79506150656,1969.4933141667841,2026-08-20T00:09:10-04:00
12117500,2011-01-04,693,A,19.623574688255999,1695.4768530653184,2026-08-20T00:09:10-04:00
12117500,2011-01-05,624,A,17.669712273407999,1526.6631404224513,2026-08-20T00:09:10-04:00
12117500,2011-01-06,705,A,19.963376847359999,1724.835759611904,2026-08-20T00:09:10-04:00
12117500,2011-01-07,903,A,25.570112472576,2209.2577176305663,2026-08-20T00:09:10-04:00
12117500,2011-01-08,878,A,24.862191307776001,2148.0933289918466,2026-08-20T00:09:10-04:00
12117500,2011-01-09,785,A,22.228724574720001,1920.5618032558082,2026-08-20T00:09:10-04:00
12117500,2011-01-10,796,A,22.540209887231999,1947.4741342568448,2026-08-20T00:09:10-04:00
12117500,2011-01-11,1130,A,31.998036648959999,2764.6303664701441,2026-08-20T00:09:10-04:00
12117500,2011-01-12,1250,A,35.396058240000002,3058.2194319360001,2026-08-20T00:09:10-04:00
12117500,2011-01-13,1460,A,41.342596024320002,3572.0002965012482,2026-08-20T00:09:10-04:00
12117500,2011-01-14,1430,A,40.493090626560004,3498.6030301347841,2026-08-20T00:09:10-04:00
12117500,2011-01-15,1320,A,37.378237501440005,3229.479720124416,2026-08-20T00:09:10-04:00
12117500,2011-01-16,2260,A,63.996073297919999,5529.2607329402881,2026-08-20T00:09:10-04:00
12117500,2011-01-17,4290,A,121.47927187968,10495.809090404353,2026-08-20T00:09:10-04:00
12117500,2011-01-18,4480,A,126.85947273216,10960.658444058625,2026-08-20T00:09:10-04:00
12117500,2011-01-19,4010,A,113.55055483392,9810.7679376506876,2026-08-20T00:09:10-04:00
12117500,2011-01-20,3500,A,99.108963072000009,8563.0144094208008,2026-08-20T00:09:10-04:00
12117500,2011-01-21,3440,A,97.409952276479999,8416.2198766878719,2026-08-20T00:09:10-04:00
12117500,2011-01-22,3790,A,107.32084858368,9272.521317629953,2026-08-20T00:09:10-04:00
12117500,2011-01-23,3600,A,101.9406477312,8807.6719639756811,2026-08-20T00:09:10-04:00
12117500,2011-01-24,3770,A,106.75451165184001,9223.5898067189755,2026-08-20T00:09:10-04:00
12117500,2011-01-25,3720,A,105.33866932224001,9101.2610294415372,2026-08-20T00:09:10-04:00
12117500,2011-01-26,2380,A,67.394094888959998,5822.8497984061441,2026-08-20T00:09:10-04:00
12117500,2011-01-27,2200,A,62.297062502400003,5382.4662002073601,2026-08-20T00:09:10-04:00
12117500,2011-01-28,1810,A,51.25349233152,4428.3017374433284,2026-08-20T00:09:10-04:00
12117500,2011-01-29,1870,A,52.952503127040004,4575.0962701762564,2026-08-20T00:09:10-04:00
12117500,2011-01-30,1880,A,53.235671592960003,4599.5620256317443,2026-08-20T00:09:10-04:00
12117500,2011-01-31,1810,A,51.25349233152,4428.3017374433284,2026-08-20T00:09:10-04:00
12117500,2011-02-01,1760,A,49.837650001920004,4305.9729601658883,2026-08-20T00:09:10-04:00
12117500,2011-02-02,1720,A,48.704976138239999,4208.1099383439359,2026-08-20T00:09:10-04:00
12117500,2011-02-03,1640,A,46.439628410880005,4012.3838947000322,2026-08-20T00:09:10-04:00
12117500,2011-02-04,1550,A,43.891112217600003,3792.1920956006402,2026-08-20T00:09:10-04:00
12117500,2011-02-05,1470,A,41.625764490240002,3596.466051956736,2026-08-20T00:09:10-04:00
12117500,2011-02-06,1470,A,41.625764490240002,3596.466051956736,2026-08-20T00:09:10-04:00
12117500,2011-02-07,1610,A,45.590123013119999,3938.9866283335682,2026-08-20T00:09:10-04:00
12117500,2011-02-08,1800,A,50.970323865600001,4403.8359819878406,2026-08-20T00:09:10-04:00
12117500,2011-02-09,1900,A,53.802008524800002,4648.49353654272,2026-08-20T00:09:10-04:00
12117500,2011-02-10,1850,A,52.386166195200005,4526.1647592652798,2026-08-20T00:09:10-04:00
12117500,2011-02-11,1570,A,44.457449149440002,3841.1236065116163,2026-08-20T00:09:10-04:00
12117500,2011-02-12,1440,A,40.776259092480004,3523.068785590272,2026-08-20T00:09:10-04:00
12117500,2011-02-13,1390,A,39.36041676288,3400.7400083128323,2026-08-20T00:09:10-04:00
12117500,2011-02-14,1340,A,37.944574433280003,3278.4112310353921,2026-08-20T00:09:10-04:00
12117500,2011-02-15,1100,A,31.148531251200001,2691.23310010368,2026-08-20T00:09:10-04:00
12117500,2011-02-16,944,A,26.731103182847999,2309.5673149980671,2026-08-20T00:09:10-04:00
12117500,2011-02-17,828,A,23.446348978176001,2025.7645517144065,2026-08-20T00:09:10-04:00
12117500,2011-02-18,719,A,20.359812699648,1759.0878172495873,2026-08-20T00:09:10-04:00
12117500,2011-02-19,679,A,19.227138835967999,1661.2247954276352,2026-08-20T00:09:10-04:00
12117500,2011-02-20,662,A,18.745752443903999,1619.6330111533057,2026-08-20T00:09:10-04:00
12117500,2011-02-21,648,A,18.349316591615999,1585.3809535156224,2026-08-20T00:09:10-04:00
12117500,2011-02-22,645,A,18.26436605184,1578.041226878976,2026-08-20T00:09:10-04:00
12117500,2011-02-23,632,A,17.896247046144001,1546.2357447868417,2026-08-20T00:09:10-04:00
12117500,2011-02-24,619,A,17.528128040447999,1514.4302626947072,2026-08-20T00:09:10-04:00
12117500,2011-02-25,606,A,17.160009034752001,1482.6247806025729,2026-08-20T00:09:10-04:00
12117500,2011-02-26,606,A,17.160009034752001,1482.6247806025729,2026-08-20T00:09:10-04:00
12117500,2011-02-27,600,A,16.990107955199999,1467.94532732928,2026-08-20T00:09:10-04:00
12117500,2011-02-28,623,A,17.641395426816,1524.2165648769023,2026-08-20T00:09:10-04:00
12117500,2011-03-01,597,A,16.905157415424,1460.6056006926337,2026-08-20T00:09:10-04:00
12117500,2011-03-02,612,A,17.329910114303999,1497.3042338758657,2026-08-20T00:09:10-04:00
12117500,2011-03-03,612,A,17.329910114303999,1497.3042338758657,2026-08-20T00:09:10-04:00
12117500,2011-03-04,605,A,17.131692188159999,1480.1782050570241,2026-08-20T00:09:10-04:00
12117500,2011-03-05,624,A,17.669712273407999,1526.6631404224513,2026-08-20T00:09:10-04:00
12117500,2011-03-06,605,A,17.131692188159999,1480.1782050570241,2026-08-20T00:09:10-04:00
12117500,2011-03-07,594,A,16.820206875648001,1453.2658740559873,2026-08-20T00:09:10-04:00
12117500,2011-03-08,597,A,16.905157415424,1460.6056006926337,2026-08-20T00:09:10-04:00
12117500,2011-03-09,676,A,19.142188296192,1653.885068790989,2026-08-20T00:09:10-04:00
12117500,2011-03-10,1020,A,28.88318352384,2495.5070564597759,2026-08-20T00:09:10-04:00
12117500,2011-03-11,872,A,24.692290228224,2133.4138757185538,2026-08-20T00:09:10-04:00
12117500,2011-03-12,963,A,27.269123268095999,2356.0522503634943,2026-08-20T00:09:10-04:00
12117500,2011-03-13,1000,A,28.316846592000001,2446.5755455488002,2026-08-20T00:09:10-04:00
12117500,2011-03-14,1020,A,28.88318352384,2495.5070564597759,2026-08-20T00:09:10-04:00
12117500,2011-03-15,1010,A,28.60001505792,2471.041301004288,2026-08-20T00:09:10-04:00
12117500,2011-03-16,1020,A,28.88318352384,2495.5070564597759,2026-08-20T00:09:10-04:00
12117500,2011-03-17,956,A,27.070905341952002,2338.9262215446529,2026-08-20T00:09:10-04:00
12117500,2011-03-18,921,A,26.079815711232001,2253.296077450445,2026-08-20T00:09:10-04:00
12117500,2011-03-19,949,A,26.872687415808002,2321.8001927258115,2026-08-20T00:09:10-04:00
12117500,2011-03-20,1210,A,34.263384376319998,2960.3564101140482,2026-08-20T00:09:10-04:00
12117500,2011-03-21,1230,A,34.829721308160003,3009.2879210250239,2026-08-20T00:09:10-04:00
12117500,2011-03-22,1090,A,30.865362785280002,2666.7673446481922,2026-08-20T00:09:10-04:00
12117500,2011-03-23,908,A,25.711696705535999,2221.4905953583107,2026-08-20T00:09:10-04:00
12117500,2011-03-24,876,A,24.805557614592001,2143.2001779007487,2026-08-20T00:09:10-04:00
12117500,2011-03-25,883,A,25.003775540736001,2160.3262067195906,2026-08-20T00:09:10-04:00
12117500,2011-03-26,874,A,24.748923921408,2138.3070268096512,2026-08-20T00:09:10-04:00
12117500,2011-03-27,879,A,24.890508154368,2150.5399045373952,2026-08-20T00:09:10-04:00
12117500,2011-03-28,883,A,25.003775540736001,2160.3262067195906,2026-08-20T00:09:10-04:00
12117500,2011-03-29,899,A,25.456845086208002,2199.4714154483713,2026-08-20T00:09:10-04:00
12117500,2011-03-30,1410,A,39.926753694719999,3449.671519223808,2026-08-20T00:09:10-04:00
12117500,2011-03-31,1570,A,44.457449149440002,3841.1236065116163,2026-08-20T00:09:10-04:00
12117500,2011-04-01,1510,A,42.758438353919999,3694.3290737786883,2026-08-20T00:09:10-04:00
12117500,2011-04-02,2040,A,57.766367047679999,4991.0141129195517,2026-08-20T00:09:10-04:00
12117500,2011-04-03,1920,A,54.36834545664,4697.4250474536966,2026-08-20T00:09:10-04:00
12117500,2011-04-04,1840,A,52.102997729279998,4501.699003809792,2026-08-20T00:09:10-04:00
12117500,2011-04-05,1760,A,49.837650001920004,4305.9729601658883,2026-08-20T00:09:10-04:00
12117500,2011-04-06,1920,A,54.36834545664,4697.4250474536966,2026-08-20T00:09:10-04:00
12117500,2011-04-07,1970,A,55.784187786240004,4819.7538247311359,2026-08-20T00:09:10-04:00
12117500,2011-04-08,1950,A,55.217850854399998,4770.8223138201602,2026-08-20T00:09:10-04:00
12117500,2011-04-09,1910,A,54.085176990720001,4672.9592919982078,2026-08-20T00:09:10-04:00
12117500,2011-04-10,1900,A,53.802008524800002,4648.49353654272,2026-08-20T00:09:10-04:00
12117500,2011-04-11,1910,A,54.085176990720001,4672.9592919982078,2026-08-20T00:09:10-04:00
12117500,2011-04-12,1880,A,53.235671592960003,4599.5620256317443,2026-08-20T00:09:10-04:00
12117500,2011-04-13,1870,A,52.952503127040004,4575.0962701762564,2026-08-20T00:09:10-04:00
12117500,2011-04-14,1810,A,51.25349233152,4428.3017374433284,2026-08-20T00:09:10-04:00
12117500,2011-04-15,1670,A,47.289133808640003,4085.7811610664962,2026-08-20T00:09:10-04:00
12117500,2011-04-16,1690,A,47.855470740480001,4134.7126719774724,2026-08-20T00:09:10-04:00
12117500,2011-04-17,1670,A,47.289133808640003,4085.7811610664962,2026-08-20T00:09:10-04:00
12117500,2011-04-18,1660,A,47.005965342720003,4061.3154056110079,2026-08-20T00:09:10-04:00
12117500,2011-04-19,1620,A,45.873291479039999,3963.4523837890561,2026-08-20T00:09:10-04:00
12117500,2011-04-20,1600,A,45.3069545472,3914.5208728780799,2026-08-20T00:09:10-04:00
12117500,2011-04-21,1540,A,43.607943751680004,3767.7263401451523,2026-08-20T00:09:10-04:00
12117500,2011-04-22,1320,A,37.378237501440005,3229.479720124416,2026-08-20T00:09:10-04:00
12117500,2011-04-23,1290,A,36.528732103679999,3156.082453757952,2026-08-20T00:09:10-04:00
12117500,2011-04-24,1290,A,36.528732103679999,3156.082453757952,2026-08-20T00:09:10-04:00
12117500,2011-04-25,1280,A,36.24556363776,3131.6166983024641,2026-08-20T00:09:10-04:00
12117500,2011-04-26,958,A,27.127539035136,2343.8193726357504,2026-08-20T00:09:10-04:00
12117500,2011-04-27,837,A,23.701200597504002,2047.7837316243456,2026-08-20T00:09:10-04:00
12117500,2011-04-28,832,A,23.559616364544002,2035.5508538966017,2026-08-20T00:09:10-04:00
12117500,2011-04-29,813,A,23.021596279296002,1989.0659185311745,2026-08-20T00:09:10-04:00
12117500,2011-04-30,817,A,23.134863665664,1998.8522207133697,2026-08-20T00:09:10-04:00
12117500,2011-05-01,790,A,22.370308807680001,1932.7946809835521,2026-08-20T00:09:10-04:00
12117500,2011-05-02,801,A,22.681794120192002,1959.7070119845889,2026-08-20T00:09:10-04:00
12117500,2011-05-03,805,A,22.79506150656,1969.4933141667841,2026-08-20T00:09:10-04:00
12117500,2011-05-04,785,A,22.228724574720001,1920.5618032558082,2026-08-20T00:09:10-04:00
12117500,2011-05-05,777,A,22.002189801984002,1900.9891988914176,2026-08-20T00:09:10-04:00
12117500,2011-05-06,800,A,22.6534772736,1957.2604364390399,2026-08-20T00:09:10-04:00
12117500,2011-05-07,869,A,24.607339688448,2126.0741490819073,2026-08-20T00:09:10-04:00
12117500,2011-05-08,907,A,25.683379858944001,2219.0440198127617,2026-08-20T00:09:10-04:00
12117500,2011-05-09,879,A,24.890508154368,2150.5399045373952,2026-08-20T00:09:10-04:00
12117500,2011-05-10,899,A,25.456845086208002,2199.4714154483713,2026-08-20T00:09:10-04:00
12117500,2011-05-11,896,A,25.371894546431999,2192.1316888117249,2026-08-20T00:09:10-04:00
12117500,2011-05-12,901,A,25.513478779391999,2204.3645665394688,2026-08-20T00:09:10-04:00
12117500,2011-05-13,869,A,24.607339688448,2126.0741490819073,2026-08-20T00:09:10-04:00
12117500,2011-05-14,865,A,24.494072302079999,2116.2878468997119,2026-08-20T00:09:10-04:00
12117500,2011-05-15,1190,A,33.697047444479999,2911.4248992030721,2026-08-20T00:09:10-04:00
12117500,2011-05-16,1190,A,33.697047444479999,2911.4248992030721,2026-08-20T00:09:10-04:00
12117500,2011-05-17,1370,A,38.794079831040001,3351.8084974018561,2026-08-20T00:09:10-04:00
12117500,2011-05-18,1370,A,38.794079831040001,3351.8084974018561,2026-08-20T00:09:10-04:00
12117500,2011-05-19,1340,A,37.944574433280003,3278.4112310353921,2026-08-20T00:09:10-04:00
12117500,2011-05-20,1320,A,37.378237501440005,3229.479720124416,2026-08-20T00:09:10-04:00
12117500,2011-05-21,1310,A,37.095069035519998,3205.0139646689281,2026-08-20T00:09:10-04:00
12117500,2011-05-22,1300,A,36.811900569599999,3180.5482092134403,2026-08-20T00:09:10-04:00
12117500,2011-05-23,1290,A,36.528732103679999,3156.082453757952,2026-08-20T00:09:10-04:00
12117500,2011-05-24,1270,A,35.962395171840001,3107.1509428469762,2026-08-20T00:09:10-04:00
12117500,2011-05-25,1270,A,35.962395171840001,3107.1509428469762,2026-08-20T00:09:10-04:00
12117500,2011-05-26,1240,A,35.112889774080003,3033.7536764805122,2026-08-20T00:09:10-04:00
12117500,2011-05-27,1080,A,30.582194319359999,2642.3015891927039,2026-08-20T00:09:10-04:00
12117500,2011-05-28,1070,A,30.29902585344,2617.835833737216,2026-08-20T00:09:10-04:00
12117500,2011-05-29,1040,A,29.449520455680002,2544.438567370752,2026-08-20T00:09:10-04:00
12117500,2011-05-30,1010,A,28.60001505792,2471.041301004288,2026-08-20T00:09:10-04:00
12117500,2011-05-31,898,A,25.428528239616,2197.0248399028224,2026-08-20T00:09:10-04:00
12117500,2011-06-01,946,A,26.787736876032,2314.460466089165,2026-08-20T00:09:10-04:00
12117500,2011-06-02,1050,A,29.732688921600001,2568.9043228262399,2026-08-20T00:09:10-04:00
12117500,2011-06-03,1000,A,28.316846592000001,2446.5755455488002,2026-08-20T00:09:10-04:00
12117500,2011-06-04,956,A,27.070905341952002,2338.9262215446529,2026-08-20T00:09:10-04:00
12117500,2011-06-05,934,A,26.447934716928,2285.1015595425793,2026-08-20T00:09:10-04:00
12117500,2011-06-06,953,A,26.985954802176,2331.5864949080064,2026-08-20T00:09:10-04:00
12117500,2011-06-07,1040,A,29.449520455680002,2544.438567370752,2026-08-20T00:09:10-04:00
12117500,2011-06-08,1090,A,30.865362785280002,2666.7673446481922,2026-08-20T00:09:10-04:00
12117500,2011-06-09,1130,A,31.998036648959999,2764.6303664701441,2026-08-20T00:09:10-04:00
12117500,2011-06-10,1260,A,35.679226705920001,3082.6851873914879,2026-08-20T00:09:10-04:00
12117500,2011-06-11,1240,A,35.112889774080003,3033.7536764805122,2026-08-20T00:09:10-04:00
12117500,2011-06-12,1230,A,34.829721308160003,3009.2879210250239,2026-08-20T00:09:10-04:00
12117500,2011-06-13,1200,A,33.980215910399998,2935.8906546585599,2026-08-20T00:09:10-04:00
12117500,2011-06-14,1040,A,29.449520455680002,2544.438567370752,2026-08-20T00:09:10-04:00
12117500,2011-06-15,944,A,26.731103182847999,2309.5673149980671,2026-08-20T00:09:10-04:00
12117500,2011-06-16,916,A,25.938231478272002,2241.063199722701,2026-08-20T00:09:10-04:00
12117500,2011-06-17,900,A,25.485161932800001,2201.9179909939203,2026-08-20T00:09:10-04:00
12117500,2011-06-18,939,A,26.589518949887999,2297.3344372703232,2026-08-20T00:09:10-04:00
12117500,2011-06-19,969,A,27.439024347648001,2370.7317036367872,2026-08-20T00:09:10-04:00
12117500,2011-06-20,956,A,27.070905341952002,2338.9262215446529,2026-08-20T00:09:10-04:00
12117500,2011-06-21,969,A,27.439024347648001,2370.7317036367872,2026-08-20T00:09:10-04:00
12117500,2011-06-22,951,A,26.929321108991999,2326.693343816909,2026-08-20T00:09:10-04:00
12117500,2011-06-23,940,A,26.617835796480001,2299.7810128158721,2026-08-20T00:09:10-04:00
12117500,2011-06-24,978,A,27.693875966976002,2392.7508835467265,2026-08-20T00:09:10-04:00
12117500,2011-06-25,971,A,27.495658040832001,2375.6248547278847,2026-08-20T00:09:10-04:00
12117500,2011-06-26,945,A,26.759420029440001,2312.0138905436161,2026-08-20T00:09:10-04:00
12117500,2011-06-27,912,A,25.824964091904,2231.2768975405056,2026-08-20T00:09:10-04:00
12117500,2011-06-28,793,A,22.455259347456,1940.1344076201985,2026-08-20T00:09:10-04:00
12117500,2011-06-29,727,A,20.586347472384002,1778.6604216139776,2026-08-20T00:09:10-04:00
12117500,2011-06-30,729,A,20.642981165567999,1783.5535727050753,2026-08-20T00:09:10-04:00
12117500,2011-07-01,718,A,20.331495853056001,1756.6412417040385,2026-08-20T00:09:10-04:00
12117500,2011-07-02,709,A,20.076644233728,1734.6220617940992,2026-08-20T00:09:10-04:00
12117500,2011-07-03,704,A,19.935060000768001,1722.3891840663553,2026-08-20T00:09:10-04:00
12117500,2011-07-04,697,A,19.736842074624001,1705.2631552475136,2026-08-20T00:09:10-04:00
12117500,2011-07-05,675,A,19.113871449600001,1651.43849324544,2026-08-20T00:09:10-04:00
12117500,2011-07-06,639,A,18.094464972288002,1563.3617736056833,2026-08-20T00:09:10-04:00
12117500,2011-07-07,625,A,17.698029120000001,1529.109715968,2026-08-20T00:09:10-04:00
12117500,2011-07-08,558,A,15.800800398336001,1365.1891544162304,2026-08-20T00:09:10-04:00
12117500,2011-07-09,548,A,15.517631932416,1340.7233989607425,2026-08-20T00:09:10-04:00
12117500,2011-07-10,521,A,14.753077074432001,1274.6658592309248,2026-08-20T00:09:10-04:00
12117500,2011-07-11,461,A,13.054066278912,1127.8713264979967,2026-08-20T00:09:10-04:00
12117500,2011-07-12,439,A,12.431095653888001,1074.0466644959233,2026-08-20T00:09:10-04:00
12117500,2011-07-13,478,A,13.535452670976001,1169.4631107723264,2026-08-20T00:09:10-04:00
12117500,2011-07-14,457,A,12.940798892544001,1118.0850243158015,2026-08-20T00:09:10-04:00
12117500,2011-07-15,445,A,12.600996733440001,1088.726117769216,2026-08-20T00:09:10-04:00
12117500,2011-07-16,444,A,12.572679886848,1086.2795422236672,2026-08-20T00:09:10-04:00
12117500,2011-07-17,468,A,13.252284205056,1144.9973553168384,2026-08-20T00:09:10-04:00
12117500,2011-07-18,443,A,12.544363040256,1083.8329666781185,2026-08-20T00:09:10-04:00
12117500,2011-07-19,437,A,12.374461960704,1069.1535134048256,2026-08-20T00:09:10-04:00
12117500,2011-07-20,430,A,12.17624403456,1052.027484585984,2026-08-20T00:09:10-04:00
12117500,2011-07-21,434,A,12.289511420928001,1061.8137867681792,2026-08-20T00:09:10-04:00
12117500,2011-07-22,387,A,10.958619631104,946.82473612738568,2026-08-20T00:09:10-04:00
12117500,2011-07-23,376,A,10.647134318592,919.91240512634886,2026-08-20T00:09:10-04:00
12117500,2011-07-24,369,A,10.448916392448,902.78637630750723,2026-08-20T00:09:10-04:00
12117500,2011-07-25,365,A,10.335649006080001,893.00007412531204,2026-08-20T00:09:10-04:00
12117500,2011-07-26,368,A,10.420599545856,900.33980076195849,2026-08-20T00:09:10-04:00
12117500,2011-07-27,360,A,10.194064773120001,880.767196397568,2026-08-20T00:09:10-04:00
12117500,2011-07-28,354,A,10.024163693568001,866.08774312427522,2026-08-20T00:09:10-04:00
12117500,2011-07-29,348,A,9.854262614016001,851.40828985098244,2026-08-20T00:09:10-04:00
12117500,2011-07-30,347,A,9.8259457674240007,848.96171430543359,2026-08-20T00:09:10-04:00
12117500,2011-07-31,345,A,9.7693120742400001,844.068563214336,2026-08-20T00:09:10-04:00
12117500,2011-08-01,344,A,9.7409952276479999,841.62198766878726,2026-08-20T00:09:10-04:00
12117500,2011-08-02,339,A,9.5994109946880002,829.38910994104322,2026-08-20T00:09:10-04:00
12117500,2011-08-03,335,A,9.4861436083200008,819.60280775884803,2026-08-20T00:09:10-04:00
12117500,2011-08-04,332,A,9.4011930685439999,812.26308112220158,2026-08-20T00:09:10-04:00
12117500,2011-08-05,332,A,9.4011930685439999,812.26308112220158,2026-08-20T00:09:10-04:00
12117500,2011-08-06,330,A,9.3445593753600011,807.36993003110399,2026-08-20T00:09:10-04:00
12117500,2011-08-07,328,A,9.2879256821760006,802.4767789400064,2026-08-20T00:09:10-04:00
12117500,2011-08-08,326,A,9.231291988992,797.5836278489088,2026-08-20T00:09:10-04:00
12117500,2011-08-09,322,A,9.1180246026240006,787.79732566671362,2026-08-20T00:09:10-04:00
12117500,2011-08-10,322,A,9.1180246026240006,787.79732566671362,2026-08-20T00:09:10-04:00
12117500,2011-08-11,319,A,9.0330740628479997,780.45759903006717,2026-08-20T00:09:10-04:00
12117500,2011-08-12,321,A,9.0897077560320003,785.35075012116488,2026-08-20T00:09:10-04:00
12117500,2011-08-13,318,A,9.0047572162559995,778.01102348451843,2026-08-20T00:09:10-04:00
12117500,2011-08-14,316,A,8.9481235230720007,773.11787239342084,2026-08-20T00:09:10-04:00
12117500,2011-08-15,314,A,8.8914898298880001,768.22472130232325,2026-08-20T00:09:10-04:00
12117500,2011-08-16,314,A,8.8914898298880001,768.22472130232325,2026-08-20T00:09:10-04:00
12117500,2011-08-17,310,A,8.7782224435200007,758.43841912012806,2026-08-20T00:09:10-04:00
12117500,2011-08-18,308,A,8.7215887503360001,753.54526802903047,2026-08-20T00:09:10-04:00
12117500,2011-08-19,307,A,8.6932719037439998,751.09869248348161,2026-08-20T00:09:10-04:00
12117500,2011-08-20,307,A,8.6932719037439998,751.09869248348161,2026-08-20T00:09:10-04:00
12117500,2011-08-21,306,A,8.6649550571519995,748.65211693793287,2026-08-20T00:09:10-04:00
12117500,2011-08-22,304,A,8.6083213639680007,743.75896584683528,2026-08-20T00:09:10-04:00
12117500,2011-08-23,323,A,9.1463414492160009,790.24390121226247,2026-08-20T00:09:10-04:00
12117500,2011-08-24,308,A,8.7215887503360001,753.54526802903047,2026-08-20T00:09:10-04:00
12117500,2011-08-25,303,A,8.5800045173760005,741.31239030128643,2026-08-20T00:09:10-04:00
12117500,2011-08-26,300,A,8.4950539775999996,733.97266366463998,2026-08-20T00:09:10-04:00
12117500,2011-08-27,300,A,8.4950539775999996,733.97266366463998,2026-08-20T00:09:10-04:00
12117500,2011-08-28,296,A,8.3817865912320002,724.1863614824448,2026-08-20T00:09:10-04:00
12117500,2011-08-29,296,A,8.3817865912320002,724.1863614824448,2026-08-20T00:09:10-04:00
12117500,2011-08-30,300,A,8.4950539775999996,733.97266366463998,2026-08-20T00:09:10-04:00
12117500,2011-08-31,300,A,8.4950539775999996,733.97266366463998,2026-08-20T00:09:10-04:00
12117500,2011-09-01,297,A,8.4101034378240005,726.63293702799365,2026-08-20T00:09:10-04:00
12117500,2011-09-02,296,A,8.3817865912320002,724.1863614824448,2026-08-20T00:09:10-04:00
12117500,2011-09-03,295,A,8.3534697446399999,721.73978593689606,2026-08-20T00:09:10-04:00
12117500,2011-09-04,293,A,8.2968360514560011,716.84663484579846,2026-08-20T00:09:10-04:00
12117500,2011-09-05,293,A,8.2968360514560011,716.84663484579846,2026-08-20T00:09:10-04:00
12117500,2011-09-06,292,A,8.2685192048640008,714.40005930024961,2026-08-20T00:09:10-04:00
12117500,2011-09-07,289,A,8.183568665088,707.06033266360328,2026-08-20T00:09:10-04:00
12117500,2011-09-08,289,A,8.183568665088,707.06033266360328,2026-08-20T00:09:10-04:00
12117500,2011-09-09,287,A,8.1269349719039994,702.16718157250557,2026-08-20T00:09:10-04:00
12117500,2011-09-10,289,A,8.183568665088,707.06033266360328,2026-08-20T00:09:10-04:00
12117500,2011-09-11,287,A,8.1269349719039994,702.16718157250557,2026-08-20T00:09:10-04:00
12117500,2011-09-12,285,A,8.0703012787200006,697.27403048140798,2026-08-20T00:09:10-04:00
12117500,2011-09-13,285,A,8.0703012787200006,697.27403048140798,2026-08-20T00:09:10-04:00
12117500,2011-09-14,285,A,8.0703012787200006,697.27403048140798,2026-08-20T00:09:10-04:00
12117500,2011-09-15,292,A,8.2685192048640008,714.40005930024961,2026-08-20T00:09:10-04:00
12117500,2011-09-16,330,A,9.3445593753600011,807.36993003110399,2026-08-20T00:09:10-04:00
12117500,2011-09-17,331,A,9.3728762219519997,809.81650557665284,2026-08-20T00:09:10-04:00
12117500,2011-09-18,353,A,9.9958468469760007,863.64116757872648,2026-08-20T00:09:10-04:00
12117500,2011-09-19,374,A,10.590500625408,915.01925403525127,2026-08-20T00:09:10-04:00
12117500,2011-09-20,340,A,9.6277278412800005,831.83568548659207,2026-08-20T00:09:10-04:00
12117500,2011-09-21,332,A,9.4011930685439999,812.26308112220158,2026-08-20T00:09:10-04:00
12117500,2011-09-22,343,A,9.7126783810559996,839.1754121232384,2026-08-20T00:09:10-04:00
12117500,2011-09-23,387,A,10.958619631104,946.82473612738568,2026-08-20T00:09:10-04:00
12117500,2011-09-24,386,A,10.930302784512,944.37816058183682,2026-08-20T00:09:10-04:00
12117500,2011-09-25,389,A,11.015253324288,951.71788721848327,2026-08-20T00:09:10-04:00
12117500,2011-09-26,407,A,11.524956562944,995.75624703836161,2026-08-20T00:09:10-04:00
12117500,2011-09-27,428,A,12.119610341376001,1047.1343334948865,2026-08-20T00:09:10-04:00
12117500,2011-09-28,406,A,11.496639716352,993.30967149281287,2026-08-20T00:09:10-04:00
12117500,2011-09-29,397,A,11.241788097024001,971.29049158287364,2026-08-20T00:09:10-04:00
12117500,2011-09-30,417,A,11.808125028864,1020.2220024938497,2026-08-20T00:09:10-04:00
12117500,2011-10-01,399,A,11.298421790208,976.18364267397124,2026-08-20T00:09:10-04:00
12117500,2011-10-02,397,A,11.241788097024001,971.29049158287364,2026-08-20T00:09:10-04:00
12117500,2011-10-03,399,A,11.298421790208,976.18364267397124,2026-08-20T00:09:10-04:00
12117500,2011-10-04,404,A,11.440006023168001,988.41652040171527,2026-08-20T00:09:10-04:00
12117500,2011-10-05,456,A,12.912482045952,1115.6384487702528,2026-08-20T00:09:10-04:00
12117500,2011-10-06,497,A,14.073472756224,1215.9480461377536,2026-08-20T00:09:10-04:00
12117500,2011-10-07,491,A,13.903571676672,1201.2685928644607,2026-08-20T00:09:10-04:00
12117500,2011-10-08,482,A,13.648720057344001,1179.2494129545216,2026-08-20T00:09:10-04:00
12117500,2011-10-09,469,A,13.280601051648,1147.4439308623873,2026-08-20T00:09:10-04:00
12117500,2011-10-10,475,A,13.4505021312,1162.12338413568,2026-08-20T00:09:10-04:00
12117500,2011-10-11,647,A,18.320999745024,1582.9343779700737,2026-08-20T00:09:10-04:00
12117500,2011-10-12,609,A,17.244959574528,1489.9645072392193,2026-08-20T00:09:10-04:00
12117500,2011-10-13,540,A,15.29109715968,1321.1507945963519,2026-08-20T00:09:10-04:00
12117500,2011-10-14,526,A,14.894661307392001,1286.8987369586689,2026-08-20T00:09:10-04:00
12117500,2011-10-15,580,A,16.42377102336,1419.013816418304,2026-08-20T00:09:10-04:00
12117500,2011-10-16,572,A,16.197236250624002,1399.4412120539137,2026-08-20T00:09:10-04:00
12117500,2011-10-17,579,A,16.395454176768002,1416.5672408727553,2026-08-20T00:09:10-04:00
12117500,2011-10-18,626,A,17.726345966592,1531.5562915135488,2026-08-20T00:09:10-04:00
12117500,2011-10-19,624,A,17.669712273407999,1526.6631404224513,2026-08-20T00:09:10-04:00
12117500,2011-10-20,565,A,15.99901832448,1382.315183235072,2026-08-20T00:09:10-04:00
12117500,2011-10-21,623,A,17.641395426816,1524.2165648769023,2026-08-20T00:09:10-04:00
12117500,2011-10-22,682,A,19.312089375744002,1668.5645220642816,2026-08-20T00:09:10-04:00
12117500,2011-10-23,684,A,19.368723068928002,1673.4576731553793,2026-08-20T00:09:10-04:00
12117500,2011-10-24,607,A,17.188325881343999,1485.0713561481216,2026-08-20T00:09:10-04:00
12117500,2011-10-25,589,A,16.678622642688001,1441.0329963282431,2026-08-20T00:09:10-04:00
12117500,2011-10-26,651,A,18.434267131392001,1592.7206801522689,2026-08-20T00:09:10-04:00
12117500,2011-10-27,628,A,17.782979659776,1536.4494426046465,2026-08-20T00:09:10-04:00
12117500,2011-10-28,624,A,17.669712273407999,1526.6631404224513,2026-08-20T00:09:10-04:00
12117500,2011-10-29,770,A,21.803971875840002,1883.8631700725762,2026-08-20T00:09:10-04:00
12117500,2011-10-30,800,A,22.6534772736,1957.2604364390399,2026-08-20T00:09:10-04:00
12117500,2011-10-31,870,A,24.635656535039999,2128.5207246274563,2026-08-20T00:09:10-04:00
12117500,2011-11-01,669,A,18.943970370048,1636.7590399721473,2026-08-20T00:09:10-04:00
12117500,2011-11-02,571,A,16.168919404032,1396.9946365083649,2026-08-20T00:09:10-04:00
12117500,2011-11-03,512,A,14.498225455104,1252.6466793209856,2026-08-20T00:09:10-04:00
12117500,2011-11-04,480,A,13.59208636416,1174.3562618634242,2026-08-20T00:09:10-04:00
12117500,2011-11-05,465,A,13.167333665280001,1137.6576286801921,2026-08-20T00:09:10-04:00
12117500,2011-11-06,453,A,12.827531506176001,1108.2987221336064,2026-08-20T00:09:10-04:00
12117500,2011-11-07,456,A,12.912482045952,1115.6384487702528,2026-08-20T00:09:10-04:00
12117500,2011-11-08,477,A,13.507135824384001,1167.0165352267777,2026-08-20T00:09:10-04:00
12117500,2011-11-09,473,A,13.393868438016,1157.2302330445825,2026-08-20T00:09:10-04:00
12117500,2011-11-10,469,A,13.280601051648,1147.4439308623873,2026-08-20T00:09:10-04:00
12117500,2011-11-11,704,A,19.935060000768001,1722.3891840663553,2026-08-20T00:09:10-04:00
12117500,2011-11-12,778,A,22.030506648576001,1903.4357744369665,2026-08-20T00:09:10-04:00
12117500,2011-11-13,861,A,24.380804915712002,2106.5015447175169,2026-08-20T00:09:10-04:00
12117500,2011-11-14,841,A,23.814467983871999,2057.5700338065408,2026-08-20T00:09:10-04:00
12117500,2011-11-15,824,A,23.333081591808,2015.9782495322113,2026-08-20T00:09:10-04:00
12117500,2011-11-16,683,A,19.340406222336,1671.0110976098304,2026-08-20T00:09:10-04:00
12117500,2011-11-17,787,A,22.285358267904002,1925.4549543469057,2026-08-20T00:09:10-04:00
12117500,2011-11-18,1000,A,28.316846592000001,2446.5755455488002,2026-08-20T00:09:10-04:00
12117500,2011-11-19,1130,A,31.998036648959999,2764.6303664701441,2026-08-20T00:09:10-04:00
12117500,2011-11-20,1120,A,31.71486818304,2740.1646110146562,2026-08-20T00:09:10-04:00
12117500,2011-11-21,1070,A,30.29902585344,2617.835833737216,2026-08-20T00:09:10-04:00
12117500,2011-11-22,764,A,21.634070796288,1869.1837167992833,2026-08-20T00:09:10-04:00
12117500,2011-11-23,935,A,26.476251563520002,2287.5481350881282,2026-08-20T00:09:10-04:00
12117500,2011-11-24,1060,A,30.015857387520001,2593.3700782817282,2026-08-20T00:09:10-04:00
12117500,2011-11-25,1020,A,28.88318352384,2495.5070564597759,2026-08-20T00:09:10-04:00
12117500,2011-11-26,931,A,26.362984177152001,2277.7618329059328,2026-08-20T00:09:10-04:00
12117500,2011-11-27,977,A,27.665559120384,2390.3043080011776,2026-08-20T00:09:10-04:00
12117500,2011-11-28,1030,A,29.166351989760003,2519.9728119152642,2026-08-20T00:09:10-04:00
12117500,2011-11-29,1230,A,34.829721308160003,3009.2879210250239,2026-08-20T00:09:10-04:00
12117500,2011-11-30,1240,A,35.112889774080003,3033.7536764805122,2026-08-20T00:09:10-04:00
12117500,2011-12-01,1200,A,33.980215910399998,2935.8906546585599,2026-08-20T00:09:10-04:00
12117500,2011-12-02,1180,A,33.41387897856,2886.9591437475842,2026-08-20T00:09:10-04:00
12117500,2011-12-03,1130,A,31.998036648959999,2764.6303664701441,2026-08-20T00:09:10-04:00
12117500,2011-12-04,965,A,27.32575696128,2360.9454014545922,2026-08-20T00:09:10-04:00
12117500,2011-12-05,836,A,23.672883750912,2045.3371560787969,2026-08-20T00:09:10-04:00
12117500,2011-12-06,728,A,20.614664318976001,1781.1069971595264,2026-08-20T00:09:10-04:00
12117500,2011-12-07,649,A,18.377633438208001,1587.8275290611712,2026-08-20T00:09:10-04:00
12117500,2011-12-08,584,A,16.537038409728002,1428.8001186004992,2026-08-20T00:09:10-04:00
12117500,2011-12-09,531,A,15.036245540352001,1299.1316146864128,2026-08-20T00:09:10-04:00
12117500,2011-12-10,517,A,14.639809688064,1264.8795570487296,2026-08-20T00:09:10-04:00
12117500,2011-12-11,512,A,14.498225455104,1252.6466793209856,2026-08-20T00:09:10-04:00
12117500,2011-12-12,505,A,14.30000752896,1235.520650502144,2026-08-20T00:09:10-04:00
12117500,2011-12-13,502,A,14.215056989184001,1228.1809238654976,2026-08-20T00:09:10-04:00
12117500,2011-12-14,495,A,14.016839063040001,1211.0548950466559,2026-08-20T00:09:10-04:00
12117500,2011-12-15,497,A,14.073472756224,1215.9480461377536,2026-08-20T00:09:10-04:00
12117500,2011-12-16,493,A,13.960205369856,1206.1617439555584,2026-08-20T00:09:10-04:00
12117500,2011-12-17,484,A,13.705353750528001,1184.1425640456193,2026-08-20T00:09:10-04:00
12117500,2011-12-18,496,A,14.045155909632001,1213.5014705922049,2026-08-20T00:09:10-04:00
12117500,2011-12-19,468,A,13.252284205056,1144.9973553168384,2026-08-20T00:09:10-04:00
12117500,2011-12-20,462,A,13.082383125504,1130.3179020435457,2026-08-20T00:09:10-04:00
12117500,2011-12-21,459,A,12.997432585728001,1122.9781754068993,2026-08-20T00:09:10-04:00
12117500,2011-12-22,454,A,12.855848352768,1110.7452976791553,2026-08-20T00:09:10-04:00
12117500,2011-12-23,452,A,12.799214659584001,1105.8521465880576,2026-08-20T00:09:10-04:00
12117500,2011-12-24,456,A,12.912482045952,1115.6384487702528,2026-08-20T00:09:10-04:00
12117500,2011-12-25,458,A,12.969115739136001,1120.5315998613505,2026-08-20T00:09:10-04:00
12117500,2011-12-26,454,A,12.855848352768,1110.7452976791553,2026-08-20T00:09:10-04:00
12117500,2011-12-27,476,A,13.478818977792001,1164.5699596812287,2026-08-20T00:09:10-04:00
12117500,2011-12-28,659,A,18.660801904128,1612.2932845166592,2026-08-20T00:09:10-04:00
12117500,2011-12-29,883,A,25.003775540736001,2160.3262067195906,2026-08-20T00:09:10-04:00
12117500,2011-12-30,1100,A,31.148531251200001,2691.23310010368,2026-08-20T00:09:10-04:00
12117500,2011-12-31,1330,A,37.661405967360004,3253.9454755799043,2026-08-20T00:09:10-04:00
12117500,2012-01-01,1500,A,42.475269888,3669.8633183232,2026-08-20T00:09:10-04:00
12117500,2012-01-02,1570,A,44.457449149440002,3841.1236065116163,2026-08-20T00:09:10-04:00
12117500,2012-01-03,1540,A,43.607943751680004,3767.7263401451523,2026-08-20T00:09:10-04:00
12117500,2012-01-04,1290,A,36.528732103679999,3156.082453757952,2026-08-20T00:09:10-04:00
12117500,2012-01-05,1330,A,37.661405967360004,3253.9454755799043,2026-08-20T00:09:10-04:00
12117500,2012-01-06,1290,A,36.528732103679999,3156.082453757952,2026-08-20T00:09:10-04:00
12117500,2012-01-07,1270,A,35.962395171840001,3107.1509428469762,2026-08-20T00:09:10-04:00
12117500,2012-01-08,1250,A,35.396058240000002,3058.2194319360001,2026-08-20T00:09:10-04:00
12117500,2012-01-09,1220,A,34.546552842240004,2984.8221655695361,2026-08-20T00:09:10-04:00
12117500,2012-01-10,1140,A,32.281205114880002,2789.0961219256319,2026-08-20T00:09:10-04:00
12117500,2012-01-11,1050,A,29.732688921600001,2568.9043228262399,2026-08-20T00:09:10-04:00
12117500,2012-01-12,984,A,27.863777046528,2407.4303368200194,2026-08-20T00:09:10-04:00
12117500,2012-01-13,855,A,24.21090383616,2091.822091444224,2026-08-20T00:09:10-04:00
12117500,2012-01-14,787,A,22.285358267904002,1925.4549543469057,2026-08-20T00:09:10-04:00
12117500,2012-01-15,743,A,21.039417017856,1817.8056303427584,2026-08-20T00:09:10-04:00
12117500,2012-01-16,686,A,19.425356762111999,1678.3508242464768,2026-08-20T00:09:10-04:00
12117500,2012-01-17,635,A,17.98119758592,1553.5754714234881,2026-08-20T00:09:10-04:00
12117500,2012-01-18,584,A,16.537038409728002,1428.8001186004992,2026-08-20T00:09:10-04:00
12117500,2012-01-19,584,A,16.537038409728002,1428.8001186004992,2026-08-20T00:09:10-04:00
12117500,2012-01-20,684,A,19.368723068928002,1673.4576731553793,2026-08-20T00:09:10-04:00
12117500,2012-01-21,856,A,24.239220682752002,2094.268666989773,2026-08-20T00:09:10-04:00
12117500,2012-01-22,951,A,26.929321108991999,2326.693343816909,2026-08-20T00:09:10-04:00
12117500,2012-01-23,959,A,27.155855881728002,2346.2659481812993,2026-08-20T00:09:10-04:00
12117500,2012-01-24,747,A,21.152684404224001,1827.5919325249536,2026-08-20T00:09:10-04:00
12117500,2012-01-25,786,A,22.257041421312,1923.0083788013569,2026-08-20T00:09:10-04:00
12117500,2012-01-26,840,A,23.786151137280001,2055.1234582609923,2026-08-20T00:09:10-04:00
12117500,2012-01-27,938,A,26.561202103296001,2294.8878617247747,2026-08-20T00:09:10-04:00
12117500,2012-01-28,981,A,27.778826506752001,2400.090610183373,2026-08-20T00:09:10-04:00
12117500,2012-01-29,1020,A,28.88318352384,2495.5070564597759,2026-08-20T00:09:10-04:00
12117500,2012-01-30,1680,A,47.572302274560002,4110.2469165219845,2026-08-20T00:09:10-04:00
12117500,2012-01-31,1500,A,42.475269888,3669.8633183232,2026-08-20T00:09:10-04:00
12117500,2012-02-01,1630,A,46.156459944959998,3987.9181392445439,2026-08-20T00:09:10-04:00
12117500,2012-02-02,1530,A,43.324775285759998,3743.260584689664,2026-08-20T00:09:10-04:00
12117500,2012-02-03,1450,A,41.059427558400003,3547.5345410457603,2026-08-20T00:09:10-04:00
12117500,2012-02-04,1400,A,39.643585228799999,3425.2057637683201,2026-08-20T00:09:10-04:00
12117500,2012-02-05,1360,A,38.510911365120002,3327.3427419463683,2026-08-20T00:09:10-04:00
12117500,2012-02-06,1340,A,37.944574433280003,3278.4112310353921,2026-08-20T00:09:10-04:00
12117500,2012-02-07,1320,A,37.378237501440005,3229.479720124416,2026-08-20T00:09:10-04:00
12117500,2012-02-08,1300,A,36.811900569599999,3180.5482092134403,2026-08-20T00:09:10-04:00
12117500,2012-02-09,1270,A,35.962395171840001,3107.1509428469762,2026-08-20T00:09:10-04:00
12117500,2012-02-10,978,A,27.693875966976002,2392.7508835467265,2026-08-20T00:09:10-04:00
12117500,2012-02-11,950,A,26.901004262400001,2324.24676827136,2026-08-20T00:09:10-04:00
12117500,2012-02-12,933,A,26.419617870336001,2282.6549839970303,2026-08-20T00:09:10-04:00
12117500,2012-02-13,896,A,25.371894546431999,2192.1316888117249,2026-08-20T00:09:10-04:00
12117500,2012-02-14,783,A,22.172090881536,1915.6686521647105,2026-08-20T00:09:10-04:00
12117500,2012-02-15,769,A,21.775655029248,1881.4165945270272,2026-08-20T00:09:10-04:00
12117500,2012-02-16,760,A,21.520803409919999,1859.3974146170881,2026-08-20T00:09:10-04:00
12117500,2012-02-17,781,A,22.115457188352,1910.7755010736128,2026-08-20T00:09:10-04:00
12117500,2012-02-18,959,A,27.155855881728002,2346.2659481812993,2026-08-20T00:09:10-04:00
12117500,2012-02-19,790,A,22.370308807680001,1932.7946809835521,2026-08-20T00:09:10-04:00
12117500,2012-02-20,942,A,26.674469489664002,2304.6741639069696,2026-08-20T00:09:10-04:00
12117500,2012-02-21,1440,A,40.776259092480004,3523.068785590272,2026-08-20T00:09:10-04:00
12117500,2012-02-22,1970,A,55.784187786240004,4819.7538247311359,2026-08-20T00:09:10-04:00
12117500,2012-02-23,1740,A,49.271313070079998,4257.0414492549125,2026-08-20T00:09:10-04:00
12117500,2012-02-24,1940,A,54.934682388479999,4746.3565583646723,2026-08-20T00:09:10-04:00
12117500,2012-02-25,1970,A,55.784187786240004,4819.7538247311359,2026-08-20T00:09:10-04:00
12117500,2012-02-26,2040,A,57.766367047679999,4991.0141129195517,2026-08-20T00:09:10-04:00
12117500,2012-02-27,2060,A,58.332703979520005,5039.9456238305283,2026-08-20T00:09:10-04:00
12117500,2012-02-28,1970,A,55.784187786240004,4819.7538247311359,2026-08-20T00:09:10-04:00
12117500,2012-02-29,1940,A,54.934682388479999,4746.3565583646723,2026-08-20T00:09:10-04:00
12117500,2012-03-01,1860,A,52.669334661120004,4550.6305147207686,2026-08-20T00:09:10-04:00
12117500,2012-03-02,1530,A,43.324775285759998,3743.260584689664,2026-08-20T00:09:10-04:00
12117500,2012-03-03,1580,A,44.740617615360001,3865.5893619671042,2026-08-20T00:09:10-04:00
12117500,2012-03-04,1570,A,44.457449149440002,3841.1236065116163,2026-08-20T00:09:10-04:00
12117500,2012-03-05,1590,A,45.023786081280001,3890.055117422592,2026-08-20T00:09:10-04:00
12117500,2012-03-06,1570,A,44.457449149440002,3841.1236065116163,2026-08-20T00:09:10-04:00
12117500,2012-03-07,1530,A,43.324775285759998,3743.260584689664,2026-08-20T00:09:10-04:00
12117500,2012-03-08,1510,A,42.758438353919999,3694.3290737786883,2026-08-20T00:09:10-04:00
12117500,2012-03-09,1490,A,42.19210142208,3645.3975628677122,2026-08-20T00:09:10-04:00
12117500,2012-03-10,1510,A,42.758438353919999,3694.3290737786883,2026-08-20T00:09:10-04:00
12117500,2012-03-11,1610,A,45.590123013119999,3938.9866283335682,2026-08-20T00:09:10-04:00
12117500,2012-03-12,1530,A,43.324775285759998,3743.260584689664,2026-08-20T00:09:10-04:00
12117500,2012-03-13,1450,A,41.059427558400003,3547.5345410457603,2026-08-20T00:09:10-04:00
12117500,2012-03-14,1350,A,38.227742899200003,3302.87698649088,2026-08-20T00:09:10-04:00
12117500,2012-03-15,1210,A,34.263384376319998,2960.3564101140482,2026-08-20T00:09:10-04:00
12117500,2012-03-16,1310,A,37.095069035519998,3205.0139646689281,2026-08-20T00:09:10-04:00
12117500,2012-03-17,1230,A,34.829721308160003,3009.2879210250239,2026-08-20T00:09:10-04:00
12117500,2012-03-18,1170,A,33.13071051264,2862.4933882920959,2026-08-20T00:09:10-04:00
12117500,2012-03-19,1120,A,31.71486818304,2740.1646110146562,2026-08-20T00:09:10-04:00
12117500,2012-03-20,1140,A,32.281205114880002,2789.0961219256319,2026-08-20T00:09:10-04:00
12117500,2012-03-21,1110,A,31.431699717120001,2715.6988555591679,2026-08-20T00:09:10-04:00
12117500,2012-03-22,1090,A,30.865362785280002,2666.7673446481922,2026-08-20T00:09:10-04:00
12117500,2012-03-23,1060,A,30.015857387520001,2593.3700782817282,2026-08-20T00:09:10-04:00
12117500,2012-03-24,1040,A,29.449520455680002,2544.438567370752,2026-08-20T00:09:10-04:00
12117500,2012-03-25,1030,A,29.166351989760003,2519.9728119152642,2026-08-20T00:09:10-04:00
12117500,2012-03-26,1040,A,29.449520455680002,2544.438567370752,2026-08-20T00:09:10-04:00
12117500,2012-03-27,1030,A,29.166351989760003,2519.9728119152642,2026-08-20T00:09:10-04:00
12117500,2012-03-28,1020,A,28.88318352384,2495.5070564597759,2026-08-20T00:09:10-04:00
12117500,2012-03-29,954,A,27.014271648768002,2334.0330704535554,2026-08-20T00:09:10-04:00
12117500,2012-03-30,1060,A,30.015857387520001,2593.3700782817282,2026-08-20T00:09:10-04:00
12117500,2012-03-31,971,A,27.495658040832001,2375.6248547278847,2026-08-20T00:09:10-04:00
12117500,2012-04-01,916,A,25.938231478272002,2241.063199722701,2026-08-20T00:09:10-04:00
12117500,2012-04-02,944,A,26.731103182847999,2309.5673149980671,2026-08-20T00:09:10-04:00
12117500,2012-04-03,1370,A,38.794079831040001,3351.8084974018561,2026-08-20T00:09:10-04:00
12117500,2012-04-04,1360,A,38.510911365120002,3327.3427419463683,2026-08-20T00:09:10-04:00
12117500,2012-04-05,1350,A,38.227742899200003,3302.87698649088,2026-08-20T00:09:10-04:00
12117500,2012-04-06,1340,A,37.944574433280003,3278.4112310353921,2026-08-20T00:09:10-04:00
12117500,2012-04-07,1320,A,37.378237501440005,3229.479720124416,2026-08-20T00:09:10-04:00
12117500,2012-04-08,1310,A,37.095069035519998,3205.0139646689281,2026-08-20T00:09:10-04:00
12117500,2012-04-09,1260,A,35.679226705920001,3082.6851873914879,2026-08-20T00:09:10-04:00
12117500,2012-04-10,1110,A,31.431699717120001,2715.6988555591679,2026-08-20T00:09:10-04:00
12117500,2012-04-11,1120,A,31.71486818304,2740.1646110146562,2026-08-20T00:09:10-04:00
12117500,2012-04-12,1130,A,31.998036648959999,2764.6303664701441,2026-08-20T00:09:10-04:00
12117500,2012-04-13,1110,A,31.431699717120001,2715.6988555591679,2026-08-20T00:09:10-04:00
12117500,2012-04-14,1090,A,30.865362785280002,2666.7673446481922,2026-08-20T00:09:10-04:00
12117500,2012-04-15,1080,A,30.582194319359999,2642.3015891927039,2026-08-20T00:09:10-04:00
12117500,2012-04-16,1120,A,31.71486818304,2740.1646110146562,2026-08-20T00:09:10-04:00
12117500,2012-04-17,985,A,27.892093893120002,2409.8769123655679,2026-08-20T00:09:10-04:00
12117500,2012-04-18,843,A,23.871101677056,2062.4631848976383,2026-08-20T00:09:10-04:00
12117500,2012-04-19,914,A,25.881597785088001,2236.1700486316031,2026-08-20T00:09:10-04:00
12117500,2012-04-20,1650,A,46.722796876800004,4036.8496501555201,2026-08-20T00:09:10-04:00
12117500,2012-04-21,1530,A,43.324775285759998,3743.260584689664,2026-08-20T00:09:10-04:00
12117500,2012-04-22,1520,A,43.041606819839998,3718.7948292341762,2026-08-20T00:09:10-04:00
12117500,2012-04-23,1630,A,46.156459944959998,3987.9181392445439,2026-08-20T00:09:10-04:00
12117500,2012-04-24,1600,A,45.3069545472,3914.5208728780799,2026-08-20T00:09:10-04:00
12117500,2012-04-25,1440,A,40.776259092480004,3523.068785590272,2026-08-20T00:09:10-04:00
12117500,2012-04-26,1460,A,41.342596024320002,3572.0002965012482,2026-08-20T00:09:10-04:00
12117500,2012-04-27,1510,A,42.758438353919999,3694.3290737786883,2026-08-20T00:09:10-04:00
12117500,2012-04-28,1610,A,45.590123013119999,3938.9866283335682,2026-08-20T00:09:10-04:00
12117500,2012-04-29,1590,A,45.023786081280001,3890.055117422592,2026-08-20T00:09:10-04:00
12117500,2012-04-30,1470,A,41.625764490240002,3596.466051956736,2026-08-20T00:09:10-04:00
12117500,2012-05-01,1300,A,36.811900569599999,3180.5482092134403,2026-08-20T00:09:10-04:00
12117500,2012-05-02,1390,A,39.36041676288,3400.7400083128323,2026-08-20T00:09:10-04:00
12117500,2012-05-03,1560,A,44.174280683520003,3816.657851056128,2026-08-20T00:09:10-04:00
12117500,2012-05-04,1650,A,46.722796876800004,4036.8496501555201,2026-08-20T00:09:10-04:00
12117500,2012-05-05,1610,A,45.590123013119999,3938.9866283335682,2026-08-20T00:09:10-04:00
12117500,2012-05-06,1560,A,44.174280683520003,3816.657851056128,2026-08-20T00:09:10-04:00
12117500,2012-05-07,1630,A,46.156459944959998,3987.9181392445439,2026-08-20T00:09:10-04:00
12117500,2012-05-08,1640,A,46.439628410880005,4012.3838947000322,2026-08-20T00:09:10-04:00
12117500,2012-05-09,1620,A,45.873291479039999,3963.4523837890561,2026-08-20T00:09:10-04:00
12117500,2012-05-10,1590,A,45.023786081280001,3890.055117422592,2026-08-20T00:09:10-04:00
12117500,2012-05-11,1600,A,45.3069545472,3914.5208728780799,2026-08-20T00:09:10-04:00
12117500,2012-05-12,1720,A,48.704976138239999,4208.1099383439359,2026-08-20T00:09:10-04:00
12117500,2012-05-13,1710,A,48.42180767232,4183.6441828884481,2026-08-20T00:09:10-04:00
12117500,2012-05-14,1680,A,47.572302274560002,4110.2469165219845,2026-08-20T00:09:10-04:00
12117500,2012-05-15,1420,A,40.209922160639998,3474.1372746792963,2026-08-20T00:09:10-04:00
12117500,2012-05-16,1220,A,34.546552842240004,2984.8221655695361,2026-08-20T00:09:10-04:00
12117500,2012-05-17,955,A,27.04258849536,2336.4796459991039,2026-08-20T00:09:10-04:00
12117500,2012-05-18,758,A,21.464169716736002,1854.5042635259904,2026-08-20T00:09:10-04:00
12117500,2012-05-19,668,A,18.915653523456001,1634.3124644265984,2026-08-20T00:09:10-04:00
12117500,2012-05-20,600,A,16.990107955199999,1467.94532732928,2026-08-20T00:09:10-04:00
12117500,2012-05-21,583,A,16.508721563136,1426.3535430549505,2026-08-20T00:09:10-04:00
12117500,2012-05-22,639,A,18.094464972288002,1563.3617736056833,2026-08-20T00:09:10-04:00
12117500,2012-05-23,676,A,19.142188296192,1653.885068790989,2026-08-20T00:09:10-04:00
12117500,2012-05-24,677,A,19.170505142784002,1656.3316443365377,2026-08-20T00:09:10-04:00
12117500,2012-05-25,638,A,18.066148125695999,1560.9151980601343,2026-08-20T00:09:10-04:00
12117500,2012-05-26,768,A,21.747338182656001,1878.9700189814785,2026-08-20T00:09:10-04:00
12117500,2012-05-27,784,A,22.200407728127999,1918.1152277102592,2026-08-20T00:09:10-04:00
12117500,2012-05-28,775,A,21.945556108800002,1896.0960478003201,2026-08-20T00:09:10-04:00
12117500,2012-05-29,773,A,21.888922415616001,1891.2028967092224,2026-08-20T00:09:10-04:00
12117500,2012-05-30,766,A,21.690704489472001,1874.0768678903808,2026-08-20T00:09:10-04:00
12117500,2012-05-31,776,A,21.973872955392,1898.5426233458688,2026-08-20T00:09:10-04:00
12117500,2012-06-01,802,A,22.710110966784001,1962.1535875301377,2026-08-20T00:09:10-04:00
12117500,2012-06-02,819,A,23.191497358848,2003.7453718044674,2026-08-20T00:09:10-04:00
12117500,2012-06-03,808,A,22.880012046336002,1976.8330408034305,2026-08-20T00:09:10-04:00
12117500,2012-06-04,812,A,22.993279432704,1986.6193429856257,2026-08-20T00:09:10-04:00
12117500,2012-06-05,1080,A,30.582194319359999,2642.3015891927039,2026-08-20T00:09:10-04:00
12117500,2012-06-06,1080,A,30.582194319359999,2642.3015891927039,2026-08-20T00:09:10-04:00
12117500,2012-06-07,1100,A,31.148531251200001,2691.23310010368,2026-08-20T00:09:10-04:00
12117500,2012-06-08,1120,A,31.71486818304,2740.1646110146562,2026-08-20T00:09:10-04:00
12117500,2012-06-09,953,A,26.985954802176,2331.5864949080064,2026-08-20T00:09:10-04:00
12117500,2012-06-10,913,A,25.853280938495999,2233.7234730860546,2026-08-20T00:09:10-04:00
12117500,2012-06-11,878,A,24.862191307776001,2148.0933289918466,2026-08-20T00:09:10-04:00
12117500,2012-06-12,864,A,24.465755455488001,2113.8412713541634,2026-08-20T00:09:10-04:00
12117500,2012-06-13,907,A,25.683379858944001,2219.0440198127617,2026-08-20T00:09:10-04:00
12117500,2012-06-14,897,A,25.400211393024001,2194.5782643572738,2026-08-20T00:09:10-04:00
12117500,2012-06-15,995,A,28.175262359040001,2434.3426678210562,2026-08-20T00:09:10-04:00
12117500,2012-06-16,993,A,28.118628665856001,2429.4495167299583,2026-08-20T00:09:10-04:00
12117500,2012-06-17,1020,A,28.88318352384,2495.5070564597759,2026-08-20T00:09:10-04:00
12117500,2012-06-18,1160,A,32.847542046720001,2838.0276328366081,2026-08-20T00:09:10-04:00
12117500,2012-06-19,1330,A,37.661405967360004,3253.9454755799043,2026-08-20T00:09:10-04:00
12117500,2012-06-20,1300,A,36.811900569599999,3180.5482092134403,2026-08-20T00:09:10-04:00
12117500,2012-06-21,1250,A,35.396058240000002,3058.2194319360001,2026-08-20T00:09:10-04:00
12117500,2012-06-22,1070,A,30.29902585344,2617.835833737216,2026-08-20T00:09:10-04:00
12117500,2012-06-23,983,A,27.835460199936001,2404.9837612744705,2026-08-20T00:09:10-04:00
12117500,2012-06-24,956,A,27.070905341952002,2338.9262215446529,2026-08-20T00:09:10-04:00
12117500,2012-06-25,924,A,26.164766251008,2260.6358040870914,2026-08-20T00:09:10-04:00
12117500,2012-06-26,926,A,26.221399944192001,2265.5289551781889,2026-08-20T00:09:10-04:00
12117500,2012-06-27,819,A,23.191497358848,2003.7453718044674,2026-08-20T00:09:10-04:00
12117500,2012-06-28,790,A,22.370308807680001,1932.7946809835521,2026-08-20T00:09:10-04:00
12117500,2012-06-29,778,A,22.030506648576001,1903.4357744369665,2026-08-20T00:09:10-04:00
12117500,2012-06-30,776,A,21.973872955392,1898.5426233458688,2026-08-20T00:09:10-04:00
12117500,2012-07-01,773,A,21.888922415616001,1891.2028967092224,2026-08-20T00:09:10-04:00
12117500,2012-07-02,759,A,21.492486563328001,1856.9508390715393,2026-08-20T00:09:10-04:00
12117500,2012-07-03,807,A,22.851695199744,1974.3864652578816,2026-08-20T00:09:10-04:00
12117500,2012-07-04,773,A,21.888922415616001,1891.2028967092224,2026-08-20T00:09:10-04:00
12117500,2012-07-05,750,A,21.237634944,1834.9316591616,2026-08-20T00:09:10-04:00
12117500,2012-07-06,611,A,17.301593267712001,1494.8576583303168,2026-08-20T00:09:10-04:00
12117500,2012-07-07,571,A,16.168919404032,1396.9946365083649,2026-08-20T00:09:10-04:00
12117500,2012-07-08,560,A,15.85743409152,1370.0823055073281,2026-08-20T00:09:10-04:00
12117500,2012-07-09,553,A,15.659216165376,1352.9562766884865,2026-08-20T00:09:10-04:00
12117500,2012-07-10,533,A,15.092879233536001,1304.0247657775105,2026-08-20T00:09:10-04:00
12117500,2012-07-11,493,A,13.960205369856,1206.1617439555584,2026-08-20T00:09:10-04:00
12117500,2012-07-12,483,A,13.677036903936001,1181.6959885000704,2026-08-20T00:09:10-04:00
12117500,2012-07-13,463,A,13.110699972096,1132.7644775890944,2026-08-20T00:09:10-04:00
12117500,2012-07-14,460,A,13.02574943232,1125.424750952448,2026-08-20T00:09:10-04:00
12117500,2012-07-15,450,A,12.7425809664,1100.9589954969601,2026-08-20T00:09:10-04:00
12117500,2012-07-16,411,A,11.638223949312,1005.5425492205568,2026-08-20T00:09:10-04:00
12117500,2012-07-17,409,A,11.581590256128001,1000.6493981294592,2026-08-20T00:09:10-04:00
12117500,2012-07-18,399,A,11.298421790208,976.18364267397124,2026-08-20T00:09:10-04:00
12117500,2012-07-19,393,A,11.128520710656,961.50418940067846,2026-08-20T00:09:10-04:00
12117500,2012-07-20,411,A,11.638223949312,1005.5425492205568,2026-08-20T00:09:10-04:00
12117500,2012-07-21,401,A,11.355055483392,981.07679376506883,2026-08-20T00:09:10-04:00
12117500,2012-07-22,390,A,11.043570170880001,954.16446276403201,2026-08-20T00:09:10-04:00
12117500,2012-07-23,390,A,11.043570170880001,954.16446276403201,2026-08-20T00:09:10-04:00
12117500,2012-07-24,381,A,10.788718551552,932.14528285409278,2026-08-20T00:09:10-04:00
12117500,2012-07-25,373,A,10.562183778816001,912.57267848970241,2026-08-20T00:09:10-04:00
12117500,2012-07-26,372,A,10.533866932224001,910.12610294415367,2026-08-20T00:09:10-04:00
12117500,2012-07-27,368,A,10.420599545856,900.33980076195849,2026-08-20T00:09:10-04:00
12117500,2012-07-28,364,A,10.307332159488,890.55349857976319,2026-08-20T00:09:10-04:00
12117500,2012-07-29,364,A,10.307332159488,890.55349857976319,2026-08-20T00:09:10-04:00
12117500,2012-07-30,360,A,10.194064773120001,880.767196397568,2026-08-20T00:09:10-04:00
12117500,2012-07-31,356,A,10.080797386752,870.98089421537281,2026-08-20T00:09:10-04:00
12117500,2012-08-01,355,A,10.052480540159999,868.53431866982407,2026-08-20T00:09:10-04:00
12117500,2012-08-02,351,A,9.9392131537920001,858.74801648762877,2026-08-20T00:09:10-04:00
12117500,2012-08-03,349,A,9.8825794606079995,853.85486539653118,2026-08-20T00:09:10-04:00
12117500,2012-08-04,347,A,9.8259457674240007,848.96171430543359,2026-08-20T00:09:10-04:00
12117500,2012-08-05,347,A,9.8259457674240007,848.96171430543359,2026-08-20T00:09:10-04:00
12117500,2012-08-06,343,A,9.7126783810559996,839.1754121232384,2026-08-20T00:09:10-04:00
12117500,2012-08-07,340,A,9.6277278412800005,831.83568548659207,2026-08-20T00:09:10-04:00
12117500,2012-08-08,339,A,9.5994109946880002,829.38910994104322,2026-08-20T00:09:10-04:00
12117500,2012-08-09,335,A,9.4861436083200008,819.60280775884803,2026-08-20T00:09:10-04:00
12117500,2012-08-10,331,A,9.3728762219519997,809.81650557665284,2026-08-20T00:09:10-04:00
12117500,2012-08-11,330,A,9.3445593753600011,807.36993003110399,2026-08-20T00:09:10-04:00
12117500,2012-08-12,330,A,9.3445593753600011,807.36993003110399,2026-08-20T00:09:10-04:00
12117500,2012-08-13,330,A,9.3445593753600011,807.36993003110399,2026-08-20T00:09:10-04:00
12117500,2012-08-14,326,A,9.231291988992,797.5836278489088,2026-08-20T00:09:10-04:00
12117500,2012-08-15,326,A,9.231291988992,797.5836278489088,2026-08-20T00:09:10-04:00
12117500,2012-08-16,322,A,9.1180246026240006,787.79732566671362,2026-08-20T00:09:10-04:00
12117500,2012-08-17,322,A,9.1180246026240006,787.79732566671362,2026-08-20T00:09:10-04:00
12117500,2012-08-18,322,A,9.1180246026240006,787.79732566671362,2026-08-20T00:09:10-04:00
12117500,2012-08-19,322,A,9.1180246026240006,787.79732566671362,2026-08-20T00:09:10-04:00
12117500,2012-08-20,320,A,9.06139090944,782.90417457561603,2026-08-20T00:09:10-04:00
12117500,2012-08-21,318,A,9.0047572162559995,778.01102348451843,2026-08-20T00:09:10-04:00
12117500,2012-08-22,316,A,8.9481235230720007,773.11787239342084,2026-08-20T00:09:10-04:00
12117500,2012-08-23,314,A,8.8914898298880001,768.22472130232325,2026-08-20T00:09:10-04:00
12117500,2012-08-24,314,A,8.8914898298880001,768.22472130232325,2026-08-20T00:09:10-04:00
12117500,2012-08-25,314,A,8.8914898298880001,768.22472130232325,2026-08-20T00:09:10-04:00
12117500,2012-08-26,314,A,8.8914898298880001,768.22472130232325,2026-08-20T00:09:10-04:00
12117500,2012-08-27,314,A,8.8914898298880001,768.22472130232325,2026-08-20T00:09:10-04:00
12117500,2012-08-28,312,A,8.8348561367039995,763.33157021122565,2026-08-20T00:09:10-04:00
12117500,2012-08-29,308,A,8.7215887503360001,753.54526802903047,2026-08-20T00:09:10-04:00
12117500,2012-08-30,307,A,8.6932719037439998,751.09869248348161,2026-08-20T00:09:10-04:00
12117500,2012-08-31,307,A,8.6932719037439998,751.09869248348161,2026-08-20T00:09:10-04:00
12117500,2012-09-01,306,A,8.6649550571519995,748.65211693793287,2026-08-20T00:09:10-04:00
12117500,2012-09-02,303,A,8.5800045173760005,741.31239030128643,2026-08-20T00:09:10-04:00
12117500,2012-09-03,303,A,8.5800045173760005,741.31239030128643,2026-08-20T00:09:10-04:00
12117500,2012-09-04,300,A,8.4950539775999996,733.97266366463998,2026-08-20T00:09:10-04:00
12117500,2012-09-05,300,A,8.4950539775999996,733.97266366463998,2026-08-20T00:09:10-04:00
12117500,2012-09-06,300,A,8.4950539775999996,733.97266366463998,2026-08-20T00:09:10-04:00
12117500,2012-09-07,299,A,8.4667371310080011,731.52608811909124,2026-08-20T00:09:10-04:00
12117500,2012-09-08,296,A,8.3817865912320002,724.1863614824448,2026-08-20T00:09:10-04:00
12117500,2012-09-09,299,A,8.4667371310080011,731.52608811909124,2026-08-20T00:09:10-04:00
12117500,2012-09-10,303,A,8.5800045173760005,741.31239030128643,2026-08-20T00:09:10-04:00
12117500,2012-09-11,300,A,8.4950539775999996,733.97266366463998,2026-08-20T00:09:10-04:00
12117500,2012-09-12,300,A,8.4950539775999996,733.97266366463998,2026-08-20T00:09:10-04:00
12117500,2012-09-13,297,A,8.4101034378240005,726.63293702799365,2026-08-20T00:09:10-04:00
12117500,2012-09-14,296,A,8.3817865912320002,724.1863614824448,2026-08-20T00:09:10-04:00
12117500,2012-09-15,294,A,8.3251528980479996,719.2932103913472,2026-08-20T00:09:10-04:00
12117500,2012-09-16,293,A,8.2968360514560011,716.84663484579846,2026-08-20T00:09:10-04:00
12117500,2012-09-17,300,A,8.4950539775999996,733.97266366463998,2026-08-20T00:09:10-04:00
12117500,2012-09-18,329,A,9.3162425287680009,804.92335448555525,2026-08-20T00:09:10-04:00
12117500,2012-09-19,330,A,9.3445593753600011,807.36993003110399,2026-08-20T00:09:10-04:00
12117500,2012-09-20,328,A,9.2879256821760006,802.4767789400064,2026-08-20T00:09:10-04:00
12117500,2012-09-21,327,A,9.2596088355840003,800.03020339445766,2026-08-20T00:09:10-04:00
12117500,2012-09-22,328,A,9.2879256821760006,802.4767789400064,2026-08-20T00:09:10-04:00
12117500,2012-09-23,325,A,9.2029751423999997,795.13705230336006,2026-08-20T00:09:10-04:00
12117500,2012-09-24,327,A,9.2596088355840003,800.03020339445766,2026-08-20T00:09:10-04:00
12117500,2012-09-25,329,A,9.3162425287680009,804.92335448555525,2026-08-20T00:09:10-04:00
12117500,2012-09-26,327,A,9.2596088355840003,800.03020339445766,2026-08-20T00:09:10-04:00
12117500,2012-09-27,325,A,9.2029751423999997,795.13705230336006,2026-08-20T00:09:10-04:00
12117500,2012-09-28,324,A,9.1746582958079994,792.69047675781121,2026-08-20T00:09:10-04:00
12117500,2012-09-29,323,A,9.1463414492160009,790.24390121226247,2026-08-20T00:09:10-04:00
12117500,2012-09-30,322,A,9.1180246026240006,787.79732566671362,2026-08-20T00:09:10-04:00
12117500,2012-10-01,321,A,9.0897077560320003,785.35075012116488,2026-08-20T00:09:10-04:00
12117500,2012-10-02,320,A,9.06139090944,782.90417457561603,2026-08-20T00:09:10-04:00
12117500,2012-10-03,319,A,9.0330740628479997,780.45759903006717,2026-08-20T00:09:10-04:00
12117500,2012-10-04,317,A,8.9764403696640009,775.56444793896958,2026-08-20T00:09:10-04:00
12117500,2012-10-05,315,A,8.9198066764800004,770.67129684787199,2026-08-20T00:09:10-04:00
12117500,2012-10-06,314,A,8.8914898298880001,768.22472130232325,2026-08-20T00:09:10-04:00
12117500,2012-10-07,325,A,9.2029751423999997,795.13705230336006,2026-08-20T00:09:10-04:00
12117500,2012-10-08,411,A,11.638223949312,1005.5425492205568,2026-08-20T00:09:10-04:00
12117500,2012-10-09,418,A,11.836441875456,1022.6685780393984,2026-08-20T00:09:10-04:00
12117500,2012-10-10,418,A,11.836441875456,1022.6685780393984,2026-08-20T00:09:10-04:00
12117500,2012-10-11,419,A,11.864758722048,1025.1151535849472,2026-08-20T00:09:10-04:00
12117500,2012-10-12,421,A,11.921392415232001,1030.0083046760449,2026-08-20T00:09:10-04:00
12117500,2012-10-13,433,A,12.261194574336001,1059.3672112226304,2026-08-20T00:09:10-04:00
12117500,2012-10-14,455,A,12.88416519936,1113.1918732247041,2026-08-20T00:09:10-04:00
12117500,2012-10-15,485,A,13.73367059712,1186.5891395911681,2026-08-20T00:09:10-04:00
12117500,2012-10-16,499,A,14.130106449408,1220.8411972288513,2026-08-20T00:09:10-04:00
12117500,2012-10-17,447,A,12.657630426624001,1093.6192688603137,2026-08-20T00:09:10-04:00
12117500,2012-10-18,440,A,12.459412500480001,1076.4932400414721,2026-08-20T00:09:10-04:00
12117500,2012-10-19,492,A,13.931888523264,1203.7151684100097,2026-08-20T00:09:10-04:00
12117500,2012-10-20,484,A,13.705353750528001,1184.1425640456193,2026-08-20T00:09:10-04:00
12117500,2012-10-21,459,A,12.997432585728001,1122.9781754068993,2026-08-20T00:09:10-04:00
12117500,2012-10-22,452,A,12.799214659584001,1105.8521465880576,2026-08-20T00:09:10-04:00
12117500,2012-10-23,452,A,12.799214659584001,1105.8521465880576,2026-08-20T00:09:10-04:00
12117500,2012-10-24,440,A,12.459412500480001,1076.4932400414721,2026-08-20T00:09:10-04:00
12117500,2012-10-25,443,A,12.544363040256,1083.8329666781185,2026-08-20T00:09:10-04:00
12117500,2012-10-26,436,A,12.346145114112,1066.7069378592769,2026-08-20T00:09:10-04:00
12117500,2012-10-27,478,A,13.535452670976001,1169.4631107723264,2026-08-20T00:09:10-04:00
12117500,2012-10-28,632,A,17.896247046144001,1546.2357447868417,2026-08-20T00:09:10-04:00
12117500,2012-10-29,724,A,20.501396932607999,1771.3206949773312,2026-08-20T00:09:10-04:00
12117500,2012-10-30,710,A,20.104961080319999,1737.0686373396481,2026-08-20T00:09:10-04:00
12117500,2012-10-31,775,A,21.945556108800002,1896.0960478003201,2026-08-20T00:09:10-04:00
12117500,2012-11-01,671,A,19.000604063232,1641.6521910632448,2026-08-20T00:09:10-04:00
12117500,2012-11-02,583,A,16.508721563136,1426.3535430549505,2026-08-20T00:09:10-04:00
12117500,2012-11-03,979,A,27.722192813568,2395.1974590922755,2026-08-20T00:09:10-04:00
12117500,2012-11-04,1110,A,31.431699717120001,2715.6988555591679,2026-08-20T00:09:10-04:00
12117500,2012-11-05,1180,A,33.41387897856,2886.9591437475842,2026-08-20T00:09:10-04:00
12117500,2012-11-06,1150,A,32.564373580800002,2813.5618773811202,2026-08-20T00:09:10-04:00
12117500,2012-11-07,1160,A,32.847542046720001,2838.0276328366081,2026-08-20T00:09:10-04:00
12117500,2012-11-08,1140,A,32.281205114880002,2789.0961219256319,2026-08-20T00:09:10-04:00
12117500,2012-11-09,1120,A,31.71486818304,2740.1646110146562,2026-08-20T00:09:10-04:00
12117500,2012-11-10,1040,A,29.449520455680002,2544.438567370752,2026-08-20T00:09:10-04:00
12117500,2012-11-11,755,A,21.37921917696,1847.1645368893442,2026-08-20T00:09:10-04:00
12117500,2012-11-12,742,A,21.011100171264001,1815.3590547972096,2026-08-20T00:09:10-04:00
12117500,2012-11-13,705,A,19.963376847359999,1724.835759611904,2026-08-20T00:09:10-04:00
12117500,2012-11-14,721,A,20.416446392832,1763.980968340685,2026-08-20T00:09:10-04:00
12117500,2012-11-15,712,A,20.161594773504,1741.9617884307456,2026-08-20T00:09:10-04:00
12117500,2012-11-16,770,A,21.803971875840002,1883.8631700725762,2026-08-20T00:09:10-04:00
12117500,2012-11-17,1120,A,31.71486818304,2740.1646110146562,2026-08-20T00:09:10-04:00
12117500,2012-11-18,953,A,26.985954802176,2331.5864949080064,2026-08-20T00:09:10-04:00
12117500,2012-11-19,925,A,26.193083097600002,2263.0823796326399,2026-08-20T00:09:10-04:00
12117500,2012-11-20,940,A,26.617835796480001,2299.7810128158721,2026-08-20T00:09:10-04:00
12117500,2012-11-21,924,A,26.164766251008,2260.6358040870914,2026-08-20T00:09:10-04:00
12117500,2012-11-22,1240,A,35.112889774080003,3033.7536764805122,2026-08-20T00:09:10-04:00
12117500,2012-11-23,1190,A,33.697047444479999,2911.4248992030721,2026-08-20T00:09:10-04:00
12117500,2012-11-24,1290,A,36.528732103679999,3156.082453757952,2026-08-20T00:09:10-04:00
12117500,2012-11-25,1320,A,37.378237501440005,3229.479720124416,2026-08-20T00:09:10-04:00
12117500,2012-11-26,1260,A,35.679226705920001,3082.6851873914879,2026-08-20T00:09:10-04:00
12117500,2012-11-27,1220,A,34.546552842240004,2984.8221655695361,2026-08-20T00:09:10-04:00
12117500,2012-11-28,1200,A,33.980215910399998,2935.8906546585599,2026-08-20T00:09:10-04:00
12117500,2012-11-29,1190,A,33.697047444479999,2911.4248992030721,2026-08-20T00:09:10-04:00
12117500,2012-11-30,1180,A,33.41387897856,2886.9591437475842,2026-08-20T00:09:10-04:00
12117500,2012-12-01,1190,A,33.697047444479999,2911.4248992030721,2026-08-20T00:09:10-04:00
12117500,2012-12-02,1150,A,32.564373580800002,2813.5618773811202,2026-08-20T00:09:10-04:00
12117500,2012-12-03,1010,A,28.60001505792,2471.041301004288,2026-08-20T00:09:10-04:00
12117500,2012-12-04,928,A,26.278033637376002,2270.4221062692864,2026-08-20T00:09:10-04:00
12117500,2012-12-05,1070,A,30.29902585344,2617.835833737216,2026-08-20T00:09:10-04:00
12117500,2012-12-06,1350,A,38.227742899200003,3302.87698649088,2026-08-20T00:09:10-04:00
12117500,2012-12-07,1360,A,38.510911365120002,3327.3427419463683,2026-08-20T00:09:10-04:00
12117500,2012-12-08,1310,A,37.095069035519998,3205.0139646689281,2026-08-20T00:09:10-04:00
12117500,2012-12-09,1290,A,36.528732103679999,3156.082453757952,2026-08-20T00:09:10-04:00
12117500,2012-12-10,1330,A,37.661405967360004,3253.9454755799043,2026-08-20T00:09:10-04:00
12117500,2012-12-11,1320,A,37.378237501440005,3229.479720124416,2026-08-20T00:09:10-04:00
12117500,2012-12-12,1330,A,37.661405967360004,3253.9454755799043,2026-08-20T00:09:10-04:00
12117500,2012-12-13,1300,A,36.811900569599999,3180.5482092134403,2026-08-20T00:09:10-04:00
12117500,2012-12-14,1290,A,36.528732103679999,3156.082453757952,2026-08-20T00:09:10-04:00
12117500,2012-12-15,1210,A,34.263384376319998,2960.3564101140482,2026-08-20T00:09:10-04:00
12117500,2012-12-16,1010,A,28.60001505792,2471.041301004288,2026-08-20T00:09:10-04:00
12117500,2012-12-17,832,A,23.559616364544002,2035.5508538966017,2026-08-20T00:09:10-04:00
12117500,2012-12-18,748,A,21.181001250815999,1830.0385080705025,2026-08-20T00:09:10-04:00
12117500,2012-12-19,728,A,20.614664318976001,1781.1069971595264,2026-08-20T00:09:10-04:00
12117500,2012-12-20,761,A,21.549120256512001,1861.8439901626368,2026-08-20T00:09:10-04:00
12117500,2012-12-21,735,A,20.812882245120001,1798.233025978368,2026-08-20T00:09:10-04:00
12117500,2012-12-22,712,A,20.161594773504,1741.9617884307456,2026-08-20T00:09:10-04:00
12117500,2012-12-23,695,A,19.68020838144,1700.3700041564161,2026-08-20T00:09:10-04:00
12117500,2012-12-24,699,A,19.793475767808001,1710.1563063386113,2026-08-20T00:09:10-04:00
12117500,2012-12-25,696,A,19.708525228032002,1702.8165797019649,2026-08-20T00:09:10-04:00
12117500,2012-12-26,681,A,19.283772529151999,1666.1179465187329,2026-08-20T00:09:10-04:00
12117500,2012-12-27,748,A,21.181001250815999,1830.0385080705025,2026-08-20T00:09:10-04:00
12117500,2012-12-28,729,A,20.642981165567999,1783.5535727050753,2026-08-20T00:09:10-04:00
12117500,2012-12-29,698,A,19.765158921215999,1707.7097307930624,2026-08-20T00:09:10-04:00
12117500,2012-12-30,679,A,19.227138835967999,1661.2247954276352,2026-08-20T00:09:10-04:00
12117500,2012-12-31,664,A,18.802386137088,1624.5261622444032,2026-08-20T00:09:10-04:00
12117500,2013-01-01,650,A,18.405950284799999,1590.2741046067201,2026-08-20T00:09:10-04:00
12117500,2013-01-02,627,A,17.754662813184002,1534.0028670590978,2026-08-20T00:09:10-04:00
12117500,2013-01-03,584,A,16.537038409728002,1428.8001186004992,2026-08-20T00:09:10-04:00
12117500,2013-01-04,592,A,16.763573182464,1448.3727229648896,2026-08-20T00:09:10-04:00
12117500,2013-01-05,585,A,16.56535525632,1431.246694146048,2026-08-20T00:09:10-04:00
12117500,2013-01-06,580,A,16.42377102336,1419.013816418304,2026-08-20T00:09:10-04:00
12117500,2013-01-07,795,A,22.51189304064,1945.027558711296,2026-08-20T00:09:10-04:00
12117500,2013-01-08,869,A,24.607339688448,2126.0741490819073,2026-08-20T00:09:10-04:00
12117500,2013-01-09,923,A,26.136449404416002,2258.1892285415424,2026-08-20T00:09:10-04:00
12117500,2013-01-10,817,A,23.134863665664,1998.8522207133697,2026-08-20T00:09:10-04:00
12117500,2013-01-11,738,A,20.897832784896,1805.5727526150145,2026-08-20T00:09:10-04:00
12117500,2013-01-12,695,A,19.68020838144,1700.3700041564161,2026-08-20T00:09:10-04:00
12117500,2013-01-13,663,A,18.774069290496001,1622.0795866988544,2026-08-20T00:09:10-04:00
12117500,2013-01-14,641,A,18.151098665472002,1568.2549246967808,2026-08-20T00:09:10-04:00
12117500,2013-01-15,623,A,17.641395426816,1524.2165648769023,2026-08-20T00:09:10-04:00
12117500,2013-01-16,609,A,17.244959574528,1489.9645072392193,2026-08-20T00:09:10-04:00
12117500,2013-01-17,598,A,16.933474262016002,1463.0521762381825,2026-08-20T00:09:10-04:00
12117500,2013-01-18,589,A,16.678622642688001,1441.0329963282431,2026-08-20T00:09:10-04:00
12117500,2013-01-19,581,A,16.452087869951999,1421.4603919638528,2026-08-20T00:09:10-04:00
12117500,2013-01-20,578,A,16.367137330176,1414.1206653272066,2026-08-20T00:09:10-04:00
12117500,2013-01-21,580,A,16.42377102336,1419.013816418304,2026-08-20T00:09:10-04:00
12117500,2013-01-22,579,A,16.395454176768002,1416.5672408727553,2026-08-20T00:09:10-04:00
12117500,2013-01-23,581,A,16.452087869951999,1421.4603919638528,2026-08-20T00:09:10-04:00
12117500,2013-01-24,582,A,16.480404716544001,1423.9069675094017,2026-08-20T00:09:10-04:00
12117500,2013-01-25,628,A,17.782979659776,1536.4494426046465,2026-08-20T00:09:10-04:00
12117500,2013-01-26,617,A,17.471494347263999,1509.5371116036097,2026-08-20T00:09:10-04:00
12117500,2013-01-27,625,A,17.698029120000001,1529.109715968,2026-08-20T00:09:10-04:00
12117500,2013-01-28,656,A,18.575851364352001,1604.9535578800128,2026-08-20T00:09:10-04:00
12117500,2013-01-29,867,A,24.550705995264,2121.1809979908098,2026-08-20T00:09:10-04:00
12117500,2013-01-30,1160,A,32.847542046720001,2838.0276328366081,2026-08-20T00:09:10-04:00
12117500,2013-01-31,1150,A,32.564373580800002,2813.5618773811202,2026-08-20T00:09:10-04:00
12117500,2013-02-01,1170,A,33.13071051264,2862.4933882920959,2026-08-20T00:09:10-04:00
12117500,2013-02-02,1020,A,28.88318352384,2495.5070564597759,2026-08-20T00:09:10-04:00
12117500,2013-02-03,944,A,26.731103182847999,2309.5673149980671,2026-08-20T00:09:10-04:00
12117500,2013-02-04,904,A,25.598429319168002,2211.7042931761152,2026-08-20T00:09:10-04:00
12117500,2013-02-05,884,A,25.032092387327999,2162.7727822651391,2026-08-20T00:09:10-04:00
12117500,2013-02-06,897,A,25.400211393024001,2194.5782643572738,2026-08-20T00:09:10-04:00
12117500,2013-02-07,864,A,24.465755455488001,2113.8412713541634,2026-08-20T00:09:10-04:00
12117500,2013-02-08,832,A,23.559616364544002,2035.5508538966017,2026-08-20T00:09:10-04:00
12117500,2013-02-09,810,A,22.936645739519999,1981.726191894528,2026-08-20T00:09:10-04:00
12117500,2013-02-10,789,A,22.341991961088002,1930.3481054380034,2026-08-20T00:09:10-04:00
12117500,2013-02-11,772,A,21.860605569023999,1888.7563211636736,2026-08-20T00:09:10-04:00
12117500,2013-02-12,770,A,21.803971875840002,1883.8631700725762,2026-08-20T00:09:10-04:00
12117500,2013-02-13,789,A,22.341991961088002,1930.3481054380034,2026-08-20T00:09:10-04:00
12117500,2013-02-14,782,A,22.143774034944002,1913.2220766191617,2026-08-20T00:09:10-04:00
12117500,2013-02-15,771,A,21.832288722432001,1886.3097456181249,2026-08-20T00:09:10-04:00
12117500,2013-02-16,767,A,21.719021336063999,1876.5234434359297,2026-08-20T00:09:10-04:00
12117500,2013-02-17,762,A,21.577437103104,1864.2905657081856,2026-08-20T00:09:10-04:00
12117500,2013-02-18,750,A,21.237634944,1834.9316591616,2026-08-20T00:09:10-04:00
12117500,2013-02-19,740,A,20.954466478080001,1810.4659037061122,2026-08-20T00:09:10-04:00
12117500,2013-02-20,728,A,20.614664318976001,1781.1069971595264,2026-08-20T00:09:10-04:00
12117500,2013-02-21,729,A,20.642981165567999,1783.5535727050753,2026-08-20T00:09:10-04:00
12117500,2013-02-22,757,A,21.435852870144,1852.0576879804416,2026-08-20T00:09:10-04:00
12117500,2013-02-23,751,A,21.265951790592002,1837.3782347071487,2026-08-20T00:09:10-04:00
12117500,2013-02-24,737,A,20.869515938304001,1803.1261770694657,2026-08-20T00:09:10-04:00
12117500,2013-02-25,746,A,21.124367557632002,1825.1453569794048,2026-08-20T00:09:10-04:00
12117500,2013-02-26,727,A,20.586347472384002,1778.6604216139776,2026-08-20T00:09:10-04:00
12117500,2013-02-27,729,A,20.642981165567999,1783.5535727050753,2026-08-20T00:09:10-04:00
12117500,2013-02-28,786,A,22.257041421312,1923.0083788013569,2026-08-20T00:09:10-04:00
12117500,2013-03-01,885,A,25.060409233920002,2165.2193578106881,2026-08-20T00:09:10-04:00
12117500,2013-03-02,867,A,24.550705995264,2121.1809979908098,2026-08-20T00:09:10-04:00
12117500,2013-03-03,860,A,24.35248806912,2104.054969171968,2026-08-20T00:09:10-04:00
12117500,2013-03-04,814,A,23.049913125888001,1991.5124940767232,2026-08-20T00:09:10-04:00
12117500,2013-03-05,785,A,22.228724574720001,1920.5618032558082,2026-08-20T00:09:10-04:00
12117500,2013-03-06,780,A,22.087140341760001,1908.328925528064,2026-08-20T00:09:10-04:00
12117500,2013-03-07,856,A,24.239220682752002,2094.268666989773,2026-08-20T00:09:10-04:00
12117500,2013-03-08,991,A,28.061994972672,2424.5563656388608,2026-08-20T00:09:10-04:00
12117500,2013-03-09,970,A,27.467341194239999,2373.1782791823362,2026-08-20T00:09:10-04:00
12117500,2013-03-10,952,A,26.957637955584001,2329.1399193624575,2026-08-20T00:09:10-04:00
12117500,2013-03-11,765,A,21.662387642879999,1871.630292344832,2026-08-20T00:09:10-04:00
12117500,2013-03-12,759,A,21.492486563328001,1856.9508390715393,2026-08-20T00:09:10-04:00
12117500,2013-03-13,848,A,24.012685910016,2074.6960626253826,2026-08-20T00:09:10-04:00
12117500,2013-03-14,950,A,26.901004262400001,2324.24676827136,2026-08-20T00:09:10-04:00
12117500,2013-03-15,1180,A,33.41387897856,2886.9591437475842,2026-08-20T00:09:10-04:00
12117500,2013-03-16,1220,A,34.546552842240004,2984.8221655695361,2026-08-20T00:09:10-04:00
12117500,2013-03-17,1200,A,33.980215910399998,2935.8906546585599,2026-08-20T00:09:10-04:00
12117500,2013-03-18,1250,A,35.396058240000002,3058.2194319360001,2026-08-20T00:09:10-04:00
12117500,2013-03-19,1470,A,41.625764490240002,3596.466051956736,2026-08-20T00:09:10-04:00
12117500,2013-03-20,1560,A,44.174280683520003,3816.657851056128,2026-08-20T00:09:10-04:00
12117500,2013-03-21,1520,A,43.041606819839998,3718.7948292341762,2026-08-20T00:09:10-04:00
12117500,2013-03-22,1360,A,38.510911365120002,3327.3427419463683,2026-08-20T00:09:10-04:00
12117500,2013-03-23,1240,A,35.112889774080003,3033.7536764805122,2026-08-20T00:09:10-04:00
12117500,2013-03-24,1210,A,34.263384376319998,2960.3564101140482,2026-08-20T00:09:10-04:00
12117500,2013-03-25,1200,A,33.980215910399998,2935.8906546585599,2026-08-20T00:09:10-04:00
12117500,2013-03-26,1120,A,31.71486818304,2740.1646110146562,2026-08-20T00:09:10-04:00
12117500,2013-03-27,939,A,26.589518949887999,2297.3344372703232,2026-08-20T00:09:10-04:00
12117500,2013-03-28,802,A,22.710110966784001,1962.1535875301377,2026-08-20T00:09:10-04:00
12117500,2013-03-29,716,A,20.274862159872001,1751.7480906129408,2026-08-20T00:09:10-04:00
12117500,2013-03-30,708,A,20.048327387136002,1732.1754862485504,2026-08-20T00:09:10-04:00
12117500,2013-03-31,709,A,20.076644233728,1734.6220617940992,2026-08-20T00:09:10-04:00
12117500,2013-04-01,709,A,20.076644233728,1734.6220617940992,2026-08-20T00:09:10-04:00
12117500,2013-04-02,710,A,20.104961080319999,1737.0686373396481,2026-08-20T00:09:10-04:00
12117500,2013-04-03,710,A,20.104961080319999,1737.0686373396481,2026-08-20T00:09:10-04:00
12117500,2013-04-04,750,A,21.237634944,1834.9316591616,2026-08-20T00:09:10-04:00
12117500,2013-04-05,998,A,28.260212898816,2441.6823944577027,2026-08-20T00:09:10-04:00
12117500,2013-04-06,1260,A,35.679226705920001,3082.6851873914879,2026-08-20T00:09:10-04:00
12117500,2013-04-07,1340,A,37.944574433280003,3278.4112310353921,2026-08-20T00:09:10-04:00
12117500,2013-04-08,1420,A,40.209922160639998,3474.1372746792963,2026-08-20T00:09:10-04:00
12117500,2013-04-09,1470,A,41.625764490240002,3596.466051956736,2026-08-20T00:09:10-04:00
12117500,2013-04-10,1300,A,36.811900569599999,3180.5482092134403,2026-08-20T00:09:10-04:00
12117500,2013-04-11,1260,A,35.679226705920001,3082.6851873914879,2026-08-20T00:09:10-04:00
12117500,2013-04-12,1480,A,41.908932956160001,3620.9318074122243,2026-08-20T00:09:10-04:00
12117500,2013-04-13,1590,A,45.023786081280001,3890.055117422592,2026-08-20T00:09:10-04:00
12117500,2013-04-14,1620,A,45.873291479039999,3963.4523837890561,2026-08-20T00:09:10-04:00
12117500,2013-04-15,1580,A,44.740617615360001,3865.5893619671042,2026-08-20T00:09:10-04:00
12117500,2013-04-16,1580,A,44.740617615360001,3865.5893619671042,2026-08-20T00:09:10-04:00
12117500,2013-04-17,1610,A,45.590123013119999,3938.9866283335682,2026-08-20T00:09:10-04:00
12117500,2013-04-18,1520,A,43.041606819839998,3718.7948292341762,2026-08-20T00:09:10-04:00
12117500,2013-04-19,1370,A,38.794079831040001,3351.8084974018561,2026-08-20T00:09:10-04:00
12117500,2013-04-20,1600,A,45.3069545472,3914.5208728780799,2026-08-20T00:09:10-04:00
12117500,2013-04-21,1410,A,39.926753694719999,3449.671519223808,2026-08-20T00:09:10-04:00
12117500,2013-04-22,1360,A,38.510911365120002,3327.3427419463683,2026-08-20T00:09:10-04:00
12117500,2013-04-23,1590,A,45.023786081280001,3890.055117422592,2026-08-20T00:09:10-04:00
12117500,2013-04-24,1550,A,43.891112217600003,3792.1920956006402,2026-08-20T00:09:10-04:00
12117500,2013-04-25,1510,A,42.758438353919999,3694.3290737786883,2026-08-20T00:09:10-04:00
12117500,2013-04-26,1450,A,41.059427558400003,3547.5345410457603,2026-08-20T00:09:10-04:00
12117500,2013-04-27,1330,A,37.661405967360004,3253.9454755799043,2026-08-20T00:09:10-04:00
12117500,2013-04-28,1320,A,37.378237501440005,3229.479720124416,2026-08-20T00:09:10-04:00
12117500,2013-04-29,1380,A,39.077248296960001,3376.274252857344,2026-08-20T00:09:10-04:00
12117500,2013-04-30,1370,A,38.794079831040001,3351.8084974018561,2026-08-20T00:09:10-04:00
12117500,2013-05-01,1500,A,42.475269888,3669.8633183232,2026-08-20T00:09:10-04:00
12117500,2013-05-02,1490,A,42.19210142208,3645.3975628677122,2026-08-20T00:09:10-04:00
12117500,2013-05-03,1480,A,41.908932956160001,3620.9318074122243,2026-08-20T00:09:10-04:00
12117500,2013-05-04,1470,A,41.625764490240002,3596.466051956736,2026-08-20T00:09:10-04:00
12117500,2013-05-05,1470,A,41.625764490240002,3596.466051956736,2026-08-20T00:09:10-04:00
12117500,2013-05-06,1470,A,41.625764490240002,3596.466051956736,2026-08-20T00:09:10-04:00
12117500,2013-05-07,1440,A,40.776259092480004,3523.068785590272,2026-08-20T00:09:10-04:00
12117500,2013-05-08,1360,A,38.510911365120002,3327.3427419463683,2026-08-20T00:09:10-04:00
12117500,2013-05-09,1350,A,38.227742899200003,3302.87698649088,2026-08-20T00:09:10-04:00
12117500,2013-05-10,1360,A,38.510911365120002,3327.3427419463683,2026-08-20T00:09:10-04:00
12117500,2013-05-11,1440,A,40.776259092480004,3523.068785590272,2026-08-20T00:09:10-04:00
12117500,2013-05-12,1440,A,40.776259092480004,3523.068785590272,2026-08-20T00:09:10-04:00
12117500,2013-05-13,1470,A,41.625764490240002,3596.466051956736,2026-08-20T00:09:10-04:00
12117500,2013-05-14,1460,A,41.342596024320002,3572.0002965012482,2026-08-20T00:09:10-04:00
12117500,2013-05-15,1400,A,39.643585228799999,3425.2057637683201,2026-08-20T00:09:10-04:00
12117500,2013-05-16,1260,A,35.679226705920001,3082.6851873914879,2026-08-20T00:09:10-04:00
12117500,2013-05-17,1190,A,33.697047444479999,2911.4248992030721,2026-08-20T00:09:10-04:00
12117500,2013-05-18,1050,A,29.732688921600001,2568.9043228262399,2026-08-20T00:09:10-04:00
12117500,2013-05-19,964,A,27.297440114688001,2358.4988259090433,2026-08-20T00:09:10-04:00
12117500,2013-05-20,936,A,26.504568410112,2289.9947106336767,2026-08-20T00:09:10-04:00
12117500,2013-05-21,806,A,22.823378353152002,1971.9398897123328,2026-08-20T00:09:10-04:00
12117500,2013-05-22,760,A,21.520803409919999,1859.3974146170881,2026-08-20T00:09:10-04:00
12117500,2013-05-23,739,A,20.926149631488002,1808.0193281605632,2026-08-20T00:09:10-04:00
12117500,2013-05-24,721,A,20.416446392832,1763.980968340685,2026-08-20T00:09:10-04:00
12117500,2013-05-25,709,A,20.076644233728,1734.6220617940992,2026-08-20T00:09:10-04:00
12117500,2013-05-26,645,A,18.26436605184,1578.041226878976,2026-08-20T00:09:10-04:00
12117500,2013-05-27,622,A,17.613078580224002,1521.7699893313536,2026-08-20T00:09:10-04:00
12117500,2013-05-28,683,A,19.340406222336,1671.0110976098304,2026-08-20T00:09:10-04:00
12117500,2013-05-29,687,A,19.453673608704001,1680.7973997920255,2026-08-20T00:09:10-04:00
12117500,2013-05-30,694,A,19.651891534848001,1697.9234286108672,2026-08-20T00:09:10-04:00
12117500,2013-05-31,616,A,17.443177500672,1507.0905360580609,2026-08-20T00:09:10-04:00
12117500,2013-06-01,566,A,16.027335171072,1384.7617587806208,2026-08-20T00:09:10-04:00
12117500,2013-06-02,543,A,15.376047699456,1328.4905212329984,2026-08-20T00:09:10-04:00
12117500,2013-06-03,525,A,14.866344460800001,1284.4521614131199,2026-08-20T00:09:10-04:00
12117500,2013-06-04,508,A,14.384958068736001,1242.8603771387905,2026-08-20T00:09:10-04:00
12117500,2013-06-05,498,A,14.101789602816,1218.3946216833024,2026-08-20T00:09:10-04:00
12117500,2013-06-06,505,A,14.30000752896,1235.520650502144,2026-08-20T00:09:10-04:00
12117500,2013-06-07,531,A,15.036245540352001,1299.1316146864128,2026-08-20T00:09:10-04:00
12117500,2013-06-08,528,A,14.951295000576,1291.7918880497664,2026-08-20T00:09:10-04:00
12117500,2013-06-09,525,A,14.866344460800001,1284.4521614131199,2026-08-20T00:09:10-04:00
12117500,2013-06-10,506,A,14.328324375552,1237.9672260476927,2026-08-20T00:09:10-04:00
12117500,2013-06-11,495,A,14.016839063040001,1211.0548950466559,2026-08-20T00:09:10-04:00
12117500,2013-06-12,501,A,14.186740142592001,1225.7343483199488,2026-08-20T00:09:10-04:00
12117500,2013-06-13,528,A,14.951295000576,1291.7918880497664,2026-08-20T00:09:10-04:00
12117500,2013-06-14,526,A,14.894661307392001,1286.8987369586689,2026-08-20T00:09:10-04:00
12117500,2013-06-15,514,A,14.554859148288001,1257.5398304120833,2026-08-20T00:09:10-04:00
12117500,2013-06-16,472,A,13.365551591424,1154.7836574990336,2026-08-20T00:09:10-04:00
12117500,2013-06-17,445,A,12.600996733440001,1088.726117769216,2026-08-20T00:09:10-04:00
12117500,2013-06-18,410,A,11.609907102720001,1003.0959736750081,2026-08-20T00:09:10-04:00
12117500,2013-06-19,391,A,11.071887017472001,956.61103830958086,2026-08-20T00:09:10-04:00
12117500,2013-06-20,399,A,11.298421790208,976.18364267397124,2026-08-20T00:09:10-04:00
12117500,2013-06-21,429,A,12.147927187968,1049.5809090404352,2026-08-20T00:09:10-04:00
12117500,2013-06-22,395,A,11.18515440384,966.39734049177605,2026-08-20T00:09:10-04:00
12117500,2013-06-23,387,A,10.958619631104,946.82473612738568,2026-08-20T00:09:10-04:00
12117500,2013-06-24,407,A,11.524956562944,995.75624703836161,2026-08-20T00:09:10-04:00
12117500,2013-06-25,473,A,13.393868438016,1157.2302330445825,2026-08-20T00:09:10-04:00
12117500,2013-06-26,475,A,13.4505021312,1162.12338413568,2026-08-20T00:09:10-04:00
12117500,2013-06-27,493,A,13.960205369856,1206.1617439555584,2026-08-20T00:09:10-04:00
12117500,2013-06-28,487,A,13.790304290304,1191.4822906822656,2026-08-20T00:09:10-04:00
12117500,2013-06-29,479,A,13.563769517568,1171.9096863178752,2026-08-20T00:09:10-04:00
12117500,2013-06-30,473,A,13.393868438016,1157.2302330445825,2026-08-20T00:09:10-04:00
12117500,2013-07-01,470,A,13.308917898240001,1149.8905064079361,2026-08-20T00:09:10-04:00
12117500,2013-07-02,469,A,13.280601051648,1147.4439308623873,2026-08-20T00:09:10-04:00
12117500,2013-07-03,459,A,12.997432585728001,1122.9781754068993,2026-08-20T00:09:10-04:00
12117500,2013-07-04,448,A,12.685947273216,1096.0658444058624,2026-08-20T00:09:10-04:00
12117500,2013-07-05,438,A,12.402778807296,1071.6000889503744,2026-08-20T00:09:10-04:00
12117500,2013-07-06,414,A,11.723174489088001,1012.8822758572032,2026-08-20T00:09:10-04:00
12117500,2013-07-07,410,A,11.609907102720001,1003.0959736750081,2026-08-20T00:09:10-04:00
12117500,2013-07-08,404,A,11.440006023168001,988.41652040171527,2026-08-20T00:09:10-04:00
12117500,2013-07-09,401,A,11.355055483392,981.07679376506883,2026-08-20T00:09:10-04:00
12117500,2013-07-10,396,A,11.213471250432001,968.84391603732479,2026-08-20T00:09:10-04:00
12117500,2013-07-11,394,A,11.156837557248,963.9507649462272,2026-08-20T00:09:10-04:00
12117500,2013-07-12,393,A,11.128520710656,961.50418940067846,2026-08-20T00:09:10-04:00
12117500,2013-07-13,373,A,10.562183778816001,912.57267848970241,2026-08-20T00:09:10-04:00
12117500,2013-07-14,334,A,9.4578267617280005,817.15623221329918,2026-08-20T00:09:10-04:00
12117500,2013-07-15,329,A,9.3162425287680009,804.92335448555525,2026-08-20T00:09:10-04:00
12117500,2013-07-16,326,A,9.231291988992,797.5836278489088,2026-08-20T00:09:10-04:00
12117500,2013-07-17,326,A,9.231291988992,797.5836278489088,2026-08-20T00:09:10-04:00
12117500,2013-07-18,325,A,9.2029751423999997,795.13705230336006,2026-08-20T00:09:10-04:00
12117500,2013-07-19,319,A,9.0330740628479997,780.45759903006717,2026-08-20T00:09:10-04:00
12117500,2013-07-20,318,A,9.0047572162559995,778.01102348451843,2026-08-20T00:09:10-04:00
12117500,2013-07-21,317,A,8.9764403696640009,775.56444793896958,2026-08-20T00:09:10-04:00
12117500,2013-07-22,313,A,8.8631729832959998,765.77814575677439,2026-08-20T00:09:10-04:00
12117500,2013-07-23,310,A,8.7782224435200007,758.43841912012806,2026-08-20T00:09:10-04:00
12117500,2013-07-24,310,A,8.7782224435200007,758.43841912012806,2026-08-20T00:09:10-04:00
12117500,2013-07-25,307,A,8.6932719037439998,751.09869248348161,2026-08-20T00:09:10-04:00
12117500,2013-07-26,303,A,8.5800045173760005,741.31239030128643,2026-08-20T00:09:10-04:00
12117500,2013-07-27,303,A,8.5800045173760005,741.31239030128643,2026-08-20T00:09:10-04:00
12117500,2013-07-28,303,A,8.5800045173760005,741.31239030128643,2026-08-20T00:09:10-04:00
12117500,2013-07-29,300,A,8.4950539775999996,733.97266366463998,2026-08-20T00:09:10-04:00
12117500,2013-07-30,298,A,8.4384202844160008,729.07951257354239,2026-08-20T00:09:10-04:00
12117500,2013-07-31,296,A,8.3817865912320002,724.1863614824448,2026-08-20T00:09:10-04:00
12117500,2013-08-01,296,A,8.3817865912320002,724.1863614824448,2026-08-20T00:09:10-04:00
12117500,2013-08-02,296,A,8.3817865912320002,724.1863614824448,2026-08-20T00:09:10-04:00
12117500,2013-08-03,296,A,8.3817865912320002,724.1863614824448,2026-08-20T00:09:10-04:00
12117500,2013-08-04,294,A,8.3251528980479996,719.2932103913472,2026-08-20T00:09:10-04:00
12117500,2013-08-05,289,A,8.183568665088,707.06033266360328,2026-08-20T00:09:10-04:00
12117500,2013-08-06,288,A,8.1552518184959997,704.61375711805442,2026-08-20T00:09:10-04:00
12117500,2013-08-07,285,A,8.0703012787200006,697.27403048140798,2026-08-20T00:09:10-04:00
12117500,2013-08-08,284,A,8.0419844321280003,694.82745493585924,2026-08-20T00:09:10-04:00
12117500,2013-08-09,282,A,7.9853507389440006,689.93430384476164,2026-08-20T00:09:10-04:00
12117500,2013-08-10,282,A,7.9853507389440006,689.93430384476164,2026-08-20T00:09:10-04:00
12117500,2013-08-11,281,A,7.9570338923520003,687.48772829921279,2026-08-20T00:09:10-04:00
12117500,2013-08-12,280,A,7.92871704576,685.04115275366405,2026-08-20T00:09:10-04:00
12117500,2013-08-13,282,A,7.9853507389440006,689.93430384476164,2026-08-20T00:09:10-04:00
12117500,2013-08-14,282,A,7.9853507389440006,689.93430384476164,2026-08-20T00:09:10-04:00
12117500,2013-08-15,283,A,8.013667585536,692.38087939031038,2026-08-20T00:09:10-04:00
12117500,2013-08-16,282,A,7.9853507389440006,689.93430384476164,2026-08-20T00:09:10-04:00
12117500,2013-08-17,282,A,7.9853507389440006,689.93430384476164,2026-08-20T00:09:10-04:00
12117500,2013-08-18,281,A,7.9570338923520003,687.48772829921279,2026-08-20T00:09:10-04:00
12117500,2013-08-19,278,A,7.8720833525760003,680.14800166256646,2026-08-20T00:09:10-04:00
12117500,2013-08-20,277,A,7.843766505984,677.7014261170176,2026-08-20T00:09:10-04:00
12117500,2013-08-21,275,A,7.7871328128000004,672.80827502592001,2026-08-20T00:09:10-04:00
12117500,2013-08-22,275,A,7.7871328128000004,672.80827502592001,2026-08-20T00:09:10-04:00
12117500,2013-08-23,275,A,7.7871328128000004,672.80827502592001,2026-08-20T00:09:10-04:00
12117500,2013-08-24,274,A,7.7588159662080001,670.36169948037127,2026-08-20T00:09:10-04:00
12117500,2013-08-25,272,A,7.7021822730240004,665.46854838927356,2026-08-20T00:09:10-04:00
12117500,2013-08-26,272,A,7.7021822730240004,665.46854838927356,2026-08-20T00:09:10-04:00
12117500,2013-08-27,272,A,7.7021822730240004,665.46854838927356,2026-08-20T00:09:10-04:00
12117500,2013-08-28,274,A,7.7588159662080001,670.36169948037127,2026-08-20T00:09:10-04:00
12117500,2013-08-29,289,A,8.183568665088,707.06033266360328,2026-08-20T00:09:10-04:00
12117500,2013-08-30,300,A,8.4950539775999996,733.97266366463998,2026-08-20T00:09:10-04:00
12117500,2013-08-31,275,A,7.7871328128000004,672.80827502592001,2026-08-20T00:09:10-04:00
12117500,2013-09-01,270,A,7.6455485798399998,660.57539729817597,2026-08-20T00:09:10-04:00
12117500,2013-09-02,268,A,7.5889148866560001,655.68224620707838,2026-08-20T00:09:10-04:00
12117500,2013-09-03,269,A,7.6172317332480004,658.12882175262723,2026-08-20T00:09:10-04:00
12117500,2013-09-04,268,A,7.5889148866560001,655.68224620707838,2026-08-20T00:09:10-04:00
12117500,2013-09-05,266,A,7.5322811934720004,650.78909511598079,2026-08-20T00:09:10-04:00
12117500,2013-09-06,347,A,9.8259457674240007,848.96171430543359,2026-08-20T00:09:10-04:00
12117500,2013-09-07,278,A,7.8720833525760003,680.14800166256646,2026-08-20T00:09:10-04:00
12117500,2013-09-08,269,A,7.6172317332480004,658.12882175262723,2026-08-20T00:09:10-04:00
12117500,2013-09-09,266,A,7.5322811934720004,650.78909511598079,2026-08-20T00:09:10-04:00
12117500,2013-09-10,264,A,7.4756475002879998,645.89594402488319,2026-08-20T00:09:10-04:00
12117500,2013-09-11,261,A,7.3906969605119999,638.55621738823686,2026-08-20T00:09:10-04:00
12117500,2013-09-12,258,A,7.3057464207359999,631.21649075159041,2026-08-20T00:09:10-04:00
12117500,2013-09-13,258,A,7.3057464207359999,631.21649075159041,2026-08-20T00:09:10-04:00
12117500,2013-09-14,256,A,7.2491127275520002,626.32333966049282,2026-08-20T00:09:10-04:00
12117500,2013-09-15,257,A,7.2774295741440005,628.76991520604167,2026-08-20T00:09:10-04:00
12117500,2013-09-16,266,A,7.5322811934720004,650.78909511598079,2026-08-20T00:09:10-04:00
12117500,2013-09-17,277,A,7.843766505984,677.7014261170176,2026-08-20T00:09:10-04:00
12117500,2013-09-18,258,A,7.3057464207359999,631.21649075159041,2026-08-20T00:09:10-04:00
12117500,2013-09-19,255,A,7.2207958809599999,623.87676411494397,2026-08-20T00:09:10-04:00
12117500,2013-09-20,252,A,7.1358453411839999,616.53703747829763,2026-08-20T00:09:10-04:00
12117500,2013-09-21,264,A,7.4756475002879998,645.89594402488319,2026-08-20T00:09:10-04:00
12117500,2013-09-22,329,A,9.3162425287680009,804.92335448555525,2026-08-20T00:09:10-04:00
12117500,2013-09-23,375,A,10.618817472,917.4658295808,2026-08-20T00:09:10-04:00
12117500,2013-09-24,364,A,10.307332159488,890.55349857976319,2026-08-20T00:09:10-04:00
12117500,2013-09-25,336,A,9.5144604549120011,822.04938330439677,2026-08-20T00:09:10-04:00
12117500,2013-09-26,324,A,9.1746582958079994,792.69047675781121,2026-08-20T00:09:10-04:00
12117500,2013-09-27,321,A,9.0897077560320003,785.35075012116488,2026-08-20T00:09:10-04:00
12117500,2013-09-28,418,A,11.836441875456,1022.6685780393984,2026-08-20T00:09:10-04:00
12117500,2013-09-29,547,A,15.489315085824,1338.2768234151936,2026-08-20T00:09:10-04:00
12117500,2013-09-30,779,A,22.058823495167999,1905.8823499825153,2026-08-20T00:09:10-04:00
12117500,2013-10-01,809,A,22.908328892928001,1979.2796163489793,2026-08-20T00:09:10-04:00
12117500,2013-10-02,768,A,21.747338182656001,1878.9700189814785,2026-08-20T00:09:10-04:00
12117500,2013-10-03,836,A,23.672883750912,2045.3371560787969,2026-08-20T00:09:10-04:00
12117500,2013-10-04,931,A,26.362984177152001,2277.7618329059328,2026-08-20T00:09:10-04:00
12117500,2013-10-05,904,A,25.598429319168002,2211.7042931761152,2026-08-20T00:09:10-04:00
12117500,2013-10-06,884,A,25.032092387327999,2162.7727822651391,2026-08-20T00:09:10-04:00
12117500,2013-10-07,768,A,21.747338182656001,1878.9700189814785,2026-08-20T00:09:10-04:00
12117500,2013-10-08,698,A,19.765158921215999,1707.7097307930624,2026-08-20T00:09:10-04:00
12117500,2013-10-09,504,A,14.271690682368,1233.0740749565953,2026-08-20T00:09:10-04:00
12117500,2013-10-10,542,A,15.347730852864,1326.0439456874496,2026-08-20T00:09:10-04:00
12117500,2013-10-11,589,A,16.678622642688001,1441.0329963282431,2026-08-20T00:09:10-04:00
12117500,2013-10-12,539,A,15.262780313088001,1318.7042190508032,2026-08-20T00:09:10-04:00
12117500,2013-10-13,525,A,14.866344460800001,1284.4521614131199,2026-08-20T00:09:10-04:00
12117500,2013-10-14,517,A,14.639809688064,1264.8795570487296,2026-08-20T00:09:10-04:00
12117500,2013-10-15,537,A,15.206146619904001,1313.8110679597057,2026-08-20T00:09:10-04:00
12117500,2013-10-16,604,A,17.103375341568,1477.7316295114751,2026-08-20T00:09:10-04:00
12117500,2013-10-17,513,A,14.526542301696001,1255.0932548665344,2026-08-20T00:09:10-04:00
12117500,2013-10-18,491,A,13.903571676672,1201.2685928644607,2026-08-20T00:09:10-04:00
12117500,2013-10-19,488,A,13.818621136896001,1193.9288662278145,2026-08-20T00:09:10-04:00
12117500,2013-10-20,487,A,13.790304290304,1191.4822906822656,2026-08-20T00:09:10-04:00
12117500,2013-10-21,485,A,13.73367059712,1186.5891395911681,2026-08-20T00:09:10-04:00
12117500,2013-10-22,510,A,14.44159176192,1247.7535282298879,2026-08-20T00:09:10-04:00
12117500,2013-10-23,510,A,14.44159176192,1247.7535282298879,2026-08-20T00:09:10-04:00
12117500,2013-10-24,506,A,14.328324375552,1237.9672260476927,2026-08-20T00:09:10-04:00
12117500,2013-10-25,505,A,14.30000752896,1235.520650502144,2026-08-20T00:09:10-04:00
12117500,2013-10-26,505,A,14.30000752896,1235.520650502144,2026-08-20T00:09:10-04:00
12117500,2013-10-27,508,A,14.384958068736001,1242.8603771387905,2026-08-20T00:09:10-04:00
12117500,2013-10-28,504,A,14.271690682368,1233.0740749565953,2026-08-20T00:09:10-04:00
12117500,2013-10-29,500,A,14.158423296,1223.2877727744001,2026-08-20T00:09:10-04:00
12117500,2013-10-30,500,A,14.158423296,1223.2877727744001,2026-08-20T00:09:10-04:00
12117500,2013-10-31,507,A,14.356641222144001,1240.4138015932417,2026-08-20T00:09:10-04:00
12117500,2013-11-01,504,A,14.271690682368,1233.0740749565953,2026-08-20T00:09:10-04:00
12117500,2013-11-02,508,A,14.384958068736001,1242.8603771387905,2026-08-20T00:09:10-04:00
12117500,2013-11-03,482,A,13.648720057344001,1179.2494129545216,2026-08-20T00:09:10-04:00
12117500,2013-11-04,474,A,13.422185284608,1159.6768085901313,2026-08-20T00:09:10-04:00
12117500,2013-11-05,509,A,14.413274915328,1245.3069526843392,2026-08-20T00:09:10-04:00
12117500,2013-11-06,511,A,14.469908608512,1250.2001037754369,2026-08-20T00:09:10-04:00
12117500,2013-11-07,611,A,17.301593267712001,1494.8576583303168,2026-08-20T00:09:10-04:00
12117500,2013-11-08,762,A,21.577437103104,1864.2905657081856,2026-08-20T00:09:10-04:00
12117500,2013-11-09,629,A,17.811296506368002,1538.8960181501952,2026-08-20T00:09:10-04:00
12117500,2013-11-10,591,A,16.735256335872002,1445.9261474193409,2026-08-20T00:09:10-04:00
12117500,2013-11-11,567,A,16.055652017664002,1387.2083343261697,2026-08-20T00:09:10-04:00
12117500,2013-11-12,551,A,15.602582472192001,1348.0631255973888,2026-08-20T00:09:10-04:00
12117500,2013-11-13,509,A,14.413274915328,1245.3069526843392,2026-08-20T00:09:10-04:00
12117500,2013-11-14,583,A,16.508721563136,1426.3535430549505,2026-08-20T00:09:10-04:00
12117500,2013-11-15,769,A,21.775655029248,1881.4165945270272,2026-08-20T00:09:10-04:00
12117500,2013-11-16,1060,A,30.015857387520001,2593.3700782817282,2026-08-20T00:09:10-04:00
12117500,2013-11-17,1030,A,29.166351989760003,2519.9728119152642,2026-08-20T00:09:10-04:00
12117500,2013-11-18,1230,A,34.829721308160003,3009.2879210250239,2026-08-20T00:09:10-04:00
12117500,2013-11-19,1520,A:e,43.041606819839998,3718.7948292341762,2026-08-20T00:09:10-04:00
12117500,2013-11-20,1590,A:e,45.023786081280001,3890.055117422592,2026-08-20T00:09:10-04:00
12117500,2013-11-21,1380,A,39.077248296960001,3376.274252857344,2026-08-20T00:09:10-04:00
12117500,2013-11-22,1330,A,37.661405967360004,3253.9454755799043,2026-08-20T00:09:10-04:00
12117500,2013-11-23,1300,A,36.811900569599999,3180.5482092134403,2026-08-20T00:09:10-04:00
12117500,2013-11-24,1280,A,36.24556363776,3131.6166983024641,2026-08-20T00:09:10-04:00
12117500,2013-11-25,1260,A,35.679226705920001,3082.6851873914879,2026-08-20T00:09:10-04:00
12117500,2013-11-26,1250,A,35.396058240000002,3058.2194319360001,2026-08-20T00:09:10-04:00
12117500,2013-11-27,1210,A,34.263384376319998,2960.3564101140482,2026-08-20T00:09:10-04:00
12117500,2013-11-28,922,A,26.108132557824,2255.7426529959935,2026-08-20T00:09:10-04:00
12117500,2013-11-29,813,A,23.021596279296002,1989.0659185311745,2026-08-20T00:09:10-04:00
12117500,2013-11-30,773,A,21.888922415616001,1891.2028967092224,2026-08-20T00:09:10-04:00
12117500,2013-12-01,679,A,19.227138835967999,1661.2247954276352,2026-08-20T00:09:10-04:00
12117500,2013-12-02,630,A,17.839613352960001,1541.342593695744,2026-08-20T00:09:10-04:00
12117500,2013-12-03,811,A,22.964962586112001,1984.1727674400768,2026-08-20T00:09:10-04:00
12117500,2013-12-04,1010,A,28.60001505792,2471.041301004288,2026-08-20T00:09:10-04:00
12117500,2013-12-05,1010,A,28.60001505792,2471.041301004288,2026-08-20T00:09:10-04:00
12117500,2013-12-06,996,A,28.203579205632,2436.7892433666048,2026-08-20T00:09:10-04:00
12117500,2013-12-07,983,A,27.835460199936001,2404.9837612744705,2026-08-20T00:09:10-04:00
12117500,2013-12-08,972,A,27.523974887424,2378.0714302734336,2026-08-20T00:09:10-04:00
12117500,2013-12-09,967,A,27.382390654464,2365.8385525456897,2026-08-20T00:09:10-04:00
12117500,2013-12-10,968,A,27.410707501056002,2368.2851280912387,2026-08-20T00:09:10-04:00
12117500,2013-12-11,914,A,25.881597785088001,2236.1700486316031,2026-08-20T00:09:10-04:00
12117500,2013-12-12,696,A,19.708525228032002,1702.8165797019649,2026-08-20T00:09:10-04:00
12117500,2013-12-13,590,A,16.70693948928,1443.4795718737921,2026-08-20T00:09:10-04:00
12117500,2013-12-14,577,A,16.338820483584001,1411.6740897816576,2026-08-20T00:09:10-04:00
12117500,2013-12-15,572,A,16.197236250624002,1399.4412120539137,2026-08-20T00:09:10-04:00
12117500,2013-12-16,605,A,17.131692188159999,1480.1782050570241,2026-08-20T00:09:10-04:00
12117500,2013-12-17,585,A,16.56535525632,1431.246694146048,2026-08-20T00:09:10-04:00
12117500,2013-12-18,625,A,17.698029120000001,1529.109715968,2026-08-20T00:09:10-04:00
12117500,2013-12-19,602,A,17.046741648384,1472.8384784203777,2026-08-20T00:09:10-04:00
12117500,2013-12-20,639,A,18.094464972288002,1563.3617736056833,2026-08-20T00:09:10-04:00
12117500,2013-12-21,996,A,28.203579205632,2436.7892433666048,2026-08-20T00:09:10-04:00
12117500,2013-12-22,1120,A,31.71486818304,2740.1646110146562,2026-08-20T00:09:10-04:00
12117500,2013-12-23,1310,A,37.095069035519998,3205.0139646689281,2026-08-20T00:09:10-04:00
12117500,2013-12-24,1210,A,34.263384376319998,2960.3564101140482,2026-08-20T00:09:10-04:00
12117500,2013-12-25,1030,A,29.166351989760003,2519.9728119152642,2026-08-20T00:09:10-04:00
12117500,2013-12-26,943,A,26.702786336256001,2307.1207394525186,2026-08-20T00:09:10-04:00
12117500,2013-12-27,913,A,25.853280938495999,2233.7234730860546,2026-08-20T00:09:10-04:00
12117500,2013-12-28,877,A,24.833874461183999,2145.6467534462977,2026-08-20T00:09:10-04:00
12117500,2013-12-29,844,A,23.899418523648002,2064.9097604431872,2026-08-20T00:09:10-04:00
12117500,2013-12-30,823,A,23.304764745216001,2013.5316739866626,2026-08-20T00:09:10-04:00
12117500,2013-12-31,810,A,22.936645739519999,1981.726191894528,2026-08-20T00:09:10-04:00
12117500,2014-01-01,796,A,22.540209887231999,1947.4741342568448,2026-08-20T00:09:10-04:00
12117500,2014-01-02,794,A,22.483576194048002,1942.5809831657473,2026-08-20T00:09:10-04:00
12117500,2014-01-03,940,A,26.617835796480001,2299.7810128158721,2026-08-20T00:09:10-04:00
12117500,2014-01-04,843,A,23.871101677056,2062.4631848976383,2026-08-20T00:09:10-04:00
12117500,2014-01-05,819,A,23.191497358848,2003.7453718044674,2026-08-20T00:09:10-04:00
12117500,2014-01-06,801,A,22.681794120192002,1959.7070119845889,2026-08-20T00:09:10-04:00
12117500,2014-01-07,870,A,24.635656535039999,2128.5207246274563,2026-08-20T00:09:10-04:00
12117500,2014-01-08,1320,A,37.378237501440005,3229.479720124416,2026-08-20T00:09:10-04:00
12117500,2014-01-09,1380,A,39.077248296960001,3376.274252857344,2026-08-20T00:09:10-04:00
12117500,2014-01-10,1370,A,38.794079831040001,3351.8084974018561,2026-08-20T00:09:10-04:00
12117500,2014-01-11,960,A,27.18417272832,2348.7125237268483,2026-08-20T00:09:10-04:00
12117500,2014-01-12,902,A,25.541795625984001,2206.8111420850178,2026-08-20T00:09:10-04:00
12117500,2014-01-13,948,A,26.844370569216,2319.3536171802625,2026-08-20T00:09:10-04:00
12117500,2014-01-14,1360,A,38.510911365120002,3327.3427419463683,2026-08-20T00:09:10-04:00
12117500,2014-01-15,1480,A,41.908932956160001,3620.9318074122243,2026-08-20T00:09:10-04:00
12117500,2014-01-16,1440,A,40.776259092480004,3523.068785590272,2026-08-20T00:09:10-04:00
12117500,2014-01-17,1410,A,39.926753694719999,3449.671519223808,2026-08-20T00:09:10-04:00
12117500,2014-01-18,1380,A,39.077248296960001,3376.274252857344,2026-08-20T00:09:10-04:00
12117500,2014-01-19,1360,A,38.510911365120002,3327.3427419463683,2026-08-20T00:09:10-04:00
12117500,2014-01-20,1340,A,37.944574433280003,3278.4112310353921,2026-08-20T00:09:10-04:00
12117500,2014-01-21,1290,A,36.528732103679999,3156.082453757952,2026-08-20T00:09:10-04:00
12117500,2014-01-22,966,A,27.354073807872002,2363.3919770001407,2026-08-20T00:09:10-04:00
12117500,2014-01-23,779,A,22.058823495167999,1905.8823499825153,2026-08-20T00:09:10-04:00
12117500,2014-01-24,622,A,17.613078580224002,1521.7699893313536,2026-08-20T00:09:10-04:00
12117500,2014-01-25,599,A,16.961791108608001,1465.4987517837312,2026-08-20T00:09:10-04:00
12117500,2014-01-26,588,A,16.650305796095999,1438.5864207826944,2026-08-20T00:09:10-04:00
12117500,2014-01-27,579,A,16.395454176768002,1416.5672408727553,2026-08-20T00:09:10-04:00
12117500,2014-01-28,573,A,16.225553097216,1401.8877875994624,2026-08-20T00:09:10-04:00
12117500,2014-01-29,701,A,19.850109460992002,1715.0494574297088,2026-08-20T00:09:10-04:00
12117500,2014-01-30,723,A,20.473080086016001,1768.8741194317824,2026-08-20T00:09:10-04:00
12117500,2014-01-31,695,A,19.68020838144,1700.3700041564161,2026-08-20T00:09:10-04:00
12117500,2014-02-01,676,A,19.142188296192,1653.885068790989,2026-08-20T00:09:10-04:00
12117500,2014-02-02,650,A,18.405950284799999,1590.2741046067201,2026-08-20T00:09:10-04:00
12117500,2014-02-03,628,A,17.782979659776,1536.4494426046465,2026-08-20T00:09:10-04:00
12117500,2014-02-04,614,A,17.386543807488,1502.1973849669632,2026-08-20T00:09:10-04:00
12117500,2014-02-05,604,A:e,17.103375341568,1477.7316295114751,2026-08-20T00:09:10-04:00
12117500,2014-02-06,620,A:e,17.556444887040001,1516.8768382402561,2026-08-20T00:09:10-04:00
12117500,2014-02-07,615,A:e,17.414860654080002,1504.643960512512,2026-08-20T00:09:10-04:00
12117500,2014-02-08,611,A:e,17.301593267712001,1494.8576583303168,2026-08-20T00:09:10-04:00
12117500,2014-02-09,606,A:e,17.160009034752001,1482.6247806025729,2026-08-20T00:09:10-04:00
12117500,2014-02-10,640,A:e,18.12278181888,1565.8083491512321,2026-08-20T00:09:10-04:00
12117500,2014-02-11,677,A,19.170505142784002,1656.3316443365377,2026-08-20T00:09:10-04:00
12117500,2014-02-12,766,A,21.690704489472001,1874.0768678903808,2026-08-20T00:09:10-04:00
12117500,2014-02-13,774,A,21.917239262208,1893.6494722547714,2026-08-20T00:09:10-04:00
12117500,2014-02-14,758,A,21.464169716736002,1854.5042635259904,2026-08-20T00:09:10-04:00
12117500,2014-02-15,762,A,21.577437103104,1864.2905657081856,2026-08-20T00:09:10-04:00
12117500,2014-02-16,838,A,23.729517444096,2050.2303071698943,2026-08-20T00:09:10-04:00
12117500,2014-02-17,1130,A,31.998036648959999,2764.6303664701441,2026-08-20T00:09:10-04:00
12117500,2014-02-18,1160,A,32.847542046720001,2838.0276328366081,2026-08-20T00:09:10-04:00
12117500,2014-02-19,1060,A,30.015857387520001,2593.3700782817282,2026-08-20T00:09:10-04:00
12117500,2014-02-20,1160,A,32.847542046720001,2838.0276328366081,2026-08-20T00:09:10-04:00
12117500,2014-02-21,1330,A,37.661405967360004,3253.9454755799043,2026-08-20T00:09:10-04:00
12117500,2014-02-22,1460,A,41.342596024320002,3572.0002965012482,2026-08-20T00:09:10-04:00
12117500,2014-02-23,1450,A,41.059427558400003,3547.5345410457603,2026-08-20T00:09:10-04:00
12117500,2014-02-24,1430,A,40.493090626560004,3498.6030301347841,2026-08-20T00:09:10-04:00
12117500,2014-02-25,1190,A,33.697047444479999,2911.4248992030721,2026-08-20T00:09:10-04:00
12117500,2014-02-26,948,A,26.844370569216,2319.3536171802625,2026-08-20T00:09:10-04:00
12117500,2014-02-27,915,A,25.90991463168,2238.6166241771521,2026-08-20T00:09:10-04:00
12117500,2014-02-28,969,A,27.439024347648001,2370.7317036367872,2026-08-20T00:09:10-04:00
12117500,2014-03-01,1150,A,32.564373580800002,2813.5618773811202,2026-08-20T00:09:10-04:00
12117500,2014-03-02,1170,A,33.13071051264,2862.4933882920959,2026-08-20T00:09:10-04:00
12117500,2014-03-03,1440,A,40.776259092480004,3523.068785590272,2026-08-20T00:09:10-04:00
12117500,2014-03-04,1560,A,44.174280683520003,3816.657851056128,2026-08-20T00:09:10-04:00
12117500,2014-03-05,1480,A,41.908932956160001,3620.9318074122243,2026-08-20T00:09:10-04:00
12117500,2014-03-06,1380,A,39.077248296960001,3376.274252857344,2026-08-20T00:09:10-04:00
12117500,2014-03-07,1490,A,42.19210142208,3645.3975628677122,2026-08-20T00:09:10-04:00
12117500,2014-03-08,1750,A,49.554481536000004,4281.5072047104004,2026-08-20T00:09:10-04:00
12117500,2014-03-09,2480,A,70.225779548160006,6067.5073529610245,2026-08-20T00:09:10-04:00
12117500,2014-03-10,2940,A,83.251528980480003,7192.932103913472,2026-08-20T00:09:10-04:00
12117500,2014-03-11,2770,A,78.43766505984,6777.0142611701758,2026-08-20T00:09:10-04:00
12117500,2014-03-12,2640,A,74.756475002880009,6458.9594402488319,2026-08-20T00:09:10-04:00
12117500,2014-03-13,2420,A,68.526768752639995,5920.7128202280965,2026-08-20T00:09:10-04:00
12117500,2014-03-14,2290,A,64.845578695680004,5602.6579993067526,2026-08-20T00:09:10-04:00
12117500,2014-03-15,2120,A,60.031714775040001,5186.7401565634564,2026-08-20T00:09:10-04:00
12117500,2014-03-16,2250,A,63.712904832,5504.7949774848003,2026-08-20T00:09:10-04:00
12117500,2014-03-17,2320,A,65.695084093440002,5676.0552656732161,2026-08-20T00:09:10-04:00
12117500,2014-03-18,2170,A,61.447557104640005,5309.0689338408965,2026-08-20T00:09:10-04:00
12117500,2014-03-19,2020,A,57.200030115840001,4942.082602008576,2026-08-20T00:09:10-04:00
12117500,2014-03-20,1880,A,53.235671592960003,4599.5620256317443,2026-08-20T00:09:10-04:00
12117500,2014-03-21,1740,A,49.271313070079998,4257.0414492549125,2026-08-20T00:09:10-04:00
12117500,2014-03-22,1630,A,46.156459944959998,3987.9181392445439,2026-08-20T00:09:10-04:00
12117500,2014-03-23,1570,A,44.457449149440002,3841.1236065116163,2026-08-20T00:09:10-04:00
12117500,2014-03-24,1540,A,43.607943751680004,3767.7263401451523,2026-08-20T00:09:10-04:00
12117500,2014-03-25,1520,A,43.041606819839998,3718.7948292341762,2026-08-20T00:09:10-04:00
12117500,2014-03-26,1510,A,42.758438353919999,3694.3290737786883,2026-08-20T00:09:10-04:00
12117500,2014-03-27,1470,A,41.625764490240002,3596.466051956736,2026-08-20T00:09:10-04:00
12117500,2014-03-28,1390,A,39.36041676288,3400.7400083128323,2026-08-20T00:09:10-04:00
12117500,2014-03-29,1400,A,39.643585228799999,3425.2057637683201,2026-08-20T00:09:10-04:00
12117500,2014-03-30,1390,A,39.36041676288,3400.7400083128323,2026-08-20T00:09:10-04:00
12117500,2014-03-31,1310,A,37.095069035519998,3205.0139646689281,2026-08-20T00:09:10-04:00
12117500,2014-04-01,1090,A,30.865362785280002,2666.7673446481922,2026-08-20T00:09:10-04:00
12117500,2014-04-02,933,A,26.419617870336001,2282.6549839970303,2026-08-20T00:09:10-04:00
12117500,2014-04-03,898,A,25.428528239616,2197.0248399028224,2026-08-20T00:09:10-04:00
12117500,2014-04-04,811,A,22.964962586112001,1984.1727674400768,2026-08-20T00:09:10-04:00
12117500,2014-04-05,797,A,22.568526733824001,1949.9207098023937,2026-08-20T00:09:10-04:00
12117500,2014-04-06,855,A,24.21090383616,2091.822091444224,2026-08-20T00:09:10-04:00
12117500,2014-04-07,851,A,24.097636449792002,2082.0357892620291,2026-08-20T00:09:10-04:00
12117500,2014-04-08,929,A,26.306350483968,2272.8686818148353,2026-08-20T00:09:10-04:00
12117500,2014-04-09,941,A,26.646152643072,2302.2275883614207,2026-08-20T00:09:10-04:00
12117500,2014-04-10,903,A,25.570112472576,2209.2577176305663,2026-08-20T00:09:10-04:00
12117500,2014-04-11,881,A,24.947141847552,2155.4330556284931,2026-08-20T00:09:10-04:00
12117500,2014-04-12,862,A,24.409121762304,2108.9481202630654,2026-08-20T00:09:10-04:00
12117500,2014-04-13,848,A,24.012685910016,2074.6960626253826,2026-08-20T00:09:10-04:00
12117500,2014-04-14,834,A,23.616250057727999,2040.4440049876994,2026-08-20T00:09:10-04:00
12117500,2014-04-15,824,A,23.333081591808,2015.9782495322113,2026-08-20T00:09:10-04:00
12117500,2014-04-16,868,A,24.579022841856002,2123.6275735363583,2026-08-20T00:09:10-04:00
12117500,2014-04-17,1040,A,29.449520455680002,2544.438567370752,2026-08-20T00:09:10-04:00
12117500,2014-04-18,1020,A,28.88318352384,2495.5070564597759,2026-08-20T00:09:10-04:00
12117500,2014-04-19,965,A,27.32575696128,2360.9454014545922,2026-08-20T00:09:10-04:00
12117500,2014-04-20,981,A,27.778826506752001,2400.090610183373,2026-08-20T00:09:10-04:00
12117500,2014-04-21,994,A,28.146945512447999,2431.8960922755073,2026-08-20T00:09:10-04:00
12117500,2014-04-22,1340,A,37.944574433280003,3278.4112310353921,2026-08-20T00:09:10-04:00
12117500,2014-04-23,1560,A,44.174280683520003,3816.657851056128,2026-08-20T00:09:10-04:00
12117500,2014-04-24,1680,A,47.572302274560002,4110.2469165219845,2026-08-20T00:09:10-04:00
12117500,2014-04-25,1690,A,47.855470740480001,4134.7126719774724,2026-08-20T00:09:10-04:00
12117500,2014-04-26,1600,A,45.3069545472,3914.5208728780799,2026-08-20T00:09:10-04:00
12117500,2014-04-27,1570,A,44.457449149440002,3841.1236065116163,2026-08-20T00:09:10-04:00
12117500,2014-04-28,1530,A,43.324775285759998,3743.260584689664,2026-08-20T00:09:10-04:00
12117500,2014-04-29,1490,A,42.19210142208,3645.3975628677122,2026-08-20T00:09:10-04:00
12117500,2014-04-30,1390,A,39.36041676288,3400.7400083128323,2026-08-20T00:09:10-04:00
12117500,2014-05-01,1030,A,29.166351989760003,2519.9728119152642,2026-08-20T00:09:10-04:00
12117500,2014-05-02,888,A,25.145359773696001,2172.5590844473345,2026-08-20T00:09:10-04:00
12117500,2014-05-03,823,A,23.304764745216001,2013.5316739866626,2026-08-20T00:09:10-04:00
12117500,2014-05-04,783,A,22.172090881536,1915.6686521647105,2026-08-20T00:09:10-04:00
12117500,2014-05-05,934,A,26.447934716928,2285.1015595425793,2026-08-20T00:09:10-04:00
12117500,2014-05-06,1080,A,30.582194319359999,2642.3015891927039,2026-08-20T00:09:10-04:00
12117500,2014-05-07,1270,A,35.962395171840001,3107.1509428469762,2026-08-20T00:09:10-04:00
12117500,2014-05-08,1260,A,35.679226705920001,3082.6851873914879,2026-08-20T00:09:10-04:00
12117500,2014-05-09,1320,A,37.378237501440005,3229.479720124416,2026-08-20T00:09:10-04:00
12117500,2014-05-10,1310,A,37.095069035519998,3205.0139646689281,2026-08-20T00:09:10-04:00
12117500,2014-05-11,1280,A,36.24556363776,3131.6166983024641,2026-08-20T00:09:10-04:00
12117500,2014-05-12,1240,A,35.112889774080003,3033.7536764805122,2026-08-20T00:09:10-04:00
12117500,2014-05-13,1120,A,31.71486818304,2740.1646110146562,2026-08-20T00:09:10-04:00
12117500,2014-05-14,894,A,25.315260853248002,2187.2385377206274,2026-08-20T00:09:10-04:00
12117500,2014-05-15,869,A,24.607339688448,2126.0741490819073,2026-08-20T00:09:10-04:00
12117500,2014-05-16,851,A,24.097636449792002,2082.0357892620291,2026-08-20T00:09:10-04:00
12117500,2014-05-17,836,A,23.672883750912,2045.3371560787969,2026-08-20T00:09:10-04:00
12117500,2014-05-18,827,A,23.418032131583999,2023.3179761688577,2026-08-20T00:09:10-04:00
12117500,2014-05-19,812,A,22.993279432704,1986.6193429856257,2026-08-20T00:09:10-04:00
12117500,2014-05-20,749,A,21.209318097408001,1832.4850836160513,2026-08-20T00:09:10-04:00
12117500,2014-05-21,739,A,20.926149631488002,1808.0193281605632,2026-08-20T00:09:10-04:00
12117500,2014-05-22,682,A,19.312089375744002,1668.5645220642816,2026-08-20T00:09:10-04:00
12117500,2014-05-23,647,A,18.320999745024,1582.9343779700737,2026-08-20T00:09:10-04:00
12117500,2014-05-24,579,A,16.395454176768002,1416.5672408727553,2026-08-20T00:09:10-04:00
12117500,2014-05-25,553,A,15.659216165376,1352.9562766884865,2026-08-20T00:09:10-04:00
12117500,2014-05-26,573,A,16.225553097216,1401.8877875994624,2026-08-20T00:09:10-04:00
12117500,2014-05-27,569,A,16.112285710847999,1392.1014854172672,2026-08-20T00:09:10-04:00
12117500,2014-05-28,645,A,18.26436605184,1578.041226878976,2026-08-20T00:09:10-04:00
12117500,2014-05-29,693,A,19.623574688255999,1695.4768530653184,2026-08-20T00:09:10-04:00
12117500,2014-05-30,698,A,19.765158921215999,1707.7097307930624,2026-08-20T00:09:10-04:00
12117500,2014-05-31,601,A,17.018424801792001,1470.3919028748289,2026-08-20T00:09:10-04:00
12117500,2014-06-01,578,A,16.367137330176,1414.1206653272066,2026-08-20T00:09:10-04:00
12117500,2014-06-02,572,A,16.197236250624002,1399.4412120539137,2026-08-20T00:09:10-04:00
12117500,2014-06-03,508,A,14.384958068736001,1242.8603771387905,2026-08-20T00:09:10-04:00
12117500,2014-06-04,472,A,13.365551591424,1154.7836574990336,2026-08-20T00:09:10-04:00
12117500,2014-06-05,464,A,13.139016818688001,1135.2110531346432,2026-08-20T00:09:10-04:00
12117500,2014-06-06,456,A,12.912482045952,1115.6384487702528,2026-08-20T00:09:10-04:00
12117500,2014-06-07,432,A,12.232877727744,1056.9206356770817,2026-08-20T00:09:10-04:00
12117500,2014-06-08,418,A,11.836441875456,1022.6685780393984,2026-08-20T00:09:10-04:00
12117500,2014-06-09,414,A,11.723174489088001,1012.8822758572032,2026-08-20T00:09:10-04:00
12117500,2014-06-10,408,A,11.553273409536001,998.20282258391046,2026-08-20T00:09:10-04:00
12117500,2014-06-11,390,A,11.043570170880001,954.16446276403201,2026-08-20T00:09:10-04:00
12117500,2014-06-12,380,A,10.76040170496,929.69870730854404,2026-08-20T00:09:10-04:00
12117500,2014-06-13,436,A,12.346145114112,1066.7069378592769,2026-08-20T00:09:10-04:00
12117500,2014-06-14,413,A,11.694857642496,1010.4357003116544,2026-08-20T00:09:10-04:00
12117500,2014-06-15,399,A,11.298421790208,976.18364267397124,2026-08-20T00:09:10-04:00
12117500,2014-06-16,434,A,12.289511420928001,1061.8137867681792,2026-08-20T00:09:10-04:00
12117500,2014-06-17,437,A,12.374461960704,1069.1535134048256,2026-08-20T00:09:10-04:00
12117500,2014-06-18,419,A,11.864758722048,1025.1151535849472,2026-08-20T00:09:10-04:00
12117500,2014-06-19,405,A,11.46832286976,990.86309594726401,2026-08-20T00:09:10-04:00
12117500,2014-06-20,411,A,11.638223949312,1005.5425492205568,2026-08-20T00:09:10-04:00
12117500,2014-06-21,396,A,11.213471250432001,968.84391603732479,2026-08-20T00:09:10-04:00
12117500,2014-06-22,385,A,10.901985937920001,941.93158503628808,2026-08-20T00:09:10-04:00
12117500,2014-06-23,380,A,10.76040170496,929.69870730854404,2026-08-20T00:09:10-04:00
12117500,2014-06-24,376,A,10.647134318592,919.91240512634886,2026-08-20T00:09:10-04:00
12117500,2014-06-25,372,A,10.533866932224001,910.12610294415367,2026-08-20T00:09:10-04:00
12117500,2014-06-26,368,A,10.420599545856,900.33980076195849,2026-08-20T00:09:10-04:00
12117500,2014-06-27,376,A,10.647134318592,919.91240512634886,2026-08-20T00:09:10-04:00
12117500,2014-06-28,419,A,11.864758722048,1025.1151535849472,2026-08-20T00:09:10-04:00
12117500,2014-06-29,420,A,11.89307556864,1027.5617291304961,2026-08-20T00:09:10-04:00
12117500,2014-06-30,395,A,11.18515440384,966.39734049177605,2026-08-20T00:09:10-04:00
12117500,2014-07-01,391,A,11.071887017472001,956.61103830958086,2026-08-20T00:09:10-04:00
12117500,2014-07-02,420,A,11.89307556864,1027.5617291304961,2026-08-20T00:09:10-04:00
12117500,2014-07-03,417,A,11.808125028864,1020.2220024938497,2026-08-20T00:09:10-04:00
12117500,2014-07-04,411,A,11.638223949312,1005.5425492205568,2026-08-20T00:09:10-04:00
12117500,2014-07-05,406,A,11.496639716352,993.30967149281287,2026-08-20T00:09:10-04:00
12117500,2014-07-06,402,A,11.383372329984001,983.52336931061768,2026-08-20T00:09:10-04:00
12117500,2014-07-07,399,A,11.298421790208,976.18364267397124,2026-08-20T00:09:10-04:00
12117500,2014-07-08,394,A,11.156837557248,963.9507649462272,2026-08-20T00:09:10-04:00
12117500,2014-07-09,390,A,11.043570170880001,954.16446276403201,2026-08-20T00:09:10-04:00
12117500,2014-07-10,389,A,11.015253324288,951.71788721848327,2026-08-20T00:09:10-04:00
12117500,2014-07-11,384,A,10.873669091328001,939.48500949073923,2026-08-20T00:09:10-04:00
12117500,2014-07-12,381,A,10.788718551552,932.14528285409278,2026-08-20T00:09:10-04:00
12117500,2014-07-13,380,A,10.76040170496,929.69870730854404,2026-08-20T00:09:10-04:00
12117500,2014-07-14,377,A,10.675451165184001,922.3589806718976,2026-08-20T00:09:10-04:00
12117500,2014-07-15,373,A,10.562183778816001,912.57267848970241,2026-08-20T00:09:10-04:00
12117500,2014-07-16,372,A,10.533866932224001,910.12610294415367,2026-08-20T00:09:10-04:00
12117500,2014-07-17,368,A,10.420599545856,900.33980076195849,2026-08-20T00:09:10-04:00
12117500,2014-07-18,367,A,10.392282699264001,897.89322521640963,2026-08-20T00:09:10-04:00
12117500,2014-07-19,364,A,10.307332159488,890.55349857976319,2026-08-20T00:09:10-04:00
12117500,2014-07-20,365,A,10.335649006080001,893.00007412531204,2026-08-20T00:09:10-04:00
12117500,2014-07-21,361,A,10.222381619711999,883.21377194311685,2026-08-20T00:09:10-04:00
12117500,2014-07-22,335,A,9.4861436083200008,819.60280775884803,2026-08-20T00:09:10-04:00
12117500,2014-07-23,372,A,10.533866932224001,910.12610294415367,2026-08-20T00:09:10-04:00
12117500,2014-07-24,355,A,10.052480540159999,868.53431866982407,2026-08-20T00:09:10-04:00
12117500,2014-07-25,332,A,9.4011930685439999,812.26308112220158,2026-08-20T00:09:10-04:00
12117500,2014-07-26,319,A,9.0330740628479997,780.45759903006717,2026-08-20T00:09:10-04:00
12117500,2014-07-27,314,A,8.8914898298880001,768.22472130232325,2026-08-20T00:09:10-04:00
12117500,2014-07-28,311,A,8.806539290112001,760.8849946656768,2026-08-20T00:09:10-04:00
12117500,2014-07-29,309,A,8.7499055969280004,755.99184357457921,2026-08-20T00:09:10-04:00
12117500,2014-07-30,302,A,8.5516876707840002,738.86581475573757,2026-08-20T00:09:10-04:00
12117500,2014-07-31,300,A,8.4950539775999996,733.97266366463998,2026-08-20T00:09:10-04:00
12117500,2014-08-01,300,A,8.4950539775999996,733.97266366463998,2026-08-20T00:09:10-04:00
12117500,2014-08-02,298,A,8.4384202844160008,729.07951257354239,2026-08-20T00:09:10-04:00
12117500,2014-08-03,294,A,8.3251528980479996,719.2932103913472,2026-08-20T00:09:10-04:00
12117500,2014-08-04,293,A,8.2968360514560011,716.84663484579846,2026-08-20T00:09:10-04:00
12117500,2014-08-05,291,A,8.2402023582720005,711.95348375470087,2026-08-20T00:09:10-04:00
12117500,2014-08-06,294,A,8.3251528980479996,719.2932103913472,2026-08-20T00:09:10-04:00
12117500,2014-08-07,288,A,8.1552518184959997,704.61375711805442,2026-08-20T00:09:10-04:00
12117500,2014-08-08,285,A,8.0703012787200006,697.27403048140798,2026-08-20T00:09:10-04:00
12117500,2014-08-09,285,A,8.0703012787200006,697.27403048140798,2026-08-20T00:09:10-04:00
12117500,2014-08-10,285,A,8.0703012787200006,697.27403048140798,2026-08-20T00:09:10-04:00
12117500,2014-08-11,284,A,8.0419844321280003,694.82745493585924,2026-08-20T00:09:10-04:00
12117500,2014-08-12,283,A,8.013667585536,692.38087939031038,2026-08-20T00:09:10-04:00
12117500,2014-08-13,348,A,9.854262614016001,851.40828985098244,2026-08-20T00:09:10-04:00
12117500,2014-08-14,297,A,8.4101034378240005,726.63293702799365,2026-08-20T00:09:10-04:00
12117500,2014-08-15,289,A,8.183568665088,707.06033266360328,2026-08-20T00:09:10-04:00
12117500,2014-08-16,286,A,8.0986181253120009,699.72060602695683,2026-08-20T00:09:10-04:00
12117500,2014-08-17,282,A,7.9853507389440006,689.93430384476164,2026-08-20T00:09:10-04:00
12117500,2014-08-18,278,A,7.8720833525760003,680.14800166256646,2026-08-20T00:09:10-04:00
12117500,2014-08-19,277,A,7.843766505984,677.7014261170176,2026-08-20T00:09:10-04:00
12117500,2014-08-20,275,A,7.7871328128000004,672.80827502592001,2026-08-20T00:09:10-04:00
12117500,2014-08-21,274,A,7.7588159662080001,670.36169948037127,2026-08-20T00:09:10-04:00
12117500,2014-08-22,272,A,7.7021822730240004,665.46854838927356,2026-08-20T00:09:10-04:00
12117500,2014-08-23,272,A,7.7021822730240004,665.46854838927356,2026-08-20T00:09:10-04:00
12117500,2014-08-24,272,A,7.7021822730240004,665.46854838927356,2026-08-20T00:09:10-04:00
12117500,2014-08-25,269,A,7.6172317332480004,658.12882175262723,2026-08-20T00:09:10-04:00
12117500,2014-08-26,268,A,7.5889148866560001,655.68224620707838,2026-08-20T00:09:10-04:00
12117500,2014-08-27,266,A,7.5322811934720004,650.78909511598079,2026-08-20T00:09:10-04:00
12117500,2014-08-28,265,A,7.5039643468800001,648.34251957043205,2026-08-20T00:09:10-04:00
12117500,2014-08-29,265,A,7.5039643468800001,648.34251957043205,2026-08-20T00:09:10-04:00
12117500,2014-08-30,280,A,7.92871704576,685.04115275366405,2026-08-20T00:09:10-04:00
12117500,2014-08-31,363,A,10.279015312896,888.10692303421445,2026-08-20T00:09:10-04:00
12117500,2014-09-01,290,A,8.2118855116800002,709.50690820915202,2026-08-20T00:09:10-04:00
12117500,2014-09-02,277,A,7.843766505984,677.7014261170176,2026-08-20T00:09:10-04:00
12117500,2014-09-03,401,A,11.355055483392,981.07679376506883,2026-08-20T00:09:10-04:00
12117500,2014-09-04,316,A,8.9481235230720007,773.11787239342084,2026-08-20T00:09:10-04:00
12117500,2014-09-05,292,A,8.2685192048640008,714.40005930024961,2026-08-20T00:09:10-04:00
12117500,2014-09-06,282,A,7.9853507389440006,689.93430384476164,2026-08-20T00:09:10-04:00
12117500,2014-09-07,275,A,7.7871328128000004,672.80827502592001,2026-08-20T00:09:10-04:00
12117500,2014-09-08,272,A,7.7021822730240004,665.46854838927356,2026-08-20T00:09:10-04:00
12117500,2014-09-09,283,A,8.013667585536,692.38087939031038,2026-08-20T00:09:10-04:00
12117500,2014-09-10,274,A,7.7588159662080001,670.36169948037127,2026-08-20T00:09:10-04:00
12117500,2014-09-11,270,A,7.6455485798399998,660.57539729817597,2026-08-20T00:09:10-04:00
12117500,2014-09-12,268,A,7.5889148866560001,655.68224620707838,2026-08-20T00:09:10-04:00
12117500,2014-09-13,265,A,7.5039643468800001,648.34251957043205,2026-08-20T00:09:10-04:00
12117500,2014-09-14,265,A,7.5039643468800001,648.34251957043205,2026-08-20T00:09:10-04:00
12117500,2014-09-15,264,A,7.4756475002879998,645.89594402488319,2026-08-20T00:09:10-04:00
12117500,2014-09-16,262,A,7.4190138071040002,641.0027929337856,2026-08-20T00:09:10-04:00
12117500,2014-09-17,259,A,7.3340632673280002,633.66306629713927,2026-08-20T00:09:10-04:00
12117500,2014-09-18,258,A,7.3057464207359999,631.21649075159041,2026-08-20T00:09:10-04:00
12117500,2014-09-19,258,A,7.3057464207359999,631.21649075159041,2026-08-20T00:09:10-04:00
12117500,2014-09-20,258,A,7.3057464207359999,631.21649075159041,2026-08-20T00:09:10-04:00
12117500,2014-09-21,256,A,7.2491127275520002,626.32333966049282,2026-08-20T00:09:10-04:00
12117500,2014-09-22,266,A,7.5322811934720004,650.78909511598079,2026-08-20T00:09:10-04:00
12117500,2014-09-23,330,A,9.3445593753600011,807.36993003110399,2026-08-20T00:09:10-04:00
12117500,2014-09-24,371,A,10.505550085632001,907.67952739860482,2026-08-20T00:09:10-04:00
12117500,2014-09-25,359,A,10.165747926528001,878.32062085201926,2026-08-20T00:09:10-04:00
12117500,2014-09-26,372,A,10.533866932224001,910.12610294415367,2026-08-20T00:09:10-04:00
12117500,2014-09-27,339,A,9.5994109946880002,829.38910994104322,2026-08-20T00:09:10-04:00
12117500,2014-09-28,327,A,9.2596088355840003,800.03020339445766,2026-08-20T00:09:10-04:00
12117500,2014-09-29,325,A,9.2029751423999997,795.13705230336006,2026-08-20T00:09:10-04:00
12117500,2014-09-30,338,A,9.5710941480959999,826.94253439549448,2026-08-20T00:09:10-04:00
12117500,2014-10-01,319,A,9.0330740628479997,780.45759903006717,2026-08-20T00:09:10-04:00
12117500,2014-10-02,313,A,8.8631729832959998,765.77814575677439,2026-08-20T00:09:10-04:00
12117500,2014-10-03,311,A,8.806539290112001,760.8849946656768,2026-08-20T00:09:10-04:00
12117500,2014-10-04,318,A,9.0047572162559995,778.01102348451843,2026-08-20T00:09:10-04:00
12117500,2014-10-05,315,A,8.9198066764800004,770.67129684787199,2026-08-20T00:09:10-04:00
12117500,2014-10-06,315,A,8.9198066764800004,770.67129684787199,2026-08-20T00:09:10-04:00
12117500,2014-10-07,357,A,10.109114233344,873.42746976092167,2026-08-20T00:09:10-04:00
12117500,2014-10-08,443,A,12.544363040256,1083.8329666781185,2026-08-20T00:09:10-04:00
12117500,2014-10-09,440,A,12.459412500480001,1076.4932400414721,2026-08-20T00:09:10-04:00
12117500,2014-10-10,429,A,12.147927187968,1049.5809090404352,2026-08-20T00:09:10-04:00
12117500,2014-10-11,437,A,12.374461960704,1069.1535134048256,2026-08-20T00:09:10-04:00
12117500,2014-10-12,439,A,12.431095653888001,1074.0466644959233,2026-08-20T00:09:10-04:00
12117500,2014-10-13,434,A,12.289511420928001,1061.8137867681792,2026-08-20T00:09:10-04:00
12117500,2014-10-14,471,A,13.337234744832001,1152.3370819534848,2026-08-20T00:09:10-04:00
12117500,2014-10-15,465,A,13.167333665280001,1137.6576286801921,2026-08-20T00:09:10-04:00
12117500,2014-10-16,462,A,13.082383125504,1130.3179020435457,2026-08-20T00:09:10-04:00
12117500,2014-10-17,453,A,12.827531506176001,1108.2987221336064,2026-08-20T00:09:10-04:00
12117500,2014-10-18,490,A,13.875254830080001,1198.822017318912,2026-08-20T00:09:10-04:00
12117500,2014-10-19,464,A,13.139016818688001,1135.2110531346432,2026-08-20T00:09:10-04:00
12117500,2014-10-20,473,A,13.393868438016,1157.2302330445825,2026-08-20T00:09:10-04:00
12117500,2014-10-21,462,A,13.082383125504,1130.3179020435457,2026-08-20T00:09:10-04:00
12117500,2014-10-22,578,A,16.367137330176,1414.1206653272066,2026-08-20T00:09:10-04:00
12117500,2014-10-23,629,A,17.811296506368002,1538.8960181501952,2026-08-20T00:09:10-04:00
12117500,2014-10-24,580,A,16.42377102336,1419.013816418304,2026-08-20T00:09:10-04:00
12117500,2014-10-25,472,A,13.365551591424,1154.7836574990336,2026-08-20T00:09:10-04:00
12117500,2014-10-26,490,A,13.875254830080001,1198.822017318912,2026-08-20T00:09:10-04:00
12117500,2014-10-27,472,A,13.365551591424,1154.7836574990336,2026-08-20T00:09:10-04:00
12117500,2014-10-28,461,A,13.054066278912,1127.8713264979967,2026-08-20T00:09:10-04:00
12117500,2014-10-29,773,A,21.888922415616001,1891.2028967092224,2026-08-20T00:09:10-04:00
12117500,2014-10-30,801,A,22.681794120192002,1959.7070119845889,2026-08-20T00:09:10-04:00
12117500,2014-10-31,1010,A,28.60001505792,2471.041301004288,2026-08-20T00:09:10-04:00
12117500,2014-11-01,1330,A,37.661405967360004,3253.9454755799043,2026-08-20T00:09:10-04:00
12117500,2014-11-02,1310,A,37.095069035519998,3205.0139646689281,2026-08-20T00:09:10-04:00
12117500,2014-11-03,1290,A,36.528732103679999,3156.082453757952,2026-08-20T00:09:10-04:00
12117500,2014-11-04,1310,A,37.095069035519998,3205.0139646689281,2026-08-20T00:09:10-04:00
12117500,2014-11-05,1280,A,36.24556363776,3131.6166983024641,2026-08-20T00:09:10-04:00
12117500,2014-11-06,1310,A,37.095069035519998,3205.0139646689281,2026-08-20T00:09:10-04:00
12117500,2014-11-07,1340,A,37.944574433280003,3278.4112310353921,2026-08-20T00:09:10-04:00
12117500,2014-11-08,1530,A,43.324775285759998,3743.260584689664,2026-08-20T00:09:10-04:00
12117500,2014-11-09,1570,A,44.457449149440002,3841.1236065116163,2026-08-20T00:09:10-04:00
12117500,2014-11-10,1470,A,41.625764490240002,3596.466051956736,2026-08-20T00:09:10-04:00
12117500,2014-11-11,1290,A,36.528732103679999,3156.082453757952,2026-08-20T00:09:10-04:00
12117500,2014-11-12,1260,A,35.679226705920001,3082.6851873914879,2026-08-20T00:09:10-04:00
12117500,2014-11-13,1210,A,34.263384376319998,2960.3564101140482,2026-08-20T00:09:10-04:00
12117500,2014-11-14,959,A,27.155855881728002,2346.2659481812993,2026-08-20T00:09:10-04:00
12117500,2014-11-15,733,A,20.756248551936,1793.3398748872705,2026-08-20T00:09:10-04:00
12117500,2014-11-16,696,A,19.708525228032002,1702.8165797019649,2026-08-20T00:09:10-04:00
12117500,2014-11-17,557,A,15.772483551744001,1362.7425788706817,2026-08-20T00:09:10-04:00
12117500,2014-11-18,540,A,15.29109715968,1321.1507945963519,2026-08-20T00:09:10-04:00
12117500,2014-11-19,530,A,15.00792869376,1296.6850391408641,2026-08-20T00:09:10-04:00
12117500,2014-11-20,526,A,14.894661307392001,1286.8987369586689,2026-08-20T00:09:10-04:00
12117500,2014-11-21,550,A,15.574265625600001,1345.61655005184,2026-08-20T00:09:10-04:00
12117500,2014-11-22,628,A,17.782979659776,1536.4494426046465,2026-08-20T00:09:10-04:00
12117500,2014-11-23,677,A,19.170505142784002,1656.3316443365377,2026-08-20T00:09:10-04:00
12117500,2014-11-24,648,A,18.349316591615999,1585.3809535156224,2026-08-20T00:09:10-04:00
12117500,2014-11-25,1100,A,31.148531251200001,2691.23310010368,2026-08-20T00:09:10-04:00
12117500,2014-11-26,1570,A,44.457449149440002,3841.1236065116163,2026-08-20T00:09:10-04:00
12117500,2014-11-27,1660,A,47.005965342720003,4061.3154056110079,2026-08-20T00:09:10-04:00
12117500,2014-11-28,1340,A,37.944574433280003,3278.4112310353921,2026-08-20T00:09:10-04:00
12117500,2014-11-29,1600,A,45.3069545472,3914.5208728780799,2026-08-20T00:09:10-04:00
12117500,2014-11-30,1650,A,46.722796876800004,4036.8496501555201,2026-08-20T00:09:10-04:00
12117500,2014-12-01,1570,A,44.457449149440002,3841.1236065116163,2026-08-20T00:09:10-04:00
12117500,2014-12-02,1670,A,47.289133808640003,4085.7811610664962,2026-08-20T00:09:10-04:00
12117500,2014-12-03,1770,A,50.120818467840003,4330.4387156213761,2026-08-20T00:09:10-04:00
12117500,2014-12-04,1740,A,49.271313070079998,4257.0414492549125,2026-08-20T00:09:10-04:00
12117500,2014-12-05,1650,A,46.722796876800004,4036.8496501555201,2026-08-20T00:09:10-04:00
12117500,2014-12-06,1340,A,37.944574433280003,3278.4112310353921,2026-08-20T00:09:10-04:00
12117500,2014-12-07,1320,A,37.378237501440005,3229.479720124416,2026-08-20T00:09:10-04:00
12117500,2014-12-08,1260,A,35.679226705920001,3082.6851873914879,2026-08-20T00:09:10-04:00
12117500,2014-12-09,1130,A,31.998036648959999,2764.6303664701441,2026-08-20T00:09:10-04:00
12117500,2014-12-10,897,A,25.400211393024001,2194.5782643572738,2026-08-20T00:09:10-04:00
12117500,2014-12-11,853,A,24.154270142975999,2086.9289403531266,2026-08-20T00:09:10-04:00
12117500,2014-12-12,770,A,21.803971875840002,1883.8631700725762,2026-08-20T00:09:10-04:00
12117500,2014-12-13,774,A,21.917239262208,1893.6494722547714,2026-08-20T00:09:10-04:00
12117500,2014-12-14,758,A,21.464169716736002,1854.5042635259904,2026-08-20T00:09:10-04:00
12117500,2014-12-15,745,A,21.09605071104,1822.6987814338561,2026-08-20T00:09:10-04:00
12117500,2014-12-16,736,A,20.841199091711999,1800.679601523917,2026-08-20T00:09:10-04:00
12117500,2014-12-17,820,A,23.219814205440002,2006.1919473500161,2026-08-20T00:09:10-04:00
12117500,2014-12-18,1030,A,29.166351989760003,2519.9728119152642,2026-08-20T00:09:10-04:00
12117500,2014-12-19,1030,A,29.166351989760003,2519.9728119152642,2026-08-20T00:09:10-04:00
12117500,2014-12-20,784,A,22.200407728127999,1918.1152277102592,2026-08-20T00:09:10-04:00
12117500,2014-12-21,791,A,22.398625654271999,1935.2412565291008,2026-08-20T00:09:10-04:00
12117500,2014-12-22,809,A,22.908328892928001,1979.2796163489793,2026-08-20T00:09:10-04:00
12117500,2014-12-23,875,A,24.777240768000002,2140.7536023552002,2026-08-20T00:09:10-04:00
12117500,2014-12-24,1220,A,34.546552842240004,2984.8221655695361,2026-08-20T00:09:10-04:00
12117500,2014-12-25,1510,A,42.758438353919999,3694.3290737786883,2026-08-20T00:09:10-04:00
12117500,2014-12-26,1450,A,41.059427558400003,3547.5345410457603,2026-08-20T00:09:10-04:00
12117500,2014-12-27,1460,A,41.342596024320002,3572.0002965012482,2026-08-20T00:09:10-04:00
12117500,2014-12-28,1240,A,35.112889774080003,3033.7536764805122,2026-08-20T00:09:10-04:00
12117500,2014-12-29,1230,A,34.829721308160003,3009.2879210250239,2026-08-20T00:09:10-04:00
12117500,2014-12-30,1430,A,40.493090626560004,3498.6030301347841,2026-08-20T00:09:10-04:00
12117500,2014-12-31,1330,A,37.661405967360004,3253.9454755799043,2026-08-20T00:09:10-04:00
12117500,2015-01-01,1110,A,31.431699717120001,2715.6988555591679,2026-08-20T00:09:10-04:00
12117500,2015-01-02,906,A,25.655063012352002,2216.5974442672127,2026-08-20T00:09:10-04:00
12117500,2015-01-03,902,A,25.541795625984001,2206.8111420850178,2026-08-20T00:09:10-04:00
12117500,2015-01-04,756,A,21.407536023552002,1849.6111124348929,2026-08-20T00:09:10-04:00
12117500,2015-01-05,1780,A,50.403986933760002,4354.904471076864,2026-08-20T00:09:10-04:00
12117500,2015-01-06,1700,A,48.138639206400001,4159.1784274329602,2026-08-20T00:09:10-04:00
12117500,2015-01-07,1860,A,52.669334661120004,4550.6305147207686,2026-08-20T00:09:10-04:00
12117500,2015-01-08,1910,A,54.085176990720001,4672.9592919982078,2026-08-20T00:09:10-04:00
12117500,2015-01-09,1860,A,52.669334661120004,4550.6305147207686,2026-08-20T00:09:10-04:00
12117500,2015-01-10,1670,A,47.289133808640003,4085.7811610664962,2026-08-20T00:09:10-04:00
12117500,2015-01-11,1540,A,43.607943751680004,3767.7263401451523,2026-08-20T00:09:10-04:00
12117500,2015-01-12,1440,A,40.776259092480004,3523.068785590272,2026-08-20T00:09:10-04:00
12117500,2015-01-13,1410,A,39.926753694719999,3449.671519223808,2026-08-20T00:09:10-04:00
12117500,2015-01-14,1390,A,39.36041676288,3400.7400083128323,2026-08-20T00:09:10-04:00
12117500,2015-01-15,1380,A,39.077248296960001,3376.274252857344,2026-08-20T00:09:10-04:00
12117500,2015-01-16,1320,A,37.378237501440005,3229.479720124416,2026-08-20T00:09:10-04:00
12117500,2015-01-17,1180,A,33.41387897856,2886.9591437475842,2026-08-20T00:09:10-04:00
12117500,2015-01-18,1090,A,30.865362785280002,2666.7673446481922,2026-08-20T00:09:10-04:00
12117500,2015-01-19,1020,A,28.88318352384,2495.5070564597759,2026-08-20T00:09:10-04:00
12117500,2015-01-20,977,A,27.665559120384,2390.3043080011776,2026-08-20T00:09:10-04:00
12117500,2015-01-21,930,A,26.334667330560002,2275.3152573603843,2026-08-20T00:09:10-04:00
12117500,2015-01-22,950,A,26.901004262400001,2324.24676827136,2026-08-20T00:09:10-04:00
12117500,2015-01-23,1220,A,34.546552842240004,2984.8221655695361,2026-08-20T00:09:10-04:00
12117500,2015-01-24,1490,A,42.19210142208,3645.3975628677122,2026-08-20T00:09:10-04:00
12117500,2015-01-25,1450,A,41.059427558400003,3547.5345410457603,2026-08-20T00:09:10-04:00
12117500,2015-01-26,1570,A,44.457449149440002,3841.1236065116163,2026-08-20T00:09:10-04:00
12117500,2015-01-27,1500,A,42.475269888,3669.8633183232,2026-08-20T00:09:10-04:00
12117500,2015-01-28,1460,A,41.342596024320002,3572.0002965012482,2026-08-20T00:09:10-04:00
12117500,2015-01-29,1350,A,38.227742899200003,3302.87698649088,2026-08-20T00:09:10-04:00
12117500,2015-01-30,1160,A,32.847542046720001,2838.0276328366081,2026-08-20T00:09:10-04:00
12117500,2015-01-31,891,A,25.230310313472,2179.8988110839809,2026-08-20T00:09:10-04:00
12117500,2015-02-01,878,A,24.862191307776001,2148.0933289918466,2026-08-20T00:09:10-04:00
12117500,2015-02-02,1210,A,34.263384376319998,2960.3564101140482,2026-08-20T00:09:10-04:00
12117500,2015-02-03,1370,A,38.794079831040001,3351.8084974018561,2026-08-20T00:09:10-04:00
12117500,2015-02-04,1280,A,36.24556363776,3131.6166983024641,2026-08-20T00:09:10-04:00
12117500,2015-02-05,897,A,25.400211393024001,2194.5782643572738,2026-08-20T00:09:10-04:00
12117500,2015-02-06,979,A,27.722192813568,2395.1974590922755,2026-08-20T00:09:10-04:00
12117500,2015-02-07,1080,A,30.582194319359999,2642.3015891927039,2026-08-20T00:09:10-04:00
12117500,2015-02-08,1130,A,31.998036648959999,2764.6303664701441,2026-08-20T00:09:10-04:00
12117500,2015-02-09,1050,A,29.732688921600001,2568.9043228262399,2026-08-20T00:09:10-04:00
12117500,2015-02-10,1200,A,33.980215910399998,2935.8906546585599,2026-08-20T00:09:10-04:00
12117500,2015-02-11,1270,A,35.962395171840001,3107.1509428469762,2026-08-20T00:09:10-04:00
12117500,2015-02-12,1260,A,35.679226705920001,3082.6851873914879,2026-08-20T00:09:10-04:00
12117500,2015-02-13,1200,A,33.980215910399998,2935.8906546585599,2026-08-20T00:09:10-04:00
12117500,2015-02-14,1140,A,32.281205114880002,2789.0961219256319,2026-08-20T00:09:10-04:00
12117500,2015-02-15,1070,A,30.29902585344,2617.835833737216,2026-08-20T00:09:10-04:00
12117500,2015-02-16,1000,A,28.316846592000001,2446.5755455488002,2026-08-20T00:09:10-04:00
12117500,2015-02-17,939,A,26.589518949887999,2297.3344372703232,2026-08-20T00:09:10-04:00
12117500,2015-02-18,885,A,25.060409233920002,2165.2193578106881,2026-08-20T00:09:10-04:00
12117500,2015-02-19,860,A,24.35248806912,2104.054969171968,2026-08-20T00:09:10-04:00
12117500,2015-02-20,891,A,25.230310313472,2179.8988110839809,2026-08-20T00:09:10-04:00
12117500,2015-02-21,841,A,23.814467983871999,2057.5700338065408,2026-08-20T00:09:10-04:00
12117500,2015-02-22,822,A,23.276447898623999,2011.0850984411136,2026-08-20T00:09:10-04:00
12117500,2015-02-23,808,A,22.880012046336002,1976.8330408034305,2026-08-20T00:09:10-04:00
12117500,2015-02-24,791,A,22.398625654271999,1935.2412565291008,2026-08-20T00:09:10-04:00
12117500,2015-02-25,694,A,19.651891534848001,1697.9234286108672,2026-08-20T00:09:10-04:00
12117500,2015-02-26,729,A,20.642981165567999,1783.5535727050753,2026-08-20T00:09:10-04:00
12117500,2015-02-27,673,A,19.057237756416001,1646.5453421543425,2026-08-20T00:09:10-04:00
12117500,2015-02-28,617,A,17.471494347263999,1509.5371116036097,2026-08-20T00:09:10-04:00
12117500,2015-03-01,599,A,16.961791108608001,1465.4987517837312,2026-08-20T00:09:10-04:00
12117500,2015-03-02,585,A,16.56535525632,1431.246694146048,2026-08-20T00:09:10-04:00
12117500,2015-03-03,506,A,14.328324375552,1237.9672260476927,2026-08-20T00:09:10-04:00
12117500,2015-03-04,486,A,13.761987443712,1189.0357151367168,2026-08-20T00:09:10-04:00
12117500,2015-03-05,475,A,13.4505021312,1162.12338413568,2026-08-20T00:09:10-04:00
12117500,2015-03-06,467,A,13.223967358464,1142.5507797712896,2026-08-20T00:09:10-04:00
12117500,2015-03-07,459,A,12.997432585728001,1122.9781754068993,2026-08-20T00:09:10-04:00
12117500,2015-03-08,453,A,12.827531506176001,1108.2987221336064,2026-08-20T00:09:10-04:00
12117500,2015-03-09,444,A,12.572679886848,1086.2795422236672,2026-08-20T00:09:10-04:00
12117500,2015-03-10,440,A,12.459412500480001,1076.4932400414721,2026-08-20T00:09:10-04:00
12117500,2015-03-11,438,A,12.402778807296,1071.6000889503744,2026-08-20T00:09:10-04:00
12117500,2015-03-12,438,A,12.402778807296,1071.6000889503744,2026-08-20T00:09:10-04:00
12117500,2015-03-13,426,A,12.062976648192,1042.2411824037888,2026-08-20T00:09:10-04:00
12117500,2015-03-14,516,A,14.611492841472,1262.4329815031808,2026-08-20T00:09:10-04:00
12117500,2015-03-15,580,A,16.42377102336,1419.013816418304,2026-08-20T00:09:10-04:00
12117500,2015-03-16,657,A,18.604168210944,1607.4001334255618,2026-08-20T00:09:10-04:00
12117500,2015-03-17,584,A,16.537038409728002,1428.8001186004992,2026-08-20T00:09:10-04:00
12117500,2015-03-18,543,A,15.376047699456,1328.4905212329984,2026-08-20T00:09:10-04:00
12117500,2015-03-19,518,A,14.668126534656,1267.3261325942785,2026-08-20T00:09:10-04:00
12117500,2015-03-20,462,A,13.082383125504,1130.3179020435457,2026-08-20T00:09:10-04:00
12117500,2015-03-21,452,A,12.799214659584001,1105.8521465880576,2026-08-20T00:09:10-04:00
12117500,2015-03-22,446,A,12.629313580032001,1091.1726933147647,2026-08-20T00:09:10-04:00
12117500,2015-03-23,447,A,12.657630426624001,1093.6192688603137,2026-08-20T00:09:10-04:00
12117500,2015-03-24,475,A,13.4505021312,1162.12338413568,2026-08-20T00:09:10-04:00
12117500,2015-03-25,539,A,15.262780313088001,1318.7042190508032,2026-08-20T00:09:10-04:00
12117500,2015-03-26,566,A,16.027335171072,1384.7617587806208,2026-08-20T00:09:10-04:00
12117500,2015-03-27,522,A,14.781393921024,1277.1124347764737,2026-08-20T00:09:10-04:00
12117500,2015-03-28,509,A,14.413274915328,1245.3069526843392,2026-08-20T00:09:10-04:00
12117500,2015-03-29,469,A,13.280601051648,1147.4439308623873,2026-08-20T00:09:10-04:00
12117500,2015-03-30,449,A,12.714264119808,1098.5124199514112,2026-08-20T00:09:10-04:00
12117500,2015-03-31,449,A,12.714264119808,1098.5124199514112,2026-08-20T00:09:10-04:00
12117500,2015-04-01,459,A,12.997432585728001,1122.9781754068993,2026-08-20T00:09:10-04:00
12117500,2015-04-02,459,A,12.997432585728001,1122.9781754068993,2026-08-20T00:09:10-04:00
12117500,2015-04-03,446,A,12.629313580032001,1091.1726933147647,2026-08-20T00:09:10-04:00
12117500,2015-04-04,435,A,12.317828267519999,1064.2603623137281,2026-08-20T00:09:10-04:00
12117500,2015-04-05,425,A,12.0346598016,1039.7946068582401,2026-08-20T00:09:10-04:00
12117500,2015-04-06,422,A,11.949709261824001,1032.4548802215936,2026-08-20T00:09:10-04:00
12117500,2015-04-07,414,A,11.723174489088001,1012.8822758572032,2026-08-20T00:09:10-04:00
12117500,2015-04-08,403,A,11.411689176576001,985.96994485616642,2026-08-20T00:09:10-04:00
12117500,2015-04-09,396,A,11.213471250432001,968.84391603732479,2026-08-20T00:09:10-04:00
12117500,2015-04-10,392,A,11.100203864064,959.0576138551296,2026-08-20T00:09:10-04:00
12117500,2015-04-11,402,A,11.383372329984001,983.52336931061768,2026-08-20T00:09:10-04:00
12117500,2015-04-12,388,A,10.986936477696,949.27131167293442,2026-08-20T00:09:10-04:00
12117500,2015-04-13,388,A,10.986936477696,949.27131167293442,2026-08-20T00:09:10-04:00
12117500,2015-04-14,409,A,11.581590256128001,1000.6493981294592,2026-08-20T00:09:10-04:00
12117500,2015-04-15,401,A,11.355055483392,981.07679376506883,2026-08-20T00:09:10-04:00
12117500,2015-04-16,389,A,11.015253324288,951.71788721848327,2026-08-20T00:09:10-04:00
12117500,2015-04-17,382,A,10.817035398144,934.59185839964164,2026-08-20T00:09:10-04:00
12117500,2015-04-18,376,A,10.647134318592,919.91240512634886,2026-08-20T00:09:10-04:00
12117500,2015-04-19,372,A,10.533866932224001,910.12610294415367,2026-08-20T00:09:10-04:00
12117500,2015-04-20,366,A:e,10.363965852672001,895.44664967086078,2026-08-20T00:09:10-04:00
12117500,2015-04-21,370,A:e,10.47723323904,905.23295185305608,2026-08-20T00:09:10-04:00
12117500,2015-04-22,380,A:e,10.76040170496,929.69870730854404,2026-08-20T00:09:10-04:00
12117500,2015-04-23,365,A,10.335649006080001,893.00007412531204,2026-08-20T00:09:10-04:00
12117500,2015-04-24,378,A,10.703768011776001,924.80555621744645,2026-08-20T00:09:10-04:00
12117500,2015-04-25,391,A,11.071887017472001,956.61103830958086,2026-08-20T00:09:10-04:00
12117500,2015-04-26,377,A,10.675451165184001,922.3589806718976,2026-08-20T00:09:10-04:00
12117500,2015-04-27,370,A,10.47723323904,905.23295185305608,2026-08-20T00:09:10-04:00
12117500,2015-04-28,366,A,10.363965852672001,895.44664967086078,2026-08-20T00:09:10-04:00
12117500,2015-04-29,370,A,10.47723323904,905.23295185305608,2026-08-20T00:09:10-04:00
12117500,2015-04-30,363,A,10.279015312896,888.10692303421445,2026-08-20T00:09:10-04:00
12117500,2015-05-01,355,A:e,10.052480540159999,868.53431866982407,2026-08-20T00:09:10-04:00
12117500,2015-05-02,350,A:e,9.9108963071999998,856.30144094208003,2026-08-20T00:09:10-04:00
12117500,2015-05-03,345,A:e,9.7693120742400001,844.068563214336,2026-08-20T00:09:10-04:00
12117500,2015-05-04,335,A,9.4861436083200008,819.60280775884803,2026-08-20T00:09:10-04:00
12117500,2015-05-05,338,A,9.5710941480959999,826.94253439549448,2026-08-20T00:09:10-04:00
12117500,2015-05-06,335,A,9.4861436083200008,819.60280775884803,2026-08-20T00:09:10-04:00
12117500,2015-05-07,331,A,9.3728762219519997,809.81650557665284,2026-08-20T00:09:10-04:00
12117500,2015-05-08,328,A,9.2879256821760006,802.4767789400064,2026-08-20T00:09:10-04:00
12117500,2015-05-09,341,A,9.6560446878720008,834.28226103214081,2026-08-20T00:09:10-04:00
12117500,2015-05-10,338,A,9.5710941480959999,826.94253439549448,2026-08-20T00:09:10-04:00
12117500,2015-05-11,335,A,9.4861436083200008,819.60280775884803,2026-08-20T00:09:10-04:00
12117500,2015-05-12,343,A,9.7126783810559996,839.1754121232384,2026-08-20T00:09:10-04:00
12117500,2015-05-13,361,A,10.222381619711999,883.21377194311685,2026-08-20T00:09:10-04:00
12117500,2015-05-14,357,A,10.109114233344,873.42746976092167,2026-08-20T00:09:10-04:00
12117500,2015-05-15,344,A,9.7409952276479999,841.62198766878726,2026-08-20T00:09:10-04:00
12117500,2015-05-16,342,A,9.6843615344640011,836.72883657768966,2026-08-20T00:09:10-04:00
12117500,2015-05-17,338,A,9.5710941480959999,826.94253439549448,2026-08-20T00:09:10-04:00
12117500,2015-05-18,337,A,9.5427773015039996,824.49595884994562,2026-08-20T00:09:10-04:00
12117500,2015-05-19,335,A,9.4861436083200008,819.60280775884803,2026-08-20T00:09:10-04:00
12117500,2015-05-20,329,A,9.3162425287680009,804.92335448555525,2026-08-20T00:09:10-04:00
12117500,2015-05-21,326,A,9.231291988992,797.5836278489088,2026-08-20T00:09:10-04:00
12117500,2015-05-22,324,A,9.1746582958079994,792.69047675781121,2026-08-20T00:09:10-04:00
12117500,2015-05-23,322,A,9.1180246026240006,787.79732566671362,2026-08-20T00:09:10-04:00
12117500,2015-05-24,322,A,9.1180246026240006,787.79732566671362,2026-08-20T00:09:10-04:00
12117500,2015-05-25,319,A,9.0330740628479997,780.45759903006717,2026-08-20T00:09:10-04:00
12117500,2015-05-26,330,A,9.3445593753600011,807.36993003110399,2026-08-20T00:09:10-04:00
12117500,2015-05-27,360,A,10.194064773120001,880.767196397568,2026-08-20T00:09:10-04:00
12117500,2015-05-28,359,A,10.165747926528001,878.32062085201926,2026-08-20T00:09:10-04:00
12117500,2015-05-29,357,A,10.109114233344,873.42746976092167,2026-08-20T00:09:10-04:00
12117500,2015-05-30,398,A,11.270104943615999,973.73706712842238,2026-08-20T00:09:10-04:00
12117500,2015-05-31,468,A,13.252284205056,1144.9973553168384,2026-08-20T00:09:10-04:00
12117500,2015-06-01,473,A,13.393868438016,1157.2302330445825,2026-08-20T00:09:10-04:00
12117500,2015-06-02,487,A,13.790304290304,1191.4822906822656,2026-08-20T00:09:10-04:00
12117500,2015-06-03,489,A,13.846937983488001,1196.3754417733633,2026-08-20T00:09:10-04:00
12117500,2015-06-04,483,A,13.677036903936001,1181.6959885000704,2026-08-20T00:09:10-04:00
12117500,2015-06-05,475,A,13.4505021312,1162.12338413568,2026-08-20T00:09:10-04:00
12117500,2015-06-06,469,A,13.280601051648,1147.4439308623873,2026-08-20T00:09:10-04:00
12117500,2015-06-07,489,A,13.846937983488001,1196.3754417733633,2026-08-20T00:09:10-04:00
12117500,2015-06-08,488,A,13.818621136896001,1193.9288662278145,2026-08-20T00:09:10-04:00
12117500,2015-06-09,487,A,13.790304290304,1191.4822906822656,2026-08-20T00:09:10-04:00
12117500,2015-06-10,459,A,12.997432585728001,1122.9781754068993,2026-08-20T00:09:10-04:00
12117500,2015-06-11,400,A,11.3267386368,978.63021821951997,2026-08-20T00:09:10-04:00
12117500,2015-06-12,350,A,9.9108963071999998,856.30144094208003,2026-08-20T00:09:10-04:00
12117500,2015-06-13,310,A,8.7782224435200007,758.43841912012806,2026-08-20T00:09:10-04:00
12117500,2015-06-14,296,A,8.3817865912320002,724.1863614824448,2026-08-20T00:09:10-04:00
12117500,2015-06-15,291,A,8.2402023582720005,711.95348375470087,2026-08-20T00:09:10-04:00
12117500,2015-06-16,289,A,8.183568665088,707.06033266360328,2026-08-20T00:09:10-04:00
12117500,2015-06-17,288,A,8.1552518184959997,704.61375711805442,2026-08-20T00:09:10-04:00
12117500,2015-06-18,285,A,8.0703012787200006,697.27403048140798,2026-08-20T00:09:10-04:00
12117500,2015-06-19,286,A,8.0986181253120009,699.72060602695683,2026-08-20T00:09:10-04:00
12117500,2015-06-20,359,A,10.165747926528001,878.32062085201926,2026-08-20T00:09:10-04:00
12117500,2015-06-21,416,A,11.779808182272001,1017.7754269483008,2026-08-20T00:09:10-04:00
12117500,2015-06-22,489,A,13.846937983488001,1196.3754417733633,2026-08-20T00:09:10-04:00
12117500,2015-06-23,484,A,13.705353750528001,1184.1425640456193,2026-08-20T00:09:10-04:00
12117500,2015-06-24,473,A,13.393868438016,1157.2302330445825,2026-08-20T00:09:10-04:00
12117500,2015-06-25,461,A,13.054066278912,1127.8713264979967,2026-08-20T00:09:10-04:00
12117500,2015-06-26,468,A,13.252284205056,1144.9973553168384,2026-08-20T00:09:10-04:00
12117500,2015-06-27,479,A,13.563769517568,1171.9096863178752,2026-08-20T00:09:10-04:00
12117500,2015-06-28,479,A,13.563769517568,1171.9096863178752,2026-08-20T00:09:10-04:00
12117500,2015-06-29,478,A,13.535452670976001,1169.4631107723264,2026-08-20T00:09:10-04:00
12117500,2015-06-30,478,A,13.535452670976001,1169.4631107723264,2026-08-20T00:09:10-04:00
12117500,2015-07-01,441,A,12.487729347072001,1078.9398155870208,2026-08-20T00:09:10-04:00
12117500,2015-07-02,421,A,11.921392415232001,1030.0083046760449,2026-08-20T00:09:10-04:00
12117500,2015-07-03,417,A,11.808125028864,1020.2220024938497,2026-08-20T00:09:10-04:00
12117500,2015-07-04,416,A,11.779808182272001,1017.7754269483008,2026-08-20T00:09:10-04:00
12117500,2015-07-05,414,A,11.723174489088001,1012.8822758572032,2026-08-20T00:09:10-04:00
12117500,2015-07-06,414,A,11.723174489088001,1012.8822758572032,2026-08-20T00:09:10-04:00
12117500,2015-07-07,413,A,11.694857642496,1010.4357003116544,2026-08-20T00:09:10-04:00
12117500,2015-07-08,407,A,11.524956562944,995.75624703836161,2026-08-20T00:09:10-04:00
12117500,2015-07-09,374,A,10.590500625408,915.01925403525127,2026-08-20T00:09:10-04:00
12117500,2015-07-10,359,A,10.165747926528001,878.32062085201926,2026-08-20T00:09:10-04:00
12117500,2015-07-11,360,A,10.194064773120001,880.767196397568,2026-08-20T00:09:10-04:00
12117500,2015-07-12,359,A,10.165747926528001,878.32062085201926,2026-08-20T00:09:10-04:00
12117500,2015-07-13,355,A,10.052480540159999,868.53431866982407,2026-08-20T00:09:10-04:00
12117500,2015-07-14,309,A,8.7499055969280004,755.99184357457921,2026-08-20T00:09:10-04:00
12117500,2015-07-15,304,A,8.6083213639680007,743.75896584683528,2026-08-20T00:09:10-04:00
12117500,2015-07-16,301,A,8.5233708241919999,736.41923921018883,2026-08-20T00:09:10-04:00
12117500,2015-07-17,299,A,8.4667371310080011,731.52608811909124,2026-08-20T00:09:10-04:00
12117500,2015-07-18,298,A,8.4384202844160008,729.07951257354239,2026-08-20T00:09:10-04:00
12117500,2015-07-19,298,A,8.4384202844160008,729.07951257354239,2026-08-20T00:09:10-04:00
12117500,2015-07-20,296,A,8.3817865912320002,724.1863614824448,2026-08-20T00:09:10-04:00
12117500,2015-07-21,296,A,8.3817865912320002,724.1863614824448,2026-08-20T00:09:10-04:00
12117500,2015-07-22,294,A,8.3251528980479996,719.2932103913472,2026-08-20T00:09:10-04:00
12117500,2015-07-23,290,A,8.2118855116800002,709.50690820915202,2026-08-20T00:09:10-04:00
12117500,2015-07-24,290,A,8.2118855116800002,709.50690820915202,2026-08-20T00:09:10-04:00
12117500,2015-07-25,300,A,8.4950539775999996,733.97266366463998,2026-08-20T00:09:10-04:00
12117500,2015-07-26,295,A,8.3534697446399999,721.73978593689606,2026-08-20T00:09:10-04:00
12117500,2015-07-27,294,A,8.3251528980479996,719.2932103913472,2026-08-20T00:09:10-04:00
12117500,2015-07-28,280,A,7.92871704576,685.04115275366405,2026-08-20T00:09:10-04:00
12117500,2015-07-29,260,A,7.3623801139200005,636.10964184268801,2026-08-20T00:09:10-04:00
12117500,2015-07-30,258,A,7.3057464207359999,631.21649075159041,2026-08-20T00:09:10-04:00
12117500,2015-07-31,254,A,7.1924790343680005,621.43018856939523,2026-08-20T00:09:10-04:00
12117500,2015-08-01,252,A,7.1358453411839999,616.53703747829763,2026-08-20T00:09:10-04:00
12117500,2015-08-02,251,A,7.1075284945920005,614.09046193274878,2026-08-20T00:09:10-04:00
12117500,2015-08-03,248,A,7.0225779548160006,606.75073529610245,2026-08-20T00:09:10-04:00
12117500,2015-08-04,246,A,6.965944261632,601.85758420500485,2026-08-20T00:09:10-04:00
12117500,2015-08-05,245,A,6.9376274150400006,599.411008659456,2026-08-20T00:09:10-04:00
12117500,2015-08-06,244,A,6.9093105684480003,596.96443311390726,2026-08-20T00:09:10-04:00
12117500,2015-08-07,241,A,6.8243600286720003,589.62470647726082,2026-08-20T00:09:10-04:00
12117500,2015-08-08,239,A,6.7677263354880006,584.73155538616322,2026-08-20T00:09:10-04:00
12117500,2015-08-09,239,A,6.7677263354880006,584.73155538616322,2026-08-20T00:09:10-04:00
12117500,2015-08-10,236,A,6.6827757957119998,577.39182874951678,2026-08-20T00:09:10-04:00
12117500,2015-08-11,235,A,6.6544589491200004,574.94525320396804,2026-08-20T00:09:10-04:00
12117500,2015-08-12,233,A,6.5978252559359998,570.05210211287044,2026-08-20T00:09:10-04:00
12117500,2015-08-13,233,A,6.5978252559359998,570.05210211287044,2026-08-20T00:09:10-04:00
12117500,2015-08-14,237,A,6.711092642304,579.83840429506563,2026-08-20T00:09:10-04:00
12117500,2015-08-15,244,A,6.9093105684480003,596.96443311390726,2026-08-20T00:09:10-04:00
12117500,2015-08-16,233,A,6.5978252559359998,570.05210211287044,2026-08-20T00:09:10-04:00
12117500,2015-08-17,230,A,6.5128747161599998,562.712375476224,2026-08-20T00:09:10-04:00
12117500,2015-08-18,227,A,6.4279241763839998,555.37264883957766,2026-08-20T00:09:10-04:00
12117500,2015-08-19,226,A,6.3996073297920004,552.92607329402881,2026-08-20T00:09:10-04:00
12117500,2015-08-20,224,A,6.3429736366079998,548.03292220293122,2026-08-20T00:09:10-04:00
12117500,2015-08-21,222,A,6.2863399434240002,543.13977111183362,2026-08-20T00:09:10-04:00
12117500,2015-08-22,221,A,6.2580230968319999,540.69319556628477,2026-08-20T00:09:10-04:00
12117500,2015-08-23,221,A,6.2580230968319999,540.69319556628477,2026-08-20T00:09:10-04:00
12117500,2015-08-24,218,A,6.1730725570559999,533.35346892963844,2026-08-20T00:09:10-04:00
12117500,2015-08-25,215,A,6.0881220172799999,526.01374229299199,2026-08-20T00:09:10-04:00
12117500,2015-08-26,215,A,6.0881220172799999,526.01374229299199,2026-08-20T00:09:10-04:00
12117500,2015-08-27,215,A,6.0881220172799999,526.01374229299199,2026-08-20T00:09:10-04:00
12117500,2015-08-28,213,A,6.0314883240960002,521.1205912018944,2026-08-20T00:09:10-04:00
12117500,2015-08-29,215,A,6.0881220172799999,526.01374229299199,2026-08-20T00:09:10-04:00
12117500,2015-08-30,252,A,7.1358453411839999,616.53703747829763,2026-08-20T00:09:10-04:00
12117500,2015-08-31,230,A,6.5128747161599998,562.712375476224,2026-08-20T00:09:10-04:00
12117500,2015-09-01,229,A,6.4845578695680004,560.26579993067526,2026-08-20T00:09:10-04:00
12117500,2015-09-02,239,A,6.7677263354880006,584.73155538616322,2026-08-20T00:09:10-04:00
12117500,2015-09-03,222,A,6.2863399434240002,543.13977111183362,2026-08-20T00:09:10-04:00
12117500,2015-09-04,217,A,6.1447557104640005,530.90689338408959,2026-08-20T00:09:10-04:00
12117500,2015-09-05,216,A,6.1164388638720002,528.46031783854085,2026-08-20T00:09:10-04:00
12117500,2015-09-06,224,A,6.3429736366079998,548.03292220293122,2026-08-20T00:09:10-04:00
12117500,2015-09-07,216,A,6.1164388638720002,528.46031783854085,2026-08-20T00:09:10-04:00
12117500,2015-09-08,213,A,6.0314883240960002,521.1205912018944,2026-08-20T00:09:10-04:00
12117500,2015-09-09,210,A,5.9465377843200002,513.78086456524807,2026-08-20T00:09:10-04:00
12117500,2015-09-10,210,A,5.9465377843200002,513.78086456524807,2026-08-20T00:09:10-04:00
12117500,2015-09-11,208,A,5.8899040911360006,508.88771347415042,2026-08-20T00:09:10-04:00
12117500,2015-09-12,206,A,5.833270397952,503.99456238305282,2026-08-20T00:09:10-04:00
12117500,2015-09-13,205,A,5.8049535513600006,501.54798683750403,2026-08-20T00:09:10-04:00
12117500,2015-09-14,208,A,5.8899040911360006,508.88771347415042,2026-08-20T00:09:10-04:00
12117500,2015-09-15,244,A,6.9093105684480003,596.96443311390726,2026-08-20T00:09:10-04:00
12117500,2015-09-16,245,A,6.9376274150400006,599.411008659456,2026-08-20T00:09:10-04:00
12117500,2015-09-17,250,A,7.0792116480000002,611.64388638720004,2026-08-20T00:09:10-04:00
12117500,2015-09-18,252,A,7.1358453411839999,616.53703747829763,2026-08-20T00:09:10-04:00
12117500,2015-09-19,248,A,7.0225779548160006,606.75073529610245,2026-08-20T00:09:10-04:00
12117500,2015-09-20,252,A,7.1358453411839999,616.53703747829763,2026-08-20T00:09:10-04:00
12117500,2015-09-21,267,A,7.5605980400639998,653.23567066152964,2026-08-20T00:09:10-04:00
12117500,2015-09-22,271,A,7.6738654264320001,663.02197284372482,2026-08-20T00:09:10-04:00
12117500,2015-09-23,313,A,8.8631729832959998,765.77814575677439,2026-08-20T00:09:10-04:00
12117500,2015-09-24,313,A,8.8631729832959998,765.77814575677439,2026-08-20T00:09:10-04:00
12117500,2015-09-25,318,A,9.0047572162559995,778.01102348451843,2026-08-20T00:09:10-04:00
12117500,2015-09-26,317,A,8.9764403696640009,775.56444793896958,2026-08-20T00:09:10-04:00
12117500,2015-09-27,314,A,8.8914898298880001,768.22472130232325,2026-08-20T00:09:10-04:00
12117500,2015-09-28,314,A,8.8914898298880001,768.22472130232325,2026-08-20T00:09:10-04:00
12117500,2015-09-29,325,A,9.2029751423999997,795.13705230336006,2026-08-20T00:09:10-04:00
12117500,2015-09-30,330,A,9.3445593753600011,807.36993003110399,2026-08-20T00:09:10-04:00
12117500,2015-10-01,308,A,8.7215887503360001,753.54526802903047,2026-08-20T00:09:10-04:00
12117500,2015-10-02,307,A,8.6932719037439998,751.09869248348161,2026-08-20T00:09:10-04:00
12117500,2015-10-03,309,A,8.7499055969280004,755.99184357457921,2026-08-20T00:09:10-04:00
12117500,2015-10-04,307,A,8.6932719037439998,751.09869248348161,2026-08-20T00:09:10-04:00
12117500,2015-10-05,307,A,8.6932719037439998,751.09869248348161,2026-08-20T00:09:10-04:00
12117500,2015-10-06,313,A,8.8631729832959998,765.77814575677439,2026-08-20T00:09:10-04:00
12117500,2015-10-07,365,A,10.335649006080001,893.00007412531204,2026-08-20T00:09:10-04:00
12117500,2015-10-08,391,A,11.071887017472001,956.61103830958086,2026-08-20T00:09:10-04:00
12117500,2015-10-09,382,A,10.817035398144,934.59185839964164,2026-08-20T00:09:10-04:00
12117500,2015-10-10,398,A,11.270104943615999,973.73706712842238,2026-08-20T00:09:10-04:00
12117500,2015-10-11,412,A,11.666540795904,1007.9891247661056,2026-08-20T00:09:10-04:00
12117500,2015-10-12,391,A,11.071887017472001,956.61103830958086,2026-08-20T00:09:10-04:00
12117500,2015-10-13,401,A,11.355055483392,981.07679376506883,2026-08-20T00:09:10-04:00
12117500,2015-10-14,392,A,11.100203864064,959.0576138551296,2026-08-20T00:09:10-04:00
12117500,2015-10-15,389,A,11.015253324288,951.71788721848327,2026-08-20T00:09:10-04:00
12117500,2015-10-16,387,A,10.958619631104,946.82473612738568,2026-08-20T00:09:10-04:00
12117500,2015-10-17,387,A,10.958619631104,946.82473612738568,2026-08-20T00:09:10-04:00
12117500,2015-10-18,388,A,10.986936477696,949.27131167293442,2026-08-20T00:09:10-04:00
12117500,2015-10-19,411,A,11.638223949312,1005.5425492205568,2026-08-20T00:09:10-04:00
12117500,2015-10-20,395,A,11.18515440384,966.39734049177605,2026-08-20T00:09:10-04:00
12117500,2015-10-21,386,A,10.930302784512,944.37816058183682,2026-08-20T00:09:10-04:00
12117500,2015-10-22,389,A,11.015253324288,951.71788721848327,2026-08-20T00:09:10-04:00
12117500,2015-10-23,386,A,10.930302784512,944.37816058183682,2026-08-20T00:09:10-04:00
12117500,2015-10-24,365,A,10.335649006080001,893.00007412531204,2026-08-20T00:09:10-04:00
12117500,2015-10-25,351,A,9.9392131537920001,858.74801648762877,2026-08-20T00:09:10-04:00
12117500,2015-10-26,386,A,10.930302784512,944.37816058183682,2026-08-20T00:09:10-04:00
12117500,2015-10-27,360,A,10.194064773120001,880.767196397568,2026-08-20T00:09:10-04:00
12117500,2015-10-28,333,A,9.4295099151360002,814.70965666775044,2026-08-20T00:09:10-04:00
12117500,2015-10-29,331,A,9.3728762219519997,809.81650557665284,2026-08-20T00:09:10-04:00
12117500,2015-10-30,384,A,10.873669091328001,939.48500949073923,2026-08-20T00:09:10-04:00
12117500,2015-10-31,889,A,25.173676620287999,2175.0056599928835,2026-08-20T00:09:10-04:00
12117500,2015-11-01,807,A,22.851695199744,1974.3864652578816,2026-08-20T00:09:10-04:00
12117500,2015-11-02,524,A,14.838027614208,1282.0055858675712,2026-08-20T00:09:10-04:00
12117500,2015-11-03,403,A,11.411689176576001,985.96994485616642,2026-08-20T00:09:10-04:00
12117500,2015-11-04,350,A,9.9108963071999998,856.30144094208003,2026-08-20T00:09:10-04:00
12117500,2015-11-05,402,A,11.383372329984001,983.52336931061768,2026-08-20T00:09:10-04:00
12117500,2015-11-06,464,A,13.139016818688001,1135.2110531346432,2026-08-20T00:09:10-04:00
12117500,2015-11-07,443,A,12.544363040256,1083.8329666781185,2026-08-20T00:09:10-04:00
12117500,2015-11-08,531,A,15.036245540352001,1299.1316146864128,2026-08-20T00:09:10-04:00
12117500,2015-11-09,527,A,14.922978153984001,1289.3453125042176,2026-08-20T00:09:10-04:00
12117500,2015-11-10,493,A,13.960205369856,1206.1617439555584,2026-08-20T00:09:10-04:00
12117500,2015-11-11,481,A,13.620403210752,1176.8028374089729,2026-08-20T00:09:10-04:00
12117500,2015-11-12,458,A,12.969115739136001,1120.5315998613505,2026-08-20T00:09:10-04:00
12117500,2015-11-13,889,A,25.173676620287999,2175.0056599928835,2026-08-20T00:09:10-04:00
12117500,2015-11-14,1660,A,47.005965342720003,4061.3154056110079,2026-08-20T00:09:10-04:00
12117500,2015-11-15,1320,A,37.378237501440005,3229.479720124416,2026-08-20T00:09:10-04:00
12117500,2015-11-16,1460,A,41.342596024320002,3572.0002965012482,2026-08-20T00:09:10-04:00
12117500,2015-11-17,2200,A,62.297062502400003,5382.4662002073601,2026-08-20T00:09:10-04:00
12117500,2015-11-18,3350,A,94.861436083200005,8196.0280775884803,2026-08-20T00:09:10-04:00
12117500,2015-11-19,2870,A,81.269349719040008,7021.6718157250561,2026-08-20T00:09:10-04:00
12117500,2015-11-20,2490,A,70.508948014080005,6091.9731084165123,2026-08-20T00:09:10-04:00
12117500,2015-11-21,2210,A,62.580230968320002,5406.9319556628479,2026-08-20T00:09:10-04:00
12117500,2015-11-22,2220,A,62.863399434240002,5431.3977111183358,2026-08-20T00:09:10-04:00
12117500,2015-11-23,1930,A,54.65151392256,4721.8908029091845,2026-08-20T00:09:10-04:00
12117500,2015-11-24,1540,A,43.607943751680004,3767.7263401451523,2026-08-20T00:09:10-04:00
12117500,2015-11-25,1230,A,34.829721308160003,3009.2879210250239,2026-08-20T00:09:10-04:00
12117500,2015-11-26,988,A,27.977044432896001,2417.2166390022144,2026-08-20T00:09:10-04:00
12117500,2015-11-27,909,A,25.740013552128001,2223.9371709038592,2026-08-20T00:09:10-04:00
12117500,2015-11-28,673,A,19.057237756416001,1646.5453421543425,2026-08-20T00:09:10-04:00
12117500,2015-11-29,494,A,13.988522216448001,1208.6083195011072,2026-08-20T00:09:10-04:00
12117500,2015-11-30,488,A,13.818621136896001,1193.9288662278145,2026-08-20T00:09:10-04:00
12117500,2015-12-01,530,A,15.00792869376,1296.6850391408641,2026-08-20T00:09:10-04:00
12117500,2015-12-02,581,A,16.452087869951999,1421.4603919638528,2026-08-20T00:09:10-04:00
12117500,2015-12-03,632,A,17.896247046144001,1546.2357447868417,2026-08-20T00:09:10-04:00
12117500,2015-12-04,631,A,17.867930199551999,1543.7891692412929,2026-08-20T00:09:10-04:00
12117500,2015-12-05,614,A,17.386543807488,1502.1973849669632,2026-08-20T00:09:10-04:00
12117500,2015-12-06,804,A,22.766744659968001,1967.0467386212354,2026-08-20T00:09:10-04:00
12117500,2015-12-07,860,A,24.35248806912,2104.054969171968,2026-08-20T00:09:10-04:00
12117500,2015-12-08,1420,A,40.209922160639998,3474.1372746792963,2026-08-20T00:09:10-04:00
12117500,2015-12-09,3250,A,92.029751423999997,7951.3705230336,2026-08-20T00:09:10-04:00
12117500,2015-12-10,3210,A,90.89707756032,7853.5075012116486,2026-08-20T00:09:10-04:00
12117500,2015-12-11,3010,A,85.233708241919999,7364.1923921018879,2026-08-20T00:09:10-04:00
12117500,2015-12-12,2740,A,77.588159662080002,6703.6169948037123,2026-08-20T00:09:10-04:00
12117500,2015-12-13,2600,A,73.623801139199998,6361.0964184268805,2026-08-20T00:09:10-04:00
12117500,2015-12-14,2560,A,72.49112727552,6263.2333966049282,2026-08-20T00:09:10-04:00
12117500,2015-12-15,2270,A,64.279241763840005,5553.726488395776,2026-08-20T00:09:10-04:00
12117500,2015-12-16,1960,A,55.501019320320005,4795.288069275648,2026-08-20T00:09:10-04:00
12117500,2015-12-17,1700,A,48.138639206400001,4159.1784274329602,2026-08-20T00:09:10-04:00
12117500,2015-12-18,1640,A,46.439628410880005,4012.3838947000322,2026-08-20T00:09:10-04:00
12117500,2015-12-19,1410,A,39.926753694719999,3449.671519223808,2026-08-20T00:09:10-04:00
12117500,2015-12-20,1350,A,38.227742899200003,3302.87698649088,2026-08-20T00:09:10-04:00
12117500,2015-12-21,1370,A,38.794079831040001,3351.8084974018561,2026-08-20T00:09:10-04:00
12117500,2015-12-22,1350,A,38.227742899200003,3302.87698649088,2026-08-20T00:09:10-04:00
12117500,2015-12-23,1330,A,37.661405967360004,3253.9454755799043,2026-08-20T00:09:10-04:00
12117500,2015-12-24,1320,A,37.378237501440005,3229.479720124416,2026-08-20T00:09:10-04:00
12117500,2015-12-25,992,A,28.090311819264002,2427.0029411844098,2026-08-20T00:09:10-04:00
12117500,2015-12-26,928,A,26.278033637376002,2270.4221062692864,2026-08-20T00:09:10-04:00
12117500,2015-12-27,911,A,25.796647245312002,2228.8303219949566,2026-08-20T00:09:10-04:00
12117500,2015-12-28,857,A,24.267537529344001,2096.7152425353215,2026-08-20T00:09:10-04:00
12117500,2015-12-29,664,A,18.802386137088,1624.5261622444032,2026-08-20T00:09:10-04:00
12117500,2015-12-30,588,A,16.650305796095999,1438.5864207826944,2026-08-20T00:09:10-04:00
12117500,2015-12-31,564,A,15.970701477888001,1379.8686076895233,2026-08-20T00:09:10-04:00
12117500,2016-01-01,551,A,15.602582472192001,1348.0631255973888,2026-08-20T00:09:10-04:00
12117500,2016-01-02,543,A,15.376047699456,1328.4905212329984,2026-08-20T00:09:10-04:00
12117500,2016-01-03,533,A,15.092879233536001,1304.0247657775105,2026-08-20T00:09:10-04:00
12117500,2016-01-04,538,A,15.234463466496001,1316.2576435052545,2026-08-20T00:09:10-04:00
12117500,2016-01-05,534,A,15.121196080128,1306.4713413230593,2026-08-20T00:09:10-04:00
12117500,2016-01-06,525,A,14.866344460800001,1284.4521614131199,2026-08-20T00:09:10-04:00
12117500,2016-01-07,509,A,14.413274915328,1245.3069526843392,2026-08-20T00:09:10-04:00
12117500,2016-01-08,466,A,13.195650511872,1140.1042042257409,2026-08-20T00:09:10-04:00
12117500,2016-01-09,458,A,12.969115739136001,1120.5315998613505,2026-08-20T00:09:10-04:00
12117500,2016-01-10,451,A,12.770897812992001,1103.4055710425089,2026-08-20T00:09:10-04:00
12117500,2016-01-11,449,A,12.714264119808,1098.5124199514112,2026-08-20T00:09:10-04:00
12117500,2016-01-12,467,A,13.223967358464,1142.5507797712896,2026-08-20T00:09:10-04:00
12117500,2016-01-13,573,A,16.225553097216,1401.8877875994624,2026-08-20T00:09:10-04:00
12117500,2016-01-14,561,A,15.885750938112,1372.5288810528768,2026-08-20T00:09:10-04:00
12117500,2016-01-15,522,A,14.781393921024,1277.1124347764737,2026-08-20T00:09:10-04:00
12117500,2016-01-16,549,A,15.545948779008,1343.1699745062913,2026-08-20T00:09:10-04:00
12117500,2016-01-17,584,A,16.537038409728002,1428.8001186004992,2026-08-20T00:09:10-04:00
12117500,2016-01-18,578,A,16.367137330176,1414.1206653272066,2026-08-20T00:09:10-04:00
12117500,2016-01-19,565,A,15.99901832448,1382.315183235072,2026-08-20T00:09:10-04:00
12117500,2016-01-20,638,A,18.066148125695999,1560.9151980601343,2026-08-20T00:09:10-04:00
12117500,2016-01-21,1020,A,28.88318352384,2495.5070564597759,2026-08-20T00:09:10-04:00
12117500,2016-01-22,1040,A,29.449520455680002,2544.438567370752,2026-08-20T00:09:10-04:00
12117500,2016-01-23,1100,A,31.148531251200001,2691.23310010368,2026-08-20T00:09:10-04:00
12117500,2016-01-24,1270,A,35.962395171840001,3107.1509428469762,2026-08-20T00:09:10-04:00
12117500,2016-01-25,1210,A,34.263384376319998,2960.3564101140482,2026-08-20T00:09:10-04:00
12117500,2016-01-26,1220,A,34.546552842240004,2984.8221655695361,2026-08-20T00:09:10-04:00
12117500,2016-01-27,1150,A,32.564373580800002,2813.5618773811202,2026-08-20T00:09:10-04:00
12117500,2016-01-28,1000,A,28.316846592000001,2446.5755455488002,2026-08-20T00:09:10-04:00
12117500,2016-01-29,950,A,26.901004262400001,2324.24676827136,2026-08-20T00:09:10-04:00
12117500,2016-01-30,1220,A,34.546552842240004,2984.8221655695361,2026-08-20T00:09:10-04:00
12117500,2016-01-31,1330,A,37.661405967360004,3253.9454755799043,2026-08-20T00:09:10-04:00
12117500,2016-02-01,1330,A,37.661405967360004,3253.9454755799043,2026-08-20T00:09:10-04:00
12117500,2016-02-02,1430,A,40.493090626560004,3498.6030301347841,2026-08-20T00:09:10-04:00
12117500,2016-02-03,1300,A,36.811900569599999,3180.5482092134403,2026-08-20T00:09:10-04:00
12117500,2016-02-04,1260,A,35.679226705920001,3082.6851873914879,2026-08-20T00:09:10-04:00
12117500,2016-02-05,1250,A,35.396058240000002,3058.2194319360001,2026-08-20T00:09:10-04:00
12117500,2016-02-06,1250,A,35.396058240000002,3058.2194319360001,2026-08-20T00:09:10-04:00
12117500,2016-02-07,1220,A,34.546552842240004,2984.8221655695361,2026-08-20T00:09:10-04:00
12117500,2016-02-08,1210,A,34.263384376319998,2960.3564101140482,2026-08-20T00:09:10-04:00
12117500,2016-02-09,1210,A,34.263384376319998,2960.3564101140482,2026-08-20T00:09:10-04:00
12117500,2016-02-10,1210,A,34.263384376319998,2960.3564101140482,2026-08-20T00:09:10-04:00
12117500,2016-02-11,1190,A,33.697047444479999,2911.4248992030721,2026-08-20T00:09:10-04:00
12117500,2016-02-12,958,A,27.127539035136,2343.8193726357504,2026-08-20T00:09:10-04:00
12117500,2016-02-13,742,A,21.011100171264001,1815.3590547972096,2026-08-20T00:09:10-04:00
12117500,2016-02-14,777,A,22.002189801984002,1900.9891988914176,2026-08-20T00:09:10-04:00
12117500,2016-02-15,1110,A,31.431699717120001,2715.6988555591679,2026-08-20T00:09:10-04:00
12117500,2016-02-16,1820,A,51.53666079744,4452.7674928988163,2026-08-20T00:09:10-04:00
12117500,2016-02-17,2100,A,59.465377843200002,5137.8086456524798,2026-08-20T00:09:10-04:00
12117500,2016-02-18,2200,A,62.297062502400003,5382.4662002073601,2026-08-20T00:09:10-04:00
12117500,2016-02-19,2290,A,64.845578695680004,5602.6579993067526,2026-08-20T00:09:10-04:00
12117500,2016-02-20,2170,A,61.447557104640005,5309.0689338408965,2026-08-20T00:09:10-04:00
12117500,2016-02-21,2080,A,58.899040911360004,5088.8771347415041,2026-08-20T00:09:10-04:00
12117500,2016-02-22,1910,A,54.085176990720001,4672.9592919982078,2026-08-20T00:09:10-04:00
12117500,2016-02-23,1950,A,55.217850854399998,4770.8223138201602,2026-08-20T00:09:10-04:00
12117500,2016-02-24,1830,A,51.819829263359999,4477.2332483543041,2026-08-20T00:09:10-04:00
12117500,2016-02-25,1720,A,48.704976138239999,4208.1099383439359,2026-08-20T00:09:10-04:00
12117500,2016-02-26,1700,A,48.138639206400001,4159.1784274329602,2026-08-20T00:09:10-04:00
12117500,2016-02-27,1720,A,48.704976138239999,4208.1099383439359,2026-08-20T00:09:10-04:00
12117500,2016-02-28,1730,A,48.988144604159999,4232.5756937994238,2026-08-20T00:09:10-04:00
12117500,2016-02-29,1730,A,48.988144604159999,4232.5756937994238,2026-08-20T00:09:10-04:00
12117500,2016-03-01,1770,A,50.120818467840003,4330.4387156213761,2026-08-20T00:09:10-04:00
12117500,2016-03-02,1850,A,52.386166195200005,4526.1647592652798,2026-08-20T00:09:10-04:00
12117500,2016-03-03,1830,A,51.819829263359999,4477.2332483543041,2026-08-20T00:09:10-04:00
12117500,2016-03-04,1780,A,50.403986933760002,4354.904471076864,2026-08-20T00:09:10-04:00
12117500,2016-03-05,1750,A,49.554481536000004,4281.5072047104004,2026-08-20T00:09:10-04:00
12117500,2016-03-06,1740,A,49.271313070079998,4257.0414492549125,2026-08-20T00:09:10-04:00
12117500,2016-03-07,1680,A,47.572302274560002,4110.2469165219845,2026-08-20T00:09:10-04:00
12117500,2016-03-08,1340,A,37.944574433280003,3278.4112310353921,2026-08-20T00:09:10-04:00
12117500,2016-03-09,1050,A,29.732688921600001,2568.9043228262399,2026-08-20T00:09:10-04:00
12117500,2016-03-10,816,A,23.106546819072001,1996.4056451678209,2026-08-20T00:09:10-04:00
12117500,2016-03-11,725,A,20.529713779200002,1773.7672705228802,2026-08-20T00:09:10-04:00
12117500,2016-03-12,700,A,19.8217926144,1712.6028818841601,2026-08-20T00:09:10-04:00
12117500,2016-03-13,681,A,19.283772529151999,1666.1179465187329,2026-08-20T00:09:10-04:00
12117500,2016-03-14,686,A,19.425356762111999,1678.3508242464768,2026-08-20T00:09:10-04:00
12117500,2016-03-15,695,A,19.68020838144,1700.3700041564161,2026-08-20T00:09:10-04:00
12117500,2016-03-16,894,A,25.315260853248002,2187.2385377206274,2026-08-20T00:09:10-04:00
12117500,2016-03-17,908,A,25.711696705535999,2221.4905953583107,2026-08-20T00:09:10-04:00
12117500,2016-03-18,891,A,25.230310313472,2179.8988110839809,2026-08-20T00:09:10-04:00
12117500,2016-03-19,876,A,24.805557614592001,2143.2001779007487,2026-08-20T00:09:10-04:00
12117500,2016-03-20,879,A,24.890508154368,2150.5399045373952,2026-08-20T00:09:10-04:00
12117500,2016-03-21,900,A,25.485161932800001,2201.9179909939203,2026-08-20T00:09:10-04:00
12117500,2016-03-22,904,A,25.598429319168002,2211.7042931761152,2026-08-20T00:09:10-04:00
12117500,2016-03-23,853,A,24.154270142975999,2086.9289403531266,2026-08-20T00:09:10-04:00
12117500,2016-03-24,887,A,25.117042927104002,2170.1125089017855,2026-08-20T00:09:10-04:00
12117500,2016-03-25,872,A,24.692290228224,2133.4138757185538,2026-08-20T00:09:10-04:00
12117500,2016-03-26,853,A,24.154270142975999,2086.9289403531266,2026-08-20T00:09:10-04:00
12117500,2016-03-27,858,A,24.295854375935999,2099.1618180808705,2026-08-20T00:09:10-04:00
12117500,2016-03-28,855,A,24.21090383616,2091.822091444224,2026-08-20T00:09:10-04:00
12117500,2016-03-29,836,A,23.672883750912,2045.3371560787969,2026-08-20T00:09:10-04:00
12117500,2016-03-30,806,A,22.823378353152002,1971.9398897123328,2026-08-20T00:09:10-04:00
12117500,2016-03-31,750,A,21.237634944,1834.9316591616,2026-08-20T00:09:10-04:00
12117500,2016-04-01,695,A,19.68020838144,1700.3700041564161,2026-08-20T00:09:10-04:00
12117500,2016-04-02,641,A,18.151098665472002,1568.2549246967808,2026-08-20T00:09:10-04:00
12117500,2016-04-03,581,A,16.452087869951999,1421.4603919638528,2026-08-20T00:09:10-04:00
12117500,2016-04-04,579,A,16.395454176768002,1416.5672408727553,2026-08-20T00:09:10-04:00
12117500,2016-04-05,561,A,15.885750938112,1372.5288810528768,2026-08-20T00:09:10-04:00
12117500,2016-04-06,549,A,15.545948779008,1343.1699745062913,2026-08-20T00:09:10-04:00
12117500,2016-04-07,542,A,15.347730852864,1326.0439456874496,2026-08-20T00:09:10-04:00
12117500,2016-04-08,537,A,15.206146619904001,1313.8110679597057,2026-08-20T00:09:10-04:00
12117500,2016-04-09,533,A,15.092879233536001,1304.0247657775105,2026-08-20T00:09:10-04:00
12117500,2016-04-10,525,A,14.866344460800001,1284.4521614131199,2026-08-20T00:09:10-04:00
12117500,2016-04-11,519,A,14.696443381248001,1269.7727081398273,2026-08-20T00:09:10-04:00
12117500,2016-04-12,524,A,14.838027614208,1282.0055858675712,2026-08-20T00:09:10-04:00
12117500,2016-04-13,536,A,15.177829773312,1311.3644924141568,2026-08-20T00:09:10-04:00
12117500,2016-04-14,523,A,14.809710767616,1279.5590103220225,2026-08-20T00:09:10-04:00
12117500,2016-04-15,519,A,14.696443381248001,1269.7727081398273,2026-08-20T00:09:10-04:00
12117500,2016-04-16,511,A,14.469908608512,1250.2001037754369,2026-08-20T00:09:10-04:00
12117500,2016-04-17,504,A,14.271690682368,1233.0740749565953,2026-08-20T00:09:10-04:00
12117500,2016-04-18,510,A,14.44159176192,1247.7535282298879,2026-08-20T00:09:10-04:00
12117500,2016-04-19,520,A,14.724760227840001,1272.219283685376,2026-08-20T00:09:10-04:00
12117500,2016-04-20,514,A,14.554859148288001,1257.5398304120833,2026-08-20T00:09:10-04:00
12117500,2016-04-21,509,A,14.413274915328,1245.3069526843392,2026-08-20T00:09:10-04:00
12117500,2016-04-22,512,A,14.498225455104,1252.6466793209856,2026-08-20T00:09:10-04:00
12117500,2016-04-23,509,A,14.413274915328,1245.3069526843392,2026-08-20T00:09:10-04:00
12117500,2016-04-24,522,A,14.781393921024,1277.1124347764737,2026-08-20T00:09:10-04:00
12117500,2016-04-25,527,A,14.922978153984001,1289.3453125042176,2026-08-20T00:09:10-04:00
12117500,2016-04-26,514,A,14.554859148288001,1257.5398304120833,2026-08-20T00:09:10-04:00
12117500,2016-04-27,494,A,13.988522216448001,1208.6083195011072,2026-08-20T00:09:10-04:00
12117500,2016-04-28,487,A,13.790304290304,1191.4822906822656,2026-08-20T00:09:10-04:00
12117500,2016-04-29,485,A,13.73367059712,1186.5891395911681,2026-08-20T00:09:10-04:00
12117500,2016-04-30,482,A,13.648720057344001,1179.2494129545216,2026-08-20T00:09:10-04:00
12117500,2016-05-01,476,A,13.478818977792001,1164.5699596812287,2026-08-20T00:09:10-04:00
12117500,2016-05-02,473,A,13.393868438016,1157.2302330445825,2026-08-20T00:09:10-04:00
12117500,2016-05-03,471,A,13.337234744832001,1152.3370819534848,2026-08-20T00:09:10-04:00
12117500,2016-05-04,467,A,13.223967358464,1142.5507797712896,2026-08-20T00:09:10-04:00
12117500,2016-05-05,467,A,13.223967358464,1142.5507797712896,2026-08-20T00:09:10-04:00
12117500,2016-05-06,466,A,13.195650511872,1140.1042042257409,2026-08-20T00:09:10-04:00
12117500,2016-05-07,464,A,13.139016818688001,1135.2110531346432,2026-08-20T00:09:10-04:00
12117500,2016-05-08,435,A,12.317828267519999,1064.2603623137281,2026-08-20T00:09:10-04:00
12117500,2016-05-09,427,A,12.091293494784001,1044.6877579493375,2026-08-20T00:09:10-04:00
12117500,2016-05-10,484,A,13.705353750528001,1184.1425640456193,2026-08-20T00:09:10-04:00
12117500,2016-05-11,482,A,13.648720057344001,1179.2494129545216,2026-08-20T00:09:10-04:00
12117500,2016-05-12,455,A,12.88416519936,1113.1918732247041,2026-08-20T00:09:10-04:00
12117500,2016-05-13,449,A,12.714264119808,1098.5124199514112,2026-08-20T00:09:10-04:00
12117500,2016-05-14,437,A,12.374461960704,1069.1535134048256,2026-08-20T00:09:10-04:00
12117500,2016-05-15,443,A,12.544363040256,1083.8329666781185,2026-08-20T00:09:10-04:00
12117500,2016-05-16,449,A,12.714264119808,1098.5124199514112,2026-08-20T00:09:10-04:00
12117500,2016-05-17,432,A,12.232877727744,1056.9206356770817,2026-08-20T00:09:10-04:00
12117500,2016-05-18,426,A,12.062976648192,1042.2411824037888,2026-08-20T00:09:10-04:00
12117500,2016-05-19,454,A,12.855848352768,1110.7452976791553,2026-08-20T00:09:10-04:00
12117500,2016-05-20,460,A,13.02574943232,1125.424750952448,2026-08-20T00:09:10-04:00
12117500,2016-05-21,507,A,14.356641222144001,1240.4138015932417,2026-08-20T00:09:10-04:00
12117500,2016-05-22,518,A,14.668126534656,1267.3261325942785,2026-08-20T00:09:10-04:00
12117500,2016-05-23,477,A,13.507135824384001,1167.0165352267777,2026-08-20T00:09:10-04:00
12117500,2016-05-24,416,A,11.779808182272001,1017.7754269483008,2026-08-20T00:09:10-04:00
12117500,2016-05-25,393,A,11.128520710656,961.50418940067846,2026-08-20T00:09:10-04:00
12117500,2016-05-26,371,A,10.505550085632001,907.67952739860482,2026-08-20T00:09:10-04:00
12117500,2016-05-27,360,A,10.194064773120001,880.767196397568,2026-08-20T00:09:10-04:00
12117500,2016-05-28,359,A,10.165747926528001,878.32062085201926,2026-08-20T00:09:10-04:00
12117500,2016-05-29,363,A,10.279015312896,888.10692303421445,2026-08-20T00:09:10-04:00
12117500,2016-05-30,355,A,10.052480540159999,868.53431866982407,2026-08-20T00:09:10-04:00
12117500,2016-05-31,349,A,9.8825794606079995,853.85486539653118,2026-08-20T00:09:10-04:00
12117500,2016-06-01,389,A,11.015253324288,951.71788721848327,2026-08-20T00:09:10-04:00
12117500,2016-06-02,463,A,13.110699972096,1132.7644775890944,2026-08-20T00:09:10-04:00
12117500,2016-06-03,454,A,12.855848352768,1110.7452976791553,2026-08-20T00:09:10-04:00
12117500,2016-06-04,486,A,13.761987443712,1189.0357151367168,2026-08-20T00:09:10-04:00
12117500,2016-06-05,484,A,13.705353750528001,1184.1425640456193,2026-08-20T00:09:10-04:00
12117500,2016-06-06,479,A,13.563769517568,1171.9096863178752,2026-08-20T00:09:10-04:00
12117500,2016-06-07,477,A,13.507135824384001,1167.0165352267777,2026-08-20T00:09:10-04:00
12117500,2016-06-08,495,A,14.016839063040001,1211.0548950466559,2026-08-20T00:09:10-04:00
12117500,2016-06-09,495,A,14.016839063040001,1211.0548950466559,2026-08-20T00:09:10-04:00
12117500,2016-06-10,469,A,13.280601051648,1147.4439308623873,2026-08-20T00:09:10-04:00
12117500,2016-06-11,415,A,11.751491335680001,1015.328851402752,2026-08-20T00:09:10-04:00
12117500,2016-06-12,365,A,10.335649006080001,893.00007412531204,2026-08-20T00:09:10-04:00
12117500,2016-06-13,348,A,9.854262614016001,851.40828985098244,2026-08-20T00:09:10-04:00
12117500,2016-06-14,356,A,10.080797386752,870.98089421537281,2026-08-20T00:09:10-04:00
12117500,2016-06-15,347,A,9.8259457674240007,848.96171430543359,2026-08-20T00:09:10-04:00
12117500,2016-06-16,344,A,9.7409952276479999,841.62198766878726,2026-08-20T00:09:10-04:00
12117500,2016-06-17,337,A,9.5427773015039996,824.49595884994562,2026-08-20T00:09:10-04:00
12117500,2016-06-18,347,A,9.8259457674240007,848.96171430543359,2026-08-20T00:09:10-04:00
12117500,2016-06-19,441,A,12.487729347072001,1078.9398155870208,2026-08-20T00:09:10-04:00
12117500,2016-06-20,439,A,12.431095653888001,1074.0466644959233,2026-08-20T00:09:10-04:00
12117500,2016-06-21,474,A,13.422185284608,1159.6768085901313,2026-08-20T00:09:10-04:00
12117500,2016-06-22,467,A,13.223967358464,1142.5507797712896,2026-08-20T00:09:10-04:00
12117500,2016-06-23,485,A,13.73367059712,1186.5891395911681,2026-08-20T00:09:10-04:00
12117500,2016-06-24,627,A,17.754662813184002,1534.0028670590978,2026-08-20T00:09:10-04:00
12117500,2016-06-25,518,A,14.668126534656,1267.3261325942785,2026-08-20T00:09:10-04:00
12117500,2016-06-26,440,A,12.459412500480001,1076.4932400414721,2026-08-20T00:09:10-04:00
12117500,2016-06-27,410,A,11.609907102720001,1003.0959736750081,2026-08-20T00:09:10-04:00
12117500,2016-06-28,390,A,11.043570170880001,954.16446276403201,2026-08-20T00:09:10-04:00
12117500,2016-06-29,399,A,11.298421790208,976.18364267397124,2026-08-20T00:09:10-04:00
12117500,2016-06-30,416,A,11.779808182272001,1017.7754269483008,2026-08-20T00:09:10-04:00
12117500,2016-07-01,384,A,10.873669091328001,939.48500949073923,2026-08-20T00:09:10-04:00
12117500,2016-07-02,356,A,10.080797386752,870.98089421537281,2026-08-20T00:09:10-04:00
12117500,2016-07-03,357,A,10.109114233344,873.42746976092167,2026-08-20T00:09:10-04:00
12117500,2016-07-04,353,A,9.9958468469760007,863.64116757872648,2026-08-20T00:09:10-04:00
12117500,2016-07-05,346,A,9.7976289208320004,846.51513875988485,2026-08-20T00:09:10-04:00
12117500,2016-07-06,334,A,9.4578267617280005,817.15623221329918,2026-08-20T00:09:10-04:00
12117500,2016-07-07,330,A,9.3445593753600011,807.36993003110399,2026-08-20T00:09:10-04:00
12117500,2016-07-08,337,A,9.5427773015039996,824.49595884994562,2026-08-20T00:09:10-04:00
12117500,2016-07-09,372,A,10.533866932224001,910.12610294415367,2026-08-20T00:09:10-04:00
12117500,2016-07-10,344,A,9.7409952276479999,841.62198766878726,2026-08-20T00:09:10-04:00
12117500,2016-07-11,336,A,9.5144604549120011,822.04938330439677,2026-08-20T00:09:10-04:00
12117500,2016-07-12,330,A,9.3445593753600011,807.36993003110399,2026-08-20T00:09:10-04:00
12117500,2016-07-13,338,A,9.5710941480959999,826.94253439549448,2026-08-20T00:09:10-04:00
12117500,2016-07-14,328,A,9.2879256821760006,802.4767789400064,2026-08-20T00:09:10-04:00
12117500,2016-07-15,322,A,9.1180246026240006,787.79732566671362,2026-08-20T00:09:10-04:00
12117500,2016-07-16,321,A,9.0897077560320003,785.35075012116488,2026-08-20T00:09:10-04:00
12117500,2016-07-17,317,A,8.9764403696640009,775.56444793896958,2026-08-20T00:09:10-04:00
12117500,2016-07-18,317,A,8.9764403696640009,775.56444793896958,2026-08-20T00:09:10-04:00
12117500,2016-07-19,316,A,8.9481235230720007,773.11787239342084,2026-08-20T00:09:10-04:00
12117500,2016-07-20,312,A,8.8348561367039995,763.33157021122565,2026-08-20T00:09:10-04:00
12117500,2016-07-21,309,A,8.7499055969280004,755.99184357457921,2026-08-20T00:09:10-04:00
12117500,2016-07-22,325,A,9.2029751423999997,795.13705230336006,2026-08-20T00:09:10-04:00
12117500,2016-07-23,326,A,9.231291988992,797.5836278489088,2026-08-20T00:09:10-04:00
12117500,2016-07-24,324,A,9.1746582958079994,792.69047675781121,2026-08-20T00:09:10-04:00
12117500,2016-07-25,322,A,9.1180246026240006,787.79732566671362,2026-08-20T00:09:10-04:00
12117500,2016-07-26,322,A,9.1180246026240006,787.79732566671362,2026-08-20T00:09:10-04:00
12117500,2016-07-27,318,A,9.0047572162559995,778.01102348451843,2026-08-20T00:09:10-04:00
12117500,2016-07-28,317,A,8.9764403696640009,775.56444793896958,2026-08-20T00:09:10-04:00
12117500,2016-07-29,314,A,8.8914898298880001,768.22472130232325,2026-08-20T00:09:10-04:00
12117500,2016-07-30,311,A,8.806539290112001,760.8849946656768,2026-08-20T00:09:10-04:00
12117500,2016-07-31,297,A,8.4101034378240005,726.63293702799365,2026-08-20T00:09:10-04:00
12117500,2016-08-01,295,A,8.3534697446399999,721.73978593689606,2026-08-20T00:09:10-04:00
12117500,2016-08-02,318,A,9.0047572162559995,778.01102348451843,2026-08-20T00:09:10-04:00
12117500,2016-08-03,318,A,9.0047572162559995,778.01102348451843,2026-08-20T00:09:10-04:00
12117500,2016-08-04,300,A,8.4950539775999996,733.97266366463998,2026-08-20T00:09:10-04:00
12117500,2016-08-05,295,A,8.3534697446399999,721.73978593689606,2026-08-20T00:09:10-04:00
12117500,2016-08-06,293,A,8.2968360514560011,716.84663484579846,2026-08-20T00:09:10-04:00
12117500,2016-08-07,293,A,8.2968360514560011,716.84663484579846,2026-08-20T00:09:10-04:00
12117500,2016-08-08,302,A,8.5516876707840002,738.86581475573757,2026-08-20T00:09:10-04:00
12117500,2016-08-09,294,A,8.3251528980479996,719.2932103913472,2026-08-20T00:09:10-04:00
12117500,2016-08-10,293,A,8.2968360514560011,716.84663484579846,2026-08-20T00:09:10-04:00
12117500,2016-08-11,291,A,8.2402023582720005,711.95348375470087,2026-08-20T00:09:10-04:00
12117500,2016-08-12,290,A,8.2118855116800002,709.50690820915202,2026-08-20T00:09:10-04:00
12117500,2016-08-13,292,A,8.2685192048640008,714.40005930024961,2026-08-20T00:09:10-04:00
12117500,2016-08-14,290,A,8.2118855116800002,709.50690820915202,2026-08-20T00:09:10-04:00
12117500,2016-08-15,289,A,8.183568665088,707.06033266360328,2026-08-20T00:09:10-04:00
12117500,2016-08-16,289,A,8.183568665088,707.06033266360328,2026-08-20T00:09:10-04:00
12117500,2016-08-17,286,A,8.0986181253120009,699.72060602695683,2026-08-20T00:09:10-04:00
12117500,2016-08-18,285,A,8.0703012787200006,697.27403048140798,2026-08-20T00:09:10-04:00
12117500,2016-08-19,285,A,8.0703012787200006,697.27403048140798,2026-08-20T00:09:10-04:00
12117500,2016-08-20,285,A,8.0703012787200006,697.27403048140798,2026-08-20T00:09:10-04:00
12117500,2016-08-21,282,A,7.9853507389440006,689.93430384476164,2026-08-20T00:09:10-04:00
12117500,2016-08-22,281,A,7.9570338923520003,687.48772829921279,2026-08-20T00:09:10-04:00
12117500,2016-08-23,278,A,7.8720833525760003,680.14800166256646,2026-08-20T00:09:10-04:00
12117500,2016-08-24,278,A,7.8720833525760003,680.14800166256646,2026-08-20T00:09:10-04:00
12117500,2016-08-25,278,A,7.8720833525760003,680.14800166256646,2026-08-20T00:09:10-04:00
12117500,2016-08-26,278,A,7.8720833525760003,680.14800166256646,2026-08-20T00:09:10-04:00
12117500,2016-08-27,278,A,7.8720833525760003,680.14800166256646,2026-08-20T00:09:10-04:00
12117500,2016-08-28,278,A,7.8720833525760003,680.14800166256646,2026-08-20T00:09:10-04:00
12117500,2016-08-29,278,A,7.8720833525760003,680.14800166256646,2026-08-20T00:09:10-04:00
12117500,2016-08-30,278,A,7.8720833525760003,680.14800166256646,2026-08-20T00:09:10-04:00
12117500,2016-08-31,278,A,7.8720833525760003,680.14800166256646,2026-08-20T00:09:10-04:00
12117500,2016-09-01,278,A,7.8720833525760003,680.14800166256646,2026-08-20T00:09:10-04:00
12117500,2016-09-02,286,A,8.0986181253120009,699.72060602695683,2026-08-20T00:09:10-04:00
12117500,2016-09-03,286,A,8.0986181253120009,699.72060602695683,2026-08-20T00:09:10-04:00
12117500,2016-09-04,278,A,7.8720833525760003,680.14800166256646,2026-08-20T00:09:10-04:00
12117500,2016-09-05,278,A,7.8720833525760003,680.14800166256646,2026-08-20T00:09:10-04:00
12117500,2016-09-06,288,A,8.1552518184959997,704.61375711805442,2026-08-20T00:09:10-04:00
12117500,2016-09-07,286,A,8.0986181253120009,699.72060602695683,2026-08-20T00:09:10-04:00
12117500,2016-09-08,281,A,7.9570338923520003,687.48772829921279,2026-08-20T00:09:10-04:00
12117500,2016-09-09,278,A,7.8720833525760003,680.14800166256646,2026-08-20T00:09:10-04:00
12117500,2016-09-10,276,A,7.8154496593920006,675.25485057146886,2026-08-20T00:09:10-04:00
12117500,2016-09-11,273,A,7.7304991196159998,667.91512393482242,2026-08-20T00:09:10-04:00
12117500,2016-09-12,272,A,7.7021822730240004,665.46854838927356,2026-08-20T00:09:10-04:00
12117500,2016-09-13,272,A,7.7021822730240004,665.46854838927356,2026-08-20T00:09:10-04:00
12117500,2016-09-14,270,A,7.6455485798399998,660.57539729817597,2026-08-20T00:09:10-04:00
12117500,2016-09-15,272,A,7.7021822730240004,665.46854838927356,2026-08-20T00:09:10-04:00
12117500,2016-09-16,285,A,8.0703012787200006,697.27403048140798,2026-08-20T00:09:10-04:00
12117500,2016-09-17,309,A,8.7499055969280004,755.99184357457921,2026-08-20T00:09:10-04:00
12117500,2016-09-18,333,A,9.4295099151360002,814.70965666775044,2026-08-20T00:09:10-04:00
12117500,2016-09-19,300,A,8.4950539775999996,733.97266366463998,2026-08-20T00:09:10-04:00
12117500,2016-09-20,297,A,8.4101034378240005,726.63293702799365,2026-08-20T00:09:10-04:00
12117500,2016-09-21,344,A,9.7409952276479999,841.62198766878726,2026-08-20T00:09:10-04:00
12117500,2016-09-22,348,A,9.854262614016001,851.40828985098244,2026-08-20T00:09:10-04:00
12117500,2016-09-23,377,A,10.675451165184001,922.3589806718976,2026-08-20T00:09:10-04:00
12117500,2016-09-24,377,A,10.675451165184001,922.3589806718976,2026-08-20T00:09:10-04:00
12117500,2016-09-25,377,A,10.675451165184001,922.3589806718976,2026-08-20T00:09:10-04:00
12117500,2016-09-26,378,A,10.703768011776001,924.80555621744645,2026-08-20T00:09:10-04:00
12117500,2016-09-27,492,A,13.931888523264,1203.7151684100097,2026-08-20T00:09:10-04:00
12117500,2016-09-28,448,A,12.685947273216,1096.0658444058624,2026-08-20T00:09:10-04:00
12117500,2016-09-29,378,A,10.703768011776001,924.80555621744645,2026-08-20T00:09:10-04:00
12117500,2016-09-30,362,A,10.250698466304,885.66034748866559,2026-08-20T00:09:10-04:00
12117500,2016-10-01,363,A,10.279015312896,888.10692303421445,2026-08-20T00:09:10-04:00
12117500,2016-10-02,361,A,10.222381619711999,883.21377194311685,2026-08-20T00:09:10-04:00
12117500,2016-10-03,359,A,10.165747926528001,878.32062085201926,2026-08-20T00:09:10-04:00
12117500,2016-10-04,364,A,10.307332159488,890.55349857976319,2026-08-20T00:09:10-04:00
12117500,2016-10-05,394,A,11.156837557248,963.9507649462272,2026-08-20T00:09:10-04:00
12117500,2016-10-06,411,A,11.638223949312,1005.5425492205568,2026-08-20T00:09:10-04:00
12117500,2016-10-07,485,A,13.73367059712,1186.5891395911681,2026-08-20T00:09:10-04:00
12117500,2016-10-08,476,A,13.478818977792001,1164.5699596812287,2026-08-20T00:09:10-04:00
12117500,2016-10-09,556,A,15.744166705152001,1360.2960033251329,2026-08-20T00:09:10-04:00
12117500,2016-10-10,533,A,15.092879233536001,1304.0247657775105,2026-08-20T00:09:10-04:00
12117500,2016-10-11,499,A,14.130106449408,1220.8411972288513,2026-08-20T00:09:10-04:00
12117500,2016-10-12,481,A,13.620403210752,1176.8028374089729,2026-08-20T00:09:10-04:00
12117500,2016-10-13,545,A,15.432681392640001,1333.3836723240961,2026-08-20T00:09:10-04:00
12117500,2016-10-14,715,A,20.246545313280002,1749.3015150673921,2026-08-20T00:09:10-04:00
12117500,2016-10-15,750,A,21.237634944,1834.9316591616,2026-08-20T00:09:10-04:00
12117500,2016-10-16,692,A,19.595257841664001,1693.0302775197697,2026-08-20T00:09:10-04:00
12117500,2016-10-17,704,A,19.935060000768001,1722.3891840663553,2026-08-20T00:09:10-04:00
12117500,2016-10-18,806,A,22.823378353152002,1971.9398897123328,2026-08-20T00:09:10-04:00
12117500,2016-10-19,867,A,24.550705995264,2121.1809979908098,2026-08-20T00:09:10-04:00
12117500,2016-10-20,1000,A,28.316846592000001,2446.5755455488002,2026-08-20T00:09:10-04:00
12117500,2016-10-21,922,A,26.108132557824,2255.7426529959935,2026-08-20T00:09:10-04:00
12117500,2016-10-22,1020,A,28.88318352384,2495.5070564597759,2026-08-20T00:09:10-04:00
12117500,2016-10-23,1210,A,34.263384376319998,2960.3564101140482,2026-08-20T00:09:10-04:00
12117500,2016-10-24,1200,A,33.980215910399998,2935.8906546585599,2026-08-20T00:09:10-04:00
12117500,2016-10-25,1180,A,33.41387897856,2886.9591437475842,2026-08-20T00:09:10-04:00
12117500,2016-10-26,1000,A,28.316846592000001,2446.5755455488002,2026-08-20T00:09:10-04:00
12117500,2016-10-27,1050,A,29.732688921600001,2568.9043228262399,2026-08-20T00:09:10-04:00
12117500,2016-10-28,981,A,27.778826506752001,2400.090610183373,2026-08-20T00:09:10-04:00
12117500,2016-10-29,918,A,25.994865171456002,2245.9563508137985,2026-08-20T00:09:10-04:00
12117500,2016-10-30,632,A,17.896247046144001,1546.2357447868417,2026-08-20T00:09:10-04:00
12117500,2016-10-31,535,A,15.14951292672,1308.917916868608,2026-08-20T00:09:10-04:00
12117500,2016-11-01,580,A,16.42377102336,1419.013816418304,2026-08-20T00:09:10-04:00
12117500,2016-11-02,819,A,23.191497358848,2003.7453718044674,2026-08-20T00:09:10-04:00
12117500,2016-11-03,1110,A,31.431699717120001,2715.6988555591679,2026-08-20T00:09:10-04:00
12117500,2016-11-04,1110,A,31.431699717120001,2715.6988555591679,2026-08-20T00:09:10-04:00
12117500,2016-11-05,1130,A,31.998036648959999,2764.6303664701441,2026-08-20T00:09:10-04:00
12117500,2016-11-06,1200,A,33.980215910399998,2935.8906546585599,2026-08-20T00:09:10-04:00
12117500,2016-11-07,1120,A,31.71486818304,2740.1646110146562,2026-08-20T00:09:10-04:00
12117500,2016-11-08,963,A,27.269123268095999,2356.0522503634943,2026-08-20T00:09:10-04:00
12117500,2016-11-09,948,A,26.844370569216,2319.3536171802625,2026-08-20T00:09:10-04:00
12117500,2016-11-10,922,A,26.108132557824,2255.7426529959935,2026-08-20T00:09:10-04:00
12117500,2016-11-11,904,A,25.598429319168002,2211.7042931761152,2026-08-20T00:09:10-04:00
12117500,2016-11-12,853,A,24.154270142975999,2086.9289403531266,2026-08-20T00:09:10-04:00
12117500,2016-11-13,681,A,19.283772529151999,1666.1179465187329,2026-08-20T00:09:10-04:00
12117500,2016-11-14,791,A,22.398625654271999,1935.2412565291008,2026-08-20T00:09:10-04:00
12117500,2016-11-15,787,A,22.285358267904002,1925.4549543469057,2026-08-20T00:09:10-04:00
12117500,2016-11-16,908,A,25.711696705535999,2221.4905953583107,2026-08-20T00:09:10-04:00
12117500,2016-11-17,1230,A,34.829721308160003,3009.2879210250239,2026-08-20T00:09:10-04:00
12117500,2016-11-18,1200,A,33.980215910399998,2935.8906546585599,2026-08-20T00:09:10-04:00
12117500,2016-11-19,1230,A,34.829721308160003,3009.2879210250239,2026-08-20T00:09:10-04:00
12117500,2016-11-20,1240,A,35.112889774080003,3033.7536764805122,2026-08-20T00:09:10-04:00
12117500,2016-11-21,1240,A,35.112889774080003,3033.7536764805122,2026-08-20T00:09:10-04:00
12117500,2016-11-22,1190,A,33.697047444479999,2911.4248992030721,2026-08-20T00:09:10-04:00
12117500,2016-11-23,982,A,27.807143353343999,2402.5371857289215,2026-08-20T00:09:10-04:00
12117500,2016-11-24,925,A,26.193083097600002,2263.0823796326399,2026-08-20T00:09:10-04:00
12117500,2016-11-25,932,A,26.391301023743999,2280.2084084514818,2026-08-20T00:09:10-04:00
12117500,2016-11-26,872,A,24.692290228224,2133.4138757185538,2026-08-20T00:09:10-04:00
12117500,2016-11-27,878,A,24.862191307776001,2148.0933289918466,2026-08-20T00:09:10-04:00
12117500,2016-11-28,872,A,24.692290228224,2133.4138757185538,2026-08-20T00:09:10-04:00
12117500,2016-11-29,723,A,20.473080086016001,1768.8741194317824,2026-08-20T00:09:10-04:00
12117500,2016-11-30,587,A,16.621988949504001,1436.1398452371457,2026-08-20T00:09:10-04:00
12117500,2016-12-01,602,A,17.046741648384,1472.8384784203777,2026-08-20T00:09:10-04:00
12117500,2016-12-02,743,A,21.039417017856,1817.8056303427584,2026-08-20T00:09:10-04:00
12117500,2016-12-03,1080,A,30.582194319359999,2642.3015891927039,2026-08-20T00:09:10-04:00
12117500,2016-12-04,1420,A,40.209922160639998,3474.1372746792963,2026-08-20T00:09:10-04:00
12117500,2016-12-05,1540,A,43.607943751680004,3767.7263401451523,2026-08-20T00:09:10-04:00
12117500,2016-12-06,1480,A,41.908932956160001,3620.9318074122243,2026-08-20T00:09:10-04:00
12117500,2016-12-07,1250,A,35.396058240000002,3058.2194319360001,2026-08-20T00:09:10-04:00
12117500,2016-12-08,967,A,27.382390654464,2365.8385525456897,2026-08-20T00:09:10-04:00
12117500,2016-12-09,825,A,23.361398438400002,2018.42482507776,2026-08-20T00:09:10-04:00
12117500,2016-12-10,591,A,16.735256335872002,1445.9261474193409,2026-08-20T00:09:10-04:00
12117500,2016-12-11,569,A,16.112285710847999,1392.1014854172672,2026-08-20T00:09:10-04:00
12117500,2016-12-12,566,A,16.027335171072,1384.7617587806208,2026-08-20T00:09:10-04:00
12117500,2016-12-13,541,A,15.319414006272,1323.5973701419009,2026-08-20T00:09:10-04:00
12117500,2016-12-14,480,A,13.59208636416,1174.3562618634242,2026-08-20T00:09:10-04:00
12117500,2016-12-15,464,A,13.139016818688001,1135.2110531346432,2026-08-20T00:09:10-04:00
12117500,2016-12-16,461,A,13.054066278912,1127.8713264979967,2026-08-20T00:09:10-04:00
12117500,2016-12-17,477,A,13.507135824384001,1167.0165352267777,2026-08-20T00:09:10-04:00
12117500,2016-12-18,472,A,13.365551591424,1154.7836574990336,2026-08-20T00:09:10-04:00
12117500,2016-12-19,488,A,13.818621136896001,1193.9288662278145,2026-08-20T00:09:10-04:00
12117500,2016-12-20,567,A,16.055652017664002,1387.2083343261697,2026-08-20T00:09:10-04:00
12117500,2016-12-21,531,A,15.036245540352001,1299.1316146864128,2026-08-20T00:09:10-04:00
12117500,2016-12-22,513,A,14.526542301696001,1255.0932548665344,2026-08-20T00:09:10-04:00
12117500,2016-12-23,521,A,14.753077074432001,1274.6658592309248,2026-08-20T00:09:10-04:00
12117500,2016-12-24,507,A,14.356641222144001,1240.4138015932417,2026-08-20T00:09:10-04:00
12117500,2016-12-25,489,A,13.846937983488001,1196.3754417733633,2026-08-20T00:09:10-04:00
12117500,2016-12-26,483,A,13.677036903936001,1181.6959885000704,2026-08-20T00:09:10-04:00
12117500,2016-12-27,525,A,14.866344460800001,1284.4521614131199,2026-08-20T00:09:10-04:00
12117500,2016-12-28,501,A,14.186740142592001,1225.7343483199488,2026-08-20T00:09:10-04:00
12117500,2016-12-29,508,A,14.384958068736001,1242.8603771387905,2026-08-20T00:09:10-04:00
12117500,2016-12-30,613,A,17.358226960896001,1499.7508094214145,2026-08-20T00:09:10-04:00
12117500,2016-12-31,554,A,15.687533011968,1355.4028522340352,2026-08-20T00:09:10-04:00
12117500,2017-01-01,536,A,15.177829773312,1311.3644924141568,2026-08-20T00:09:10-04:00
12117500,2017-01-02,511,A,14.469908608512,1250.2001037754369,2026-08-20T00:09:10-04:00
12117500,2017-01-03,493,A,13.960205369856,1206.1617439555584,2026-08-20T00:09:10-04:00
12117500,2017-01-04,483,A,13.677036903936001,1181.6959885000704,2026-08-20T00:09:10-04:00
12117500,2017-01-05,473,A,13.393868438016,1157.2302330445825,2026-08-20T00:09:10-04:00
12117500,2017-01-06,466,A,13.195650511872,1140.1042042257409,2026-08-20T00:09:10-04:00
12117500,2017-01-07,459,A,12.997432585728001,1122.9781754068993,2026-08-20T00:09:10-04:00
12117500,2017-01-08,463,A,13.110699972096,1132.7644775890944,2026-08-20T00:09:10-04:00
12117500,2017-01-09,471,A,13.337234744832001,1152.3370819534848,2026-08-20T00:09:10-04:00
12117500,2017-01-10,474,A,13.422185284608,1159.6768085901313,2026-08-20T00:09:10-04:00
12117500,2017-01-11,484,A,13.705353750528001,1184.1425640456193,2026-08-20T00:09:10-04:00
12117500,2017-01-12,485,A,13.73367059712,1186.5891395911681,2026-08-20T00:09:10-04:00
12117500,2017-01-13,494,A,13.988522216448001,1208.6083195011072,2026-08-20T00:09:10-04:00
12117500,2017-01-14,491,A,13.903571676672,1201.2685928644607,2026-08-20T00:09:10-04:00
12117500,2017-01-15,488,A,13.818621136896001,1193.9288662278145,2026-08-20T00:09:10-04:00
12117500,2017-01-16,491,A,13.903571676672,1201.2685928644607,2026-08-20T00:09:10-04:00
12117500,2017-01-17,530,A,15.00792869376,1296.6850391408641,2026-08-20T00:09:10-04:00
12117500,2017-01-18,751,A,21.265951790592002,1837.3782347071487,2026-08-20T00:09:10-04:00
12117500,2017-01-19,609,A,17.244959574528,1489.9645072392193,2026-08-20T00:09:10-04:00
12117500,2017-01-20,526,A,14.894661307392001,1286.8987369586689,2026-08-20T00:09:10-04:00
12117500,2017-01-21,496,A,14.045155909632001,1213.5014705922049,2026-08-20T00:09:10-04:00
12117500,2017-01-22,482,A,13.648720057344001,1179.2494129545216,2026-08-20T00:09:10-04:00
12117500,2017-01-23,470,A,13.308917898240001,1149.8905064079361,2026-08-20T00:09:10-04:00
12117500,2017-01-24,468,A,13.252284205056,1144.9973553168384,2026-08-20T00:09:10-04:00
12117500,2017-01-25,458,A,12.969115739136001,1120.5315998613505,2026-08-20T00:09:10-04:00
12117500,2017-01-26,455,A,12.88416519936,1113.1918732247041,2026-08-20T00:09:10-04:00
12117500,2017-01-27,454,A,12.855848352768,1110.7452976791553,2026-08-20T00:09:10-04:00
12117500,2017-01-28,476,A,13.478818977792001,1164.5699596812287,2026-08-20T00:09:10-04:00
12117500,2017-01-29,494,A,13.988522216448001,1208.6083195011072,2026-08-20T00:09:10-04:00
12117500,2017-01-30,513,A,14.526542301696001,1255.0932548665344,2026-08-20T00:09:10-04:00
12117500,2017-01-31,504,A,14.271690682368,1233.0740749565953,2026-08-20T00:09:10-04:00
12117500,2017-02-01,500,A,14.158423296,1223.2877727744001,2026-08-20T00:09:10-04:00
12117500,2017-02-02,503,A,14.243373835776,1230.6274994110465,2026-08-20T00:09:10-04:00
12117500,2017-02-03,508,A,14.384958068736001,1242.8603771387905,2026-08-20T00:09:10-04:00
12117500,2017-02-04,569,A,16.112285710847999,1392.1014854172672,2026-08-20T00:09:10-04:00
12117500,2017-02-05,611,A,17.301593267712001,1494.8576583303168,2026-08-20T00:09:10-04:00
12117500,2017-02-06,557,A,15.772483551744001,1362.7425788706817,2026-08-20T00:09:10-04:00
12117500,2017-02-07,514,A,14.554859148288001,1257.5398304120833,2026-08-20T00:09:10-04:00
12117500,2017-02-08,508,A,14.384958068736001,1242.8603771387905,2026-08-20T00:09:10-04:00
12117500,2017-02-09,961,A,27.212489574912002,2351.1590992723968,2026-08-20T00:09:10-04:00
12117500,2017-02-10,1020,A,28.88318352384,2495.5070564597759,2026-08-20T00:09:10-04:00
12117500,2017-02-11,776,A,21.973872955392,1898.5426233458688,2026-08-20T00:09:10-04:00
12117500,2017-02-12,680,A,19.255455682560001,1663.6713709731841,2026-08-20T00:09:10-04:00
12117500,2017-02-13,628,A,17.782979659776,1536.4494426046465,2026-08-20T00:09:10-04:00
12117500,2017-02-14,604,A,17.103375341568,1477.7316295114751,2026-08-20T00:09:10-04:00
12117500,2017-02-15,715,A,20.246545313280002,1749.3015150673921,2026-08-20T00:09:10-04:00
12117500,2017-02-16,1050,A,29.732688921600001,2568.9043228262399,2026-08-20T00:09:10-04:00
12117500,2017-02-17,889,A,25.173676620287999,2175.0056599928835,2026-08-20T00:09:10-04:00
12117500,2017-02-18,897,A,25.400211393024001,2194.5782643572738,2026-08-20T00:09:10-04:00
12117500,2017-02-19,1080,A,30.582194319359999,2642.3015891927039,2026-08-20T00:09:10-04:00
12117500,2017-02-20,1240,A,35.112889774080003,3033.7536764805122,2026-08-20T00:09:10-04:00
12117500,2017-02-21,1220,A,34.546552842240004,2984.8221655695361,2026-08-20T00:09:10-04:00
12117500,2017-02-22,1200,A,33.980215910399998,2935.8906546585599,2026-08-20T00:09:10-04:00
12117500,2017-02-23,1160,A,32.847542046720001,2838.0276328366081,2026-08-20T00:09:10-04:00
12117500,2017-02-24,886,A,25.088726080512,2167.665933356237,2026-08-20T00:09:10-04:00
12117500,2017-02-25,790,A,22.370308807680001,1932.7946809835521,2026-08-20T00:09:10-04:00
12117500,2017-02-26,785,A,22.228724574720001,1920.5618032558082,2026-08-20T00:09:10-04:00
12117500,2017-02-27,775,A,21.945556108800002,1896.0960478003201,2026-08-20T00:09:10-04:00
12117500,2017-02-28,763,A,21.605753949696002,1866.7371412537345,2026-08-20T00:09:10-04:00
12117500,2017-03-01,767,A,21.719021336063999,1876.5234434359297,2026-08-20T00:09:10-04:00
12117500,2017-03-02,764,A,21.634070796288,1869.1837167992833,2026-08-20T00:09:10-04:00
12117500,2017-03-03,785,A,22.228724574720001,1920.5618032558082,2026-08-20T00:09:10-04:00
12117500,2017-03-04,836,A,23.672883750912,2045.3371560787969,2026-08-20T00:09:10-04:00
12117500,2017-03-05,808,A,22.880012046336002,1976.8330408034305,2026-08-20T00:09:10-04:00
12117500,2017-03-06,796,A,22.540209887231999,1947.4741342568448,2026-08-20T00:09:10-04:00
12117500,2017-03-07,799,A,22.625160427008002,1954.8138608934912,2026-08-20T00:09:10-04:00
12117500,2017-03-08,804,A,22.766744659968001,1967.0467386212354,2026-08-20T00:09:10-04:00
12117500,2017-03-09,830,A,23.502982671360002,2030.657702805504,2026-08-20T00:09:10-04:00
12117500,2017-03-10,1100,A,31.148531251200001,2691.23310010368,2026-08-20T00:09:10-04:00
12117500,2017-03-11,1040,A,29.449520455680002,2544.438567370752,2026-08-20T00:09:10-04:00
12117500,2017-03-12,1190,A,33.697047444479999,2911.4248992030721,2026-08-20T00:09:10-04:00
12117500,2017-03-13,1500,A,42.475269888,3669.8633183232,2026-08-20T00:09:10-04:00
12117500,2017-03-14,1490,A,42.19210142208,3645.3975628677122,2026-08-20T00:09:10-04:00
12117500,2017-03-15,1430,A,40.493090626560004,3498.6030301347841,2026-08-20T00:09:10-04:00
12117500,2017-03-16,1260,A,35.679226705920001,3082.6851873914879,2026-08-20T00:09:10-04:00
12117500,2017-03-17,1480,A,41.908932956160001,3620.9318074122243,2026-08-20T00:09:10-04:00
12117500,2017-03-18,1300,A,36.811900569599999,3180.5482092134403,2026-08-20T00:09:10-04:00
12117500,2017-03-19,1640,A,46.439628410880005,4012.3838947000322,2026-08-20T00:09:10-04:00
12117500,2017-03-20,1660,A,47.005965342720003,4061.3154056110079,2026-08-20T00:09:10-04:00
12117500,2017-03-21,1550,A,43.891112217600003,3792.1920956006402,2026-08-20T00:09:10-04:00
12117500,2017-03-22,1460,A,41.342596024320002,3572.0002965012482,2026-08-20T00:09:10-04:00
12117500,2017-03-23,1530,A,43.324775285759998,3743.260584689664,2026-08-20T00:09:10-04:00
12117500,2017-03-24,1500,A,42.475269888,3669.8633183232,2026-08-20T00:09:10-04:00
12117500,2017-03-25,1500,A,42.475269888,3669.8633183232,2026-08-20T00:09:10-04:00
12117500,2017-03-26,1480,A,41.908932956160001,3620.9318074122243,2026-08-20T00:09:10-04:00
12117500,2017-03-27,1530,A,43.324775285759998,3743.260584689664,2026-08-20T00:09:10-04:00
12117500,2017-03-28,1540,A,43.607943751680004,3767.7263401451523,2026-08-20T00:09:10-04:00
12117500,2017-03-29,1620,A,45.873291479039999,3963.4523837890561,2026-08-20T00:09:10-04:00
12117500,2017-03-30,1460,A,41.342596024320002,3572.0002965012482,2026-08-20T00:09:10-04:00
12117500,2017-03-31,1590,A,45.023786081280001,3890.055117422592,2026-08-20T00:09:10-04:00
12117500,2017-04-01,1540,A,43.607943751680004,3767.7263401451523,2026-08-20T00:09:10-04:00
12117500,2017-04-02,1610,A,45.590123013119999,3938.9866283335682,2026-08-20T00:09:10-04:00
12117500,2017-04-03,1670,A,47.289133808640003,4085.7811610664962,2026-08-20T00:09:10-04:00
12117500,2017-04-04,1580,A,44.740617615360001,3865.5893619671042,2026-08-20T00:09:10-04:00
12117500,2017-04-05,1570,A,44.457449149440002,3841.1236065116163,2026-08-20T00:09:10-04:00
12117500,2017-04-06,1560,A,44.174280683520003,3816.657851056128,2026-08-20T00:09:10-04:00
12117500,2017-04-07,1550,A,43.891112217600003,3792.1920956006402,2026-08-20T00:09:10-04:00
12117500,2017-04-08,1530,A,43.324775285759998,3743.260584689664,2026-08-20T00:09:10-04:00
12117500,2017-04-09,1520,A,43.041606819839998,3718.7948292341762,2026-08-20T00:09:10-04:00
12117500,2017-04-10,1340,A,37.944574433280003,3278.4112310353921,2026-08-20T00:09:10-04:00
12117500,2017-04-11,1220,A,34.546552842240004,2984.8221655695361,2026-08-20T00:09:10-04:00
12117500,2017-04-12,1010,A,28.60001505792,2471.041301004288,2026-08-20T00:09:10-04:00
12117500,2017-04-13,967,A,27.382390654464,2365.8385525456897,2026-08-20T00:09:10-04:00
12117500,2017-04-14,939,A,26.589518949887999,2297.3344372703232,2026-08-20T00:09:10-04:00
12117500,2017-04-15,920,A,26.051498864639999,2250.849501904896,2026-08-20T00:09:10-04:00
12117500,2017-04-16,892,A,25.258627160064002,2182.3453866295295,2026-08-20T00:09:10-04:00
12117500,2017-04-17,878,A,24.862191307776001,2148.0933289918466,2026-08-20T00:09:10-04:00
12117500,2017-04-18,906,A,25.655063012352002,2216.5974442672127,2026-08-20T00:09:10-04:00
12117500,2017-04-19,897,A,25.400211393024001,2194.5782643572738,2026-08-20T00:09:10-04:00
12117500,2017-04-20,942,A,26.674469489664002,2304.6741639069696,2026-08-20T00:09:10-04:00
12117500,2017-04-21,926,A,26.221399944192001,2265.5289551781889,2026-08-20T00:09:10-04:00
12117500,2017-04-22,916,A,25.938231478272002,2241.063199722701,2026-08-20T00:09:10-04:00
12117500,2017-04-23,923,A,26.136449404416002,2258.1892285415424,2026-08-20T00:09:10-04:00
12117500,2017-04-24,959,A,27.155855881728002,2346.2659481812993,2026-08-20T00:09:10-04:00
12117500,2017-04-25,1010,A,28.60001505792,2471.041301004288,2026-08-20T00:09:10-04:00
12117500,2017-04-26,1030,A,29.166351989760003,2519.9728119152642,2026-08-20T00:09:10-04:00
12117500,2017-04-27,1010,A,28.60001505792,2471.041301004288,2026-08-20T00:09:10-04:00
12117500,2017-04-28,996,A,28.203579205632,2436.7892433666048,2026-08-20T00:09:10-04:00
12117500,2017-04-29,977,A,27.665559120384,2390.3043080011776,2026-08-20T00:09:10-04:00
12117500,2017-04-30,984,A,27.863777046528,2407.4303368200194,2026-08-20T00:09:10-04:00
12117500,2017-05-01,1010,A,28.60001505792,2471.041301004288,2026-08-20T00:09:10-04:00
12117500,2017-05-02,986,A,27.920410739712,2412.3234879111169,2026-08-20T00:09:10-04:00
12117500,2017-05-03,992,A,28.090311819264002,2427.0029411844098,2026-08-20T00:09:10-04:00
12117500,2017-05-04,1030,A,29.166351989760003,2519.9728119152642,2026-08-20T00:09:10-04:00
12117500,2017-05-05,1260,A,35.679226705920001,3082.6851873914879,2026-08-20T00:09:10-04:00
12117500,2017-05-06,1490,A,42.19210142208,3645.3975628677122,2026-08-20T00:09:10-04:00
12117500,2017-05-07,1460,A,41.342596024320002,3572.0002965012482,2026-08-20T00:09:10-04:00
12117500,2017-05-08,1440,A,40.776259092480004,3523.068785590272,2026-08-20T00:09:10-04:00
12117500,2017-05-09,1340,A,37.944574433280003,3278.4112310353921,2026-08-20T00:09:10-04:00
12117500,2017-05-10,1170,A,33.13071051264,2862.4933882920959,2026-08-20T00:09:10-04:00
12117500,2017-05-11,1170,A,33.13071051264,2862.4933882920959,2026-08-20T00:09:10-04:00
12117500,2017-05-12,1180,A,33.41387897856,2886.9591437475842,2026-08-20T00:09:10-04:00
12117500,2017-05-13,1170,A,33.13071051264,2862.4933882920959,2026-08-20T00:09:10-04:00
12117500,2017-05-14,1100,A,31.148531251200001,2691.23310010368,2026-08-20T00:09:10-04:00
12117500,2017-05-15,971,A,27.495658040832001,2375.6248547278847,2026-08-20T00:09:10-04:00
12117500,2017-05-16,1120,A,31.71486818304,2740.1646110146562,2026-08-20T00:09:10-04:00
12117500,2017-05-17,1150,A,32.564373580800002,2813.5618773811202,2026-08-20T00:09:10-04:00
12117500,2017-05-18,1130,A,31.998036648959999,2764.6303664701441,2026-08-20T00:09:10-04:00
12117500,2017-05-19,1230,A,34.829721308160003,3009.2879210250239,2026-08-20T00:09:10-04:00
12117500,2017-05-20,1140,A,32.281205114880002,2789.0961219256319,2026-08-20T00:09:10-04:00
12117500,2017-05-21,1110,A,31.431699717120001,2715.6988555591679,2026-08-20T00:09:10-04:00
12117500,2017-05-22,1130,A,31.998036648959999,2764.6303664701441,2026-08-20T00:09:10-04:00
12117500,2017-05-23,1130,A,31.998036648959999,2764.6303664701441,2026-08-20T00:09:10-04:00
12117500,2017-05-24,1110,A,31.431699717120001,2715.6988555591679,2026-08-20T00:09:10-04:00
12117500,2017-05-25,1080,A,30.582194319359999,2642.3015891927039,2026-08-20T00:09:10-04:00
12117500,2017-05-26,1050,A,29.732688921600001,2568.9043228262399,2026-08-20T00:09:10-04:00
12117500,2017-05-27,891,A,25.230310313472,2179.8988110839809,2026-08-20T00:09:10-04:00
12117500,2017-05-28,839,A,23.757834290687999,2052.6768827154433,2026-08-20T00:09:10-04:00
12117500,2017-05-29,828,A,23.446348978176001,2025.7645517144065,2026-08-20T00:09:10-04:00
12117500,2017-05-30,860,A,24.35248806912,2104.054969171968,2026-08-20T00:09:10-04:00
12117500,2017-05-31,1200,A,33.980215910399998,2935.8906546585599,2026-08-20T00:09:10-04:00
12117500,2017-06-01,1200,A,33.980215910399998,2935.8906546585599,2026-08-20T00:09:10-04:00
12117500,2017-06-02,910,A,25.76833039872,2226.3837464494081,2026-08-20T00:09:10-04:00
12117500,2017-06-03,773,A,21.888922415616001,1891.2028967092224,2026-08-20T00:09:10-04:00
12117500,2017-06-04,664,A,18.802386137088,1624.5261622444032,2026-08-20T00:09:10-04:00
12117500,2017-06-05,620,A,17.556444887040001,1516.8768382402561,2026-08-20T00:09:10-04:00
12117500,2017-06-06,582,A,16.480404716544001,1423.9069675094017,2026-08-20T00:09:10-04:00
12117500,2017-06-07,523,A,14.809710767616,1279.5590103220225,2026-08-20T00:09:10-04:00
12117500,2017-06-08,514,A,14.554859148288001,1257.5398304120833,2026-08-20T00:09:10-04:00
12117500,2017-06-09,511,A,14.469908608512,1250.2001037754369,2026-08-20T00:09:10-04:00
12117500,2017-06-10,497,A,14.073472756224,1215.9480461377536,2026-08-20T00:09:10-04:00
12117500,2017-06-11,483,A,13.677036903936001,1181.6959885000704,2026-08-20T00:09:10-04:00
12117500,2017-06-12,475,A,13.4505021312,1162.12338413568,2026-08-20T00:09:10-04:00
12117500,2017-06-13,473,A,13.393868438016,1157.2302330445825,2026-08-20T00:09:10-04:00
12117500,2017-06-14,469,A,13.280601051648,1147.4439308623873,2026-08-20T00:09:10-04:00
12117500,2017-06-15,501,A,14.186740142592001,1225.7343483199488,2026-08-20T00:09:10-04:00
12117500,2017-06-16,660,A,18.689118750720002,1614.739860062208,2026-08-20T00:09:10-04:00
12117500,2017-06-17,576,A,16.310503636991999,1409.2275142361088,2026-08-20T00:09:10-04:00
12117500,2017-06-18,552,A,15.630899318784001,1350.5097011429377,2026-08-20T00:09:10-04:00
12117500,2017-06-19,553,A,15.659216165376,1352.9562766884865,2026-08-20T00:09:10-04:00
12117500,2017-06-20,689,A,19.510307301888002,1685.6905508831233,2026-08-20T00:09:10-04:00
12117500,2017-06-21,739,A,20.926149631488002,1808.0193281605632,2026-08-20T00:09:10-04:00
12117500,2017-06-22,727,A,20.586347472384002,1778.6604216139776,2026-08-20T00:09:10-04:00
12117500,2017-06-23,600,A,16.990107955199999,1467.94532732928,2026-08-20T00:09:10-04:00
12117500,2017-06-24,495,A,14.016839063040001,1211.0548950466559,2026-08-20T00:09:10-04:00
12117500,2017-06-25,481,A,13.620403210752,1176.8028374089729,2026-08-20T00:09:10-04:00
12117500,2017-06-26,476,A,13.478818977792001,1164.5699596812287,2026-08-20T00:09:10-04:00
12117500,2017-06-27,473,A,13.393868438016,1157.2302330445825,2026-08-20T00:09:10-04:00
12117500,2017-06-28,469,A,13.280601051648,1147.4439308623873,2026-08-20T00:09:10-04:00
12117500,2017-06-29,464,A,13.139016818688001,1135.2110531346432,2026-08-20T00:09:10-04:00
12117500,2017-06-30,473,A,13.393868438016,1157.2302330445825,2026-08-20T00:09:10-04:00
12117500,2017-07-01,473,A,13.393868438016,1157.2302330445825,2026-08-20T00:09:10-04:00
12117500,2017-07-02,456,A,12.912482045952,1115.6384487702528,2026-08-20T00:09:10-04:00
12117500,2017-07-03,455,A,12.88416519936,1113.1918732247041,2026-08-20T00:09:10-04:00
12117500,2017-07-04,448,A,12.685947273216,1096.0658444058624,2026-08-20T00:09:10-04:00
12117500,2017-07-05,442,A,12.516046193664,1081.3863911325695,2026-08-20T00:09:10-04:00
12117500,2017-07-06,435,A,12.317828267519999,1064.2603623137281,2026-08-20T00:09:10-04:00
12117500,2017-07-07,433,A,12.261194574336001,1059.3672112226304,2026-08-20T00:09:10-04:00
12117500,2017-07-08,429,A,12.147927187968,1049.5809090404352,2026-08-20T00:09:10-04:00
12117500,2017-07-09,425,A,12.0346598016,1039.7946068582401,2026-08-20T00:09:10-04:00
12117500,2017-07-10,423,A,11.978026108416,1034.9014557671424,2026-08-20T00:09:10-04:00
12117500,2017-07-11,419,A,11.864758722048,1025.1151535849472,2026-08-20T00:09:10-04:00
12117500,2017-07-12,415,A,11.751491335680001,1015.328851402752,2026-08-20T00:09:10-04:00
12117500,2017-07-13,414,A,11.723174489088001,1012.8822758572032,2026-08-20T00:09:10-04:00
12117500,2017-07-14,411,A,11.638223949312,1005.5425492205568,2026-08-20T00:09:10-04:00
12117500,2017-07-15,407,A,11.524956562944,995.75624703836161,2026-08-20T00:09:10-04:00
12117500,2017-07-16,406,A,11.496639716352,993.30967149281287,2026-08-20T00:09:10-04:00
12117500,2017-07-17,407,A,11.524956562944,995.75624703836161,2026-08-20T00:09:10-04:00
12117500,2017-07-18,402,A,11.383372329984001,983.52336931061768,2026-08-20T00:09:10-04:00
12117500,2017-07-19,380,A,10.76040170496,929.69870730854404,2026-08-20T00:09:10-04:00
12117500,2017-07-20,380,A,10.76040170496,929.69870730854404,2026-08-20T00:09:10-04:00
12117500,2017-07-21,376,A,10.647134318592,919.91240512634886,2026-08-20T00:09:10-04:00
12117500,2017-07-22,373,A,10.562183778816001,912.57267848970241,2026-08-20T00:09:10-04:00
12117500,2017-07-23,373,A,10.562183778816001,912.57267848970241,2026-08-20T00:09:10-04:00
12117500,2017-07-24,364,A,10.307332159488,890.55349857976319,2026-08-20T00:09:10-04:00
12117500,2017-07-25,341,A,9.6560446878720008,834.28226103214081,2026-08-20T00:09:10-04:00
12117500,2017-07-26,339,A,9.5994109946880002,829.38910994104322,2026-08-20T00:09:10-04:00
12117500,2017-07-27,338,A,9.5710941480959999,826.94253439549448,2026-08-20T00:09:10-04:00
12117500,2017-07-28,334,A,9.4578267617280005,817.15623221329918,2026-08-20T00:09:10-04:00
12117500,2017-07-29,330,A,9.3445593753600011,807.36993003110399,2026-08-20T00:09:10-04:00
12117500,2017-07-30,330,A,9.3445593753600011,807.36993003110399,2026-08-20T00:09:10-04:00
12117500,2017-07-31,326,A,9.231291988992,797.5836278489088,2026-08-20T00:09:10-04:00
12117500,2017-08-01,325,A,9.2029751423999997,795.13705230336006,2026-08-20T00:09:10-04:00
12117500,2017-08-02,322,A,9.1180246026240006,787.79732566671362,2026-08-20T00:09:10-04:00
12117500,2017-08-03,322,A,9.1180246026240006,787.79732566671362,2026-08-20T00:09:10-04:00
12117500,2017-08-04,321,A,9.0897077560320003,785.35075012116488,2026-08-20T00:09:10-04:00
12117500,2017-08-05,318,A,9.0047572162559995,778.01102348451843,2026-08-20T00:09:10-04:00
12117500,2017-08-06,317,A,8.9764403696640009,775.56444793896958,2026-08-20T00:09:10-04:00
12117500,2017-08-07,314,A,8.8914898298880001,768.22472130232325,2026-08-20T00:09:10-04:00
12117500,2017-08-08,313,A,8.8631729832959998,765.77814575677439,2026-08-20T00:09:10-04:00
12117500,2017-08-09,310,A,8.7782224435200007,758.43841912012806,2026-08-20T00:09:10-04:00
12117500,2017-08-10,309,A,8.7499055969280004,755.99184357457921,2026-08-20T00:09:10-04:00
12117500,2017-08-11,307,A,8.6932719037439998,751.09869248348161,2026-08-20T00:09:10-04:00
12117500,2017-08-12,307,A,8.6932719037439998,751.09869248348161,2026-08-20T00:09:10-04:00
12117500,2017-08-13,307,A,8.6932719037439998,751.09869248348161,2026-08-20T00:09:10-04:00
12117500,2017-08-14,307,A,8.6932719037439998,751.09869248348161,2026-08-20T00:09:10-04:00
12117500,2017-08-15,306,A,8.6649550571519995,748.65211693793287,2026-08-20T00:09:10-04:00
12117500,2017-08-16,303,A,8.5800045173760005,741.31239030128643,2026-08-20T00:09:10-04:00
12117500,2017-08-17,300,A,8.4950539775999996,733.97266366463998,2026-08-20T00:09:10-04:00
12117500,2017-08-18,300,A,8.4950539775999996,733.97266366463998,2026-08-20T00:09:10-04:00
12117500,2017-08-19,299,A,8.4667371310080011,731.52608811909124,2026-08-20T00:09:10-04:00
12117500,2017-08-20,296,A,8.3817865912320002,724.1863614824448,2026-08-20T00:09:10-04:00
12117500,2017-08-21,296,A,8.3817865912320002,724.1863614824448,2026-08-20T00:09:10-04:00
12117500,2017-08-22,294,A,8.3251528980479996,719.2932103913472,2026-08-20T00:09:10-04:00
12117500,2017-08-23,293,A,8.2968360514560011,716.84663484579846,2026-08-20T00:09:10-04:00
12117500,2017-08-24,293,A,8.2968360514560011,716.84663484579846,2026-08-20T00:09:10-04:00
12117500,2017-08-25,293,A,8.2968360514560011,716.84663484579846,2026-08-20T00:09:10-04:00
12117500,2017-08-26,291,A,8.2402023582720005,711.95348375470087,2026-08-20T00:09:10-04:00
12117500,2017-08-27,289,A,8.183568665088,707.06033266360328,2026-08-20T00:09:10-04:00
12117500,2017-08-28,288,A,8.1552518184959997,704.61375711805442,2026-08-20T00:09:10-04:00
12117500,2017-08-29,285,A,8.0703012787200006,697.27403048140798,2026-08-20T00:09:10-04:00
12117500,2017-08-30,285,A,8.0703012787200006,697.27403048140798,2026-08-20T00:09:10-04:00
12117500,2017-08-31,285,A,8.0703012787200006,697.27403048140798,2026-08-20T00:09:10-04:00
12117500,2017-09-01,284,A,8.0419844321280003,694.82745493585924,2026-08-20T00:09:10-04:00
12117500,2017-09-02,282,A,7.9853507389440006,689.93430384476164,2026-08-20T00:09:10-04:00
12117500,2017-09-03,280,A,7.92871704576,685.04115275366405,2026-08-20T00:09:10-04:00
12117500,2017-09-04,278,A,7.8720833525760003,680.14800166256646,2026-08-20T00:09:10-04:00
12117500,2017-09-05,278,A,7.8720833525760003,680.14800166256646,2026-08-20T00:09:10-04:00
12117500,2017-09-06,278,A,7.8720833525760003,680.14800166256646,2026-08-20T00:09:10-04:00
12117500,2017-09-07,278,A,7.8720833525760003,680.14800166256646,2026-08-20T00:09:10-04:00
12117500,2017-09-08,276,A,7.8154496593920006,675.25485057146886,2026-08-20T00:09:10-04:00
12117500,2017-09-09,275,A,7.7871328128000004,672.80827502592001,2026-08-20T00:09:10-04:00
12117500,2017-09-10,275,A,7.7871328128000004,672.80827502592001,2026-08-20T00:09:10-04:00
12117500,2017-09-11,287,A,8.1269349719039994,702.16718157250557,2026-08-20T00:09:10-04:00
12117500,2017-09-12,295,A,8.3534697446399999,721.73978593689606,2026-08-20T00:09:10-04:00
12117500,2017-09-13,292,A,8.2685192048640008,714.40005930024961,2026-08-20T00:09:10-04:00
12117500,2017-09-14,291,A,8.2402023582720005,711.95348375470087,2026-08-20T00:09:10-04:00
12117500,2017-09-15,288,A,8.1552518184959997,704.61375711805442,2026-08-20T00:09:10-04:00
12117500,2017-09-16,285,A,8.0703012787200006,697.27403048140798,2026-08-20T00:09:10-04:00
12117500,2017-09-17,286,A,8.0986181253120009,699.72060602695683,2026-08-20T00:09:10-04:00
12117500,2017-09-18,293,A,8.2968360514560011,716.84663484579846,2026-08-20T00:09:10-04:00
12117500,2017-09-19,306,A,8.6649550571519995,748.65211693793287,2026-08-20T00:09:10-04:00
12117500,2017-09-20,305,A,8.636638210560001,746.20554139238402,2026-08-20T00:09:10-04:00
12117500,2017-09-21,301,A,8.5233708241919999,736.41923921018883,2026-08-20T00:09:10-04:00
12117500,2017-09-22,330,A,9.3445593753600011,807.36993003110399,2026-08-20T00:09:10-04:00
12117500,2017-09-23,331,A,9.3728762219519997,809.81650557665284,2026-08-20T00:09:10-04:00
12117500,2017-09-24,330,A,9.3445593753600011,807.36993003110399,2026-08-20T00:09:10-04:00
12117500,2017-09-25,329,A,9.3162425287680009,804.92335448555525,2026-08-20T00:09:10-04:00
12117500,2017-09-26,327,A,9.2596088355840003,800.03020339445766,2026-08-20T00:09:10-04:00
12117500,2017-09-27,341,A,9.6560446878720008,834.28226103214081,2026-08-20T00:09:10-04:00
12117500,2017-09-28,336,A,9.5144604549120011,822.04938330439677,2026-08-20T00:09:10-04:00
12117500,2017-09-29,334,A,9.4578267617280005,817.15623221329918,2026-08-20T00:09:10-04:00
12117500,2017-09-30,339,A,9.5994109946880002,829.38910994104322,2026-08-20T00:09:10-04:00
12117500,2017-10-01,398,A,11.270104943615999,973.73706712842238,2026-08-20T00:09:10-04:00
12117500,2017-10-02,356,A,10.080797386752,870.98089421537281,2026-08-20T00:09:10-04:00
12117500,2017-10-03,347,A,9.8259457674240007,848.96171430543359,2026-08-20T00:09:10-04:00
12117500,2017-10-04,345,A,9.7693120742400001,844.068563214336,2026-08-20T00:09:10-04:00
12117500,2017-10-05,342,A,9.6843615344640011,836.72883657768966,2026-08-20T00:09:10-04:00
12117500,2017-10-06,406,A,11.496639716352,993.30967149281287,2026-08-20T00:09:10-04:00
12117500,2017-10-07,478,A,13.535452670976001,1169.4631107723264,2026-08-20T00:09:10-04:00
12117500,2017-10-08,500,A,14.158423296,1223.2877727744001,2026-08-20T00:09:10-04:00
12117500,2017-10-09,481,A,13.620403210752,1176.8028374089729,2026-08-20T00:09:10-04:00
12117500,2017-10-10,489,A,13.846937983488001,1196.3754417733633,2026-08-20T00:09:10-04:00
12117500,2017-10-11,517,A,14.639809688064,1264.8795570487296,2026-08-20T00:09:10-04:00
12117500,2017-10-12,542,A,15.347730852864,1326.0439456874496,2026-08-20T00:09:10-04:00
12117500,2017-10-13,529,A,14.979611847168,1294.2384635953154,2026-08-20T00:09:10-04:00
12117500,2017-10-14,464,A,13.139016818688001,1135.2110531346432,2026-08-20T00:09:10-04:00
12117500,2017-10-15,456,A,12.912482045952,1115.6384487702528,2026-08-20T00:09:10-04:00
12117500,2017-10-16,469,A,13.280601051648,1147.4439308623873,2026-08-20T00:09:10-04:00
12117500,2017-10-17,475,A,13.4505021312,1162.12338413568,2026-08-20T00:09:10-04:00
12117500,2017-10-18,488,A,13.818621136896001,1193.9288662278145,2026-08-20T00:09:10-04:00
12117500,2017-10-19,758,A,21.464169716736002,1854.5042635259904,2026-08-20T00:09:10-04:00
12117500,2017-10-20,588,A,16.650305796095999,1438.5864207826944,2026-08-20T00:09:10-04:00
12117500,2017-10-21,576,A,16.310503636991999,1409.2275142361088,2026-08-20T00:09:10-04:00
12117500,2017-10-22,1040,A,29.449520455680002,2544.438567370752,2026-08-20T00:09:10-04:00
12117500,2017-10-23,925,A,26.193083097600002,2263.0823796326399,2026-08-20T00:09:10-04:00
12117500,2017-10-24,771,A,21.832288722432001,1886.3097456181249,2026-08-20T00:09:10-04:00
12117500,2017-10-25,706,A,19.991693693952001,1727.282335157453,2026-08-20T00:09:10-04:00
12117500,2017-10-26,689,A,19.510307301888002,1685.6905508831233,2026-08-20T00:09:10-04:00
12117500,2017-10-27,666,A,18.859019830272,1629.4193133355009,2026-08-20T00:09:10-04:00
12117500,2017-10-28,651,A,18.434267131392001,1592.7206801522689,2026-08-20T00:09:10-04:00
12117500,2017-10-29,641,A,18.151098665472002,1568.2549246967808,2026-08-20T00:09:10-04:00
12117500,2017-10-30,614,A,17.386543807488,1502.1973849669632,2026-08-20T00:09:10-04:00
12117500,2017-10-31,524,A,14.838027614208,1282.0055858675712,2026-08-20T00:09:10-04:00
12117500,2017-11-01,522,A,14.781393921024,1277.1124347764737,2026-08-20T00:09:10-04:00
12117500,2017-11-02,569,A,16.112285710847999,1392.1014854172672,2026-08-20T00:09:10-04:00
12117500,2017-11-03,571,A,16.168919404032,1396.9946365083649,2026-08-20T00:09:10-04:00
12117500,2017-11-04,559,A,15.829117244928,1367.6357299617791,2026-08-20T00:09:10-04:00
12117500,2017-11-05,589,A,16.678622642688001,1441.0329963282431,2026-08-20T00:09:10-04:00
12117500,2017-11-06,569,A,16.112285710847999,1392.1014854172672,2026-08-20T00:09:10-04:00
12117500,2017-11-07,561,A,15.885750938112,1372.5288810528768,2026-08-20T00:09:10-04:00
12117500,2017-11-08,559,A,15.829117244928,1367.6357299617791,2026-08-20T00:09:10-04:00
12117500,2017-11-09,580,A,16.42377102336,1419.013816418304,2026-08-20T00:09:10-04:00
12117500,2017-11-10,599,A,16.961791108608001,1465.4987517837312,2026-08-20T00:09:10-04:00
12117500,2017-11-11,580,A,16.42377102336,1419.013816418304,2026-08-20T00:09:10-04:00
12117500,2017-11-12,580,A,16.42377102336,1419.013816418304,2026-08-20T00:09:10-04:00
12117500,2017-11-13,594,A,16.820206875648001,1453.2658740559873,2026-08-20T00:09:10-04:00
12117500,2017-11-14,593,A,16.791890029055999,1450.8192985104386,2026-08-20T00:09:10-04:00
12117500,2017-11-15,534,A,15.121196080128,1306.4713413230593,2026-08-20T00:09:10-04:00
12117500,2017-11-16,532,A,15.064562386944001,1301.5781902319616,2026-08-20T00:09:10-04:00
12117500,2017-11-17,526,A,14.894661307392001,1286.8987369586689,2026-08-20T00:09:10-04:00
12117500,2017-11-18,503,A,14.243373835776,1230.6274994110465,2026-08-20T00:09:10-04:00
12117500,2017-11-19,495,A,14.016839063040001,1211.0548950466559,2026-08-20T00:09:10-04:00
12117500,2017-11-20,657,A,18.604168210944,1607.4001334255618,2026-08-20T00:09:10-04:00
12117500,2017-11-21,773,A,21.888922415616001,1891.2028967092224,2026-08-20T00:09:10-04:00
12117500,2017-11-22,995,A,28.175262359040001,2434.3426678210562,2026-08-20T00:09:10-04:00
12117500,2017-11-23,1360,A,38.510911365120002,3327.3427419463683,2026-08-20T00:09:10-04:00
12117500,2017-11-24,1630,A,46.156459944959998,3987.9181392445439,2026-08-20T00:09:10-04:00
12117500,2017-11-25,1550,A,43.891112217600003,3792.1920956006402,2026-08-20T00:09:10-04:00
12117500,2017-11-26,1520,A,43.041606819839998,3718.7948292341762,2026-08-20T00:09:10-04:00
12117500,2017-11-27,1480,A,41.908932956160001,3620.9318074122243,2026-08-20T00:09:10-04:00
12117500,2017-11-28,1410,A,39.926753694719999,3449.671519223808,2026-08-20T00:09:10-04:00
12117500,2017-11-29,1370,A,38.794079831040001,3351.8084974018561,2026-08-20T00:09:10-04:00
12117500,2017-11-30,1430,A,40.493090626560004,3498.6030301347841,2026-08-20T00:09:10-04:00
12117500,2017-12-01,1410,A,39.926753694719999,3449.671519223808,2026-08-20T00:09:10-04:00
12117500,2017-12-02,1360,A,38.510911365120002,3327.3427419463683,2026-08-20T00:09:10-04:00
12117500,2017-12-03,1320,A,37.378237501440005,3229.479720124416,2026-08-20T00:09:10-04:00
12117500,2017-12-04,1260,A,35.679226705920001,3082.6851873914879,2026-08-20T00:09:10-04:00
12117500,2017-12-05,1180,A,33.41387897856,2886.9591437475842,2026-08-20T00:09:10-04:00
12117500,2017-12-06,990,A,28.033678126080002,2422.1097900933119,2026-08-20T00:09:10-04:00
12117500,2017-12-07,815,A,23.078229972479999,1993.959069622272,2026-08-20T00:09:10-04:00
12117500,2017-12-08,780,A,22.087140341760001,1908.328925528064,2026-08-20T00:09:10-04:00
12117500,2017-12-09,767,A,21.719021336063999,1876.5234434359297,2026-08-20T00:09:10-04:00
12117500,2017-12-10,755,A,21.37921917696,1847.1645368893442,2026-08-20T00:09:10-04:00
12117500,2017-12-11,745,A,21.09605071104,1822.6987814338561,2026-08-20T00:09:10-04:00
12117500,2017-12-12,733,A,20.756248551936,1793.3398748872705,2026-08-20T00:09:10-04:00
12117500,2017-12-13,728,A,20.614664318976001,1781.1069971595264,2026-08-20T00:09:10-04:00
12117500,2017-12-14,711,A,20.133277926912001,1739.5152128851969,2026-08-20T00:09:10-04:00
12117500,2017-12-15,604,A,17.103375341568,1477.7316295114751,2026-08-20T00:09:10-04:00
12117500,2017-12-16,569,A,16.112285710847999,1392.1014854172672,2026-08-20T00:09:10-04:00
12117500,2017-12-17,596,A,16.876840568832002,1458.1590251470848,2026-08-20T00:09:10-04:00
12117500,2017-12-18,811,A,22.964962586112001,1984.1727674400768,2026-08-20T00:09:10-04:00
12117500,2017-12-19,1000,A,28.316846592000001,2446.5755455488002,2026-08-20T00:09:10-04:00
12117500,2017-12-20,926,A,26.221399944192001,2265.5289551781889,2026-08-20T00:09:10-04:00
12117500,2017-12-21,970,A,27.467341194239999,2373.1782791823362,2026-08-20T00:09:10-04:00
12117500,2017-12-22,1060,A,30.015857387520001,2593.3700782817282,2026-08-20T00:09:10-04:00
12117500,2017-12-23,1190,A,33.697047444479999,2911.4248992030721,2026-08-20T00:09:10-04:00
12117500,2017-12-24,1170,A,33.13071051264,2862.4933882920959,2026-08-20T00:09:10-04:00
12117500,2017-12-25,1170,A,33.13071051264,2862.4933882920959,2026-08-20T00:09:10-04:00
12117500,2017-12-26,1150,A,32.564373580800002,2813.5618773811202,2026-08-20T00:09:10-04:00
12117500,2017-12-27,1140,A,32.281205114880002,2789.0961219256319,2026-08-20T00:09:10-04:00
12117500,2017-12-28,1140,A,32.281205114880002,2789.0961219256319,2026-08-20T00:09:10-04:00
12117500,2017-12-29,1400,A,39.643585228799999,3425.2057637683201,2026-08-20T00:09:10-04:00
12117500,2017-12-30,1210,A,34.263384376319998,2960.3564101140482,2026-08-20T00:09:10-04:00
12117500,2017-12-31,1380,A,39.077248296960001,3376.274252857344,2026-08-20T00:09:10-04:00
12117500,2018-01-01,1680,A,47.572302274560002,4110.2469165219845,2026-08-20T00:09:10-04:00
12117500,2018-01-02,1620,A,45.873291479039999,3963.4523837890561,2026-08-20T00:09:10-04:00
12117500,2018-01-03,1560,A,44.174280683520003,3816.657851056128,2026-08-20T00:09:10-04:00
12117500,2018-01-04,1530,A,43.324775285759998,3743.260584689664,2026-08-20T00:09:10-04:00
12117500,2018-01-05,1540,A,43.607943751680004,3767.7263401451523,2026-08-20T00:09:10-04:00
12117500,2018-01-06,1570,A,44.457449149440002,3841.1236065116163,2026-08-20T00:09:10-04:00
12117500,2018-01-07,1540,A,43.607943751680004,3767.7263401451523,2026-08-20T00:09:10-04:00
12117500,2018-01-08,1500,A,42.475269888,3669.8633183232,2026-08-20T00:09:10-04:00
12117500,2018-01-09,1360,A,38.510911365120002,3327.3427419463683,2026-08-20T00:09:10-04:00
12117500,2018-01-10,983,A,27.835460199936001,2404.9837612744705,2026-08-20T00:09:10-04:00
12117500,2018-01-11,947,A,26.816053722624002,2316.9070416347136,2026-08-20T00:09:10-04:00
12117500,2018-01-12,1230,A,34.829721308160003,3009.2879210250239,2026-08-20T00:09:10-04:00
12117500,2018-01-13,1400,A,39.643585228799999,3425.2057637683201,2026-08-20T00:09:10-04:00
12117500,2018-01-14,1570,A,44.457449149440002,3841.1236065116163,2026-08-20T00:09:10-04:00
12117500,2018-01-15,1700,A,48.138639206400001,4159.1784274329602,2026-08-20T00:09:10-04:00
12117500,2018-01-16,1650,A,46.722796876800004,4036.8496501555201,2026-08-20T00:09:10-04:00
12117500,2018-01-17,1640,A,46.439628410880005,4012.3838947000322,2026-08-20T00:09:10-04:00
12117500,2018-01-18,1720,A,48.704976138239999,4208.1099383439359,2026-08-20T00:09:10-04:00
12117500,2018-01-19,1660,A,47.005965342720003,4061.3154056110079,2026-08-20T00:09:10-04:00
12117500,2018-01-20,1660,A,47.005965342720003,4061.3154056110079,2026-08-20T00:09:10-04:00
12117500,2018-01-21,1640,A,46.439628410880005,4012.3838947000322,2026-08-20T00:09:10-04:00
12117500,2018-01-22,1620,A,45.873291479039999,3963.4523837890561,2026-08-20T00:09:10-04:00
12117500,2018-01-23,1580,A,44.740617615360001,3865.5893619671042,2026-08-20T00:09:10-04:00
12117500,2018-01-24,1500,A,42.475269888,3669.8633183232,2026-08-20T00:09:10-04:00
12117500,2018-01-25,1470,A,41.625764490240002,3596.466051956736,2026-08-20T00:09:10-04:00
12117500,2018-01-26,1450,A,41.059427558400003,3547.5345410457603,2026-08-20T00:09:10-04:00
12117500,2018-01-27,1540,A,43.607943751680004,3767.7263401451523,2026-08-20T00:09:10-04:00
12117500,2018-01-28,1510,A,42.758438353919999,3694.3290737786883,2026-08-20T00:09:10-04:00
12117500,2018-01-29,1530,A,43.324775285759998,3743.260584689664,2026-08-20T00:09:10-04:00
12117500,2018-01-30,1530,A,43.324775285759998,3743.260584689664,2026-08-20T00:09:10-04:00
12117500,2018-01-31,1520,A,43.041606819839998,3718.7948292341762,2026-08-20T00:09:10-04:00
12117500,2018-02-01,1470,A,41.625764490240002,3596.466051956736,2026-08-20T00:09:10-04:00
12117500,2018-02-02,1680,A,47.572302274560002,4110.2469165219845,2026-08-20T00:09:10-04:00
12117500,2018-02-03,1570,A,44.457449149440002,3841.1236065116163,2026-08-20T00:09:10-04:00
12117500,2018-02-04,1410,A,39.926753694719999,3449.671519223808,2026-08-20T00:09:10-04:00
12117500,2018-02-05,1890,A,53.518840058880002,4624.0277810872321,2026-08-20T00:09:10-04:00
12117500,2018-02-06,1970,A,55.784187786240004,4819.7538247311359,2026-08-20T00:09:10-04:00
12117500,2018-02-07,1910,A,54.085176990720001,4672.9592919982078,2026-08-20T00:09:10-04:00
12117500,2018-02-08,1990,A,56.350524718080003,4868.6853356421125,2026-08-20T00:09:10-04:00
12117500,2018-02-09,2080,A,58.899040911360004,5088.8771347415041,2026-08-20T00:09:10-04:00
12117500,2018-02-10,2020,A,57.200030115840001,4942.082602008576,2026-08-20T00:09:10-04:00
12117500,2018-02-11,1990,A,56.350524718080003,4868.6853356421125,2026-08-20T00:09:10-04:00
12117500,2018-02-12,1990,A,56.350524718080003,4868.6853356421125,2026-08-20T00:09:10-04:00
12117500,2018-02-13,1900,A,53.802008524800002,4648.49353654272,2026-08-20T00:09:10-04:00
12117500,2018-02-14,1810,A,51.25349233152,4428.3017374433284,2026-08-20T00:09:10-04:00
12117500,2018-02-15,1760,A,49.837650001920004,4305.9729601658883,2026-08-20T00:09:10-04:00
12117500,2018-02-16,1780,A,50.403986933760002,4354.904471076864,2026-08-20T00:09:10-04:00
12117500,2018-02-17,1830,A,51.819829263359999,4477.2332483543041,2026-08-20T00:09:10-04:00
12117500,2018-02-18,1390,A,39.36041676288,3400.7400083128323,2026-08-20T00:09:10-04:00
12117500,2018-02-19,1250,A,35.396058240000002,3058.2194319360001,2026-08-20T00:09:10-04:00
12117500,2018-02-20,1220,A,34.546552842240004,2984.8221655695361,2026-08-20T00:09:10-04:00
12117500,2018-02-21,1430,A,40.493090626560004,3498.6030301347841,2026-08-20T00:09:10-04:00
12117500,2018-02-22,1410,A,39.926753694719999,3449.671519223808,2026-08-20T00:09:10-04:00
12117500,2018-02-23,1330,A,37.661405967360004,3253.9454755799043,2026-08-20T00:09:10-04:00
12117500,2018-02-24,1310,A,37.095069035519998,3205.0139646689281,2026-08-20T00:09:10-04:00
12117500,2018-02-25,1320,A,37.378237501440005,3229.479720124416,2026-08-20T00:09:10-04:00
12117500,2018-02-26,1220,A,34.546552842240004,2984.8221655695361,2026-08-20T00:09:10-04:00
12117500,2018-02-27,908,A,25.711696705535999,2221.4905953583107,2026-08-20T00:09:10-04:00
12117500,2018-02-28,790,A,22.370308807680001,1932.7946809835521,2026-08-20T00:09:10-04:00
12117500,2018-03-01,702,A,19.878426307584,1717.4960329752575,2026-08-20T00:09:10-04:00
12117500,2018-03-02,651,A,18.434267131392001,1592.7206801522689,2026-08-20T00:09:10-04:00
12117500,2018-03-03,596,A,16.876840568832002,1458.1590251470848,2026-08-20T00:09:10-04:00
12117500,2018-03-04,581,A,16.452087869951999,1421.4603919638528,2026-08-20T00:09:10-04:00
12117500,2018-03-05,575,A,16.282186790400001,1406.7809386905601,2026-08-20T00:09:10-04:00
12117500,2018-03-06,561,A,15.885750938112,1372.5288810528768,2026-08-20T00:09:10-04:00
12117500,2018-03-07,554,A,15.687533011968,1355.4028522340352,2026-08-20T00:09:10-04:00
12117500,2018-03-08,554,A,15.687533011968,1355.4028522340352,2026-08-20T00:09:10-04:00
12117500,2018-03-09,603,A,17.075058494976002,1475.2850539659264,2026-08-20T00:09:10-04:00
12117500,2018-03-10,570,A,16.140602557440001,1394.548060962816,2026-08-20T00:09:10-04:00
12117500,2018-03-11,552,A,15.630899318784001,1350.5097011429377,2026-08-20T00:09:10-04:00
12117500,2018-03-12,554,A,15.687533011968,1355.4028522340352,2026-08-20T00:09:10-04:00
12117500,2018-03-13,581,A,16.452087869951999,1421.4603919638528,2026-08-20T00:09:10-04:00
12117500,2018-03-14,616,A,17.443177500672,1507.0905360580609,2026-08-20T00:09:10-04:00
12117500,2018-03-15,591,A,16.735256335872002,1445.9261474193409,2026-08-20T00:09:10-04:00
12117500,2018-03-16,568,A,16.083968864256001,1389.6549098717185,2026-08-20T00:09:10-04:00
12117500,2018-03-17,551,A,15.602582472192001,1348.0631255973888,2026-08-20T00:09:10-04:00
12117500,2018-03-18,540,A,15.29109715968,1321.1507945963519,2026-08-20T00:09:10-04:00
12117500,2018-03-19,527,A,14.922978153984001,1289.3453125042176,2026-08-20T00:09:10-04:00
12117500,2018-03-20,518,A,14.668126534656,1267.3261325942785,2026-08-20T00:09:10-04:00
12117500,2018-03-21,508,A,14.384958068736001,1242.8603771387905,2026-08-20T00:09:10-04:00
12117500,2018-03-22,526,A,14.894661307392001,1286.8987369586689,2026-08-20T00:09:10-04:00
12117500,2018-03-23,518,A,14.668126534656,1267.3261325942785,2026-08-20T00:09:10-04:00
12117500,2018-03-24,519,A,14.696443381248001,1269.7727081398273,2026-08-20T00:09:10-04:00
12117500,2018-03-25,507,A,14.356641222144001,1240.4138015932417,2026-08-20T00:09:10-04:00
12117500,2018-03-26,518,A,14.668126534656,1267.3261325942785,2026-08-20T00:09:10-04:00
12117500,2018-03-27,590,A,16.70693948928,1443.4795718737921,2026-08-20T00:09:10-04:00
12117500,2018-03-28,650,A,18.405950284799999,1590.2741046067201,2026-08-20T00:09:10-04:00
12117500,2018-03-29,610,A,17.273276421120002,1492.411082784768,2026-08-20T00:09:10-04:00
12117500,2018-03-30,614,A,17.386543807488,1502.1973849669632,2026-08-20T00:09:10-04:00
12117500,2018-03-31,604,A,17.103375341568,1477.7316295114751,2026-08-20T00:09:10-04:00
12117500,2018-04-01,602,A,17.046741648384,1472.8384784203777,2026-08-20T00:09:10-04:00
12117500,2018-04-02,619,A,17.528128040447999,1514.4302626947072,2026-08-20T00:09:10-04:00
12117500,2018-04-03,795,A,22.51189304064,1945.027558711296,2026-08-20T00:09:10-04:00
12117500,2018-04-04,838,A,23.729517444096,2050.2303071698943,2026-08-20T00:09:10-04:00
12117500,2018-04-05,1030,A,29.166351989760003,2519.9728119152642,2026-08-20T00:09:10-04:00
12117500,2018-04-06,1070,A,30.29902585344,2617.835833737216,2026-08-20T00:09:10-04:00
12117500,2018-04-07,1150,A,32.564373580800002,2813.5618773811202,2026-08-20T00:09:10-04:00
12117500,2018-04-08,1290,A,36.528732103679999,3156.082453757952,2026-08-20T00:09:10-04:00
12117500,2018-04-09,1310,A,37.095069035519998,3205.0139646689281,2026-08-20T00:09:10-04:00
12117500,2018-04-10,1230,A,34.829721308160003,3009.2879210250239,2026-08-20T00:09:10-04:00
12117500,2018-04-11,1190,A,33.697047444479999,2911.4248992030721,2026-08-20T00:09:10-04:00
12117500,2018-04-12,1180,A,33.41387897856,2886.9591437475842,2026-08-20T00:09:10-04:00
12117500,2018-04-13,1220,A,34.546552842240004,2984.8221655695361,2026-08-20T00:09:10-04:00
12117500,2018-04-14,1430,A,40.493090626560004,3498.6030301347841,2026-08-20T00:09:10-04:00
12117500,2018-04-15,1270,A,35.962395171840001,3107.1509428469762,2026-08-20T00:09:10-04:00
12117500,2018-04-16,1180,A,33.41387897856,2886.9591437475842,2026-08-20T00:09:10-04:00
12117500,2018-04-17,1470,A,41.625764490240002,3596.466051956736,2026-08-20T00:09:10-04:00
12117500,2018-04-18,1720,A,48.704976138239999,4208.1099383439359,2026-08-20T00:09:10-04:00
12117500,2018-04-19,1740,A,49.271313070079998,4257.0414492549125,2026-08-20T00:09:10-04:00
12117500,2018-04-20,1680,A,47.572302274560002,4110.2469165219845,2026-08-20T00:09:10-04:00
12117500,2018-04-21,1660,A,47.005965342720003,4061.3154056110079,2026-08-20T00:09:10-04:00
12117500,2018-04-22,1630,A,46.156459944959998,3987.9181392445439,2026-08-20T00:09:10-04:00
12117500,2018-04-23,1520,A,43.041606819839998,3718.7948292341762,2026-08-20T00:09:10-04:00
12117500,2018-04-24,1070,A,30.29902585344,2617.835833737216,2026-08-20T00:09:10-04:00
12117500,2018-04-25,916,A,25.938231478272002,2241.063199722701,2026-08-20T00:09:10-04:00
12117500,2018-04-26,930,A,26.334667330560002,2275.3152573603843,2026-08-20T00:09:10-04:00
12117500,2018-04-27,1070,A,30.29902585344,2617.835833737216,2026-08-20T00:09:10-04:00
12117500,2018-04-28,1120,A,31.71486818304,2740.1646110146562,2026-08-20T00:09:10-04:00
12117500,2018-04-29,1120,A,31.71486818304,2740.1646110146562,2026-08-20T00:09:10-04:00
12117500,2018-04-30,1100,A,31.148531251200001,2691.23310010368,2026-08-20T00:09:10-04:00
12117500,2018-05-01,1090,A,30.865362785280002,2666.7673446481922,2026-08-20T00:09:10-04:00
12117500,2018-05-02,1070,A,30.29902585344,2617.835833737216,2026-08-20T00:09:10-04:00
12117500,2018-05-03,1060,A,30.015857387520001,2593.3700782817282,2026-08-20T00:09:10-04:00
12117500,2018-05-04,1120,A,31.71486818304,2740.1646110146562,2026-08-20T00:09:10-04:00
12117500,2018-05-05,1250,A,35.396058240000002,3058.2194319360001,2026-08-20T00:09:10-04:00
12117500,2018-05-06,1250,A,35.396058240000002,3058.2194319360001,2026-08-20T00:09:10-04:00
12117500,2018-05-07,1320,A,37.378237501440005,3229.479720124416,2026-08-20T00:09:10-04:00
12117500,2018-05-08,1580,A,44.740617615360001,3865.5893619671042,2026-08-20T00:09:10-04:00
12117500,2018-05-09,1600,A,45.3069545472,3914.5208728780799,2026-08-20T00:09:10-04:00
12117500,2018-05-10,1630,A,46.156459944959998,3987.9181392445439,2026-08-20T00:09:10-04:00
12117500,2018-05-11,1470,A,41.625764490240002,3596.466051956736,2026-08-20T00:09:10-04:00
12117500,2018-05-12,969,A,27.439024347648001,2370.7317036367872,2026-08-20T00:09:10-04:00
12117500,2018-05-13,739,A,20.926149631488002,1808.0193281605632,2026-08-20T00:09:10-04:00
12117500,2018-05-14,652,A,18.462583977984,1595.1672556978176,2026-08-20T00:09:10-04:00
12117500,2018-05-15,577,A,16.338820483584001,1411.6740897816576,2026-08-20T00:09:10-04:00
12117500,2018-05-16,555,A,15.71584985856,1357.8494277795839,2026-08-20T00:09:10-04:00
12117500,2018-05-17,547,A,15.489315085824,1338.2768234151936,2026-08-20T00:09:10-04:00
12117500,2018-05-18,543,A,15.376047699456,1328.4905212329984,2026-08-20T00:09:10-04:00
12117500,2018-05-19,537,A,15.206146619904001,1313.8110679597057,2026-08-20T00:09:10-04:00
12117500,2018-05-20,535,A,15.14951292672,1308.917916868608,2026-08-20T00:09:10-04:00
12117500,2018-05-21,524,A,14.838027614208,1282.0055858675712,2026-08-20T00:09:10-04:00
12117500,2018-05-22,519,A,14.696443381248001,1269.7727081398273,2026-08-20T00:09:10-04:00
12117500,2018-05-23,513,A,14.526542301696001,1255.0932548665344,2026-08-20T00:09:10-04:00
12117500,2018-05-24,544,A,15.404364546048001,1330.9370967785471,2026-08-20T00:09:10-04:00
12117500,2018-05-25,602,A,17.046741648384,1472.8384784203777,2026-08-20T00:09:10-04:00
12117500,2018-05-26,605,A,17.131692188159999,1480.1782050570241,2026-08-20T00:09:10-04:00
12117500,2018-05-27,599,A,16.961791108608001,1465.4987517837312,2026-08-20T00:09:10-04:00
12117500,2018-05-28,597,A,16.905157415424,1460.6056006926337,2026-08-20T00:09:10-04:00
12117500,2018-05-29,596,A,16.876840568832002,1458.1590251470848,2026-08-20T00:09:10-04:00
12117500,2018-05-30,597,A,16.905157415424,1460.6056006926337,2026-08-20T00:09:10-04:00
12117500,2018-05-31,558,A,15.800800398336001,1365.1891544162304,2026-08-20T00:09:10-04:00
12117500,2018-06-01,499,A,14.130106449408,1220.8411972288513,2026-08-20T00:09:10-04:00
12117500,2018-06-02,462,A,13.082383125504,1130.3179020435457,2026-08-20T00:09:10-04:00
12117500,2018-06-03,455,A,12.88416519936,1113.1918732247041,2026-08-20T00:09:10-04:00
12117500,2018-06-04,451,A,12.770897812992001,1103.4055710425089,2026-08-20T00:09:10-04:00
12117500,2018-06-05,447,A,12.657630426624001,1093.6192688603137,2026-08-20T00:09:10-04:00
12117500,2018-06-06,443,A,12.544363040256,1083.8329666781185,2026-08-20T00:09:10-04:00
12117500,2018-06-07,443,A,12.544363040256,1083.8329666781185,2026-08-20T00:09:10-04:00
12117500,2018-06-08,429,A,12.147927187968,1049.5809090404352,2026-08-20T00:09:10-04:00
12117500,2018-06-09,438,A,12.402778807296,1071.6000889503744,2026-08-20T00:09:10-04:00
12117500,2018-06-10,436,A,12.346145114112,1066.7069378592769,2026-08-20T00:09:10-04:00
12117500,2018-06-11,413,A:e,11.694857642496,1010.4357003116544,2026-08-20T00:09:10-04:00
12117500,2018-06-12,400,A,11.3267386368,978.63021821951997,2026-08-20T00:09:10-04:00
12117500,2018-06-13,400,A,11.3267386368,978.63021821951997,2026-08-20T00:09:10-04:00
12117500,2018-06-14,404,A,11.440006023168001,988.41652040171527,2026-08-20T00:09:10-04:00
12117500,2018-06-15,393,A,11.128520710656,961.50418940067846,2026-08-20T00:09:10-04:00
12117500,2018-06-16,388,A,10.986936477696,949.27131167293442,2026-08-20T00:09:10-04:00
12117500,2018-06-17,383,A,10.845352244736,937.03843394519038,2026-08-20T00:09:10-04:00
12117500,2018-06-18,388,A,10.986936477696,949.27131167293442,2026-08-20T00:09:10-04:00
12117500,2018-06-19,440,A,12.459412500480001,1076.4932400414721,2026-08-20T00:09:10-04:00
12117500,2018-06-20,457,A,12.940798892544001,1118.0850243158015,2026-08-20T00:09:10-04:00
12117500,2018-06-21,457,A,12.940798892544001,1118.0850243158015,2026-08-20T00:09:10-04:00
12117500,2018-06-22,457,A,12.940798892544001,1118.0850243158015,2026-08-20T00:09:10-04:00
12117500,2018-06-23,466,A,13.195650511872,1140.1042042257409,2026-08-20T00:09:10-04:00
12117500,2018-06-24,455,A,12.88416519936,1113.1918732247041,2026-08-20T00:09:10-04:00
12117500,2018-06-25,456,A,12.912482045952,1115.6384487702528,2026-08-20T00:09:10-04:00
12117500,2018-06-26,451,A,12.770897812992001,1103.4055710425089,2026-08-20T00:09:10-04:00
12117500,2018-06-27,448,A,12.685947273216,1096.0658444058624,2026-08-20T00:09:10-04:00
12117500,2018-06-28,446,A,12.629313580032001,1091.1726933147647,2026-08-20T00:09:10-04:00
12117500,2018-06-29,442,A,12.516046193664,1081.3863911325695,2026-08-20T00:09:10-04:00
12117500,2018-06-30,442,A,12.516046193664,1081.3863911325695,2026-08-20T00:09:10-04:00
12117500,2018-07-01,447,A,12.657630426624001,1093.6192688603137,2026-08-20T00:09:10-04:00
12117500,2018-07-02,448,A,12.685947273216,1096.0658444058624,2026-08-20T00:09:10-04:00
12117500,2018-07-03,404,A,11.440006023168001,988.41652040171527,2026-08-20T00:09:10-04:00
12117500,2018-07-04,397,A,11.241788097024001,971.29049158287364,2026-08-20T00:09:10-04:00
12117500,2018-07-05,394,A,11.156837557248,963.9507649462272,2026-08-20T00:09:10-04:00
12117500,2018-07-06,393,A,11.128520710656,961.50418940067846,2026-08-20T00:09:10-04:00
12117500,2018-07-07,390,A,11.043570170880001,954.16446276403201,2026-08-20T00:09:10-04:00
12117500,2018-07-08,386,A,10.930302784512,944.37816058183682,2026-08-20T00:09:10-04:00
12117500,2018-07-09,383,A,10.845352244736,937.03843394519038,2026-08-20T00:09:10-04:00
12117500,2018-07-10,385,A,10.901985937920001,941.93158503628808,2026-08-20T00:09:10-04:00
12117500,2018-07-11,380,A,10.76040170496,929.69870730854404,2026-08-20T00:09:10-04:00
12117500,2018-07-12,377,A,10.675451165184001,922.3589806718976,2026-08-20T00:09:10-04:00
12117500,2018-07-13,384,A,10.873669091328001,939.48500949073923,2026-08-20T00:09:10-04:00
12117500,2018-07-14,395,A,11.18515440384,966.39734049177605,2026-08-20T00:09:10-04:00
12117500,2018-07-15,394,A,11.156837557248,963.9507649462272,2026-08-20T00:09:10-04:00
12117500,2018-07-16,392,A,11.100203864064,959.0576138551296,2026-08-20T00:09:10-04:00
12117500,2018-07-17,392,A,11.100203864064,959.0576138551296,2026-08-20T00:09:10-04:00
12117500,2018-07-18,398,A,11.270104943615999,973.73706712842238,2026-08-20T00:09:10-04:00
12117500,2018-07-19,400,A,11.3267386368,978.63021821951997,2026-08-20T00:09:10-04:00
12117500,2018-07-20,396,A,11.213471250432001,968.84391603732479,2026-08-20T00:09:10-04:00
12117500,2018-07-21,382,A,10.817035398144,934.59185839964164,2026-08-20T00:09:10-04:00
12117500,2018-07-22,364,A,10.307332159488,890.55349857976319,2026-08-20T00:09:10-04:00
12117500,2018-07-23,354,A,10.024163693568001,866.08774312427522,2026-08-20T00:09:10-04:00
12117500,2018-07-24,331,A,9.3728762219519997,809.81650557665284,2026-08-20T00:09:10-04:00
12117500,2018-07-25,320,A,9.06139090944,782.90417457561603,2026-08-20T00:09:10-04:00
12117500,2018-07-26,316,A,8.9481235230720007,773.11787239342084,2026-08-20T00:09:10-04:00
12117500,2018-07-27,299,A,8.4667371310080011,731.52608811909124,2026-08-20T00:09:10-04:00
12117500,2018-07-28,298,A,8.4384202844160008,729.07951257354239,2026-08-20T00:09:10-04:00
12117500,2018-07-29,294,A,8.3251528980479996,719.2932103913472,2026-08-20T00:09:10-04:00
12117500,2018-07-30,291,A,8.2402023582720005,711.95348375470087,2026-08-20T00:09:10-04:00
12117500,2018-07-31,291,A,8.2402023582720005,711.95348375470087,2026-08-20T00:09:10-04:00
12117500,2018-08-01,286,A,8.0986181253120009,699.72060602695683,2026-08-20T00:09:10-04:00
12117500,2018-08-02,271,A,7.6738654264320001,663.02197284372482,2026-08-20T00:09:10-04:00
12117500,2018-08-03,270,A,7.6455485798399998,660.57539729817597,2026-08-20T00:09:10-04:00
12117500,2018-08-04,267,A,7.5605980400639998,653.23567066152964,2026-08-20T00:09:10-04:00
12117500,2018-08-05,264,A,7.4756475002879998,645.89594402488319,2026-08-20T00:09:10-04:00
12117500,2018-08-06,260,A,7.3623801139200005,636.10964184268801,2026-08-20T00:09:10-04:00
12117500,2018-08-07,260,A,7.3623801139200005,636.10964184268801,2026-08-20T00:09:10-04:00
12117500,2018-08-08,259,A:e,7.3340632673280002,633.66306629713927,2026-08-20T00:09:10-04:00
12117500,2018-08-09,259,A,7.3340632673280002,633.66306629713927,2026-08-20T00:09:10-04:00
12117500,2018-08-10,256,A,7.2491127275520002,626.32333966049282,2026-08-20T00:09:10-04:00
12117500,2018-08-11,257,A,7.2774295741440005,628.76991520604167,2026-08-20T00:09:10-04:00
12117500,2018-08-12,260,A,7.3623801139200005,636.10964184268801,2026-08-20T00:09:10-04:00
12117500,2018-08-13,256,A,7.2491127275520002,626.32333966049282,2026-08-20T00:09:10-04:00
12117500,2018-08-14,254,A,7.1924790343680005,621.43018856939523,2026-08-20T00:09:10-04:00
12117500,2018-08-15,251,A,7.1075284945920005,614.09046193274878,2026-08-20T00:09:10-04:00
12117500,2018-08-16,249,A,7.050894801408,609.19731084165119,2026-08-20T00:09:10-04:00
12117500,2018-08-17,249,A,7.050894801408,609.19731084165119,2026-08-20T00:09:10-04:00
12117500,2018-08-18,247,A,6.9942611082240003,604.30415975055359,2026-08-20T00:09:10-04:00
12117500,2018-08-19,245,A,6.9376274150400006,599.411008659456,2026-08-20T00:09:10-04:00
12117500,2018-08-20,244,A,6.9093105684480003,596.96443311390726,2026-08-20T00:09:10-04:00
12117500,2018-08-21,242,A,6.8526768752640006,592.07128202280967,2026-08-20T00:09:10-04:00
12117500,2018-08-22,242,A,6.8526768752640006,592.07128202280967,2026-08-20T00:09:10-04:00
12117500,2018-08-23,242,A,6.8526768752640006,592.07128202280967,2026-08-20T00:09:10-04:00
12117500,2018-08-24,241,A,6.8243600286720003,589.62470647726082,2026-08-20T00:09:10-04:00
12117500,2018-08-25,238,A,6.7394094888960003,582.28497984061437,2026-08-20T00:09:10-04:00
12117500,2018-08-26,239,A,6.7677263354880006,584.73155538616322,2026-08-20T00:09:10-04:00
12117500,2018-08-27,242,A,6.8526768752640006,592.07128202280967,2026-08-20T00:09:10-04:00
12117500,2018-08-28,240,A,6.79604318208,587.17813093171208,2026-08-20T00:09:10-04:00
12117500,2018-08-29,238,A,6.7394094888960003,582.28497984061437,2026-08-20T00:09:10-04:00
12117500,2018-08-30,235,A,6.6544589491200004,574.94525320396804,2026-08-20T00:09:10-04:00
12117500,2018-08-31,238,A,6.7394094888960003,582.28497984061437,2026-08-20T00:09:10-04:00
12117500,2018-09-01,234,A,6.6261421025280001,572.49867765841918,2026-08-20T00:09:10-04:00
12117500,2018-09-02,231,A,6.5411915627520001,565.15895102177285,2026-08-20T00:09:10-04:00
12117500,2018-09-03,228,A,6.4562410229760001,557.8192243851264,2026-08-20T00:09:10-04:00
12117500,2018-09-04,228,A:e,6.4562410229760001,557.8192243851264,2026-08-20T00:09:10-04:00
12117500,2018-09-05,227,A:e,6.4279241763839998,555.37264883957766,2026-08-20T00:09:10-04:00
12117500,2018-09-06,228,A,6.4562410229760001,557.8192243851264,2026-08-20T00:09:10-04:00
12117500,2018-09-07,234,A,6.6261421025280001,572.49867765841918,2026-08-20T00:09:10-04:00
12117500,2018-09-08,249,A,7.050894801408,609.19731084165119,2026-08-20T00:09:10-04:00
12117500,2018-09-09,247,A,6.9942611082240003,604.30415975055359,2026-08-20T00:09:10-04:00
12117500,2018-09-10,256,A,7.2491127275520002,626.32333966049282,2026-08-20T00:09:10-04:00
12117500,2018-09-11,259,A,7.3340632673280002,633.66306629713927,2026-08-20T00:09:10-04:00
12117500,2018-09-12,262,A,7.4190138071040002,641.0027929337856,2026-08-20T00:09:10-04:00
12117500,2018-09-13,254,A,7.1924790343680005,621.43018856939523,2026-08-20T00:09:10-04:00
12117500,2018-09-14,255,A,7.2207958809599999,623.87676411494397,2026-08-20T00:09:10-04:00
12117500,2018-09-15,250,A,7.0792116480000002,611.64388638720004,2026-08-20T00:09:10-04:00
12117500,2018-09-16,267,A,7.5605980400639998,653.23567066152964,2026-08-20T00:09:10-04:00
12117500,2018-09-17,257,A,7.2774295741440005,628.76991520604167,2026-08-20T00:09:10-04:00
12117500,2018-09-18,244,A,6.9093105684480003,596.96443311390726,2026-08-20T00:09:10-04:00
12117500,2018-09-19,241,A,6.8243600286720003,589.62470647726082,2026-08-20T00:09:10-04:00
12117500,2018-09-20,254,A,7.1924790343680005,621.43018856939523,2026-08-20T00:09:10-04:00
12117500,2018-09-21,256,A,7.2491127275520002,626.32333966049282,2026-08-20T00:09:10-04:00
12117500,2018-09-22,302,A,8.5516876707840002,738.86581475573757,2026-08-20T00:09:10-04:00
12117500,2018-09-23,295,A,8.3534697446399999,721.73978593689606,2026-08-20T00:09:10-04:00
12117500,2018-09-24,285,A,8.0703012787200006,697.27403048140798,2026-08-20T00:09:10-04:00
12117500,2018-09-25,290,A,8.2118855116800002,709.50690820915202,2026-08-20T00:09:10-04:00
12117500,2018-09-26,294,A,8.3251528980479996,719.2932103913472,2026-08-20T00:09:10-04:00
12117500,2018-09-27,323,A,9.1463414492160009,790.24390121226247,2026-08-20T00:09:10-04:00
12117500,2018-09-28,323,A,9.1463414492160009,790.24390121226247,2026-08-20T00:09:10-04:00
12117500,2018-09-29,323,A,9.1463414492160009,790.24390121226247,2026-08-20T00:09:10-04:00
12117500,2018-09-30,322,A,9.1180246026240006,787.79732566671362,2026-08-20T00:09:10-04:00
12117500,2018-10-01,323,A,9.1463414492160009,790.24390121226247,2026-08-20T00:09:10-04:00
12117500,2018-10-02,342,A,9.6843615344640011,836.72883657768966,2026-08-20T00:09:10-04:00
12117500,2018-10-03,336,A,9.5144604549120011,822.04938330439677,2026-08-20T00:09:10-04:00
12117500,2018-10-04,325,A,9.2029751423999997,795.13705230336006,2026-08-20T00:09:10-04:00
12117500,2018-10-05,339,A,9.5994109946880002,829.38910994104322,2026-08-20T00:09:10-04:00
12117500,2018-10-06,377,A,10.675451165184001,922.3589806718976,2026-08-20T00:09:10-04:00
12117500,2018-10-07,379,A,10.732084858368001,927.25213176299519,2026-08-20T00:09:10-04:00
12117500,2018-10-08,387,A,10.958619631104,946.82473612738568,2026-08-20T00:09:10-04:00
12117500,2018-10-09,449,A,12.714264119808,1098.5124199514112,2026-08-20T00:09:10-04:00
12117500,2018-10-10,408,A,11.553273409536001,998.20282258391046,2026-08-20T00:09:10-04:00
12117500,2018-10-11,392,A,11.100203864064,959.0576138551296,2026-08-20T00:09:10-04:00
12117500,2018-10-12,386,A,10.930302784512,944.37816058183682,2026-08-20T00:09:10-04:00
12117500,2018-10-13,382,A,10.817035398144,934.59185839964164,2026-08-20T00:09:10-04:00
12117500,2018-10-14,378,A,10.703768011776001,924.80555621744645,2026-08-20T00:09:10-04:00
12117500,2018-10-15,377,A,10.675451165184001,922.3589806718976,2026-08-20T00:09:10-04:00
12117500,2018-10-16,373,A,10.562183778816001,912.57267848970241,2026-08-20T00:09:10-04:00
12117500,2018-10-17,371,A,10.505550085632001,907.67952739860482,2026-08-20T00:09:10-04:00
12117500,2018-10-18,369,A,10.448916392448,902.78637630750723,2026-08-20T00:09:10-04:00
12117500,2018-10-19,372,A,10.533866932224001,910.12610294415367,2026-08-20T00:09:10-04:00
12117500,2018-10-20,380,A,10.76040170496,929.69870730854404,2026-08-20T00:09:10-04:00
12117500,2018-10-21,379,A,10.732084858368001,927.25213176299519,2026-08-20T00:09:10-04:00
12117500,2018-10-22,378,A,10.703768011776001,924.80555621744645,2026-08-20T00:09:10-04:00
12117500,2018-10-23,377,A,10.675451165184001,922.3589806718976,2026-08-20T00:09:10-04:00
12117500,2018-10-24,377,A,10.675451165184001,922.3589806718976,2026-08-20T00:09:10-04:00
12117500,2018-10-25,385,A,10.901985937920001,941.93158503628808,2026-08-20T00:09:10-04:00
12117500,2018-10-26,463,A,13.110699972096,1132.7644775890944,2026-08-20T00:09:10-04:00
12117500,2018-10-27,415,A,11.751491335680001,1015.328851402752,2026-08-20T00:09:10-04:00
12117500,2018-10-28,643,A,18.207732358655999,1573.1480757878785,2026-08-20T00:09:10-04:00
12117500,2018-10-29,448,A,12.685947273216,1096.0658444058624,2026-08-20T00:09:10-04:00
12117500,2018-10-30,389,A,11.015253324288,951.71788721848327,2026-08-20T00:09:10-04:00
12117500,2018-10-31,382,A:e,10.817035398144,934.59185839964164,2026-08-20T00:09:10-04:00
12117500,2018-11-01,470,A,13.308917898240001,1149.8905064079361,2026-08-20T00:09:10-04:00
12117500,2018-11-02,538,A,15.234463466496001,1316.2576435052545,2026-08-20T00:09:10-04:00
12117500,2018-11-03,492,A,13.931888523264,1203.7151684100097,2026-08-20T00:09:10-04:00
12117500,2018-11-04,820,A,23.219814205440002,2006.1919473500161,2026-08-20T00:09:10-04:00
12117500,2018-11-05,701,A,19.850109460992002,1715.0494574297088,2026-08-20T00:09:10-04:00
12117500,2018-11-06,555,A,15.71584985856,1357.8494277795839,2026-08-20T00:09:10-04:00
12117500,2018-11-07,672,A,19.028920909824002,1644.0987666087935,2026-08-20T00:09:10-04:00
12117500,2018-11-08,703,A,19.906743154176002,1719.9426085208065,2026-08-20T00:09:10-04:00
12117500,2018-11-09,809,A,22.908328892928001,1979.2796163489793,2026-08-20T00:09:10-04:00
12117500,2018-11-10,797,A,22.568526733824001,1949.9207098023937,2026-08-20T00:09:10-04:00
12117500,2018-11-11,755,A,21.37921917696,1847.1645368893442,2026-08-20T00:09:10-04:00
12117500,2018-11-12,668,A,18.915653523456001,1634.3124644265984,2026-08-20T00:09:10-04:00
12117500,2018-11-13,631,A,17.867930199551999,1543.7891692412929,2026-08-20T00:09:10-04:00
12117500,2018-11-14,458,A,12.969115739136001,1120.5315998613505,2026-08-20T00:09:10-04:00
12117500,2018-11-15,426,A,12.062976648192,1042.2411824037888,2026-08-20T00:09:10-04:00
12117500,2018-11-16,437,A,12.374461960704,1069.1535134048256,2026-08-20T00:09:10-04:00
12117500,2018-11-17,424,A,12.006342955008,1037.3480313126913,2026-08-20T00:09:10-04:00
12117500,2018-11-18,424,A,12.006342955008,1037.3480313126913,2026-08-20T00:09:10-04:00
12117500,2018-11-19,434,A,12.289511420928001,1061.8137867681792,2026-08-20T00:09:10-04:00
12117500,2018-11-20,433,A,12.261194574336001,1059.3672112226304,2026-08-20T00:09:10-04:00
12117500,2018-11-21,433,A,12.261194574336001,1059.3672112226304,2026-08-20T00:09:10-04:00
12117500,2018-11-22,456,A,12.912482045952,1115.6384487702528,2026-08-20T00:09:10-04:00
12117500,2018-11-23,549,A,15.545948779008,1343.1699745062913,2026-08-20T00:09:10-04:00
12117500,2018-11-24,541,A,15.319414006272,1323.5973701419009,2026-08-20T00:09:10-04:00
12117500,2018-11-25,505,A,14.30000752896,1235.520650502144,2026-08-20T00:09:10-04:00
12117500,2018-11-26,532,A,15.064562386944001,1301.5781902319616,2026-08-20T00:09:10-04:00
12117500,2018-11-27,718,A,20.331495853056001,1756.6412417040385,2026-08-20T00:09:10-04:00
12117500,2018-11-28,699,A,19.793475767808001,1710.1563063386113,2026-08-20T00:09:10-04:00
12117500,2018-11-29,637,A,18.037831279104001,1558.4686225145856,2026-08-20T00:09:10-04:00
12117500,2018-11-30,691,A,19.566940995071999,1690.583701974221,2026-08-20T00:09:10-04:00
12117500,2018-12-01,673,A,19.057237756416001,1646.5453421543425,2026-08-20T00:09:10-04:00
12117500,2018-12-02,645,A,18.26436605184,1578.041226878976,2026-08-20T00:09:10-04:00
12117500,2018-12-03,626,A,17.726345966592,1531.5562915135488,2026-08-20T00:09:10-04:00
12117500,2018-12-04,616,A,17.443177500672,1507.0905360580609,2026-08-20T00:09:10-04:00
12117500,2018-12-05,607,A,17.188325881343999,1485.0713561481216,2026-08-20T00:09:10-04:00
12117500,2018-12-06,598,A,16.933474262016002,1463.0521762381825,2026-08-20T00:09:10-04:00
12117500,2018-12-07,571,A,16.168919404032,1396.9946365083649,2026-08-20T00:09:10-04:00
12117500,2018-12-08,485,A,13.73367059712,1186.5891395911681,2026-08-20T00:09:10-04:00
12117500,2018-12-09,501,A,14.186740142592001,1225.7343483199488,2026-08-20T00:09:10-04:00
12117500,2018-12-10,556,A,15.744166705152001,1360.2960033251329,2026-08-20T00:09:10-04:00
12117500,2018-12-11,649,A,18.377633438208001,1587.8275290611712,2026-08-20T00:09:10-04:00
12117500,2018-12-12,713,A,20.189911620096002,1744.4083639762944,2026-08-20T00:09:10-04:00
12117500,2018-12-13,681,A,19.283772529151999,1666.1179465187329,2026-08-20T00:09:10-04:00
12117500,2018-12-14,783,A,22.172090881536,1915.6686521647105,2026-08-20T00:09:10-04:00
12117500,2018-12-15,980,A,27.750509660160002,2397.644034637824,2026-08-20T00:09:10-04:00
12117500,2018-12-16,1100,A,31.148531251200001,2691.23310010368,2026-08-20T00:09:10-04:00
12117500,2018-12-17,1050,A,29.732688921600001,2568.9043228262399,2026-08-20T00:09:10-04:00
12117500,2018-12-18,1030,A,29.166351989760003,2519.9728119152642,2026-08-20T00:09:10-04:00
12117500,2018-12-19,1030,A,29.166351989760003,2519.9728119152642,2026-08-20T00:09:10-04:00
12117500,2018-12-20,1160,A,32.847542046720001,2838.0276328366081,2026-08-20T00:09:10-04:00
12117500,2018-12-21,1090,A,30.865362785280002,2666.7673446481922,2026-08-20T00:09:10-04:00
12117500,2018-12-22,999,A,28.288529745408002,2444.1289700032512,2026-08-20T00:09:10-04:00
12117500,2018-12-23,1030,A,29.166351989760003,2519.9728119152642,2026-08-20T00:09:10-04:00
12117500,2018-12-24,1030,A,29.166351989760003,2519.9728119152642,2026-08-20T00:09:10-04:00
12117500,2018-12-25,994,A,28.146945512447999,2431.8960922755073,2026-08-20T00:09:10-04:00
12117500,2018-12-26,984,A,27.863777046528,2407.4303368200194,2026-08-20T00:09:10-04:00
12117500,2018-12-27,961,A,27.212489574912002,2351.1590992723968,2026-08-20T00:09:10-04:00
12117500,2018-12-28,898,A,25.428528239616,2197.0248399028224,2026-08-20T00:09:10-04:00
12117500,2018-12-29,1140,A,32.281205114880002,2789.0961219256319,2026-08-20T00:09:10-04:00
12117500,2018-12-30,1470,A,41.625764490240002,3596.466051956736,2026-08-20T00:09:10-04:00
12117500,2018-12-31,1240,A,35.112889774080003,3033.7536764805122,2026-08-20T00:09:10-04:00
12117500,2019-01-01,1280,A,36.24556363776,3131.6166983024641,2026-08-20T00:09:10-04:00
12117500,2019-01-02,1230,A,34.829721308160003,3009.2879210250239,2026-08-20T00:09:10-04:00
12117500,2019-01-03,1340,A,37.944574433280003,3278.4112310353921,2026-08-20T00:09:10-04:00
12117500,2019-01-04,1320,A,37.378237501440005,3229.479720124416,2026-08-20T00:09:10-04:00
12117500,2019-01-05,1270,A,35.962395171840001,3107.1509428469762,2026-08-20T00:09:10-04:00
12117500,2019-01-06,1230,A,34.829721308160003,3009.2879210250239,2026-08-20T00:09:10-04:00
12117500,2019-01-07,1220,A,34.546552842240004,2984.8221655695361,2026-08-20T00:09:10-04:00
12117500,2019-01-08,1190,A,33.697047444479999,2911.4248992030721,2026-08-20T00:09:10-04:00
12117500,2019-01-09,1190,A,33.697047444479999,2911.4248992030721,2026-08-20T00:09:10-04:00
12117500,2019-01-10,1220,A,34.546552842240004,2984.8221655695361,2026-08-20T00:09:10-04:00
12117500,2019-01-11,1140,A,32.281205114880002,2789.0961219256319,2026-08-20T00:09:10-04:00
12117500,2019-01-12,944,A,26.731103182847999,2309.5673149980671,2026-08-20T00:09:10-04:00
12117500,2019-01-13,930,A,26.334667330560002,2275.3152573603843,2026-08-20T00:09:10-04:00
12117500,2019-01-14,884,A,25.032092387327999,2162.7727822651391,2026-08-20T00:09:10-04:00
12117500,2019-01-15,707,A,20.020010540544,1729.7289107030017,2026-08-20T00:09:10-04:00
12117500,2019-01-16,697,A,19.736842074624001,1705.2631552475136,2026-08-20T00:09:10-04:00
12117500,2019-01-17,688,A,19.481990455296,1683.2439753375745,2026-08-20T00:09:10-04:00
12117500,2019-01-18,690,A,19.53862414848,1688.137126428672,2026-08-20T00:09:10-04:00
12117500,2019-01-19,742,A,21.011100171264001,1815.3590547972096,2026-08-20T00:09:10-04:00
12117500,2019-01-20,704,A,19.935060000768001,1722.3891840663553,2026-08-20T00:09:10-04:00
12117500,2019-01-21,696,A,19.708525228032002,1702.8165797019649,2026-08-20T00:09:10-04:00
12117500,2019-01-22,710,A,20.104961080319999,1737.0686373396481,2026-08-20T00:09:10-04:00
12117500,2019-01-23,1100,A,31.148531251200001,2691.23310010368,2026-08-20T00:09:10-04:00
12117500,2019-01-24,1010,A,28.60001505792,2471.041301004288,2026-08-20T00:09:10-04:00
12117500,2019-01-25,998,A,28.260212898816,2441.6823944577027,2026-08-20T00:09:10-04:00
12117500,2019-01-26,971,A,27.495658040832001,2375.6248547278847,2026-08-20T00:09:10-04:00
12117500,2019-01-27,1190,A,33.697047444479999,2911.4248992030721,2026-08-20T00:09:10-04:00
12117500,2019-01-28,1210,A,34.263384376319998,2960.3564101140482,2026-08-20T00:09:10-04:00
12117500,2019-01-29,1140,A,32.281205114880002,2789.0961219256319,2026-08-20T00:09:10-04:00
12117500,2019-01-30,932,A,26.391301023743999,2280.2084084514818,2026-08-20T00:09:10-04:00
12117500,2019-01-31,742,A,21.011100171264001,1815.3590547972096,2026-08-20T00:09:10-04:00
12117500,2019-02-01,765,A,21.662387642879999,1871.630292344832,2026-08-20T00:09:10-04:00
12117500,2019-02-02,825,A,23.361398438400002,2018.42482507776,2026-08-20T00:09:10-04:00
12117500,2019-02-03,773,A,21.888922415616001,1891.2028967092224,2026-08-20T00:09:10-04:00
12117500,2019-02-04,761,A,21.549120256512001,1861.8439901626368,2026-08-20T00:09:10-04:00
12117500,2019-02-05,743,A,21.039417017856,1817.8056303427584,2026-08-20T00:09:10-04:00
12117500,2019-02-06,730,A,20.671298012160001,1786.0001482506241,2026-08-20T00:09:10-04:00
12117500,2019-02-07,610,A,17.273276421120002,1492.411082784768,2026-08-20T00:09:10-04:00
12117500,2019-02-08,565,A,15.99901832448,1382.315183235072,2026-08-20T00:09:10-04:00
12117500,2019-02-09,558,A,15.800800398336001,1365.1891544162304,2026-08-20T00:09:10-04:00
12117500,2019-02-10,549,A,15.545948779008,1343.1699745062913,2026-08-20T00:09:10-04:00
12117500,2019-02-11,549,A,15.545948779008,1343.1699745062913,2026-08-20T00:09:10-04:00
12117500,2019-02-12,557,A,15.772483551744001,1362.7425788706817,2026-08-20T00:09:10-04:00
12117500,2019-02-13,565,A,15.99901832448,1382.315183235072,2026-08-20T00:09:10-04:00
12117500,2019-02-14,562,A,15.914067784704001,1374.9754565984256,2026-08-20T00:09:10-04:00
12117500,2019-02-15,576,A,16.310503636991999,1409.2275142361088,2026-08-20T00:09:10-04:00
12117500,2019-02-16,522,A,14.781393921024,1277.1124347764737,2026-08-20T00:09:10-04:00
12117500,2019-02-17,510,A,14.44159176192,1247.7535282298879,2026-08-20T00:09:10-04:00
12117500,2019-02-18,506,A,14.328324375552,1237.9672260476927,2026-08-20T00:09:10-04:00
12117500,2019-02-19,512,A,14.498225455104,1252.6466793209856,2026-08-20T00:09:10-04:00
12117500,2019-02-20,524,A,14.838027614208,1282.0055858675712,2026-08-20T00:09:10-04:00
12117500,2019-02-21,508,A,14.384958068736001,1242.8603771387905,2026-08-20T00:09:10-04:00
12117500,2019-02-22,507,A,14.356641222144001,1240.4138015932417,2026-08-20T00:09:10-04:00
12117500,2019-02-23,506,A,14.328324375552,1237.9672260476927,2026-08-20T00:09:10-04:00
12117500,2019-02-24,503,A,14.243373835776,1230.6274994110465,2026-08-20T00:09:10-04:00
12117500,2019-02-25,497,A,14.073472756224,1215.9480461377536,2026-08-20T00:09:10-04:00
12117500,2019-02-26,491,A,13.903571676672,1201.2685928644607,2026-08-20T00:09:10-04:00
12117500,2019-02-27,487,A,13.790304290304,1191.4822906822656,2026-08-20T00:09:10-04:00
12117500,2019-02-28,485,A,13.73367059712,1186.5891395911681,2026-08-20T00:09:10-04:00
12117500,2019-03-01,484,A,13.705353750528001,1184.1425640456193,2026-08-20T00:09:10-04:00
12117500,2019-03-02,482,A,13.648720057344001,1179.2494129545216,2026-08-20T00:09:10-04:00
12117500,2019-03-03,478,A,13.535452670976001,1169.4631107723264,2026-08-20T00:09:10-04:00
12117500,2019-03-04,474,A,13.422185284608,1159.6768085901313,2026-08-20T00:09:10-04:00
12117500,2019-03-05,471,A,13.337234744832001,1152.3370819534848,2026-08-20T00:09:10-04:00
12117500,2019-03-06,469,A,13.280601051648,1147.4439308623873,2026-08-20T00:09:10-04:00
12117500,2019-03-07,469,A,13.280601051648,1147.4439308623873,2026-08-20T00:09:10-04:00
12117500,2019-03-08,468,A,13.252284205056,1144.9973553168384,2026-08-20T00:09:10-04:00
12117500,2019-03-09,498,A,14.101789602816,1218.3946216833024,2026-08-20T00:09:10-04:00
12117500,2019-03-10,504,A,14.271690682368,1233.0740749565953,2026-08-20T00:09:10-04:00
12117500,2019-03-11,505,A,14.30000752896,1235.520650502144,2026-08-20T00:09:10-04:00
12117500,2019-03-12,545,A,15.432681392640001,1333.3836723240961,2026-08-20T00:09:10-04:00
12117500,2019-03-13,533,A,15.092879233536001,1304.0247657775105,2026-08-20T00:09:10-04:00
12117500,2019-03-14,529,A,14.979611847168,1294.2384635953154,2026-08-20T00:09:10-04:00
12117500,2019-03-15,528,A,14.951295000576,1291.7918880497664,2026-08-20T00:09:10-04:00
12117500,2019-03-16,539,A,15.262780313088001,1318.7042190508032,2026-08-20T00:09:10-04:00
12117500,2019-03-17,532,A,15.064562386944001,1301.5781902319616,2026-08-20T00:09:10-04:00
12117500,2019-03-18,568,A,16.083968864256001,1389.6549098717185,2026-08-20T00:09:10-04:00
12117500,2019-03-19,604,A,17.103375341568,1477.7316295114751,2026-08-20T00:09:10-04:00
12117500,2019-03-20,606,A,17.160009034752001,1482.6247806025729,2026-08-20T00:09:10-04:00
12117500,2019-03-21,547,A,15.489315085824,1338.2768234151936,2026-08-20T00:09:10-04:00
12117500,2019-03-22,510,A,14.44159176192,1247.7535282298879,2026-08-20T00:09:10-04:00
12117500,2019-03-23,510,A,14.44159176192,1247.7535282298879,2026-08-20T00:09:10-04:00
12117500,2019-03-24,478,A,13.535452670976001,1169.4631107723264,2026-08-20T00:09:10-04:00
12117500,2019-03-25,464,A,13.139016818688001,1135.2110531346432,2026-08-20T00:09:10-04:00
12117500,2019-03-26,504,A,14.271690682368,1233.0740749565953,2026-08-20T00:09:10-04:00
12117500,2019-03-27,470,A,13.308917898240001,1149.8905064079361,2026-08-20T00:09:10-04:00
12117500,2019-03-28,450,A,12.7425809664,1100.9589954969601,2026-08-20T00:09:10-04:00
12117500,2019-03-29,438,A,12.402778807296,1071.6000889503744,2026-08-20T00:09:10-04:00
12117500,2019-03-30,429,A,12.147927187968,1049.5809090404352,2026-08-20T00:09:10-04:00
12117500,2019-03-31,422,A,11.949709261824001,1032.4548802215936,2026-08-20T00:09:10-04:00
12117500,2019-04-01,415,A,11.751491335680001,1015.328851402752,2026-08-20T00:09:10-04:00
12117500,2019-04-02,417,A,11.808125028864,1020.2220024938497,2026-08-20T00:09:10-04:00
12117500,2019-04-03,473,A,13.393868438016,1157.2302330445825,2026-08-20T00:09:10-04:00
12117500,2019-04-04,468,A,13.252284205056,1144.9973553168384,2026-08-20T00:09:10-04:00
12117500,2019-04-05,473,A,13.393868438016,1157.2302330445825,2026-08-20T00:09:10-04:00
12117500,2019-04-06,472,A,13.365551591424,1154.7836574990336,2026-08-20T00:09:10-04:00
12117500,2019-04-07,497,A,14.073472756224,1215.9480461377536,2026-08-20T00:09:10-04:00
12117500,2019-04-08,450,A,12.7425809664,1100.9589954969601,2026-08-20T00:09:10-04:00
12117500,2019-04-09,623,A,17.641395426816,1524.2165648769023,2026-08-20T00:09:10-04:00
12117500,2019-04-10,665,A,18.830702983680002,1626.9727377899521,2026-08-20T00:09:10-04:00
12117500,2019-04-11,999,A,28.288529745408002,2444.1289700032512,2026-08-20T00:09:10-04:00
12117500,2019-04-12,1120,A,31.71486818304,2740.1646110146562,2026-08-20T00:09:10-04:00
12117500,2019-04-13,924,A,26.164766251008,2260.6358040870914,2026-08-20T00:09:10-04:00
12117500,2019-04-14,760,A,21.520803409919999,1859.3974146170881,2026-08-20T00:09:10-04:00
12117500,2019-04-15,688,A,19.481990455296,1683.2439753375745,2026-08-20T00:09:10-04:00
12117500,2019-04-16,865,A,24.494072302079999,2116.2878468997119,2026-08-20T00:09:10-04:00
12117500,2019-04-17,866,A,24.522389148672001,2118.7344224452609,2026-08-20T00:09:10-04:00
12117500,2019-04-18,903,A,25.570112472576,2209.2577176305663,2026-08-20T00:09:10-04:00
12117500,2019-04-19,1060,A,30.015857387520001,2593.3700782817282,2026-08-20T00:09:10-04:00
12117500,2019-04-20,1020,A,28.88318352384,2495.5070564597759,2026-08-20T00:09:10-04:00
12117500,2019-04-21,923,A,26.136449404416002,2258.1892285415424,2026-08-20T00:09:10-04:00
12117500,2019-04-22,771,A,21.832288722432001,1886.3097456181249,2026-08-20T00:09:10-04:00
12117500,2019-04-23,774,A,21.917239262208,1893.6494722547714,2026-08-20T00:09:10-04:00
12117500,2019-04-24,753,A,21.322585483775999,1842.2713857982465,2026-08-20T00:09:10-04:00
12117500,2019-04-25,649,A,18.377633438208001,1587.8275290611712,2026-08-20T00:09:10-04:00
12117500,2019-04-26,623,A,17.641395426816,1524.2165648769023,2026-08-20T00:09:10-04:00
12117500,2019-04-27,624,A,17.669712273407999,1526.6631404224513,2026-08-20T00:09:10-04:00
12117500,2019-04-28,611,A,17.301593267712001,1494.8576583303168,2026-08-20T00:09:10-04:00
12117500,2019-04-29,598,A,16.933474262016002,1463.0521762381825,2026-08-20T00:09:10-04:00
12117500,2019-04-30,507,A,14.356641222144001,1240.4138015932417,2026-08-20T00:09:10-04:00
12117500,2019-05-01,482,A,13.648720057344001,1179.2494129545216,2026-08-20T00:09:10-04:00
12117500,2019-05-02,445,A,12.600996733440001,1088.726117769216,2026-08-20T00:09:10-04:00
12117500,2019-05-03,430,A,12.17624403456,1052.027484585984,2026-08-20T00:09:10-04:00
12117500,2019-05-04,424,A,12.006342955008,1037.3480313126913,2026-08-20T00:09:10-04:00
12117500,2019-05-05,418,A,11.836441875456,1022.6685780393984,2026-08-20T00:09:10-04:00
12117500,2019-05-06,414,A,11.723174489088001,1012.8822758572032,2026-08-20T00:09:10-04:00
12117500,2019-05-07,417,A,11.808125028864,1020.2220024938497,2026-08-20T00:09:10-04:00
12117500,2019-05-08,457,A,12.940798892544001,1118.0850243158015,2026-08-20T00:09:10-04:00
12117500,2019-05-09,455,A,12.88416519936,1113.1918732247041,2026-08-20T00:09:10-04:00
12117500,2019-05-10,453,A,12.827531506176001,1108.2987221336064,2026-08-20T00:09:10-04:00
12117500,2019-05-11,452,A,12.799214659584001,1105.8521465880576,2026-08-20T00:09:10-04:00
12117500,2019-05-12,449,A,12.714264119808,1098.5124199514112,2026-08-20T00:09:10-04:00
12117500,2019-05-13,447,A,12.657630426624001,1093.6192688603137,2026-08-20T00:09:10-04:00
12117500,2019-05-14,450,A,12.7425809664,1100.9589954969601,2026-08-20T00:09:10-04:00
12117500,2019-05-15,456,A,12.912482045952,1115.6384487702528,2026-08-20T00:09:10-04:00
12117500,2019-05-16,456,A,12.912482045952,1115.6384487702528,2026-08-20T00:09:10-04:00
12117500,2019-05-17,526,A,14.894661307392001,1286.8987369586689,2026-08-20T00:09:10-04:00
12117500,2019-05-18,470,A,13.308917898240001,1149.8905064079361,2026-08-20T00:09:10-04:00
12117500,2019-05-19,456,A,12.912482045952,1115.6384487702528,2026-08-20T00:09:10-04:00
12117500,2019-05-20,462,A,13.082383125504,1130.3179020435457,2026-08-20T00:09:10-04:00
12117500,2019-05-21,446,A,12.629313580032001,1091.1726933147647,2026-08-20T00:09:10-04:00
12117500,2019-05-22,442,A,12.516046193664,1081.3863911325695,2026-08-20T00:09:10-04:00
12117500,2019-05-23,466,A,13.195650511872,1140.1042042257409,2026-08-20T00:09:10-04:00
12117500,2019-05-24,466,A,13.195650511872,1140.1042042257409,2026-08-20T00:09:10-04:00
12117500,2019-05-25,445,A,12.600996733440001,1088.726117769216,2026-08-20T00:09:10-04:00
12117500,2019-05-26,437,A,12.374461960704,1069.1535134048256,2026-08-20T00:09:10-04:00
12117500,2019-05-27,429,A,12.147927187968,1049.5809090404352,2026-08-20T00:09:10-04:00
12117500,2019-05-28,424,A,12.006342955008,1037.3480313126913,2026-08-20T00:09:10-04:00
12117500,2019-05-29,430,A,12.17624403456,1052.027484585984,2026-08-20T00:09:10-04:00
12117500,2019-05-30,440,A,12.459412500480001,1076.4932400414721,2026-08-20T00:09:10-04:00
12117500,2019-05-31,453,A,12.827531506176001,1108.2987221336064,2026-08-20T00:09:10-04:00
12117500,2019-06-01,453,A,12.827531506176001,1108.2987221336064,2026-08-20T00:09:10-04:00
12117500,2019-06-02,451,A,12.770897812992001,1103.4055710425089,2026-08-20T00:09:10-04:00
12117500,2019-06-03,459,A,12.997432585728001,1122.9781754068993,2026-08-20T00:09:10-04:00
12117500,2019-06-04,475,A,13.4505021312,1162.12338413568,2026-08-20T00:09:10-04:00
12117500,2019-06-05,474,A,13.422185284608,1159.6768085901313,2026-08-20T00:09:10-04:00
12117500,2019-06-06,481,A,13.620403210752,1176.8028374089729,2026-08-20T00:09:10-04:00
12117500,2019-06-07,485,A,13.73367059712,1186.5891395911681,2026-08-20T00:09:10-04:00
12117500,2019-06-08,449,A,12.714264119808,1098.5124199514112,2026-08-20T00:09:10-04:00
12117500,2019-06-09,391,A,11.071887017472001,956.61103830958086,2026-08-20T00:09:10-04:00
12117500,2019-06-10,355,A,10.052480540159999,868.53431866982407,2026-08-20T00:09:10-04:00
12117500,2019-06-11,341,A,9.6560446878720008,834.28226103214081,2026-08-20T00:09:10-04:00
12117500,2019-06-12,337,A,9.5427773015039996,824.49595884994562,2026-08-20T00:09:10-04:00
12117500,2019-06-13,333,A,9.4295099151360002,814.70965666775044,2026-08-20T00:09:10-04:00
12117500,2019-06-14,333,A,9.4295099151360002,814.70965666775044,2026-08-20T00:09:10-04:00
12117500,2019-06-15,331,A,9.3728762219519997,809.81650557665284,2026-08-20T00:09:10-04:00
12117500,2019-06-16,343,A,9.7126783810559996,839.1754121232384,2026-08-20T00:09:10-04:00
12117500,2019-06-17,471,A,13.337234744832001,1152.3370819534848,2026-08-20T00:09:10-04:00
12117500,2019-06-18,479,A,13.563769517568,1171.9096863178752,2026-08-20T00:09:10-04:00
12117500,2019-06-19,473,A,13.393868438016,1157.2302330445825,2026-08-20T00:09:10-04:00
12117500,2019-06-20,506,A,14.328324375552,1237.9672260476927,2026-08-20T00:09:10-04:00
12117500,2019-06-21,467,A,13.223967358464,1142.5507797712896,2026-08-20T00:09:10-04:00
12117500,2019-06-22,461,A,13.054066278912,1127.8713264979967,2026-08-20T00:09:10-04:00
12117500,2019-06-23,464,A,13.139016818688001,1135.2110531346432,2026-08-20T00:09:10-04:00
12117500,2019-06-24,448,A,12.685947273216,1096.0658444058624,2026-08-20T00:09:10-04:00
12117500,2019-06-25,395,A,11.18515440384,966.39734049177605,2026-08-20T00:09:10-04:00
12117500,2019-06-26,445,A,12.600996733440001,1088.726117769216,2026-08-20T00:09:10-04:00
12117500,2019-06-27,459,A,12.997432585728001,1122.9781754068993,2026-08-20T00:09:10-04:00
12117500,2019-06-28,454,A,12.855848352768,1110.7452976791553,2026-08-20T00:09:10-04:00
12117500,2019-06-29,443,A,12.544363040256,1083.8329666781185,2026-08-20T00:09:10-04:00
12117500,2019-06-30,439,A,12.431095653888001,1074.0466644959233,2026-08-20T00:09:10-04:00
12117500,2019-07-01,438,A,12.402778807296,1071.6000889503744,2026-08-20T00:09:10-04:00
12117500,2019-07-02,452,A,12.799214659584001,1105.8521465880576,2026-08-20T00:09:10-04:00
12117500,2019-07-03,465,A,13.167333665280001,1137.6576286801921,2026-08-20T00:09:10-04:00
12117500,2019-07-04,456,A,12.912482045952,1115.6384487702528,2026-08-20T00:09:10-04:00
12117500,2019-07-05,449,A,12.714264119808,1098.5124199514112,2026-08-20T00:09:10-04:00
12117500,2019-07-06,448,A,12.685947273216,1096.0658444058624,2026-08-20T00:09:10-04:00
12117500,2019-07-07,445,A,12.600996733440001,1088.726117769216,2026-08-20T00:09:10-04:00
12117500,2019-07-08,453,A,12.827531506176001,1108.2987221336064,2026-08-20T00:09:10-04:00
12117500,2019-07-09,445,A,12.600996733440001,1088.726117769216,2026-08-20T00:09:10-04:00
12117500,2019-07-10,452,A,12.799214659584001,1105.8521465880576,2026-08-20T00:09:10-04:00
12117500,2019-07-11,440,A,12.459412500480001,1076.4932400414721,2026-08-20T00:09:10-04:00
12117500,2019-07-12,404,A,11.440006023168001,988.41652040171527,2026-08-20T00:09:10-04:00
12117500,2019-07-13,394,A,11.156837557248,963.9507649462272,2026-08-20T00:09:10-04:00
12117500,2019-07-14,398,A,11.270104943615999,973.73706712842238,2026-08-20T00:09:10-04:00
12117500,2019-07-15,395,A,11.18515440384,966.39734049177605,2026-08-20T00:09:10-04:00
12117500,2019-07-16,408,A,11.553273409536001,998.20282258391046,2026-08-20T00:09:10-04:00
12117500,2019-07-17,408,A,11.553273409536001,998.20282258391046,2026-08-20T00:09:10-04:00
12117500,2019-07-18,428,A,12.119610341376001,1047.1343334948865,2026-08-20T00:09:10-04:00
12117500,2019-07-19,400,A,11.3267386368,978.63021821951997,2026-08-20T00:09:10-04:00
12117500,2019-07-20,371,A,10.505550085632001,907.67952739860482,2026-08-20T00:09:10-04:00
12117500,2019-07-21,358,A,10.137431079936,875.87404530647041,2026-08-20T00:09:10-04:00
12117500,2019-07-22,345,A,9.7693120742400001,844.068563214336,2026-08-20T00:09:10-04:00
12117500,2019-07-23,342,A,9.6843615344640011,836.72883657768966,2026-08-20T00:09:10-04:00
12117500,2019-07-24,319,A,9.0330740628479997,780.45759903006717,2026-08-20T00:09:10-04:00
12117500,2019-07-25,310,A,8.7782224435200007,758.43841912012806,2026-08-20T00:09:10-04:00
12117500,2019-07-26,292,A,8.2685192048640008,714.40005930024961,2026-08-20T00:09:10-04:00
12117500,2019-07-27,290,A,8.2118855116800002,709.50690820915202,2026-08-20T00:09:10-04:00
12117500,2019-07-28,287,A,8.1269349719039994,702.16718157250557,2026-08-20T00:09:10-04:00
12117500,2019-07-29,283,A,8.013667585536,692.38087939031038,2026-08-20T00:09:10-04:00
12117500,2019-07-30,285,A,8.0703012787200006,697.27403048140798,2026-08-20T00:09:10-04:00
12117500,2019-07-31,299,A,8.4667371310080011,731.52608811909124,2026-08-20T00:09:10-04:00
12117500,2019-08-01,300,A,8.4950539775999996,733.97266366463998,2026-08-20T00:09:10-04:00
12117500,2019-08-02,319,A,9.0330740628479997,780.45759903006717,2026-08-20T00:09:10-04:00
12117500,2019-08-03,315,A,8.9198066764800004,770.67129684787199,2026-08-20T00:09:10-04:00
12117500,2019-08-04,311,A,8.806539290112001,760.8849946656768,2026-08-20T00:09:10-04:00
12117500,2019-08-05,311,A,8.806539290112001,760.8849946656768,2026-08-20T00:09:10-04:00
12117500,2019-08-06,309,A,8.7499055969280004,755.99184357457921,2026-08-20T00:09:10-04:00
12117500,2019-08-07,306,A,8.6649550571519995,748.65211693793287,2026-08-20T00:09:10-04:00
12117500,2019-08-08,302,A,8.5516876707840002,738.86581475573757,2026-08-20T00:09:10-04:00
12117500,2019-08-09,302,A,8.5516876707840002,738.86581475573757,2026-08-20T00:09:10-04:00
12117500,2019-08-10,309,A,8.7499055969280004,755.99184357457921,2026-08-20T00:09:10-04:00
12117500,2019-08-11,313,A,8.8631729832959998,765.77814575677439,2026-08-20T00:09:10-04:00
12117500,2019-08-12,303,A,8.5800045173760005,741.31239030128643,2026-08-20T00:09:10-04:00
12117500,2019-08-13,296,A,8.3817865912320002,724.1863614824448,2026-08-20T00:09:10-04:00
12117500,2019-08-14,294,A,8.3251528980479996,719.2932103913472,2026-08-20T00:09:10-04:00
12117500,2019-08-15,287,A,8.1269349719039994,702.16718157250557,2026-08-20T00:09:10-04:00
12117500,2019-08-16,265,A,7.5039643468800001,648.34251957043205,2026-08-20T00:09:10-04:00
12117500,2019-08-17,263,A,7.4473306536960004,643.44936847933445,2026-08-20T00:09:10-04:00
12117500,2019-08-18,260,A,7.3623801139200005,636.10964184268801,2026-08-20T00:09:10-04:00
12117500,2019-08-19,257,A,7.2774295741440005,628.76991520604167,2026-08-20T00:09:10-04:00
12117500,2019-08-20,255,A,7.2207958809599999,623.87676411494397,2026-08-20T00:09:10-04:00
12117500,2019-08-21,259,A,7.3340632673280002,633.66306629713927,2026-08-20T00:09:10-04:00
12117500,2019-08-22,266,A,7.5322811934720004,650.78909511598079,2026-08-20T00:09:10-04:00
12117500,2019-08-23,256,A,7.2491127275520002,626.32333966049282,2026-08-20T00:09:10-04:00
12117500,2019-08-24,252,A,7.1358453411839999,616.53703747829763,2026-08-20T00:09:10-04:00
12117500,2019-08-25,249,A,7.050894801408,609.19731084165119,2026-08-20T00:09:10-04:00
12117500,2019-08-26,247,A,6.9942611082240003,604.30415975055359,2026-08-20T00:09:10-04:00
12117500,2019-08-27,246,A,6.965944261632,601.85758420500485,2026-08-20T00:09:10-04:00
12117500,2019-08-28,245,A,6.9376274150400006,599.411008659456,2026-08-20T00:09:10-04:00
12117500,2019-08-29,243,A,6.880993721856,594.51785756835841,2026-08-20T00:09:10-04:00
12117500,2019-08-30,244,A,6.9093105684480003,596.96443311390726,2026-08-20T00:09:10-04:00
12117500,2019-08-31,244,A,6.9093105684480003,596.96443311390726,2026-08-20T00:09:10-04:00
12117500,2019-09-01,242,A,6.8526768752640006,592.07128202280967,2026-08-20T00:09:10-04:00
12117500,2019-09-02,241,A,6.8243600286720003,589.62470647726082,2026-08-20T00:09:10-04:00
12117500,2019-09-03,238,A,6.7394094888960003,582.28497984061437,2026-08-20T00:09:10-04:00
12117500,2019-09-04,239,A,6.7677263354880006,584.73155538616322,2026-08-20T00:09:10-04:00
12117500,2019-09-05,241,A,6.8243600286720003,589.62470647726082,2026-08-20T00:09:10-04:00
12117500,2019-09-06,238,A,6.7394094888960003,582.28497984061437,2026-08-20T00:09:10-04:00
12117500,2019-09-07,239,A,6.7677263354880006,584.73155538616322,2026-08-20T00:09:10-04:00
12117500,2019-09-08,243,A,6.880993721856,594.51785756835841,2026-08-20T00:09:10-04:00
12117500,2019-09-09,273,A,7.7304991196159998,667.91512393482242,2026-08-20T00:09:10-04:00
12117500,2019-09-10,262,A,7.4190138071040002,641.0027929337856,2026-08-20T00:09:10-04:00
12117500,2019-09-11,245,A,6.9376274150400006,599.411008659456,2026-08-20T00:09:10-04:00
12117500,2019-09-12,241,A,6.8243600286720003,589.62470647726082,2026-08-20T00:09:10-04:00
12117500,2019-09-13,272,A,7.7021822730240004,665.46854838927356,2026-08-20T00:09:10-04:00
12117500,2019-09-14,265,A,7.5039643468800001,648.34251957043205,2026-08-20T00:09:10-04:00
12117500,2019-09-15,315,A,8.9198066764800004,770.67129684787199,2026-08-20T00:09:10-04:00
12117500,2019-09-16,311,A,8.806539290112001,760.8849946656768,2026-08-20T00:09:10-04:00
12117500,2019-09-17,311,A,8.806539290112001,760.8849946656768,2026-08-20T00:09:10-04:00
12117500,2019-09-18,343,A,9.7126783810559996,839.1754121232384,2026-08-20T00:09:10-04:00
12117500,2019-09-19,302,A,8.5516876707840002,738.86581475573757,2026-08-20T00:09:10-04:00
12117500,2019-09-20,296,A,8.3817865912320002,724.1863614824448,2026-08-20T00:09:10-04:00
12117500,2019-09-21,285,A,8.0703012787200006,697.27403048140798,2026-08-20T00:09:10-04:00
12117500,2019-09-22,314,A,8.8914898298880001,768.22472130232325,2026-08-20T00:09:10-04:00
12117500,2019-09-23,396,A,11.213471250432001,968.84391603732479,2026-08-20T00:09:10-04:00
12117500,2019-09-24,394,A,11.156837557248,963.9507649462272,2026-08-20T00:09:10-04:00
12117500,2019-09-25,412,A,11.666540795904,1007.9891247661056,2026-08-20T00:09:10-04:00
12117500,2019-09-26,440,A,12.459412500480001,1076.4932400414721,2026-08-20T00:09:10-04:00
12117500,2019-09-27,422,A,11.949709261824001,1032.4548802215936,2026-08-20T00:09:10-04:00
12117500,2019-09-28,413,A,11.694857642496,1010.4357003116544,2026-08-20T00:09:10-04:00
12117500,2019-09-29,432,A,12.232877727744,1056.9206356770817,2026-08-20T00:09:10-04:00
12117500,2019-09-30,394,A,11.156837557248,963.9507649462272,2026-08-20T00:09:10-04:00
12117500,2019-10-01,335,A,9.4861436083200008,819.60280775884803,2026-08-20T00:09:10-04:00
12117500,2019-10-02,325,A,9.2029751423999997,795.13705230336006,2026-08-20T00:09:10-04:00
12117500,2019-10-03,320,A,9.06139090944,782.90417457561603,2026-08-20T00:09:10-04:00
12117500,2019-10-04,319,A,9.0330740628479997,780.45759903006717,2026-08-20T00:09:10-04:00
12117500,2019-10-05,313,A,8.8631729832959998,765.77814575677439,2026-08-20T00:09:10-04:00
12117500,2019-10-06,309,A,8.7499055969280004,755.99184357457921,2026-08-20T00:09:10-04:00
12117500,2019-10-07,322,A,9.1180246026240006,787.79732566671362,2026-08-20T00:09:10-04:00
12117500,2019-10-08,470,A,13.308917898240001,1149.8905064079361,2026-08-20T00:09:10-04:00
12117500,2019-10-09,466,A,13.195650511872,1140.1042042257409,2026-08-20T00:09:10-04:00
12117500,2019-10-10,452,A,12.799214659584001,1105.8521465880576,2026-08-20T00:09:10-04:00
12117500,2019-10-11,444,A,12.572679886848,1086.2795422236672,2026-08-20T00:09:10-04:00
12117500,2019-10-12,439,A,12.431095653888001,1074.0466644959233,2026-08-20T00:09:10-04:00
12117500,2019-10-13,434,A,12.289511420928001,1061.8137867681792,2026-08-20T00:09:10-04:00
12117500,2019-10-14,443,A,12.544363040256,1083.8329666781185,2026-08-20T00:09:10-04:00
12117500,2019-10-15,467,A,13.223967358464,1142.5507797712896,2026-08-20T00:09:10-04:00
12117500,2019-10-16,481,A,13.620403210752,1176.8028374089729,2026-08-20T00:09:10-04:00
12117500,2019-10-17,520,A,14.724760227840001,1272.219283685376,2026-08-20T00:09:10-04:00
12117500,2019-10-18,539,A,15.262780313088001,1318.7042190508032,2026-08-20T00:09:10-04:00
12117500,2019-10-19,720,A,20.388129546240002,1761.534392795136,2026-08-20T00:09:10-04:00
12117500,2019-10-20,740,A,20.954466478080001,1810.4659037061122,2026-08-20T00:09:10-04:00
12117500,2019-10-21,648,A,18.349316591615999,1585.3809535156224,2026-08-20T00:09:10-04:00
12117500,2019-10-22,1360,A,38.510911365120002,3327.3427419463683,2026-08-20T00:09:10-04:00
12117500,2019-10-23,1120,A,31.71486818304,2740.1646110146562,2026-08-20T00:09:10-04:00
12117500,2019-10-24,1210,A,34.263384376319998,2960.3564101140482,2026-08-20T00:09:10-04:00
12117500,2019-10-25,1190,A,33.697047444479999,2911.4248992030721,2026-08-20T00:09:10-04:00
12117500,2019-10-26,1220,A,34.546552842240004,2984.8221655695361,2026-08-20T00:09:10-04:00
12117500,2019-10-27,1160,A,32.847542046720001,2838.0276328366081,2026-08-20T00:09:10-04:00
12117500,2019-10-28,1040,A,29.449520455680002,2544.438567370752,2026-08-20T00:09:10-04:00
12117500,2019-10-29,639,A,18.094464972288002,1563.3617736056833,2026-08-20T00:09:10-04:00
12117500,2019-10-30,520,A,14.724760227840001,1272.219283685376,2026-08-20T00:09:10-04:00
12117500,2019-10-31,516,A,14.611492841472,1262.4329815031808,2026-08-20T00:09:10-04:00
12117500,2019-11-01,540,A,15.29109715968,1321.1507945963519,2026-08-20T00:09:10-04:00
12117500,2019-11-02,529,A,14.979611847168,1294.2384635953154,2026-08-20T00:09:10-04:00
12117500,2019-11-03,519,A,14.696443381248001,1269.7727081398273,2026-08-20T00:09:10-04:00
12117500,2019-11-04,514,A,14.554859148288001,1257.5398304120833,2026-08-20T00:09:10-04:00
12117500,2019-11-05,507,A,14.356641222144001,1240.4138015932417,2026-08-20T00:09:10-04:00
12117500,2019-11-06,491,A,13.903571676672,1201.2685928644607,2026-08-20T00:09:10-04:00
12117500,2019-11-07,457,A,12.940798892544001,1118.0850243158015,2026-08-20T00:09:10-04:00
12117500,2019-11-08,452,A,12.799214659584001,1105.8521465880576,2026-08-20T00:09:10-04:00
12117500,2019-11-09,452,A,12.799214659584001,1105.8521465880576,2026-08-20T00:09:10-04:00
12117500,2019-11-10,457,A,12.940798892544001,1118.0850243158015,2026-08-20T00:09:10-04:00
12117500,2019-11-11,450,A,12.7425809664,1100.9589954969601,2026-08-20T00:09:10-04:00
12117500,2019-11-12,450,A,12.7425809664,1100.9589954969601,2026-08-20T00:09:10-04:00
12117500,2019-11-13,446,A,12.629313580032001,1091.1726933147647,2026-08-20T00:09:10-04:00
12117500,2019-11-14,474,A,13.422185284608,1159.6768085901313,2026-08-20T00:09:10-04:00
12117500,2019-11-15,474,A,13.422185284608,1159.6768085901313,2026-08-20T00:09:10-04:00
12117500,2019-11-16,447,A,12.657630426624001,1093.6192688603137,2026-08-20T00:09:10-04:00
12117500,2019-11-17,468,A,13.252284205056,1144.9973553168384,2026-08-20T00:09:10-04:00
12117500,2019-11-18,465,A,13.167333665280001,1137.6576286801921,2026-08-20T00:09:10-04:00
12117500,2019-11-19,529,A,14.979611847168,1294.2384635953154,2026-08-20T00:09:10-04:00
12117500,2019-11-20,496,A,14.045155909632001,1213.5014705922049,2026-08-20T00:09:10-04:00
12117500,2019-11-21,476,A,13.478818977792001,1164.5699596812287,2026-08-20T00:09:10-04:00
12117500,2019-11-22,465,A,13.167333665280001,1137.6576286801921,2026-08-20T00:09:10-04:00
12117500,2019-11-23,457,A,12.940798892544001,1118.0850243158015,2026-08-20T00:09:10-04:00
12117500,2019-11-24,493,A,13.960205369856,1206.1617439555584,2026-08-20T00:09:10-04:00
12117500,2019-11-25,495,A,14.016839063040001,1211.0548950466559,2026-08-20T00:09:10-04:00
12117500,2019-11-26,484,A,13.705353750528001,1184.1425640456193,2026-08-20T00:09:10-04:00
12117500,2019-11-27,472,A,13.365551591424,1154.7836574990336,2026-08-20T00:09:10-04:00
12117500,2019-11-28,464,A,13.139016818688001,1135.2110531346432,2026-08-20T00:09:10-04:00
12117500,2019-11-29,459,A,12.997432585728001,1122.9781754068993,2026-08-20T00:09:10-04:00
12117500,2019-11-30,453,A,12.827531506176001,1108.2987221336064,2026-08-20T00:09:10-04:00
12117500,2019-12-01,450,A,12.7425809664,1100.9589954969601,2026-08-20T00:09:10-04:00
12117500,2019-12-02,446,A,12.629313580032001,1091.1726933147647,2026-08-20T00:09:10-04:00
12117500,2019-12-03,441,A,12.487729347072001,1078.9398155870208,2026-08-20T00:09:10-04:00
12117500,2019-12-04,459,A,12.997432585728001,1122.9781754068993,2026-08-20T00:09:10-04:00
12117500,2019-12-05,457,A,12.940798892544001,1118.0850243158015,2026-08-20T00:09:10-04:00
12117500,2019-12-06,450,A,12.7425809664,1100.9589954969601,2026-08-20T00:09:10-04:00
12117500,2019-12-07,468,A,13.252284205056,1144.9973553168384,2026-08-20T00:09:10-04:00
12117500,2019-12-08,464,A,13.139016818688001,1135.2110531346432,2026-08-20T00:09:10-04:00
12117500,2019-12-09,456,A,12.912482045952,1115.6384487702528,2026-08-20T00:09:10-04:00
12117500,2019-12-10,471,A,13.337234744832001,1152.3370819534848,2026-08-20T00:09:10-04:00
12117500,2019-12-11,570,A,16.140602557440001,1394.548060962816,2026-08-20T00:09:10-04:00
12117500,2019-12-12,635,A,17.98119758592,1553.5754714234881,2026-08-20T00:09:10-04:00
12117500,2019-12-13,672,A,19.028920909824002,1644.0987666087935,2026-08-20T00:09:10-04:00
12117500,2019-12-14,550,A,15.574265625600001,1345.61655005184,2026-08-20T00:09:10-04:00
12117500,2019-12-15,463,A,13.110699972096,1132.7644775890944,2026-08-20T00:09:10-04:00
12117500,2019-12-16,443,A,12.544363040256,1083.8329666781185,2026-08-20T00:09:10-04:00
12117500,2019-12-17,451,A,12.770897812992001,1103.4055710425089,2026-08-20T00:09:10-04:00
12117500,2019-12-18,440,A,12.459412500480001,1076.4932400414721,2026-08-20T00:09:10-04:00
12117500,2019-12-19,469,A,13.280601051648,1147.4439308623873,2026-08-20T00:09:10-04:00
12117500,2019-12-20,1300,A,36.811900569599999,3180.5482092134403,2026-08-20T00:09:10-04:00
12117500,2019-12-21,1190,A,33.697047444479999,2911.4248992030721,2026-08-20T00:09:10-04:00
12117500,2019-12-22,852,A,24.125953296384001,2084.4823648075776,2026-08-20T00:09:10-04:00
12117500,2019-12-23,765,A,21.662387642879999,1871.630292344832,2026-08-20T00:09:10-04:00
12117500,2019-12-24,672,A,19.028920909824002,1644.0987666087935,2026-08-20T00:09:10-04:00
12117500,2019-12-25,614,A,17.386543807488,1502.1973849669632,2026-08-20T00:09:10-04:00
12117500,2019-12-26,576,A,16.310503636991999,1409.2275142361088,2026-08-20T00:09:10-04:00
12117500,2019-12-27,584,A,16.537038409728002,1428.8001186004992,2026-08-20T00:09:10-04:00
12117500,2019-12-28,696,A,19.708525228032002,1702.8165797019649,2026-08-20T00:09:10-04:00
12117500,2019-12-29,693,A,19.623574688255999,1695.4768530653184,2026-08-20T00:09:10-04:00
12117500,2019-12-30,684,A,19.368723068928002,1673.4576731553793,2026-08-20T00:09:10-04:00
12117500,2019-12-31,723,A,20.473080086016001,1768.8741194317824,2026-08-20T00:09:10-04:00
12117500,2020-01-01,802,A,22.710110966784001,1962.1535875301377,2026-08-20T00:09:10-04:00
12117500,2020-01-02,969,A,27.439024347648001,2370.7317036367872,2026-08-20T00:09:10-04:00
12117500,2020-01-03,1340,A,37.944574433280003,3278.4112310353921,2026-08-20T00:09:10-04:00
12117500,2020-01-04,1520,A,43.041606819839998,3718.7948292341762,2026-08-20T00:09:10-04:00
12117500,2020-01-05,1450,A,41.059427558400003,3547.5345410457603,2026-08-20T00:09:10-04:00
12117500,2020-01-06,1680,A,47.572302274560002,4110.2469165219845,2026-08-20T00:09:10-04:00
12117500,2020-01-07,2360,A,66.827757957119999,5773.9182874951684,2026-08-20T00:09:10-04:00
12117500,2020-01-08,2550,A,72.207958809600001,6238.7676411494404,2026-08-20T00:09:10-04:00
12117500,2020-01-09,2370,A,67.110926423039999,5798.3840429506563,2026-08-20T00:09:10-04:00
12117500,2020-01-10,2360,A,66.827757957119999,5773.9182874951684,2026-08-20T00:09:10-04:00
12117500,2020-01-11,2570,A,72.77429574144,6287.6991520604161,2026-08-20T00:09:10-04:00
12117500,2020-01-12,2290,A,64.845578695680004,5602.6579993067526,2026-08-20T00:09:10-04:00
12117500,2020-01-13,2140,A,60.59805170688,5235.6716674744321,2026-08-20T00:09:10-04:00
12117500,2020-01-14,1950,A,55.217850854399998,4770.8223138201602,2026-08-20T00:09:10-04:00
12117500,2020-01-15,1780,A,50.403986933760002,4354.904471076864,2026-08-20T00:09:10-04:00
12117500,2020-01-16,1660,A,47.005965342720003,4061.3154056110079,2026-08-20T00:09:10-04:00
12117500,2020-01-17,1350,A,38.227742899200003,3302.87698649088,2026-08-20T00:09:10-04:00
12117500,2020-01-18,1300,A,36.811900569599999,3180.5482092134403,2026-08-20T00:09:10-04:00
12117500,2020-01-19,1290,A,36.528732103679999,3156.082453757952,2026-08-20T00:09:10-04:00
12117500,2020-01-20,1280,A,36.24556363776,3131.6166983024641,2026-08-20T00:09:10-04:00
12117500,2020-01-21,1240,A,35.112889774080003,3033.7536764805122,2026-08-20T00:09:10-04:00
12117500,2020-01-22,1010,A,28.60001505792,2471.041301004288,2026-08-20T00:09:10-04:00
12117500,2020-01-23,1360,A,38.510911365120002,3327.3427419463683,2026-08-20T00:09:10-04:00
12117500,2020-01-24,1500,A,42.475269888,3669.8633183232,2026-08-20T00:09:10-04:00
12117500,2020-01-25,2000,A,56.633693184000002,4893.1510910976003,2026-08-20T00:09:10-04:00
12117500,2020-01-26,1950,A,55.217850854399998,4770.8223138201602,2026-08-20T00:09:10-04:00
12117500,2020-01-27,1560,A,44.174280683520003,3816.657851056128,2026-08-20T00:09:10-04:00
12117500,2020-01-28,1640,A,46.439628410880005,4012.3838947000322,2026-08-20T00:09:10-04:00
12117500,2020-01-29,1880,A,53.235671592960003,4599.5620256317443,2026-08-20T00:09:10-04:00
12117500,2020-01-30,1870,A,52.952503127040004,4575.0962701762564,2026-08-20T00:09:10-04:00
12117500,2020-01-31,2190,A,62.013894036480004,5358.0004447518722,2026-08-20T00:09:10-04:00
12117500,2020-02-01,2900,A,82.118855116800006,7095.0690820915206,2026-08-20T00:09:10-04:00
12117500,2020-02-02,3190,A,90.330740628480001,7804.5759903006719,2026-08-20T00:09:10-04:00
12117500,2020-02-03,2910,A,82.402023582720005,7119.5348375470085,2026-08-20T00:09:10-04:00
12117500,2020-02-04,2880,A,81.552518184960007,7046.137571180544,2026-08-20T00:09:10-04:00
12117500,2020-02-05,3360,A,95.144604549120004,8220.4938330439691,2026-08-20T00:09:10-04:00
12117500,2020-02-06,5110,A,144.69908608512,12502.001037754368,2026-08-20T00:09:10-04:00
12117500,2020-02-07,6880,A,194.81990455296,16832.439753375744,2026-08-20T00:09:10-04:00
12117500,2020-02-08,6980,A,197.65158921216002,17077.097307930624,2026-08-20T00:09:10-04:00
12117500,2020-02-09,5760,A,163.10503636992001,14092.275142361088,2026-08-20T00:09:10-04:00
12117500,2020-02-10,4940,A,139.88522216448001,12086.083195011073,2026-08-20T00:09:10-04:00
12117500,2020-02-11,4160,A,117.79808182272001,10177.754269483008,2026-08-20T00:09:10-04:00
12117500,2020-02-12,3470,A,98.259457674239997,8489.6171430543363,2026-08-20T00:09:10-04:00
12117500,2020-02-13,2890,A,81.835686650880007,7070.6033266360319,2026-08-20T00:09:10-04:00
12117500,2020-02-14,2400,A,67.960431820799997,5871.7813093171198,2026-08-20T00:09:10-04:00
12117500,2020-02-15,2150,A,60.881220172799999,5260.1374229299199,2026-08-20T00:09:10-04:00
12117500,2020-02-16,2090,A,59.182209377280003,5113.3428901969919,2026-08-20T00:09:10-04:00
12117500,2020-02-17,1830,A,51.819829263359999,4477.2332483543041,2026-08-20T00:09:10-04:00
12117500,2020-02-18,1700,A,48.138639206400001,4159.1784274329602,2026-08-20T00:09:10-04:00
12117500,2020-02-19,1190,A,33.697047444479999,2911.4248992030721,2026-08-20T00:09:10-04:00
12117500,2020-02-20,940,A,26.617835796480001,2299.7810128158721,2026-08-20T00:09:10-04:00
12117500,2020-02-21,840,A,23.786151137280001,2055.1234582609923,2026-08-20T00:09:10-04:00
12117500,2020-02-22,804,A,22.766744659968001,1967.0467386212354,2026-08-20T00:09:10-04:00
12117500,2020-02-23,797,A,22.568526733824001,1949.9207098023937,2026-08-20T00:09:10-04:00
12117500,2020-02-24,764,A,21.634070796288,1869.1837167992833,2026-08-20T00:09:10-04:00
12117500,2020-02-25,735,A,20.812882245120001,1798.233025978368,2026-08-20T00:09:10-04:00
12117500,2020-02-26,721,A,20.416446392832,1763.980968340685,2026-08-20T00:09:10-04:00
12117500,2020-02-27,705,A,19.963376847359999,1724.835759611904,2026-08-20T00:09:10-04:00
12117500,2020-02-28,636,A,18.009514432511999,1556.0220469690369,2026-08-20T00:09:10-04:00
12117500,2020-02-29,646,A,18.292682898432002,1580.4878024245249,2026-08-20T00:09:10-04:00
12117500,2020-03-01,632,A,17.896247046144001,1546.2357447868417,2026-08-20T00:09:10-04:00
12117500,2020-03-02,644,A,18.236049205248001,1575.5946513334272,2026-08-20T00:09:10-04:00
12117500,2020-03-03,743,A,21.039417017856,1817.8056303427584,2026-08-20T00:09:10-04:00
12117500,2020-03-04,771,A,21.832288722432001,1886.3097456181249,2026-08-20T00:09:10-04:00
12117500,2020-03-05,704,A,19.935060000768001,1722.3891840663553,2026-08-20T00:09:10-04:00
12117500,2020-03-06,705,A,19.963376847359999,1724.835759611904,2026-08-20T00:09:10-04:00
12117500,2020-03-07,672,A,19.028920909824002,1644.0987666087935,2026-08-20T00:09:10-04:00
12117500,2020-03-08,643,A,18.207732358655999,1573.1480757878785,2026-08-20T00:09:10-04:00
12117500,2020-03-09,617,A,17.471494347263999,1509.5371116036097,2026-08-20T00:09:10-04:00
12117500,2020-03-10,597,A,16.905157415424,1460.6056006926337,2026-08-20T00:09:10-04:00
12117500,2020-03-11,592,A,16.763573182464,1448.3727229648896,2026-08-20T00:09:10-04:00
12117500,2020-03-12,576,A,16.310503636991999,1409.2275142361088,2026-08-20T00:09:10-04:00
12117500,2020-03-13,569,A,16.112285710847999,1392.1014854172672,2026-08-20T00:09:10-04:00
12117500,2020-03-14,552,A,15.630899318784001,1350.5097011429377,2026-08-20T00:09:10-04:00
12117500,2020-03-15,538,A,15.234463466496001,1316.2576435052545,2026-08-20T00:09:10-04:00
12117500,2020-03-16,527,A,14.922978153984001,1289.3453125042176,2026-08-20T00:09:10-04:00
12117500,2020-03-17,521,A,14.753077074432001,1274.6658592309248,2026-08-20T00:09:10-04:00
12117500,2020-03-18,511,A,14.469908608512,1250.2001037754369,2026-08-20T00:09:10-04:00
12117500,2020-03-19,500,A,14.158423296,1223.2877727744001,2026-08-20T00:09:10-04:00
12117500,2020-03-20,491,A,13.903571676672,1201.2685928644607,2026-08-20T00:09:10-04:00
12117500,2020-03-21,483,A,13.677036903936001,1181.6959885000704,2026-08-20T00:09:10-04:00
12117500,2020-03-22,479,A,13.563769517568,1171.9096863178752,2026-08-20T00:09:10-04:00
12117500,2020-03-23,482,A,13.648720057344001,1179.2494129545216,2026-08-20T00:09:10-04:00
12117500,2020-03-24,496,A,14.045155909632001,1213.5014705922049,2026-08-20T00:09:10-04:00
12117500,2020-03-25,496,A,14.045155909632001,1213.5014705922049,2026-08-20T00:09:10-04:00
12117500,2020-03-26,488,A,13.818621136896001,1193.9288662278145,2026-08-20T00:09:10-04:00
12117500,2020-03-27,479,A,13.563769517568,1171.9096863178752,2026-08-20T00:09:10-04:00
12117500,2020-03-28,492,A,13.931888523264,1203.7151684100097,2026-08-20T00:09:10-04:00
12117500,2020-03-29,583,A,16.508721563136,1426.3535430549505,2026-08-20T00:09:10-04:00
12117500,2020-03-30,629,A,17.811296506368002,1538.8960181501952,2026-08-20T00:09:10-04:00
12117500,2020-03-31,618,A,17.499811193856001,1511.9836871491584,2026-08-20T00:09:10-04:00
12117500,2020-04-01,582,A,16.480404716544001,1423.9069675094017,2026-08-20T00:09:10-04:00
12117500,2020-04-02,562,A,15.914067784704001,1374.9754565984256,2026-08-20T00:09:10-04:00
12117500,2020-04-03,544,A,15.404364546048001,1330.9370967785471,2026-08-20T00:09:10-04:00
12117500,2020-04-04,530,A,15.00792869376,1296.6850391408641,2026-08-20T00:09:10-04:00
12117500,2020-04-05,519,A,14.696443381248001,1269.7727081398273,2026-08-20T00:09:10-04:00
12117500,2020-04-06,506,A,14.328324375552,1237.9672260476927,2026-08-20T00:09:10-04:00
12117500,2020-04-07,496,A,14.045155909632001,1213.5014705922049,2026-08-20T00:09:10-04:00
12117500,2020-04-08,486,A,13.761987443712,1189.0357151367168,2026-08-20T00:09:10-04:00
12117500,2020-04-09,477,A,13.507135824384001,1167.0165352267777,2026-08-20T00:09:10-04:00
12117500,2020-04-10,472,A,13.365551591424,1154.7836574990336,2026-08-20T00:09:10-04:00
12117500,2020-04-11,468,A,13.252284205056,1144.9973553168384,2026-08-20T00:09:10-04:00
12117500,2020-04-12,465,A,13.167333665280001,1137.6576286801921,2026-08-20T00:09:10-04:00
12117500,2020-04-13,456,A,12.912482045952,1115.6384487702528,2026-08-20T00:09:10-04:00
12117500,2020-04-14,451,A,12.770897812992001,1103.4055710425089,2026-08-20T00:09:10-04:00
12117500,2020-04-15,441,A,12.487729347072001,1078.9398155870208,2026-08-20T00:09:10-04:00
12117500,2020-04-16,411,A,11.638223949312,1005.5425492205568,2026-08-20T00:09:10-04:00
12117500,2020-04-17,390,A,11.043570170880001,954.16446276403201,2026-08-20T00:09:10-04:00
12117500,2020-04-18,384,A,10.873669091328001,939.48500949073923,2026-08-20T00:09:10-04:00
12117500,2020-04-19,378,A,10.703768011776001,924.80555621744645,2026-08-20T00:09:10-04:00
12117500,2020-04-20,373,A,10.562183778816001,912.57267848970241,2026-08-20T00:09:10-04:00
12117500,2020-04-21,368,A,10.420599545856,900.33980076195849,2026-08-20T00:09:10-04:00
12117500,2020-04-22,387,A,10.958619631104,946.82473612738568,2026-08-20T00:09:10-04:00
12117500,2020-04-23,548,A,15.517631932416,1340.7233989607425,2026-08-20T00:09:10-04:00
12117500,2020-04-24,493,A,13.960205369856,1206.1617439555584,2026-08-20T00:09:10-04:00
12117500,2020-04-25,525,A,14.866344460800001,1284.4521614131199,2026-08-20T00:09:10-04:00
12117500,2020-04-26,674,A,19.085554603007999,1648.9919176998912,2026-08-20T00:09:10-04:00
12117500,2020-04-27,831,A,23.531299517952,2033.1042783510529,2026-08-20T00:09:10-04:00
12117500,2020-04-28,869,A,24.607339688448,2126.0741490819073,2026-08-20T00:09:10-04:00
12117500,2020-04-29,848,A,24.012685910016,2074.6960626253826,2026-08-20T00:09:10-04:00
12117500,2020-04-30,947,A,26.816053722624002,2316.9070416347136,2026-08-20T00:09:10-04:00
12117500,2020-05-01,1080,A,30.582194319359999,2642.3015891927039,2026-08-20T00:09:10-04:00
12117500,2020-05-02,1460,A,41.342596024320002,3572.0002965012482,2026-08-20T00:09:10-04:00
12117500,2020-05-03,1510,A,42.758438353919999,3694.3290737786883,2026-08-20T00:09:10-04:00
12117500,2020-05-04,1350,A,38.227742899200003,3302.87698649088,2026-08-20T00:09:10-04:00
12117500,2020-05-05,916,A,25.938231478272002,2241.063199722701,2026-08-20T00:09:10-04:00
12117500,2020-05-06,926,A,26.221399944192001,2265.5289551781889,2026-08-20T00:09:10-04:00
12117500,2020-05-07,902,A,25.541795625984001,2206.8111420850178,2026-08-20T00:09:10-04:00
12117500,2020-05-08,873,A,24.720607074816002,2135.8604512641023,2026-08-20T00:09:10-04:00
12117500,2020-05-09,858,A,24.295854375935999,2099.1618180808705,2026-08-20T00:09:10-04:00
12117500,2020-05-10,914,A,25.881597785088001,2236.1700486316031,2026-08-20T00:09:10-04:00
12117500,2020-05-11,1060,A,30.015857387520001,2593.3700782817282,2026-08-20T00:09:10-04:00
12117500,2020-05-12,1050,A,29.732688921600001,2568.9043228262399,2026-08-20T00:09:10-04:00
12117500,2020-05-13,1060,A,30.015857387520001,2593.3700782817282,2026-08-20T00:09:10-04:00
12117500,2020-05-14,1050,A,29.732688921600001,2568.9043228262399,2026-08-20T00:09:10-04:00
12117500,2020-05-15,1000,A,28.316846592000001,2446.5755455488002,2026-08-20T00:09:10-04:00
12117500,2020-05-16,804,A,22.766744659968001,1967.0467386212354,2026-08-20T00:09:10-04:00
12117500,2020-05-17,749,A,21.209318097408001,1832.4850836160513,2026-08-20T00:09:10-04:00
12117500,2020-05-18,658,A,18.632485057536002,1609.8467089711105,2026-08-20T00:09:10-04:00
12117500,2020-05-19,592,A,16.763573182464,1448.3727229648896,2026-08-20T00:09:10-04:00
12117500,2020-05-20,585,A,16.56535525632,1431.246694146048,2026-08-20T00:09:10-04:00
12117500,2020-05-21,624,A,17.669712273407999,1526.6631404224513,2026-08-20T00:09:10-04:00
12117500,2020-05-22,682,A,19.312089375744002,1668.5645220642816,2026-08-20T00:09:10-04:00
12117500,2020-05-23,734,A,20.784565398528002,1795.7864504328193,2026-08-20T00:09:10-04:00
12117500,2020-05-24,737,A:e,20.869515938304001,1803.1261770694657,2026-08-20T00:09:10-04:00
12117500,2020-05-25,832,A:e,23.559616364544002,2035.5508538966017,2026-08-20T00:09:10-04:00
12117500,2020-05-26,978,A:e,27.693875966976002,2392.7508835467265,2026-08-20T00:09:10-04:00
12117500,2020-05-27,984,A:e,27.863777046528,2407.4303368200194,2026-08-20T00:09:10-04:00
12117500,2020-05-28,1040,A,29.449520455680002,2544.438567370752,2026-08-20T00:09:10-04:00
12117500,2020-05-29,965,A,27.32575696128,2360.9454014545922,2026-08-20T00:09:10-04:00
12117500,2020-05-30,1010,A,28.60001505792,2471.041301004288,2026-08-20T00:09:10-04:00
12117500,2020-05-31,1070,A,30.29902585344,2617.835833737216,2026-08-20T00:09:10-04:00
12117500,2020-06-01,1100,A,31.148531251200001,2691.23310010368,2026-08-20T00:09:10-04:00
12117500,2020-06-02,1080,A,30.582194319359999,2642.3015891927039,2026-08-20T00:09:10-04:00
12117500,2020-06-03,908,A,25.711696705535999,2221.4905953583107,2026-08-20T00:09:10-04:00
12117500,2020-06-04,859,A,24.324171222528001,2101.6083936264195,2026-08-20T00:09:10-04:00
12117500,2020-06-05,851,A,24.097636449792002,2082.0357892620291,2026-08-20T00:09:10-04:00
12117500,2020-06-06,854,A,24.182586989568001,2089.3755158986751,2026-08-20T00:09:10-04:00
12117500,2020-06-07,886,A,25.088726080512,2167.665933356237,2026-08-20T00:09:10-04:00
12117500,2020-06-08,838,A,23.729517444096,2050.2303071698943,2026-08-20T00:09:10-04:00
12117500,2020-06-09,822,A,23.276447898623999,2011.0850984411136,2026-08-20T00:09:10-04:00
12117500,2020-06-10,836,A,23.672883750912,2045.3371560787969,2026-08-20T00:09:10-04:00
12117500,2020-06-11,751,A,21.265951790592002,1837.3782347071487,2026-08-20T00:09:10-04:00
12117500,2020-06-12,673,A,19.057237756416001,1646.5453421543425,2026-08-20T00:09:10-04:00
12117500,2020-06-13,729,A,20.642981165567999,1783.5535727050753,2026-08-20T00:09:10-04:00
12117500,2020-06-14,645,A,18.26436605184,1578.041226878976,2026-08-20T00:09:10-04:00
12117500,2020-06-15,637,A,18.037831279104001,1558.4686225145856,2026-08-20T00:09:10-04:00
12117500,2020-06-16,671,A,19.000604063232,1641.6521910632448,2026-08-20T00:09:10-04:00
12117500,2020-06-17,656,A,18.575851364352001,1604.9535578800128,2026-08-20T00:09:10-04:00
12117500,2020-06-18,674,A,19.085554603007999,1648.9919176998912,2026-08-20T00:09:10-04:00
12117500,2020-06-19,658,A,18.632485057536002,1609.8467089711105,2026-08-20T00:09:10-04:00
12117500,2020-06-20,646,A,18.292682898432002,1580.4878024245249,2026-08-20T00:09:10-04:00
12117500,2020-06-21,643,A,18.207732358655999,1573.1480757878785,2026-08-20T00:09:10-04:00
12117500,2020-06-22,622,A,17.613078580224002,1521.7699893313536,2026-08-20T00:09:10-04:00
12117500,2020-06-23,605,A,17.131692188159999,1480.1782050570241,2026-08-20T00:09:10-04:00
12117500,2020-06-24,548,A,15.517631932416,1340.7233989607425,2026-08-20T00:09:10-04:00
12117500,2020-06-25,515,A,14.583175994880001,1259.9864059576321,2026-08-20T00:09:10-04:00
12117500,2020-06-26,443,A,12.544363040256,1083.8329666781185,2026-08-20T00:09:10-04:00
12117500,2020-06-27,440,A,12.459412500480001,1076.4932400414721,2026-08-20T00:09:10-04:00
12117500,2020-06-28,449,A,12.714264119808,1098.5124199514112,2026-08-20T00:09:10-04:00
12117500,2020-06-29,434,A,12.289511420928001,1061.8137867681792,2026-08-20T00:09:10-04:00
12117500,2020-06-30,427,A,12.091293494784001,1044.6877579493375,2026-08-20T00:09:10-04:00
12117500,2020-07-01,422,A,11.949709261824001,1032.4548802215936,2026-08-20T00:09:10-04:00
12117500,2020-07-02,431,A,12.204560881152,1054.4740601315327,2026-08-20T00:09:10-04:00
12117500,2020-07-03,420,A,11.89307556864,1027.5617291304961,2026-08-20T00:09:10-04:00
12117500,2020-07-04,414,A,11.723174489088001,1012.8822758572032,2026-08-20T00:09:10-04:00
12117500,2020-07-05,408,A,11.553273409536001,998.20282258391046,2026-08-20T00:09:10-04:00
12117500,2020-07-06,403,A,11.411689176576001,985.96994485616642,2026-08-20T00:09:10-04:00
12117500,2020-07-07,400,A,11.3267386368,978.63021821951997,2026-08-20T00:09:10-04:00
12117500,2020-07-08,405,A,11.46832286976,990.86309594726401,2026-08-20T00:09:10-04:00
12117500,2020-07-09,395,A,11.18515440384,966.39734049177605,2026-08-20T00:09:10-04:00
12117500,2020-07-10,392,A,11.100203864064,959.0576138551296,2026-08-20T00:09:10-04:00
12117500,2020-07-11,387,A,10.958619631104,946.82473612738568,2026-08-20T00:09:10-04:00
12117500,2020-07-12,388,A,10.986936477696,949.27131167293442,2026-08-20T00:09:10-04:00
12117500,2020-07-13,382,A,10.817035398144,934.59185839964164,2026-08-20T00:09:10-04:00
12117500,2020-07-14,377,A,10.675451165184001,922.3589806718976,2026-08-20T00:09:10-04:00
12117500,2020-07-15,373,A,10.562183778816001,912.57267848970241,2026-08-20T00:09:10-04:00
12117500,2020-07-16,387,A,10.958619631104,946.82473612738568,2026-08-20T00:09:10-04:00
12117500,2020-07-17,433,A,12.261194574336001,1059.3672112226304,2026-08-20T00:09:10-04:00
12117500,2020-07-18,419,A,11.864758722048,1025.1151535849472,2026-08-20T00:09:10-04:00
12117500,2020-07-19,409,A,11.581590256128001,1000.6493981294592,2026-08-20T00:09:10-04:00
12117500,2020-07-20,398,A,11.270104943615999,973.73706712842238,2026-08-20T00:09:10-04:00
12117500,2020-07-21,369,A,10.448916392448,902.78637630750723,2026-08-20T00:09:10-04:00
12117500,2020-07-22,342,A,9.6843615344640011,836.72883657768966,2026-08-20T00:09:10-04:00
12117500,2020-07-23,335,A,9.4861436083200008,819.60280775884803,2026-08-20T00:09:10-04:00
12117500,2020-07-24,333,A,9.4295099151360002,814.70965666775044,2026-08-20T00:09:10-04:00
12117500,2020-07-25,329,A,9.3162425287680009,804.92335448555525,2026-08-20T00:09:10-04:00
12117500,2020-07-26,325,A,9.2029751423999997,795.13705230336006,2026-08-20T00:09:10-04:00
12117500,2020-07-27,321,A,9.0897077560320003,785.35075012116488,2026-08-20T00:09:10-04:00
12117500,2020-07-28,320,A,9.06139090944,782.90417457561603,2026-08-20T00:09:10-04:00
12117500,2020-07-29,317,A,8.9764403696640009,775.56444793896958,2026-08-20T00:09:10-04:00
12117500,2020-07-30,316,A,8.9481235230720007,773.11787239342084,2026-08-20T00:09:10-04:00
12117500,2020-07-31,313,A,8.8631729832959998,765.77814575677439,2026-08-20T00:09:10-04:00
12117500,2020-08-01,313,A,8.8631729832959998,765.77814575677439,2026-08-20T00:09:10-04:00
12117500,2020-08-02,312,A,8.8348561367039995,763.33157021122565,2026-08-20T00:09:10-04:00
12117500,2020-08-03,309,A,8.7499055969280004,755.99184357457921,2026-08-20T00:09:10-04:00
12117500,2020-08-04,308,A,8.7215887503360001,753.54526802903047,2026-08-20T00:09:10-04:00
12117500,2020-08-05,305,A,8.636638210560001,746.20554139238402,2026-08-20T00:09:10-04:00
12117500,2020-08-06,306,A,8.6649550571519995,748.65211693793287,2026-08-20T00:09:10-04:00
12117500,2020-08-07,304,A,8.6083213639680007,743.75896584683528,2026-08-20T00:09:10-04:00
12117500,2020-08-08,303,A,8.5800045173760005,741.31239030128643,2026-08-20T00:09:10-04:00
12117500,2020-08-09,301,A,8.5233708241919999,736.41923921018883,2026-08-20T00:09:10-04:00
12117500,2020-08-10,298,A,8.4384202844160008,729.07951257354239,2026-08-20T00:09:10-04:00
12117500,2020-08-11,297,A,8.4101034378240005,726.63293702799365,2026-08-20T00:09:10-04:00
12117500,2020-08-12,296,A,8.3817865912320002,724.1863614824448,2026-08-20T00:09:10-04:00
12117500,2020-08-13,293,A,8.2968360514560011,716.84663484579846,2026-08-20T00:09:10-04:00
12117500,2020-08-14,292,A,8.2685192048640008,714.40005930024961,2026-08-20T00:09:10-04:00
12117500,2020-08-15,290,A,8.2118855116800002,709.50690820915202,2026-08-20T00:09:10-04:00
12117500,2020-08-16,289,A,8.183568665088,707.06033266360328,2026-08-20T00:09:10-04:00
12117500,2020-08-17,286,A,8.0986181253120009,699.72060602695683,2026-08-20T00:09:10-04:00
12117500,2020-08-18,286,A,8.0986181253120009,699.72060602695683,2026-08-20T00:09:10-04:00
12117500,2020-08-19,285,A,8.0703012787200006,697.27403048140798,2026-08-20T00:09:10-04:00
12117500,2020-08-20,282,A,7.9853507389440006,689.93430384476164,2026-08-20T00:09:10-04:00
12117500,2020-08-21,286,A,8.0986181253120009,699.72060602695683,2026-08-20T00:09:10-04:00
12117500,2020-08-22,297,A,8.4101034378240005,726.63293702799365,2026-08-20T00:09:10-04:00
12117500,2020-08-23,284,A,8.0419844321280003,694.82745493585924,2026-08-20T00:09:10-04:00
12117500,2020-08-24,281,A,7.9570338923520003,687.48772829921279,2026-08-20T00:09:10-04:00
12117500,2020-08-25,278,A,7.8720833525760003,680.14800166256646,2026-08-20T00:09:10-04:00
12117500,2020-08-26,276,A,7.8154496593920006,675.25485057146886,2026-08-20T00:09:10-04:00
12117500,2020-08-27,285,A,8.0703012787200006,697.27403048140798,2026-08-20T00:09:10-04:00
12117500,2020-08-28,317,A,8.9764403696640009,775.56444793896958,2026-08-20T00:09:10-04:00
12117500,2020-08-29,317,A,8.9764403696640009,775.56444793896958,2026-08-20T00:09:10-04:00
12117500,2020-08-30,317,A,8.9764403696640009,775.56444793896958,2026-08-20T00:09:10-04:00
12117500,2020-08-31,317,A,8.9764403696640009,775.56444793896958,2026-08-20T00:09:10-04:00
12117500,2020-09-01,315,A,8.9198066764800004,770.67129684787199,2026-08-20T00:09:10-04:00
12117500,2020-09-02,313,A,8.8631729832959998,765.77814575677439,2026-08-20T00:09:10-04:00
12117500,2020-09-03,313,A,8.8631729832959998,765.77814575677439,2026-08-20T00:09:10-04:00
12117500,2020-09-04,312,A,8.8348561367039995,763.33157021122565,2026-08-20T00:09:10-04:00
12117500,2020-09-05,309,A,8.7499055969280004,755.99184357457921,2026-08-20T00:09:10-04:00
12117500,2020-09-06,309,A,8.7499055969280004,755.99184357457921,2026-08-20T00:09:10-04:00
12117500,2020-09-07,306,A,8.6649550571519995,748.65211693793287,2026-08-20T00:09:10-04:00
12117500,2020-09-08,305,A,8.636638210560001,746.20554139238402,2026-08-20T00:09:10-04:00
12117500,2020-09-09,305,A,8.636638210560001,746.20554139238402,2026-08-20T00:09:10-04:00
12117500,2020-09-10,304,A,8.6083213639680007,743.75896584683528,2026-08-20T00:09:10-04:00
12117500,2020-09-11,301,A,8.5233708241919999,736.41923921018883,2026-08-20T00:09:10-04:00
12117500,2020-09-12,301,A,8.5233708241919999,736.41923921018883,2026-08-20T00:09:10-04:00
12117500,2020-09-13,297,A,8.4101034378240005,726.63293702799365,2026-08-20T00:09:10-04:00
12117500,2020-09-14,295,A,8.3534697446399999,721.73978593689606,2026-08-20T00:09:10-04:00
12117500,2020-09-15,291,A,8.2402023582720005,711.95348375470087,2026-08-20T00:09:10-04:00
12117500,2020-09-16,287,A,8.1269349719039994,702.16718157250557,2026-08-20T00:09:10-04:00
12117500,2020-09-17,285,A,8.0703012787200006,697.27403048140798,2026-08-20T00:09:10-04:00
12117500,2020-09-18,282,A,7.9853507389440006,689.93430384476164,2026-08-20T00:09:10-04:00
12117500,2020-09-19,298,A,8.4384202844160008,729.07951257354239,2026-08-20T00:09:10-04:00
12117500,2020-09-20,291,A,8.2402023582720005,711.95348375470087,2026-08-20T00:09:10-04:00
12117500,2020-09-21,284,A,8.0419844321280003,694.82745493585924,2026-08-20T00:09:10-04:00
12117500,2020-09-22,311,A,8.806539290112001,760.8849946656768,2026-08-20T00:09:10-04:00
12117500,2020-09-23,509,A,14.413274915328,1245.3069526843392,2026-08-20T00:09:10-04:00
12117500,2020-09-24,591,A,16.735256335872002,1445.9261474193409,2026-08-20T00:09:10-04:00
12117500,2020-09-25,583,A,16.508721563136,1426.3535430549505,2026-08-20T00:09:10-04:00
12117500,2020-09-26,564,A,15.970701477888001,1379.8686076895233,2026-08-20T00:09:10-04:00
12117500,2020-09-27,566,A,16.027335171072,1384.7617587806208,2026-08-20T00:09:10-04:00
12117500,2020-09-28,487,A,13.790304290304,1191.4822906822656,2026-08-20T00:09:10-04:00
12117500,2020-09-29,472,A,13.365551591424,1154.7836574990336,2026-08-20T00:09:10-04:00
12117500,2020-09-30,467,A,13.223967358464,1142.5507797712896,2026-08-20T00:09:10-04:00
12117500,2020-10-01,464,A,13.139016818688001,1135.2110531346432,2026-08-20T00:09:10-04:00
12117500,2020-10-02,462,A,13.082383125504,1130.3179020435457,2026-08-20T00:09:10-04:00
12117500,2020-10-03,457,A,12.940798892544001,1118.0850243158015,2026-08-20T00:09:10-04:00
12117500,2020-10-04,457,A,12.940798892544001,1118.0850243158015,2026-08-20T00:09:10-04:00
12117500,2020-10-05,454,A,12.855848352768,1110.7452976791553,2026-08-20T00:09:10-04:00
12117500,2020-10-06,431,A,12.204560881152,1054.4740601315327,2026-08-20T00:09:10-04:00
12117500,2020-10-07,425,A,12.0346598016,1039.7946068582401,2026-08-20T00:09:10-04:00
12117500,2020-10-08,423,A,11.978026108416,1034.9014557671424,2026-08-20T00:09:10-04:00
12117500,2020-10-09,420,A,11.89307556864,1027.5617291304961,2026-08-20T00:09:10-04:00
12117500,2020-10-10,503,A,14.243373835776,1230.6274994110465,2026-08-20T00:09:10-04:00
12117500,2020-10-11,466,A,13.195650511872,1140.1042042257409,2026-08-20T00:09:10-04:00
12117500,2020-10-12,518,A,14.668126534656,1267.3261325942785,2026-08-20T00:09:10-04:00
12117500,2020-10-13,526,A,14.894661307392001,1286.8987369586689,2026-08-20T00:09:10-04:00
12117500,2020-10-14,498,A,14.101789602816,1218.3946216833024,2026-08-20T00:09:10-04:00
12117500,2020-10-15,441,A,12.487729347072001,1078.9398155870208,2026-08-20T00:09:10-04:00
12117500,2020-10-16,423,A,11.978026108416,1034.9014557671424,2026-08-20T00:09:10-04:00
12117500,2020-10-17,537,A,15.206146619904001,1313.8110679597057,2026-08-20T00:09:10-04:00
12117500,2020-10-18,517,A,14.639809688064,1264.8795570487296,2026-08-20T00:09:10-04:00
12117500,2020-10-19,544,A,15.404364546048001,1330.9370967785471,2026-08-20T00:09:10-04:00
12117500,2020-10-20,552,A,15.630899318784001,1350.5097011429377,2026-08-20T00:09:10-04:00
12117500,2020-10-21,540,A,15.29109715968,1321.1507945963519,2026-08-20T00:09:10-04:00
12117500,2020-10-22,506,A,14.328324375552,1237.9672260476927,2026-08-20T00:09:10-04:00
12117500,2020-10-23,486,A,13.761987443712,1189.0357151367168,2026-08-20T00:09:10-04:00
12117500,2020-10-24,510,A,14.44159176192,1247.7535282298879,2026-08-20T00:09:10-04:00
12117500,2020-10-25,474,A,13.422185284608,1159.6768085901313,2026-08-20T00:09:10-04:00
12117500,2020-10-26,456,A,12.912482045952,1115.6384487702528,2026-08-20T00:09:10-04:00
12117500,2020-10-27,442,A,12.516046193664,1081.3863911325695,2026-08-20T00:09:10-04:00
12117500,2020-10-28,431,A,12.204560881152,1054.4740601315327,2026-08-20T00:09:10-04:00
12117500,2020-10-29,423,A,11.978026108416,1034.9014557671424,2026-08-20T00:09:10-04:00
12117500,2020-10-30,426,A,12.062976648192,1042.2411824037888,2026-08-20T00:09:10-04:00
12117500,2020-10-31,414,A,11.723174489088001,1012.8822758572032,2026-08-20T00:09:10-04:00
12117500,2020-11-01,407,A,11.524956562944,995.75624703836161,2026-08-20T00:09:10-04:00
12117500,2020-11-02,406,A,11.496639716352,993.30967149281287,2026-08-20T00:09:10-04:00
12117500,2020-11-03,484,A,13.705353750528001,1184.1425640456193,2026-08-20T00:09:10-04:00
12117500,2020-11-04,628,A,17.782979659776,1536.4494426046465,2026-08-20T00:09:10-04:00
12117500,2020-11-05,934,A,26.447934716928,2285.1015595425793,2026-08-20T00:09:10-04:00
12117500,2020-11-06,977,A,27.665559120384,2390.3043080011776,2026-08-20T00:09:10-04:00
12117500,2020-11-07,976,A,27.637242273792001,2387.857732455629,2026-08-20T00:09:10-04:00
12117500,2020-11-08,915,A,25.90991463168,2238.6166241771521,2026-08-20T00:09:10-04:00
12117500,2020-11-09,987,A,27.948727586303999,2414.7700634566659,2026-08-20T00:09:10-04:00
12117500,2020-11-10,1280,A,36.24556363776,3131.6166983024641,2026-08-20T00:09:10-04:00
12117500,2020-11-11,1250,A,35.396058240000002,3058.2194319360001,2026-08-20T00:09:10-04:00
12117500,2020-11-12,1230,A,34.829721308160003,3009.2879210250239,2026-08-20T00:09:10-04:00
12117500,2020-11-13,1390,A,39.36041676288,3400.7400083128323,2026-08-20T00:09:10-04:00
12117500,2020-11-14,1340,A,37.944574433280003,3278.4112310353921,2026-08-20T00:09:10-04:00
12117500,2020-11-15,1380,A,39.077248296960001,3376.274252857344,2026-08-20T00:09:10-04:00
12117500,2020-11-16,1380,A,39.077248296960001,3376.274252857344,2026-08-20T00:09:10-04:00
12117500,2020-11-17,1370,A,38.794079831040001,3351.8084974018561,2026-08-20T00:09:10-04:00
12117500,2020-11-18,1410,A,39.926753694719999,3449.671519223808,2026-08-20T00:09:10-04:00
12117500,2020-11-19,1430,A,40.493090626560004,3498.6030301347841,2026-08-20T00:09:10-04:00
12117500,2020-11-20,1410,A,39.926753694719999,3449.671519223808,2026-08-20T00:09:10-04:00
12117500,2020-11-21,1360,A,38.510911365120002,3327.3427419463683,2026-08-20T00:09:10-04:00
12117500,2020-11-22,1340,A,37.944574433280003,3278.4112310353921,2026-08-20T00:09:10-04:00
12117500,2020-11-23,1320,A,37.378237501440005,3229.479720124416,2026-08-20T00:09:10-04:00
12117500,2020-11-24,1160,A,32.847542046720001,2838.0276328366081,2026-08-20T00:09:10-04:00
12117500,2020-11-25,1080,A,30.582194319359999,2642.3015891927039,2026-08-20T00:09:10-04:00
12117500,2020-11-26,952,A,26.957637955584001,2329.1399193624575,2026-08-20T00:09:10-04:00
12117500,2020-11-27,910,A,25.76833039872,2226.3837464494081,2026-08-20T00:09:10-04:00
12117500,2020-11-28,920,A,26.051498864639999,2250.849501904896,2026-08-20T00:09:10-04:00
12117500,2020-11-29,890,A,25.201993466880001,2177.452235538432,2026-08-20T00:09:10-04:00
12117500,2020-11-30,873,A,24.720607074816002,2135.8604512641023,2026-08-20T00:09:10-04:00
12117500,2020-12-01,728,A,20.614664318976001,1781.1069971595264,2026-08-20T00:09:10-04:00
12117500,2020-12-02,541,A,15.319414006272,1323.5973701419009,2026-08-20T00:09:10-04:00
12117500,2020-12-03,494,A,13.988522216448001,1208.6083195011072,2026-08-20T00:09:10-04:00
12117500,2020-12-04,478,A,13.535452670976001,1169.4631107723264,2026-08-20T00:09:10-04:00
12117500,2020-12-05,465,A,13.167333665280001,1137.6576286801921,2026-08-20T00:09:10-04:00
12117500,2020-12-06,454,A,12.855848352768,1110.7452976791553,2026-08-20T00:09:10-04:00
12117500,2020-12-07,447,A,12.657630426624001,1093.6192688603137,2026-08-20T00:09:10-04:00
12117500,2020-12-08,490,A,13.875254830080001,1198.822017318912,2026-08-20T00:09:10-04:00
12117500,2020-12-09,607,A,17.188325881343999,1485.0713561481216,2026-08-20T00:09:10-04:00
12117500,2020-12-10,835,A,23.644566904320001,2042.8905805332481,2026-08-20T00:09:10-04:00
12117500,2020-12-11,962,A,27.240806421504001,2353.6056748179458,2026-08-20T00:09:10-04:00
12117500,2020-12-12,1190,A,33.697047444479999,2911.4248992030721,2026-08-20T00:09:10-04:00
12117500,2020-12-13,1190,A,33.697047444479999,2911.4248992030721,2026-08-20T00:09:10-04:00
12117500,2020-12-14,1170,A,33.13071051264,2862.4933882920959,2026-08-20T00:09:10-04:00
12117500,2020-12-15,1010,A,28.60001505792,2471.041301004288,2026-08-20T00:09:10-04:00
12117500,2020-12-16,1050,A,29.732688921600001,2568.9043228262399,2026-08-20T00:09:10-04:00
12117500,2020-12-17,1280,A,36.24556363776,3131.6166983024641,2026-08-20T00:09:10-04:00
12117500,2020-12-18,1500,A,42.475269888,3669.8633183232,2026-08-20T00:09:10-04:00
12117500,2020-12-19,1480,A,41.908932956160001,3620.9318074122243,2026-08-20T00:09:10-04:00
12117500,2020-12-20,1570,A,44.457449149440002,3841.1236065116163,2026-08-20T00:09:10-04:00
12117500,2020-12-21,1540,A,43.607943751680004,3767.7263401451523,2026-08-20T00:09:10-04:00
12117500,2020-12-22,1460,A,41.342596024320002,3572.0002965012482,2026-08-20T00:09:10-04:00
12117500,2020-12-23,1470,A,41.625764490240002,3596.466051956736,2026-08-20T00:09:10-04:00
12117500,2020-12-24,1400,A,39.643585228799999,3425.2057637683201,2026-08-20T00:09:10-04:00
12117500,2020-12-25,1350,A,38.227742899200003,3302.87698649088,2026-08-20T00:09:10-04:00
12117500,2020-12-26,1340,A,37.944574433280003,3278.4112310353921,2026-08-20T00:09:10-04:00
12117500,2020-12-27,1300,A,36.811900569599999,3180.5482092134403,2026-08-20T00:09:10-04:00
12117500,2020-12-28,1280,A,36.24556363776,3131.6166983024641,2026-08-20T00:09:10-04:00
12117500,2020-12-29,1260,A,35.679226705920001,3082.6851873914879,2026-08-20T00:09:10-04:00
12117500,2020-12-30,1360,A,38.510911365120002,3327.3427419463683,2026-08-20T00:09:10-04:00
12117500,2020-12-31,1570,A,44.457449149440002,3841.1236065116163,2026-08-20T00:09:10-04:00
12117500,2021-01-01,1600,A,45.3069545472,3914.5208728780799,2026-08-20T00:09:10-04:00
12117500,2021-01-02,1370,A,38.794079831040001,3351.8084974018561,2026-08-20T00:09:10-04:00
12117500,2021-01-03,1420,A,40.209922160639998,3474.1372746792963,2026-08-20T00:09:10-04:00
12117500,2021-01-04,1470,A,41.625764490240002,3596.466051956736,2026-08-20T00:09:10-04:00
12117500,2021-01-05,1370,A,38.794079831040001,3351.8084974018561,2026-08-20T00:09:10-04:00
12117500,2021-01-06,1540,A,43.607943751680004,3767.7263401451523,2026-08-20T00:09:10-04:00
12117500,2021-01-07,1740,A,49.271313070079998,4257.0414492549125,2026-08-20T00:09:10-04:00
12117500,2021-01-08,1850,A,52.386166195200005,4526.1647592652798,2026-08-20T00:09:10-04:00
12117500,2021-01-09,1880,A,53.235671592960003,4599.5620256317443,2026-08-20T00:09:10-04:00
12117500,2021-01-10,1820,A,51.53666079744,4452.7674928988163,2026-08-20T00:09:10-04:00
12117500,2021-01-11,1760,A,49.837650001920004,4305.9729601658883,2026-08-20T00:09:10-04:00
12117500,2021-01-12,1680,A,47.572302274560002,4110.2469165219845,2026-08-20T00:09:10-04:00
12117500,2021-01-13,2230,A,63.146567900160001,5455.8634665738246,2026-08-20T00:09:10-04:00
12117500,2021-01-14,2300,A,65.128747161600003,5627.1237547622404,2026-08-20T00:09:10-04:00
12117500,2021-01-15,2230,A,63.146567900160001,5455.8634665738246,2026-08-20T00:09:10-04:00
12117500,2021-01-16,2260,A,63.996073297919999,5529.2607329402881,2026-08-20T00:09:10-04:00
12117500,2021-01-17,2380,A,67.394094888959998,5822.8497984061441,2026-08-20T00:09:10-04:00
12117500,2021-01-18,2240,A,63.42973636608,5480.3292220293124,2026-08-20T00:09:10-04:00
12117500,2021-01-19,2210,A,62.580230968320002,5406.9319556628479,2026-08-20T00:09:10-04:00
12117500,2021-01-20,2100,A,59.465377843200002,5137.8086456524798,2026-08-20T00:09:10-04:00
12117500,2021-01-21,2070,A,58.615872445440004,5064.4113792860162,2026-08-20T00:09:10-04:00
12117500,2021-01-22,1970,A,55.784187786240004,4819.7538247311359,2026-08-20T00:09:10-04:00
12117500,2021-01-23,1680,A,47.572302274560002,4110.2469165219845,2026-08-20T00:09:10-04:00
12117500,2021-01-24,1390,A,39.36041676288,3400.7400083128323,2026-08-20T00:09:10-04:00
12117500,2021-01-25,1370,A,38.794079831040001,3351.8084974018561,2026-08-20T00:09:10-04:00
12117500,2021-01-26,1350,A,38.227742899200003,3302.87698649088,2026-08-20T00:09:10-04:00
12117500,2021-01-27,1230,A,34.829721308160003,3009.2879210250239,2026-08-20T00:09:10-04:00
12117500,2021-01-28,906,A,25.655063012352002,2216.5974442672127,2026-08-20T00:09:10-04:00
12117500,2021-01-29,755,A,21.37921917696,1847.1645368893442,2026-08-20T00:09:10-04:00
12117500,2021-01-30,737,A,20.869515938304001,1803.1261770694657,2026-08-20T00:09:10-04:00
12117500,2021-01-31,721,A,20.416446392832,1763.980968340685,2026-08-20T00:09:10-04:00
12117500,2021-02-01,733,A,20.756248551936,1793.3398748872705,2026-08-20T00:09:10-04:00
12117500,2021-02-02,762,A,21.577437103104,1864.2905657081856,2026-08-20T00:09:10-04:00
12117500,2021-02-03,679,A,19.227138835967999,1661.2247954276352,2026-08-20T00:09:10-04:00
12117500,2021-02-04,640,A,18.12278181888,1565.8083491512321,2026-08-20T00:09:10-04:00
12117500,2021-02-05,892,A,25.258627160064002,2182.3453866295295,2026-08-20T00:09:10-04:00
12117500,2021-02-06,844,A,23.899418523648002,2064.9097604431872,2026-08-20T00:09:10-04:00
12117500,2021-02-07,822,A,23.276447898623999,2011.0850984411136,2026-08-20T00:09:10-04:00
12117500,2021-02-08,768,A,21.747338182656001,1878.9700189814785,2026-08-20T00:09:10-04:00
12117500,2021-02-09,721,A,20.416446392832,1763.980968340685,2026-08-20T00:09:10-04:00
12117500,2021-02-10,689,A,19.510307301888002,1685.6905508831233,2026-08-20T00:09:10-04:00
12117500,2021-02-11,666,A,18.859019830272,1629.4193133355009,2026-08-20T00:09:10-04:00
12117500,2021-02-12,650,A,18.405950284799999,1590.2741046067201,2026-08-20T00:09:10-04:00
12117500,2021-02-13,691,A,19.566940995071999,1690.583701974221,2026-08-20T00:09:10-04:00
12117500,2021-02-14,736,A,20.841199091711999,1800.679601523917,2026-08-20T00:09:10-04:00
12117500,2021-02-15,912,A,25.824964091904,2231.2768975405056,2026-08-20T00:09:10-04:00
12117500,2021-02-16,1040,A,29.449520455680002,2544.438567370752,2026-08-20T00:09:10-04:00
12117500,2021-02-17,1050,A,29.732688921600001,2568.9043228262399,2026-08-20T00:09:10-04:00
12117500,2021-02-18,994,A,28.146945512447999,2431.8960922755073,2026-08-20T00:09:10-04:00
12117500,2021-02-19,971,A,27.495658040832001,2375.6248547278847,2026-08-20T00:09:10-04:00
12117500,2021-02-20,849,A,24.041002756608002,2077.1426381709311,2026-08-20T00:09:10-04:00
12117500,2021-02-21,762,A,21.577437103104,1864.2905657081856,2026-08-20T00:09:10-04:00
12117500,2021-02-22,1590,A,45.023786081280001,3890.055117422592,2026-08-20T00:09:10-04:00
12117500,2021-02-23,1460,A,41.342596024320002,3572.0002965012482,2026-08-20T00:09:10-04:00
12117500,2021-02-24,1700,A,48.138639206400001,4159.1784274329602,2026-08-20T00:09:10-04:00
12117500,2021-02-25,1680,A,47.572302274560002,4110.2469165219845,2026-08-20T00:09:10-04:00
12117500,2021-02-26,1760,A,49.837650001920004,4305.9729601658883,2026-08-20T00:09:10-04:00
12117500,2021-02-27,1770,A,50.120818467840003,4330.4387156213761,2026-08-20T00:09:10-04:00
12117500,2021-02-28,1740,A,49.271313070079998,4257.0414492549125,2026-08-20T00:09:10-04:00
12117500,2021-03-01,1710,A,48.42180767232,4183.6441828884481,2026-08-20T00:09:10-04:00
12117500,2021-03-02,1700,A,48.138639206400001,4159.1784274329602,2026-08-20T00:09:10-04:00
12117500,2021-03-03,1660,A,47.005965342720003,4061.3154056110079,2026-08-20T00:09:10-04:00
12117500,2021-03-04,1340,A,37.944574433280003,3278.4112310353921,2026-08-20T00:09:10-04:00
12117500,2021-03-05,1140,A,32.281205114880002,2789.0961219256319,2026-08-20T00:09:10-04:00
12117500,2021-03-06,1120,A,31.71486818304,2740.1646110146562,2026-08-20T00:09:10-04:00
12117500,2021-03-07,1110,A,31.431699717120001,2715.6988555591679,2026-08-20T00:09:10-04:00
12117500,2021-03-08,1050,A,29.732688921600001,2568.9043228262399,2026-08-20T00:09:10-04:00
12117500,2021-03-09,954,A,27.014271648768002,2334.0330704535554,2026-08-20T00:09:10-04:00
12117500,2021-03-10,900,A,25.485161932800001,2201.9179909939203,2026-08-20T00:09:10-04:00
12117500,2021-03-11,789,A,22.341991961088002,1930.3481054380034,2026-08-20T00:09:10-04:00
12117500,2021-03-12,774,A,21.917239262208,1893.6494722547714,2026-08-20T00:09:10-04:00
12117500,2021-03-13,682,A,19.312089375744002,1668.5645220642816,2026-08-20T00:09:10-04:00
12117500,2021-03-14,605,A,17.131692188159999,1480.1782050570241,2026-08-20T00:09:10-04:00
12117500,2021-03-15,584,A,16.537038409728002,1428.8001186004992,2026-08-20T00:09:10-04:00
12117500,2021-03-16,560,A,15.85743409152,1370.0823055073281,2026-08-20T00:09:10-04:00
12117500,2021-03-17,546,A,15.460998239232,1335.8302478696448,2026-08-20T00:09:10-04:00
12117500,2021-03-18,505,A,14.30000752896,1235.520650502144,2026-08-20T00:09:10-04:00
12117500,2021-03-19,503,A,14.243373835776,1230.6274994110465,2026-08-20T00:09:10-04:00
12117500,2021-03-20,502,A,14.215056989184001,1228.1809238654976,2026-08-20T00:09:10-04:00
12117500,2021-03-21,502,A,14.215056989184001,1228.1809238654976,2026-08-20T00:09:10-04:00
12117500,2021-03-22,528,A,14.951295000576,1291.7918880497664,2026-08-20T00:09:10-04:00
12117500,2021-03-23,511,A,14.469908608512,1250.2001037754369,2026-08-20T00:09:10-04:00
12117500,2021-03-24,506,A,14.328324375552,1237.9672260476927,2026-08-20T00:09:10-04:00
12117500,2021-03-25,563,A,15.942384631296001,1377.4220321439745,2026-08-20T00:09:10-04:00
12117500,2021-03-26,543,A,15.376047699456,1328.4905212329984,2026-08-20T00:09:10-04:00
12117500,2021-03-27,560,A,15.85743409152,1370.0823055073281,2026-08-20T00:09:10-04:00
12117500,2021-03-28,568,A,16.083968864256001,1389.6549098717185,2026-08-20T00:09:10-04:00
12117500,2021-03-29,553,A,15.659216165376,1352.9562766884865,2026-08-20T00:09:10-04:00
12117500,2021-03-30,536,A,15.177829773312,1311.3644924141568,2026-08-20T00:09:10-04:00
12117500,2021-03-31,525,A,14.866344460800001,1284.4521614131199,2026-08-20T00:09:10-04:00
12117500,2021-04-01,518,A,14.668126534656,1267.3261325942785,2026-08-20T00:09:10-04:00
12117500,2021-04-02,508,A,14.384958068736001,1242.8603771387905,2026-08-20T00:09:10-04:00
12117500,2021-04-03,502,A,14.215056989184001,1228.1809238654976,2026-08-20T00:09:10-04:00
12117500,2021-04-04,503,A,14.243373835776,1230.6274994110465,2026-08-20T00:09:10-04:00
12117500,2021-04-05,495,A,14.016839063040001,1211.0548950466559,2026-08-20T00:09:10-04:00
12117500,2021-04-06,485,A,13.73367059712,1186.5891395911681,2026-08-20T00:09:10-04:00
12117500,2021-04-07,485,A,13.73367059712,1186.5891395911681,2026-08-20T00:09:10-04:00
12117500,2021-04-08,531,A,15.036245540352001,1299.1316146864128,2026-08-20T00:09:10-04:00
12117500,2021-04-09,502,A,14.215056989184001,1228.1809238654976,2026-08-20T00:09:10-04:00
12117500,2021-04-10,493,A,13.960205369856,1206.1617439555584,2026-08-20T00:09:10-04:00
12117500,2021-04-11,480,A,13.59208636416,1174.3562618634242,2026-08-20T00:09:10-04:00
12117500,2021-04-12,472,A,13.365551591424,1154.7836574990336,2026-08-20T00:09:10-04:00
12117500,2021-04-13,464,A,13.139016818688001,1135.2110531346432,2026-08-20T00:09:10-04:00
12117500,2021-04-14,459,A,12.997432585728001,1122.9781754068993,2026-08-20T00:09:10-04:00
12117500,2021-04-15,428,A,12.119610341376001,1047.1343334948865,2026-08-20T00:09:10-04:00
12117500,2021-04-16,395,A,11.18515440384,966.39734049177605,2026-08-20T00:09:10-04:00
12117500,2021-04-17,373,A,10.562183778816001,912.57267848970241,2026-08-20T00:09:10-04:00
12117500,2021-04-18,379,A,10.732084858368001,927.25213176299519,2026-08-20T00:09:10-04:00
12117500,2021-04-19,387,A,10.958619631104,946.82473612738568,2026-08-20T00:09:10-04:00
12117500,2021-04-20,392,A,11.100203864064,959.0576138551296,2026-08-20T00:09:10-04:00
12117500,2021-04-21,492,A,13.931888523264,1203.7151684100097,2026-08-20T00:09:10-04:00
12117500,2021-04-22,622,A,17.613078580224002,1521.7699893313536,2026-08-20T00:09:10-04:00
12117500,2021-04-23,882,A,24.975458694144002,2157.8796311740416,2026-08-20T00:09:10-04:00
12117500,2021-04-24,909,A,25.740013552128001,2223.9371709038592,2026-08-20T00:09:10-04:00
12117500,2021-04-25,927,A,26.249716790783999,2267.9755307237378,2026-08-20T00:09:10-04:00
12117500,2021-04-26,871,A,24.663973381632001,2130.9673001730048,2026-08-20T00:09:10-04:00
12117500,2021-04-27,631,A,17.867930199551999,1543.7891692412929,2026-08-20T00:09:10-04:00
12117500,2021-04-28,571,A,16.168919404032,1396.9946365083649,2026-08-20T00:09:10-04:00
12117500,2021-04-29,555,A,15.71584985856,1357.8494277795839,2026-08-20T00:09:10-04:00
12117500,2021-04-30,561,A,15.885750938112,1372.5288810528768,2026-08-20T00:09:10-04:00
12117500,2021-05-01,561,A,15.885750938112,1372.5288810528768,2026-08-20T00:09:10-04:00
12117500,2021-05-02,576,A,16.310503636991999,1409.2275142361088,2026-08-20T00:09:10-04:00
12117500,2021-05-03,559,A,15.829117244928,1367.6357299617791,2026-08-20T00:09:10-04:00
12117500,2021-05-04,620,A,17.556444887040001,1516.8768382402561,2026-08-20T00:09:10-04:00
12117500,2021-05-05,599,A,16.961791108608001,1465.4987517837312,2026-08-20T00:09:10-04:00
12117500,2021-05-06,671,A,19.000604063232,1641.6521910632448,2026-08-20T00:09:10-04:00
12117500,2021-05-07,707,A,20.020010540544,1729.7289107030017,2026-08-20T00:09:10-04:00
12117500,2021-05-08,695,A,19.68020838144,1700.3700041564161,2026-08-20T00:09:10-04:00
12117500,2021-05-09,674,A,19.085554603007999,1648.9919176998912,2026-08-20T00:09:10-04:00
12117500,2021-05-10,662,A,18.745752443903999,1619.6330111533057,2026-08-20T00:09:10-04:00
12117500,2021-05-11,653,A,18.490900824576002,1597.6138312433663,2026-08-20T00:09:10-04:00
12117500,2021-05-12,648,A,18.349316591615999,1585.3809535156224,2026-08-20T00:09:10-04:00
12117500,2021-05-13,645,A,18.26436605184,1578.041226878976,2026-08-20T00:09:10-04:00
12117500,2021-05-14,686,A,19.425356762111999,1678.3508242464768,2026-08-20T00:09:10-04:00
12117500,2021-05-15,923,A,26.136449404416002,2258.1892285415424,2026-08-20T00:09:10-04:00
12117500,2021-05-16,1130,A,31.998036648959999,2764.6303664701441,2026-08-20T00:09:10-04:00
12117500,2021-05-17,939,A,26.589518949887999,2297.3344372703232,2026-08-20T00:09:10-04:00
12117500,2021-05-18,917,A,25.966548324864,2243.5097752682495,2026-08-20T00:09:10-04:00
12117500,2021-05-19,909,A,25.740013552128001,2223.9371709038592,2026-08-20T00:09:10-04:00
12117500,2021-05-20,861,A,24.380804915712002,2106.5015447175169,2026-08-20T00:09:10-04:00
12117500,2021-05-21,670,A,18.972287216640002,1639.2056155176961,2026-08-20T00:09:10-04:00
12117500,2021-05-22,622,A,17.613078580224002,1521.7699893313536,2026-08-20T00:09:10-04:00
12117500,2021-05-23,617,A,17.471494347263999,1509.5371116036097,2026-08-20T00:09:10-04:00
12117500,2021-05-24,638,A,18.066148125695999,1560.9151980601343,2026-08-20T00:09:10-04:00
12117500,2021-05-25,674,A,19.085554603007999,1648.9919176998912,2026-08-20T00:09:10-04:00
12117500,2021-05-26,647,A,18.320999745024,1582.9343779700737,2026-08-20T00:09:10-04:00
12117500,2021-05-27,662,A,18.745752443903999,1619.6330111533057,2026-08-20T00:09:10-04:00
12117500,2021-05-28,697,A,19.736842074624001,1705.2631552475136,2026-08-20T00:09:10-04:00
12117500,2021-05-29,665,A,18.830702983680002,1626.9727377899521,2026-08-20T00:09:10-04:00
12117500,2021-05-30,654,A,18.519217671168001,1600.0604067889153,2026-08-20T00:09:10-04:00
12117500,2021-05-31,645,A,18.26436605184,1578.041226878976,2026-08-20T00:09:10-04:00
12117500,2021-06-01,638,A,18.066148125695999,1560.9151980601343,2026-08-20T00:09:10-04:00
12117500,2021-06-02,633,A,17.924563892736,1548.6823203323904,2026-08-20T00:09:10-04:00
12117500,2021-06-03,627,A,17.754662813184002,1534.0028670590978,2026-08-20T00:09:10-04:00
12117500,2021-06-04,643,A,18.207732358655999,1573.1480757878785,2026-08-20T00:09:10-04:00
12117500,2021-06-05,725,A,20.529713779200002,1773.7672705228802,2026-08-20T00:09:10-04:00
12117500,2021-06-06,724,A,20.501396932607999,1771.3206949773312,2026-08-20T00:09:10-04:00
12117500,2021-06-07,763,A,21.605753949696002,1866.7371412537345,2026-08-20T00:09:10-04:00
12117500,2021-06-08,696,A,19.708525228032002,1702.8165797019649,2026-08-20T00:09:10-04:00
12117500,2021-06-09,605,A,17.131692188159999,1480.1782050570241,2026-08-20T00:09:10-04:00
12117500,2021-06-10,611,A,17.301593267712001,1494.8576583303168,2026-08-20T00:09:10-04:00
12117500,2021-06-11,559,A,15.829117244928,1367.6357299617791,2026-08-20T00:09:10-04:00
12117500,2021-06-12,534,A,15.121196080128,1306.4713413230593,2026-08-20T00:09:10-04:00
12117500,2021-06-13,533,A,15.092879233536001,1304.0247657775105,2026-08-20T00:09:10-04:00
12117500,2021-06-14,534,A,15.121196080128,1306.4713413230593,2026-08-20T00:09:10-04:00
12117500,2021-06-15,490,A,13.875254830080001,1198.822017318912,2026-08-20T00:09:10-04:00
12117500,2021-06-16,443,A,12.544363040256,1083.8329666781185,2026-08-20T00:09:10-04:00
12117500,2021-06-17,390,A,11.043570170880001,954.16446276403201,2026-08-20T00:09:10-04:00
12117500,2021-06-18,368,A,10.420599545856,900.33980076195849,2026-08-20T00:09:10-04:00
12117500,2021-06-19,358,A,10.137431079936,875.87404530647041,2026-08-20T00:09:10-04:00
12117500,2021-06-20,353,A,9.9958468469760007,863.64116757872648,2026-08-20T00:09:10-04:00
12117500,2021-06-21,357,A,10.109114233344,873.42746976092167,2026-08-20T00:09:10-04:00
12117500,2021-06-22,399,A,11.298421790208,976.18364267397124,2026-08-20T00:09:10-04:00
12117500,2021-06-23,460,A,13.02574943232,1125.424750952448,2026-08-20T00:09:10-04:00
12117500,2021-06-24,485,A,13.73367059712,1186.5891395911681,2026-08-20T00:09:10-04:00
12117500,2021-06-25,469,A,13.280601051648,1147.4439308623873,2026-08-20T00:09:10-04:00
12117500,2021-06-26,466,A,13.195650511872,1140.1042042257409,2026-08-20T00:09:10-04:00
12117500,2021-06-27,466,A,13.195650511872,1140.1042042257409,2026-08-20T00:09:10-04:00
12117500,2021-06-28,471,A,13.337234744832001,1152.3370819534848,2026-08-20T00:09:10-04:00
12117500,2021-06-29,493,A,13.960205369856,1206.1617439555584,2026-08-20T00:09:10-04:00
12117500,2021-06-30,493,A,13.960205369856,1206.1617439555584,2026-08-20T00:09:10-04:00
12117500,2021-07-01,493,A,13.960205369856,1206.1617439555584,2026-08-20T00:09:10-04:00
12117500,2021-07-02,493,A,13.960205369856,1206.1617439555584,2026-08-20T00:09:10-04:00
12117500,2021-07-03,488,A,13.818621136896001,1193.9288662278145,2026-08-20T00:09:10-04:00
12117500,2021-07-04,488,A,13.818621136896001,1193.9288662278145,2026-08-20T00:09:10-04:00
12117500,2021-07-05,488,A,13.818621136896001,1193.9288662278145,2026-08-20T00:09:10-04:00
12117500,2021-07-06,486,A,13.761987443712,1189.0357151367168,2026-08-20T00:09:10-04:00
12117500,2021-07-07,482,A,13.648720057344001,1179.2494129545216,2026-08-20T00:09:10-04:00
12117500,2021-07-08,482,A,13.648720057344001,1179.2494129545216,2026-08-20T00:09:10-04:00
12117500,2021-07-09,480,A,13.59208636416,1174.3562618634242,2026-08-20T00:09:10-04:00
12117500,2021-07-10,477,A,13.507135824384001,1167.0165352267777,2026-08-20T00:09:10-04:00
12117500,2021-07-11,477,A,13.507135824384001,1167.0165352267777,2026-08-20T00:09:10-04:00
12117500,2021-07-12,475,A,13.4505021312,1162.12338413568,2026-08-20T00:09:10-04:00
12117500,2021-07-13,453,A,12.827531506176001,1108.2987221336064,2026-08-20T00:09:10-04:00
12117500,2021-07-14,422,A,11.949709261824001,1032.4548802215936,2026-08-20T00:09:10-04:00
12117500,2021-07-15,384,A,10.873669091328001,939.48500949073923,2026-08-20T00:09:10-04:00
12117500,2021-07-16,369,A,10.448916392448,902.78637630750723,2026-08-20T00:09:10-04:00
12117500,2021-07-17,363,A,10.279015312896,888.10692303421445,2026-08-20T00:09:10-04:00
12117500,2021-07-18,360,A,10.194064773120001,880.767196397568,2026-08-20T00:09:10-04:00
12117500,2021-07-19,360,A,10.194064773120001,880.767196397568,2026-08-20T00:09:10-04:00
12117500,2021-07-20,344,A,9.7409952276479999,841.62198766878726,2026-08-20T00:09:10-04:00
12117500,2021-07-21,332,A,9.4011930685439999,812.26308112220158,2026-08-20T00:09:10-04:00
12117500,2021-07-22,330,A,9.3445593753600011,807.36993003110399,2026-08-20T00:09:10-04:00
12117500,2021-07-23,330,A,9.3445593753600011,807.36993003110399,2026-08-20T00:09:10-04:00
12117500,2021-07-24,327,A,9.2596088355840003,800.03020339445766,2026-08-20T00:09:10-04:00
12117500,2021-07-25,325,A,9.2029751423999997,795.13705230336006,2026-08-20T00:09:10-04:00
12117500,2021-07-26,321,A,9.0897077560320003,785.35075012116488,2026-08-20T00:09:10-04:00
12117500,2021-07-27,321,A,9.0897077560320003,785.35075012116488,2026-08-20T00:09:10-04:00
12117500,2021-07-28,321,A,9.0897077560320003,785.35075012116488,2026-08-20T00:09:10-04:00
12117500,2021-07-29,317,A,8.9764403696640009,775.56444793896958,2026-08-20T00:09:10-04:00
12117500,2021-07-30,307,A,8.6932719037439998,751.09869248348161,2026-08-20T00:09:10-04:00
12117500,2021-07-31,298,A,8.4384202844160008,729.07951257354239,2026-08-20T00:09:10-04:00
12117500,2021-08-01,287,A,8.1269349719039994,702.16718157250557,2026-08-20T00:09:10-04:00
12117500,2021-08-02,279,A,7.9004001991680006,682.5945772081152,2026-08-20T00:09:10-04:00
12117500,2021-08-03,270,A,7.6455485798399998,660.57539729817597,2026-08-20T00:09:10-04:00
12117500,2021-08-04,267,A,7.5605980400639998,653.23567066152964,2026-08-20T00:09:10-04:00
12117500,2021-08-05,263,A,7.4473306536960004,643.44936847933445,2026-08-20T00:09:10-04:00
12117500,2021-08-06,265,A,7.5039643468800001,648.34251957043205,2026-08-20T00:09:10-04:00
12117500,2021-08-07,264,A,7.4756475002879998,645.89594402488319,2026-08-20T00:09:10-04:00
12117500,2021-08-08,267,A,7.5605980400639998,653.23567066152964,2026-08-20T00:09:10-04:00
12117500,2021-08-09,262,A,7.4190138071040002,641.0027929337856,2026-08-20T00:09:10-04:00
12117500,2021-08-10,259,A,7.3340632673280002,633.66306629713927,2026-08-20T00:09:10-04:00
12117500,2021-08-11,259,A,7.3340632673280002,633.66306629713927,2026-08-20T00:09:10-04:00
12117500,2021-08-12,256,A,7.2491127275520002,626.32333966049282,2026-08-20T00:09:10-04:00
12117500,2021-08-13,256,A,7.2491127275520002,626.32333966049282,2026-08-20T00:09:10-04:00
12117500,2021-08-14,255,A,7.2207958809599999,623.87676411494397,2026-08-20T00:09:10-04:00
12117500,2021-08-15,252,A,7.1358453411839999,616.53703747829763,2026-08-20T00:09:10-04:00
12117500,2021-08-16,252,A,7.1358453411839999,616.53703747829763,2026-08-20T00:09:10-04:00
12117500,2021-08-17,252,A,7.1358453411839999,616.53703747829763,2026-08-20T00:09:10-04:00
12117500,2021-08-18,251,A,7.1075284945920005,614.09046193274878,2026-08-20T00:09:10-04:00
12117500,2021-08-19,249,A,7.050894801408,609.19731084165119,2026-08-20T00:09:10-04:00
12117500,2021-08-20,249,A,7.050894801408,609.19731084165119,2026-08-20T00:09:10-04:00
12117500,2021-08-21,247,A,6.9942611082240003,604.30415975055359,2026-08-20T00:09:10-04:00
12117500,2021-08-22,247,A,6.9942611082240003,604.30415975055359,2026-08-20T00:09:10-04:00
12117500,2021-08-23,245,A,6.9376274150400006,599.411008659456,2026-08-20T00:09:10-04:00
12117500,2021-08-24,243,A,6.880993721856,594.51785756835841,2026-08-20T00:09:10-04:00
12117500,2021-08-25,242,A,6.8526768752640006,592.07128202280967,2026-08-20T00:09:10-04:00
12117500,2021-08-26,243,A,6.880993721856,594.51785756835841,2026-08-20T00:09:10-04:00
12117500,2021-08-27,247,A,6.9942611082240003,604.30415975055359,2026-08-20T00:09:10-04:00
12117500,2021-08-28,241,A,6.8243600286720003,589.62470647726082,2026-08-20T00:09:10-04:00
12117500,2021-08-29,238,A,6.7394094888960003,582.28497984061437,2026-08-20T00:09:10-04:00
12117500,2021-08-30,238,A,6.7394094888960003,582.28497984061437,2026-08-20T00:09:10-04:00
12117500,2021-08-31,245,A,6.9376274150400006,599.411008659456,2026-08-20T00:09:10-04:00
12117500,2021-09-01,238,A,6.7394094888960003,582.28497984061437,2026-08-20T00:09:10-04:00
12117500,2021-09-02,235,A,6.6544589491200004,574.94525320396804,2026-08-20T00:09:10-04:00
12117500,2021-09-03,233,A,6.5978252559359998,570.05210211287044,2026-08-20T00:09:10-04:00
12117500,2021-09-04,231,A,6.5411915627520001,565.15895102177285,2026-08-20T00:09:10-04:00
12117500,2021-09-05,231,A,6.5411915627520001,565.15895102177285,2026-08-20T00:09:10-04:00
12117500,2021-09-06,228,A,6.4562410229760001,557.8192243851264,2026-08-20T00:09:10-04:00
12117500,2021-09-07,228,A,6.4562410229760001,557.8192243851264,2026-08-20T00:09:10-04:00
12117500,2021-09-08,227,A,6.4279241763839998,555.37264883957766,2026-08-20T00:09:10-04:00
12117500,2021-09-09,225,A,6.3712904832000001,550.47949774848007,2026-08-20T00:09:10-04:00
12117500,2021-09-10,224,A,6.3429736366079998,548.03292220293122,2026-08-20T00:09:10-04:00
12117500,2021-09-11,223,A,6.3146567900160004,545.58634665738236,2026-08-20T00:09:10-04:00
12117500,2021-09-12,223,A,6.3146567900160004,545.58634665738236,2026-08-20T00:09:10-04:00
12117500,2021-09-13,221,A,6.2580230968319999,540.69319556628477,2026-08-20T00:09:10-04:00
12117500,2021-09-14,231,A,6.5411915627520001,565.15895102177285,2026-08-20T00:09:10-04:00
12117500,2021-09-15,294,A,8.3251528980479996,719.2932103913472,2026-08-20T00:09:10-04:00
12117500,2021-09-16,293,A,8.2968360514560011,716.84663484579846,2026-08-20T00:09:10-04:00
12117500,2021-09-17,294,A,8.3251528980479996,719.2932103913472,2026-08-20T00:09:10-04:00
12117500,2021-09-18,345,A,9.7693120742400001,844.068563214336,2026-08-20T00:09:10-04:00
12117500,2021-09-19,323,A,9.1463414492160009,790.24390121226247,2026-08-20T00:09:10-04:00
12117500,2021-09-20,307,A,8.6932719037439998,751.09869248348161,2026-08-20T00:09:10-04:00
12117500,2021-09-21,314,A,8.8914898298880001,768.22472130232325,2026-08-20T00:09:10-04:00
12117500,2021-09-22,340,A,9.6277278412800005,831.83568548659207,2026-08-20T00:09:10-04:00
12117500,2021-09-23,342,A,9.6843615344640011,836.72883657768966,2026-08-20T00:09:10-04:00
12117500,2021-09-24,340,A,9.6277278412800005,831.83568548659207,2026-08-20T00:09:10-04:00
12117500,2021-09-25,325,A,9.2029751423999997,795.13705230336006,2026-08-20T00:09:10-04:00
12117500,2021-09-26,322,A,9.1180246026240006,787.79732566671362,2026-08-20T00:09:10-04:00
12117500,2021-09-27,341,A,9.6560446878720008,834.28226103214081,2026-08-20T00:09:10-04:00
12117500,2021-09-28,343,A,9.7126783810559996,839.1754121232384,2026-08-20T00:09:10-04:00
12117500,2021-09-29,339,A,9.5994109946880002,829.38910994104322,2026-08-20T00:09:10-04:00
12117500,2021-09-30,394,A,11.156837557248,963.9507649462272,2026-08-20T00:09:10-04:00
12117500,2021-10-01,354,A,10.024163693568001,866.08774312427522,2026-08-20T00:09:10-04:00
12117500,2021-10-02,328,A,9.2879256821760006,802.4767789400064,2026-08-20T00:09:10-04:00
12117500,2021-10-03,320,A,9.06139090944,782.90417457561603,2026-08-20T00:09:10-04:00
12117500,2021-10-04,316,A,8.9481235230720007,773.11787239342084,2026-08-20T00:09:10-04:00
12117500,2021-10-05,322,A,9.1180246026240006,787.79732566671362,2026-08-20T00:09:10-04:00
12117500,2021-10-06,341,A,9.6560446878720008,834.28226103214081,2026-08-20T00:09:10-04:00
12117500,2021-10-07,438,A,12.402778807296,1071.6000889503744,2026-08-20T00:09:10-04:00
12117500,2021-10-08,435,A,12.317828267519999,1064.2603623137281,2026-08-20T00:09:10-04:00
12117500,2021-10-09,436,A,12.346145114112,1066.7069378592769,2026-08-20T00:09:10-04:00
12117500,2021-10-10,479,A,13.563769517568,1171.9096863178752,2026-08-20T00:09:10-04:00
12117500,2021-10-11,476,A,13.478818977792001,1164.5699596812287,2026-08-20T00:09:10-04:00
12117500,2021-10-12,457,A,12.940798892544001,1118.0850243158015,2026-08-20T00:09:10-04:00
12117500,2021-10-13,454,A,12.855848352768,1110.7452976791553,2026-08-20T00:09:10-04:00
12117500,2021-10-14,461,A,13.054066278912,1127.8713264979967,2026-08-20T00:09:10-04:00
12117500,2021-10-15,466,A,13.195650511872,1140.1042042257409,2026-08-20T00:09:10-04:00
12117500,2021-10-16,455,A,12.88416519936,1113.1918732247041,2026-08-20T00:09:10-04:00
12117500,2021-10-17,446,A,12.629313580032001,1091.1726933147647,2026-08-20T00:09:10-04:00
12117500,2021-10-18,442,A,12.516046193664,1081.3863911325695,2026-08-20T00:09:10-04:00
12117500,2021-10-19,439,A,12.431095653888001,1074.0466644959233,2026-08-20T00:09:10-04:00
12117500,2021-10-20,438,A,12.402778807296,1071.6000889503744,2026-08-20T00:09:10-04:00
12117500,2021-10-21,437,A,12.374461960704,1069.1535134048256,2026-08-20T00:09:10-04:00
12117500,2021-10-22,451,A,12.770897812992001,1103.4055710425089,2026-08-20T00:09:10-04:00
12117500,2021-10-23,449,A,12.714264119808,1098.5124199514112,2026-08-20T00:09:10-04:00
12117500,2021-10-24,453,A,12.827531506176001,1108.2987221336064,2026-08-20T00:09:10-04:00
12117500,2021-10-25,458,A,12.969115739136001,1120.5315998613505,2026-08-20T00:09:10-04:00
12117500,2021-10-26,481,A,13.620403210752,1176.8028374089729,2026-08-20T00:09:10-04:00
12117500,2021-10-27,554,A,15.687533011968,1355.4028522340352,2026-08-20T00:09:10-04:00
12117500,2021-10-28,757,A,21.435852870144,1852.0576879804416,2026-08-20T00:09:10-04:00
12117500,2021-10-29,1220,A,34.546552842240004,2984.8221655695361,2026-08-20T00:09:10-04:00
12117500,2021-10-30,748,A,21.181001250815999,1830.0385080705025,2026-08-20T00:09:10-04:00
12117500,2021-10-31,620,A,17.556444887040001,1516.8768382402561,2026-08-20T00:09:10-04:00
12117500,2021-11-01,567,A,16.055652017664002,1387.2083343261697,2026-08-20T00:09:10-04:00
12117500,2021-11-02,543,A,15.376047699456,1328.4905212329984,2026-08-20T00:09:10-04:00
12117500,2021-11-03,522,A,14.781393921024,1277.1124347764737,2026-08-20T00:09:10-04:00
12117500,2021-11-04,592,A,16.763573182464,1448.3727229648896,2026-08-20T00:09:10-04:00
12117500,2021-11-05,613,A,17.358226960896001,1499.7508094214145,2026-08-20T00:09:10-04:00
12117500,2021-11-06,594,A,16.820206875648001,1453.2658740559873,2026-08-20T00:09:10-04:00
12117500,2021-11-07,603,A,17.075058494976002,1475.2850539659264,2026-08-20T00:09:10-04:00
12117500,2021-11-08,589,A,16.678622642688001,1441.0329963282431,2026-08-20T00:09:10-04:00
12117500,2021-11-09,586,A,16.593672102912002,1433.6932696915969,2026-08-20T00:09:10-04:00
12117500,2021-11-10,752,A,21.294268637184,1839.8248102526977,2026-08-20T00:09:10-04:00
12117500,2021-11-11,934,A,26.447934716928,2285.1015595425793,2026-08-20T00:09:10-04:00
12117500,2021-11-12,2060,A,58.332703979520005,5039.9456238305283,2026-08-20T00:09:10-04:00
12117500,2021-11-13,1180,A,33.41387897856,2886.9591437475842,2026-08-20T00:09:10-04:00
12117500,2021-11-14,1740,A,49.271313070079998,4257.0414492549125,2026-08-20T00:09:10-04:00
12117500,2021-11-15,2050,A,58.049535513599999,5015.4798683750405,2026-08-20T00:09:10-04:00
12117500,2021-11-16,1730,A,48.988144604159999,4232.5756937994238,2026-08-20T00:09:10-04:00
12117500,2021-11-17,1730,A,48.988144604159999,4232.5756937994238,2026-08-20T00:09:10-04:00
12117500,2021-11-18,1750,A,49.554481536000004,4281.5072047104004,2026-08-20T00:09:10-04:00
12117500,2021-11-19,1720,A,48.704976138239999,4208.1099383439359,2026-08-20T00:09:10-04:00
12117500,2021-11-20,1640,A,46.439628410880005,4012.3838947000322,2026-08-20T00:09:10-04:00
12117500,2021-11-21,1460,A,41.342596024320002,3572.0002965012482,2026-08-20T00:09:10-04:00
12117500,2021-11-22,1390,A,39.36041676288,3400.7400083128323,2026-08-20T00:09:10-04:00
12117500,2021-11-23,1440,A,40.776259092480004,3523.068785590272,2026-08-20T00:09:10-04:00
12117500,2021-11-24,1450,A,41.059427558400003,3547.5345410457603,2026-08-20T00:09:10-04:00
12117500,2021-11-25,1480,A,41.908932956160001,3620.9318074122243,2026-08-20T00:09:10-04:00
12117500,2021-11-26,1700,A,48.138639206400001,4159.1784274329602,2026-08-20T00:09:10-04:00
12117500,2021-11-27,1600,A,45.3069545472,3914.5208728780799,2026-08-20T00:09:10-04:00
12117500,2021-11-28,1540,A,43.607943751680004,3767.7263401451523,2026-08-20T00:09:10-04:00
12117500,2021-11-29,1430,A,40.493090626560004,3498.6030301347841,2026-08-20T00:09:10-04:00
12117500,2021-11-30,1520,A,43.041606819839998,3718.7948292341762,2026-08-20T00:09:10-04:00
12117500,2021-12-01,1680,A,47.572302274560002,4110.2469165219845,2026-08-20T00:09:10-04:00
12117500,2021-12-02,1730,A,48.988144604159999,4232.5756937994238,2026-08-20T00:09:10-04:00
12117500,2021-12-03,1900,A,53.802008524800002,4648.49353654272,2026-08-20T00:09:10-04:00
12117500,2021-12-04,1910,A,54.085176990720001,4672.9592919982078,2026-08-20T00:09:10-04:00
12117500,2021-12-05,1880,A,53.235671592960003,4599.5620256317443,2026-08-20T00:09:10-04:00
12117500,2021-12-06,1760,A,49.837650001920004,4305.9729601658883,2026-08-20T00:09:10-04:00
12117500,2021-12-07,1520,A,43.041606819839998,3718.7948292341762,2026-08-20T00:09:10-04:00
12117500,2021-12-08,1470,A,41.625764490240002,3596.466051956736,2026-08-20T00:09:10-04:00
12117500,2021-12-09,1360,A,38.510911365120002,3327.3427419463683,2026-08-20T00:09:10-04:00
12117500,2021-12-10,961,A,27.212489574912002,2351.1590992723968,2026-08-20T00:09:10-04:00
12117500,2021-12-11,1010,A,28.60001505792,2471.041301004288,2026-08-20T00:09:10-04:00
12117500,2021-12-12,1020,A,28.88318352384,2495.5070564597759,2026-08-20T00:09:10-04:00
12117500,2021-12-13,1060,A,30.015857387520001,2593.3700782817282,2026-08-20T00:09:10-04:00
12117500,2021-12-14,997,A,28.231896052224002,2439.2358189121537,2026-08-20T00:09:10-04:00
12117500,2021-12-15,1030,A,29.166351989760003,2519.9728119152642,2026-08-20T00:09:10-04:00
12117500,2021-12-16,1260,A,35.679226705920001,3082.6851873914879,2026-08-20T00:09:10-04:00
12117500,2021-12-17,1210,A:e,34.263384376319998,2960.3564101140482,2026-08-20T00:09:10-04:00
12117500,2021-12-18,981,A:e,27.778826506752001,2400.090610183373,2026-08-20T00:09:10-04:00
12117500,2021-12-19,931,A,26.362984177152001,2277.7618329059328,2026-08-20T00:09:10-04:00
12117500,2021-12-20,904,A,25.598429319168002,2211.7042931761152,2026-08-20T00:09:10-04:00
12117500,2021-12-21,1040,A,29.449520455680002,2544.438567370752,2026-08-20T00:09:10-04:00
12117500,2021-12-22,1120,A,31.71486818304,2740.1646110146562,2026-08-20T00:09:10-04:00
12117500,2021-12-23,1200,A,33.980215910399998,2935.8906546585599,2026-08-20T00:09:10-04:00
12117500,2021-12-24,1200,A,33.980215910399998,2935.8906546585599,2026-08-20T00:09:10-04:00
12117500,2021-12-25,1290,A,36.528732103679999,3156.082453757952,2026-08-20T00:09:10-04:00
12117500,2021-12-26,1260,A,35.679226705920001,3082.6851873914879,2026-08-20T00:09:10-04:00
12117500,2021-12-27,1150,A,32.564373580800002,2813.5618773811202,2026-08-20T00:09:10-04:00
12117500,2021-12-28,877,A,24.833874461183999,2145.6467534462977,2026-08-20T00:09:10-04:00
12117500,2021-12-29,857,A,24.267537529344001,2096.7152425353215,2026-08-20T00:09:10-04:00
12117500,2021-12-30,843,A,23.871101677056,2062.4631848976383,2026-08-20T00:09:10-04:00
12117500,2021-12-31,825,A,23.361398438400002,2018.42482507776,2026-08-20T00:09:10-04:00
12117500,2022-01-01,812,A,22.993279432704,1986.6193429856257,2026-08-20T00:09:10-04:00
12117500,2022-01-02,804,A,22.766744659968001,1967.0467386212354,2026-08-20T00:09:10-04:00
12117500,2022-01-03,818,A,23.163180512256002,2001.2987962589184,2026-08-20T00:09:10-04:00
12117500,2022-01-04,792,A,22.426942500864001,1937.6878320746496,2026-08-20T00:09:10-04:00
12117500,2022-01-05,637,A,18.037831279104001,1558.4686225145856,2026-08-20T00:09:10-04:00
12117500,2022-01-06,1160,A,32.847542046720001,2838.0276328366081,2026-08-20T00:09:10-04:00
12117500,2022-01-07,1680,A,47.572302274560002,4110.2469165219845,2026-08-20T00:09:10-04:00
12117500,2022-01-08,1200,A,33.980215910399998,2935.8906546585599,2026-08-20T00:09:10-04:00
12117500,2022-01-09,1160,A,32.847542046720001,2838.0276328366081,2026-08-20T00:09:10-04:00
12117500,2022-01-10,1170,A,33.13071051264,2862.4933882920959,2026-08-20T00:09:10-04:00
12117500,2022-01-11,1430,A,40.493090626560004,3498.6030301347841,2026-08-20T00:09:10-04:00
12117500,2022-01-12,1780,A,50.403986933760002,4354.904471076864,2026-08-20T00:09:10-04:00
12117500,2022-01-13,1560,A,44.174280683520003,3816.657851056128,2026-08-20T00:09:10-04:00
12117500,2022-01-14,2100,A,59.465377843200002,5137.8086456524798,2026-08-20T00:09:10-04:00
12117500,2022-01-15,2140,A,60.59805170688,5235.6716674744321,2026-08-20T00:09:10-04:00
12117500,2022-01-16,1960,A,55.501019320320005,4795.288069275648,2026-08-20T00:09:10-04:00
12117500,2022-01-17,1850,A,52.386166195200005,4526.1647592652798,2026-08-20T00:09:10-04:00
12117500,2022-01-18,1930,A,54.65151392256,4721.8908029091845,2026-08-20T00:09:10-04:00
12117500,2022-01-19,1990,A,56.350524718080003,4868.6853356421125,2026-08-20T00:09:10-04:00
12117500,2022-01-20,2160,A,61.164388638719998,5284.6031783854078,2026-08-20T00:09:10-04:00
12117500,2022-01-21,2110,A,59.748546309120002,5162.2744011079685,2026-08-20T00:09:10-04:00
12117500,2022-01-22,2080,A,58.899040911360004,5088.8771347415041,2026-08-20T00:09:10-04:00
12117500,2022-01-23,1950,A,55.217850854399998,4770.8223138201602,2026-08-20T00:09:10-04:00
12117500,2022-01-24,1890,A,53.518840058880002,4624.0277810872321,2026-08-20T00:09:10-04:00
12117500,2022-01-25,1910,A,54.085176990720001,4672.9592919982078,2026-08-20T00:09:10-04:00
12117500,2022-01-26,1880,A,53.235671592960003,4599.5620256317443,2026-08-20T00:09:10-04:00
12117500,2022-01-27,1800,A,50.970323865600001,4403.8359819878406,2026-08-20T00:09:10-04:00
12117500,2022-01-28,1660,A,47.005965342720003,4061.3154056110079,2026-08-20T00:09:10-04:00
12117500,2022-01-29,1590,A,45.023786081280001,3890.055117422592,2026-08-20T00:09:10-04:00
12117500,2022-01-30,1390,A,39.36041676288,3400.7400083128323,2026-08-20T00:09:10-04:00
12117500,2022-01-31,1310,A,37.095069035519998,3205.0139646689281,2026-08-20T00:09:10-04:00
12117500,2022-02-01,1280,A,36.24556363776,3131.6166983024641,2026-08-20T00:09:10-04:00
12117500,2022-02-02,1260,A,35.679226705920001,3082.6851873914879,2026-08-20T00:09:10-04:00
12117500,2022-02-03,1110,A,31.431699717120001,2715.6988555591679,2026-08-20T00:09:10-04:00
12117500,2022-02-04,917,A,25.966548324864,2243.5097752682495,2026-08-20T00:09:10-04:00
12117500,2022-02-05,895,A,25.343577699840001,2189.6851132661759,2026-08-20T00:09:10-04:00
12117500,2022-02-06,878,A,24.862191307776001,2148.0933289918466,2026-08-20T00:09:10-04:00
12117500,2022-02-07,866,A,24.522389148672001,2118.7344224452609,2026-08-20T00:09:10-04:00
12117500,2022-02-08,851,A:e,24.097636449792002,2082.0357892620291,2026-08-20T00:09:10-04:00
12117500,2022-02-09,838,A:e,23.729517444096,2050.2303071698943,2026-08-20T00:09:10-04:00
12117500,2022-02-10,825,A:e,23.361398438400002,2018.42482507776,2026-08-20T00:09:10-04:00
12117500,2022-02-11,815,A:e,23.078229972479999,1993.959069622272,2026-08-20T00:09:10-04:00
12117500,2022-02-12,807,A,22.851695199744,1974.3864652578816,2026-08-20T00:09:10-04:00
12117500,2022-02-13,800,A,22.6534772736,1957.2604364390399,2026-08-20T00:09:10-04:00
12117500,2022-02-14,805,A,22.79506150656,1969.4933141667841,2026-08-20T00:09:10-04:00
12117500,2022-02-15,801,A,22.681794120192002,1959.7070119845889,2026-08-20T00:09:10-04:00
12117500,2022-02-16,805,A,22.79506150656,1969.4933141667841,2026-08-20T00:09:10-04:00
12117500,2022-02-17,787,A,22.285358267904002,1925.4549543469057,2026-08-20T00:09:10-04:00
12117500,2022-02-18,772,A,21.860605569023999,1888.7563211636736,2026-08-20T00:09:10-04:00
12117500,2022-02-19,766,A,21.690704489472001,1874.0768678903808,2026-08-20T00:09:10-04:00
12117500,2022-02-20,791,A,22.398625654271999,1935.2412565291008,2026-08-20T00:09:10-04:00
12117500,2022-02-21,798,A,22.596843580415999,1952.3672853479425,2026-08-20T00:09:10-04:00
12117500,2022-02-22,776,A,21.973872955392,1898.5426233458688,2026-08-20T00:09:10-04:00
12117500,2022-02-23,758,A,21.464169716736002,1854.5042635259904,2026-08-20T00:09:10-04:00
12117500,2022-02-24,756,A,21.407536023552002,1849.6111124348929,2026-08-20T00:09:10-04:00
12117500,2022-02-25,748,A,21.181001250815999,1830.0385080705025,2026-08-20T00:09:10-04:00
12117500,2022-02-26,746,A,21.124367557632002,1825.1453569794048,2026-08-20T00:09:10-04:00
12117500,2022-02-27,801,A,22.681794120192002,1959.7070119845889,2026-08-20T00:09:10-04:00
12117500,2022-02-28,1910,A,54.085176990720001,4672.9592919982078,2026-08-20T00:09:10-04:00
12117500,2022-03-01,2680,A,75.889148866560006,6556.8224620707842,2026-08-20T00:09:10-04:00
12117500,2022-03-02,2260,A,63.996073297919999,5529.2607329402881,2026-08-20T00:09:10-04:00
12117500,2022-03-03,2460,A,69.659442616320007,6018.5758420500479,2026-08-20T00:09:10-04:00
12117500,2022-03-04,2380,A,67.394094888959998,5822.8497984061441,2026-08-20T00:09:10-04:00
12117500,2022-03-05,2330,A,65.978252559360001,5700.521021128704,2026-08-20T00:09:10-04:00
12117500,2022-03-06,2190,A,62.013894036480004,5358.0004447518722,2026-08-20T00:09:10-04:00
12117500,2022-03-07,1970,A,55.784187786240004,4819.7538247311359,2026-08-20T00:09:10-04:00
12117500,2022-03-08,1830,A,51.819829263359999,4477.2332483543041,2026-08-20T00:09:10-04:00
12117500,2022-03-09,1750,A,49.554481536000004,4281.5072047104004,2026-08-20T00:09:10-04:00
12117500,2022-03-10,1720,A,48.704976138239999,4208.1099383439359,2026-08-20T00:09:10-04:00
12117500,2022-03-11,1710,A,48.42180767232,4183.6441828884481,2026-08-20T00:09:10-04:00
12117500,2022-03-12,1700,A,48.138639206400001,4159.1784274329602,2026-08-20T00:09:10-04:00
12117500,2022-03-13,1470,A,41.625764490240002,3596.466051956736,2026-08-20T00:09:10-04:00
12117500,2022-03-14,1480,A,41.908932956160001,3620.9318074122243,2026-08-20T00:09:10-04:00
12117500,2022-03-15,1620,A,45.873291479039999,3963.4523837890561,2026-08-20T00:09:10-04:00
12117500,2022-03-16,1590,A,45.023786081280001,3890.055117422592,2026-08-20T00:09:10-04:00
12117500,2022-03-17,1510,A,42.758438353919999,3694.3290737786883,2026-08-20T00:09:10-04:00
12117500,2022-03-18,1220,A,34.546552842240004,2984.8221655695361,2026-08-20T00:09:10-04:00
12117500,2022-03-19,852,A,24.125953296384001,2084.4823648075776,2026-08-20T00:09:10-04:00
12117500,2022-03-20,766,A,21.690704489472001,1874.0768678903808,2026-08-20T00:09:10-04:00
12117500,2022-03-21,834,A,23.616250057727999,2040.4440049876994,2026-08-20T00:09:10-04:00
12117500,2022-03-22,820,A,23.219814205440002,2006.1919473500161,2026-08-20T00:09:10-04:00
12117500,2022-03-23,817,A,23.134863665664,1998.8522207133697,2026-08-20T00:09:10-04:00
12117500,2022-03-24,799,A,22.625160427008002,1954.8138608934912,2026-08-20T00:09:10-04:00
12117500,2022-03-25,762,A,21.577437103104,1864.2905657081856,2026-08-20T00:09:10-04:00
12117500,2022-03-26,736,A,20.841199091711999,1800.679601523917,2026-08-20T00:09:10-04:00
12117500,2022-03-27,718,A,20.331495853056001,1756.6412417040385,2026-08-20T00:09:10-04:00
12117500,2022-03-28,703,A,19.906743154176002,1719.9426085208065,2026-08-20T00:09:10-04:00
12117500,2022-03-29,700,A,19.8217926144,1712.6028818841601,2026-08-20T00:09:10-04:00
12117500,2022-03-30,835,A,23.644566904320001,2042.8905805332481,2026-08-20T00:09:10-04:00
12117500,2022-03-31,841,A,23.814467983871999,2057.5700338065408,2026-08-20T00:09:10-04:00
12117500,2022-04-01,825,A,23.361398438400002,2018.42482507776,2026-08-20T00:09:10-04:00
12117500,2022-04-02,813,A,23.021596279296002,1989.0659185311745,2026-08-20T00:09:10-04:00
12117500,2022-04-03,805,A,22.79506150656,1969.4933141667841,2026-08-20T00:09:10-04:00
12117500,2022-04-04,890,A,25.201993466880001,2177.452235538432,2026-08-20T00:09:10-04:00
12117500,2022-04-05,838,A,23.729517444096,2050.2303071698943,2026-08-20T00:09:10-04:00
12117500,2022-04-06,817,A,23.134863665664,1998.8522207133697,2026-08-20T00:09:10-04:00
12117500,2022-04-07,802,A,22.710110966784001,1962.1535875301377,2026-08-20T00:09:10-04:00
12117500,2022-04-08,806,A,22.823378353152002,1971.9398897123328,2026-08-20T00:09:10-04:00
12117500,2022-04-09,821,A,23.248131052032001,2008.6385228955648,2026-08-20T00:09:10-04:00
12117500,2022-04-10,836,A,23.672883750912,2045.3371560787969,2026-08-20T00:09:10-04:00
12117500,2022-04-11,819,A,23.191497358848,2003.7453718044674,2026-08-20T00:09:10-04:00
12117500,2022-04-12,808,A,22.880012046336002,1976.8330408034305,2026-08-20T00:09:10-04:00
12117500,2022-04-13,794,A,22.483576194048002,1942.5809831657473,2026-08-20T00:09:10-04:00
12117500,2022-04-14,706,A,19.991693693952001,1727.282335157453,2026-08-20T00:09:10-04:00
12117500,2022-04-15,689,A,19.510307301888002,1685.6905508831233,2026-08-20T00:09:10-04:00
12117500,2022-04-16,623,A,17.641395426816,1524.2165648769023,2026-08-20T00:09:10-04:00
12117500,2022-04-17,601,A,17.018424801792001,1470.3919028748289,2026-08-20T00:09:10-04:00
12117500,2022-04-18,609,A,17.244959574528,1489.9645072392193,2026-08-20T00:09:10-04:00
12117500,2022-04-19,589,A,16.678622642688001,1441.0329963282431,2026-08-20T00:09:10-04:00
12117500,2022-04-20,557,A,15.772483551744001,1362.7425788706817,2026-08-20T00:09:10-04:00
12117500,2022-04-21,530,A,15.00792869376,1296.6850391408641,2026-08-20T00:09:10-04:00
12117500,2022-04-22,523,A,14.809710767616,1279.5590103220225,2026-08-20T00:09:10-04:00
12117500,2022-04-23,516,A,14.611492841472,1262.4329815031808,2026-08-20T00:09:10-04:00
12117500,2022-04-24,511,A,14.469908608512,1250.2001037754369,2026-08-20T00:09:10-04:00
12117500,2022-04-25,534,A,15.121196080128,1306.4713413230593,2026-08-20T00:09:10-04:00
12117500,2022-04-26,544,A,15.404364546048001,1330.9370967785471,2026-08-20T00:09:10-04:00
12117500,2022-04-27,541,A,15.319414006272,1323.5973701419009,2026-08-20T00:09:10-04:00
12117500,2022-04-28,526,A,14.894661307392001,1286.8987369586689,2026-08-20T00:09:10-04:00
12117500,2022-04-29,528,A,14.951295000576,1291.7918880497664,2026-08-20T00:09:10-04:00
12117500,2022-04-30,535,A,15.14951292672,1308.917916868608,2026-08-20T00:09:10-04:00
12117500,2022-05-01,523,A,14.809710767616,1279.5590103220225,2026-08-20T00:09:10-04:00
12117500,2022-05-02,572,A,16.197236250624002,1399.4412120539137,2026-08-20T00:09:10-04:00
12117500,2022-05-03,576,A,16.310503636991999,1409.2275142361088,2026-08-20T00:09:10-04:00
12117500,2022-05-04,557,A,15.772483551744001,1362.7425788706817,2026-08-20T00:09:10-04:00
12117500,2022-05-05,561,A,15.885750938112,1372.5288810528768,2026-08-20T00:09:10-04:00
12117500,2022-05-06,647,A,18.320999745024,1582.9343779700737,2026-08-20T00:09:10-04:00
12117500,2022-05-07,1000,A,28.316846592000001,2446.5755455488002,2026-08-20T00:09:10-04:00
12117500,2022-05-08,1030,A,29.166351989760003,2519.9728119152642,2026-08-20T00:09:10-04:00
12117500,2022-05-09,1010,A,28.60001505792,2471.041301004288,2026-08-20T00:09:10-04:00
12117500,2022-05-10,1110,A,31.431699717120001,2715.6988555591679,2026-08-20T00:09:10-04:00
12117500,2022-05-11,1080,A,30.582194319359999,2642.3015891927039,2026-08-20T00:09:10-04:00
12117500,2022-05-12,1220,A,34.546552842240004,2984.8221655695361,2026-08-20T00:09:10-04:00
12117500,2022-05-13,1250,A,35.396058240000002,3058.2194319360001,2026-08-20T00:09:10-04:00
12117500,2022-05-14,1240,A,35.112889774080003,3033.7536764805122,2026-08-20T00:09:10-04:00
12117500,2022-05-15,1260,A,35.679226705920001,3082.6851873914879,2026-08-20T00:09:10-04:00
12117500,2022-05-16,1360,A,38.510911365120002,3327.3427419463683,2026-08-20T00:09:10-04:00
12117500,2022-05-17,1340,A,37.944574433280003,3278.4112310353921,2026-08-20T00:09:10-04:00
12117500,2022-05-18,1390,A,39.36041676288,3400.7400083128323,2026-08-20T00:09:10-04:00
12117500,2022-05-19,1380,A,39.077248296960001,3376.274252857344,2026-08-20T00:09:10-04:00
12117500,2022-05-20,1350,A,38.227742899200003,3302.87698649088,2026-08-20T00:09:10-04:00
12117500,2022-05-21,1330,A,37.661405967360004,3253.9454755799043,2026-08-20T00:09:10-04:00
12117500,2022-05-22,1310,A,37.095069035519998,3205.0139646689281,2026-08-20T00:09:10-04:00
12117500,2022-05-23,1100,A,31.148531251200001,2691.23310010368,2026-08-20T00:09:10-04:00
12117500,2022-05-24,954,A,27.014271648768002,2334.0330704535554,2026-08-20T00:09:10-04:00
12117500,2022-05-25,944,A,26.731103182847999,2309.5673149980671,2026-08-20T00:09:10-04:00
12117500,2022-05-26,935,A,26.476251563520002,2287.5481350881282,2026-08-20T00:09:10-04:00
12117500,2022-05-27,1000,A,28.316846592000001,2446.5755455488002,2026-08-20T00:09:10-04:00
12117500,2022-05-28,1010,A,28.60001505792,2471.041301004288,2026-08-20T00:09:10-04:00
12117500,2022-05-29,1090,A,30.865362785280002,2666.7673446481922,2026-08-20T00:09:10-04:00
12117500,2022-05-30,1250,A,35.396058240000002,3058.2194319360001,2026-08-20T00:09:10-04:00
12117500,2022-05-31,1410,A,39.926753694719999,3449.671519223808,2026-08-20T00:09:10-04:00
12117500,2022-06-01,1580,A,44.740617615360001,3865.5893619671042,2026-08-20T00:09:10-04:00
12117500,2022-06-02,1630,A,46.156459944959998,3987.9181392445439,2026-08-20T00:09:10-04:00
12117500,2022-06-03,1650,A,46.722796876800004,4036.8496501555201,2026-08-20T00:09:10-04:00
12117500,2022-06-04,1640,A,46.439628410880005,4012.3838947000322,2026-08-20T00:09:10-04:00
12117500,2022-06-05,1720,A,48.704976138239999,4208.1099383439359,2026-08-20T00:09:10-04:00
12117500,2022-06-06,1650,A,46.722796876800004,4036.8496501555201,2026-08-20T00:09:10-04:00
12117500,2022-06-07,1390,A,39.36041676288,3400.7400083128323,2026-08-20T00:09:10-04:00
12117500,2022-06-08,1550,A,43.891112217600003,3792.1920956006402,2026-08-20T00:09:10-04:00
12117500,2022-06-09,1620,A,45.873291479039999,3963.4523837890561,2026-08-20T00:09:10-04:00
12117500,2022-06-10,1590,A,45.023786081280001,3890.055117422592,2026-08-20T00:09:10-04:00
12117500,2022-06-11,1550,A,43.891112217600003,3792.1920956006402,2026-08-20T00:09:10-04:00
12117500,2022-06-12,1510,A,42.758438353919999,3694.3290737786883,2026-08-20T00:09:10-04:00
12117500,2022-06-13,1560,A,44.174280683520003,3816.657851056128,2026-08-20T00:09:10-04:00
12117500,2022-06-14,1580,A,44.740617615360001,3865.5893619671042,2026-08-20T00:09:10-04:00
12117500,2022-06-15,1700,A,48.138639206400001,4159.1784274329602,2026-08-20T00:09:10-04:00
12117500,2022-06-16,1660,A,47.005965342720003,4061.3154056110079,2026-08-20T00:09:10-04:00
12117500,2022-06-17,1650,A,46.722796876800004,4036.8496501555201,2026-08-20T00:09:10-04:00
12117500,2022-06-18,1550,A,43.891112217600003,3792.1920956006402,2026-08-20T00:09:10-04:00
12117500,2022-06-19,1150,A,32.564373580800002,2813.5618773811202,2026-08-20T00:09:10-04:00
12117500,2022-06-20,827,A,23.418032131583999,2023.3179761688577,2026-08-20T00:09:10-04:00
12117500,2022-06-21,644,A,18.236049205248001,1575.5946513334272,2026-08-20T00:09:10-04:00
12117500,2022-06-22,591,A,16.735256335872002,1445.9261474193409,2026-08-20T00:09:10-04:00
12117500,2022-06-23,568,A,16.083968864256001,1389.6549098717185,2026-08-20T00:09:10-04:00
12117500,2022-06-24,553,A,15.659216165376,1352.9562766884865,2026-08-20T00:09:10-04:00
12117500,2022-06-25,544,A,15.404364546048001,1330.9370967785471,2026-08-20T00:09:10-04:00
12117500,2022-06-26,529,A,14.979611847168,1294.2384635953154,2026-08-20T00:09:10-04:00
12117500,2022-06-27,516,A,14.611492841472,1262.4329815031808,2026-08-20T00:09:10-04:00
12117500,2022-06-28,507,A,14.356641222144001,1240.4138015932417,2026-08-20T00:09:10-04:00
12117500,2022-06-29,500,A,14.158423296,1223.2877727744001,2026-08-20T00:09:10-04:00
12117500,2022-06-30,489,A,13.846937983488001,1196.3754417733633,2026-08-20T00:09:10-04:00
12117500,2022-07-01,479,A,13.563769517568,1171.9096863178752,2026-08-20T00:09:10-04:00
12117500,2022-07-02,469,A,13.280601051648,1147.4439308623873,2026-08-20T00:09:10-04:00
12117500,2022-07-03,508,A,14.384958068736001,1242.8603771387905,2026-08-20T00:09:10-04:00
12117500,2022-07-04,550,A,15.574265625600001,1345.61655005184,2026-08-20T00:09:10-04:00
12117500,2022-07-05,541,A,15.319414006272,1323.5973701419009,2026-08-20T00:09:10-04:00
12117500,2022-07-06,538,A,15.234463466496001,1316.2576435052545,2026-08-20T00:09:10-04:00
12117500,2022-07-07,533,A,15.092879233536001,1304.0247657775105,2026-08-20T00:09:10-04:00
12117500,2022-07-08,528,A,14.951295000576,1291.7918880497664,2026-08-20T00:09:10-04:00
12117500,2022-07-09,525,A,14.866344460800001,1284.4521614131199,2026-08-20T00:09:10-04:00
12117500,2022-07-10,521,A,14.753077074432001,1274.6658592309248,2026-08-20T00:09:10-04:00
12117500,2022-07-11,516,A,14.611492841472,1262.4329815031808,2026-08-20T00:09:10-04:00
12117500,2022-07-12,511,A,14.469908608512,1250.2001037754369,2026-08-20T00:09:10-04:00
12117500,2022-07-13,504,A,14.271690682368,1233.0740749565953,2026-08-20T00:09:10-04:00
12117500,2022-07-14,489,A,13.846937983488001,1196.3754417733633,2026-08-20T00:09:10-04:00
12117500,2022-07-15,490,A,13.875254830080001,1198.822017318912,2026-08-20T00:09:10-04:00
12117500,2022-07-16,509,A,14.413274915328,1245.3069526843392,2026-08-20T00:09:10-04:00
12117500,2022-07-17,506,A,14.328324375552,1237.9672260476927,2026-08-20T00:09:10-04:00
12117500,2022-07-18,506,A,14.328324375552,1237.9672260476927,2026-08-20T00:09:10-04:00
12117500,2022-07-19,478,A,13.535452670976001,1169.4631107723264,2026-08-20T00:09:10-04:00
12117500,2022-07-20,443,A,12.544363040256,1083.8329666781185,2026-08-20T00:09:10-04:00
12117500,2022-07-21,422,A,11.949709261824001,1032.4548802215936,2026-08-20T00:09:10-04:00
12117500,2022-07-22,384,A,10.873669091328001,939.48500949073923,2026-08-20T00:09:10-04:00
12117500,2022-07-23,374,A,10.590500625408,915.01925403525127,2026-08-20T00:09:10-04:00
12117500,2022-07-24,370,A,10.47723323904,905.23295185305608,2026-08-20T00:09:10-04:00
12117500,2022-07-25,366,A,10.363965852672001,895.44664967086078,2026-08-20T00:09:10-04:00
12117500,2022-07-26,362,A,10.250698466304,885.66034748866559,2026-08-20T00:09:10-04:00
12117500,2022-07-27,358,A,10.137431079936,875.87404530647041,2026-08-20T00:09:10-04:00
12117500,2022-07-28,355,A,10.052480540159999,868.53431866982407,2026-08-20T00:09:10-04:00
12117500,2022-07-29,352,A,9.9675300003840004,861.19459203317763,2026-08-20T00:09:10-04:00
12117500,2022-07-30,349,A,9.8825794606079995,853.85486539653118,2026-08-20T00:09:10-04:00
12117500,2022-07-31,346,A,9.7976289208320004,846.51513875988485,2026-08-20T00:09:10-04:00
12117500,2022-08-01,344,A,9.7409952276479999,841.62198766878726,2026-08-20T00:09:10-04:00
12117500,2022-08-02,341,A,9.6560446878720008,834.28226103214081,2026-08-20T00:09:10-04:00
12117500,2022-08-03,339,A,9.5994109946880002,829.38910994104322,2026-08-20T00:09:10-04:00
12117500,2022-08-04,339,A,9.5994109946880002,829.38910994104322,2026-08-20T00:09:10-04:00
12117500,2022-08-05,336,A,9.5144604549120011,822.04938330439677,2026-08-20T00:09:10-04:00
12117500,2022-08-06,333,A,9.4295099151360002,814.70965666775044,2026-08-20T00:09:10-04:00
12117500,2022-08-07,330,A,9.3445593753600011,807.36993003110399,2026-08-20T00:09:10-04:00
12117500,2022-08-08,335,A,9.4861436083200008,819.60280775884803,2026-08-20T00:09:10-04:00
12117500,2022-08-09,335,A,9.4861436083200008,819.60280775884803,2026-08-20T00:09:10-04:00
12117500,2022-08-10,334,A,9.4578267617280005,817.15623221329918,2026-08-20T00:09:10-04:00
12117500,2022-08-11,335,A,9.4861436083200008,819.60280775884803,2026-08-20T00:09:10-04:00
12117500,2022-08-12,338,A,9.5710941480959999,826.94253439549448,2026-08-20T00:09:10-04:00
12117500,2022-08-13,336,A,9.5144604549120011,822.04938330439677,2026-08-20T00:09:10-04:00
12117500,2022-08-14,336,A,9.5144604549120011,822.04938330439677,2026-08-20T00:09:10-04:00
12117500,2022-08-15,331,A,9.3728762219519997,809.81650557665284,2026-08-20T00:09:10-04:00
12117500,2022-08-16,321,A,9.0897077560320003,785.35075012116488,2026-08-20T00:09:10-04:00
12117500,2022-08-17,319,A,9.0330740628479997,780.45759903006717,2026-08-20T00:09:10-04:00
12117500,2022-08-18,317,A,8.9764403696640009,775.56444793896958,2026-08-20T00:09:10-04:00
12117500,2022-08-19,315,A,8.9198066764800004,770.67129684787199,2026-08-20T00:09:10-04:00
12117500,2022-08-20,314,A,8.8914898298880001,768.22472130232325,2026-08-20T00:09:10-04:00
12117500,2022-08-21,312,A,8.8348561367039995,763.33157021122565,2026-08-20T00:09:10-04:00
12117500,2022-08-22,310,A,8.7782224435200007,758.43841912012806,2026-08-20T00:09:10-04:00
12117500,2022-08-23,308,A,8.7215887503360001,753.54526802903047,2026-08-20T00:09:10-04:00
12117500,2022-08-24,306,A,8.6649550571519995,748.65211693793287,2026-08-20T00:09:10-04:00
12117500,2022-08-25,305,A,8.636638210560001,746.20554139238402,2026-08-20T00:09:10-04:00
12117500,2022-08-26,303,A,8.5800045173760005,741.31239030128643,2026-08-20T00:09:10-04:00
12117500,2022-08-27,305,A,8.636638210560001,746.20554139238402,2026-08-20T00:09:10-04:00
12117500,2022-08-28,302,A,8.5516876707840002,738.86581475573757,2026-08-20T00:09:10-04:00
12117500,2022-08-29,299,A,8.4667371310080011,731.52608811909124,2026-08-20T00:09:10-04:00
12117500,2022-08-30,297,A,8.4101034378240005,726.63293702799365,2026-08-20T00:09:10-04:00
12117500,2022-08-31,296,A,8.3817865912320002,724.1863614824448,2026-08-20T00:09:10-04:00
12117500,2022-09-01,294,A,8.3251528980479996,719.2932103913472,2026-08-20T00:09:10-04:00
12117500,2022-09-02,293,A,8.2968360514560011,716.84663484579846,2026-08-20T00:09:10-04:00
12117500,2022-09-03,290,A,8.2118855116800002,709.50690820915202,2026-08-20T00:09:10-04:00
12117500,2022-09-04,290,A,8.2118855116800002,709.50690820915202,2026-08-20T00:09:10-04:00
12117500,2022-09-05,289,A,8.183568665088,707.06033266360328,2026-08-20T00:09:10-04:00
12117500,2022-09-06,286,A,8.0986181253120009,699.72060602695683,2026-08-20T00:09:10-04:00
12117500,2022-09-07,285,A,8.0703012787200006,697.27403048140798,2026-08-20T00:09:10-04:00
12117500,2022-09-08,282,A,7.9853507389440006,689.93430384476164,2026-08-20T00:09:10-04:00
12117500,2022-09-09,282,A,7.9853507389440006,689.93430384476164,2026-08-20T00:09:10-04:00
12117500,2022-09-10,281,A,7.9570338923520003,687.48772829921279,2026-08-20T00:09:10-04:00
12117500,2022-09-11,279,A,7.9004001991680006,682.5945772081152,2026-08-20T00:09:10-04:00
12117500,2022-09-12,278,A,7.8720833525760003,680.14800166256646,2026-08-20T00:09:10-04:00
12117500,2022-09-13,277,A,7.843766505984,677.7014261170176,2026-08-20T00:09:10-04:00
12117500,2022-09-14,276,A,7.8154496593920006,675.25485057146886,2026-08-20T00:09:10-04:00
12117500,2022-09-15,274,A,7.7588159662080001,670.36169948037127,2026-08-20T00:09:10-04:00
12117500,2022-09-16,273,A,7.7304991196159998,667.91512393482242,2026-08-20T00:09:10-04:00
12117500,2022-09-17,272,A,7.7021822730240004,665.46854838927356,2026-08-20T00:09:10-04:00
12117500,2022-09-18,270,A,7.6455485798399998,660.57539729817597,2026-08-20T00:09:10-04:00
12117500,2022-09-19,268,A,7.5889148866560001,655.68224620707838,2026-08-20T00:09:10-04:00
12117500,2022-09-20,265,A,7.5039643468800001,648.34251957043205,2026-08-20T00:09:10-04:00
12117500,2022-09-21,264,A,7.4756475002879998,645.89594402488319,2026-08-20T00:09:10-04:00
12117500,2022-09-22,270,A,7.6455485798399998,660.57539729817597,2026-08-20T00:09:10-04:00
12117500,2022-09-23,333,A,9.4295099151360002,814.70965666775044,2026-08-20T00:09:10-04:00
12117500,2022-09-24,334,A,9.4578267617280005,817.15623221329918,2026-08-20T00:09:10-04:00
12117500,2022-09-25,333,A,9.4295099151360002,814.70965666775044,2026-08-20T00:09:10-04:00
12117500,2022-09-26,332,A,9.4011930685439999,812.26308112220158,2026-08-20T00:09:10-04:00
12117500,2022-09-27,332,A,9.4011930685439999,812.26308112220158,2026-08-20T00:09:10-04:00
12117500,2022-09-28,336,A,9.5144604549120011,822.04938330439677,2026-08-20T00:09:10-04:00
12117500,2022-09-29,335,A,9.4861436083200008,819.60280775884803,2026-08-20T00:09:10-04:00
12117500,2022-09-30,333,A,9.4295099151360002,814.70965666775044,2026-08-20T00:09:10-04:00
12117500,2022-10-01,333,A,9.4295099151360002,814.70965666775044,2026-08-20T00:09:10-04:00
12117500,2022-10-02,331,A,9.3728762219519997,809.81650557665284,2026-08-20T00:09:10-04:00
12117500,2022-10-03,345,A,9.7693120742400001,844.068563214336,2026-08-20T00:09:10-04:00
12117500,2022-10-04,384,A,10.873669091328001,939.48500949073923,2026-08-20T00:09:10-04:00
12117500,2022-10-05,390,A,11.043570170880001,954.16446276403201,2026-08-20T00:09:10-04:00
12117500,2022-10-06,399,A,11.298421790208,976.18364267397124,2026-08-20T00:09:10-04:00
12117500,2022-10-07,409,A,11.581590256128001,1000.6493981294592,2026-08-20T00:09:10-04:00
12117500,2022-10-08,412,A,11.666540795904,1007.9891247661056,2026-08-20T00:09:10-04:00
12117500,2022-10-09,411,A,11.638223949312,1005.5425492205568,2026-08-20T00:09:10-04:00
12117500,2022-10-10,411,A,11.638223949312,1005.5425492205568,2026-08-20T00:09:10-04:00
12117500,2022-10-11,412,A,11.666540795904,1007.9891247661056,2026-08-20T00:09:10-04:00
12117500,2022-10-12,409,A,11.581590256128001,1000.6493981294592,2026-08-20T00:09:10-04:00
12117500,2022-10-13,408,A,11.553273409536001,998.20282258391046,2026-08-20T00:09:10-04:00
12117500,2022-10-14,407,A,11.524956562944,995.75624703836161,2026-08-20T00:09:10-04:00
12117500,2022-10-15,405,A,11.46832286976,990.86309594726401,2026-08-20T00:09:10-04:00
12117500,2022-10-16,402,A,11.383372329984001,983.52336931061768,2026-08-20T00:09:10-04:00
12117500,2022-10-17,400,A,11.3267386368,978.63021821951997,2026-08-20T00:09:10-04:00
12117500,2022-10-18,399,A,11.298421790208,976.18364267397124,2026-08-20T00:09:10-04:00
12117500,2022-10-19,398,A,11.270104943615999,973.73706712842238,2026-08-20T00:09:10-04:00
12117500,2022-10-20,398,A,11.270104943615999,973.73706712842238,2026-08-20T00:09:10-04:00
12117500,2022-10-21,401,A,11.355055483392,981.07679376506883,2026-08-20T00:09:10-04:00
12117500,2022-10-22,416,A,11.779808182272001,1017.7754269483008,2026-08-20T00:09:10-04:00
12117500,2022-10-23,405,A,11.46832286976,990.86309594726401,2026-08-20T00:09:10-04:00
12117500,2022-10-24,403,A,11.411689176576001,985.96994485616642,2026-08-20T00:09:10-04:00
12117500,2022-10-25,408,A,11.553273409536001,998.20282258391046,2026-08-20T00:09:10-04:00
12117500,2022-10-26,440,A,12.459412500480001,1076.4932400414721,2026-08-20T00:09:10-04:00
12117500,2022-10-27,406,A,11.496639716352,993.30967149281287,2026-08-20T00:09:10-04:00
12117500,2022-10-28,438,A,12.402778807296,1071.6000889503744,2026-08-20T00:09:10-04:00
12117500,2022-10-29,437,A,12.374461960704,1069.1535134048256,2026-08-20T00:09:10-04:00
12117500,2022-10-30,442,A,12.516046193664,1081.3863911325695,2026-08-20T00:09:10-04:00
12117500,2022-10-31,634,A,17.952880739328002,1551.1288958779392,2026-08-20T00:09:10-04:00
12117500,2022-11-01,473,A,13.393868438016,1157.2302330445825,2026-08-20T00:09:10-04:00
12117500,2022-11-02,432,A,12.232877727744,1056.9206356770817,2026-08-20T00:09:10-04:00
12117500,2022-11-03,406,A,11.496639716352,993.30967149281287,2026-08-20T00:09:10-04:00
12117500,2022-11-04,799,A,22.625160427008002,1954.8138608934912,2026-08-20T00:09:10-04:00
12117500,2022-11-05,648,A,18.349316591615999,1585.3809535156224,2026-08-20T00:09:10-04:00
12117500,2022-11-06,537,A,15.206146619904001,1313.8110679597057,2026-08-20T00:09:10-04:00
12117500,2022-11-07,511,A,14.469908608512,1250.2001037754369,2026-08-20T00:09:10-04:00
12117500,2022-11-08,521,A,14.753077074432001,1274.6658592309248,2026-08-20T00:09:10-04:00
12117500,2022-11-09,498,A,14.101789602816,1218.3946216833024,2026-08-20T00:09:10-04:00
12117500,2022-11-10,483,A,13.677036903936001,1181.6959885000704,2026-08-20T00:09:10-04:00
12117500,2022-11-11,489,A,13.846937983488001,1196.3754417733633,2026-08-20T00:09:10-04:00
12117500,2022-11-12,508,A,14.384958068736001,1242.8603771387905,2026-08-20T00:09:10-04:00
12117500,2022-11-13,504,A,14.271690682368,1233.0740749565953,2026-08-20T00:09:10-04:00
12117500,2022-11-14,501,A,14.186740142592001,1225.7343483199488,2026-08-20T00:09:10-04:00
12117500,2022-11-15,498,A,14.101789602816,1218.3946216833024,2026-08-20T00:09:10-04:00
12117500,2022-11-16,495,A,14.016839063040001,1211.0548950466559,2026-08-20T00:09:10-04:00
12117500,2022-11-17,497,A,14.073472756224,1215.9480461377536,2026-08-20T00:09:10-04:00
12117500,2022-11-18,496,A,14.045155909632001,1213.5014705922049,2026-08-20T00:09:10-04:00
12117500,2022-11-19,494,A,13.988522216448001,1208.6083195011072,2026-08-20T00:09:10-04:00
12117500,2022-11-20,492,A,13.931888523264,1203.7151684100097,2026-08-20T00:09:10-04:00
12117500,2022-11-21,492,A,13.931888523264,1203.7151684100097,2026-08-20T00:09:10-04:00
12117500,2022-11-22,537,A,15.206146619904001,1313.8110679597057,2026-08-20T00:09:10-04:00
12117500,2022-11-23,542,A,15.347730852864,1326.0439456874496,2026-08-20T00:09:10-04:00
12117500,2022-11-24,512,A,14.498225455104,1252.6466793209856,2026-08-20T00:09:10-04:00
12117500,2022-11-25,532,A,15.064562386944001,1301.5781902319616,2026-08-20T00:09:10-04:00
12117500,2022-11-26,535,A,15.14951292672,1308.917916868608,2026-08-20T00:09:10-04:00
12117500,2022-11-27,580,A,16.42377102336,1419.013816418304,2026-08-20T00:09:10-04:00
12117500,2022-11-28,543,A,15.376047699456,1328.4905212329984,2026-08-20T00:09:10-04:00
12117500,2022-11-29,487,A,13.790304290304,1191.4822906822656,2026-08-20T00:09:10-04:00
12117500,2022-11-30,496,A,14.045155909632001,1213.5014705922049,2026-08-20T00:09:10-04:00
12117500,2022-12-01,470,A,13.308917898240001,1149.8905064079361,2026-08-20T00:09:10-04:00
12117500,2022-12-02,445,A,12.600996733440001,1088.726117769216,2026-08-20T00:09:10-04:00
12117500,2022-12-03,436,A,12.346145114112,1066.7069378592769,2026-08-20T00:09:10-04:00
12117500,2022-12-04,447,A,12.657630426624001,1093.6192688603137,2026-08-20T00:09:10-04:00
12117500,2022-12-05,444,A,12.572679886848,1086.2795422236672,2026-08-20T00:09:10-04:00
12117500,2022-12-06,449,A,12.714264119808,1098.5124199514112,2026-08-20T00:09:10-04:00
12117500,2022-12-07,449,A,12.714264119808,1098.5124199514112,2026-08-20T00:09:10-04:00
12117500,2022-12-08,462,A,13.082383125504,1130.3179020435457,2026-08-20T00:09:10-04:00
12117500,2022-12-09,475,A,13.4505021312,1162.12338413568,2026-08-20T00:09:10-04:00
12117500,2022-12-10,517,A,14.639809688064,1264.8795570487296,2026-08-20T00:09:10-04:00
12117500,2022-12-11,509,A,14.413274915328,1245.3069526843392,2026-08-20T00:09:10-04:00
12117500,2022-12-12,502,A,14.215056989184001,1228.1809238654976,2026-08-20T00:09:10-04:00
12117500,2022-12-13,491,A,13.903571676672,1201.2685928644607,2026-08-20T00:09:10-04:00
12117500,2022-12-14,481,A,13.620403210752,1176.8028374089729,2026-08-20T00:09:10-04:00
12117500,2022-12-15,474,A,13.422185284608,1159.6768085901313,2026-08-20T00:09:10-04:00
12117500,2022-12-16,468,A,13.252284205056,1144.9973553168384,2026-08-20T00:09:10-04:00
12117500,2022-12-17,467,A,13.223967358464,1142.5507797712896,2026-08-20T00:09:10-04:00
12117500,2022-12-18,475,A,13.4505021312,1162.12338413568,2026-08-20T00:09:10-04:00
12117500,2022-12-19,468,A,13.252284205056,1144.9973553168384,2026-08-20T00:09:10-04:00
12117500,2022-12-20,510,A,14.44159176192,1247.7535282298879,2026-08-20T00:09:10-04:00
12117500,2022-12-21,444,A,12.572679886848,1086.2795422236672,2026-08-20T00:09:10-04:00
12117500,2022-12-22,421,A,11.921392415232001,1030.0083046760449,2026-08-20T00:09:10-04:00
12117500,2022-12-23,414,A,11.723174489088001,1012.8822758572032,2026-08-20T00:09:10-04:00
12117500,2022-12-24,620,A,17.556444887040001,1516.8768382402561,2026-08-20T00:09:10-04:00
12117500,2022-12-25,878,A,24.862191307776001,2148.0933289918466,2026-08-20T00:09:10-04:00
12117500,2022-12-26,919,A,26.023182018048001,2248.4029263593475,2026-08-20T00:09:10-04:00
12117500,2022-12-27,998,A,28.260212898816,2441.6823944577027,2026-08-20T00:09:10-04:00
12117500,2022-12-28,920,A,26.051498864639999,2250.849501904896,2026-08-20T00:09:10-04:00
12117500,2022-12-29,711,A,20.133277926912001,1739.5152128851969,2026-08-20T00:09:10-04:00
12117500,2022-12-30,680,A,19.255455682560001,1663.6713709731841,2026-08-20T00:09:10-04:00
12117500,2022-12-31,680,A,19.255455682560001,1663.6713709731841,2026-08-20T00:09:10-04:00
12117500,2023-01-01,693,A,19.623574688255999,1695.4768530653184,2026-08-20T00:09:10-04:00
12117500,2023-01-02,619,A,17.528128040447999,1514.4302626947072,2026-08-20T00:09:10-04:00
12117500,2023-01-03,575,A,16.282186790400001,1406.7809386905601,2026-08-20T00:09:10-04:00
12117500,2023-01-04,543,A,15.376047699456,1328.4905212329984,2026-08-20T00:09:10-04:00
12117500,2023-01-05,526,A,14.894661307392001,1286.8987369586689,2026-08-20T00:09:10-04:00
12117500,2023-01-06,518,A,14.668126534656,1267.3261325942785,2026-08-20T00:09:10-04:00
12117500,2023-01-07,508,A,14.384958068736001,1242.8603771387905,2026-08-20T00:09:10-04:00
12117500,2023-01-08,506,A,14.328324375552,1237.9672260476927,2026-08-20T00:09:10-04:00
12117500,2023-01-09,540,A,15.29109715968,1321.1507945963519,2026-08-20T00:09:10-04:00
12117500,2023-01-10,732,A,20.727931705344002,1790.8932993417216,2026-08-20T00:09:10-04:00
12117500,2023-01-11,722,A,20.444763239423999,1766.4275438862337,2026-08-20T00:09:10-04:00
12117500,2023-01-12,773,A,21.888922415616001,1891.2028967092224,2026-08-20T00:09:10-04:00
12117500,2023-01-13,818,A,23.163180512256002,2001.2987962589184,2026-08-20T00:09:10-04:00
12117500,2023-01-14,825,A,23.361398438400002,2018.42482507776,2026-08-20T00:09:10-04:00
12117500,2023-01-15,800,A,22.6534772736,1957.2604364390399,2026-08-20T00:09:10-04:00
12117500,2023-01-16,803,A,22.738427813375999,1964.6001630756864,2026-08-20T00:09:10-04:00
12117500,2023-01-17,771,A,21.832288722432001,1886.3097456181249,2026-08-20T00:09:10-04:00
12117500,2023-01-18,806,A,22.823378353152002,1971.9398897123328,2026-08-20T00:09:10-04:00
12117500,2023-01-19,858,A,24.295854375935999,2099.1618180808705,2026-08-20T00:09:10-04:00
12117500,2023-01-20,832,A,23.559616364544002,2035.5508538966017,2026-08-20T00:09:10-04:00
12117500,2023-01-21,822,A,23.276447898623999,2011.0850984411136,2026-08-20T00:09:10-04:00
12117500,2023-01-22,821,A,23.248131052032001,2008.6385228955648,2026-08-20T00:09:10-04:00
12117500,2023-01-23,809,A,22.908328892928001,1979.2796163489793,2026-08-20T00:09:10-04:00
12117500,2023-01-24,729,A,20.642981165567999,1783.5535727050753,2026-08-20T00:09:10-04:00
12117500,2023-01-25,522,A,14.781393921024,1277.1124347764737,2026-08-20T00:09:10-04:00
12117500,2023-01-26,517,A,14.639809688064,1264.8795570487296,2026-08-20T00:09:10-04:00
12117500,2023-01-27,667,A,18.887336676863999,1631.8658888810496,2026-08-20T00:09:10-04:00
12117500,2023-01-28,647,A,18.320999745024,1582.9343779700737,2026-08-20T00:09:10-04:00
12117500,2023-01-29,603,A,17.075058494976002,1475.2850539659264,2026-08-20T00:09:10-04:00
12117500,2023-01-30,577,A,16.338820483584001,1411.6740897816576,2026-08-20T00:09:10-04:00
12117500,2023-01-31,557,A,15.772483551744001,1362.7425788706817,2026-08-20T00:09:10-04:00
12117500,2023-02-01,529,A,14.979611847168,1294.2384635953154,2026-08-20T00:09:10-04:00
12117500,2023-02-02,517,A,14.639809688064,1264.8795570487296,2026-08-20T00:09:10-04:00
12117500,2023-02-03,508,A,14.384958068736001,1242.8603771387905,2026-08-20T00:09:10-04:00
12117500,2023-02-04,507,A,14.356641222144001,1240.4138015932417,2026-08-20T00:09:10-04:00
12117500,2023-02-05,519,A,14.696443381248001,1269.7727081398273,2026-08-20T00:09:10-04:00
12117500,2023-02-06,595,A,16.84852372224,1455.712449601536,2026-08-20T00:09:10-04:00
12117500,2023-02-07,624,A,17.669712273407999,1526.6631404224513,2026-08-20T00:09:10-04:00
12117500,2023-02-08,620,A,17.556444887040001,1516.8768382402561,2026-08-20T00:09:10-04:00
12117500,2023-02-09,582,A,16.480404716544001,1423.9069675094017,2026-08-20T00:09:10-04:00
12117500,2023-02-10,575,A,16.282186790400001,1406.7809386905601,2026-08-20T00:09:10-04:00
12117500,2023-02-11,554,A,15.687533011968,1355.4028522340352,2026-08-20T00:09:10-04:00
12117500,2023-02-12,539,A,15.262780313088001,1318.7042190508032,2026-08-20T00:09:10-04:00
12117500,2023-02-13,585,A,16.56535525632,1431.246694146048,2026-08-20T00:09:10-04:00
12117500,2023-02-14,570,A,16.140602557440001,1394.548060962816,2026-08-20T00:09:10-04:00
12117500,2023-02-15,547,A,15.489315085824,1338.2768234151936,2026-08-20T00:09:10-04:00
12117500,2023-02-16,539,A,15.262780313088001,1318.7042190508032,2026-08-20T00:09:10-04:00
12117500,2023-02-17,582,A,16.480404716544001,1423.9069675094017,2026-08-20T00:09:10-04:00
12117500,2023-02-18,597,A,16.905157415424,1460.6056006926337,2026-08-20T00:09:10-04:00
12117500,2023-02-19,652,A,18.462583977984,1595.1672556978176,2026-08-20T00:09:10-04:00
12117500,2023-02-20,979,A,27.722192813568,2395.1974590922755,2026-08-20T00:09:10-04:00
12117500,2023-02-21,1070,A,30.29902585344,2617.835833737216,2026-08-20T00:09:10-04:00
12117500,2023-02-22,1040,A,29.449520455680002,2544.438567370752,2026-08-20T00:09:10-04:00
12117500,2023-02-23,946,A,26.787736876032,2314.460466089165,2026-08-20T00:09:10-04:00
12117500,2023-02-24,895,A,25.343577699840001,2189.6851132661759,2026-08-20T00:09:10-04:00
12117500,2023-02-25,869,A,24.607339688448,2126.0741490819073,2026-08-20T00:09:10-04:00
12117500,2023-02-26,858,A,24.295854375935999,2099.1618180808705,2026-08-20T00:09:10-04:00
12117500,2023-02-27,839,A,23.757834290687999,2052.6768827154433,2026-08-20T00:09:10-04:00
12117500,2023-02-28,825,A,23.361398438400002,2018.42482507776,2026-08-20T00:09:10-04:00
12117500,2023-03-01,799,A,22.625160427008002,1954.8138608934912,2026-08-20T00:09:10-04:00
12117500,2023-03-02,719,A,20.359812699648,1759.0878172495873,2026-08-20T00:09:10-04:00
12117500,2023-03-03,710,A,20.104961080319999,1737.0686373396481,2026-08-20T00:09:10-04:00
12117500,2023-03-04,703,A,19.906743154176002,1719.9426085208065,2026-08-20T00:09:10-04:00
12117500,2023-03-05,599,A,16.961791108608001,1465.4987517837312,2026-08-20T00:09:10-04:00
12117500,2023-03-06,528,A,14.951295000576,1291.7918880497664,2026-08-20T00:09:10-04:00
12117500,2023-03-07,512,A,14.498225455104,1252.6466793209856,2026-08-20T00:09:10-04:00
12117500,2023-03-08,503,A,14.243373835776,1230.6274994110465,2026-08-20T00:09:10-04:00
12117500,2023-03-09,500,A,14.158423296,1223.2877727744001,2026-08-20T00:09:10-04:00
12117500,2023-03-10,500,A,14.158423296,1223.2877727744001,2026-08-20T00:09:10-04:00
12117500,2023-03-11,498,A,14.101789602816,1218.3946216833024,2026-08-20T00:09:10-04:00
12117500,2023-03-12,494,A,13.988522216448001,1208.6083195011072,2026-08-20T00:09:10-04:00
12117500,2023-03-13,579,A,16.395454176768002,1416.5672408727553,2026-08-20T00:09:10-04:00
12117500,2023-03-14,501,A,14.186740142592001,1225.7343483199488,2026-08-20T00:09:10-04:00
12117500,2023-03-15,476,A,13.478818977792001,1164.5699596812287,2026-08-20T00:09:10-04:00
12117500,2023-03-16,467,A,13.223967358464,1142.5507797712896,2026-08-20T00:09:10-04:00
12117500,2023-03-17,480,A,13.59208636416,1174.3562618634242,2026-08-20T00:09:10-04:00
12117500,2023-03-18,485,A,13.73367059712,1186.5891395911681,2026-08-20T00:09:10-04:00
12117500,2023-03-19,523,A,14.809710767616,1279.5590103220225,2026-08-20T00:09:10-04:00
12117500,2023-03-20,548,A,15.517631932416,1340.7233989607425,2026-08-20T00:09:10-04:00
12117500,2023-03-21,562,A,15.914067784704001,1374.9754565984256,2026-08-20T00:09:10-04:00
12117500,2023-03-22,551,A,15.602582472192001,1348.0631255973888,2026-08-20T00:09:10-04:00
12117500,2023-03-23,557,A,15.772483551744001,1362.7425788706817,2026-08-20T00:09:10-04:00
12117500,2023-03-24,556,A,15.744166705152001,1360.2960033251329,2026-08-20T00:09:10-04:00
12117500,2023-03-25,536,A,15.177829773312,1311.3644924141568,2026-08-20T00:09:10-04:00
12117500,2023-03-26,530,A,15.00792869376,1296.6850391408641,2026-08-20T00:09:10-04:00
12117500,2023-03-27,522,A,14.781393921024,1277.1124347764737,2026-08-20T00:09:10-04:00
12117500,2023-03-28,515,A,14.583175994880001,1259.9864059576321,2026-08-20T00:09:10-04:00
12117500,2023-03-29,509,A,14.413274915328,1245.3069526843392,2026-08-20T00:09:10-04:00
12117500,2023-03-30,465,A,13.167333665280001,1137.6576286801921,2026-08-20T00:09:10-04:00
12117500,2023-03-31,423,A,11.978026108416,1034.9014557671424,2026-08-20T00:09:10-04:00
12117500,2023-04-01,436,A,12.346145114112,1066.7069378592769,2026-08-20T00:09:10-04:00
12117500,2023-04-02,433,A,12.261194574336001,1059.3672112226304,2026-08-20T00:09:10-04:00
12117500,2023-04-03,436,A,12.346145114112,1066.7069378592769,2026-08-20T00:09:10-04:00
12117500,2023-04-04,408,A,11.553273409536001,998.20282258391046,2026-08-20T00:09:10-04:00
12117500,2023-04-05,397,A,11.241788097024001,971.29049158287364,2026-08-20T00:09:10-04:00
12117500,2023-04-06,400,A,11.3267386368,978.63021821951997,2026-08-20T00:09:10-04:00
12117500,2023-04-07,455,A,12.88416519936,1113.1918732247041,2026-08-20T00:09:10-04:00
12117500,2023-04-08,475,A,13.4505021312,1162.12338413568,2026-08-20T00:09:10-04:00
12117500,2023-04-09,538,A,15.234463466496001,1316.2576435052545,2026-08-20T00:09:10-04:00
12117500,2023-04-10,733,A,20.756248551936,1793.3398748872705,2026-08-20T00:09:10-04:00
12117500,2023-04-11,715,A,20.246545313280002,1749.3015150673921,2026-08-20T00:09:10-04:00
12117500,2023-04-12,612,A,17.329910114303999,1497.3042338758657,2026-08-20T00:09:10-04:00
12117500,2023-04-13,531,A,15.036245540352001,1299.1316146864128,2026-08-20T00:09:10-04:00
12117500,2023-04-14,482,A,13.648720057344001,1179.2494129545216,2026-08-20T00:09:10-04:00
12117500,2023-04-15,452,A,12.799214659584001,1105.8521465880576,2026-08-20T00:09:10-04:00
12117500,2023-04-16,451,A,12.770897812992001,1103.4055710425089,2026-08-20T00:09:10-04:00
12117500,2023-04-17,446,A,12.629313580032001,1091.1726933147647,2026-08-20T00:09:10-04:00
12117500,2023-04-18,425,A,12.0346598016,1039.7946068582401,2026-08-20T00:09:10-04:00
12117500,2023-04-19,413,A,11.694857642496,1010.4357003116544,2026-08-20T00:09:10-04:00
12117500,2023-04-20,404,A,11.440006023168001,988.41652040171527,2026-08-20T00:09:10-04:00
12117500,2023-04-21,411,A,11.638223949312,1005.5425492205568,2026-08-20T00:09:10-04:00
12117500,2023-04-22,397,A,11.241788097024001,971.29049158287364,2026-08-20T00:09:10-04:00
12117500,2023-04-23,450,A,12.7425809664,1100.9589954969601,2026-08-20T00:09:10-04:00
12117500,2023-04-24,540,A,15.29109715968,1321.1507945963519,2026-08-20T00:09:10-04:00
12117500,2023-04-25,529,A,14.979611847168,1294.2384635953154,2026-08-20T00:09:10-04:00
12117500,2023-04-26,492,A,13.931888523264,1203.7151684100097,2026-08-20T00:09:10-04:00
12117500,2023-04-27,474,A,13.422185284608,1159.6768085901313,2026-08-20T00:09:10-04:00
12117500,2023-04-28,477,A,13.507135824384001,1167.0165352267777,2026-08-20T00:09:10-04:00
12117500,2023-04-29,493,A,13.960205369856,1206.1617439555584,2026-08-20T00:09:10-04:00
12117500,2023-04-30,490,A,13.875254830080001,1198.822017318912,2026-08-20T00:09:10-04:00
12117500,2023-05-01,490,A,13.875254830080001,1198.822017318912,2026-08-20T00:09:10-04:00
12117500,2023-05-02,765,A,21.662387642879999,1871.630292344832,2026-08-20T00:09:10-04:00
12117500,2023-05-03,793,A,22.455259347456,1940.1344076201985,2026-08-20T00:09:10-04:00
12117500,2023-05-04,805,A,22.79506150656,1969.4933141667841,2026-08-20T00:09:10-04:00
12117500,2023-05-05,851,A,24.097636449792002,2082.0357892620291,2026-08-20T00:09:10-04:00
12117500,2023-05-06,954,A,27.014271648768002,2334.0330704535554,2026-08-20T00:09:10-04:00
12117500,2023-05-07,1160,A,32.847542046720001,2838.0276328366081,2026-08-20T00:09:10-04:00
12117500,2023-05-08,1140,A,32.281205114880002,2789.0961219256319,2026-08-20T00:09:10-04:00
12117500,2023-05-09,1130,A,31.998036648959999,2764.6303664701441,2026-08-20T00:09:10-04:00
12117500,2023-05-10,977,A,27.665559120384,2390.3043080011776,2026-08-20T00:09:10-04:00
12117500,2023-05-11,820,A,23.219814205440002,2006.1919473500161,2026-08-20T00:09:10-04:00
12117500,2023-05-12,791,A,22.398625654271999,1935.2412565291008,2026-08-20T00:09:10-04:00
12117500,2023-05-13,794,A,22.483576194048002,1942.5809831657473,2026-08-20T00:09:10-04:00
12117500,2023-05-14,804,A,22.766744659968001,1967.0467386212354,2026-08-20T00:09:10-04:00
12117500,2023-05-15,857,A,24.267537529344001,2096.7152425353215,2026-08-20T00:09:10-04:00
12117500,2023-05-16,1040,A,29.449520455680002,2544.438567370752,2026-08-20T00:09:10-04:00
12117500,2023-05-17,1110,A,31.431699717120001,2715.6988555591679,2026-08-20T00:09:10-04:00
12117500,2023-05-18,1100,A,31.148531251200001,2691.23310010368,2026-08-20T00:09:10-04:00
12117500,2023-05-19,1100,A,31.148531251200001,2691.23310010368,2026-08-20T00:09:10-04:00
12117500,2023-05-20,1100,A,31.148531251200001,2691.23310010368,2026-08-20T00:09:10-04:00
12117500,2023-05-21,1100,A,31.148531251200001,2691.23310010368,2026-08-20T00:09:10-04:00
12117500,2023-05-22,1090,A,30.865362785280002,2666.7673446481922,2026-08-20T00:09:10-04:00
12117500,2023-05-23,883,A,25.003775540736001,2160.3262067195906,2026-08-20T00:09:10-04:00
12117500,2023-05-24,741,A,20.982783324671999,1812.9124792516609,2026-08-20T00:09:10-04:00
12117500,2023-05-25,607,A,17.188325881343999,1485.0713561481216,2026-08-20T00:09:10-04:00
12117500,2023-05-26,542,A,15.347730852864,1326.0439456874496,2026-08-20T00:09:10-04:00
12117500,2023-05-27,510,A,14.44159176192,1247.7535282298879,2026-08-20T00:09:10-04:00
12117500,2023-05-28,503,A,14.243373835776,1230.6274994110465,2026-08-20T00:09:10-04:00
12117500,2023-05-29,499,A,14.130106449408,1220.8411972288513,2026-08-20T00:09:10-04:00
12117500,2023-05-30,494,A,13.988522216448001,1208.6083195011072,2026-08-20T00:09:10-04:00
12117500,2023-05-31,460,A,13.02574943232,1125.424750952448,2026-08-20T00:09:10-04:00
12117500,2023-06-01,469,A,13.280601051648,1147.4439308623873,2026-08-20T00:09:10-04:00
12117500,2023-06-02,491,A,13.903571676672,1201.2685928644607,2026-08-20T00:09:10-04:00
12117500,2023-06-03,498,A,14.101789602816,1218.3946216833024,2026-08-20T00:09:10-04:00
12117500,2023-06-04,504,A,14.271690682368,1233.0740749565953,2026-08-20T00:09:10-04:00
12117500,2023-06-05,515,A,14.583175994880001,1259.9864059576321,2026-08-20T00:09:10-04:00
12117500,2023-06-06,537,A,15.206146619904001,1313.8110679597057,2026-08-20T00:09:10-04:00
12117500,2023-06-07,515,A,14.583175994880001,1259.9864059576321,2026-08-20T00:09:10-04:00
12117500,2023-06-08,510,A,14.44159176192,1247.7535282298879,2026-08-20T00:09:10-04:00
12117500,2023-06-09,537,A,15.206146619904001,1313.8110679597057,2026-08-20T00:09:10-04:00
12117500,2023-06-10,490,A,13.875254830080001,1198.822017318912,2026-08-20T00:09:10-04:00
12117500,2023-06-11,384,A,10.873669091328001,939.48500949073923,2026-08-20T00:09:10-04:00
12117500,2023-06-12,355,A,10.052480540159999,868.53431866982407,2026-08-20T00:09:10-04:00
12117500,2023-06-13,348,A,9.854262614016001,851.40828985098244,2026-08-20T00:09:10-04:00
12117500,2023-06-14,345,A,9.7693120742400001,844.068563214336,2026-08-20T00:09:10-04:00
12117500,2023-06-15,339,A,9.5994109946880002,829.38910994104322,2026-08-20T00:09:10-04:00
12117500,2023-06-16,341,A,9.6560446878720008,834.28226103214081,2026-08-20T00:09:10-04:00
12117500,2023-06-17,358,A,10.137431079936,875.87404530647041,2026-08-20T00:09:10-04:00
12117500,2023-06-18,361,A,10.222381619711999,883.21377194311685,2026-08-20T00:09:10-04:00
12117500,2023-06-19,486,A,13.761987443712,1189.0357151367168,2026-08-20T00:09:10-04:00
12117500,2023-06-20,515,A,14.583175994880001,1259.9864059576321,2026-08-20T00:09:10-04:00
12117500,2023-06-21,508,A,14.384958068736001,1242.8603771387905,2026-08-20T00:09:10-04:00
12117500,2023-06-22,472,A,13.365551591424,1154.7836574990336,2026-08-20T00:09:10-04:00
12117500,2023-06-23,474,A,13.422185284608,1159.6768085901313,2026-08-20T00:09:10-04:00
12117500,2023-06-24,464,A,13.139016818688001,1135.2110531346432,2026-08-20T00:09:10-04:00
12117500,2023-06-25,453,A,12.827531506176001,1108.2987221336064,2026-08-20T00:09:10-04:00
12117500,2023-06-26,450,A,12.7425809664,1100.9589954969601,2026-08-20T00:09:10-04:00
12117500,2023-06-27,448,A,12.685947273216,1096.0658444058624,2026-08-20T00:09:10-04:00
12117500,2023-06-28,455,A,12.88416519936,1113.1918732247041,2026-08-20T00:09:10-04:00
12117500,2023-06-29,467,A,13.223967358464,1142.5507797712896,2026-08-20T00:09:10-04:00
12117500,2023-06-30,466,A,13.195650511872,1140.1042042257409,2026-08-20T00:09:10-04:00
12117500,2023-07-01,447,A,12.657630426624001,1093.6192688603137,2026-08-20T00:09:10-04:00
12117500,2023-07-02,421,A,11.921392415232001,1030.0083046760449,2026-08-20T00:09:10-04:00
12117500,2023-07-03,418,A,11.836441875456,1022.6685780393984,2026-08-20T00:09:10-04:00
12117500,2023-07-04,416,A,11.779808182272001,1017.7754269483008,2026-08-20T00:09:10-04:00
12117500,2023-07-05,413,A,11.694857642496,1010.4357003116544,2026-08-20T00:09:10-04:00
12117500,2023-07-06,412,A,11.666540795904,1007.9891247661056,2026-08-20T00:09:10-04:00
12117500,2023-07-07,410,A,11.609907102720001,1003.0959736750081,2026-08-20T00:09:10-04:00
12117500,2023-07-08,408,A,11.553273409536001,998.20282258391046,2026-08-20T00:09:10-04:00
12117500,2023-07-09,407,A,11.524956562944,995.75624703836161,2026-08-20T00:09:10-04:00
12117500,2023-07-10,404,A,11.440006023168001,988.41652040171527,2026-08-20T00:09:10-04:00
12117500,2023-07-11,403,A,11.411689176576001,985.96994485616642,2026-08-20T00:09:10-04:00
12117500,2023-07-12,401,A,11.355055483392,981.07679376506883,2026-08-20T00:09:10-04:00
12117500,2023-07-13,399,A,11.298421790208,976.18364267397124,2026-08-20T00:09:10-04:00
12117500,2023-07-14,393,A,11.128520710656,961.50418940067846,2026-08-20T00:09:10-04:00
12117500,2023-07-15,379,A,10.732084858368001,927.25213176299519,2026-08-20T00:09:10-04:00
12117500,2023-07-16,377,A,10.675451165184001,922.3589806718976,2026-08-20T00:09:10-04:00
12117500,2023-07-17,370,A,10.47723323904,905.23295185305608,2026-08-20T00:09:10-04:00
12117500,2023-07-18,354,A,10.024163693568001,866.08774312427522,2026-08-20T00:09:10-04:00
12117500,2023-07-19,351,A,9.9392131537920001,858.74801648762877,2026-08-20T00:09:10-04:00
12117500,2023-07-20,349,A,9.8825794606079995,853.85486539653118,2026-08-20T00:09:10-04:00
12117500,2023-07-21,346,A,9.7976289208320004,846.51513875988485,2026-08-20T00:09:10-04:00
12117500,2023-07-22,345,A,9.7693120742400001,844.068563214336,2026-08-20T00:09:10-04:00
12117500,2023-07-23,343,A,9.7126783810559996,839.1754121232384,2026-08-20T00:09:10-04:00
12117500,2023-07-24,343,A,9.7126783810559996,839.1754121232384,2026-08-20T00:09:10-04:00
12117500,2023-07-25,341,A,9.6560446878720008,834.28226103214081,2026-08-20T00:09:10-04:00
12117500,2023-07-26,292,A,8.2685192048640008,714.40005930024961,2026-08-20T00:09:10-04:00
12117500,2023-07-27,288,A,8.1552518184959997,704.61375711805442,2026-08-20T00:09:10-04:00
12117500,2023-07-28,285,A,8.0703012787200006,697.27403048140798,2026-08-20T00:09:10-04:00
12117500,2023-07-29,282,A,7.9853507389440006,689.93430384476164,2026-08-20T00:09:10-04:00
12117500,2023-07-30,280,A,7.92871704576,685.04115275366405,2026-08-20T00:09:10-04:00
12117500,2023-07-31,278,A,7.8720833525760003,680.14800166256646,2026-08-20T00:09:10-04:00
12117500,2023-08-01,277,A,7.843766505984,677.7014261170176,2026-08-20T00:09:10-04:00
12117500,2023-08-02,274,A,7.7588159662080001,670.36169948037127,2026-08-20T00:09:10-04:00
12117500,2023-08-03,273,A,7.7304991196159998,667.91512393482242,2026-08-20T00:09:10-04:00
12117500,2023-08-04,270,A,7.6455485798399998,660.57539729817597,2026-08-20T00:09:10-04:00
12117500,2023-08-05,269,A,7.6172317332480004,658.12882175262723,2026-08-20T00:09:10-04:00
12117500,2023-08-06,268,A,7.5889148866560001,655.68224620707838,2026-08-20T00:09:10-04:00
12117500,2023-08-07,272,A,7.7021822730240004,665.46854838927356,2026-08-20T00:09:10-04:00
12117500,2023-08-08,282,A,7.9853507389440006,689.93430384476164,2026-08-20T00:09:10-04:00
12117500,2023-08-09,281,A,7.9570338923520003,687.48772829921279,2026-08-20T00:09:10-04:00
12117500,2023-08-10,285,A,8.0703012787200006,697.27403048140798,2026-08-20T00:09:10-04:00
12117500,2023-08-11,298,A,8.4384202844160008,729.07951257354239,2026-08-20T00:09:10-04:00
12117500,2023-08-12,295,A,8.3534697446399999,721.73978593689606,2026-08-20T00:09:10-04:00
12117500,2023-08-13,293,A,8.2968360514560011,716.84663484579846,2026-08-20T00:09:10-04:00
12117500,2023-08-14,296,A,8.3817865912320002,724.1863614824448,2026-08-20T00:09:10-04:00
12117500,2023-08-15,304,A,8.6083213639680007,743.75896584683528,2026-08-20T00:09:10-04:00
12117500,2023-08-16,303,A,8.5800045173760005,741.31239030128643,2026-08-20T00:09:10-04:00
12117500,2023-08-17,302,A,8.5516876707840002,738.86581475573757,2026-08-20T00:09:10-04:00
12117500,2023-08-18,301,A,8.5233708241919999,736.41923921018883,2026-08-20T00:09:10-04:00
12117500,2023-08-19,301,A,8.5233708241919999,736.41923921018883,2026-08-20T00:09:10-04:00
12117500,2023-08-20,299,A,8.4667371310080011,731.52608811909124,2026-08-20T00:09:10-04:00
12117500,2023-08-21,298,A,8.4384202844160008,729.07951257354239,2026-08-20T00:09:10-04:00
12117500,2023-08-22,297,A,8.4101034378240005,726.63293702799365,2026-08-20T00:09:10-04:00
12117500,2023-08-23,301,A,8.5233708241919999,736.41923921018883,2026-08-20T00:09:10-04:00
12117500,2023-08-24,298,A,8.4384202844160008,729.07951257354239,2026-08-20T00:09:10-04:00
12117500,2023-08-25,290,A,8.2118855116800002,709.50690820915202,2026-08-20T00:09:10-04:00
12117500,2023-08-26,265,A,7.5039643468800001,648.34251957043205,2026-08-20T00:09:10-04:00
12117500,2023-08-27,263,A,7.4473306536960004,643.44936847933445,2026-08-20T00:09:10-04:00
12117500,2023-08-28,257,A,7.2774295741440005,628.76991520604167,2026-08-20T00:09:10-04:00
12117500,2023-08-29,247,A,6.9942611082240003,604.30415975055359,2026-08-20T00:09:10-04:00
12117500,2023-08-30,254,A,7.1924790343680005,621.43018856939523,2026-08-20T00:09:10-04:00
12117500,2023-08-31,233,A,6.5978252559359998,570.05210211287044,2026-08-20T00:09:10-04:00
12117500,2023-09-01,227,A,6.4279241763839998,555.37264883957766,2026-08-20T00:09:10-04:00
12117500,2023-09-02,224,A,6.3429736366079998,548.03292220293122,2026-08-20T00:09:10-04:00
12117500,2023-09-03,224,A,6.3429736366079998,548.03292220293122,2026-08-20T00:09:10-04:00
12117500,2023-09-04,230,A,6.5128747161599998,562.712375476224,2026-08-20T00:09:10-04:00
12117500,2023-09-05,222,A,6.2863399434240002,543.13977111183362,2026-08-20T00:09:10-04:00
12117500,2023-09-06,218,A,6.1730725570559999,533.35346892963844,2026-08-20T00:09:10-04:00
12117500,2023-09-07,216,A,6.1164388638720002,528.46031783854085,2026-08-20T00:09:10-04:00
12117500,2023-09-08,213,A,6.0314883240960002,521.1205912018944,2026-08-20T00:09:10-04:00
12117500,2023-09-09,212,A,6.0031714775039999,518.67401565634566,2026-08-20T00:09:10-04:00
12117500,2023-09-10,220,A,6.2297062502400005,538.24662002073603,2026-08-20T00:09:10-04:00
12117500,2023-09-11,231,A,6.5411915627520001,565.15895102177285,2026-08-20T00:09:10-04:00
12117500,2023-09-12,275,A,7.7871328128000004,672.80827502592001,2026-08-20T00:09:10-04:00
12117500,2023-09-13,277,A,7.843766505984,677.7014261170176,2026-08-20T00:09:10-04:00
12117500,2023-09-14,276,A,7.8154496593920006,675.25485057146886,2026-08-20T00:09:10-04:00
12117500,2023-09-15,275,A,7.7871328128000004,672.80827502592001,2026-08-20T00:09:10-04:00
12117500,2023-09-16,282,A,7.9853507389440006,689.93430384476164,2026-08-20T00:09:10-04:00
12117500,2023-09-17,290,A,8.2118855116800002,709.50690820915202,2026-08-20T00:09:10-04:00
12117500,2023-09-18,292,A,8.2685192048640008,714.40005930024961,2026-08-20T00:09:10-04:00
12117500,2023-09-19,290,A,8.2118855116800002,709.50690820915202,2026-08-20T00:09:10-04:00
12117500,2023-09-20,321,A,9.0897077560320003,785.35075012116488,2026-08-20T00:09:10-04:00
12117500,2023-09-21,318,A,9.0047572162559995,778.01102348451843,2026-08-20T00:09:10-04:00
12117500,2023-09-22,355,A,10.052480540159999,868.53431866982407,2026-08-20T00:09:10-04:00
12117500,2023-09-23,355,A,10.052480540159999,868.53431866982407,2026-08-20T00:09:10-04:00
12117500,2023-09-24,358,A,10.137431079936,875.87404530647041,2026-08-20T00:09:10-04:00
12117500,2023-09-25,386,A,10.930302784512,944.37816058183682,2026-08-20T00:09:10-04:00
12117500,2023-09-26,348,A,9.854262614016001,851.40828985098244,2026-08-20T00:09:10-04:00
12117500,2023-09-27,376,A,10.647134318592,919.91240512634886,2026-08-20T00:09:10-04:00
12117500,2023-09-28,277,A,7.843766505984,677.7014261170176,2026-08-20T00:09:10-04:00
12117500,2023-09-29,251,A,7.1075284945920005,614.09046193274878,2026-08-20T00:09:10-04:00
12117500,2023-09-30,263,A,7.4473306536960004,643.44936847933445,2026-08-20T00:09:10-04:00
12117500,2023-10-01,282,A,7.9853507389440006,689.93430384476164,2026-08-20T00:09:10-04:00
12117500,2023-10-02,291,A,8.2402023582720005,711.95348375470087,2026-08-20T00:09:10-04:00
12117500,2023-10-03,334,A,9.4578267617280005,817.15623221329918,2026-08-20T00:09:10-04:00
12117500,2023-10-04,302,A,8.5516876707840002,738.86581475573757,2026-08-20T00:09:10-04:00
12117500,2023-10-05,332,A,9.4011930685439999,812.26308112220158,2026-08-20T00:09:10-04:00
12117500,2023-10-06,341,A,9.6560446878720008,834.28226103214081,2026-08-20T00:09:10-04:00
12117500,2023-10-07,338,A,9.5710941480959999,826.94253439549448,2026-08-20T00:09:10-04:00
12117500,2023-10-08,346,A,9.7976289208320004,846.51513875988485,2026-08-20T00:09:10-04:00
12117500,2023-10-09,400,A,11.3267386368,978.63021821951997,2026-08-20T00:09:10-04:00
12117500,2023-10-10,428,A,12.119610341376001,1047.1343334948865,2026-08-20T00:09:10-04:00
12117500,2023-10-11,463,A,13.110699972096,1132.7644775890944,2026-08-20T00:09:10-04:00
12117500,2023-10-12,438,A,12.402778807296,1071.6000889503744,2026-08-20T00:09:10-04:00
12117500,2023-10-13,420,A,11.89307556864,1027.5617291304961,2026-08-20T00:09:10-04:00
12117500,2023-10-14,418,A,11.836441875456,1022.6685780393984,2026-08-20T00:09:10-04:00
12117500,2023-10-15,417,A,11.808125028864,1020.2220024938497,2026-08-20T00:09:10-04:00
12117500,2023-10-16,452,A,12.799214659584001,1105.8521465880576,2026-08-20T00:09:10-04:00
12117500,2023-10-17,473,A,13.393868438016,1157.2302330445825,2026-08-20T00:09:10-04:00
12117500,2023-10-18,433,A,12.261194574336001,1059.3672112226304,2026-08-20T00:09:10-04:00
12117500,2023-10-19,429,A,12.147927187968,1049.5809090404352,2026-08-20T00:09:10-04:00
12117500,2023-10-20,441,A,12.487729347072001,1078.9398155870208,2026-08-20T00:09:10-04:00
12117500,2023-10-21,450,A,12.7425809664,1100.9589954969601,2026-08-20T00:09:10-04:00
12117500,2023-10-22,448,A,12.685947273216,1096.0658444058624,2026-08-20T00:09:10-04:00
12117500,2023-10-23,441,A,12.487729347072001,1078.9398155870208,2026-08-20T00:09:10-04:00
12117500,2023-10-24,426,A,12.062976648192,1042.2411824037888,2026-08-20T00:09:10-04:00
12117500,2023-10-25,422,A,11.949709261824001,1032.4548802215936,2026-08-20T00:09:10-04:00
12117500,2023-10-26,382,A,10.817035398144,934.59185839964164,2026-08-20T00:09:10-04:00
12117500,2023-10-27,366,A,10.363965852672001,895.44664967086078,2026-08-20T00:09:10-04:00
12117500,2023-10-28,353,A,9.9958468469760007,863.64116757872648,2026-08-20T00:09:10-04:00
12117500,2023-10-29,350,A,9.9108963071999998,856.30144094208003,2026-08-20T00:09:10-04:00
12117500,2023-10-30,357,A,10.109114233344,873.42746976092167,2026-08-20T00:09:10-04:00
12117500,2023-10-31,355,A,10.052480540159999,868.53431866982407,2026-08-20T00:09:10-04:00
12117500,2023-11-01,357,A,10.109114233344,873.42746976092167,2026-08-20T00:09:10-04:00
12117500,2023-11-02,445,A,12.600996733440001,1088.726117769216,2026-08-20T00:09:10-04:00
12117500,2023-11-03,388,A,10.986936477696,949.27131167293442,2026-08-20T00:09:10-04:00
12117500,2023-11-04,502,A,14.215056989184001,1228.1809238654976,2026-08-20T00:09:10-04:00
12117500,2023-11-05,408,A,11.553273409536001,998.20282258391046,2026-08-20T00:09:10-04:00
12117500,2023-11-06,371,A,10.505550085632001,907.67952739860482,2026-08-20T00:09:10-04:00
12117500,2023-11-07,574,A,16.253869943807999,1404.3343631450111,2026-08-20T00:09:10-04:00
12117500,2023-11-08,461,A,13.054066278912,1127.8713264979967,2026-08-20T00:09:10-04:00
12117500,2023-11-09,350,A,9.9108963071999998,856.30144094208003,2026-08-20T00:09:10-04:00
12117500,2023-11-10,331,A,9.3728762219519997,809.81650557665284,2026-08-20T00:09:10-04:00
12117500,2023-11-11,387,A,10.958619631104,946.82473612738568,2026-08-20T00:09:10-04:00
12117500,2023-11-12,383,A,10.845352244736,937.03843394519038,2026-08-20T00:09:10-04:00
12117500,2023-11-13,382,A,10.817035398144,934.59185839964164,2026-08-20T00:09:10-04:00
12117500,2023-11-14,356,A,10.080797386752,870.98089421537281,2026-08-20T00:09:10-04:00
12117500,2023-11-15,385,A,10.901985937920001,941.93158503628808,2026-08-20T00:09:10-04:00
12117500,2023-11-16,430,A,12.17624403456,1052.027484585984,2026-08-20T00:09:10-04:00
12117500,2023-11-17,439,A,12.431095653888001,1074.0466644959233,2026-08-20T00:09:10-04:00
12117500,2023-11-18,451,A,12.770897812992001,1103.4055710425089,2026-08-20T00:09:10-04:00
12117500,2023-11-19,454,A,12.855848352768,1110.7452976791553,2026-08-20T00:09:10-04:00
12117500,2023-11-20,403,A,11.411689176576001,985.96994485616642,2026-08-20T00:09:10-04:00
12117500,2023-11-21,406,A,11.496639716352,993.30967149281287,2026-08-20T00:09:10-04:00
12117500,2023-11-22,427,A,12.091293494784001,1044.6877579493375,2026-08-20T00:09:10-04:00
12117500,2023-11-23,403,A,11.411689176576001,985.96994485616642,2026-08-20T00:09:10-04:00
12117500,2023-11-24,396,A,11.213471250432001,968.84391603732479,2026-08-20T00:09:10-04:00
12117500,2023-11-25,390,A,11.043570170880001,954.16446276403201,2026-08-20T00:09:10-04:00
12117500,2023-11-26,387,A,10.958619631104,946.82473612738568,2026-08-20T00:09:10-04:00
12117500,2023-11-27,402,A,11.383372329984001,983.52336931061768,2026-08-20T00:09:10-04:00
12117500,2023-11-28,402,A,11.383372329984001,983.52336931061768,2026-08-20T00:09:10-04:00
12117500,2023-11-29,444,A,12.572679886848,1086.2795422236672,2026-08-20T00:09:10-04:00
12117500,2023-11-30,442,A,12.516046193664,1081.3863911325695,2026-08-20T00:09:10-04:00
12117500,2023-12-01,481,A,13.620403210752,1176.8028374089729,2026-08-20T00:09:10-04:00
12117500,2023-12-02,563,A,15.942384631296001,1377.4220321439745,2026-08-20T00:09:10-04:00
12117500,2023-12-03,546,A,15.460998239232,1335.8302478696448,2026-08-20T00:09:10-04:00
12117500,2023-12-04,569,A,16.112285710847999,1392.1014854172672,2026-08-20T00:09:10-04:00
12117500,2023-12-05,1220,A,34.546552842240004,2984.8221655695361,2026-08-20T00:09:10-04:00
12117500,2023-12-06,1500,A,42.475269888,3669.8633183232,2026-08-20T00:09:10-04:00
12117500,2023-12-07,1450,A,41.059427558400003,3547.5345410457603,2026-08-20T00:09:10-04:00
12117500,2023-12-08,1170,A,33.13071051264,2862.4933882920959,2026-08-20T00:09:10-04:00
12117500,2023-12-09,1040,A,29.449520455680002,2544.438567370752,2026-08-20T00:09:10-04:00
12117500,2023-12-10,1340,A,37.944574433280003,3278.4112310353921,2026-08-20T00:09:10-04:00
12117500,2023-12-11,1260,A,35.679226705920001,3082.6851873914879,2026-08-20T00:09:10-04:00
12117500,2023-12-12,1240,A,35.112889774080003,3033.7536764805122,2026-08-20T00:09:10-04:00
12117500,2023-12-13,1280,A,36.24556363776,3131.6166983024641,2026-08-20T00:09:10-04:00
12117500,2023-12-14,1210,A,34.263384376319998,2960.3564101140482,2026-08-20T00:09:10-04:00
12117500,2023-12-15,1170,A,33.13071051264,2862.4933882920959,2026-08-20T00:09:10-04:00
12117500,2023-12-16,1140,A,32.281205114880002,2789.0961219256319,2026-08-20T00:09:10-04:00
12117500,2023-12-17,1110,A,31.431699717120001,2715.6988555591679,2026-08-20T00:09:10-04:00
12117500,2023-12-18,1090,A,30.865362785280002,2666.7673446481922,2026-08-20T00:09:10-04:00
12117500,2023-12-19,980,A,27.750509660160002,2397.644034637824,2026-08-20T00:09:10-04:00
12117500,2023-12-20,660,A,18.689118750720002,1614.739860062208,2026-08-20T00:09:10-04:00
12117500,2023-12-21,605,A,17.131692188159999,1480.1782050570241,2026-08-20T00:09:10-04:00
12117500,2023-12-22,642,A,18.179415512064001,1570.7015002423298,2026-08-20T00:09:10-04:00
12117500,2023-12-23,644,A,18.236049205248001,1575.5946513334272,2026-08-20T00:09:10-04:00
12117500,2023-12-24,560,A,15.85743409152,1370.0823055073281,2026-08-20T00:09:10-04:00
12117500,2023-12-25,559,A,15.829117244928,1367.6357299617791,2026-08-20T00:09:10-04:00
12117500,2023-12-26,568,A,16.083968864256001,1389.6549098717185,2026-08-20T00:09:10-04:00
12117500,2023-12-27,425,A,12.0346598016,1039.7946068582401,2026-08-20T00:09:10-04:00
12117500,2023-12-28,407,A,11.524956562944,995.75624703836161,2026-08-20T00:09:10-04:00
12117500,2023-12-29,393,A,11.128520710656,961.50418940067846,2026-08-20T00:09:10-04:00
12117500,2023-12-30,393,A,11.128520710656,961.50418940067846,2026-08-20T00:09:10-04:00
12117500,2023-12-31,418,A,11.836441875456,1022.6685780393984,2026-08-20T00:09:10-04:00
12117500,2024-01-01,391,A,11.071887017472001,956.61103830958086,2026-08-20T00:09:10-04:00
12117500,2024-01-02,382,A,10.817035398144,934.59185839964164,2026-08-20T00:09:10-04:00
12117500,2024-01-03,381,A,10.788718551552,932.14528285409278,2026-08-20T00:09:10-04:00
12117500,2024-01-04,432,A,12.232877727744,1056.9206356770817,2026-08-20T00:09:10-04:00
12117500,2024-01-05,487,A,13.790304290304,1191.4822906822656,2026-08-20T00:09:10-04:00
12117500,2024-01-06,629,A,17.811296506368002,1538.8960181501952,2026-08-20T00:09:10-04:00
12117500,2024-01-07,682,A,19.312089375744002,1668.5645220642816,2026-08-20T00:09:10-04:00
12117500,2024-01-08,688,A,19.481990455296,1683.2439753375745,2026-08-20T00:09:10-04:00
12117500,2024-01-09,989,A,28.005361279488,2419.6632145477633,2026-08-20T00:09:10-04:00
12117500,2024-01-10,897,A,25.400211393024001,2194.5782643572738,2026-08-20T00:09:10-04:00
12117500,2024-01-11,976,A,27.637242273792001,2387.857732455629,2026-08-20T00:09:10-04:00
12117500,2024-01-12,834,A,23.616250057727999,2040.4440049876994,2026-08-20T00:09:10-04:00
12117500,2024-01-13,705,A,19.963376847359999,1724.835759611904,2026-08-20T00:09:10-04:00
12117500,2024-01-14,683,A,19.340406222336,1671.0110976098304,2026-08-20T00:09:10-04:00
12117500,2024-01-15,601,A,17.018424801792001,1470.3919028748289,2026-08-20T00:09:10-04:00
12117500,2024-01-16,477,A,13.507135824384001,1167.0165352267777,2026-08-20T00:09:10-04:00
12117500,2024-01-17,494,A,13.988522216448001,1208.6083195011072,2026-08-20T00:09:10-04:00
12117500,2024-01-18,508,A,14.384958068736001,1242.8603771387905,2026-08-20T00:09:10-04:00
12117500,2024-01-19,501,A,14.186740142592001,1225.7343483199488,2026-08-20T00:09:10-04:00
12117500,2024-01-20,498,A,14.101789602816,1218.3946216833024,2026-08-20T00:09:10-04:00
12117500,2024-01-21,558,A,15.800800398336001,1365.1891544162304,2026-08-20T00:09:10-04:00
12117500,2024-01-22,621,A,17.584761733632,1519.3234137858049,2026-08-20T00:09:10-04:00
12117500,2024-01-23,670,A,18.972287216640002,1639.2056155176961,2026-08-20T00:09:10-04:00
12117500,2024-01-24,907,A,25.683379858944001,2219.0440198127617,2026-08-20T00:09:10-04:00
12117500,2024-01-25,1120,A,31.71486818304,2740.1646110146562,2026-08-20T00:09:10-04:00
12117500,2024-01-26,1100,A,31.148531251200001,2691.23310010368,2026-08-20T00:09:10-04:00
12117500,2024-01-27,1240,A,35.112889774080003,3033.7536764805122,2026-08-20T00:09:10-04:00
12117500,2024-01-28,1370,A,38.794079831040001,3351.8084974018561,2026-08-20T00:09:10-04:00
12117500,2024-01-29,1270,A,35.962395171840001,3107.1509428469762,2026-08-20T00:09:10-04:00
12117500,2024-01-30,1250,A,35.396058240000002,3058.2194319360001,2026-08-20T00:09:10-04:00
12117500,2024-01-31,1320,A,37.378237501440005,3229.479720124416,2026-08-20T00:09:10-04:00
12117500,2024-02-01,1280,A,36.24556363776,3131.6166983024641,2026-08-20T00:09:10-04:00
12117500,2024-02-02,1240,A,35.112889774080003,3033.7536764805122,2026-08-20T00:09:10-04:00
12117500,2024-02-03,1210,A,34.263384376319998,2960.3564101140482,2026-08-20T00:09:10-04:00
12117500,2024-02-04,1180,A,33.41387897856,2886.9591437475842,2026-08-20T00:09:10-04:00
12117500,2024-02-05,1150,A,32.564373580800002,2813.5618773811202,2026-08-20T00:09:10-04:00
12117500,2024-02-06,1150,A,32.564373580800002,2813.5618773811202,2026-08-20T00:09:10-04:00
12117500,2024-02-07,1100,A,31.148531251200001,2691.23310010368,2026-08-20T00:09:10-04:00
12117500,2024-02-08,930,A,26.334667330560002,2275.3152573603843,2026-08-20T00:09:10-04:00
12117500,2024-02-09,749,A,21.209318097408001,1832.4850836160513,2026-08-20T00:09:10-04:00
12117500,2024-02-10,695,A,19.68020838144,1700.3700041564161,2026-08-20T00:09:10-04:00
12117500,2024-02-11,556,A,15.744166705152001,1360.2960033251329,2026-08-20T00:09:10-04:00
12117500,2024-02-12,614,A,17.386543807488,1502.1973849669632,2026-08-20T00:09:10-04:00
12117500,2024-02-13,596,A,16.876840568832002,1458.1590251470848,2026-08-20T00:09:10-04:00
12117500,2024-02-14,571,A,16.168919404032,1396.9946365083649,2026-08-20T00:09:10-04:00
12117500,2024-02-15,553,A,15.659216165376,1352.9562766884865,2026-08-20T00:09:10-04:00
12117500,2024-02-16,538,A,15.234463466496001,1316.2576435052545,2026-08-20T00:09:10-04:00
12117500,2024-02-17,529,A,14.979611847168,1294.2384635953154,2026-08-20T00:09:10-04:00
12117500,2024-02-18,522,A,14.781393921024,1277.1124347764737,2026-08-20T00:09:10-04:00
12117500,2024-02-19,515,A,14.583175994880001,1259.9864059576321,2026-08-20T00:09:10-04:00
12117500,2024-02-20,522,A,14.781393921024,1277.1124347764737,2026-08-20T00:09:10-04:00
12117500,2024-02-21,528,A,14.951295000576,1291.7918880497664,2026-08-20T00:09:10-04:00
12117500,2024-02-22,544,A,15.404364546048001,1330.9370967785471,2026-08-20T00:09:10-04:00
12117500,2024-02-23,603,A,17.075058494976002,1475.2850539659264,2026-08-20T00:09:10-04:00
12117500,2024-02-24,599,A,16.961791108608001,1465.4987517837312,2026-08-20T00:09:10-04:00
12117500,2024-02-25,697,A,19.736842074624001,1705.2631552475136,2026-08-20T00:09:10-04:00
12117500,2024-02-26,757,A,21.435852870144,1852.0576879804416,2026-08-20T00:09:10-04:00
12117500,2024-02-27,752,A,21.294268637184,1839.8248102526977,2026-08-20T00:09:10-04:00
12117500,2024-02-28,801,A,22.681794120192002,1959.7070119845889,2026-08-20T00:09:10-04:00
12117500,2024-02-29,907,A,25.683379858944001,2219.0440198127617,2026-08-20T00:09:10-04:00
12117500,2024-03-01,849,A,24.041002756608002,2077.1426381709311,2026-08-20T00:09:10-04:00
12117500,2024-03-02,808,A,22.880012046336002,1976.8330408034305,2026-08-20T00:09:10-04:00
12117500,2024-03-03,778,A,22.030506648576001,1903.4357744369665,2026-08-20T00:09:10-04:00
12117500,2024-03-04,766,A,21.690704489472001,1874.0768678903808,2026-08-20T00:09:10-04:00
12117500,2024-03-05,747,A,21.152684404224001,1827.5919325249536,2026-08-20T00:09:10-04:00
12117500,2024-03-06,731,A,20.699614858752,1788.4467237961728,2026-08-20T00:09:10-04:00
12117500,2024-03-07,721,A,20.416446392832,1763.980968340685,2026-08-20T00:09:10-04:00
12117500,2024-03-08,712,A,20.161594773504,1741.9617884307456,2026-08-20T00:09:10-04:00
12117500,2024-03-09,641,A,18.151098665472002,1568.2549246967808,2026-08-20T00:09:10-04:00
12117500,2024-03-10,550,A,15.574265625600001,1345.61655005184,2026-08-20T00:09:10-04:00
12117500,2024-03-11,549,A,15.545948779008,1343.1699745062913,2026-08-20T00:09:10-04:00
12117500,2024-03-12,586,A,16.593672102912002,1433.6932696915969,2026-08-20T00:09:10-04:00
12117500,2024-03-13,515,A,14.583175994880001,1259.9864059576321,2026-08-20T00:09:10-04:00
12117500,2024-03-14,491,A,13.903571676672,1201.2685928644607,2026-08-20T00:09:10-04:00
12117500,2024-03-15,480,A,13.59208636416,1174.3562618634242,2026-08-20T00:09:10-04:00
12117500,2024-03-16,478,A,13.535452670976001,1169.4631107723264,2026-08-20T00:09:10-04:00
12117500,2024-03-17,478,A,13.535452670976001,1169.4631107723264,2026-08-20T00:09:10-04:00
12117500,2024-03-18,483,A,13.677036903936001,1181.6959885000704,2026-08-20T00:09:10-04:00
12117500,2024-03-19,501,A,14.186740142592001,1225.7343483199488,2026-08-20T00:09:10-04:00
12117500,2024-03-20,495,A,14.016839063040001,1211.0548950466559,2026-08-20T00:09:10-04:00
12117500,2024-03-21,589,A,16.678622642688001,1441.0329963282431,2026-08-20T00:09:10-04:00
12117500,2024-03-22,700,A:e,19.8217926144,1712.6028818841601,2026-08-20T00:09:10-04:00
12117500,2024-03-23,738,A,20.897832784896,1805.5727526150145,2026-08-20T00:09:10-04:00
12117500,2024-03-24,630,A,17.839613352960001,1541.342593695744,2026-08-20T00:09:10-04:00
12117500,2024-03-25,609,A,17.244959574528,1489.9645072392193,2026-08-20T00:09:10-04:00
12117500,2024-03-26,632,A,17.896247046144001,1546.2357447868417,2026-08-20T00:09:10-04:00
12117500,2024-03-27,621,A,17.584761733632,1519.3234137858049,2026-08-20T00:09:10-04:00
12117500,2024-03-28,625,A,17.698029120000001,1529.109715968,2026-08-20T00:09:10-04:00
12117500,2024-03-29,598,A,16.933474262016002,1463.0521762381825,2026-08-20T00:09:10-04:00
12117500,2024-03-30,578,A,16.367137330176,1414.1206653272066,2026-08-20T00:09:10-04:00
12117500,2024-03-31,563,A,15.942384631296001,1377.4220321439745,2026-08-20T00:09:10-04:00
12117500,2024-04-01,550,A,15.574265625600001,1345.61655005184,2026-08-20T00:09:10-04:00
12117500,2024-04-02,541,A,15.319414006272,1323.5973701419009,2026-08-20T00:09:10-04:00
12117500,2024-04-03,521,A,14.753077074432001,1274.6658592309248,2026-08-20T00:09:10-04:00
12117500,2024-04-04,501,A,14.186740142592001,1225.7343483199488,2026-08-20T00:09:10-04:00
12117500,2024-04-05,502,A,14.215056989184001,1228.1809238654976,2026-08-20T00:09:10-04:00
12117500,2024-04-06,494,A,13.988522216448001,1208.6083195011072,2026-08-20T00:09:10-04:00
12117500,2024-04-07,505,A,14.30000752896,1235.520650502144,2026-08-20T00:09:10-04:00
12117500,2024-04-08,498,A,14.101789602816,1218.3946216833024,2026-08-20T00:09:10-04:00
12117500,2024-04-09,539,A,15.262780313088001,1318.7042190508032,2026-08-20T00:09:10-04:00
12117500,2024-04-10,480,A,13.59208636416,1174.3562618634242,2026-08-20T00:09:10-04:00
12117500,2024-04-11,459,A,12.997432585728001,1122.9781754068993,2026-08-20T00:09:10-04:00
12117500,2024-04-12,445,A,12.600996733440001,1088.726117769216,2026-08-20T00:09:10-04:00
12117500,2024-04-13,430,A,12.17624403456,1052.027484585984,2026-08-20T00:09:10-04:00
12117500,2024-04-14,419,A,11.864758722048,1025.1151535849472,2026-08-20T00:09:10-04:00
12117500,2024-04-15,410,A,11.609907102720001,1003.0959736750081,2026-08-20T00:09:10-04:00
12117500,2024-04-16,406,A,11.496639716352,993.30967149281287,2026-08-20T00:09:10-04:00
12117500,2024-04-17,398,A,11.270104943615999,973.73706712842238,2026-08-20T00:09:10-04:00
12117500,2024-04-18,380,A,10.76040170496,929.69870730854404,2026-08-20T00:09:10-04:00
12117500,2024-04-19,369,A,10.448916392448,902.78637630750723,2026-08-20T00:09:10-04:00
12117500,2024-04-20,365,A,10.335649006080001,893.00007412531204,2026-08-20T00:09:10-04:00
12117500,2024-04-21,362,A,10.250698466304,885.66034748866559,2026-08-20T00:09:10-04:00
12117500,2024-04-22,358,A,10.137431079936,875.87404530647041,2026-08-20T00:09:10-04:00
12117500,2024-04-23,354,A,10.024163693568001,866.08774312427522,2026-08-20T00:09:10-04:00
12117500,2024-04-24,353,A,9.9958468469760007,863.64116757872648,2026-08-20T00:09:10-04:00
12117500,2024-04-25,381,A,10.788718551552,932.14528285409278,2026-08-20T00:09:10-04:00
12117500,2024-04-26,404,A,11.440006023168001,988.41652040171527,2026-08-20T00:09:10-04:00
12117500,2024-04-27,400,A,11.3267386368,978.63021821951997,2026-08-20T00:09:10-04:00
12117500,2024-04-28,463,A,13.110699972096,1132.7644775890944,2026-08-20T00:09:10-04:00
12117500,2024-04-29,520,A,14.724760227840001,1272.219283685376,2026-08-20T00:09:10-04:00
12117500,2024-04-30,496,A,14.045155909632001,1213.5014705922049,2026-08-20T00:09:10-04:00
12117500,2024-05-01,537,A,15.206146619904001,1313.8110679597057,2026-08-20T00:09:10-04:00
12117500,2024-05-02,535,A,15.14951292672,1308.917916868608,2026-08-20T00:09:10-04:00
12117500,2024-05-03,555,A,15.71584985856,1357.8494277795839,2026-08-20T00:09:10-04:00
12117500,2024-05-04,550,A,15.574265625600001,1345.61655005184,2026-08-20T00:09:10-04:00
12117500,2024-05-05,586,A,16.593672102912002,1433.6932696915969,2026-08-20T00:09:10-04:00
12117500,2024-05-06,644,A,18.236049205248001,1575.5946513334272,2026-08-20T00:09:10-04:00
12117500,2024-05-07,659,A,18.660801904128,1612.2932845166592,2026-08-20T00:09:10-04:00
12117500,2024-05-08,631,A,17.867930199551999,1543.7891692412929,2026-08-20T00:09:10-04:00
12117500,2024-05-09,607,A,17.188325881343999,1485.0713561481216,2026-08-20T00:09:10-04:00
12117500,2024-05-10,588,A,16.650305796095999,1438.5864207826944,2026-08-20T00:09:10-04:00
12117500,2024-05-11,574,A,16.253869943807999,1404.3343631450111,2026-08-20T00:09:10-04:00
12117500,2024-05-12,562,A,15.914067784704001,1374.9754565984256,2026-08-20T00:09:10-04:00
12117500,2024-05-13,554,A,15.687533011968,1355.4028522340352,2026-08-20T00:09:10-04:00
12117500,2024-05-14,469,A,13.280601051648,1147.4439308623873,2026-08-20T00:09:10-04:00
12117500,2024-05-15,417,A,11.808125028864,1020.2220024938497,2026-08-20T00:09:10-04:00
12117500,2024-05-16,401,A,11.355055483392,981.07679376506883,2026-08-20T00:09:10-04:00
12117500,2024-05-17,396,A,11.213471250432001,968.84391603732479,2026-08-20T00:09:10-04:00
12117500,2024-05-18,398,A,11.270104943615999,973.73706712842238,2026-08-20T00:09:10-04:00
12117500,2024-05-19,416,A,11.779808182272001,1017.7754269483008,2026-08-20T00:09:10-04:00
12117500,2024-05-20,398,A,11.270104943615999,973.73706712842238,2026-08-20T00:09:10-04:00
12117500,2024-05-21,455,A,12.88416519936,1113.1918732247041,2026-08-20T00:09:10-04:00
12117500,2024-05-22,514,A,14.554859148288001,1257.5398304120833,2026-08-20T00:09:10-04:00
12117500,2024-05-23,487,A,13.790304290304,1191.4822906822656,2026-08-20T00:09:10-04:00
12117500,2024-05-24,527,A,14.922978153984001,1289.3453125042176,2026-08-20T00:09:10-04:00
12117500,2024-05-25,473,A,13.393868438016,1157.2302330445825,2026-08-20T00:09:10-04:00
12117500,2024-05-26,451,A,12.770897812992001,1103.4055710425089,2026-08-20T00:09:10-04:00
12117500,2024-05-27,441,A,12.487729347072001,1078.9398155870208,2026-08-20T00:09:10-04:00
12117500,2024-05-28,454,A,12.855848352768,1110.7452976791553,2026-08-20T00:09:10-04:00
12117500,2024-05-29,546,A,15.460998239232,1335.8302478696448,2026-08-20T00:09:10-04:00
12117500,2024-05-30,702,A,19.878426307584,1717.4960329752575,2026-08-20T00:09:10-04:00
12117500,2024-05-31,1090,A,30.865362785280002,2666.7673446481922,2026-08-20T00:09:10-04:00
12117500,2024-06-01,1090,A,30.865362785280002,2666.7673446481922,2026-08-20T00:09:10-04:00
12117500,2024-06-02,1140,A,32.281205114880002,2789.0961219256319,2026-08-20T00:09:10-04:00
12117500,2024-06-03,1230,A,34.829721308160003,3009.2879210250239,2026-08-20T00:09:10-04:00
12117500,2024-06-04,1150,A,32.564373580800002,2813.5618773811202,2026-08-20T00:09:10-04:00
12117500,2024-06-05,1420,A,40.209922160639998,3474.1372746792963,2026-08-20T00:09:10-04:00
12117500,2024-06-06,1470,A,41.625764490240002,3596.466051956736,2026-08-20T00:09:10-04:00
12117500,2024-06-07,1520,A,43.041606819839998,3718.7948292341762,2026-08-20T00:09:10-04:00
12117500,2024-06-08,1370,A,38.794079831040001,3351.8084974018561,2026-08-20T00:09:10-04:00
12117500,2024-06-09,986,A,27.920410739712,2412.3234879111169,2026-08-20T00:09:10-04:00
12117500,2024-06-10,699,A,19.793475767808001,1710.1563063386113,2026-08-20T00:09:10-04:00
12117500,2024-06-11,548,A,15.517631932416,1340.7233989607425,2026-08-20T00:09:10-04:00
12117500,2024-06-12,488,A,13.818621136896001,1193.9288662278145,2026-08-20T00:09:10-04:00
12117500,2024-06-13,465,A,13.167333665280001,1137.6576286801921,2026-08-20T00:09:10-04:00
12117500,2024-06-14,450,A,12.7425809664,1100.9589954969601,2026-08-20T00:09:10-04:00
12117500,2024-06-15,468,A,13.252284205056,1144.9973553168384,2026-08-20T00:09:10-04:00
12117500,2024-06-16,541,A,15.319414006272,1323.5973701419009,2026-08-20T00:09:10-04:00
12117500,2024-06-17,488,A,13.818621136896001,1193.9288662278145,2026-08-20T00:09:10-04:00
12117500,2024-06-18,488,A,13.818621136896001,1193.9288662278145,2026-08-20T00:09:10-04:00
12117500,2024-06-19,469,A,13.280601051648,1147.4439308623873,2026-08-20T00:09:10-04:00
12117500,2024-06-20,457,A,12.940798892544001,1118.0850243158015,2026-08-20T00:09:10-04:00
12117500,2024-06-21,449,A,12.714264119808,1098.5124199514112,2026-08-20T00:09:10-04:00
12117500,2024-06-22,442,A,12.516046193664,1081.3863911325695,2026-08-20T00:09:10-04:00
12117500,2024-06-23,441,A,12.487729347072001,1078.9398155870208,2026-08-20T00:09:10-04:00
12117500,2024-06-24,435,A,12.317828267519999,1064.2603623137281,2026-08-20T00:09:10-04:00
12117500,2024-06-25,429,A,12.147927187968,1049.5809090404352,2026-08-20T00:09:10-04:00
12117500,2024-06-26,426,A,12.062976648192,1042.2411824037888,2026-08-20T00:09:10-04:00
12117500,2024-06-27,448,A,12.685947273216,1096.0658444058624,2026-08-20T00:09:10-04:00
12117500,2024-06-28,435,A,12.317828267519999,1064.2603623137281,2026-08-20T00:09:10-04:00
12117500,2024-06-29,424,A,12.006342955008,1037.3480313126913,2026-08-20T00:09:10-04:00
12117500,2024-06-30,428,A,12.119610341376001,1047.1343334948865,2026-08-20T00:09:10-04:00
12117500,2024-07-01,419,A,11.864758722048,1025.1151535849472,2026-08-20T00:09:10-04:00
12117500,2024-07-02,403,A,11.411689176576001,985.96994485616642,2026-08-20T00:09:10-04:00
12117500,2024-07-03,396,A,11.213471250432001,968.84391603732479,2026-08-20T00:09:10-04:00
12117500,2024-07-04,387,A,10.958619631104,946.82473612738568,2026-08-20T00:09:10-04:00
12117500,2024-07-05,383,A,10.845352244736,937.03843394519038,2026-08-20T00:09:10-04:00
12117500,2024-07-06,378,A,10.703768011776001,924.80555621744645,2026-08-20T00:09:10-04:00
12117500,2024-07-07,373,A,10.562183778816001,912.57267848970241,2026-08-20T00:09:10-04:00
12117500,2024-07-08,369,A,10.448916392448,902.78637630750723,2026-08-20T00:09:10-04:00
12117500,2024-07-09,366,A,10.363965852672001,895.44664967086078,2026-08-20T00:09:10-04:00
12117500,2024-07-10,362,A,10.250698466304,885.66034748866559,2026-08-20T00:09:10-04:00
12117500,2024-07-11,359,A,10.165747926528001,878.32062085201926,2026-08-20T00:09:10-04:00
12117500,2024-07-12,357,A,10.109114233344,873.42746976092167,2026-08-20T00:09:10-04:00
12117500,2024-07-13,354,A,10.024163693568001,866.08774312427522,2026-08-20T00:09:10-04:00
12117500,2024-07-14,351,A,9.9392131537920001,858.74801648762877,2026-08-20T00:09:10-04:00
12117500,2024-07-15,349,A,9.8825794606079995,853.85486539653118,2026-08-20T00:09:10-04:00
12117500,2024-07-16,347,A,9.8259457674240007,848.96171430543359,2026-08-20T00:09:10-04:00
12117500,2024-07-17,345,A,9.7693120742400001,844.068563214336,2026-08-20T00:09:10-04:00
12117500,2024-07-18,342,A,9.6843615344640011,836.72883657768966,2026-08-20T00:09:10-04:00
12117500,2024-07-19,341,A,9.6560446878720008,834.28226103214081,2026-08-20T00:09:10-04:00
12117500,2024-07-20,337,A,9.5427773015039996,824.49595884994562,2026-08-20T00:09:10-04:00
12117500,2024-07-21,337,A,9.5427773015039996,824.49595884994562,2026-08-20T00:09:10-04:00
12117500,2024-07-22,336,A,9.5144604549120011,822.04938330439677,2026-08-20T00:09:10-04:00
12117500,2024-07-23,333,A,9.4295099151360002,814.70965666775044,2026-08-20T00:09:10-04:00
12117500,2024-07-24,331,A,9.3728762219519997,809.81650557665284,2026-08-20T00:09:10-04:00
12117500,2024-07-25,329,A,9.3162425287680009,804.92335448555525,2026-08-20T00:09:10-04:00
12117500,2024-07-26,327,A,9.2596088355840003,800.03020339445766,2026-08-20T00:09:10-04:00
12117500,2024-07-27,325,A,9.2029751423999997,795.13705230336006,2026-08-20T00:09:10-04:00
12117500,2024-07-28,324,A,9.1746582958079994,792.69047675781121,2026-08-20T00:09:10-04:00
12117500,2024-07-29,326,A,9.231291988992,797.5836278489088,2026-08-20T00:09:10-04:00
12117500,2024-07-30,341,A,9.6560446878720008,834.28226103214081,2026-08-20T00:09:10-04:00
12117500,2024-07-31,331,A,9.3728762219519997,809.81650557665284,2026-08-20T00:09:10-04:00
12117500,2024-08-01,323,A,9.1463414492160009,790.24390121226247,2026-08-20T00:09:10-04:00
12117500,2024-08-02,319,A,9.0330740628479997,780.45759903006717,2026-08-20T00:09:10-04:00
12117500,2024-08-03,317,A,8.9764403696640009,775.56444793896958,2026-08-20T00:09:10-04:00
12117500,2024-08-04,315,A,8.9198066764800004,770.67129684787199,2026-08-20T00:09:10-04:00
12117500,2024-08-05,313,A,8.8631729832959998,765.77814575677439,2026-08-20T00:09:10-04:00
12117500,2024-08-06,311,A,8.806539290112001,760.8849946656768,2026-08-20T00:09:10-04:00
12117500,2024-08-07,310,A,8.7782224435200007,758.43841912012806,2026-08-20T00:09:10-04:00
12117500,2024-08-08,304,A,8.6083213639680007,743.75896584683528,2026-08-20T00:09:10-04:00
12117500,2024-08-09,302,A,8.5516876707840002,738.86581475573757,2026-08-20T00:09:10-04:00
12117500,2024-08-10,300,A,8.4950539775999996,733.97266366463998,2026-08-20T00:09:10-04:00
12117500,2024-08-11,299,A,8.4667371310080011,731.52608811909124,2026-08-20T00:09:10-04:00
12117500,2024-08-12,298,A,8.4384202844160008,729.07951257354239,2026-08-20T00:09:10-04:00
12117500,2024-08-13,296,A,8.3817865912320002,724.1863614824448,2026-08-20T00:09:10-04:00
12117500,2024-08-14,294,A,8.3251528980479996,719.2932103913472,2026-08-20T00:09:10-04:00
12117500,2024-08-15,294,A,8.3251528980479996,719.2932103913472,2026-08-20T00:09:10-04:00
12117500,2024-08-16,292,A,8.2685192048640008,714.40005930024961,2026-08-20T00:09:10-04:00
12117500,2024-08-17,296,A,8.3817865912320002,724.1863614824448,2026-08-20T00:09:10-04:00
12117500,2024-08-18,327,A,9.2596088355840003,800.03020339445766,2026-08-20T00:09:10-04:00
12117500,2024-08-19,297,A,8.4101034378240005,726.63293702799365,2026-08-20T00:09:10-04:00
12117500,2024-08-20,303,A,8.5800045173760005,741.31239030128643,2026-08-20T00:09:10-04:00
12117500,2024-08-21,296,A,8.3817865912320002,724.1863614824448,2026-08-20T00:09:10-04:00
12117500,2024-08-22,292,A,8.2685192048640008,714.40005930024961,2026-08-20T00:09:10-04:00
12117500,2024-08-23,316,A,8.9481235230720007,773.11787239342084,2026-08-20T00:09:10-04:00
12117500,2024-08-24,366,A,10.363965852672001,895.44664967086078,2026-08-20T00:09:10-04:00
12117500,2024-08-25,325,A,9.2029751423999997,795.13705230336006,2026-08-20T00:09:10-04:00
12117500,2024-08-26,301,A,8.5233708241919999,736.41923921018883,2026-08-20T00:09:10-04:00
12117500,2024-08-27,310,A,8.7782224435200007,758.43841912012806,2026-08-20T00:09:10-04:00
12117500,2024-08-28,297,A,8.4101034378240005,726.63293702799365,2026-08-20T00:09:10-04:00
12117500,2024-08-29,291,A,8.2402023582720005,711.95348375470087,2026-08-20T00:09:10-04:00
12117500,2024-08-30,286,A,8.0986181253120009,699.72060602695683,2026-08-20T00:09:10-04:00
12117500,2024-08-31,289,A,8.183568665088,707.06033266360328,2026-08-20T00:09:10-04:00
12117500,2024-09-01,298,A,8.4384202844160008,729.07951257354239,2026-08-20T00:09:10-04:00
12117500,2024-09-02,290,A,8.2118855116800002,709.50690820915202,2026-08-20T00:09:10-04:00
12117500,2024-09-03,286,A,8.0986181253120009,699.72060602695683,2026-08-20T00:09:10-04:00
12117500,2024-09-04,281,A,7.9570338923520003,687.48772829921279,2026-08-20T00:09:10-04:00
12117500,2024-09-05,275,A,7.7871328128000004,672.80827502592001,2026-08-20T00:09:10-04:00
12117500,2024-09-06,271,A,7.6738654264320001,663.02197284372482,2026-08-20T00:09:10-04:00
12117500,2024-09-07,269,A,7.6172317332480004,658.12882175262723,2026-08-20T00:09:10-04:00
12117500,2024-09-08,268,A,7.5889148866560001,655.68224620707838,2026-08-20T00:09:10-04:00
12117500,2024-09-09,266,A,7.5322811934720004,650.78909511598079,2026-08-20T00:09:10-04:00
12117500,2024-09-10,265,A,7.5039643468800001,648.34251957043205,2026-08-20T00:09:10-04:00
12117500,2024-09-11,267,A,7.5605980400639998,653.23567066152964,2026-08-20T00:09:10-04:00
12117500,2024-09-12,264,A,7.4756475002879998,645.89594402488319,2026-08-20T00:09:10-04:00
12117500,2024-09-13,262,A,7.4190138071040002,641.0027929337856,2026-08-20T00:09:10-04:00
12117500,2024-09-14,272,A,7.7021822730240004,665.46854838927356,2026-08-20T00:09:10-04:00
12117500,2024-09-15,284,A,8.0419844321280003,694.82745493585924,2026-08-20T00:09:10-04:00
12117500,2024-09-16,266,A,7.5322811934720004,650.78909511598079,2026-08-20T00:09:10-04:00
12117500,2024-09-17,266,A,7.5322811934720004,650.78909511598079,2026-08-20T00:09:10-04:00
12117500,2024-09-18,267,A,7.5605980400639998,653.23567066152964,2026-08-20T00:09:10-04:00
12117500,2024-09-19,263,A,7.4473306536960004,643.44936847933445,2026-08-20T00:09:10-04:00
12117500,2024-09-20,262,A,7.4190138071040002,641.0027929337856,2026-08-20T00:09:10-04:00
12117500,2024-09-21,259,A,7.3340632673280002,633.66306629713927,2026-08-20T00:09:10-04:00
12117500,2024-09-22,287,A,8.1269349719039994,702.16718157250557,2026-08-20T00:09:10-04:00
12117500,2024-09-23,337,A,9.5427773015039996,824.49595884994562,2026-08-20T00:09:10-04:00
12117500,2024-09-24,336,A,9.5144604549120011,822.04938330439677,2026-08-20T00:09:10-04:00
12117500,2024-09-25,337,A,9.5427773015039996,824.49595884994562,2026-08-20T00:09:10-04:00
12117500,2024-09-26,335,A,9.4861436083200008,819.60280775884803,2026-08-20T00:09:10-04:00
12117500,2024-09-27,336,A,9.5144604549120011,822.04938330439677,2026-08-20T00:09:10-04:00
12117500,2024-09-28,327,A,9.2596088355840003,800.03020339445766,2026-08-20T00:09:10-04:00
12117500,2024-09-29,321,A,9.0897077560320003,785.35075012116488,2026-08-20T00:09:10-04:00
12117500,2024-09-30,327,A,9.2596088355840003,800.03020339445766,2026-08-20T00:09:10-04:00
12117500,2024-10-01,345,A,9.7693120742400001,844.068563214336,2026-08-20T00:09:10-04:00
12117500,2024-10-02,343,A,9.7126783810559996,839.1754121232384,2026-08-20T00:09:10-04:00
12117500,2024-10-03,341,A,9.6560446878720008,834.28226103214081,2026-08-20T00:09:10-04:00
12117500,2024-10-04,348,A,9.854262614016001,851.40828985098244,2026-08-20T00:09:10-04:00
12117500,2024-10-05,339,A,9.5994109946880002,829.38910994104322,2026-08-20T00:09:10-04:00
12117500,2024-10-06,332,A,9.4011930685439999,812.26308112220158,2026-08-20T00:09:10-04:00
12117500,2024-10-07,354,A,10.024163693568001,866.08774312427522,2026-08-20T00:09:10-04:00
12117500,2024-10-08,419,A,11.864758722048,1025.1151535849472,2026-08-20T00:09:10-04:00
12117500,2024-10-09,427,A,12.091293494784001,1044.6877579493375,2026-08-20T00:09:10-04:00
12117500,2024-10-10,422,A,11.949709261824001,1032.4548802215936,2026-08-20T00:09:10-04:00
12117500,2024-10-11,420,A,11.89307556864,1027.5617291304961,2026-08-20T00:09:10-04:00
12117500,2024-10-12,417,A,11.808125028864,1020.2220024938497,2026-08-20T00:09:10-04:00
12117500,2024-10-13,416,A,11.779808182272001,1017.7754269483008,2026-08-20T00:09:10-04:00
12117500,2024-10-14,410,A,11.609907102720001,1003.0959736750081,2026-08-20T00:09:10-04:00
12117500,2024-10-15,406,A,11.496639716352,993.30967149281287,2026-08-20T00:09:10-04:00
12117500,2024-10-16,413,A,11.694857642496,1010.4357003116544,2026-08-20T00:09:10-04:00
12117500,2024-10-17,399,A,11.298421790208,976.18364267397124,2026-08-20T00:09:10-04:00
12117500,2024-10-18,421,A,11.921392415232001,1030.0083046760449,2026-08-20T00:09:10-04:00
12117500,2024-10-19,422,A,11.949709261824001,1032.4548802215936,2026-08-20T00:09:10-04:00
12117500,2024-10-20,422,A,11.949709261824001,1032.4548802215936,2026-08-20T00:09:10-04:00
12117500,2024-10-21,433,A,12.261194574336001,1059.3672112226304,2026-08-20T00:09:10-04:00
12117500,2024-10-22,427,A,12.091293494784001,1044.6877579493375,2026-08-20T00:09:10-04:00
12117500,2024-10-23,389,A,11.015253324288,951.71788721848327,2026-08-20T00:09:10-04:00
12117500,2024-10-24,366,A,10.363965852672001,895.44664967086078,2026-08-20T00:09:10-04:00
12117500,2024-10-25,361,A,10.222381619711999,883.21377194311685,2026-08-20T00:09:10-04:00
12117500,2024-10-26,386,A,10.930302784512,944.37816058183682,2026-08-20T00:09:10-04:00
12117500,2024-10-27,552,A,15.630899318784001,1350.5097011429377,2026-08-20T00:09:10-04:00
12117500,2024-10-28,473,A,13.393868438016,1157.2302330445825,2026-08-20T00:09:10-04:00
12117500,2024-10-29,463,A,13.110699972096,1132.7644775890944,2026-08-20T00:09:10-04:00
12117500,2024-10-30,388,A,10.986936477696,949.27131167293442,2026-08-20T00:09:10-04:00
12117500,2024-10-31,373,A,10.562183778816001,912.57267848970241,2026-08-20T00:09:10-04:00
12117500,2024-11-01,459,A,12.997432585728001,1122.9781754068993,2026-08-20T00:09:10-04:00
12117500,2024-11-02,417,A,11.808125028864,1020.2220024938497,2026-08-20T00:09:10-04:00
12117500,2024-11-03,389,A,11.015253324288,951.71788721848327,2026-08-20T00:09:10-04:00
12117500,2024-11-04,398,A,11.270104943615999,973.73706712842238,2026-08-20T00:09:10-04:00
12117500,2024-11-05,463,A,13.110699972096,1132.7644775890944,2026-08-20T00:09:10-04:00
12117500,2024-11-06,441,A,12.487729347072001,1078.9398155870208,2026-08-20T00:09:10-04:00
12117500,2024-11-07,396,A,11.213471250432001,968.84391603732479,2026-08-20T00:09:10-04:00
12117500,2024-11-08,345,A,9.7693120742400001,844.068563214336,2026-08-20T00:09:10-04:00
12117500,2024-11-09,358,A,10.137431079936,875.87404530647041,2026-08-20T00:09:10-04:00
12117500,2024-11-10,370,A,10.47723323904,905.23295185305608,2026-08-20T00:09:10-04:00
12117500,2024-11-11,419,A,11.864758722048,1025.1151535849472,2026-08-20T00:09:10-04:00
12117500,2024-11-12,425,A,12.0346598016,1039.7946068582401,2026-08-20T00:09:10-04:00
12117500,2024-11-13,475,A,13.4505021312,1162.12338413568,2026-08-20T00:09:10-04:00
12117500,2024-11-14,502,A,14.215056989184001,1228.1809238654976,2026-08-20T00:09:10-04:00
12117500,2024-11-15,546,A,15.460998239232,1335.8302478696448,2026-08-20T00:09:10-04:00
12117500,2024-11-16,518,A,14.668126534656,1267.3261325942785,2026-08-20T00:09:10-04:00
12117500,2024-11-17,673,A,19.057237756416001,1646.5453421543425,2026-08-20T00:09:10-04:00
12117500,2024-11-18,681,A,19.283772529151999,1666.1179465187329,2026-08-20T00:09:10-04:00
12117500,2024-11-19,616,A,17.443177500672,1507.0905360580609,2026-08-20T00:09:10-04:00
12117500,2024-11-20,649,A,18.377633438208001,1587.8275290611712,2026-08-20T00:09:10-04:00
12117500,2024-11-21,622,A,17.613078580224002,1521.7699893313536,2026-08-20T00:09:10-04:00
12117500,2024-11-22,613,A,17.358226960896001,1499.7508094214145,2026-08-20T00:09:10-04:00
12117500,2024-11-23,592,A,16.763573182464,1448.3727229648896,2026-08-20T00:09:10-04:00
12117500,2024-11-24,586,A,16.593672102912002,1433.6932696915969,2026-08-20T00:09:10-04:00
12117500,2024-11-25,555,A,15.71584985856,1357.8494277795839,2026-08-20T00:09:10-04:00
12117500,2024-11-26,496,A,14.045155909632001,1213.5014705922049,2026-08-20T00:09:10-04:00
12117500,2024-11-27,481,A,13.620403210752,1176.8028374089729,2026-08-20T00:09:10-04:00
12117500,2024-11-28,461,A,13.054066278912,1127.8713264979967,2026-08-20T00:09:10-04:00
12117500,2024-11-29,418,A,11.836441875456,1022.6685780393984,2026-08-20T00:09:10-04:00
12117500,2024-11-30,409,A,11.581590256128001,1000.6493981294592,2026-08-20T00:09:10-04:00
12117500,2024-12-01,402,A,11.383372329984001,983.52336931061768,2026-08-20T00:09:10-04:00
12117500,2024-12-02,395,A,11.18515440384,966.39734049177605,2026-08-20T00:09:10-04:00
12117500,2024-12-03,398,A,11.270104943615999,973.73706712842238,2026-08-20T00:09:10-04:00
12117500,2024-12-04,407,A,11.524956562944,995.75624703836161,2026-08-20T00:09:10-04:00
12117500,2024-12-05,403,A,11.411689176576001,985.96994485616642,2026-08-20T00:09:10-04:00
12117500,2024-12-06,396,A,11.213471250432001,968.84391603732479,2026-08-20T00:09:10-04:00
12117500,2024-12-07,511,A,14.469908608512,1250.2001037754369,2026-08-20T00:09:10-04:00
12117500,2024-12-08,517,A,14.639809688064,1264.8795570487296,2026-08-20T00:09:10-04:00
12117500,2024-12-09,460,A,13.02574943232,1125.424750952448,2026-08-20T00:09:10-04:00
12117500,2024-12-10,403,A,11.411689176576001,985.96994485616642,2026-08-20T00:09:10-04:00
12117500,2024-12-11,378,A,10.703768011776001,924.80555621744645,2026-08-20T00:09:10-04:00
12117500,2024-12-12,390,A,11.043570170880001,954.16446276403201,2026-08-20T00:09:10-04:00
12117500,2024-12-13,386,A,10.930302784512,944.37816058183682,2026-08-20T00:09:10-04:00
12117500,2024-12-14,387,A,10.958619631104,946.82473612738568,2026-08-20T00:09:10-04:00
12117500,2024-12-15,379,A,10.732084858368001,927.25213176299519,2026-08-20T00:09:10-04:00
12117500,2024-12-16,386,A,10.930302784512,944.37816058183682,2026-08-20T00:09:10-04:00
12117500,2024-12-17,414,A,11.723174489088001,1012.8822758572032,2026-08-20T00:09:10-04:00
12117500,2024-12-18,702,A,19.878426307584,1717.4960329752575,2026-08-20T00:09:10-04:00
12117500,2024-12-19,727,A,20.586347472384002,1778.6604216139776,2026-08-20T00:09:10-04:00
12117500,2024-12-20,724,A,20.501396932607999,1771.3206949773312,2026-08-20T00:09:10-04:00
12117500,2024-12-21,1100,A,31.148531251200001,2691.23310010368,2026-08-20T00:09:10-04:00
12117500,2024-12-22,1290,A,36.528732103679999,3156.082453757952,2026-08-20T00:09:10-04:00
12117500,2024-12-23,1330,A,37.661405967360004,3253.9454755799043,2026-08-20T00:09:10-04:00
12117500,2024-12-24,1350,A,38.227742899200003,3302.87698649088,2026-08-20T00:09:10-04:00
12117500,2024-12-25,1360,A,38.510911365120002,3327.3427419463683,2026-08-20T00:09:10-04:00
12117500,2024-12-26,1390,A,39.36041676288,3400.7400083128323,2026-08-20T00:09:10-04:00
12117500,2024-12-27,1340,A,37.944574433280003,3278.4112310353921,2026-08-20T00:09:10-04:00
12117500,2024-12-28,1560,A,44.174280683520003,3816.657851056128,2026-08-20T00:09:10-04:00
12117500,2024-12-29,1570,A:e,44.457449149440002,3841.1236065116163,2026-08-20T00:09:10-04:00
12117500,2024-12-30,1550,A:e,43.891112217600003,3792.1920956006402,2026-08-20T00:09:10-04:00
12117500,2024-12-31,1670,A:e,47.289133808640003,4085.7811610664962,2026-08-20T00:09:10-04:00
12117500,2025-01-01,1610,A:e,45.590123013119999,3938.9866283335682,2026-08-20T00:09:10-04:00
12117500,2025-01-02,1560,A:e,44.174280683520003,3816.657851056128,2026-08-20T00:09:10-04:00
12117500,2025-01-03,1340,A,37.944574433280003,3278.4112310353921,2026-08-20T00:09:10-04:00
12117500,2025-01-04,1000,A,28.316846592000001,2446.5755455488002,2026-08-20T00:09:10-04:00
12117500,2025-01-05,872,A,24.692290228224,2133.4138757185538,2026-08-20T00:09:10-04:00
12117500,2025-01-06,835,A,23.644566904320001,2042.8905805332481,2026-08-20T00:09:10-04:00
12117500,2025-01-07,762,A,21.577437103104,1864.2905657081856,2026-08-20T00:09:10-04:00
12117500,2025-01-08,722,A,20.444763239423999,1766.4275438862337,2026-08-20T00:09:10-04:00
12117500,2025-01-09,689,A,19.510307301888002,1685.6905508831233,2026-08-20T00:09:10-04:00
12117500,2025-01-10,759,A,21.492486563328001,1856.9508390715393,2026-08-20T00:09:10-04:00
12117500,2025-01-11,965,A,27.32575696128,2360.9454014545922,2026-08-20T00:09:10-04:00
12117500,2025-01-12,961,A,27.212489574912002,2351.1590992723968,2026-08-20T00:09:10-04:00
12117500,2025-01-13,931,A,26.362984177152001,2277.7618329059328,2026-08-20T00:09:10-04:00
12117500,2025-01-14,909,A,25.740013552128001,2223.9371709038592,2026-08-20T00:09:10-04:00
12117500,2025-01-15,892,A,25.258627160064002,2182.3453866295295,2026-08-20T00:09:10-04:00
12117500,2025-01-16,846,A,23.956052216831999,2069.8029115342847,2026-08-20T00:09:10-04:00
12117500,2025-01-17,637,A,18.037831279104001,1558.4686225145856,2026-08-20T00:09:10-04:00
12117500,2025-01-18,597,A,16.905157415424,1460.6056006926337,2026-08-20T00:09:10-04:00
12117500,2025-01-19,583,A,16.508721563136,1426.3535430549505,2026-08-20T00:09:10-04:00
12117500,2025-01-20,571,A,16.168919404032,1396.9946365083649,2026-08-20T00:09:10-04:00
12117500,2025-01-21,565,A,15.99901832448,1382.315183235072,2026-08-20T00:09:10-04:00
12117500,2025-01-22,533,A,15.092879233536001,1304.0247657775105,2026-08-20T00:09:10-04:00
12117500,2025-01-23,425,A,12.0346598016,1039.7946068582401,2026-08-20T00:09:10-04:00
12117500,2025-01-24,371,A,10.505550085632001,907.67952739860482,2026-08-20T00:09:10-04:00
12117500,2025-01-25,370,A,10.47723323904,905.23295185305608,2026-08-20T00:09:10-04:00
12117500,2025-01-26,363,A,10.279015312896,888.10692303421445,2026-08-20T00:09:10-04:00
12117500,2025-01-27,375,A,10.618817472,917.4658295808,2026-08-20T00:09:10-04:00
12117500,2025-01-28,380,A,10.76040170496,929.69870730854404,2026-08-20T00:09:10-04:00
12117500,2025-01-29,377,A,10.675451165184001,922.3589806718976,2026-08-20T00:09:10-04:00
12117500,2025-01-30,373,A,10.562183778816001,912.57267848970241,2026-08-20T00:09:10-04:00
12117500,2025-01-31,432,A,12.232877727744,1056.9206356770817,2026-08-20T00:09:10-04:00
12117500,2025-02-01,410,A,11.609907102720001,1003.0959736750081,2026-08-20T00:09:10-04:00
12117500,2025-02-02,386,A,10.930302784512,944.37816058183682,2026-08-20T00:09:10-04:00
12117500,2025-02-03,376,A,10.647134318592,919.91240512634886,2026-08-20T00:09:10-04:00
12117500,2025-02-04,371,A,10.505550085632001,907.67952739860482,2026-08-20T00:09:10-04:00
12117500,2025-02-05,378,A,10.703768011776001,924.80555621744645,2026-08-20T00:09:10-04:00
12117500,2025-02-06,374,A,10.590500625408,915.01925403525127,2026-08-20T00:09:10-04:00
12117500,2025-02-07,370,A,10.47723323904,905.23295185305608,2026-08-20T00:09:10-04:00
12117500,2025-02-08,368,A,10.420599545856,900.33980076195849,2026-08-20T00:09:10-04:00
12117500,2025-02-09,364,A,10.307332159488,890.55349857976319,2026-08-20T00:09:10-04:00
12117500,2025-02-10,360,A,10.194064773120001,880.767196397568,2026-08-20T00:09:10-04:00
12117500,2025-02-11,352,A,9.9675300003840004,861.19459203317763,2026-08-20T00:09:10-04:00
12117500,2025-02-12,384,A,10.873669091328001,939.48500949073923,2026-08-20T00:09:10-04:00
12117500,2025-02-13,388,A,10.986936477696,949.27131167293442,2026-08-20T00:09:10-04:00
12117500,2025-02-14,398,A,11.270104943615999,973.73706712842238,2026-08-20T00:09:10-04:00
12117500,2025-02-15,396,A,11.213471250432001,968.84391603732479,2026-08-20T00:09:10-04:00
12117500,2025-02-16,423,A,11.978026108416,1034.9014557671424,2026-08-20T00:09:10-04:00
12117500,2025-02-17,498,A,14.101789602816,1218.3946216833024,2026-08-20T00:09:10-04:00
12117500,2025-02-18,611,A,17.301593267712001,1494.8576583303168,2026-08-20T00:09:10-04:00
12117500,2025-02-19,696,A,19.708525228032002,1702.8165797019649,2026-08-20T00:09:10-04:00
12117500,2025-02-20,845,A,23.927735370240001,2067.3563359887362,2026-08-20T00:09:10-04:00
12117500,2025-02-21,1130,A,31.998036648959999,2764.6303664701441,2026-08-20T00:09:10-04:00
12117500,2025-02-22,1560,A,44.174280683520003,3816.657851056128,2026-08-20T00:09:10-04:00
12117500,2025-02-23,1760,A,49.837650001920004,4305.9729601658883,2026-08-20T00:09:10-04:00
12117500,2025-02-24,1170,A,33.13071051264,2862.4933882920959,2026-08-20T00:09:10-04:00
12117500,2025-02-25,926,A,26.221399944192001,2265.5289551781889,2026-08-20T00:09:10-04:00
12117500,2025-02-26,1060,A,30.015857387520001,2593.3700782817282,2026-08-20T00:09:10-04:00
12117500,2025-02-27,1170,A,33.13071051264,2862.4933882920959,2026-08-20T00:09:10-04:00
12117500,2025-02-28,1090,A,30.865362785280002,2666.7673446481922,2026-08-20T00:09:10-04:00
12117500,2025-03-01,1050,A,29.732688921600001,2568.9043228262399,2026-08-20T00:09:10-04:00
12117500,2025-03-02,1020,A,28.88318352384,2495.5070564597759,2026-08-20T00:09:10-04:00
12117500,2025-03-03,1010,A,28.60001505792,2471.041301004288,2026-08-20T00:09:10-04:00
12117500,2025-03-04,899,A,25.456845086208002,2199.4714154483713,2026-08-20T00:09:10-04:00
12117500,2025-03-05,734,A,20.784565398528002,1795.7864504328193,2026-08-20T00:09:10-04:00
12117500,2025-03-06,604,A,17.103375341568,1477.7316295114751,2026-08-20T00:09:10-04:00
12117500,2025-03-07,494,A,13.988522216448001,1208.6083195011072,2026-08-20T00:09:10-04:00
12117500,2025-03-08,464,A,13.139016818688001,1135.2110531346432,2026-08-20T00:09:10-04:00
12117500,2025-03-09,462,A,13.082383125504,1130.3179020435457,2026-08-20T00:09:10-04:00
12117500,2025-03-10,483,A,13.677036903936001,1181.6959885000704,2026-08-20T00:09:10-04:00
12117500,2025-03-11,461,A,13.054066278912,1127.8713264979967,2026-08-20T00:09:10-04:00
12117500,2025-03-12,475,A,13.4505021312,1162.12338413568,2026-08-20T00:09:10-04:00
12117500,2025-03-13,522,A,14.781393921024,1277.1124347764737,2026-08-20T00:09:10-04:00
12117500,2025-03-14,489,A,13.846937983488001,1196.3754417733633,2026-08-20T00:09:10-04:00
12117500,2025-03-15,511,A,14.469908608512,1250.2001037754369,2026-08-20T00:09:10-04:00
12117500,2025-03-16,515,A,14.583175994880001,1259.9864059576321,2026-08-20T00:09:10-04:00
12117500,2025-03-17,498,A,14.101789602816,1218.3946216833024,2026-08-20T00:09:10-04:00
12117500,2025-03-18,491,A,13.903571676672,1201.2685928644607,2026-08-20T00:09:10-04:00
12117500,2025-03-19,482,A,13.648720057344001,1179.2494129545216,2026-08-20T00:09:10-04:00
12117500,2025-03-20,491,A,13.903571676672,1201.2685928644607,2026-08-20T00:09:10-04:00
12117500,2025-03-21,582,A,16.480404716544001,1423.9069675094017,2026-08-20T00:09:10-04:00
12117500,2025-03-22,642,A,18.179415512064001,1570.7015002423298,2026-08-20T00:09:10-04:00
12117500,2025-03-23,886,A,25.088726080512,2167.665933356237,2026-08-20T00:09:10-04:00
12117500,2025-03-24,1520,A,43.041606819839998,3718.7948292341762,2026-08-20T00:09:10-04:00
12117500,2025-03-25,1780,A,50.403986933760002,4354.904471076864,2026-08-20T00:09:10-04:00
12117500,2025-03-26,1710,A,48.42180767232,4183.6441828884481,2026-08-20T00:09:10-04:00
12117500,2025-03-27,1860,A,52.669334661120004,4550.6305147207686,2026-08-20T00:09:10-04:00
12117500,2025-03-28,1900,A,53.802008524800002,4648.49353654272,2026-08-20T00:09:10-04:00
12117500,2025-03-29,1800,A,50.970323865600001,4403.8359819878406,2026-08-20T00:09:10-04:00
12117500,2025-03-30,1430,A,40.493090626560004,3498.6030301347841,2026-08-20T00:09:10-04:00
12117500,2025-03-31,1300,A,36.811900569599999,3180.5482092134403,2026-08-20T00:09:10-04:00
12117500,2025-04-01,933,A,26.419617870336001,2282.6549839970303,2026-08-20T00:09:10-04:00
12117500,2025-04-02,886,A,25.088726080512,2167.665933356237,2026-08-20T00:09:10-04:00
12117500,2025-04-03,883,A,25.003775540736001,2160.3262067195906,2026-08-20T00:09:10-04:00
12117500,2025-04-04,857,A,24.267537529344001,2096.7152425353215,2026-08-20T00:09:10-04:00
12117500,2025-04-05,835,A,23.644566904320001,2042.8905805332481,2026-08-20T00:09:10-04:00
12117500,2025-04-06,840,A,23.786151137280001,2055.1234582609923,2026-08-20T00:09:10-04:00
12117500,2025-04-07,935,A,26.476251563520002,2287.5481350881282,2026-08-20T00:09:10-04:00
12117500,2025-04-08,995,A,28.175262359040001,2434.3426678210562,2026-08-20T00:09:10-04:00
12117500,2025-04-09,1000,A,28.316846592000001,2446.5755455488002,2026-08-20T00:09:10-04:00
12117500,2025-04-10,1280,A,36.24556363776,3131.6166983024641,2026-08-20T00:09:10-04:00
12117500,2025-04-11,1460,A,41.342596024320002,3572.0002965012482,2026-08-20T00:09:10-04:00
12117500,2025-04-12,1520,A,43.041606819839998,3718.7948292341762,2026-08-20T00:09:10-04:00
12117500,2025-04-13,1120,A,31.71486818304,2740.1646110146562,2026-08-20T00:09:10-04:00
12117500,2025-04-14,901,A,25.513478779391999,2204.3645665394688,2026-08-20T00:09:10-04:00
12117500,2025-04-15,769,A,21.775655029248,1881.4165945270272,2026-08-20T00:09:10-04:00
12117500,2025-04-16,653,A,18.490900824576002,1597.6138312433663,2026-08-20T00:09:10-04:00
12117500,2025-04-17,577,A,16.338820483584001,1411.6740897816576,2026-08-20T00:09:10-04:00
12117500,2025-04-18,515,A,14.583175994880001,1259.9864059576321,2026-08-20T00:09:10-04:00
12117500,2025-04-19,492,A,13.931888523264,1203.7151684100097,2026-08-20T00:09:10-04:00
12117500,2025-04-20,493,A,13.960205369856,1206.1617439555584,2026-08-20T00:09:10-04:00
12117500,2025-04-21,523,A,14.809710767616,1279.5590103220225,2026-08-20T00:09:10-04:00
12117500,2025-04-22,487,A,13.790304290304,1191.4822906822656,2026-08-20T00:09:10-04:00
12117500,2025-04-23,496,A,14.045155909632001,1213.5014705922049,2026-08-20T00:09:10-04:00
12117500,2025-04-24,525,A,14.866344460800001,1284.4521614131199,2026-08-20T00:09:10-04:00
12117500,2025-04-25,518,A,14.668126534656,1267.3261325942785,2026-08-20T00:09:10-04:00
12117500,2025-04-26,510,A,14.44159176192,1247.7535282298879,2026-08-20T00:09:10-04:00
12117500,2025-04-27,507,A,14.356641222144001,1240.4138015932417,2026-08-20T00:09:10-04:00
12117500,2025-04-28,504,A,14.271690682368,1233.0740749565953,2026-08-20T00:09:10-04:00
12117500,2025-04-29,473,A,13.393868438016,1157.2302330445825,2026-08-20T00:09:10-04:00
12117500,2025-04-30,441,A,12.487729347072001,1078.9398155870208,2026-08-20T00:09:10-04:00
12117500,2025-05-01,431,A,12.204560881152,1054.4740601315327,2026-08-20T00:09:10-04:00
12117500,2025-05-02,424,A,12.006342955008,1037.3480313126913,2026-08-20T00:09:10-04:00
12117500,2025-05-03,423,A,11.978026108416,1034.9014557671424,2026-08-20T00:09:10-04:00
12117500,2025-05-04,418,A,11.836441875456,1022.6685780393984,2026-08-20T00:09:10-04:00
12117500,2025-05-05,412,A,11.666540795904,1007.9891247661056,2026-08-20T00:09:10-04:00
12117500,2025-05-06,407,A,11.524956562944,995.75624703836161,2026-08-20T00:09:10-04:00
12117500,2025-05-07,405,A,11.46832286976,990.86309594726401,2026-08-20T00:09:10-04:00
12117500,2025-05-08,403,A,11.411689176576001,985.96994485616642,2026-08-20T00:09:10-04:00
12117500,2025-05-09,398,A,11.270104943615999,973.73706712842238,2026-08-20T00:09:10-04:00
12117500,2025-05-10,398,A,11.270104943615999,973.73706712842238,2026-08-20T00:09:10-04:00
12117500,2025-05-11,402,A,11.383372329984001,983.52336931061768,2026-08-20T00:09:10-04:00
12117500,2025-05-12,399,A,11.298421790208,976.18364267397124,2026-08-20T00:09:10-04:00
12117500,2025-05-13,394,A,11.156837557248,963.9507649462272,2026-08-20T00:09:10-04:00
12117500,2025-05-14,395,A,11.18515440384,966.39734049177605,2026-08-20T00:09:10-04:00
12117500,2025-05-15,395,A,11.18515440384,966.39734049177605,2026-08-20T00:09:10-04:00
12117500,2025-05-16,413,A,11.694857642496,1010.4357003116544,2026-08-20T00:09:10-04:00
12117500,2025-05-17,410,A,11.609907102720001,1003.0959736750081,2026-08-20T00:09:10-04:00
12117500,2025-05-18,408,A,11.553273409536001,998.20282258391046,2026-08-20T00:09:10-04:00
12117500,2025-05-19,412,A,11.666540795904,1007.9891247661056,2026-08-20T00:09:10-04:00
12117500,2025-05-20,418,A,11.836441875456,1022.6685780393984,2026-08-20T00:09:10-04:00
12117500,2025-05-21,412,A,11.666540795904,1007.9891247661056,2026-08-20T00:09:10-04:00
12117500,2025-05-22,399,A,11.298421790208,976.18364267397124,2026-08-20T00:09:10-04:00
12117500,2025-05-23,393,A,11.128520710656,961.50418940067846,2026-08-20T00:09:10-04:00
12117500,2025-05-24,387,A,10.958619631104,946.82473612738568,2026-08-20T00:09:10-04:00
12117500,2025-05-25,381,A,10.788718551552,932.14528285409278,2026-08-20T00:09:10-04:00
12117500,2025-05-26,383,A,10.845352244736,937.03843394519038,2026-08-20T00:09:10-04:00
12117500,2025-05-27,382,A,10.817035398144,934.59185839964164,2026-08-20T00:09:10-04:00
12117500,2025-05-28,378,A,10.703768011776001,924.80555621744645,2026-08-20T00:09:10-04:00
12117500,2025-05-29,381,A,10.788718551552,932.14528285409278,2026-08-20T00:09:10-04:00
12117500,2025-05-30,376,A,10.647134318592,919.91240512634886,2026-08-20T00:09:10-04:00
12117500,2025-05-31,380,A,10.76040170496,929.69870730854404,2026-08-20T00:09:10-04:00
12117500,2025-06-01,378,A,10.703768011776001,924.80555621744645,2026-08-20T00:09:10-04:00
12117500,2025-06-02,377,A,10.675451165184001,922.3589806718976,2026-08-20T00:09:10-04:00
12117500,2025-06-03,373,A,10.562183778816001,912.57267848970241,2026-08-20T00:09:10-04:00
12117500,2025-06-04,374,A,10.590500625408,915.01925403525127,2026-08-20T00:09:10-04:00
12117500,2025-06-05,435,A,12.317828267519999,1064.2603623137281,2026-08-20T00:09:10-04:00
12117500,2025-06-06,421,A,11.921392415232001,1030.0083046760449,2026-08-20T00:09:10-04:00
12117500,2025-06-07,417,A,11.808125028864,1020.2220024938497,2026-08-20T00:09:10-04:00
12117500,2025-06-08,425,A,12.0346598016,1039.7946068582401,2026-08-20T00:09:10-04:00
12117500,2025-06-09,426,A,12.062976648192,1042.2411824037888,2026-08-20T00:09:10-04:00
12117500,2025-06-10,433,A,12.261194574336001,1059.3672112226304,2026-08-20T00:09:10-04:00
12117500,2025-06-11,429,A,12.147927187968,1049.5809090404352,2026-08-20T00:09:10-04:00
12117500,2025-06-12,430,A,12.17624403456,1052.027484585984,2026-08-20T00:09:10-04:00
12117500,2025-06-13,444,A,12.572679886848,1086.2795422236672,2026-08-20T00:09:10-04:00
12117500,2025-06-14,449,A,12.714264119808,1098.5124199514112,2026-08-20T00:09:10-04:00
12117500,2025-06-15,459,A,12.997432585728001,1122.9781754068993,2026-08-20T00:09:10-04:00
12117500,2025-06-16,460,A,13.02574943232,1125.424750952448,2026-08-20T00:09:10-04:00
12117500,2025-06-17,469,A,13.280601051648,1147.4439308623873,2026-08-20T00:09:10-04:00
12117500,2025-06-18,474,A,13.422185284608,1159.6768085901313,2026-08-20T00:09:10-04:00
12117500,2025-06-19,470,A,13.308917898240001,1149.8905064079361,2026-08-20T00:09:10-04:00
12117500,2025-06-20,370,A,10.47723323904,905.23295185305608,2026-08-20T00:09:10-04:00
12117500,2025-06-21,355,A,10.052480540159999,868.53431866982407,2026-08-20T00:09:10-04:00
12117500,2025-06-22,342,A,9.6843615344640011,836.72883657768966,2026-08-20T00:09:10-04:00
12117500,2025-06-23,323,A,9.1463414492160009,790.24390121226247,2026-08-20T00:09:10-04:00
12117500,2025-06-24,313,A,8.8631729832959998,765.77814575677439,2026-08-20T00:09:10-04:00
12117500,2025-06-25,308,A,8.7215887503360001,753.54526802903047,2026-08-20T00:09:10-04:00
12117500,2025-06-26,316,A,8.9481235230720007,773.11787239342084,2026-08-20T00:09:10-04:00
12117500,2025-06-27,402,A,11.383372329984001,983.52336931061768,2026-08-20T00:09:10-04:00
12117500,2025-06-28,396,A,11.213471250432001,968.84391603732479,2026-08-20T00:09:10-04:00
12117500,2025-06-29,392,A,11.100203864064,959.0576138551296,2026-08-20T00:09:10-04:00
12117500,2025-06-30,388,A,10.986936477696,949.27131167293442,2026-08-20T00:09:10-04:00
12117500,2025-07-01,385,A,10.901985937920001,941.93158503628808,2026-08-20T00:09:10-04:00
12117500,2025-07-02,382,A,10.817035398144,934.59185839964164,2026-08-20T00:09:10-04:00
12117500,2025-07-03,381,A,10.788718551552,932.14528285409278,2026-08-20T00:09:10-04:00
12117500,2025-07-04,379,A,10.732084858368001,927.25213176299519,2026-08-20T00:09:10-04:00
12117500,2025-07-05,376,A,10.647134318592,919.91240512634886,2026-08-20T00:09:10-04:00
12117500,2025-07-06,375,A,10.618817472,917.4658295808,2026-08-20T00:09:10-04:00
12117500,2025-07-07,374,A,10.590500625408,915.01925403525127,2026-08-20T00:09:10-04:00
12117500,2025-07-08,371,A,10.505550085632001,907.67952739860482,2026-08-20T00:09:10-04:00
12117500,2025-07-09,371,A,10.505550085632001,907.67952739860482,2026-08-20T00:09:10-04:00
12117500,2025-07-10,377,A,10.675451165184001,922.3589806718976,2026-08-20T00:09:10-04:00
12117500,2025-07-11,394,A,11.156837557248,963.9507649462272,2026-08-20T00:09:10-04:00
12117500,2025-07-12,398,A,11.270104943615999,973.73706712842238,2026-08-20T00:09:10-04:00
12117500,2025-07-13,398,A,11.270104943615999,973.73706712842238,2026-08-20T00:09:10-04:00
12117500,2025-07-14,391,A,11.071887017472001,956.61103830958086,2026-08-20T00:09:10-04:00
12117500,2025-07-15,390,A,11.043570170880001,954.16446276403201,2026-08-20T00:09:10-04:00
12117500,2025-07-16,389,A,11.015253324288,951.71788721848327,2026-08-20T00:09:10-04:00
12117500,2025-07-17,388,A,10.986936477696,949.27131167293442,2026-08-20T00:09:10-04:00
12117500,2025-07-18,386,A,10.930302784512,944.37816058183682,2026-08-20T00:09:10-04:00
12117500,2025-07-19,383,A,10.845352244736,937.03843394519038,2026-08-20T00:09:10-04:00
12117500,2025-07-20,384,A,10.873669091328001,939.48500949073923,2026-08-20T00:09:10-04:00
12117500,2025-07-21,384,A,10.873669091328001,939.48500949073923,2026-08-20T00:09:10-04:00
12117500,2025-07-22,352,A,9.9675300003840004,861.19459203317763,2026-08-20T00:09:10-04:00
12117500,2025-07-23,351,A,9.9392131537920001,858.74801648762877,2026-08-20T00:09:10-04:00
12117500,2025-07-24,353,A,9.9958468469760007,863.64116757872648,2026-08-20T00:09:10-04:00
12117500,2025-07-25,360,A,10.194064773120001,880.767196397568,2026-08-20T00:09:10-04:00
12117500,2025-07-26,355,A,10.052480540159999,868.53431866982407,2026-08-20T00:09:10-04:00
12117500,2025-07-27,353,A,9.9958468469760007,863.64116757872648,2026-08-20T00:09:10-04:00
12117500,2025-07-28,347,A,9.8259457674240007,848.96171430543359,2026-08-20T00:09:10-04:00
12117500,2025-07-29,326,A,9.231291988992,797.5836278489088,2026-08-20T00:09:10-04:00
12117500,2025-07-30,322,A,9.1180246026240006,787.79732566671362,2026-08-20T00:09:10-04:00
12117500,2025-07-31,320,A,9.06139090944,782.90417457561603,2026-08-20T00:09:10-04:00
12117500,2025-08-01,317,A,8.9764403696640009,775.56444793896958,2026-08-20T00:09:10-04:00
12117500,2025-08-02,306,A,8.6649550571519995,748.65211693793287,2026-08-20T00:09:10-04:00
12117500,2025-08-03,297,A,8.4101034378240005,726.63293702799365,2026-08-20T00:09:10-04:00
12117500,2025-08-04,287,A,8.1269349719039994,702.16718157250557,2026-08-20T00:09:10-04:00
12117500,2025-08-05,284,A,8.0419844321280003,694.82745493585924,2026-08-20T00:09:10-04:00
12117500,2025-08-06,289,A,8.183568665088,707.06033266360328,2026-08-20T00:09:10-04:00
12117500,2025-08-07,287,A,8.1269349719039994,702.16718157250557,2026-08-20T00:09:10-04:00
12117500,2025-08-08,281,A,7.9570338923520003,687.48772829921279,2026-08-20T00:09:10-04:00
12117500,2025-08-09,278,A,7.8720833525760003,680.14800166256646,2026-08-20T00:09:10-04:00
12117500,2025-08-10,274,A,7.7588159662080001,670.36169948037127,2026-08-20T00:09:10-04:00
12117500,2025-08-11,245,A,6.9376274150400006,599.411008659456,2026-08-20T00:09:10-04:00
12117500,2025-08-12,236,A,6.6827757957119998,577.39182874951678,2026-08-20T00:09:10-04:00
12117500,2025-08-13,231,A,6.5411915627520001,565.15895102177285,2026-08-20T00:09:10-04:00
12117500,2025-08-14,229,A,6.4845578695680004,560.26579993067526,2026-08-20T00:09:10-04:00
12117500,2025-08-15,243,A,6.880993721856,594.51785756835841,2026-08-20T00:09:10-04:00
12117500,2025-08-16,315,A,8.9198066764800004,770.67129684787199,2026-08-20T00:09:10-04:00
12117500,2025-08-17,244,A,6.9093105684480003,596.96443311390726,2026-08-20T00:09:10-04:00
12117500,2025-08-18,232,A,6.5695084093440004,567.60552656732159,2026-08-20T00:09:10-04:00
12117500,2025-08-19,227,A,6.4279241763839998,555.37264883957766,2026-08-20T00:09:10-04:00
12117500,2025-08-20,224,A,6.3429736366079998,548.03292220293122,2026-08-20T00:09:10-04:00
12117500,2025-08-21,221,A,6.2580230968319999,540.69319556628477,2026-08-20T00:09:10-04:00
12117500,2025-08-22,219,A,6.2013894036480002,535.80004447518718,2026-08-20T00:09:10-04:00
12117500,2025-08-23,217,A,6.1447557104640005,530.90689338408959,2026-08-20T00:09:10-04:00
12117500,2025-08-24,214,A,6.0598051706880005,523.56716674744325,2026-08-20T00:09:10-04:00
12117500,2025-08-25,213,A,6.0314883240960002,521.1205912018944,2026-08-20T00:09:10-04:00
12117500,2025-08-26,215,A,6.0881220172799999,526.01374229299199,2026-08-20T00:09:10-04:00
12117500,2025-08-27,224,A,6.3429736366079998,548.03292220293122,2026-08-20T00:09:10-04:00
12117500,2025-08-28,224,A,6.3429736366079998,548.03292220293122,2026-08-20T00:09:10-04:00
12117500,2025-08-29,224,A,6.3429736366079998,548.03292220293122,2026-08-20T00:09:10-04:00
12117500,2025-08-30,223,A,6.3146567900160004,545.58634665738236,2026-08-20T00:09:10-04:00
12117500,2025-08-31,221,A,6.2580230968319999,540.69319556628477,2026-08-20T00:09:10-04:00
12117500,2025-09-01,220,A,6.2297062502400005,538.24662002073603,2026-08-20T00:09:10-04:00
12117500,2025-09-02,222,A,6.2863399434240002,543.13977111183362,2026-08-20T00:09:10-04:00
12117500,2025-09-03,232,A,6.5695084093440004,567.60552656732159,2026-08-20T00:09:10-04:00
12117500,2025-09-04,231,A,6.5411915627520001,565.15895102177285,2026-08-20T00:09:10-04:00
12117500,2025-09-05,229,A,6.4845578695680004,560.26579993067526,2026-08-20T00:09:10-04:00
12117500,2025-09-06,228,A,6.4562410229760001,557.8192243851264,2026-08-20T00:09:10-04:00
12117500,2025-09-07,232,A,6.5695084093440004,567.60552656732159,2026-08-20T00:09:10-04:00
12117500,2025-09-08,205,A,5.8049535513600006,501.54798683750403,2026-08-20T00:09:10-04:00
12117500,2025-09-09,202,A,5.7200030115840006,494.20826020085764,2026-08-20T00:09:10-04:00
12117500,2025-09-10,199,A,5.6350524718079997,486.86853356421119,2026-08-20T00:09:10-04:00
12117500,2025-09-11,197,A,5.578418778624,481.9753824731136,2026-08-20T00:09:10-04:00
12117500,2025-09-12,196,A,5.5501019320319998,479.5288069275648,2026-08-20T00:09:10-04:00
12117500,2025-09-13,194,A,5.4934682388480001,474.63565583646721,2026-08-20T00:09:10-04:00
12117500,2025-09-14,193,A,5.4651513922559998,472.18908029091841,2026-08-20T00:09:10-04:00
12117500,2025-09-15,191,A,5.4085176990720001,467.29592919982082,2026-08-20T00:09:10-04:00
12117500,2025-09-16,189,A,5.3518840058880004,462.40277810872323,2026-08-20T00:09:10-04:00
12117500,2025-09-17,197,A,5.578418778624,481.9753824731136,2026-08-20T00:09:10-04:00
12117500,2025-09-18,238,A,6.7394094888960003,582.28497984061437,2026-08-20T00:09:10-04:00
12117500,2025-09-19,246,A,6.965944261632,601.85758420500485,2026-08-20T00:09:10-04:00
12117500,2025-09-20,250,A,7.0792116480000002,611.64388638720004,2026-08-20T00:09:10-04:00
12117500,2025-09-21,261,A,7.3906969605119999,638.55621738823686,2026-08-20T00:09:10-04:00
12117500,2025-09-22,273,A,7.7304991196159998,667.91512393482242,2026-08-20T00:09:10-04:00
12117500,2025-09-23,344,A,9.7409952276479999,841.62198766878726,2026-08-20T00:09:10-04:00
12117500,2025-09-24,355,A,10.052480540159999,868.53431866982407,2026-08-20T00:09:10-04:00
12117500,2025-09-25,350,A,9.9108963071999998,856.30144094208003,2026-08-20T00:09:10-04:00
12117500,2025-09-26,352,A,9.9675300003840004,861.19459203317763,2026-08-20T00:09:10-04:00
12117500,2025-09-27,352,A,9.9675300003840004,861.19459203317763,2026-08-20T00:09:10-04:00
12117500,2025-09-28,349,A,9.8825794606079995,853.85486539653118,2026-08-20T00:09:10-04:00
12117500,2025-09-29,355,A,10.052480540159999,868.53431866982407,2026-08-20T00:09:10-04:00
12117500,2025-09-30,349,A,9.8825794606079995,853.85486539653118,2026-08-20T00:09:10-04:00
