station_id,date,discharge_cfs,discharge_qualifier,discharge_m3s,discharge_ML_day,source_retrieved_at
02336000,1995-10-01,1220,A,34.546552842240004,2984.8221655695361,2026-08-20T00:09:10-04:00
02336000,1995-10-02,1420,A,40.209922160639998,3474.1372746792963,2026-08-20T00:09:10-04:00
02336000,1995-10-03,2620,A,74.190138071039996,6410.0279293378562,2026-08-20T00:09:10-04:00
02336000,1995-10-04,11200,A,317.14868183039999,27401.646110146561,2026-08-20T00:09:10-04:00
02336000,1995-10-05,15100,A,427.58438353920002,36943.290737786883,2026-08-20T00:09:10-04:00
02336000,1995-10-06,6480,A,183.49316591616,15853.809535156224,2026-08-20T00:09:10-04:00
02336000,1995-10-07,3340,A,94.578267617280005,8171.5623221329924,2026-08-20T00:09:10-04:00
02336000,1995-10-08,1270,A,35.962395171840001,3107.1509428469762,2026-08-20T00:09:10-04:00
02336000,1995-10-09,1220,A,34.546552842240004,2984.8221655695361,2026-08-20T00:09:10-04:00
02336000,1995-10-10,1420,A,40.209922160639998,3474.1372746792963,2026-08-20T00:09:10-04:00
02336000,1995-10-11,1610,A,45.590123013119999,3938.9866283335682,2026-08-20T00:09:10-04:00
02336000,1995-10-12,1580,A,44.740617615360001,3865.5893619671042,2026-08-20T00:09:10-04:00
02336000,1995-10-13,1610,A,45.590123013119999,3938.9866283335682,2026-08-20T00:09:10-04:00
02336000,1995-10-14,1830,A,51.819829263359999,4477.2332483543041,2026-08-20T00:09:10-04:00
02336000,1995-10-15,1610,A,45.590123013119999,3938.9866283335682,2026-08-20T00:09:10-04:00
02336000,1995-10-16,1810,A,51.25349233152,4428.3017374433284,2026-08-20T00:09:10-04:00
02336000,1995-10-17,2200,A,62.297062502400003,5382.4662002073601,2026-08-20T00:09:10-04:00
02336000,1995-10-18,2280,A,64.562410229760005,5578.1922438512638,2026-08-20T00:09:10-04:00
02336000,1995-10-19,2170,A,61.447557104640005,5309.0689338408965,2026-08-20T00:09:10-04:00
02336000,1995-10-20,2260,A,63.996073297919999,5529.2607329402881,2026-08-20T00:09:10-04:00
02336000,1995-10-21,1770,A,50.120818467840003,4330.4387156213761,2026-08-20T00:09:10-04:00
02336000,1995-10-22,1220,A,34.546552842240004,2984.8221655695361,2026-08-20T00:09:10-04:00
02336000,1995-10-23,1340,A,37.944574433280003,3278.4112310353921,2026-08-20T00:09:10-04:00
02336000,1995-10-24,1630,A,46.156459944959998,3987.9181392445439,2026-08-20T00:09:10-04:00
02336000,1995-10-25,1560,A,44.174280683520003,3816.657851056128,2026-08-20T00:09:10-04:00
02336000,1995-10-26,1590,A,45.023786081280001,3890.055117422592,2026-08-20T00:09:10-04:00
02336000,1995-10-27,1610,A,45.590123013119999,3938.9866283335682,2026-08-20T00:09:10-04:00
02336000,1995-10-28,1900,A,53.802008524800002,4648.49353654272,2026-08-20T00:09:10-04:00
02336000,1995-10-29,1200,A,33.980215910399998,2935.8906546585599,2026-08-20T00:09:10-04:00
02336000,1995-10-30,1190,A,33.697047444479999,2911.4248992030721,2026-08-20T00:09:10-04:00
02336000,1995-10-31,1540,A,43.607943751680004,3767.7263401451523,2026-08-20T00:09:10-04:00
02336000,1995-11-01,1370,A,38.794079831040001,3351.8084974018561,2026-08-20T00:09:10-04:00
02336000,1995-11-02,2550,A,72.207958809600001,6238.7676411494404,2026-08-20T00:09:10-04:00
02336000,1995-11-03,2930,A,82.968360514560004,7168.4663484579842,2026-08-20T00:09:10-04:00
02336000,1995-11-04,1700,A,48.138639206400001,4159.1784274329602,2026-08-20T00:09:10-04:00
02336000,1995-11-05,1240,A,35.112889774080003,3033.7536764805122,2026-08-20T00:09:10-04:00
02336000,1995-11-06,1560,A,44.174280683520003,3816.657851056128,2026-08-20T00:09:10-04:00
02336000,1995-11-07,6550,A,185.47534517760002,16025.06982334464,2026-08-20T00:09:10-04:00
02336000,1995-11-08,6270,A,177.54662813184001,15340.028670590977,2026-08-20T00:09:10-04:00
02336000,1995-11-09,4280,A,121.19610341376,10471.343334948864,2026-08-20T00:09:10-04:00
02336000,1995-11-10,2370,A,67.110926423039999,5798.3840429506563,2026-08-20T00:09:10-04:00
02336000,1995-11-11,4550,A,128.84165199360001,11131.918732247041,2026-08-20T00:09:10-04:00
02336000,1995-11-12,3070,A,86.932719037440009,7510.9869248348159,2026-08-20T00:09:10-04:00
02336000,1995-11-13,2090,A,59.182209377280003,5113.3428901969919,2026-08-20T00:09:10-04:00
02336000,1995-11-14,1670,A,47.289133808640003,4085.7811610664962,2026-08-20T00:09:10-04:00
02336000,1995-11-15,1740,A,49.271313070079998,4257.0414492549125,2026-08-20T00:09:10-04:00
02336000,1995-11-16,1770,A,50.120818467840003,4330.4387156213761,2026-08-20T00:09:10-04:00
02336000,1995-11-17,1660,A,47.005965342720003,4061.3154056110079,2026-08-20T00:09:10-04:00
02336000,1995-11-18,1500,A,42.475269888,3669.8633183232,2026-08-20T00:09:10-04:00
02336000,1995-11-19,1230,A,34.829721308160003,3009.2879210250239,2026-08-20T00:09:10-04:00
02336000,1995-11-20,1450,A,41.059427558400003,3547.5345410457603,2026-08-20T00:09:10-04:00
02336000,1995-11-21,2420,A,68.526768752639995,5920.7128202280965,2026-08-20T00:09:10-04:00
02336000,1995-11-22,2620,A,74.190138071039996,6410.0279293378562,2026-08-20T00:09:10-04:00
02336000,1995-11-23,2630,A,74.473306536959996,6434.4936847933441,2026-08-20T00:09:10-04:00
02336000,1995-11-24,2670,A,75.605980400640007,6532.3567066152964,2026-08-20T00:09:10-04:00
02336000,1995-11-25,2130,A,60.31488324096,5211.2059120189442,2026-08-20T00:09:10-04:00
02336000,1995-11-26,1220,A,34.546552842240004,2984.8221655695361,2026-08-20T00:09:10-04:00
02336000,1995-11-27,1730,A,48.988144604159999,4232.5756937994238,2026-08-20T00:09:10-04:00
02336000,1995-11-28,2300,A,65.128747161600003,5627.1237547622404,2026-08-20T00:09:10-04:00
02336000,1995-11-29,2660,A,75.322811934720008,6507.8909511598085,2026-08-20T00:09:10-04:00
02336000,1995-11-30,2450,A,69.376274150400008,5994.11008659456,2026-08-20T00:09:10-04:00
02336000,1995-12-01,2320,A,65.695084093440002,5676.0552656732161,2026-08-20T00:09:10-04:00
02336000,1995-12-02,1690,A,47.855470740480001,4134.7126719774724,2026-08-20T00:09:10-04:00
02336000,1995-12-03,1480,A,41.908932956160001,3620.9318074122243,2026-08-20T00:09:10-04:00
02336000,1995-12-04,1370,A,38.794079831040001,3351.8084974018561,2026-08-20T00:09:10-04:00
02336000,1995-12-05,1590,A,45.023786081280001,3890.055117422592,2026-08-20T00:09:10-04:00
02336000,1995-12-06,1690,A,47.855470740480001,4134.7126719774724,2026-08-20T00:09:10-04:00
02336000,1995-12-07,1890,A,53.518840058880002,4624.0277810872321,2026-08-20T00:09:10-04:00
02336000,1995-12-08,1850,A,52.386166195200005,4526.1647592652798,2026-08-20T00:09:10-04:00
02336000,1995-12-09,3360,A,95.144604549120004,8220.4938330439691,2026-08-20T00:09:10-04:00
02336000,1995-12-10,1500,A,42.475269888,3669.8633183232,2026-08-20T00:09:10-04:00
02336000,1995-12-11,1670,A,47.289133808640003,4085.7811610664962,2026-08-20T00:09:10-04:00
02336000,1995-12-12,1730,A,48.988144604159999,4232.5756937994238,2026-08-20T00:09:10-04:00
02336000,1995-12-13,1740,A,49.271313070079998,4257.0414492549125,2026-08-20T00:09:10-04:00
02336000,1995-12-14,1680,A,47.572302274560002,4110.2469165219845,2026-08-20T00:09:10-04:00
02336000,1995-12-15,1660,A,47.005965342720003,4061.3154056110079,2026-08-20T00:09:10-04:00
02336000,1995-12-16,1460,A,41.342596024320002,3572.0002965012482,2026-08-20T00:09:10-04:00
02336000,1995-12-17,1250,A,35.396058240000002,3058.2194319360001,2026-08-20T00:09:10-04:00
02336000,1995-12-18,1400,A,39.643585228799999,3425.2057637683201,2026-08-20T00:09:10-04:00
02336000,1995-12-19,3910,A,110.71887017472001,9566.1103830958091,2026-08-20T00:09:10-04:00
02336000,1995-12-20,2470,A,69.942611082240006,6043.0415975055366,2026-08-20T00:09:10-04:00
02336000,1995-12-21,1830,A,51.819829263359999,4477.2332483543041,2026-08-20T00:09:10-04:00
02336000,1995-12-22,1800,A,50.970323865600001,4403.8359819878406,2026-08-20T00:09:10-04:00
02336000,1995-12-23,1490,A,42.19210142208,3645.3975628677122,2026-08-20T00:09:10-04:00
02336000,1995-12-24,1280,A,36.24556363776,3131.6166983024641,2026-08-20T00:09:10-04:00
02336000,1995-12-25,1640,A,46.439628410880005,4012.3838947000322,2026-08-20T00:09:10-04:00
02336000,1995-12-26,4250,A,120.346598016,10397.9460685824,2026-08-20T00:09:10-04:00
02336000,1995-12-27,4770,A,135.07135824384,11670.165352267777,2026-08-20T00:09:10-04:00
02336000,1995-12-28,4300,A,121.7624403456,10520.27484585984,2026-08-20T00:09:10-04:00
02336000,1995-12-29,4400,A,124.59412500480001,10764.93240041472,2026-08-20T00:09:10-04:00
02336000,1995-12-30,3310,A,93.728762219520007,8098.165055766528,2026-08-20T00:09:10-04:00
02336000,1995-12-31,1280,A,36.24556363776,3131.6166983024641,2026-08-20T00:09:10-04:00
02336000,1996-01-01,1350,A,38.227742899200003,3302.87698649088,2026-08-20T00:09:10-04:00
02336000,1996-01-02,1380,A,39.077248296960001,3376.274252857344,2026-08-20T00:09:10-04:00
02336000,1996-01-03,1570,A,44.457449149440002,3841.1236065116163,2026-08-20T00:09:10-04:00
02336000,1996-01-04,1890,A,53.518840058880002,4624.0277810872321,2026-08-20T00:09:10-04:00
02336000,1996-01-05,1750,A,49.554481536000004,4281.5072047104004,2026-08-20T00:09:10-04:00
02336000,1996-01-06,1770,A,50.120818467840003,4330.4387156213761,2026-08-20T00:09:10-04:00
02336000,1996-01-07,2870,A,81.269349719040008,7021.6718157250561,2026-08-20T00:09:10-04:00
02336000,1996-01-08,2370,A,67.110926423039999,5798.3840429506563,2026-08-20T00:09:10-04:00
02336000,1996-01-09,1970,A,55.784187786240004,4819.7538247311359,2026-08-20T00:09:10-04:00
02336000,1996-01-10,1780,A,50.403986933760002,4354.904471076864,2026-08-20T00:09:10-04:00
02336000,1996-01-11,1860,A,52.669334661120004,4550.6305147207686,2026-08-20T00:09:10-04:00
02336000,1996-01-12,2910,A,82.402023582720005,7119.5348375470085,2026-08-20T00:09:10-04:00
02336000,1996-01-13,2820,A,79.853507389439997,6899.343038447616,2026-08-20T00:09:10-04:00
02336000,1996-01-14,1340,A,37.944574433280003,3278.4112310353921,2026-08-20T00:09:10-04:00
02336000,1996-01-15,2110,A,59.748546309120002,5162.2744011079685,2026-08-20T00:09:10-04:00
02336000,1996-01-16,3570,A,101.09114233344,8734.2746976092167,2026-08-20T00:09:10-04:00
02336000,1996-01-17,3630,A,102.79015312896,8881.0692303421438,2026-08-20T00:09:10-04:00
02336000,1996-01-18,3940,A,111.56837557248001,9639.5076494622717,2026-08-20T00:09:10-04:00
02336000,1996-01-19,6610,A,187.17435597312002,16171.864356077569,2026-08-20T00:09:10-04:00
02336000,1996-01-20,4560,A,129.12482045952001,11156.384487702528,2026-08-20T00:09:10-04:00
02336000,1996-01-21,1540,A,43.607943751680004,3767.7263401451523,2026-08-20T00:09:10-04:00
02336000,1996-01-22,1930,A,54.65151392256,4721.8908029091845,2026-08-20T00:09:10-04:00
02336000,1996-01-23,3700,A,104.77233239040001,9052.3295185305597,2026-08-20T00:09:10-04:00
02336000,1996-01-24,4730,A,133.93868438016,11572.302330445824,2026-08-20T00:09:10-04:00
02336000,1996-01-25,4700,A,133.0891789824,11498.905064079361,2026-08-20T00:09:10-04:00
02336000,1996-01-26,4420,A,125.16046193664,10813.863911325696,2026-08-20T00:09:10-04:00
02336000,1996-01-27,14800,A,419.08932956160004,36209.318074122239,2026-08-20T00:09:10-04:00
02336000,1996-01-28,8300,A,235.02982671360002,20306.577028055042,2026-08-20T00:09:10-04:00
02336000,1996-01-29,8940,A,253.15260853248,21872.385377206272,2026-08-20T00:09:10-04:00
02336000,1996-01-30,8370,A,237.01200597504001,20477.837316243458,2026-08-20T00:09:10-04:00
02336000,1996-01-31,8660,A,245.22389148672002,21187.344224452609,2026-08-20T00:09:10-04:00
02336000,1996-02-01,8090,A,229.08328892928,19792.796163489791,2026-08-20T00:09:10-04:00
02336000,1996-02-02,12600,A,356.79226705920001,30826.851873914882,2026-08-20T00:09:10-04:00
02336000,1996-02-03,9150,A,259.09914631679999,22386.16624177152,2026-08-20T00:09:10-04:00
02336000,1996-02-04,7350,A,208.12882245119999,17982.330259783681,2026-08-20T00:09:10-04:00
02336000,1996-02-05,8860,A,250.88726080512001,21676.659333562369,2026-08-20T00:09:10-04:00
02336000,1996-02-06,8320,A,235.59616364544001,20355.508538966016,2026-08-20T00:09:10-04:00
02336000,1996-02-07,8210,A,232.48131052031999,20086.385228955649,2026-08-20T00:09:10-04:00
02336000,1996-02-08,8130,A,230.21596279296,19890.659185311746,2026-08-20T00:09:10-04:00
02336000,1996-02-09,8710,A,246.63973381632002,21309.673001730047,2026-08-20T00:09:10-04:00
02336000,1996-02-10,8610,A,243.80804915712,21065.01544717517,2026-08-20T00:09:10-04:00
02336000,1996-02-11,8650,A,244.94072302079999,21162.878468997122,2026-08-20T00:09:10-04:00
02336000,1996-02-12,8580,A,242.95854375936,20991.618180808706,2026-08-20T00:09:10-04:00
02336000,1996-02-13,8700,A,246.35656535040002,21285.20724627456,2026-08-20T00:09:10-04:00
02336000,1996-02-14,8690,A,246.07339688448002,21260.741490819073,2026-08-20T00:09:10-04:00
02336000,1996-02-15,8620,A,244.09121762304,21089.481202630657,2026-08-20T00:09:10-04:00
02336000,1996-02-16,8700,A,246.35656535040002,21285.20724627456,2026-08-20T00:09:10-04:00
02336000,1996-02-17,8690,A,246.07339688448002,21260.741490819073,2026-08-20T00:09:10-04:00
02336000,1996-02-18,8690,A,246.07339688448002,21260.741490819073,2026-08-20T00:09:10-04:00
02336000,1996-02-19,7700,A,218.0397187584,18838.63170072576,2026-08-20T00:09:10-04:00
02336000,1996-02-20,5990,A,169.61791108608,14654.987517837313,2026-08-20T00:09:10-04:00
02336000,1996-02-21,6230,A,176.41395426816001,15242.165648769025,2026-08-20T00:09:10-04:00
02336000,1996-02-22,6690,A,189.43970370048001,16367.590399721472,2026-08-20T00:09:10-04:00
02336000,1996-02-23,6720,A,190.28920909824001,16440.987666087938,2026-08-20T00:09:10-04:00
02336000,1996-02-24,5910,A,167.35256335872,14459.261474193409,2026-08-20T00:09:10-04:00
02336000,1996-02-25,2770,A,78.43766505984,6777.0142611701758,2026-08-20T00:09:10-04:00
02336000,1996-02-26,3300,A,93.445593753600008,8073.6993003110401,2026-08-20T00:09:10-04:00
02336000,1996-02-27,3340,A,94.578267617280005,8171.5623221329924,2026-08-20T00:09:10-04:00
02336000,1996-02-28,3680,A,104.20599545856,9003.398007619584,2026-08-20T00:09:10-04:00
02336000,1996-02-29,3520,A,99.675300003840007,8611.9459203317765,2026-08-20T00:09:10-04:00
02336000,1996-03-01,3430,A,97.126783810559999,8391.7541212323849,2026-08-20T00:09:10-04:00
02336000,1996-03-02,2870,A,81.269349719040008,7021.6718157250561,2026-08-20T00:09:10-04:00
02336000,1996-03-03,1240,A,35.112889774080003,3033.7536764805122,2026-08-20T00:09:10-04:00
02336000,1996-03-04,1760,A,49.837650001920004,4305.9729601658883,2026-08-20T00:09:10-04:00
02336000,1996-03-05,3000,A,84.950539775999999,7339.7266366464,2026-08-20T00:09:10-04:00
02336000,1996-03-06,9530,A,269.85954802176002,23315.864949080064,2026-08-20T00:09:10-04:00
02336000,1996-03-07,11600,A,328.47542046720002,28380.276328366082,2026-08-20T00:09:10-04:00
02336000,1996-03-08,7480,A,211.81001250816001,18300.385080705026,2026-08-20T00:09:10-04:00
02336000,1996-03-09,9620,A,272.40806421503999,23536.056748179457,2026-08-20T00:09:10-04:00
02336000,1996-03-10,8870,A,251.17042927104001,21701.125089017856,2026-08-20T00:09:10-04:00
02336000,1996-03-11,8820,A,249.75458694144001,21578.796311740418,2026-08-20T00:09:10-04:00
02336000,1996-03-12,8740,A,247.48923921408002,21383.070268096511,2026-08-20T00:09:10-04:00
02336000,1996-03-13,8760,A,248.05557614592001,21432.001779007489,2026-08-20T00:09:10-04:00
02336000,1996-03-14,8680,A,245.79022841856002,21236.275735363586,2026-08-20T00:09:10-04:00
02336000,1996-03-15,9150,A,259.09914631679999,22386.16624177152,2026-08-20T00:09:10-04:00
02336000,1996-03-16,7220,A,204.44763239424,17664.275438862336,2026-08-20T00:09:10-04:00
02336000,1996-03-17,3230,A,91.463414492159998,7902.4390121226243,2026-08-20T00:09:10-04:00
02336000,1996-03-18,3670,A,103.92282699264,8978.932252164097,2026-08-20T00:09:10-04:00
02336000,1996-03-19,6590,A,186.60801904128002,16122.932845166593,2026-08-20T00:09:10-04:00
02336000,1996-03-20,6740,A,190.85554603008001,16489.919176998912,2026-08-20T00:09:10-04:00
02336000,1996-03-21,7400,A,209.54466478080002,18104.659037061119,2026-08-20T00:09:10-04:00
02336000,1996-03-22,7340,A,207.84565398527999,17957.864504328194,2026-08-20T00:09:10-04:00
02336000,1996-03-23,4320,A,122.32877727744,10569.206356770816,2026-08-20T00:09:10-04:00
02336000,1996-03-24,1410,A,39.926753694719999,3449.671519223808,2026-08-20T00:09:10-04:00
02336000,1996-03-25,1810,A,51.25349233152,4428.3017374433284,2026-08-20T00:09:10-04:00
02336000,1996-03-26,4270,A,120.91293494784,10446.877579493377,2026-08-20T00:09:10-04:00
02336000,1996-03-27,4110,A,116.38223949312,10055.425492205568,2026-08-20T00:09:10-04:00
02336000,1996-03-28,2790,A,79.004001991679999,6825.9457720811524,2026-08-20T00:09:10-04:00
02336000,1996-03-29,4480,A,126.85947273216,10960.658444058625,2026-08-20T00:09:10-04:00
02336000,1996-03-30,5180,A,146.68126534656,12673.261325942784,2026-08-20T00:09:10-04:00
02336000,1996-03-31,1530,A,43.324775285759998,3743.260584689664,2026-08-20T00:09:10-04:00
02336000,1996-04-01,1810,A,51.25349233152,4428.3017374433284,2026-08-20T00:09:10-04:00
02336000,1996-04-02,2480,A,70.225779548160006,6067.5073529610245,2026-08-20T00:09:10-04:00
02336000,1996-04-03,2290,A,64.845578695680004,5602.6579993067526,2026-08-20T00:09:10-04:00
02336000,1996-04-04,2240,A,63.42973636608,5480.3292220293124,2026-08-20T00:09:10-04:00
02336000,1996-04-05,2360,A,66.827757957119999,5773.9182874951684,2026-08-20T00:09:10-04:00
02336000,1996-04-06,2060,A,58.332703979520005,5039.9456238305283,2026-08-20T00:09:10-04:00
02336000,1996-04-07,1420,A,40.209922160639998,3474.1372746792963,2026-08-20T00:09:10-04:00
02336000,1996-04-08,1730,A,48.988144604159999,4232.5756937994238,2026-08-20T00:09:10-04:00
02336000,1996-04-09,2700,A,76.455485798400005,6605.7539729817599,2026-08-20T00:09:10-04:00
02336000,1996-04-10,3110,A,88.065392901120006,7608.8499466567682,2026-08-20T00:09:10-04:00
02336000,1996-04-11,2800,A,79.287170457599998,6850.4115275366403,2026-08-20T00:09:10-04:00
02336000,1996-04-12,2820,A,79.853507389439997,6899.343038447616,2026-08-20T00:09:10-04:00
02336000,1996-04-13,2260,A,63.996073297919999,5529.2607329402881,2026-08-20T00:09:10-04:00
02336000,1996-04-14,1370,A,38.794079831040001,3351.8084974018561,2026-08-20T00:09:10-04:00
02336000,1996-04-15,1730,A,48.988144604159999,4232.5756937994238,2026-08-20T00:09:10-04:00
02336000,1996-04-16,3140,A,88.914898298880004,7682.2472130232327,2026-08-20T00:09:10-04:00
02336000,1996-04-17,3070,A,86.932719037440009,7510.9869248348159,2026-08-20T00:09:10-04:00
02336000,1996-04-18,3890,A,110.15253324288,9517.1788721848316,2026-08-20T00:09:10-04:00
02336000,1996-04-19,3770,A,106.75451165184001,9223.5898067189755,2026-08-20T00:09:10-04:00
02336000,1996-04-20,3510,A,99.392131537920008,8587.4801648762877,2026-08-20T00:09:10-04:00
02336000,1996-04-21,3310,A,93.728762219520007,8098.165055766528,2026-08-20T00:09:10-04:00
02336000,1996-04-22,2590,A,73.340632673279998,6336.6306629713918,2026-08-20T00:09:10-04:00
02336000,1996-04-23,4390,A,124.31095653888001,10740.466644959233,2026-08-20T00:09:10-04:00
02336000,1996-04-24,4210,A,119.21392415232,10300.083046760448,2026-08-20T00:09:10-04:00
02336000,1996-04-25,3660,A,103.63965852672,8954.4664967086082,2026-08-20T00:09:10-04:00
02336000,1996-04-26,4810,A,136.20403210751999,11768.028374089728,2026-08-20T00:09:10-04:00
02336000,1996-04-27,4150,A,117.51491335680001,10153.288514027521,2026-08-20T00:09:10-04:00
02336000,1996-04-28,3000,A,84.950539775999999,7339.7266366464,2026-08-20T00:09:10-04:00
02336000,1996-04-29,3320,A,94.011930685440007,8122.6308112220158,2026-08-20T00:09:10-04:00
02336000,1996-04-30,4510,A,127.70897812992,11034.055710425087,2026-08-20T00:09:10-04:00
02336000,1996-05-01,4880,A,138.18621136896002,11939.288662278144,2026-08-20T00:09:10-04:00
02336000,1996-05-02,4420,A,125.16046193664,10813.863911325696,2026-08-20T00:09:10-04:00
02336000,1996-05-03,4040,A,114.40006023168,9884.1652040171521,2026-08-20T00:09:10-04:00
02336000,1996-05-04,5100,A,144.4159176192,12477.535282298881,2026-08-20T00:09:10-04:00
02336000,1996-05-05,1490,A,42.19210142208,3645.3975628677122,2026-08-20T00:09:10-04:00
02336000,1996-05-06,4740,A,134.22185284608,11596.768085901313,2026-08-20T00:09:10-04:00
02336000,1996-05-07,4570,A,129.40798892544001,11180.850243158016,2026-08-20T00:09:10-04:00
02336000,1996-05-08,4220,A,119.49709261824,10324.548802215937,2026-08-20T00:09:10-04:00
02336000,1996-05-09,3990,A,112.98421790208,9761.8364267397119,2026-08-20T00:09:10-04:00
02336000,1996-05-10,4030,A,114.11689176576,9859.6994485616651,2026-08-20T00:09:10-04:00
02336000,1996-05-11,3500,A,99.108963072000009,8563.0144094208008,2026-08-20T00:09:10-04:00
02336000,1996-05-12,1530,A,43.324775285759998,3743.260584689664,2026-08-20T00:09:10-04:00
02336000,1996-05-13,1560,A,44.174280683520003,3816.657851056128,2026-08-20T00:09:10-04:00
02336000,1996-05-14,2610,A,73.906969605119997,6385.5621738823684,2026-08-20T00:09:10-04:00
02336000,1996-05-15,2900,A,82.118855116800006,7095.0690820915206,2026-08-20T00:09:10-04:00
02336000,1996-05-16,2670,A,75.605980400640007,6532.3567066152964,2026-08-20T00:09:10-04:00
02336000,1996-05-17,2630,A,74.473306536959996,6434.4936847933441,2026-08-20T00:09:10-04:00
02336000,1996-05-18,2210,A,62.580230968320002,5406.9319556628479,2026-08-20T00:09:10-04:00
02336000,1996-05-19,1380,A,39.077248296960001,3376.274252857344,2026-08-20T00:09:10-04:00
02336000,1996-05-20,1890,A,53.518840058880002,4624.0277810872321,2026-08-20T00:09:10-04:00
02336000,1996-05-21,3650,A,103.3564900608,8930.0007412531195,2026-08-20T00:09:10-04:00
02336000,1996-05-22,3690,A,104.48916392448,9027.8637630750727,2026-08-20T00:09:10-04:00
02336000,1996-05-23,4080,A,115.53273409536,9982.0282258391035,2026-08-20T00:09:10-04:00
02336000,1996-05-24,3540,A,100.24163693568001,8660.8774312427522,2026-08-20T00:09:10-04:00
02336000,1996-05-25,3190,A,90.330740628480001,7804.5759903006719,2026-08-20T00:09:10-04:00
02336000,1996-05-26,1370,A,38.794079831040001,3351.8084974018561,2026-08-20T00:09:10-04:00
02336000,1996-05-27,2190,A,62.013894036480004,5358.0004447518722,2026-08-20T00:09:10-04:00
02336000,1996-05-28,4380,A,124.02778807296001,10716.000889503744,2026-08-20T00:09:10-04:00
02336000,1996-05-29,2630,A,74.473306536959996,6434.4936847933441,2026-08-20T00:09:10-04:00
02336000,1996-05-30,2340,A,66.261421025280001,5724.9867765841918,2026-08-20T00:09:10-04:00
02336000,1996-05-31,2340,A,66.261421025280001,5724.9867765841918,2026-08-20T00:09:10-04:00
02336000,1996-06-01,1750,A,49.554481536000004,4281.5072047104004,2026-08-20T00:09:10-04:00
02336000,1996-06-02,1290,A,36.528732103679999,3156.082453757952,2026-08-20T00:09:10-04:00
02336000,1996-06-03,1570,A,44.457449149440002,3841.1236065116163,2026-08-20T00:09:10-04:00
02336000,1996-06-04,3460,A,97.976289208319997,8465.1513875988476,2026-08-20T00:09:10-04:00
02336000,1996-06-05,2530,A,71.641621877760002,6189.8361302384646,2026-08-20T00:09:10-04:00
02336000,1996-06-06,3660,A,103.63965852672,8954.4664967086082,2026-08-20T00:09:10-04:00
02336000,1996-06-07,3620,A,102.50698466304,8856.6034748866568,2026-08-20T00:09:10-04:00
02336000,1996-06-08,2960,A,83.817865912320002,7241.8636148244486,2026-08-20T00:09:10-04:00
02336000,1996-06-09,2680,A,75.889148866560006,6556.8224620707842,2026-08-20T00:09:10-04:00
02336000,1996-06-10,2610,A,73.906969605119997,6385.5621738823684,2026-08-20T00:09:10-04:00
02336000,1996-06-11,3890,A,110.15253324288,9517.1788721848316,2026-08-20T00:09:10-04:00
02336000,1996-06-12,3960,A,112.13471250432001,9688.4391603732474,2026-08-20T00:09:10-04:00
02336000,1996-06-13,4550,A,128.84165199360001,11131.918732247041,2026-08-20T00:09:10-04:00
02336000,1996-06-14,4520,A,127.99214659584,11058.521465880576,2026-08-20T00:09:10-04:00
02336000,1996-06-15,3140,A,88.914898298880004,7682.2472130232327,2026-08-20T00:09:10-04:00
02336000,1996-06-16,1290,A,36.528732103679999,3156.082453757952,2026-08-20T00:09:10-04:00
02336000,1996-06-17,1540,A,43.607943751680004,3767.7263401451523,2026-08-20T00:09:10-04:00
02336000,1996-06-18,2200,A,62.297062502400003,5382.4662002073601,2026-08-20T00:09:10-04:00
02336000,1996-06-19,2400,A,67.960431820799997,5871.7813093171198,2026-08-20T00:09:10-04:00
02336000,1996-06-20,2430,A,68.809937218560009,5945.1785756835843,2026-08-20T00:09:10-04:00
02336000,1996-06-21,2320,A,65.695084093440002,5676.0552656732161,2026-08-20T00:09:10-04:00
02336000,1996-06-22,2070,A,58.615872445440004,5064.4113792860162,2026-08-20T00:09:10-04:00
02336000,1996-06-23,1240,A,35.112889774080003,3033.7536764805122,2026-08-20T00:09:10-04:00
02336000,1996-06-24,1630,A,46.156459944959998,3987.9181392445439,2026-08-20T00:09:10-04:00
02336000,1996-06-25,2600,A,73.623801139199998,6361.0964184268805,2026-08-20T00:09:10-04:00
02336000,1996-06-26,2770,A,78.43766505984,6777.0142611701758,2026-08-20T00:09:10-04:00
02336000,1996-06-27,2760,A,78.154496593920001,6752.548505714688,2026-08-20T00:09:10-04:00
02336000,1996-06-28,2550,A,72.207958809600001,6238.7676411494404,2026-08-20T00:09:10-04:00
02336000,1996-06-29,1970,A,55.784187786240004,4819.7538247311359,2026-08-20T00:09:10-04:00
02336000,1996-06-30,1230,A,34.829721308160003,3009.2879210250239,2026-08-20T00:09:10-04:00
02336000,1996-07-01,1270,A,35.962395171840001,3107.1509428469762,2026-08-20T00:09:10-04:00
02336000,1996-07-02,2630,A,74.473306536959996,6434.4936847933441,2026-08-20T00:09:10-04:00
02336000,1996-07-03,2930,A,82.968360514560004,7168.4663484579842,2026-08-20T00:09:10-04:00
02336000,1996-07-04,2860,A,80.986181253120009,6997.2060602695683,2026-08-20T00:09:10-04:00
02336000,1996-07-05,2600,A,73.623801139199998,6361.0964184268805,2026-08-20T00:09:10-04:00
02336000,1996-07-06,1530,A,43.324775285759998,3743.260584689664,2026-08-20T00:09:10-04:00
02336000,1996-07-07,1220,A,34.546552842240004,2984.8221655695361,2026-08-20T00:09:10-04:00
02336000,1996-07-08,1640,A,46.439628410880005,4012.3838947000322,2026-08-20T00:09:10-04:00
02336000,1996-07-09,3490,A,98.825794606080009,8538.548653965312,2026-08-20T00:09:10-04:00
02336000,1996-07-10,3690,A,104.48916392448,9027.8637630750727,2026-08-20T00:09:10-04:00
02336000,1996-07-11,3610,A,102.22381619712,8832.1377194311681,2026-08-20T00:09:10-04:00
02336000,1996-07-12,3420,A,96.84361534464,8367.2883657768962,2026-08-20T00:09:10-04:00
02336000,1996-07-13,2810,A,79.570338923519998,6874.8772829921281,2026-08-20T00:09:10-04:00
02336000,1996-07-14,1250,A,35.396058240000002,3058.2194319360001,2026-08-20T00:09:10-04:00
02336000,1996-07-15,1850,A,52.386166195200005,4526.1647592652798,2026-08-20T00:09:10-04:00
02336000,1996-07-16,2920,A,82.685192048640005,7144.0005930024963,2026-08-20T00:09:10-04:00
02336000,1996-07-17,3110,A,88.065392901120006,7608.8499466567682,2026-08-20T00:09:10-04:00
02336000,1996-07-18,3130,A,88.631729832960005,7657.7814575677439,2026-08-20T00:09:10-04:00
02336000,1996-07-19,2900,A,82.118855116800006,7095.0690820915206,2026-08-20T00:09:10-04:00
02336000,1996-07-20,2360,A,66.827757957119999,5773.9182874951684,2026-08-20T00:09:10-04:00
02336000,1996-07-21,1240,A,35.112889774080003,3033.7536764805122,2026-08-20T00:09:10-04:00
02336000,1996-07-22,1550,A,43.891112217600003,3792.1920956006402,2026-08-20T00:09:10-04:00
02336000,1996-07-23,1840,A,52.102997729279998,4501.699003809792,2026-08-20T00:09:10-04:00
02336000,1996-07-24,1800,A,50.970323865600001,4403.8359819878406,2026-08-20T00:09:10-04:00
02336000,1996-07-25,1960,A,55.501019320320005,4795.288069275648,2026-08-20T00:09:10-04:00
02336000,1996-07-26,1840,A,52.102997729279998,4501.699003809792,2026-08-20T00:09:10-04:00
02336000,1996-07-27,1530,A,43.324775285759998,3743.260584689664,2026-08-20T00:09:10-04:00
02336000,1996-07-28,1340,A,37.944574433280003,3278.4112310353921,2026-08-20T00:09:10-04:00
02336000,1996-07-29,1520,A,43.041606819839998,3718.7948292341762,2026-08-20T00:09:10-04:00
02336000,1996-07-30,1720,A,48.704976138239999,4208.1099383439359,2026-08-20T00:09:10-04:00
02336000,1996-07-31,2810,A,79.570338923519998,6874.8772829921281,2026-08-20T00:09:10-04:00
02336000,1996-08-01,3080,A,87.215887503360008,7535.4526802903047,2026-08-20T00:09:10-04:00
02336000,1996-08-02,2820,A,79.853507389439997,6899.343038447616,2026-08-20T00:09:10-04:00
02336000,1996-08-03,2090,A,59.182209377280003,5113.3428901969919,2026-08-20T00:09:10-04:00
02336000,1996-08-04,1240,A,35.112889774080003,3033.7536764805122,2026-08-20T00:09:10-04:00
02336000,1996-08-05,1990,A,56.350524718080003,4868.6853356421125,2026-08-20T00:09:10-04:00
02336000,1996-08-06,3890,A,110.15253324288,9517.1788721848316,2026-08-20T00:09:10-04:00
02336000,1996-08-07,3780,A,107.03768011776,9248.0555621744643,2026-08-20T00:09:10-04:00
02336000,1996-08-08,3870,A,109.58619631104,9468.2473612738559,2026-08-20T00:09:10-04:00
02336000,1996-08-09,3740,A,105.90500625408001,9150.1925403525129,2026-08-20T00:09:10-04:00
02336000,1996-08-10,3020,A,85.516876707839998,7388.6581475573767,2026-08-20T00:09:10-04:00
02336000,1996-08-11,1260,A,35.679226705920001,3082.6851873914879,2026-08-20T00:09:10-04:00
02336000,1996-08-12,2700,A,76.455485798400005,6605.7539729817599,2026-08-20T00:09:10-04:00
02336000,1996-08-13,3800,A,107.6040170496,9296.98707308544,2026-08-20T00:09:10-04:00
02336000,1996-08-14,3650,A,103.3564900608,8930.0007412531195,2026-08-20T00:09:10-04:00
02336000,1996-08-15,3510,A,99.392131537920008,8587.4801648762877,2026-08-20T00:09:10-04:00
02336000,1996-08-16,3650,A,103.3564900608,8930.0007412531195,2026-08-20T00:09:10-04:00
02336000,1996-08-17,2950,A,83.534697446400003,7217.3978593689599,2026-08-20T00:09:10-04:00
02336000,1996-08-18,1180,A,33.41387897856,2886.9591437475842,2026-08-20T00:09:10-04:00
02336000,1996-08-19,1700,A,48.138639206400001,4159.1784274329602,2026-08-20T00:09:10-04:00
02336000,1996-08-20,2960,A,83.817865912320002,7241.8636148244486,2026-08-20T00:09:10-04:00
02336000,1996-08-21,2850,A,80.703012787199995,6972.7403048140804,2026-08-20T00:09:10-04:00
02336000,1996-08-22,2920,A,82.685192048640005,7144.0005930024963,2026-08-20T00:09:10-04:00
02336000,1996-08-23,3210,A,90.89707756032,7853.5075012116486,2026-08-20T00:09:10-04:00
02336000,1996-08-24,2520,A,71.358453411840003,6165.3703747829759,2026-08-20T00:09:10-04:00
02336000,1996-08-25,1140,A,32.281205114880002,2789.0961219256319,2026-08-20T00:09:10-04:00
02336000,1996-08-26,1750,A,49.554481536000004,4281.5072047104004,2026-08-20T00:09:10-04:00
02336000,1996-08-27,2400,A,67.960431820799997,5871.7813093171198,2026-08-20T00:09:10-04:00
02336000,1996-08-28,2200,A,62.297062502400003,5382.4662002073601,2026-08-20T00:09:10-04:00
02336000,1996-08-29,2180,A,61.730725570560004,5333.5346892963844,2026-08-20T00:09:10-04:00
02336000,1996-08-30,2160,A,61.164388638719998,5284.6031783854078,2026-08-20T00:09:10-04:00
02336000,1996-08-31,1730,A,48.988144604159999,4232.5756937994238,2026-08-20T00:09:10-04:00
02336000,1996-09-01,1120,A,31.71486818304,2740.1646110146562,2026-08-20T00:09:10-04:00
02336000,1996-09-02,1320,A,37.378237501440005,3229.479720124416,2026-08-20T00:09:10-04:00
02336000,1996-09-03,1820,A,51.53666079744,4452.7674928988163,2026-08-20T00:09:10-04:00
02336000,1996-09-04,2720,A,77.021822730240004,6654.6854838927366,2026-08-20T00:09:10-04:00
02336000,1996-09-05,2520,A,71.358453411840003,6165.3703747829759,2026-08-20T00:09:10-04:00
02336000,1996-09-06,2530,A,71.641621877760002,6189.8361302384646,2026-08-20T00:09:10-04:00
02336000,1996-09-07,2070,A,58.615872445440004,5064.4113792860162,2026-08-20T00:09:10-04:00
02336000,1996-09-08,1110,A,31.431699717120001,2715.6988555591679,2026-08-20T00:09:10-04:00
02336000,1996-09-09,1900,A,53.802008524800002,4648.49353654272,2026-08-20T00:09:10-04:00
02336000,1996-09-10,2760,A,78.154496593920001,6752.548505714688,2026-08-20T00:09:10-04:00
02336000,1996-09-11,2480,A,70.225779548160006,6067.5073529610245,2026-08-20T00:09:10-04:00
02336000,1996-09-12,2120,A,60.031714775040001,5186.7401565634564,2026-08-20T00:09:10-04:00
02336000,1996-09-13,2200,A,62.297062502400003,5382.4662002073601,2026-08-20T00:09:10-04:00
02336000,1996-09-14,1670,A,47.289133808640003,4085.7811610664962,2026-08-20T00:09:10-04:00
02336000,1996-09-15,1100,A,31.148531251200001,2691.23310010368,2026-08-20T00:09:10-04:00
02336000,1996-09-16,2120,A,60.031714775040001,5186.7401565634564,2026-08-20T00:09:10-04:00
02336000,1996-09-17,4530,A,128.27531506176001,11082.987221336065,2026-08-20T00:09:10-04:00
02336000,1996-09-18,2480,A,70.225779548160006,6067.5073529610245,2026-08-20T00:09:10-04:00
02336000,1996-09-19,2600,A,73.623801139199998,6361.0964184268805,2026-08-20T00:09:10-04:00
02336000,1996-09-20,2580,A,73.057464207359999,6312.1649075159039,2026-08-20T00:09:10-04:00
02336000,1996-09-21,2030,A,57.48319858176,4966.5483574640639,2026-08-20T00:09:10-04:00
02336000,1996-09-22,1530,A,43.324775285759998,3743.260584689664,2026-08-20T00:09:10-04:00
02336000,1996-09-23,1690,A,47.855470740480001,4134.7126719774724,2026-08-20T00:09:10-04:00
02336000,1996-09-24,1780,A,50.403986933760002,4354.904471076864,2026-08-20T00:09:10-04:00
02336000,1996-09-25,1810,A,51.25349233152,4428.3017374433284,2026-08-20T00:09:10-04:00
02336000,1996-09-26,1830,A,51.819829263359999,4477.2332483543041,2026-08-20T00:09:10-04:00
02336000,1996-09-27,2190,A,62.013894036480004,5358.0004447518722,2026-08-20T00:09:10-04:00
02336000,1996-09-28,2560,A,72.49112727552,6263.2333966049282,2026-08-20T00:09:10-04:00
02336000,1996-09-29,1670,A,47.289133808640003,4085.7811610664962,2026-08-20T00:09:10-04:00
02336000,1996-09-30,1890,A,53.518840058880002,4624.0277810872321,2026-08-20T00:09:10-04:00
02336000,1996-10-01,2230,A,63.146567900160001,5455.8634665738246,2026-08-20T00:09:10-04:00
02336000,1996-10-02,1810,A,51.25349233152,4428.3017374433284,2026-08-20T00:09:10-04:00
02336000,1996-10-03,2070,A,58.615872445440004,5064.4113792860162,2026-08-20T00:09:10-04:00
02336000,1996-10-04,2220,A,62.863399434240002,5431.3977111183358,2026-08-20T00:09:10-04:00
02336000,1996-10-05,2350,A,66.5445894912,5749.4525320396806,2026-08-20T00:09:10-04:00
02336000,1996-10-06,1120,A,31.71486818304,2740.1646110146562,2026-08-20T00:09:10-04:00
02336000,1996-10-07,1440,A,40.776259092480004,3523.068785590272,2026-08-20T00:09:10-04:00
02336000,1996-10-08,2590,A,73.340632673279998,6336.6306629713918,2026-08-20T00:09:10-04:00
02336000,1996-10-09,2850,A,80.703012787199995,6972.7403048140804,2026-08-20T00:09:10-04:00
02336000,1996-10-10,2590,A,73.340632673279998,6336.6306629713918,2026-08-20T00:09:10-04:00
02336000,1996-10-11,2600,A,73.623801139199998,6361.0964184268805,2026-08-20T00:09:10-04:00
02336000,1996-10-12,1830,A,51.819829263359999,4477.2332483543041,2026-08-20T00:09:10-04:00
02336000,1996-10-13,1050,A,29.732688921600001,2568.9043228262399,2026-08-20T00:09:10-04:00
02336000,1996-10-14,1050,A,29.732688921600001,2568.9043228262399,2026-08-20T00:09:10-04:00
02336000,1996-10-15,1450,A,41.059427558400003,3547.5345410457603,2026-08-20T00:09:10-04:00
02336000,1996-10-16,1520,A,43.041606819839998,3718.7948292341762,2026-08-20T00:09:10-04:00
02336000,1996-10-17,1780,A,50.403986933760002,4354.904471076864,2026-08-20T00:09:10-04:00
02336000,1996-10-18,2150,A,60.881220172799999,5260.1374229299199,2026-08-20T00:09:10-04:00
02336000,1996-10-19,1340,A,37.944574433280003,3278.4112310353921,2026-08-20T00:09:10-04:00
02336000,1996-10-20,1050,A,29.732688921600001,2568.9043228262399,2026-08-20T00:09:10-04:00
02336000,1996-10-21,1070,A,30.29902585344,2617.835833737216,2026-08-20T00:09:10-04:00
02336000,1996-10-22,1830,A,51.819829263359999,4477.2332483543041,2026-08-20T00:09:10-04:00
02336000,1996-10-23,1610,A,45.590123013119999,3938.9866283335682,2026-08-20T00:09:10-04:00
02336000,1996-10-24,1310,A,37.095069035519998,3205.0139646689281,2026-08-20T00:09:10-04:00
02336000,1996-10-25,1510,A,42.758438353919999,3694.3290737786883,2026-08-20T00:09:10-04:00
02336000,1996-10-26,1230,A,34.829721308160003,3009.2879210250239,2026-08-20T00:09:10-04:00
02336000,1996-10-27,1110,A,31.431699717120001,2715.6988555591679,2026-08-20T00:09:10-04:00
02336000,1996-10-28,1010,A,28.60001505792,2471.041301004288,2026-08-20T00:09:10-04:00
02336000,1996-10-29,1310,A,37.095069035519998,3205.0139646689281,2026-08-20T00:09:10-04:00
02336000,1996-10-30,1650,A,46.722796876800004,4036.8496501555201,2026-08-20T00:09:10-04:00
02336000,1996-10-31,1670,A,47.289133808640003,4085.7811610664962,2026-08-20T00:09:10-04:00
02336000,1996-11-01,1640,A,46.439628410880005,4012.3838947000322,2026-08-20T00:09:10-04:00
02336000,1996-11-02,1940,A,54.934682388479999,4746.3565583646723,2026-08-20T00:09:10-04:00
02336000,1996-11-03,1100,A,31.148531251200001,2691.23310010368,2026-08-20T00:09:10-04:00
02336000,1996-11-04,1140,A,32.281205114880002,2789.0961219256319,2026-08-20T00:09:10-04:00
02336000,1996-11-05,1460,A,41.342596024320002,3572.0002965012482,2026-08-20T00:09:10-04:00
02336000,1996-11-06,1660,A,47.005965342720003,4061.3154056110079,2026-08-20T00:09:10-04:00
02336000,1996-11-07,1490,A,42.19210142208,3645.3975628677122,2026-08-20T00:09:10-04:00
02336000,1996-11-08,4800,A,135.92086364159999,11743.56261863424,2026-08-20T00:09:10-04:00
02336000,1996-11-09,2400,A,67.960431820799997,5871.7813093171198,2026-08-20T00:09:10-04:00
02336000,1996-11-10,1040,A,29.449520455680002,2544.438567370752,2026-08-20T00:09:10-04:00
02336000,1996-11-11,1310,A,37.095069035519998,3205.0139646689281,2026-08-20T00:09:10-04:00
02336000,1996-11-12,1390,A,39.36041676288,3400.7400083128323,2026-08-20T00:09:10-04:00
02336000,1996-11-13,1650,A,46.722796876800004,4036.8496501555201,2026-08-20T00:09:10-04:00
02336000,1996-11-14,1390,A,39.36041676288,3400.7400083128323,2026-08-20T00:09:10-04:00
02336000,1996-11-15,1420,A,40.209922160639998,3474.1372746792963,2026-08-20T00:09:10-04:00
02336000,1996-11-16,1300,A,36.811900569599999,3180.5482092134403,2026-08-20T00:09:10-04:00
02336000,1996-11-17,1030,A,29.166351989760003,2519.9728119152642,2026-08-20T00:09:10-04:00
02336000,1996-11-18,1130,A,31.998036648959999,2764.6303664701441,2026-08-20T00:09:10-04:00
02336000,1996-11-19,1700,A,48.138639206400001,4159.1784274329602,2026-08-20T00:09:10-04:00
02336000,1996-11-20,1160,A,32.847542046720001,2838.0276328366081,2026-08-20T00:09:10-04:00
02336000,1996-11-21,1300,A,36.811900569599999,3180.5482092134403,2026-08-20T00:09:10-04:00
02336000,1996-11-22,1610,A,45.590123013119999,3938.9866283335682,2026-08-20T00:09:10-04:00
02336000,1996-11-23,1370,A,38.794079831040001,3351.8084974018561,2026-08-20T00:09:10-04:00
02336000,1996-11-24,1030,A,29.166351989760003,2519.9728119152642,2026-08-20T00:09:10-04:00
02336000,1996-11-25,1250,A,35.396058240000002,3058.2194319360001,2026-08-20T00:09:10-04:00
02336000,1996-11-26,2050,A,58.049535513599999,5015.4798683750405,2026-08-20T00:09:10-04:00
02336000,1996-11-27,1590,A,45.023786081280001,3890.055117422592,2026-08-20T00:09:10-04:00
02336000,1996-11-28,1400,A,39.643585228799999,3425.2057637683201,2026-08-20T00:09:10-04:00
02336000,1996-11-29,1430,A,40.493090626560004,3498.6030301347841,2026-08-20T00:09:10-04:00
02336000,1996-11-30,1390,A,39.36041676288,3400.7400083128323,2026-08-20T00:09:10-04:00
02336000,1996-12-01,3670,A,103.92282699264,8978.932252164097,2026-08-20T00:09:10-04:00
02336000,1996-12-02,3000,A,84.950539775999999,7339.7266366464,2026-08-20T00:09:10-04:00
02336000,1996-12-03,1260,A,35.679226705920001,3082.6851873914879,2026-08-20T00:09:10-04:00
02336000,1996-12-04,1360,A,38.510911365120002,3327.3427419463683,2026-08-20T00:09:10-04:00
02336000,1996-12-05,1270,A,35.962395171840001,3107.1509428469762,2026-08-20T00:09:10-04:00
02336000,1996-12-06,1250,A,35.396058240000002,3058.2194319360001,2026-08-20T00:09:10-04:00
02336000,1996-12-07,1100,A,31.148531251200001,2691.23310010368,2026-08-20T00:09:10-04:00
02336000,1996-12-08,1040,A,29.449520455680002,2544.438567370752,2026-08-20T00:09:10-04:00
02336000,1996-12-09,1030,A,29.166351989760003,2519.9728119152642,2026-08-20T00:09:10-04:00
02336000,1996-12-10,1060,A,30.015857387520001,2593.3700782817282,2026-08-20T00:09:10-04:00
02336000,1996-12-11,1150,A,32.564373580800002,2813.5618773811202,2026-08-20T00:09:10-04:00
02336000,1996-12-12,1500,A,42.475269888,3669.8633183232,2026-08-20T00:09:10-04:00
02336000,1996-12-13,2240,A,63.42973636608,5480.3292220293124,2026-08-20T00:09:10-04:00
02336000,1996-12-14,1440,A,40.776259092480004,3523.068785590272,2026-08-20T00:09:10-04:00
02336000,1996-12-15,1050,A,29.732688921600001,2568.9043228262399,2026-08-20T00:09:10-04:00
02336000,1996-12-16,1010,A,28.60001505792,2471.041301004288,2026-08-20T00:09:10-04:00
02336000,1996-12-17,1380,A,39.077248296960001,3376.274252857344,2026-08-20T00:09:10-04:00
02336000,1996-12-18,1350,A,38.227742899200003,3302.87698649088,2026-08-20T00:09:10-04:00
02336000,1996-12-19,1470,A,41.625764490240002,3596.466051956736,2026-08-20T00:09:10-04:00
02336000,1996-12-20,2140,A,60.59805170688,5235.6716674744321,2026-08-20T00:09:10-04:00
02336000,1996-12-21,1430,A,40.493090626560004,3498.6030301347841,2026-08-20T00:09:10-04:00
02336000,1996-12-22,1040,A,29.449520455680002,2544.438567370752,2026-08-20T00:09:10-04:00
02336000,1996-12-23,1020,A,28.88318352384,2495.5070564597759,2026-08-20T00:09:10-04:00
02336000,1996-12-24,1090,A,30.865362785280002,2666.7673446481922,2026-08-20T00:09:10-04:00
02336000,1996-12-25,1040,A,29.449520455680002,2544.438567370752,2026-08-20T00:09:10-04:00
02336000,1996-12-26,1410,A,39.926753694719999,3449.671519223808,2026-08-20T00:09:10-04:00
02336000,1996-12-27,1860,A,52.669334661120004,4550.6305147207686,2026-08-20T00:09:10-04:00
02336000,1996-12-28,1890,A,53.518840058880002,4624.0277810872321,2026-08-20T00:09:10-04:00
02336000,1996-12-29,1080,A,30.582194319359999,2642.3015891927039,2026-08-20T00:09:10-04:00
02336000,1996-12-30,1050,A,29.732688921600001,2568.9043228262399,2026-08-20T00:09:10-04:00
02336000,1996-12-31,1050,A,29.732688921600001,2568.9043228262399,2026-08-20T00:09:10-04:00
02336000,1997-01-01,1290,A,36.528732103679999,3156.082453757952,2026-08-20T00:09:10-04:00
02336000,1997-01-02,1160,A,32.847542046720001,2838.0276328366081,2026-08-20T00:09:10-04:00
02336000,1997-01-03,1070,A,30.29902585344,2617.835833737216,2026-08-20T00:09:10-04:00
02336000,1997-01-04,1120,A,31.71486818304,2740.1646110146562,2026-08-20T00:09:10-04:00
02336000,1997-01-05,1520,A,43.041606819839998,3718.7948292341762,2026-08-20T00:09:10-04:00
02336000,1997-01-06,1490,A,42.19210142208,3645.3975628677122,2026-08-20T00:09:10-04:00
02336000,1997-01-07,1600,A,45.3069545472,3914.5208728780799,2026-08-20T00:09:10-04:00
02336000,1997-01-08,1780,A,50.403986933760002,4354.904471076864,2026-08-20T00:09:10-04:00
02336000,1997-01-09,5620,A,159.14067784704,13749.754565984256,2026-08-20T00:09:10-04:00
02336000,1997-01-10,3280,A,92.879256821760009,8024.7677894000644,2026-08-20T00:09:10-04:00
02336000,1997-01-11,1730,A,48.988144604159999,4232.5756937994238,2026-08-20T00:09:10-04:00
02336000,1997-01-12,1150,A,32.564373580800002,2813.5618773811202,2026-08-20T00:09:10-04:00
02336000,1997-01-13,1060,A,30.015857387520001,2593.3700782817282,2026-08-20T00:09:10-04:00
02336000,1997-01-14,1220,A,34.546552842240004,2984.8221655695361,2026-08-20T00:09:10-04:00
02336000,1997-01-15,1290,A,36.528732103679999,3156.082453757952,2026-08-20T00:09:10-04:00
02336000,1997-01-16,3560,A,100.80797386752,8709.8089421537279,2026-08-20T00:09:10-04:00
02336000,1997-01-17,2200,A,62.297062502400003,5382.4662002073601,2026-08-20T00:09:10-04:00
02336000,1997-01-18,1480,A,41.908932956160001,3620.9318074122243,2026-08-20T00:09:10-04:00
02336000,1997-01-19,1080,A,30.582194319359999,2642.3015891927039,2026-08-20T00:09:10-04:00
02336000,1997-01-20,1220,A,34.546552842240004,2984.8221655695361,2026-08-20T00:09:10-04:00
02336000,1997-01-21,1480,A,41.908932956160001,3620.9318074122243,2026-08-20T00:09:10-04:00
02336000,1997-01-22,1560,A,44.174280683520003,3816.657851056128,2026-08-20T00:09:10-04:00
02336000,1997-01-23,1430,A,40.493090626560004,3498.6030301347841,2026-08-20T00:09:10-04:00
02336000,1997-01-24,1890,A,53.518840058880002,4624.0277810872321,2026-08-20T00:09:10-04:00
02336000,1997-01-25,3030,A,85.800045173759997,7413.1239030128645,2026-08-20T00:09:10-04:00
02336000,1997-01-26,1970,A,55.784187786240004,4819.7538247311359,2026-08-20T00:09:10-04:00
02336000,1997-01-27,1700,A,48.138639206400001,4159.1784274329602,2026-08-20T00:09:10-04:00
02336000,1997-01-28,2650,A,75.039643468800008,6483.4251957043198,2026-08-20T00:09:10-04:00
02336000,1997-01-29,2350,A,66.5445894912,5749.4525320396806,2026-08-20T00:09:10-04:00
02336000,1997-01-30,2050,A,58.049535513599999,5015.4798683750405,2026-08-20T00:09:10-04:00
02336000,1997-01-31,1850,A,52.386166195200005,4526.1647592652798,2026-08-20T00:09:10-04:00
02336000,1997-02-01,1350,A,38.227742899200003,3302.87698649088,2026-08-20T00:09:10-04:00
02336000,1997-02-02,1080,A,30.582194319359999,2642.3015891927039,2026-08-20T00:09:10-04:00
02336000,1997-02-03,2000,A,56.633693184000002,4893.1510910976003,2026-08-20T00:09:10-04:00
02336000,1997-02-04,3350,A,94.861436083200005,8196.0280775884803,2026-08-20T00:09:10-04:00
02336000,1997-02-05,2700,A,76.455485798400005,6605.7539729817599,2026-08-20T00:09:10-04:00
02336000,1997-02-06,2520,A,71.358453411840003,6165.3703747829759,2026-08-20T00:09:10-04:00
02336000,1997-02-07,2220,A,62.863399434240002,5431.3977111183358,2026-08-20T00:09:10-04:00
02336000,1997-02-08,3130,A,88.631729832960005,7657.7814575677439,2026-08-20T00:09:10-04:00
02336000,1997-02-09,1470,A,41.625764490240002,3596.466051956736,2026-08-20T00:09:10-04:00
02336000,1997-02-10,2040,A,57.766367047679999,4991.0141129195517,2026-08-20T00:09:10-04:00
02336000,1997-02-11,1910,A,54.085176990720001,4672.9592919982078,2026-08-20T00:09:10-04:00
02336000,1997-02-12,2580,A,73.057464207359999,6312.1649075159039,2026-08-20T00:09:10-04:00
02336000,1997-02-13,3180,A,90.047572162560002,7780.1102348451841,2026-08-20T00:09:10-04:00
02336000,1997-02-14,3840,A,108.73669091328,9394.8500949073932,2026-08-20T00:09:10-04:00
02336000,1997-02-15,4030,A,114.11689176576,9859.6994485616651,2026-08-20T00:09:10-04:00
02336000,1997-02-16,1700,A,48.138639206400001,4159.1784274329602,2026-08-20T00:09:10-04:00
02336000,1997-02-17,1790,A,50.687155399680002,4379.3702265323518,2026-08-20T00:09:10-04:00
02336000,1997-02-18,2460,A,69.659442616320007,6018.5758420500479,2026-08-20T00:09:10-04:00
02336000,1997-02-19,2750,A,77.871328128000002,6728.0827502592001,2026-08-20T00:09:10-04:00
02336000,1997-02-20,2490,A,70.508948014080005,6091.9731084165123,2026-08-20T00:09:10-04:00
02336000,1997-02-21,2640,A,74.756475002880009,6458.9594402488319,2026-08-20T00:09:10-04:00
02336000,1997-02-22,2520,A,71.358453411840003,6165.3703747829759,2026-08-20T00:09:10-04:00
02336000,1997-02-23,1220,A,34.546552842240004,2984.8221655695361,2026-08-20T00:09:10-04:00
02336000,1997-02-24,2010,A,56.916861649920001,4917.6168465530882,2026-08-20T00:09:10-04:00
02336000,1997-02-25,2490,A,70.508948014080005,6091.9731084165123,2026-08-20T00:09:10-04:00
02336000,1997-02-26,2620,A,74.190138071039996,6410.0279293378562,2026-08-20T00:09:10-04:00
02336000,1997-02-27,3650,A,103.3564900608,8930.0007412531195,2026-08-20T00:09:10-04:00
02336000,1997-02-28,11700,A,331.30710512640002,28624.933882920959,2026-08-20T00:09:10-04:00
02336000,1997-03-01,9760,A,276.37242273792003,23878.577324556289,2026-08-20T00:09:10-04:00
02336000,1997-03-02,4480,A,126.85947273216,10960.658444058625,2026-08-20T00:09:10-04:00
02336000,1997-03-03,2610,A,73.906969605119997,6385.5621738823684,2026-08-20T00:09:10-04:00
02336000,1997-03-04,4020,A,113.83372329984,9835.2336931061764,2026-08-20T00:09:10-04:00
02336000,1997-03-05,5610,A,158.85750938112,13725.288810528769,2026-08-20T00:09:10-04:00
02336000,1997-03-06,5810,A,164.52087869952001,14214.603919638528,2026-08-20T00:09:10-04:00
02336000,1997-03-07,5460,A,154.60998239232001,13358.302478696449,2026-08-20T00:09:10-04:00
02336000,1997-03-08,5010,A,141.86740142592001,12257.343483199489,2026-08-20T00:09:10-04:00
02336000,1997-03-09,2860,A,80.986181253120009,6997.2060602695683,2026-08-20T00:09:10-04:00
02336000,1997-03-10,3450,A,97.693120742399998,8440.6856321433606,2026-08-20T00:09:10-04:00
02336000,1997-03-11,3320,A,94.011930685440007,8122.6308112220158,2026-08-20T00:09:10-04:00
02336000,1997-03-12,3000,A,84.950539775999999,7339.7266366464,2026-08-20T00:09:10-04:00
02336000,1997-03-13,3230,A,91.463414492159998,7902.4390121226243,2026-08-20T00:09:10-04:00
02336000,1997-03-14,4390,A,124.31095653888001,10740.466644959233,2026-08-20T00:09:10-04:00
02336000,1997-03-15,3640,A,103.07332159488,8905.5349857976325,2026-08-20T00:09:10-04:00
02336000,1997-03-16,1330,A,37.661405967360004,3253.9454755799043,2026-08-20T00:09:10-04:00
02336000,1997-03-17,2300,A,65.128747161600003,5627.1237547622404,2026-08-20T00:09:10-04:00
02336000,1997-03-18,5980,A,169.33474262016,14630.521762381824,2026-08-20T00:09:10-04:00
02336000,1997-03-19,5750,A,162.82186790400002,14067.809386905601,2026-08-20T00:09:10-04:00
02336000,1997-03-20,5390,A,152.62780313088001,13187.042190508033,2026-08-20T00:09:10-04:00
02336000,1997-03-21,5550,A,157.1584985856,13578.49427779584,2026-08-20T00:09:10-04:00
02336000,1997-03-22,4380,A,124.02778807296001,10716.000889503744,2026-08-20T00:09:10-04:00
02336000,1997-03-23,1190,A,33.697047444479999,2911.4248992030721,2026-08-20T00:09:10-04:00
02336000,1997-03-24,2260,A,63.996073297919999,5529.2607329402881,2026-08-20T00:09:10-04:00
02336000,1997-03-25,4590,A,129.97432585728001,11229.781754068992,2026-08-20T00:09:10-04:00
02336000,1997-03-26,4320,A,122.32877727744,10569.206356770816,2026-08-20T00:09:10-04:00
02336000,1997-03-27,4290,A,121.47927187968,10495.809090404353,2026-08-20T00:09:10-04:00
02336000,1997-03-28,4040,A,114.40006023168,9884.1652040171521,2026-08-20T00:09:10-04:00
02336000,1997-03-29,3070,A,86.932719037440009,7510.9869248348159,2026-08-20T00:09:10-04:00
02336000,1997-03-30,1190,A,33.697047444479999,2911.4248992030721,2026-08-20T00:09:10-04:00
02336000,1997-03-31,1300,A,36.811900569599999,3180.5482092134403,2026-08-20T00:09:10-04:00
02336000,1997-04-01,2180,A,61.730725570560004,5333.5346892963844,2026-08-20T00:09:10-04:00
02336000,1997-04-02,2340,A,66.261421025280001,5724.9867765841918,2026-08-20T00:09:10-04:00
02336000,1997-04-03,2330,A,65.978252559360001,5700.521021128704,2026-08-20T00:09:10-04:00
02336000,1997-04-04,2010,A,56.916861649920001,4917.6168465530882,2026-08-20T00:09:10-04:00
02336000,1997-04-05,1150,A,32.564373580800002,2813.5618773811202,2026-08-20T00:09:10-04:00
02336000,1997-04-06,2490,A,70.508948014080005,6091.9731084165123,2026-08-20T00:09:10-04:00
02336000,1997-04-07,2240,A,63.42973636608,5480.3292220293124,2026-08-20T00:09:10-04:00
02336000,1997-04-08,2760,A,78.154496593920001,6752.548505714688,2026-08-20T00:09:10-04:00
02336000,1997-04-09,3080,A,87.215887503360008,7535.4526802903047,2026-08-20T00:09:10-04:00
02336000,1997-04-10,3120,A,88.348561367040006,7633.3157021122561,2026-08-20T00:09:10-04:00
02336000,1997-04-11,2930,A,82.968360514560004,7168.4663484579842,2026-08-20T00:09:10-04:00
02336000,1997-04-12,2960,A,83.817865912320002,7241.8636148244486,2026-08-20T00:09:10-04:00
02336000,1997-04-13,1260,A,35.679226705920001,3082.6851873914879,2026-08-20T00:09:10-04:00
02336000,1997-04-14,1570,A,44.457449149440002,3841.1236065116163,2026-08-20T00:09:10-04:00
02336000,1997-04-15,2150,A,60.881220172799999,5260.1374229299199,2026-08-20T00:09:10-04:00
02336000,1997-04-16,3510,A,99.392131537920008,8587.4801648762877,2026-08-20T00:09:10-04:00
02336000,1997-04-17,3170,A,89.764403696640002,7755.6444793896962,2026-08-20T00:09:10-04:00
02336000,1997-04-18,3480,A,98.542626140159996,8514.0828985098251,2026-08-20T00:09:10-04:00
02336000,1997-04-19,2380,A,67.394094888959998,5822.8497984061441,2026-08-20T00:09:10-04:00
02336000,1997-04-20,1230,A,34.829721308160003,3009.2879210250239,2026-08-20T00:09:10-04:00
02336000,1997-04-21,1610,A,45.590123013119999,3938.9866283335682,2026-08-20T00:09:10-04:00
02336000,1997-04-22,3240,A,91.746582958079998,7926.9047675781121,2026-08-20T00:09:10-04:00
02336000,1997-04-23,4040,A,114.40006023168,9884.1652040171521,2026-08-20T00:09:10-04:00
02336000,1997-04-24,3770,A,106.75451165184001,9223.5898067189755,2026-08-20T00:09:10-04:00
02336000,1997-04-25,2860,A,80.986181253120009,6997.2060602695683,2026-08-20T00:09:10-04:00
02336000,1997-04-26,2420,A,68.526768752639995,5920.7128202280965,2026-08-20T00:09:10-04:00
02336000,1997-04-27,2100,A,59.465377843200002,5137.8086456524798,2026-08-20T00:09:10-04:00
02336000,1997-04-28,5850,A,165.65355256320001,14312.46694146048,2026-08-20T00:09:10-04:00
02336000,1997-04-29,6140,A,173.86543807488002,15021.973849669632,2026-08-20T00:09:10-04:00
02336000,1997-04-30,2880,A,81.552518184960007,7046.137571180544,2026-08-20T00:09:10-04:00
02336000,1997-05-01,3790,A,107.32084858368,9272.521317629953,2026-08-20T00:09:10-04:00
02336000,1997-05-02,3630,A,102.79015312896,8881.0692303421438,2026-08-20T00:09:10-04:00
02336000,1997-05-03,7450,A,210.96050711040002,18226.987814338561,2026-08-20T00:09:10-04:00
02336000,1997-05-04,3510,A,99.392131537920008,8587.4801648762877,2026-08-20T00:09:10-04:00
02336000,1997-05-05,2550,A,72.207958809600001,6238.7676411494404,2026-08-20T00:09:10-04:00
02336000,1997-05-06,3310,A,93.728762219520007,8098.165055766528,2026-08-20T00:09:10-04:00
02336000,1997-05-07,3240,A,91.746582958079998,7926.9047675781121,2026-08-20T00:09:10-04:00
02336000,1997-05-08,3550,A,100.52480540160001,8685.343186698241,2026-08-20T00:09:10-04:00
02336000,1997-05-09,4160,A,117.79808182272001,10177.754269483008,2026-08-20T00:09:10-04:00
02336000,1997-05-10,3120,A,88.348561367040006,7633.3157021122561,2026-08-20T00:09:10-04:00
02336000,1997-05-11,1120,A,31.71486818304,2740.1646110146562,2026-08-20T00:09:10-04:00
02336000,1997-05-12,1370,A,38.794079831040001,3351.8084974018561,2026-08-20T00:09:10-04:00
02336000,1997-05-13,3260,A,92.312919889919996,7975.8362784890878,2026-08-20T00:09:10-04:00
02336000,1997-05-14,3080,A,87.215887503360008,7535.4526802903047,2026-08-20T00:09:10-04:00
02336000,1997-05-15,3440,A,97.409952276479999,8416.2198766878719,2026-08-20T00:09:10-04:00
02336000,1997-05-16,3030,A,85.800045173759997,7413.1239030128645,2026-08-20T00:09:10-04:00
02336000,1997-05-17,2340,A,66.261421025280001,5724.9867765841918,2026-08-20T00:09:10-04:00
02336000,1997-05-18,1070,A,30.29902585344,2617.835833737216,2026-08-20T00:09:10-04:00
02336000,1997-05-19,1410,A,39.926753694719999,3449.671519223808,2026-08-20T00:09:10-04:00
02336000,1997-05-20,3100,A,87.782224435200007,7584.3841912012804,2026-08-20T00:09:10-04:00
02336000,1997-05-21,3170,A,89.764403696640002,7755.6444793896962,2026-08-20T00:09:10-04:00
02336000,1997-05-22,2240,A,63.42973636608,5480.3292220293124,2026-08-20T00:09:10-04:00
02336000,1997-05-23,1450,A,41.059427558400003,3547.5345410457603,2026-08-20T00:09:10-04:00
02336000,1997-05-24,1720,A,48.704976138239999,4208.1099383439359,2026-08-20T00:09:10-04:00
02336000,1997-05-25,1390,A,39.36041676288,3400.7400083128323,2026-08-20T00:09:10-04:00
02336000,1997-05-26,1600,A,45.3069545472,3914.5208728780799,2026-08-20T00:09:10-04:00
02336000,1997-05-27,2920,A,82.685192048640005,7144.0005930024963,2026-08-20T00:09:10-04:00
02336000,1997-05-28,2700,A,76.455485798400005,6605.7539729817599,2026-08-20T00:09:10-04:00
02336000,1997-05-29,2950,A,83.534697446400003,7217.3978593689599,2026-08-20T00:09:10-04:00
02336000,1997-05-30,3180,A,90.047572162560002,7780.1102348451841,2026-08-20T00:09:10-04:00
02336000,1997-05-31,2880,A,81.552518184960007,7046.137571180544,2026-08-20T00:09:10-04:00
02336000,1997-06-01,2910,A,82.402023582720005,7119.5348375470085,2026-08-20T00:09:10-04:00
02336000,1997-06-02,2140,A,60.59805170688,5235.6716674744321,2026-08-20T00:09:10-04:00
02336000,1997-06-03,2030,A,57.48319858176,4966.5483574640639,2026-08-20T00:09:10-04:00
02336000,1997-06-04,1800,A,50.970323865600001,4403.8359819878406,2026-08-20T00:09:10-04:00
02336000,1997-06-05,3200,A,90.6139090944,7829.0417457561598,2026-08-20T00:09:10-04:00
02336000,1997-06-06,3140,A,88.914898298880004,7682.2472130232327,2026-08-20T00:09:10-04:00
02336000,1997-06-07,2070,A,58.615872445440004,5064.4113792860162,2026-08-20T00:09:10-04:00
02336000,1997-06-08,1260,A,35.679226705920001,3082.6851873914879,2026-08-20T00:09:10-04:00
02336000,1997-06-09,1320,A,37.378237501440005,3229.479720124416,2026-08-20T00:09:10-04:00
02336000,1997-06-10,2240,A,63.42973636608,5480.3292220293124,2026-08-20T00:09:10-04:00
02336000,1997-06-11,2440,A,69.093105684480008,5969.6443311390722,2026-08-20T00:09:10-04:00
02336000,1997-06-12,2780,A,78.72083352576,6801.4800166256646,2026-08-20T00:09:10-04:00
02336000,1997-06-13,2320,A,65.695084093440002,5676.0552656732161,2026-08-20T00:09:10-04:00
02336000,1997-06-14,5400,A,152.91097159680001,13211.50794596352,2026-08-20T00:09:10-04:00
02336000,1997-06-15,2380,A,67.394094888959998,5822.8497984061441,2026-08-20T00:09:10-04:00
02336000,1997-06-16,1950,A,55.217850854399998,4770.8223138201602,2026-08-20T00:09:10-04:00
02336000,1997-06-17,3570,A,101.09114233344,8734.2746976092167,2026-08-20T00:09:10-04:00
02336000,1997-06-18,4480,A,126.85947273216,10960.658444058625,2026-08-20T00:09:10-04:00
02336000,1997-06-19,4220,A,119.49709261824,10324.548802215937,2026-08-20T00:09:10-04:00
02336000,1997-06-20,4060,A,114.96639716352,9933.0967149281278,2026-08-20T00:09:10-04:00
02336000,1997-06-21,3960,A,112.13471250432001,9688.4391603732474,2026-08-20T00:09:10-04:00
02336000,1997-06-22,2570,A,72.77429574144,6287.6991520604161,2026-08-20T00:09:10-04:00
02336000,1997-06-23,2710,A,76.738654264320004,6630.2197284372478,2026-08-20T00:09:10-04:00
02336000,1997-06-24,3930,A,111.28520710656001,9615.0418940067848,2026-08-20T00:09:10-04:00
02336000,1997-06-25,3730,A,105.62183778816001,9125.7267848970241,2026-08-20T00:09:10-04:00
02336000,1997-06-26,4080,A,115.53273409536,9982.0282258391035,2026-08-20T00:09:10-04:00
02336000,1997-06-27,4660,A,131.95650511872,11401.042042257408,2026-08-20T00:09:10-04:00
02336000,1997-06-28,3470,A,98.259457674239997,8489.6171430543363,2026-08-20T00:09:10-04:00
02336000,1997-06-29,2460,A,69.659442616320007,6018.5758420500479,2026-08-20T00:09:10-04:00
02336000,1997-06-30,2570,A,72.77429574144,6287.6991520604161,2026-08-20T00:09:10-04:00
02336000,1997-07-01,3190,A,90.330740628480001,7804.5759903006719,2026-08-20T00:09:10-04:00
02336000,1997-07-02,2950,A,83.534697446400003,7217.3978593689599,2026-08-20T00:09:10-04:00
02336000,1997-07-03,2850,A,80.703012787199995,6972.7403048140804,2026-08-20T00:09:10-04:00
02336000,1997-07-04,2910,A,82.402023582720005,7119.5348375470085,2026-08-20T00:09:10-04:00
02336000,1997-07-05,2130,A,60.31488324096,5211.2059120189442,2026-08-20T00:09:10-04:00
02336000,1997-07-06,1220,A,34.546552842240004,2984.8221655695361,2026-08-20T00:09:10-04:00
02336000,1997-07-07,1260,A,35.679226705920001,3082.6851873914879,2026-08-20T00:09:10-04:00
02336000,1997-07-08,2020,A,57.200030115840001,4942.082602008576,2026-08-20T00:09:10-04:00
02336000,1997-07-09,2110,A,59.748546309120002,5162.2744011079685,2026-08-20T00:09:10-04:00
02336000,1997-07-10,2130,A,60.31488324096,5211.2059120189442,2026-08-20T00:09:10-04:00
02336000,1997-07-11,2190,A,62.013894036480004,5358.0004447518722,2026-08-20T00:09:10-04:00
02336000,1997-07-12,1670,A,47.289133808640003,4085.7811610664962,2026-08-20T00:09:10-04:00
02336000,1997-07-13,1220,A,34.546552842240004,2984.8221655695361,2026-08-20T00:09:10-04:00
02336000,1997-07-14,1390,A,39.36041676288,3400.7400083128323,2026-08-20T00:09:10-04:00
02336000,1997-07-15,1300,A,36.811900569599999,3180.5482092134403,2026-08-20T00:09:10-04:00
02336000,1997-07-16,2130,A,60.31488324096,5211.2059120189442,2026-08-20T00:09:10-04:00
02336000,1997-07-17,2540,A,71.924790343680002,6214.3018856939525,2026-08-20T00:09:10-04:00
02336000,1997-07-18,2330,A,65.978252559360001,5700.521021128704,2026-08-20T00:09:10-04:00
02336000,1997-07-19,1410,A,39.926753694719999,3449.671519223808,2026-08-20T00:09:10-04:00
02336000,1997-07-20,1070,A,30.29902585344,2617.835833737216,2026-08-20T00:09:10-04:00
02336000,1997-07-21,1190,A,33.697047444479999,2911.4248992030721,2026-08-20T00:09:10-04:00
02336000,1997-07-22,2460,A,69.659442616320007,6018.5758420500479,2026-08-20T00:09:10-04:00
02336000,1997-07-23,8700,A,246.35656535040002,21285.20724627456,2026-08-20T00:09:10-04:00
02336000,1997-07-24,5360,A,151.77829773312001,13113.644924141568,2026-08-20T00:09:10-04:00
02336000,1997-07-25,3770,A,106.75451165184001,9223.5898067189755,2026-08-20T00:09:10-04:00
02336000,1997-07-26,2040,A,57.766367047679999,4991.0141129195517,2026-08-20T00:09:10-04:00
02336000,1997-07-27,1200,A,33.980215910399998,2935.8906546585599,2026-08-20T00:09:10-04:00
02336000,1997-07-28,1160,A,32.847542046720001,2838.0276328366081,2026-08-20T00:09:10-04:00
02336000,1997-07-29,1560,A,44.174280683520003,3816.657851056128,2026-08-20T00:09:10-04:00
02336000,1997-07-30,2130,A,60.31488324096,5211.2059120189442,2026-08-20T00:09:10-04:00
02336000,1997-07-31,2800,A,79.287170457599998,6850.4115275366403,2026-08-20T00:09:10-04:00
02336000,1997-08-01,2370,A,67.110926423039999,5798.3840429506563,2026-08-20T00:09:10-04:00
02336000,1997-08-02,1450,A,41.059427558400003,3547.5345410457603,2026-08-20T00:09:10-04:00
02336000,1997-08-03,1150,A,32.564373580800002,2813.5618773811202,2026-08-20T00:09:10-04:00
02336000,1997-08-04,1080,A,30.582194319359999,2642.3015891927039,2026-08-20T00:09:10-04:00
02336000,1997-08-05,1470,A,41.625764490240002,3596.466051956736,2026-08-20T00:09:10-04:00
02336000,1997-08-06,1890,A,53.518840058880002,4624.0277810872321,2026-08-20T00:09:10-04:00
02336000,1997-08-07,1820,A,51.53666079744,4452.7674928988163,2026-08-20T00:09:10-04:00
02336000,1997-08-08,1910,A,54.085176990720001,4672.9592919982078,2026-08-20T00:09:10-04:00
02336000,1997-08-09,1610,A,45.590123013119999,3938.9866283335682,2026-08-20T00:09:10-04:00
02336000,1997-08-10,1110,A,31.431699717120001,2715.6988555591679,2026-08-20T00:09:10-04:00
02336000,1997-08-11,1510,A,42.758438353919999,3694.3290737786883,2026-08-20T00:09:10-04:00
02336000,1997-08-12,3060,A,86.649550571519995,7486.5211693793281,2026-08-20T00:09:10-04:00
02336000,1997-08-13,3140,A,88.914898298880004,7682.2472130232327,2026-08-20T00:09:10-04:00
02336000,1997-08-14,2680,A,75.889148866560006,6556.8224620707842,2026-08-20T00:09:10-04:00
02336000,1997-08-15,2770,A,78.43766505984,6777.0142611701758,2026-08-20T00:09:10-04:00
02336000,1997-08-16,2170,A,61.447557104640005,5309.0689338408965,2026-08-20T00:09:10-04:00
02336000,1997-08-17,1020,A,28.88318352384,2495.5070564597759,2026-08-20T00:09:10-04:00
02336000,1997-08-18,1580,A,44.740617615360001,3865.5893619671042,2026-08-20T00:09:10-04:00
02336000,1997-08-19,2460,A,69.659442616320007,6018.5758420500479,2026-08-20T00:09:10-04:00
02336000,1997-08-20,2790,A,79.004001991679999,6825.9457720811524,2026-08-20T00:09:10-04:00
02336000,1997-08-21,2550,A,72.207958809600001,6238.7676411494404,2026-08-20T00:09:10-04:00
02336000,1997-08-22,2300,A,65.128747161600003,5627.1237547622404,2026-08-20T00:09:10-04:00
02336000,1997-08-23,1760,A,49.837650001920004,4305.9729601658883,2026-08-20T00:09:10-04:00
02336000,1997-08-24,1040,A,29.449520455680002,2544.438567370752,2026-08-20T00:09:10-04:00
02336000,1997-08-25,1070,A,30.29902585344,2617.835833737216,2026-08-20T00:09:10-04:00
02336000,1997-08-26,1920,A,54.36834545664,4697.4250474536966,2026-08-20T00:09:10-04:00
02336000,1997-08-27,2590,A,73.340632673279998,6336.6306629713918,2026-08-20T00:09:10-04:00
02336000,1997-08-28,2540,A,71.924790343680002,6214.3018856939525,2026-08-20T00:09:10-04:00
02336000,1997-08-29,2440,A,69.093105684480008,5969.6443311390722,2026-08-20T00:09:10-04:00
02336000,1997-08-30,2580,A,73.057464207359999,6312.1649075159039,2026-08-20T00:09:10-04:00
02336000,1997-08-31,1070,A,30.29902585344,2617.835833737216,2026-08-20T00:09:10-04:00
02336000,1997-09-01,1620,A,45.873291479039999,3963.4523837890561,2026-08-20T00:09:10-04:00
02336000,1997-09-02,2580,A,73.057464207359999,6312.1649075159039,2026-08-20T00:09:10-04:00
02336000,1997-09-03,2940,A,83.251528980480003,7192.932103913472,2026-08-20T00:09:10-04:00
02336000,1997-09-04,2890,A,81.835686650880007,7070.6033266360319,2026-08-20T00:09:10-04:00
02336000,1997-09-05,3140,A,88.914898298880004,7682.2472130232327,2026-08-20T00:09:10-04:00
02336000,1997-09-06,2190,A,62.013894036480004,5358.0004447518722,2026-08-20T00:09:10-04:00
02336000,1997-09-07,1050,A,29.732688921600001,2568.9043228262399,2026-08-20T00:09:10-04:00
02336000,1997-09-08,1620,A,45.873291479039999,3963.4523837890561,2026-08-20T00:09:10-04:00
02336000,1997-09-09,3100,A,87.782224435200007,7584.3841912012804,2026-08-20T00:09:10-04:00
02336000,1997-09-10,3530,A,99.958468469760007,8636.4116757872634,2026-08-20T00:09:10-04:00
02336000,1997-09-11,3710,A,105.05550085632001,9076.7952739860484,2026-08-20T00:09:10-04:00
02336000,1997-09-12,3050,A,86.366382105599996,7462.0554139238402,2026-08-20T00:09:10-04:00
02336000,1997-09-13,2500,A,70.792116480000004,6116.4388638720002,2026-08-20T00:09:10-04:00
02336000,1997-09-14,1040,A,29.449520455680002,2544.438567370752,2026-08-20T00:09:10-04:00
02336000,1997-09-15,1380,A,39.077248296960001,3376.274252857344,2026-08-20T00:09:10-04:00
02336000,1997-09-16,3300,A,93.445593753600008,8073.6993003110401,2026-08-20T00:09:10-04:00
02336000,1997-09-17,3460,A,97.976289208319997,8465.1513875988476,2026-08-20T00:09:10-04:00
02336000,1997-09-18,3480,A,98.542626140159996,8514.0828985098251,2026-08-20T00:09:10-04:00
02336000,1997-09-19,3390,A,95.994109946880002,8293.8910994104317,2026-08-20T00:09:10-04:00
02336000,1997-09-20,2590,A,73.340632673279998,6336.6306629713918,2026-08-20T00:09:10-04:00
02336000,1997-09-21,1060,A,30.015857387520001,2593.3700782817282,2026-08-20T00:09:10-04:00
02336000,1997-09-22,1510,A,42.758438353919999,3694.3290737786883,2026-08-20T00:09:10-04:00
02336000,1997-09-23,3320,A,94.011930685440007,8122.6308112220158,2026-08-20T00:09:10-04:00
02336000,1997-09-24,3910,A,110.71887017472001,9566.1103830958091,2026-08-20T00:09:10-04:00
02336000,1997-09-25,13200,A,373.78237501440003,32294.797201244161,2026-08-20T00:09:10-04:00
02336000,1997-09-26,6150,A,174.14860654080002,15046.439605125121,2026-08-20T00:09:10-04:00
02336000,1997-09-27,2630,A,74.473306536959996,6434.4936847933441,2026-08-20T00:09:10-04:00
02336000,1997-09-28,2540,A,71.924790343680002,6214.3018856939525,2026-08-20T00:09:10-04:00
02336000,1997-09-29,3170,A,89.764403696640002,7755.6444793896962,2026-08-20T00:09:10-04:00
02336000,1997-09-30,1940,A,54.934682388479999,4746.3565583646723,2026-08-20T00:09:10-04:00
02336000,1997-10-01,1610,A,45.590123013119999,3938.9866283335682,2026-08-20T00:09:10-04:00
02336000,1997-10-02,1690,A,47.855470740480001,4134.7126719774724,2026-08-20T00:09:10-04:00
02336000,1997-10-03,1560,A,44.174280683520003,3816.657851056128,2026-08-20T00:09:10-04:00
02336000,1997-10-04,1590,A,45.023786081280001,3890.055117422592,2026-08-20T00:09:10-04:00
02336000,1997-10-05,1040,A,29.449520455680002,2544.438567370752,2026-08-20T00:09:10-04:00
02336000,1997-10-06,1160,A,32.847542046720001,2838.0276328366081,2026-08-20T00:09:10-04:00
02336000,1997-10-07,1760,A,49.837650001920004,4305.9729601658883,2026-08-20T00:09:10-04:00
02336000,1997-10-08,2300,A,65.128747161600003,5627.1237547622404,2026-08-20T00:09:10-04:00
02336000,1997-10-09,2850,A,80.703012787199995,6972.7403048140804,2026-08-20T00:09:10-04:00
02336000,1997-10-10,2130,A,60.31488324096,5211.2059120189442,2026-08-20T00:09:10-04:00
02336000,1997-10-11,1500,A,42.475269888,3669.8633183232,2026-08-20T00:09:10-04:00
02336000,1997-10-12,1090,A,30.865362785280002,2666.7673446481922,2026-08-20T00:09:10-04:00
02336000,1997-10-13,1210,A,34.263384376319998,2960.3564101140482,2026-08-20T00:09:10-04:00
02336000,1997-10-14,1770,A,50.120818467840003,4330.4387156213761,2026-08-20T00:09:10-04:00
02336000,1997-10-15,1810,A,51.25349233152,4428.3017374433284,2026-08-20T00:09:10-04:00
02336000,1997-10-16,2060,A,58.332703979520005,5039.9456238305283,2026-08-20T00:09:10-04:00
02336000,1997-10-17,1500,A,42.475269888,3669.8633183232,2026-08-20T00:09:10-04:00
02336000,1997-10-18,1390,A,39.36041676288,3400.7400083128323,2026-08-20T00:09:10-04:00
02336000,1997-10-19,1140,A,32.281205114880002,2789.0961219256319,2026-08-20T00:09:10-04:00
02336000,1997-10-20,1210,A,34.263384376319998,2960.3564101140482,2026-08-20T00:09:10-04:00
02336000,1997-10-21,3090,A,87.499055969280008,7559.9184357457925,2026-08-20T00:09:10-04:00
02336000,1997-10-22,3160,A,89.481235230720003,7731.1787239342084,2026-08-20T00:09:10-04:00
02336000,1997-10-23,3490,A,98.825794606080009,8538.548653965312,2026-08-20T00:09:10-04:00
02336000,1997-10-24,3920,A,111.00203864064001,9590.576138551296,2026-08-20T00:09:10-04:00
02336000,1997-10-25,3450,A,97.693120742399998,8440.6856321433606,2026-08-20T00:09:10-04:00
02336000,1997-10-26,7440,A,210.67733864448002,18202.522058883074,2026-08-20T00:09:10-04:00
02336000,1997-10-27,5530,A,156.59216165376,13529.562766884865,2026-08-20T00:09:10-04:00
02336000,1997-10-28,5720,A,161.97236250624002,13994.412120539137,2026-08-20T00:09:10-04:00
02336000,1997-10-29,2010,A,56.916861649920001,4917.6168465530882,2026-08-20T00:09:10-04:00
02336000,1997-10-30,1890,A,53.518840058880002,4624.0277810872321,2026-08-20T00:09:10-04:00
02336000,1997-10-31,2040,A,57.766367047679999,4991.0141129195517,2026-08-20T00:09:10-04:00
02336000,1997-11-01,1730,A,48.988144604159999,4232.5756937994238,2026-08-20T00:09:10-04:00
02336000,1997-11-02,1170,A,33.13071051264,2862.4933882920959,2026-08-20T00:09:10-04:00
02336000,1997-11-03,1150,A,32.564373580800002,2813.5618773811202,2026-08-20T00:09:10-04:00
02336000,1997-11-04,1750,A,49.554481536000004,4281.5072047104004,2026-08-20T00:09:10-04:00
02336000,1997-11-05,1770,A,50.120818467840003,4330.4387156213761,2026-08-20T00:09:10-04:00
02336000,1997-11-06,1980,A,56.067356252160003,4844.2195801866237,2026-08-20T00:09:10-04:00
02336000,1997-11-07,1730,A,48.988144604159999,4232.5756937994238,2026-08-20T00:09:10-04:00
02336000,1997-11-08,1390,A,39.36041676288,3400.7400083128323,2026-08-20T00:09:10-04:00
02336000,1997-11-09,1080,A,30.582194319359999,2642.3015891927039,2026-08-20T00:09:10-04:00
02336000,1997-11-10,1150,A,32.564373580800002,2813.5618773811202,2026-08-20T00:09:10-04:00
02336000,1997-11-11,1620,A,45.873291479039999,3963.4523837890561,2026-08-20T00:09:10-04:00
02336000,1997-11-12,1750,A,49.554481536000004,4281.5072047104004,2026-08-20T00:09:10-04:00
02336000,1997-11-13,2300,A,65.128747161600003,5627.1237547622404,2026-08-20T00:09:10-04:00
02336000,1997-11-14,2050,A,58.049535513599999,5015.4798683750405,2026-08-20T00:09:10-04:00
02336000,1997-11-15,1700,A,48.138639206400001,4159.1784274329602,2026-08-20T00:09:10-04:00
02336000,1997-11-16,1130,A,31.998036648959999,2764.6303664701441,2026-08-20T00:09:10-04:00
02336000,1997-11-17,1100,A,31.148531251200001,2691.23310010368,2026-08-20T00:09:10-04:00
02336000,1997-11-18,1720,A,48.704976138239999,4208.1099383439359,2026-08-20T00:09:10-04:00
02336000,1997-11-19,3190,A,90.330740628480001,7804.5759903006719,2026-08-20T00:09:10-04:00
02336000,1997-11-20,3960,A,112.13471250432001,9688.4391603732474,2026-08-20T00:09:10-04:00
02336000,1997-11-21,1390,A,39.36041676288,3400.7400083128323,2026-08-20T00:09:10-04:00
02336000,1997-11-22,3360,A,95.144604549120004,8220.4938330439691,2026-08-20T00:09:10-04:00
02336000,1997-11-23,1640,A,46.439628410880005,4012.3838947000322,2026-08-20T00:09:10-04:00
02336000,1997-11-24,1440,A,40.776259092480004,3523.068785590272,2026-08-20T00:09:10-04:00
02336000,1997-11-25,1620,A,45.873291479039999,3963.4523837890561,2026-08-20T00:09:10-04:00
02336000,1997-11-26,1480,A,41.908932956160001,3620.9318074122243,2026-08-20T00:09:10-04:00
02336000,1997-11-27,1500,A,42.475269888,3669.8633183232,2026-08-20T00:09:10-04:00
02336000,1997-11-28,1280,A,36.24556363776,3131.6166983024641,2026-08-20T00:09:10-04:00
02336000,1997-11-29,1240,A,35.112889774080003,3033.7536764805122,2026-08-20T00:09:10-04:00
02336000,1997-11-30,1190,A,33.697047444479999,2911.4248992030721,2026-08-20T00:09:10-04:00
02336000,1997-12-01,1170,A,33.13071051264,2862.4933882920959,2026-08-20T00:09:10-04:00
02336000,1997-12-02,1550,A,43.891112217600003,3792.1920956006402,2026-08-20T00:09:10-04:00
02336000,1997-12-03,1530,A,43.324775285759998,3743.260584689664,2026-08-20T00:09:10-04:00
02336000,1997-12-04,2140,A,60.59805170688,5235.6716674744321,2026-08-20T00:09:10-04:00
02336000,1997-12-05,1550,A,43.891112217600003,3792.1920956006402,2026-08-20T00:09:10-04:00
02336000,1997-12-06,1320,A,37.378237501440005,3229.479720124416,2026-08-20T00:09:10-04:00
02336000,1997-12-07,1130,A,31.998036648959999,2764.6303664701441,2026-08-20T00:09:10-04:00
02336000,1997-12-08,1230,A,34.829721308160003,3009.2879210250239,2026-08-20T00:09:10-04:00
02336000,1997-12-09,1570,A,44.457449149440002,3841.1236065116163,2026-08-20T00:09:10-04:00
02336000,1997-12-10,1520,A,43.041606819839998,3718.7948292341762,2026-08-20T00:09:10-04:00
02336000,1997-12-11,1330,A,37.661405967360004,3253.9454755799043,2026-08-20T00:09:10-04:00
02336000,1997-12-12,1190,A,33.697047444479999,2911.4248992030721,2026-08-20T00:09:10-04:00
02336000,1997-12-13,1180,A,33.41387897856,2886.9591437475842,2026-08-20T00:09:10-04:00
02336000,1997-12-14,1100,A,31.148531251200001,2691.23310010368,2026-08-20T00:09:10-04:00
02336000,1997-12-15,1300,A,36.811900569599999,3180.5482092134403,2026-08-20T00:09:10-04:00
02336000,1997-12-16,2310,A,65.411915627520003,5651.5895102177283,2026-08-20T00:09:10-04:00
02336000,1997-12-17,2070,A,58.615872445440004,5064.4113792860162,2026-08-20T00:09:10-04:00
02336000,1997-12-18,1990,A,56.350524718080003,4868.6853356421125,2026-08-20T00:09:10-04:00
02336000,1997-12-19,2330,A,65.978252559360001,5700.521021128704,2026-08-20T00:09:10-04:00
02336000,1997-12-20,1680,A,47.572302274560002,4110.2469165219845,2026-08-20T00:09:10-04:00
02336000,1997-12-21,1140,A,32.281205114880002,2789.0961219256319,2026-08-20T00:09:10-04:00
02336000,1997-12-22,1970,A,55.784187786240004,4819.7538247311359,2026-08-20T00:09:10-04:00
02336000,1997-12-23,2120,A,60.031714775040001,5186.7401565634564,2026-08-20T00:09:10-04:00
02336000,1997-12-24,5380,A,152.34463466496001,13162.576435052544,2026-08-20T00:09:10-04:00
02336000,1997-12-25,4940,A,139.88522216448001,12086.083195011073,2026-08-20T00:09:10-04:00
02336000,1997-12-26,2630,A,74.473306536959996,6434.4936847933441,2026-08-20T00:09:10-04:00
02336000,1997-12-27,3030,A,85.800045173759997,7413.1239030128645,2026-08-20T00:09:10-04:00
02336000,1997-12-28,2400,A,67.960431820799997,5871.7813093171198,2026-08-20T00:09:10-04:00
02336000,1997-12-29,2170,A,61.447557104640005,5309.0689338408965,2026-08-20T00:09:10-04:00
02336000,1997-12-30,2100,A,59.465377843200002,5137.8086456524798,2026-08-20T00:09:10-04:00
02336000,1997-12-31,2490,A,70.508948014080005,6091.9731084165123,2026-08-20T00:09:10-04:00
02336000,1998-01-01,2450,A,69.376274150400008,5994.11008659456,2026-08-20T00:09:10-04:00
02336000,1998-01-02,1940,A,54.934682388479999,4746.3565583646723,2026-08-20T00:09:10-04:00
02336000,1998-01-03,1520,A,43.041606819839998,3718.7948292341762,2026-08-20T00:09:10-04:00
02336000,1998-01-04,1070,A,30.29902585344,2617.835833737216,2026-08-20T00:09:10-04:00
02336000,1998-01-05,1180,A,33.41387897856,2886.9591437475842,2026-08-20T00:09:10-04:00
02336000,1998-01-06,2390,A,67.677263354879997,5847.315553861632,2026-08-20T00:09:10-04:00
02336000,1998-01-07,6080,A,172.16642727935999,14875.179316936705,2026-08-20T00:09:10-04:00
02336000,1998-01-08,5500,A,155.742656256,13456.1655005184,2026-08-20T00:09:10-04:00
02336000,1998-01-09,5730,A,162.25553097216002,14018.877875994625,2026-08-20T00:09:10-04:00
02336000,1998-01-10,4320,A,122.32877727744,10569.206356770816,2026-08-20T00:09:10-04:00
02336000,1998-01-11,3060,A,86.649550571519995,7486.5211693793281,2026-08-20T00:09:10-04:00
02336000,1998-01-12,2780,A,78.72083352576,6801.4800166256646,2026-08-20T00:09:10-04:00
02336000,1998-01-13,3820,A,108.17035398144,9345.9185839964157,2026-08-20T00:09:10-04:00
02336000,1998-01-14,3570,A,101.09114233344,8734.2746976092167,2026-08-20T00:09:10-04:00
02336000,1998-01-15,4100,A,116.0990710272,10030.959736750081,2026-08-20T00:09:10-04:00
02336000,1998-01-16,3720,A,105.33866932224001,9101.2610294415372,2026-08-20T00:09:10-04:00
02336000,1998-01-17,3090,A,87.499055969280008,7559.9184357457925,2026-08-20T00:09:10-04:00
02336000,1998-01-18,1790,A,50.687155399680002,4379.3702265323518,2026-08-20T00:09:10-04:00
02336000,1998-01-19,3480,A,98.542626140159996,8514.0828985098251,2026-08-20T00:09:10-04:00
02336000,1998-01-20,4110,A,116.38223949312,10055.425492205568,2026-08-20T00:09:10-04:00
02336000,1998-01-21,3810,A,107.88718551552,9321.4528285409287,2026-08-20T00:09:10-04:00
02336000,1998-01-22,4270,A,120.91293494784,10446.877579493377,2026-08-20T00:09:10-04:00
02336000,1998-01-23,2820,A,79.853507389439997,6899.343038447616,2026-08-20T00:09:10-04:00
02336000,1998-01-24,2460,A,69.659442616320007,6018.5758420500479,2026-08-20T00:09:10-04:00
02336000,1998-01-25,2240,A,63.42973636608,5480.3292220293124,2026-08-20T00:09:10-04:00
02336000,1998-01-26,2200,A,62.297062502400003,5382.4662002073601,2026-08-20T00:09:10-04:00
02336000,1998-01-27,8220,A,232.76447898623999,20110.850984411136,2026-08-20T00:09:10-04:00
02336000,1998-01-28,6620,A,187.45752443904001,16196.330111533056,2026-08-20T00:09:10-04:00
02336000,1998-01-29,5210,A,147.53077074431999,12746.658592309248,2026-08-20T00:09:10-04:00
02336000,1998-01-30,5090,A,144.13274915328,12453.069526843392,2026-08-20T00:09:10-04:00
02336000,1998-01-31,3870,A,109.58619631104,9468.2473612738559,2026-08-20T00:09:10-04:00
02336000,1998-02-01,1210,A,34.263384376319998,2960.3564101140482,2026-08-20T00:09:10-04:00
02336000,1998-02-02,1910,A,54.085176990720001,4672.9592919982078,2026-08-20T00:09:10-04:00
02336000,1998-02-03,8600,A,243.5248806912,21040.54969171968,2026-08-20T00:09:10-04:00
02336000,1998-02-04,13300,A,376.61405967360002,32539.454755799041,2026-08-20T00:09:10-04:00
02336000,1998-02-05,8190,A,231.91497358848,20037.453718044671,2026-08-20T00:09:10-04:00
02336000,1998-02-06,7910,A,223.98625654272001,19352.412565291008,2026-08-20T00:09:10-04:00
02336000,1998-02-07,7010,A,198.50109460992002,17150.494574297089,2026-08-20T00:09:10-04:00
02336000,1998-02-08,6520,A,184.62583977983999,15951.672556978176,2026-08-20T00:09:10-04:00
02336000,1998-02-09,6620,A,187.45752443904001,16196.330111533056,2026-08-20T00:09:10-04:00
02336000,1998-02-10,7770,A,220.02189801983999,19009.891988914176,2026-08-20T00:09:10-04:00
02336000,1998-02-11,7920,A,224.26942500864001,19376.878320746495,2026-08-20T00:09:10-04:00
02336000,1998-02-12,4270,A,120.91293494784,10446.877579493377,2026-08-20T00:09:10-04:00
02336000,1998-02-13,5360,A,151.77829773312001,13113.644924141568,2026-08-20T00:09:10-04:00
02336000,1998-02-14,6990,A,197.93475767808002,17101.563063386111,2026-08-20T00:09:10-04:00
02336000,1998-02-15,6750,A,191.13871449600001,16514.384932454399,2026-08-20T00:09:10-04:00
02336000,1998-02-16,5940,A,168.20206875648,14532.658740559873,2026-08-20T00:09:10-04:00
02336000,1998-02-17,5120,A,144.98225455104,12526.466793209856,2026-08-20T00:09:10-04:00
02336000,1998-02-18,7960,A,225.40209887232001,19474.74134256845,2026-08-20T00:09:10-04:00
02336000,1998-02-19,7830,A,221.72090881536002,19156.686521647105,2026-08-20T00:09:10-04:00
02336000,1998-02-20,7690,A,217.75655029248,18814.165945270273,2026-08-20T00:09:10-04:00
02336000,1998-02-21,7550,A,213.79219176960001,18471.645368893442,2026-08-20T00:09:10-04:00
02336000,1998-02-22,7680,A,217.47338182656,18789.700189814786,2026-08-20T00:09:10-04:00
02336000,1998-02-23,3540,A,100.24163693568001,8660.8774312427522,2026-08-20T00:09:10-04:00
02336000,1998-02-24,7210,A,204.16446392832,17639.809683406849,2026-08-20T00:09:10-04:00
02336000,1998-02-25,7530,A,213.22585483776001,18422.713857982464,2026-08-20T00:09:10-04:00
02336000,1998-02-26,7110,A,201.33277926912001,17395.152128851969,2026-08-20T00:09:10-04:00
02336000,1998-02-27,6910,A,195.66940995072,16905.837019742208,2026-08-20T00:09:10-04:00
02336000,1998-02-28,7430,A,210.39417017856002,18178.056303427584,2026-08-20T00:09:10-04:00
02336000,1998-03-01,5940,A,168.20206875648,14532.658740559873,2026-08-20T00:09:10-04:00
02336000,1998-03-02,3530,A,99.958468469760007,8636.4116757872634,2026-08-20T00:09:10-04:00
02336000,1998-03-03,7420,A,210.11100171264002,18153.590547972097,2026-08-20T00:09:10-04:00
02336000,1998-03-04,7530,A,213.22585483776001,18422.713857982464,2026-08-20T00:09:10-04:00
02336000,1998-03-05,6790,A,192.27138835968,16612.247954276354,2026-08-20T00:09:10-04:00
02336000,1998-03-06,3770,A,106.75451165184001,9223.5898067189755,2026-08-20T00:09:10-04:00
02336000,1998-03-07,4450,A,126.0099673344,10887.26117769216,2026-08-20T00:09:10-04:00
02336000,1998-03-08,14100,A,399.26753694720003,34496.71519223808,2026-08-20T00:09:10-04:00
02336000,1998-03-09,10300,A,291.6635198976,25199.728119152642,2026-08-20T00:09:10-04:00
02336000,1998-03-10,6260,A,177.26345966592001,15315.562915135488,2026-08-20T00:09:10-04:00
02336000,1998-03-11,5840,A,165.37038409728001,14288.001186004993,2026-08-20T00:09:10-04:00
02336000,1998-03-12,7580,A,214.64169716736001,18545.042635259906,2026-08-20T00:09:10-04:00
02336000,1998-03-13,7830,A,221.72090881536002,19156.686521647105,2026-08-20T00:09:10-04:00
02336000,1998-03-14,7550,A,213.79219176960001,18471.645368893442,2026-08-20T00:09:10-04:00
02336000,1998-03-15,5890,A,166.78622642688001,14410.329963282433,2026-08-20T00:09:10-04:00
02336000,1998-03-16,5990,A,169.61791108608,14654.987517837313,2026-08-20T00:09:10-04:00
02336000,1998-03-17,7440,A,210.67733864448002,18202.522058883074,2026-08-20T00:09:10-04:00
02336000,1998-03-18,5800,A,164.23771023360001,14190.138164183041,2026-08-20T00:09:10-04:00
02336000,1998-03-19,1870,A,52.952503127040004,4575.0962701762564,2026-08-20T00:09:10-04:00
02336000,1998-03-20,3940,A,111.56837557248001,9639.5076494622717,2026-08-20T00:09:10-04:00
02336000,1998-03-21,7080,A,200.48327387136001,17321.754862485504,2026-08-20T00:09:10-04:00
02336000,1998-03-22,6990,A,197.93475767808002,17101.563063386111,2026-08-20T00:09:10-04:00
02336000,1998-03-23,7030,A,199.06743154176002,17199.426085208066,2026-08-20T00:09:10-04:00
02336000,1998-03-24,6830,A,193.40406222336,16710.110976098305,2026-08-20T00:09:10-04:00
02336000,1998-03-25,4800,A,135.92086364159999,11743.56261863424,2026-08-20T00:09:10-04:00
02336000,1998-03-26,5060,A,143.28324375552,12379.672260476929,2026-08-20T00:09:10-04:00
02336000,1998-03-27,4630,A,131.10699972096,11327.644775890943,2026-08-20T00:09:10-04:00
02336000,1998-03-28,3900,A,110.4357017088,9541.6446276403203,2026-08-20T00:09:10-04:00
02336000,1998-03-29,1280,A,36.24556363776,3131.6166983024641,2026-08-20T00:09:10-04:00
02336000,1998-03-30,1440,A,40.776259092480004,3523.068785590272,2026-08-20T00:09:10-04:00
02336000,1998-03-31,2610,A,73.906969605119997,6385.5621738823684,2026-08-20T00:09:10-04:00
02336000,1998-04-01,3210,A,90.89707756032,7853.5075012116486,2026-08-20T00:09:10-04:00
02336000,1998-04-02,2580,A,73.057464207359999,6312.1649075159039,2026-08-20T00:09:10-04:00
02336000,1998-04-03,5940,A,168.20206875648,14532.658740559873,2026-08-20T00:09:10-04:00
02336000,1998-04-04,5360,A,151.77829773312001,13113.644924141568,2026-08-20T00:09:10-04:00
02336000,1998-04-05,3940,A,111.56837557248001,9639.5076494622717,2026-08-20T00:09:10-04:00
02336000,1998-04-06,2610,A,73.906969605119997,6385.5621738823684,2026-08-20T00:09:10-04:00
02336000,1998-04-07,3730,A,105.62183778816001,9125.7267848970241,2026-08-20T00:09:10-04:00
02336000,1998-04-08,3540,A,100.24163693568001,8660.8774312427522,2026-08-20T00:09:10-04:00
02336000,1998-04-09,10800,A,305.82194319360002,26423.01589192704,2026-08-20T00:09:10-04:00
02336000,1998-04-10,6590,A,186.60801904128002,16122.932845166593,2026-08-20T00:09:10-04:00
02336000,1998-04-11,5020,A,142.15056989184001,12281.809238654976,2026-08-20T00:09:10-04:00
02336000,1998-04-12,5100,A,144.4159176192,12477.535282298881,2026-08-20T00:09:10-04:00
02336000,1998-04-13,4540,A,128.55848352768001,11107.452976791552,2026-08-20T00:09:10-04:00
02336000,1998-04-14,4420,A,125.16046193664,10813.863911325696,2026-08-20T00:09:10-04:00
02336000,1998-04-15,5170,A,146.39809688064,12648.795570487297,2026-08-20T00:09:10-04:00
02336000,1998-04-16,4120,A,116.66540795904001,10079.891247661057,2026-08-20T00:09:10-04:00
02336000,1998-04-17,3130,A,88.631729832960005,7657.7814575677439,2026-08-20T00:09:10-04:00
02336000,1998-04-18,4140,A,117.23174489088001,10128.822758572032,2026-08-20T00:09:10-04:00
02336000,1998-04-19,2570,A,72.77429574144,6287.6991520604161,2026-08-20T00:09:10-04:00
02336000,1998-04-20,3370,A,95.427773015040003,8244.959588499456,2026-08-20T00:09:10-04:00
02336000,1998-04-21,5340,A,151.21196080128001,13064.713413230593,2026-08-20T00:09:10-04:00
02336000,1998-04-22,8260,A,233.89715284992002,20208.714006233087,2026-08-20T00:09:10-04:00
02336000,1998-04-23,8560,A,242.39220682752,20942.686669897728,2026-08-20T00:09:10-04:00
02336000,1998-04-24,5850,A,165.65355256320001,14312.46694146048,2026-08-20T00:09:10-04:00
02336000,1998-04-25,4360,A,123.46145114112001,10667.069378592769,2026-08-20T00:09:10-04:00
02336000,1998-04-26,3070,A,86.932719037440009,7510.9869248348159,2026-08-20T00:09:10-04:00
02336000,1998-04-27,3960,A,112.13471250432001,9688.4391603732474,2026-08-20T00:09:10-04:00
02336000,1998-04-28,6750,A,191.13871449600001,16514.384932454399,2026-08-20T00:09:10-04:00
02336000,1998-04-29,4980,A,141.01789602816001,12183.946216833025,2026-08-20T00:09:10-04:00
02336000,1998-04-30,5740,A,162.53869943808002,14043.343631450112,2026-08-20T00:09:10-04:00
02336000,1998-05-01,8160,A,231.06546819072,19964.056451678207,2026-08-20T00:09:10-04:00
02336000,1998-05-02,6690,A,189.43970370048001,16367.590399721472,2026-08-20T00:09:10-04:00
02336000,1998-05-03,2940,A,83.251528980480003,7192.932103913472,2026-08-20T00:09:10-04:00
02336000,1998-05-04,7560,A,214.07536023552001,18496.111124348929,2026-08-20T00:09:10-04:00
02336000,1998-05-05,7670,A,217.19021336064,18765.234434359296,2026-08-20T00:09:10-04:00
02336000,1998-05-06,7580,A,214.64169716736001,18545.042635259906,2026-08-20T00:09:10-04:00
02336000,1998-05-07,5770,A,163.38820483584001,14116.740897816577,2026-08-20T00:09:10-04:00
02336000,1998-05-08,11100,A,314.3169971712,27156.988555591681,2026-08-20T00:09:10-04:00
02336000,1998-05-09,6460,A,182.92682898432,15804.878024245249,2026-08-20T00:09:10-04:00
02336000,1998-05-10,6280,A,177.82979659776001,15364.494426046465,2026-08-20T00:09:10-04:00
02336000,1998-05-11,6300,A,178.39613352960001,15413.425936957441,2026-08-20T00:09:10-04:00
02336000,1998-05-12,7400,A,209.54466478080002,18104.659037061119,2026-08-20T00:09:10-04:00
02336000,1998-05-13,6830,A,193.40406222336,16710.110976098305,2026-08-20T00:09:10-04:00
02336000,1998-05-14,5950,A,168.4852372224,14557.12449601536,2026-08-20T00:09:10-04:00
02336000,1998-05-15,4180,A,118.36441875456001,10226.685780393984,2026-08-20T00:09:10-04:00
02336000,1998-05-16,3520,A,99.675300003840007,8611.9459203317765,2026-08-20T00:09:10-04:00
02336000,1998-05-17,1280,A,36.24556363776,3131.6166983024641,2026-08-20T00:09:10-04:00
02336000,1998-05-18,2130,A,60.31488324096,5211.2059120189442,2026-08-20T00:09:10-04:00
02336000,1998-05-19,2420,A,68.526768752639995,5920.7128202280965,2026-08-20T00:09:10-04:00
02336000,1998-05-20,3770,A,106.75451165184001,9223.5898067189755,2026-08-20T00:09:10-04:00
02336000,1998-05-21,3130,A,88.631729832960005,7657.7814575677439,2026-08-20T00:09:10-04:00
02336000,1998-05-22,2960,A,83.817865912320002,7241.8636148244486,2026-08-20T00:09:10-04:00
02336000,1998-05-23,1990,A,56.350524718080003,4868.6853356421125,2026-08-20T00:09:10-04:00
02336000,1998-05-24,1320,A,37.378237501440005,3229.479720124416,2026-08-20T00:09:10-04:00
02336000,1998-05-25,1510,A,42.758438353919999,3694.3290737786883,2026-08-20T00:09:10-04:00
02336000,1998-05-26,2450,A,69.376274150400008,5994.11008659456,2026-08-20T00:09:10-04:00
02336000,1998-05-27,3110,A,88.065392901120006,7608.8499466567682,2026-08-20T00:09:10-04:00
02336000,1998-05-28,3700,A,104.77233239040001,9052.3295185305597,2026-08-20T00:09:10-04:00
02336000,1998-05-29,3790,A,107.32084858368,9272.521317629953,2026-08-20T00:09:10-04:00
02336000,1998-05-30,4610,A,130.54066278912001,11278.713264979968,2026-08-20T00:09:10-04:00
02336000,1998-05-31,3030,A,85.800045173759997,7413.1239030128645,2026-08-20T00:09:10-04:00
02336000,1998-06-01,2740,A,77.588159662080002,6703.6169948037123,2026-08-20T00:09:10-04:00
02336000,1998-06-02,3560,A,100.80797386752,8709.8089421537279,2026-08-20T00:09:10-04:00
02336000,1998-06-03,4320,A,122.32877727744,10569.206356770816,2026-08-20T00:09:10-04:00
02336000,1998-06-04,4450,A,126.0099673344,10887.26117769216,2026-08-20T00:09:10-04:00
02336000,1998-06-05,5270,A,149.22978153983999,12893.453125042177,2026-08-20T00:09:10-04:00
02336000,1998-06-06,3630,A,102.79015312896,8881.0692303421438,2026-08-20T00:09:10-04:00
02336000,1998-06-07,1850,A,52.386166195200005,4526.1647592652798,2026-08-20T00:09:10-04:00
02336000,1998-06-08,1740,A,49.271313070079998,4257.0414492549125,2026-08-20T00:09:10-04:00
02336000,1998-06-09,2070,A,58.615872445440004,5064.4113792860162,2026-08-20T00:09:10-04:00
02336000,1998-06-10,2460,A,69.659442616320007,6018.5758420500479,2026-08-20T00:09:10-04:00
02336000,1998-06-11,2590,A,73.340632673279998,6336.6306629713918,2026-08-20T00:09:10-04:00
02336000,1998-06-12,2810,A,79.570338923519998,6874.8772829921281,2026-08-20T00:09:10-04:00
02336000,1998-06-13,2350,A,66.5445894912,5749.4525320396806,2026-08-20T00:09:10-04:00
02336000,1998-06-14,1480,A,41.908932956160001,3620.9318074122243,2026-08-20T00:09:10-04:00
02336000,1998-06-15,2010,A,56.916861649920001,4917.6168465530882,2026-08-20T00:09:10-04:00
02336000,1998-06-16,2490,A,70.508948014080005,6091.9731084165123,2026-08-20T00:09:10-04:00
02336000,1998-06-17,2510,A,71.075284945920004,6140.904619327488,2026-08-20T00:09:10-04:00
02336000,1998-06-18,2340,A,66.261421025280001,5724.9867765841918,2026-08-20T00:09:10-04:00
02336000,1998-06-19,3650,A,103.3564900608,8930.0007412531195,2026-08-20T00:09:10-04:00
02336000,1998-06-20,3380,A,95.710941480960003,8269.4253439549448,2026-08-20T00:09:10-04:00
02336000,1998-06-21,1620,A,45.873291479039999,3963.4523837890561,2026-08-20T00:09:10-04:00
02336000,1998-06-22,2000,A,56.633693184000002,4893.1510910976003,2026-08-20T00:09:10-04:00
02336000,1998-06-23,2740,A,77.588159662080002,6703.6169948037123,2026-08-20T00:09:10-04:00
02336000,1998-06-24,3290,A,93.162425287680009,8049.2335448555523,2026-08-20T00:09:10-04:00
02336000,1998-06-25,3170,A,89.764403696640002,7755.6444793896962,2026-08-20T00:09:10-04:00
02336000,1998-06-26,3430,A,97.126783810559999,8391.7541212323849,2026-08-20T00:09:10-04:00
02336000,1998-06-27,3060,A,86.649550571519995,7486.5211693793281,2026-08-20T00:09:10-04:00
02336000,1998-06-28,1460,A,41.342596024320002,3572.0002965012482,2026-08-20T00:09:10-04:00
02336000,1998-06-29,1710,A,48.42180767232,4183.6441828884481,2026-08-20T00:09:10-04:00
02336000,1998-06-30,2390,A,67.677263354879997,5847.315553861632,2026-08-20T00:09:10-04:00
02336000,1998-07-01,3340,A,94.578267617280005,8171.5623221329924,2026-08-20T00:09:10-04:00
02336000,1998-07-02,2980,A,84.384202844160001,7290.7951257354243,2026-08-20T00:09:10-04:00
02336000,1998-07-03,3100,A,87.782224435200007,7584.3841912012804,2026-08-20T00:09:10-04:00
02336000,1998-07-04,2450,A,69.376274150400008,5994.11008659456,2026-08-20T00:09:10-04:00
02336000,1998-07-05,1520,A,43.041606819839998,3718.7948292341762,2026-08-20T00:09:10-04:00
02336000,1998-07-06,1940,A,54.934682388479999,4746.3565583646723,2026-08-20T00:09:10-04:00
02336000,1998-07-07,3470,A,98.259457674239997,8489.6171430543363,2026-08-20T00:09:10-04:00
02336000,1998-07-08,3880,A,109.86936477696,9492.7131167293446,2026-08-20T00:09:10-04:00
02336000,1998-07-09,3390,A,95.994109946880002,8293.8910994104317,2026-08-20T00:09:10-04:00
02336000,1998-07-10,3960,A,112.13471250432001,9688.4391603732474,2026-08-20T00:09:10-04:00
02336000,1998-07-11,2830,A,80.136675855359996,6923.8087939031038,2026-08-20T00:09:10-04:00
02336000,1998-07-12,2020,A,57.200030115840001,4942.082602008576,2026-08-20T00:09:10-04:00
02336000,1998-07-13,2140,A,60.59805170688,5235.6716674744321,2026-08-20T00:09:10-04:00
02336000,1998-07-14,3960,A,112.13471250432001,9688.4391603732474,2026-08-20T00:09:10-04:00
02336000,1998-07-15,3280,A,92.879256821760009,8024.7677894000644,2026-08-20T00:09:10-04:00
02336000,1998-07-16,3500,A,99.108963072000009,8563.0144094208008,2026-08-20T00:09:10-04:00
02336000,1998-07-17,3960,A,112.13471250432001,9688.4391603732474,2026-08-20T00:09:10-04:00
02336000,1998-07-18,3370,A,95.427773015040003,8244.959588499456,2026-08-20T00:09:10-04:00
02336000,1998-07-19,1790,A,50.687155399680002,4379.3702265323518,2026-08-20T00:09:10-04:00
02336000,1998-07-20,2290,A,64.845578695680004,5602.6579993067526,2026-08-20T00:09:10-04:00
02336000,1998-07-21,3470,A,98.259457674239997,8489.6171430543363,2026-08-20T00:09:10-04:00
02336000,1998-07-22,3130,A,88.631729832960005,7657.7814575677439,2026-08-20T00:09:10-04:00
02336000,1998-07-23,2910,A,82.402023582720005,7119.5348375470085,2026-08-20T00:09:10-04:00
02336000,1998-07-24,3120,A,88.348561367040006,7633.3157021122561,2026-08-20T00:09:10-04:00
02336000,1998-07-25,2950,A,83.534697446400003,7217.3978593689599,2026-08-20T00:09:10-04:00
02336000,1998-07-26,1900,A,53.802008524800002,4648.49353654272,2026-08-20T00:09:10-04:00
02336000,1998-07-27,2580,A,73.057464207359999,6312.1649075159039,2026-08-20T00:09:10-04:00
02336000,1998-07-28,2450,A,69.376274150400008,5994.11008659456,2026-08-20T00:09:10-04:00
02336000,1998-07-29,1980,A,56.067356252160003,4844.2195801866237,2026-08-20T00:09:10-04:00
02336000,1998-07-30,1860,A,52.669334661120004,4550.6305147207686,2026-08-20T00:09:10-04:00
02336000,1998-07-31,1980,A,56.067356252160003,4844.2195801866237,2026-08-20T00:09:10-04:00
02336000,1998-08-01,1810,A,51.25349233152,4428.3017374433284,2026-08-20T00:09:10-04:00
02336000,1998-08-02,1750,A,49.554481536000004,4281.5072047104004,2026-08-20T00:09:10-04:00
02336000,1998-08-03,1770,A,50.120818467840003,4330.4387156213761,2026-08-20T00:09:10-04:00
02336000,1998-08-04,1840,A,52.102997729279998,4501.699003809792,2026-08-20T00:09:10-04:00
02336000,1998-08-05,1640,A,46.439628410880005,4012.3838947000322,2026-08-20T00:09:10-04:00
02336000,1998-08-06,1890,A,53.518840058880002,4624.0277810872321,2026-08-20T00:09:10-04:00
02336000,1998-08-07,1940,A,54.934682388479999,4746.3565583646723,2026-08-20T00:09:10-04:00
02336000,1998-08-08,1930,A,54.65151392256,4721.8908029091845,2026-08-20T00:09:10-04:00
02336000,1998-08-09,2320,A,65.695084093440002,5676.0552656732161,2026-08-20T00:09:10-04:00
02336000,1998-08-10,2230,A,63.146567900160001,5455.8634665738246,2026-08-20T00:09:10-04:00
02336000,1998-08-11,2040,A,57.766367047679999,4991.0141129195517,2026-08-20T00:09:10-04:00
02336000,1998-08-12,1750,A,49.554481536000004,4281.5072047104004,2026-08-20T00:09:10-04:00
02336000,1998-08-13,1780,A,50.403986933760002,4354.904471076864,2026-08-20T00:09:10-04:00
02336000,1998-08-14,3520,A,99.675300003840007,8611.9459203317765,2026-08-20T00:09:10-04:00
02336000,1998-08-15,2680,A,75.889148866560006,6556.8224620707842,2026-08-20T00:09:10-04:00
02336000,1998-08-16,1980,A,56.067356252160003,4844.2195801866237,2026-08-20T00:09:10-04:00
02336000,1998-08-17,2290,A,64.845578695680004,5602.6579993067526,2026-08-20T00:09:10-04:00
02336000,1998-08-18,2040,A,57.766367047679999,4991.0141129195517,2026-08-20T00:09:10-04:00
02336000,1998-08-19,1850,A,52.386166195200005,4526.1647592652798,2026-08-20T00:09:10-04:00
02336000,1998-08-20,2800,A,79.287170457599998,6850.4115275366403,2026-08-20T00:09:10-04:00
02336000,1998-08-21,3770,A,106.75451165184001,9223.5898067189755,2026-08-20T00:09:10-04:00
02336000,1998-08-22,2130,A,60.31488324096,5211.2059120189442,2026-08-20T00:09:10-04:00
02336000,1998-08-23,1640,A,46.439628410880005,4012.3838947000322,2026-08-20T00:09:10-04:00
02336000,1998-08-24,1840,A,52.102997729279998,4501.699003809792,2026-08-20T00:09:10-04:00
02336000,1998-08-25,1880,A,53.235671592960003,4599.5620256317443,2026-08-20T00:09:10-04:00
02336000,1998-08-26,1700,A,48.138639206400001,4159.1784274329602,2026-08-20T00:09:10-04:00
02336000,1998-08-27,1840,A,52.102997729279998,4501.699003809792,2026-08-20T00:09:10-04:00
02336000,1998-08-28,2160,A,61.164388638719998,5284.6031783854078,2026-08-20T00:09:10-04:00
02336000,1998-08-29,1740,A,49.271313070079998,4257.0414492549125,2026-08-20T00:09:10-04:00
02336000,1998-08-30,1630,A,46.156459944959998,3987.9181392445439,2026-08-20T00:09:10-04:00
02336000,1998-08-31,1850,A,52.386166195200005,4526.1647592652798,2026-08-20T00:09:10-04:00
02336000,1998-09-01,1840,A,52.102997729279998,4501.699003809792,2026-08-20T00:09:10-04:00
02336000,1998-09-02,1680,A,47.572302274560002,4110.2469165219845,2026-08-20T00:09:10-04:00
02336000,1998-09-03,1740,A,49.271313070079998,4257.0414492549125,2026-08-20T00:09:10-04:00
02336000,1998-09-04,1620,A,45.873291479039999,3963.4523837890561,2026-08-20T00:09:10-04:00
02336000,1998-09-05,1680,A,47.572302274560002,4110.2469165219845,2026-08-20T00:09:10-04:00
02336000,1998-09-06,1160,A,32.847542046720001,2838.0276328366081,2026-08-20T00:09:10-04:00
02336000,1998-09-07,1170,A,33.13071051264,2862.4933882920959,2026-08-20T00:09:10-04:00
02336000,1998-09-08,1790,A,50.687155399680002,4379.3702265323518,2026-08-20T00:09:10-04:00
02336000,1998-09-09,2750,A,77.871328128000002,6728.0827502592001,2026-08-20T00:09:10-04:00
02336000,1998-09-10,1920,A,54.36834545664,4697.4250474536966,2026-08-20T00:09:10-04:00
02336000,1998-09-11,2200,A,62.297062502400003,5382.4662002073601,2026-08-20T00:09:10-04:00
02336000,1998-09-12,1440,A,40.776259092480004,3523.068785590272,2026-08-20T00:09:10-04:00
02336000,1998-09-13,1090,A,30.865362785280002,2666.7673446481922,2026-08-20T00:09:10-04:00
02336000,1998-09-14,1520,A,43.041606819839998,3718.7948292341762,2026-08-20T00:09:10-04:00
02336000,1998-09-15,1890,A,53.518840058880002,4624.0277810872321,2026-08-20T00:09:10-04:00
02336000,1998-09-16,1540,A,43.607943751680004,3767.7263401451523,2026-08-20T00:09:10-04:00
02336000,1998-09-17,1650,A,46.722796876800004,4036.8496501555201,2026-08-20T00:09:10-04:00
02336000,1998-09-18,1790,A,50.687155399680002,4379.3702265323518,2026-08-20T00:09:10-04:00
02336000,1998-09-19,1510,A,42.758438353919999,3694.3290737786883,2026-08-20T00:09:10-04:00
02336000,1998-09-20,1630,A,46.156459944959998,3987.9181392445439,2026-08-20T00:09:10-04:00
02336000,1998-09-21,2060,A,58.332703979520005,5039.9456238305283,2026-08-20T00:09:10-04:00
02336000,1998-09-22,2090,A,59.182209377280003,5113.3428901969919,2026-08-20T00:09:10-04:00
02336000,1998-09-23,1760,A,49.837650001920004,4305.9729601658883,2026-08-20T00:09:10-04:00
02336000,1998-09-24,1740,A,49.271313070079998,4257.0414492549125,2026-08-20T00:09:10-04:00
02336000,1998-09-25,1680,A,47.572302274560002,4110.2469165219845,2026-08-20T00:09:10-04:00
02336000,1998-09-26,1640,A,46.439628410880005,4012.3838947000322,2026-08-20T00:09:10-04:00
02336000,1998-09-27,1750,A,49.554481536000004,4281.5072047104004,2026-08-20T00:09:10-04:00
02336000,1998-09-28,1510,A,42.758438353919999,3694.3290737786883,2026-08-20T00:09:10-04:00
02336000,1998-09-29,2090,A,59.182209377280003,5113.3428901969919,2026-08-20T00:09:10-04:00
02336000,1998-09-30,2550,A,72.207958809600001,6238.7676411494404,2026-08-20T00:09:10-04:00
02336000,1998-10-01,1820,A,51.53666079744,4452.7674928988163,2026-08-20T00:09:10-04:00
02336000,1998-10-02,1780,A,50.403986933760002,4354.904471076864,2026-08-20T00:09:10-04:00
02336000,1998-10-03,1640,A,46.439628410880005,4012.3838947000322,2026-08-20T00:09:10-04:00
02336000,1998-10-04,1700,A,48.138639206400001,4159.1784274329602,2026-08-20T00:09:10-04:00
02336000,1998-10-05,1730,A,48.988144604159999,4232.5756937994238,2026-08-20T00:09:10-04:00
02336000,1998-10-06,1890,A,53.518840058880002,4624.0277810872321,2026-08-20T00:09:10-04:00
02336000,1998-10-07,1790,A,50.687155399680002,4379.3702265323518,2026-08-20T00:09:10-04:00
02336000,1998-10-08,1690,A,47.855470740480001,4134.7126719774724,2026-08-20T00:09:10-04:00
02336000,1998-10-09,1680,A,47.572302274560002,4110.2469165219845,2026-08-20T00:09:10-04:00
02336000,1998-10-10,1390,A,39.36041676288,3400.7400083128323,2026-08-20T00:09:10-04:00
02336000,1998-10-11,1110,A,31.431699717120001,2715.6988555591679,2026-08-20T00:09:10-04:00
02336000,1998-10-12,1220,A,34.546552842240004,2984.8221655695361,2026-08-20T00:09:10-04:00
02336000,1998-10-13,1490,A,42.19210142208,3645.3975628677122,2026-08-20T00:09:10-04:00
02336000,1998-10-14,1210,A,34.263384376319998,2960.3564101140482,2026-08-20T00:09:10-04:00
02336000,1998-10-15,1230,A,34.829721308160003,3009.2879210250239,2026-08-20T00:09:10-04:00
02336000,1998-10-16,1240,A,35.112889774080003,3033.7536764805122,2026-08-20T00:09:10-04:00
02336000,1998-10-17,1450,A,41.059427558400003,3547.5345410457603,2026-08-20T00:09:10-04:00
02336000,1998-10-18,1220,A,34.546552842240004,2984.8221655695361,2026-08-20T00:09:10-04:00
02336000,1998-10-19,1260,A,35.679226705920001,3082.6851873914879,2026-08-20T00:09:10-04:00
02336000,1998-10-20,1500,A,42.475269888,3669.8633183232,2026-08-20T00:09:10-04:00
02336000,1998-10-21,1390,A,39.36041676288,3400.7400083128323,2026-08-20T00:09:10-04:00
02336000,1998-10-22,1380,A,39.077248296960001,3376.274252857344,2026-08-20T00:09:10-04:00
02336000,1998-10-23,1240,A,35.112889774080003,3033.7536764805122,2026-08-20T00:09:10-04:00
02336000,1998-10-24,1370,A,38.794079831040001,3351.8084974018561,2026-08-20T00:09:10-04:00
02336000,1998-10-25,1120,A,31.71486818304,2740.1646110146562,2026-08-20T00:09:10-04:00
02336000,1998-10-26,1110,A,31.431699717120001,2715.6988555591679,2026-08-20T00:09:10-04:00
02336000,1998-10-27,1110,A,31.431699717120001,2715.6988555591679,2026-08-20T00:09:10-04:00
02336000,1998-10-28,1440,A,40.776259092480004,3523.068785590272,2026-08-20T00:09:10-04:00
02336000,1998-10-29,1130,A,31.998036648959999,2764.6303664701441,2026-08-20T00:09:10-04:00
02336000,1998-10-30,1110,A,31.431699717120001,2715.6988555591679,2026-08-20T00:09:10-04:00
02336000,1998-10-31,1060,A,30.015857387520001,2593.3700782817282,2026-08-20T00:09:10-04:00
02336000,1998-11-01,1030,A,29.166351989760003,2519.9728119152642,2026-08-20T00:09:10-04:00
02336000,1998-11-02,1010,A,28.60001505792,2471.041301004288,2026-08-20T00:09:10-04:00
02336000,1998-11-03,1110,A,31.431699717120001,2715.6988555591679,2026-08-20T00:09:10-04:00
02336000,1998-11-04,1420,A,40.209922160639998,3474.1372746792963,2026-08-20T00:09:10-04:00
02336000,1998-11-05,1610,A,45.590123013119999,3938.9866283335682,2026-08-20T00:09:10-04:00
02336000,1998-11-06,1580,A,44.740617615360001,3865.5893619671042,2026-08-20T00:09:10-04:00
02336000,1998-11-07,1800,A,50.970323865600001,4403.8359819878406,2026-08-20T00:09:10-04:00
02336000,1998-11-08,1390,A,39.36041676288,3400.7400083128323,2026-08-20T00:09:10-04:00
02336000,1998-11-09,1510,A,42.758438353919999,3694.3290737786883,2026-08-20T00:09:10-04:00
02336000,1998-11-10,1650,A,46.722796876800004,4036.8496501555201,2026-08-20T00:09:10-04:00
02336000,1998-11-11,2540,A,71.924790343680002,6214.3018856939525,2026-08-20T00:09:10-04:00
02336000,1998-11-12,1860,A,52.669334661120004,4550.6305147207686,2026-08-20T00:09:10-04:00
02336000,1998-11-13,1830,A,51.819829263359999,4477.2332483543041,2026-08-20T00:09:10-04:00
02336000,1998-11-14,1660,A,47.005965342720003,4061.3154056110079,2026-08-20T00:09:10-04:00
02336000,1998-11-15,2380,A,67.394094888959998,5822.8497984061441,2026-08-20T00:09:10-04:00
02336000,1998-11-16,1320,A,37.378237501440005,3229.479720124416,2026-08-20T00:09:10-04:00
02336000,1998-11-17,1900,A,53.802008524800002,4648.49353654272,2026-08-20T00:09:10-04:00
02336000,1998-11-18,1580,A,44.740617615360001,3865.5893619671042,2026-08-20T00:09:10-04:00
02336000,1998-11-19,1520,A,43.041606819839998,3718.7948292341762,2026-08-20T00:09:10-04:00
02336000,1998-11-20,1420,A,40.209922160639998,3474.1372746792963,2026-08-20T00:09:10-04:00
02336000,1998-11-21,1440,A,40.776259092480004,3523.068785590272,2026-08-20T00:09:10-04:00
02336000,1998-11-22,1100,A,31.148531251200001,2691.23310010368,2026-08-20T00:09:10-04:00
02336000,1998-11-23,1070,A,30.29902585344,2617.835833737216,2026-08-20T00:09:10-04:00
02336000,1998-11-24,1240,A,35.112889774080003,3033.7536764805122,2026-08-20T00:09:10-04:00
02336000,1998-11-25,1170,A,33.13071051264,2862.4933882920959,2026-08-20T00:09:10-04:00
02336000,1998-11-26,1120,A,31.71486818304,2740.1646110146562,2026-08-20T00:09:10-04:00
02336000,1998-11-27,1200,A,33.980215910399998,2935.8906546585599,2026-08-20T00:09:10-04:00
02336000,1998-11-28,1240,A,35.112889774080003,3033.7536764805122,2026-08-20T00:09:10-04:00
02336000,1998-11-29,1060,A,30.015857387520001,2593.3700782817282,2026-08-20T00:09:10-04:00
02336000,1998-11-30,1240,A,35.112889774080003,3033.7536764805122,2026-08-20T00:09:10-04:00
02336000,1998-12-01,1060,A,30.015857387520001,2593.3700782817282,2026-08-20T00:09:10-04:00
02336000,1998-12-02,1360,A,38.510911365120002,3327.3427419463683,2026-08-20T00:09:10-04:00
02336000,1998-12-03,1190,A,33.697047444479999,2911.4248992030721,2026-08-20T00:09:10-04:00
02336000,1998-12-04,1090,A,30.865362785280002,2666.7673446481922,2026-08-20T00:09:10-04:00
02336000,1998-12-05,1060,A,30.015857387520001,2593.3700782817282,2026-08-20T00:09:10-04:00
02336000,1998-12-06,1070,A,30.29902585344,2617.835833737216,2026-08-20T00:09:10-04:00
02336000,1998-12-07,1090,A,30.865362785280002,2666.7673446481922,2026-08-20T00:09:10-04:00
02336000,1998-12-08,1300,A,36.811900569599999,3180.5482092134403,2026-08-20T00:09:10-04:00
02336000,1998-12-09,1680,A,47.572302274560002,4110.2469165219845,2026-08-20T00:09:10-04:00
02336000,1998-12-10,1290,A,36.528732103679999,3156.082453757952,2026-08-20T00:09:10-04:00
02336000,1998-12-11,1090,A,30.865362785280002,2666.7673446481922,2026-08-20T00:09:10-04:00
02336000,1998-12-12,1090,A,30.865362785280002,2666.7673446481922,2026-08-20T00:09:10-04:00
02336000,1998-12-13,1220,A,34.546552842240004,2984.8221655695361,2026-08-20T00:09:10-04:00
02336000,1998-12-14,1670,A,47.289133808640003,4085.7811610664962,2026-08-20T00:09:10-04:00
02336000,1998-12-15,1410,A,39.926753694719999,3449.671519223808,2026-08-20T00:09:10-04:00
02336000,1998-12-16,1270,A,35.962395171840001,3107.1509428469762,2026-08-20T00:09:10-04:00
02336000,1998-12-17,1230,A,34.829721308160003,3009.2879210250239,2026-08-20T00:09:10-04:00
02336000,1998-12-18,1220,A,34.546552842240004,2984.8221655695361,2026-08-20T00:09:10-04:00
02336000,1998-12-19,1400,A,39.643585228799999,3425.2057637683201,2026-08-20T00:09:10-04:00
02336000,1998-12-20,1190,A,33.697047444479999,2911.4248992030721,2026-08-20T00:09:10-04:00
02336000,1998-12-21,1350,A,38.227742899200003,3302.87698649088,2026-08-20T00:09:10-04:00
02336000,1998-12-22,1180,A,33.41387897856,2886.9591437475842,2026-08-20T00:09:10-04:00
02336000,1998-12-23,1190,A,33.697047444479999,2911.4248992030721,2026-08-20T00:09:10-04:00
02336000,1998-12-24,2520,A,71.358453411840003,6165.3703747829759,2026-08-20T00:09:10-04:00
02336000,1998-12-25,2060,A,58.332703979520005,5039.9456238305283,2026-08-20T00:09:10-04:00
02336000,1998-12-26,1190,A,33.697047444479999,2911.4248992030721,2026-08-20T00:09:10-04:00
02336000,1998-12-27,1120,A,31.71486818304,2740.1646110146562,2026-08-20T00:09:10-04:00
02336000,1998-12-28,1210,A,34.263384376319998,2960.3564101140482,2026-08-20T00:09:10-04:00
02336000,1998-12-29,1430,A,40.493090626560004,3498.6030301347841,2026-08-20T00:09:10-04:00
02336000,1998-12-30,1240,A,35.112889774080003,3033.7536764805122,2026-08-20T00:09:10-04:00
02336000,1998-12-31,1110,A,31.431699717120001,2715.6988555591679,2026-08-20T00:09:10-04:00
02336000,1999-01-01,1060,A,30.015857387520001,2593.3700782817282,2026-08-20T00:09:10-04:00
02336000,1999-01-02,1170,A,33.13071051264,2862.4933882920959,2026-08-20T00:09:10-04:00
02336000,1999-01-03,1490,A,42.19210142208,3645.3975628677122,2026-08-20T00:09:10-04:00
02336000,1999-01-04,1110,A,31.431699717120001,2715.6988555591679,2026-08-20T00:09:10-04:00
02336000,1999-01-05,1460,A,41.342596024320002,3572.0002965012482,2026-08-20T00:09:10-04:00
02336000,1999-01-06,1100,A,31.148531251200001,2691.23310010368,2026-08-20T00:09:10-04:00
02336000,1999-01-07,1050,A,29.732688921600001,2568.9043228262399,2026-08-20T00:09:10-04:00
02336000,1999-01-08,1050,A,29.732688921600001,2568.9043228262399,2026-08-20T00:09:10-04:00
02336000,1999-01-09,1090,A,30.865362785280002,2666.7673446481922,2026-08-20T00:09:10-04:00
02336000,1999-01-10,1020,A,28.88318352384,2495.5070564597759,2026-08-20T00:09:10-04:00
02336000,1999-01-11,1090,A,30.865362785280002,2666.7673446481922,2026-08-20T00:09:10-04:00
02336000,1999-01-12,1210,A,34.263384376319998,2960.3564101140482,2026-08-20T00:09:10-04:00
02336000,1999-01-13,1130,A,31.998036648959999,2764.6303664701441,2026-08-20T00:09:10-04:00
02336000,1999-01-14,1120,A,31.71486818304,2740.1646110146562,2026-08-20T00:09:10-04:00
02336000,1999-01-15,1500,A,42.475269888,3669.8633183232,2026-08-20T00:09:10-04:00
02336000,1999-01-16,1270,A,35.962395171840001,3107.1509428469762,2026-08-20T00:09:10-04:00
02336000,1999-01-17,1000,A,28.316846592000001,2446.5755455488002,2026-08-20T00:09:10-04:00
02336000,1999-01-18,1040,A,29.449520455680002,2544.438567370752,2026-08-20T00:09:10-04:00
02336000,1999-01-19,1040,A,29.449520455680002,2544.438567370752,2026-08-20T00:09:10-04:00
02336000,1999-01-20,1100,A,31.148531251200001,2691.23310010368,2026-08-20T00:09:10-04:00
02336000,1999-01-21,1170,A,33.13071051264,2862.4933882920959,2026-08-20T00:09:10-04:00
02336000,1999-01-22,1140,A,32.281205114880002,2789.0961219256319,2026-08-20T00:09:10-04:00
02336000,1999-01-23,2630,A,74.473306536959996,6434.4936847933441,2026-08-20T00:09:10-04:00
02336000,1999-01-24,2800,A,79.287170457599998,6850.4115275366403,2026-08-20T00:09:10-04:00
02336000,1999-01-25,1390,A,39.36041676288,3400.7400083128323,2026-08-20T00:09:10-04:00
02336000,1999-01-26,1460,A,41.342596024320002,3572.0002965012482,2026-08-20T00:09:10-04:00
02336000,1999-01-27,1150,A,32.564373580800002,2813.5618773811202,2026-08-20T00:09:10-04:00
02336000,1999-01-28,1150,A,32.564373580800002,2813.5618773811202,2026-08-20T00:09:10-04:00
02336000,1999-01-29,1160,A,32.847542046720001,2838.0276328366081,2026-08-20T00:09:10-04:00
02336000,1999-01-30,1380,A,39.077248296960001,3376.274252857344,2026-08-20T00:09:10-04:00
02336000,1999-01-31,2610,A,73.906969605119997,6385.5621738823684,2026-08-20T00:09:10-04:00
02336000,1999-02-01,4400,A,124.59412500480001,10764.93240041472,2026-08-20T00:09:10-04:00
02336000,1999-02-02,3120,A,88.348561367040006,7633.3157021122561,2026-08-20T00:09:10-04:00
02336000,1999-02-03,1800,A,50.970323865600001,4403.8359819878406,2026-08-20T00:09:10-04:00
02336000,1999-02-04,1530,A,43.324775285759998,3743.260584689664,2026-08-20T00:09:10-04:00
02336000,1999-02-05,1520,A,43.041606819839998,3718.7948292341762,2026-08-20T00:09:10-04:00
02336000,1999-02-06,1370,A,38.794079831040001,3351.8084974018561,2026-08-20T00:09:10-04:00
02336000,1999-02-07,1110,A,31.431699717120001,2715.6988555591679,2026-08-20T00:09:10-04:00
02336000,1999-02-08,1110,A,31.431699717120001,2715.6988555591679,2026-08-20T00:09:10-04:00
02336000,1999-02-09,1610,A,45.590123013119999,3938.9866283335682,2026-08-20T00:09:10-04:00
02336000,1999-02-10,1690,A,47.855470740480001,4134.7126719774724,2026-08-20T00:09:10-04:00
02336000,1999-02-11,1270,A,35.962395171840001,3107.1509428469762,2026-08-20T00:09:10-04:00
02336000,1999-02-12,1390,A,39.36041676288,3400.7400083128323,2026-08-20T00:09:10-04:00
02336000,1999-02-13,1190,A,33.697047444479999,2911.4248992030721,2026-08-20T00:09:10-04:00
02336000,1999-02-14,1150,A,32.564373580800002,2813.5618773811202,2026-08-20T00:09:10-04:00
02336000,1999-02-15,1200,A,33.980215910399998,2935.8906546585599,2026-08-20T00:09:10-04:00
02336000,1999-02-16,1140,A,32.281205114880002,2789.0961219256319,2026-08-20T00:09:10-04:00
02336000,1999-02-17,1220,A,34.546552842240004,2984.8221655695361,2026-08-20T00:09:10-04:00
02336000,1999-02-18,1630,A,46.156459944959998,3987.9181392445439,2026-08-20T00:09:10-04:00
02336000,1999-02-19,1530,A,43.324775285759998,3743.260584689664,2026-08-20T00:09:10-04:00
02336000,1999-02-20,1180,A,33.41387897856,2886.9591437475842,2026-08-20T00:09:10-04:00
02336000,1999-02-21,1130,A,31.998036648959999,2764.6303664701441,2026-08-20T00:09:10-04:00
02336000,1999-02-22,1120,A,31.71486818304,2740.1646110146562,2026-08-20T00:09:10-04:00
02336000,1999-02-23,1250,A,35.396058240000002,3058.2194319360001,2026-08-20T00:09:10-04:00
02336000,1999-02-24,1270,A,35.962395171840001,3107.1509428469762,2026-08-20T00:09:10-04:00
02336000,1999-02-25,1140,A,32.281205114880002,2789.0961219256319,2026-08-20T00:09:10-04:00
02336000,1999-02-26,1120,A,31.71486818304,2740.1646110146562,2026-08-20T00:09:10-04:00
02336000,1999-02-27,1140,A,32.281205114880002,2789.0961219256319,2026-08-20T00:09:10-04:00
02336000,1999-02-28,1200,A,33.980215910399998,2935.8906546585599,2026-08-20T00:09:10-04:00
02336000,1999-03-01,1110,A,31.431699717120001,2715.6988555591679,2026-08-20T00:09:10-04:00
02336000,1999-03-02,1170,A,33.13071051264,2862.4933882920959,2026-08-20T00:09:10-04:00
02336000,1999-03-03,1440,A,40.776259092480004,3523.068785590272,2026-08-20T00:09:10-04:00
02336000,1999-03-04,1540,A,43.607943751680004,3767.7263401451523,2026-08-20T00:09:10-04:00
02336000,1999-03-05,1470,A,41.625764490240002,3596.466051956736,2026-08-20T00:09:10-04:00
02336000,1999-03-06,1320,A,37.378237501440005,3229.479720124416,2026-08-20T00:09:10-04:00
02336000,1999-03-07,1170,A,33.13071051264,2862.4933882920959,2026-08-20T00:09:10-04:00
02336000,1999-03-08,1140,A,32.281205114880002,2789.0961219256319,2026-08-20T00:09:10-04:00
02336000,1999-03-09,1240,A,35.112889774080003,3033.7536764805122,2026-08-20T00:09:10-04:00
02336000,1999-03-10,1250,A,35.396058240000002,3058.2194319360001,2026-08-20T00:09:10-04:00
02336000,1999-03-11,1330,A,37.661405967360004,3253.9454755799043,2026-08-20T00:09:10-04:00
02336000,1999-03-12,1270,A,35.962395171840001,3107.1509428469762,2026-08-20T00:09:10-04:00
02336000,1999-03-13,1200,A,33.980215910399998,2935.8906546585599,2026-08-20T00:09:10-04:00
02336000,1999-03-14,1550,A,43.891112217600003,3792.1920956006402,2026-08-20T00:09:10-04:00
02336000,1999-03-15,1530,A,43.324775285759998,3743.260584689664,2026-08-20T00:09:10-04:00
02336000,1999-03-16,1620,A,45.873291479039999,3963.4523837890561,2026-08-20T00:09:10-04:00
02336000,1999-03-17,1320,A,37.378237501440005,3229.479720124416,2026-08-20T00:09:10-04:00
02336000,1999-03-18,1200,A,33.980215910399998,2935.8906546585599,2026-08-20T00:09:10-04:00
02336000,1999-03-19,1180,A,33.41387897856,2886.9591437475842,2026-08-20T00:09:10-04:00
02336000,1999-03-20,1180,A,33.41387897856,2886.9591437475842,2026-08-20T00:09:10-04:00
02336000,1999-03-21,1230,A,34.829721308160003,3009.2879210250239,2026-08-20T00:09:10-04:00
02336000,1999-03-22,1190,A,33.697047444479999,2911.4248992030721,2026-08-20T00:09:10-04:00
02336000,1999-03-23,1360,A,38.510911365120002,3327.3427419463683,2026-08-20T00:09:10-04:00
02336000,1999-03-24,1320,A,37.378237501440005,3229.479720124416,2026-08-20T00:09:10-04:00
02336000,1999-03-25,1340,A,37.944574433280003,3278.4112310353921,2026-08-20T00:09:10-04:00
02336000,1999-03-26,1290,A,36.528732103679999,3156.082453757952,2026-08-20T00:09:10-04:00
02336000,1999-03-27,1180,A,33.41387897856,2886.9591437475842,2026-08-20T00:09:10-04:00
02336000,1999-03-28,1160,A,32.847542046720001,2838.0276328366081,2026-08-20T00:09:10-04:00
02336000,1999-03-29,1190,A,33.697047444479999,2911.4248992030721,2026-08-20T00:09:10-04:00
02336000,1999-03-30,1150,A,32.564373580800002,2813.5618773811202,2026-08-20T00:09:10-04:00
02336000,1999-03-31,1190,A,33.697047444479999,2911.4248992030721,2026-08-20T00:09:10-04:00
02336000,1999-04-01,1360,A,38.510911365120002,3327.3427419463683,2026-08-20T00:09:10-04:00
02336000,1999-04-02,1280,A,36.24556363776,3131.6166983024641,2026-08-20T00:09:10-04:00
02336000,1999-04-03,1140,A,32.281205114880002,2789.0961219256319,2026-08-20T00:09:10-04:00
02336000,1999-04-04,1140,A,32.281205114880002,2789.0961219256319,2026-08-20T00:09:10-04:00
02336000,1999-04-05,1140,A,32.281205114880002,2789.0961219256319,2026-08-20T00:09:10-04:00
02336000,1999-04-06,1130,A,31.998036648959999,2764.6303664701441,2026-08-20T00:09:10-04:00
02336000,1999-04-07,1140,A,32.281205114880002,2789.0961219256319,2026-08-20T00:09:10-04:00
02336000,1999-04-08,1130,A,31.998036648959999,2764.6303664701441,2026-08-20T00:09:10-04:00
02336000,1999-04-09,1120,A,31.71486818304,2740.1646110146562,2026-08-20T00:09:10-04:00
02336000,1999-04-10,1110,A,31.431699717120001,2715.6988555591679,2026-08-20T00:09:10-04:00
02336000,1999-04-11,1100,A,31.148531251200001,2691.23310010368,2026-08-20T00:09:10-04:00
02336000,1999-04-12,1100,A,31.148531251200001,2691.23310010368,2026-08-20T00:09:10-04:00
02336000,1999-04-13,1130,A,31.998036648959999,2764.6303664701441,2026-08-20T00:09:10-04:00
02336000,1999-04-14,1100,A,31.148531251200001,2691.23310010368,2026-08-20T00:09:10-04:00
02336000,1999-04-15,1160,A,32.847542046720001,2838.0276328366081,2026-08-20T00:09:10-04:00
02336000,1999-04-16,1100,A,31.148531251200001,2691.23310010368,2026-08-20T00:09:10-04:00
02336000,1999-04-17,1080,A,30.582194319359999,2642.3015891927039,2026-08-20T00:09:10-04:00
02336000,1999-04-18,1070,A,30.29902585344,2617.835833737216,2026-08-20T00:09:10-04:00
02336000,1999-04-19,1060,A,30.015857387520001,2593.3700782817282,2026-08-20T00:09:10-04:00
02336000,1999-04-20,1070,A,30.29902585344,2617.835833737216,2026-08-20T00:09:10-04:00
02336000,1999-04-21,1130,A,31.998036648959999,2764.6303664701441,2026-08-20T00:09:10-04:00
02336000,1999-04-22,1070,A,30.29902585344,2617.835833737216,2026-08-20T00:09:10-04:00
02336000,1999-04-23,1070,A,30.29902585344,2617.835833737216,2026-08-20T00:09:10-04:00
02336000,1999-04-24,1070,A,30.29902585344,2617.835833737216,2026-08-20T00:09:10-04:00
02336000,1999-04-25,1060,A,30.015857387520001,2593.3700782817282,2026-08-20T00:09:10-04:00
02336000,1999-04-26,1080,A,30.582194319359999,2642.3015891927039,2026-08-20T00:09:10-04:00
02336000,1999-04-27,1110,A,31.431699717120001,2715.6988555591679,2026-08-20T00:09:10-04:00
02336000,1999-04-28,1440,A,40.776259092480004,3523.068785590272,2026-08-20T00:09:10-04:00
02336000,1999-04-29,1140,A,32.281205114880002,2789.0961219256319,2026-08-20T00:09:10-04:00
02336000,1999-04-30,1120,A,31.71486818304,2740.1646110146562,2026-08-20T00:09:10-04:00
02336000,1999-05-01,1080,A,30.582194319359999,2642.3015891927039,2026-08-20T00:09:10-04:00
02336000,1999-05-02,1070,A,30.29902585344,2617.835833737216,2026-08-20T00:09:10-04:00
02336000,1999-05-03,1060,A,30.015857387520001,2593.3700782817282,2026-08-20T00:09:10-04:00
02336000,1999-05-04,1080,A,30.582194319359999,2642.3015891927039,2026-08-20T00:09:10-04:00
02336000,1999-05-05,1110,A,31.431699717120001,2715.6988555591679,2026-08-20T00:09:10-04:00
02336000,1999-05-06,2420,A,68.526768752639995,5920.7128202280965,2026-08-20T00:09:10-04:00
02336000,1999-05-07,2070,A,58.615872445440004,5064.4113792860162,2026-08-20T00:09:10-04:00
02336000,1999-05-08,1740,A,49.271313070079998,4257.0414492549125,2026-08-20T00:09:10-04:00
02336000,1999-05-09,1120,A,31.71486818304,2740.1646110146562,2026-08-20T00:09:10-04:00
02336000,1999-05-10,1050,A,29.732688921600001,2568.9043228262399,2026-08-20T00:09:10-04:00
02336000,1999-05-11,1060,A,30.015857387520001,2593.3700782817282,2026-08-20T00:09:10-04:00
02336000,1999-05-12,1080,A,30.582194319359999,2642.3015891927039,2026-08-20T00:09:10-04:00
02336000,1999-05-13,1130,A,31.998036648959999,2764.6303664701441,2026-08-20T00:09:10-04:00
02336000,1999-05-14,1190,A,33.697047444479999,2911.4248992030721,2026-08-20T00:09:10-04:00
02336000,1999-05-15,1160,A,32.847542046720001,2838.0276328366081,2026-08-20T00:09:10-04:00
02336000,1999-05-16,1060,A,30.015857387520001,2593.3700782817282,2026-08-20T00:09:10-04:00
02336000,1999-05-17,1050,A,29.732688921600001,2568.9043228262399,2026-08-20T00:09:10-04:00
02336000,1999-05-18,1060,A,30.015857387520001,2593.3700782817282,2026-08-20T00:09:10-04:00
02336000,1999-05-19,1100,A,31.148531251200001,2691.23310010368,2026-08-20T00:09:10-04:00
02336000,1999-05-20,1130,A,31.998036648959999,2764.6303664701441,2026-08-20T00:09:10-04:00
02336000,1999-05-21,1070,A,30.29902585344,2617.835833737216,2026-08-20T00:09:10-04:00
02336000,1999-05-22,1070,A,30.29902585344,2617.835833737216,2026-08-20T00:09:10-04:00
02336000,1999-05-23,1070,A,30.29902585344,2617.835833737216,2026-08-20T00:09:10-04:00
02336000,1999-05-24,1070,A,30.29902585344,2617.835833737216,2026-08-20T00:09:10-04:00
02336000,1999-05-25,1070,A,30.29902585344,2617.835833737216,2026-08-20T00:09:10-04:00
02336000,1999-05-26,1060,A,30.015857387520001,2593.3700782817282,2026-08-20T00:09:10-04:00
02336000,1999-05-27,1100,A,31.148531251200001,2691.23310010368,2026-08-20T00:09:10-04:00
02336000,1999-05-28,1130,A,31.998036648959999,2764.6303664701441,2026-08-20T00:09:10-04:00
02336000,1999-05-29,1190,A,33.697047444479999,2911.4248992030721,2026-08-20T00:09:10-04:00
02336000,1999-05-30,1060,A,30.015857387520001,2593.3700782817282,2026-08-20T00:09:10-04:00
02336000,1999-05-31,1050,A,29.732688921600001,2568.9043228262399,2026-08-20T00:09:10-04:00
02336000,1999-06-01,1090,A,30.865362785280002,2666.7673446481922,2026-08-20T00:09:10-04:00
02336000,1999-06-02,1680,A,47.572302274560002,4110.2469165219845,2026-08-20T00:09:10-04:00
02336000,1999-06-03,1670,A,47.289133808640003,4085.7811610664962,2026-08-20T00:09:10-04:00
02336000,1999-06-04,1920,A,54.36834545664,4697.4250474536966,2026-08-20T00:09:10-04:00
02336000,1999-06-05,1790,A,50.687155399680002,4379.3702265323518,2026-08-20T00:09:10-04:00
02336000,1999-06-06,1160,A,32.847542046720001,2838.0276328366081,2026-08-20T00:09:10-04:00
02336000,1999-06-07,1070,A,30.29902585344,2617.835833737216,2026-08-20T00:09:10-04:00
02336000,1999-06-08,1940,A,54.934682388479999,4746.3565583646723,2026-08-20T00:09:10-04:00
02336000,1999-06-09,1900,A,53.802008524800002,4648.49353654272,2026-08-20T00:09:10-04:00
02336000,1999-06-10,2780,A,78.72083352576,6801.4800166256646,2026-08-20T00:09:10-04:00
02336000,1999-06-11,2280,A,64.562410229760005,5578.1922438512638,2026-08-20T00:09:10-04:00
02336000,1999-06-12,1790,A,50.687155399680002,4379.3702265323518,2026-08-20T00:09:10-04:00
02336000,1999-06-13,1150,A,32.564373580800002,2813.5618773811202,2026-08-20T00:09:10-04:00
02336000,1999-06-14,1830,A,51.819829263359999,4477.2332483543041,2026-08-20T00:09:10-04:00
02336000,1999-06-15,3500,A,99.108963072000009,8563.0144094208008,2026-08-20T00:09:10-04:00
02336000,1999-06-16,3810,A,107.88718551552,9321.4528285409287,2026-08-20T00:09:10-04:00
02336000,1999-06-17,3670,A,103.92282699264,8978.932252164097,2026-08-20T00:09:10-04:00
02336000,1999-06-18,1860,A,52.669334661120004,4550.6305147207686,2026-08-20T00:09:10-04:00
02336000,1999-06-19,1320,A,37.378237501440005,3229.479720124416,2026-08-20T00:09:10-04:00
02336000,1999-06-20,1090,A,30.865362785280002,2666.7673446481922,2026-08-20T00:09:10-04:00
02336000,1999-06-21,1060,A,30.015857387520001,2593.3700782817282,2026-08-20T00:09:10-04:00
02336000,1999-06-22,1050,A,29.732688921600001,2568.9043228262399,2026-08-20T00:09:10-04:00
02336000,1999-06-23,1120,A,31.71486818304,2740.1646110146562,2026-08-20T00:09:10-04:00
02336000,1999-06-24,1640,A,46.439628410880005,4012.3838947000322,2026-08-20T00:09:10-04:00
02336000,1999-06-25,1680,A,47.572302274560002,4110.2469165219845,2026-08-20T00:09:10-04:00
02336000,1999-06-26,1400,A,39.643585228799999,3425.2057637683201,2026-08-20T00:09:10-04:00
02336000,1999-06-27,1160,A,32.847542046720001,2838.0276328366081,2026-08-20T00:09:10-04:00
02336000,1999-06-28,1270,A,35.962395171840001,3107.1509428469762,2026-08-20T00:09:10-04:00
02336000,1999-06-29,1570,A,44.457449149440002,3841.1236065116163,2026-08-20T00:09:10-04:00
02336000,1999-06-30,2210,A,62.580230968320002,5406.9319556628479,2026-08-20T00:09:10-04:00
02336000,1999-07-01,2170,A,61.447557104640005,5309.0689338408965,2026-08-20T00:09:10-04:00
02336000,1999-07-02,1170,A,33.13071051264,2862.4933882920959,2026-08-20T00:09:10-04:00
02336000,1999-07-03,1120,A,31.71486818304,2740.1646110146562,2026-08-20T00:09:10-04:00
02336000,1999-07-04,1060,A,30.015857387520001,2593.3700782817282,2026-08-20T00:09:10-04:00
02336000,1999-07-05,1040,A,29.449520455680002,2544.438567370752,2026-08-20T00:09:10-04:00
02336000,1999-07-06,1270,A,35.962395171840001,3107.1509428469762,2026-08-20T00:09:10-04:00
02336000,1999-07-07,1800,A,50.970323865600001,4403.8359819878406,2026-08-20T00:09:10-04:00
02336000,1999-07-08,2200,A,62.297062502400003,5382.4662002073601,2026-08-20T00:09:10-04:00
02336000,1999-07-09,1450,A,41.059427558400003,3547.5345410457603,2026-08-20T00:09:10-04:00
02336000,1999-07-10,1690,A,47.855470740480001,4134.7126719774724,2026-08-20T00:09:10-04:00
02336000,1999-07-11,1870,A,52.952503127040004,4575.0962701762564,2026-08-20T00:09:10-04:00
02336000,1999-07-12,1920,A,54.36834545664,4697.4250474536966,2026-08-20T00:09:10-04:00
02336000,1999-07-13,1430,A,40.493090626560004,3498.6030301347841,2026-08-20T00:09:10-04:00
02336000,1999-07-14,1060,A,30.015857387520001,2593.3700782817282,2026-08-20T00:09:10-04:00
02336000,1999-07-15,1150,A,32.564373580800002,2813.5618773811202,2026-08-20T00:09:10-04:00
02336000,1999-07-16,1070,A,30.29902585344,2617.835833737216,2026-08-20T00:09:10-04:00
02336000,1999-07-17,1220,A,34.546552842240004,2984.8221655695361,2026-08-20T00:09:10-04:00
02336000,1999-07-18,1120,A,31.71486818304,2740.1646110146562,2026-08-20T00:09:10-04:00
02336000,1999-07-19,1100,A,31.148531251200001,2691.23310010368,2026-08-20T00:09:10-04:00
02336000,1999-07-20,1070,A,30.29902585344,2617.835833737216,2026-08-20T00:09:10-04:00
02336000,1999-07-21,1220,A,34.546552842240004,2984.8221655695361,2026-08-20T00:09:10-04:00
02336000,1999-07-22,1170,A,33.13071051264,2862.4933882920959,2026-08-20T00:09:10-04:00
02336000,1999-07-23,1080,A,30.582194319359999,2642.3015891927039,2026-08-20T00:09:10-04:00
02336000,1999-07-24,1490,A,42.19210142208,3645.3975628677122,2026-08-20T00:09:10-04:00
02336000,1999-07-25,1430,A,40.493090626560004,3498.6030301347841,2026-08-20T00:09:10-04:00
02336000,1999-07-26,1540,A,43.607943751680004,3767.7263401451523,2026-08-20T00:09:10-04:00
02336000,1999-07-27,1240,A,35.112889774080003,3033.7536764805122,2026-08-20T00:09:10-04:00
02336000,1999-07-28,1060,A,30.015857387520001,2593.3700782817282,2026-08-20T00:09:10-04:00
02336000,1999-07-29,1070,A,30.29902585344,2617.835833737216,2026-08-20T00:09:10-04:00
02336000,1999-07-30,1090,A,30.865362785280002,2666.7673446481922,2026-08-20T00:09:10-04:00
02336000,1999-07-31,1060,A,30.015857387520001,2593.3700782817282,2026-08-20T00:09:10-04:00
02336000,1999-08-01,1040,A,29.449520455680002,2544.438567370752,2026-08-20T00:09:10-04:00
02336000,1999-08-02,1030,A,29.166351989760003,2519.9728119152642,2026-08-20T00:09:10-04:00
02336000,1999-08-03,1080,A,30.582194319359999,2642.3015891927039,2026-08-20T00:09:10-04:00
02336000,1999-08-04,1050,A,29.732688921600001,2568.9043228262399,2026-08-20T00:09:10-04:00
02336000,1999-08-05,1030,A,29.166351989760003,2519.9728119152642,2026-08-20T00:09:10-04:00
02336000,1999-08-06,1040,A,29.449520455680002,2544.438567370752,2026-08-20T00:09:10-04:00
02336000,1999-08-07,1030,A,29.166351989760003,2519.9728119152642,2026-08-20T00:09:10-04:00
02336000,1999-08-08,1070,A,30.29902585344,2617.835833737216,2026-08-20T00:09:10-04:00
02336000,1999-08-09,1110,A,31.431699717120001,2715.6988555591679,2026-08-20T00:09:10-04:00
02336000,1999-08-10,1070,A,30.29902585344,2617.835833737216,2026-08-20T00:09:10-04:00
02336000,1999-08-11,1050,A,29.732688921600001,2568.9043228262399,2026-08-20T00:09:10-04:00
02336000,1999-08-12,1040,A,29.449520455680002,2544.438567370752,2026-08-20T00:09:10-04:00
02336000,1999-08-13,1440,A,40.776259092480004,3523.068785590272,2026-08-20T00:09:10-04:00
02336000,1999-08-14,1360,A,38.510911365120002,3327.3427419463683,2026-08-20T00:09:10-04:00
02336000,1999-08-15,1290,A,36.528732103679999,3156.082453757952,2026-08-20T00:09:10-04:00
02336000,1999-08-16,1060,A,30.015857387520001,2593.3700782817282,2026-08-20T00:09:10-04:00
02336000,1999-08-17,1150,A,32.564373580800002,2813.5618773811202,2026-08-20T00:09:10-04:00
02336000,1999-08-18,1250,A,35.396058240000002,3058.2194319360001,2026-08-20T00:09:10-04:00
02336000,1999-08-19,1130,A,31.998036648959999,2764.6303664701441,2026-08-20T00:09:10-04:00
02336000,1999-08-20,1480,A,41.908932956160001,3620.9318074122243,2026-08-20T00:09:10-04:00
02336000,1999-08-21,1180,A,33.41387897856,2886.9591437475842,2026-08-20T00:09:10-04:00
02336000,1999-08-22,1100,A,31.148531251200001,2691.23310010368,2026-08-20T00:09:10-04:00
02336000,1999-08-23,1150,A,32.564373580800002,2813.5618773811202,2026-08-20T00:09:10-04:00
02336000,1999-08-24,2180,A,61.730725570560004,5333.5346892963844,2026-08-20T00:09:10-04:00
02336000,1999-08-25,1800,A,50.970323865600001,4403.8359819878406,2026-08-20T00:09:10-04:00
02336000,1999-08-26,1540,A,43.607943751680004,3767.7263401451523,2026-08-20T00:09:10-04:00
02336000,1999-08-27,1570,A,44.457449149440002,3841.1236065116163,2026-08-20T00:09:10-04:00
02336000,1999-08-28,1280,A,36.24556363776,3131.6166983024641,2026-08-20T00:09:10-04:00
02336000,1999-08-29,1350,A,38.227742899200003,3302.87698649088,2026-08-20T00:09:10-04:00
02336000,1999-08-30,1250,A,35.396058240000002,3058.2194319360001,2026-08-20T00:09:10-04:00
02336000,1999-08-31,1120,A,31.71486818304,2740.1646110146562,2026-08-20T00:09:10-04:00
02336000,1999-09-01,1160,A,32.847542046720001,2838.0276328366081,2026-08-20T00:09:10-04:00
02336000,1999-09-02,1230,A,34.829721308160003,3009.2879210250239,2026-08-20T00:09:10-04:00
02336000,1999-09-03,1270,A,35.962395171840001,3107.1509428469762,2026-08-20T00:09:10-04:00
02336000,1999-09-04,1330,A,37.661405967360004,3253.9454755799043,2026-08-20T00:09:10-04:00
02336000,1999-09-05,1060,A,30.015857387520001,2593.3700782817282,2026-08-20T00:09:10-04:00
02336000,1999-09-06,1190,A,33.697047444479999,2911.4248992030721,2026-08-20T00:09:10-04:00
02336000,1999-09-07,1430,A,40.493090626560004,3498.6030301347841,2026-08-20T00:09:10-04:00
02336000,1999-09-08,1600,A,45.3069545472,3914.5208728780799,2026-08-20T00:09:10-04:00
02336000,1999-09-09,1810,A,51.25349233152,4428.3017374433284,2026-08-20T00:09:10-04:00
02336000,1999-09-10,1970,A,55.784187786240004,4819.7538247311359,2026-08-20T00:09:10-04:00
02336000,1999-09-11,1350,A,38.227742899200003,3302.87698649088,2026-08-20T00:09:10-04:00
02336000,1999-09-12,1080,A,30.582194319359999,2642.3015891927039,2026-08-20T00:09:10-04:00
02336000,1999-09-13,1590,A,45.023786081280001,3890.055117422592,2026-08-20T00:09:10-04:00
02336000,1999-09-14,1500,A,42.475269888,3669.8633183232,2026-08-20T00:09:10-04:00
02336000,1999-09-15,1570,A,44.457449149440002,3841.1236065116163,2026-08-20T00:09:10-04:00
02336000,1999-09-16,1310,A,37.095069035519998,3205.0139646689281,2026-08-20T00:09:10-04:00
02336000,1999-09-17,1140,A,32.281205114880002,2789.0961219256319,2026-08-20T00:09:10-04:00
02336000,1999-09-18,1150,A,32.564373580800002,2813.5618773811202,2026-08-20T00:09:10-04:00
02336000,1999-09-19,1050,A,29.732688921600001,2568.9043228262399,2026-08-20T00:09:10-04:00
02336000,1999-09-20,1090,A,30.865362785280002,2666.7673446481922,2026-08-20T00:09:10-04:00
02336000,1999-09-21,1270,A,35.962395171840001,3107.1509428469762,2026-08-20T00:09:10-04:00
02336000,1999-09-22,1670,A,47.289133808640003,4085.7811610664962,2026-08-20T00:09:10-04:00
02336000,1999-09-23,1650,A,46.722796876800004,4036.8496501555201,2026-08-20T00:09:10-04:00
02336000,1999-09-24,1310,A,37.095069035519998,3205.0139646689281,2026-08-20T00:09:10-04:00
02336000,1999-09-25,1140,A,32.281205114880002,2789.0961219256319,2026-08-20T00:09:10-04:00
02336000,1999-09-26,1090,A,30.865362785280002,2666.7673446481922,2026-08-20T00:09:10-04:00
02336000,1999-09-27,1330,A,37.661405967360004,3253.9454755799043,2026-08-20T00:09:10-04:00
02336000,1999-09-28,1830,A,51.819829263359999,4477.2332483543041,2026-08-20T00:09:10-04:00
02336000,1999-09-29,1720,A,48.704976138239999,4208.1099383439359,2026-08-20T00:09:10-04:00
02336000,1999-09-30,1590,A,45.023786081280001,3890.055117422592,2026-08-20T00:09:10-04:00
02336000,1999-10-01,1530,A,43.324775285759998,3743.260584689664,2026-08-20T00:09:10-04:00
02336000,1999-10-02,1380,A,39.077248296960001,3376.274252857344,2026-08-20T00:09:10-04:00
02336000,1999-10-03,1210,A,34.263384376319998,2960.3564101140482,2026-08-20T00:09:10-04:00
02336000,1999-10-04,1170,A,33.13071051264,2862.4933882920959,2026-08-20T00:09:10-04:00
02336000,1999-10-05,2360,A,66.827757957119999,5773.9182874951684,2026-08-20T00:09:10-04:00
02336000,1999-10-06,1340,A,37.944574433280003,3278.4112310353921,2026-08-20T00:09:10-04:00
02336000,1999-10-07,1230,A,34.829721308160003,3009.2879210250239,2026-08-20T00:09:10-04:00
02336000,1999-10-08,1140,A,32.281205114880002,2789.0961219256319,2026-08-20T00:09:10-04:00
02336000,1999-10-09,1100,A,31.148531251200001,2691.23310010368,2026-08-20T00:09:10-04:00
02336000,1999-10-10,2290,A,64.845578695680004,5602.6579993067526,2026-08-20T00:09:10-04:00
02336000,1999-10-11,2550,A,72.207958809600001,6238.7676411494404,2026-08-20T00:09:10-04:00
02336000,1999-10-12,1250,A,35.396058240000002,3058.2194319360001,2026-08-20T00:09:10-04:00
02336000,1999-10-13,1520,A,43.041606819839998,3718.7948292341762,2026-08-20T00:09:10-04:00
02336000,1999-10-14,2030,A,57.48319858176,4966.5483574640639,2026-08-20T00:09:10-04:00
02336000,1999-10-15,1150,A,32.564373580800002,2813.5618773811202,2026-08-20T00:09:10-04:00
02336000,1999-10-16,1140,A,32.281205114880002,2789.0961219256319,2026-08-20T00:09:10-04:00
02336000,1999-10-17,1100,A,31.148531251200001,2691.23310010368,2026-08-20T00:09:10-04:00
02336000,1999-10-18,1120,A,31.71486818304,2740.1646110146562,2026-08-20T00:09:10-04:00
02336000,1999-10-19,1150,A,32.564373580800002,2813.5618773811202,2026-08-20T00:09:10-04:00
02336000,1999-10-20,1350,A,38.227742899200003,3302.87698649088,2026-08-20T00:09:10-04:00
02336000,1999-10-21,1130,A,31.998036648959999,2764.6303664701441,2026-08-20T00:09:10-04:00
02336000,1999-10-22,1170,A,33.13071051264,2862.4933882920959,2026-08-20T00:09:10-04:00
02336000,1999-10-23,1240,A,35.112889774080003,3033.7536764805122,2026-08-20T00:09:10-04:00
02336000,1999-10-24,1080,A,30.582194319359999,2642.3015891927039,2026-08-20T00:09:10-04:00
02336000,1999-10-25,1050,A,29.732688921600001,2568.9043228262399,2026-08-20T00:09:10-04:00
02336000,1999-10-26,1050,A,29.732688921600001,2568.9043228262399,2026-08-20T00:09:10-04:00
02336000,1999-10-27,1250,A,35.396058240000002,3058.2194319360001,2026-08-20T00:09:10-04:00
02336000,1999-10-28,1080,A,30.582194319359999,2642.3015891927039,2026-08-20T00:09:10-04:00
02336000,1999-10-29,1060,A,30.015857387520001,2593.3700782817282,2026-08-20T00:09:10-04:00
02336000,1999-10-30,1040,A,29.449520455680002,2544.438567370752,2026-08-20T00:09:10-04:00
02336000,1999-10-31,1030,A,29.166351989760003,2519.9728119152642,2026-08-20T00:09:10-04:00
02336000,1999-11-01,1020,A,28.88318352384,2495.5070564597759,2026-08-20T00:09:10-04:00
02336000,1999-11-02,3800,A,107.6040170496,9296.98707308544,2026-08-20T00:09:10-04:00
02336000,1999-11-03,1520,A,43.041606819839998,3718.7948292341762,2026-08-20T00:09:10-04:00
02336000,1999-11-04,1130,A,31.998036648959999,2764.6303664701441,2026-08-20T00:09:10-04:00
02336000,1999-11-05,1040,A,29.449520455680002,2544.438567370752,2026-08-20T00:09:10-04:00
02336000,1999-11-06,1040,A,29.449520455680002,2544.438567370752,2026-08-20T00:09:10-04:00
02336000,1999-11-07,1060,A,30.015857387520001,2593.3700782817282,2026-08-20T00:09:10-04:00
02336000,1999-11-08,1030,A,29.166351989760003,2519.9728119152642,2026-08-20T00:09:10-04:00
02336000,1999-11-09,1030,A,29.166351989760003,2519.9728119152642,2026-08-20T00:09:10-04:00
02336000,1999-11-10,1200,A,33.980215910399998,2935.8906546585599,2026-08-20T00:09:10-04:00
02336000,1999-11-11,1060,A,30.015857387520001,2593.3700782817282,2026-08-20T00:09:10-04:00
02336000,1999-11-12,1060,A,30.015857387520001,2593.3700782817282,2026-08-20T00:09:10-04:00
02336000,1999-11-13,1080,A,30.582194319359999,2642.3015891927039,2026-08-20T00:09:10-04:00
02336000,1999-11-14,1010,A,28.60001505792,2471.041301004288,2026-08-20T00:09:10-04:00
02336000,1999-11-15,969,A,27.439024347648001,2370.7317036367872,2026-08-20T00:09:10-04:00
02336000,1999-11-16,971,A,27.495658040832001,2375.6248547278847,2026-08-20T00:09:10-04:00
02336000,1999-11-17,1220,A,34.546552842240004,2984.8221655695361,2026-08-20T00:09:10-04:00
02336000,1999-11-18,1310,A,37.095069035519998,3205.0139646689281,2026-08-20T00:09:10-04:00
02336000,1999-11-19,1110,A,31.431699717120001,2715.6988555591679,2026-08-20T00:09:10-04:00
02336000,1999-11-20,981,A,27.778826506752001,2400.090610183373,2026-08-20T00:09:10-04:00
02336000,1999-11-21,963,A,27.269123268095999,2356.0522503634943,2026-08-20T00:09:10-04:00
02336000,1999-11-22,953,A,26.985954802176,2331.5864949080064,2026-08-20T00:09:10-04:00
02336000,1999-11-23,1270,A,35.962395171840001,3107.1509428469762,2026-08-20T00:09:10-04:00
02336000,1999-11-24,1050,A,29.732688921600001,2568.9043228262399,2026-08-20T00:09:10-04:00
02336000,1999-11-25,2130,A,60.31488324096,5211.2059120189442,2026-08-20T00:09:10-04:00
02336000,1999-11-26,3060,A,86.649550571519995,7486.5211693793281,2026-08-20T00:09:10-04:00
02336000,1999-11-27,1760,A,49.837650001920004,4305.9729601658883,2026-08-20T00:09:10-04:00
02336000,1999-11-28,1140,A,32.281205114880002,2789.0961219256319,2026-08-20T00:09:10-04:00
02336000,1999-11-29,1070,A,30.29902585344,2617.835833737216,2026-08-20T00:09:10-04:00
02336000,1999-11-30,1040,A,29.449520455680002,2544.438567370752,2026-08-20T00:09:10-04:00
02336000,1999-12-01,1040,A,29.449520455680002,2544.438567370752,2026-08-20T00:09:10-04:00
02336000,1999-12-02,1100,A,31.148531251200001,2691.23310010368,2026-08-20T00:09:10-04:00
02336000,1999-12-03,1120,A,31.71486818304,2740.1646110146562,2026-08-20T00:09:10-04:00
02336000,1999-12-04,1010,A,28.60001505792,2471.041301004288,2026-08-20T00:09:10-04:00
02336000,1999-12-05,1050,A,29.732688921600001,2568.9043228262399,2026-08-20T00:09:10-04:00
02336000,1999-12-06,1260,A,35.679226705920001,3082.6851873914879,2026-08-20T00:09:10-04:00
02336000,1999-12-07,1280,A,36.24556363776,3131.6166983024641,2026-08-20T00:09:10-04:00
02336000,1999-12-08,1450,A,41.059427558400003,3547.5345410457603,2026-08-20T00:09:10-04:00
02336000,1999-12-09,1230,A,34.829721308160003,3009.2879210250239,2026-08-20T00:09:10-04:00
02336000,1999-12-10,1190,A,33.697047444479999,2911.4248992030721,2026-08-20T00:09:10-04:00
02336000,1999-12-11,1090,A,30.865362785280002,2666.7673446481922,2026-08-20T00:09:10-04:00
02336000,1999-12-12,998,A,28.260212898816,2441.6823944577027,2026-08-20T00:09:10-04:00
02336000,1999-12-13,1410,A,39.926753694719999,3449.671519223808,2026-08-20T00:09:10-04:00
02336000,1999-12-14,1790,A,50.687155399680002,4379.3702265323518,2026-08-20T00:09:10-04:00
02336000,1999-12-15,1940,A,54.934682388479999,4746.3565583646723,2026-08-20T00:09:10-04:00
02336000,1999-12-16,1200,A,33.980215910399998,2935.8906546585599,2026-08-20T00:09:10-04:00
02336000,1999-12-17,1210,A,34.263384376319998,2960.3564101140482,2026-08-20T00:09:10-04:00
02336000,1999-12-18,1110,A,31.431699717120001,2715.6988555591679,2026-08-20T00:09:10-04:00
02336000,1999-12-19,1030,A,29.166351989760003,2519.9728119152642,2026-08-20T00:09:10-04:00
02336000,1999-12-20,1200,A,33.980215910399998,2935.8906546585599,2026-08-20T00:09:10-04:00
02336000,1999-12-21,1360,A,38.510911365120002,3327.3427419463683,2026-08-20T00:09:10-04:00
02336000,1999-12-22,1670,A,47.289133808640003,4085.7811610664962,2026-08-20T00:09:10-04:00
02336000,1999-12-23,1240,A,35.112889774080003,3033.7536764805122,2026-08-20T00:09:10-04:00
02336000,1999-12-24,1050,A,29.732688921600001,2568.9043228262399,2026-08-20T00:09:10-04:00
02336000,1999-12-25,999,A,28.288529745408002,2444.1289700032512,2026-08-20T00:09:10-04:00
02336000,1999-12-26,1010,A,28.60001505792,2471.041301004288,2026-08-20T00:09:10-04:00
02336000,1999-12-27,1010,A,28.60001505792,2471.041301004288,2026-08-20T00:09:10-04:00
02336000,1999-12-28,1080,A,30.582194319359999,2642.3015891927039,2026-08-20T00:09:10-04:00
02336000,1999-12-29,1100,A,31.148531251200001,2691.23310010368,2026-08-20T00:09:10-04:00
02336000,1999-12-30,1000,A,28.316846592000001,2446.5755455488002,2026-08-20T00:09:10-04:00
02336000,1999-12-31,1040,A,29.449520455680002,2544.438567370752,2026-08-20T00:09:10-04:00
02336000,2000-01-01,1020,A,28.88318352384,2495.5070564597759,2026-08-20T00:09:10-04:00
02336000,2000-01-02,1020,A,28.88318352384,2495.5070564597759,2026-08-20T00:09:10-04:00
02336000,2000-01-03,1010,A,28.60001505792,2471.041301004288,2026-08-20T00:09:10-04:00
02336000,2000-01-04,1250,A,35.396058240000002,3058.2194319360001,2026-08-20T00:09:10-04:00
02336000,2000-01-05,1410,A,39.926753694719999,3449.671519223808,2026-08-20T00:09:10-04:00
02336000,2000-01-06,1280,A,36.24556363776,3131.6166983024641,2026-08-20T00:09:10-04:00
02336000,2000-01-07,1030,A,29.166351989760003,2519.9728119152642,2026-08-20T00:09:10-04:00
02336000,2000-01-08,962,A,27.240806421504001,2353.6056748179458,2026-08-20T00:09:10-04:00
02336000,2000-01-09,1070,A,30.29902585344,2617.835833737216,2026-08-20T00:09:10-04:00
02336000,2000-01-10,3340,A,94.578267617280005,8171.5623221329924,2026-08-20T00:09:10-04:00
02336000,2000-01-11,2040,A,57.766367047679999,4991.0141129195517,2026-08-20T00:09:10-04:00
02336000,2000-01-12,1250,A,35.396058240000002,3058.2194319360001,2026-08-20T00:09:10-04:00
02336000,2000-01-13,1220,A,34.546552842240004,2984.8221655695361,2026-08-20T00:09:10-04:00
02336000,2000-01-14,1290,A,36.528732103679999,3156.082453757952,2026-08-20T00:09:10-04:00
02336000,2000-01-15,1070,A,30.29902585344,2617.835833737216,2026-08-20T00:09:10-04:00
02336000,2000-01-16,1010,A,28.60001505792,2471.041301004288,2026-08-20T00:09:10-04:00
02336000,2000-01-17,1020,A,28.88318352384,2495.5070564597759,2026-08-20T00:09:10-04:00
02336000,2000-01-18,1070,A,30.29902585344,2617.835833737216,2026-08-20T00:09:10-04:00
02336000,2000-01-19,1300,A,36.811900569599999,3180.5482092134403,2026-08-20T00:09:10-04:00
02336000,2000-01-20,1300,A,36.811900569599999,3180.5482092134403,2026-08-20T00:09:10-04:00
02336000,2000-01-21,1140,A,32.281205114880002,2789.0961219256319,2026-08-20T00:09:10-04:00
02336000,2000-01-22,1080,A,30.582194319359999,2642.3015891927039,2026-08-20T00:09:10-04:00
02336000,2000-01-23,1930,A,54.65151392256,4721.8908029091845,2026-08-20T00:09:10-04:00
02336000,2000-01-24,1870,A,52.952503127040004,4575.0962701762564,2026-08-20T00:09:10-04:00
02336000,2000-01-25,1330,A,37.661405967360004,3253.9454755799043,2026-08-20T00:09:10-04:00
02336000,2000-01-26,1190,A,33.697047444479999,2911.4248992030721,2026-08-20T00:09:10-04:00
02336000,2000-01-27,1090,A,30.865362785280002,2666.7673446481922,2026-08-20T00:09:10-04:00
02336000,2000-01-28,1100,A,31.148531251200001,2691.23310010368,2026-08-20T00:09:10-04:00
02336000,2000-01-29,1170,A,33.13071051264,2862.4933882920959,2026-08-20T00:09:10-04:00
02336000,2000-01-30,1220,A,34.546552842240004,2984.8221655695361,2026-08-20T00:09:10-04:00
02336000,2000-01-31,1260,A,35.679226705920001,3082.6851873914879,2026-08-20T00:09:10-04:00
02336000,2000-02-01,1100,A,31.148531251200001,2691.23310010368,2026-08-20T00:09:10-04:00
02336000,2000-02-02,1240,A,35.112889774080003,3033.7536764805122,2026-08-20T00:09:10-04:00
02336000,2000-02-03,1350,A,38.227742899200003,3302.87698649088,2026-08-20T00:09:10-04:00
02336000,2000-02-04,1070,A,30.29902585344,2617.835833737216,2026-08-20T00:09:10-04:00
02336000,2000-02-05,1070,A,30.29902585344,2617.835833737216,2026-08-20T00:09:10-04:00
02336000,2000-02-06,1100,A,31.148531251200001,2691.23310010368,2026-08-20T00:09:10-04:00
02336000,2000-02-07,1080,A,30.582194319359999,2642.3015891927039,2026-08-20T00:09:10-04:00
02336000,2000-02-08,1080,A,30.582194319359999,2642.3015891927039,2026-08-20T00:09:10-04:00
02336000,2000-02-09,1060,A,30.015857387520001,2593.3700782817282,2026-08-20T00:09:10-04:00
02336000,2000-02-10,1070,A,30.29902585344,2617.835833737216,2026-08-20T00:09:10-04:00
02336000,2000-02-11,1080,A,30.582194319359999,2642.3015891927039,2026-08-20T00:09:10-04:00
02336000,2000-02-12,1060,A,30.015857387520001,2593.3700782817282,2026-08-20T00:09:10-04:00
02336000,2000-02-13,1050,A,29.732688921600001,2568.9043228262399,2026-08-20T00:09:10-04:00
02336000,2000-02-14,3750,A,106.18817472000001,9174.6582958079998,2026-08-20T00:09:10-04:00
02336000,2000-02-15,2080,A,58.899040911360004,5088.8771347415041,2026-08-20T00:09:10-04:00
02336000,2000-02-16,1120,A,31.71486818304,2740.1646110146562,2026-08-20T00:09:10-04:00
02336000,2000-02-17,1090,A,30.865362785280002,2666.7673446481922,2026-08-20T00:09:10-04:00
02336000,2000-02-18,1080,A,30.582194319359999,2642.3015891927039,2026-08-20T00:09:10-04:00
02336000,2000-02-19,1080,A,30.582194319359999,2642.3015891927039,2026-08-20T00:09:10-04:00
02336000,2000-02-20,1070,A,30.29902585344,2617.835833737216,2026-08-20T00:09:10-04:00
02336000,2000-02-21,1090,A,30.865362785280002,2666.7673446481922,2026-08-20T00:09:10-04:00
02336000,2000-02-22,1160,A,32.847542046720001,2838.0276328366081,2026-08-20T00:09:10-04:00
02336000,2000-02-23,1090,A,30.865362785280002,2666.7673446481922,2026-08-20T00:09:10-04:00
02336000,2000-02-24,1060,A,30.015857387520001,2593.3700782817282,2026-08-20T00:09:10-04:00
02336000,2000-02-25,1050,A,29.732688921600001,2568.9043228262399,2026-08-20T00:09:10-04:00
02336000,2000-02-26,1050,A,29.732688921600001,2568.9043228262399,2026-08-20T00:09:10-04:00
02336000,2000-02-27,1130,A,31.998036648959999,2764.6303664701441,2026-08-20T00:09:10-04:00
02336000,2000-02-28,1080,A,30.582194319359999,2642.3015891927039,2026-08-20T00:09:10-04:00
02336000,2000-02-29,1060,A,30.015857387520001,2593.3700782817282,2026-08-20T00:09:10-04:00
02336000,2000-03-01,1050,A,29.732688921600001,2568.9043228262399,2026-08-20T00:09:10-04:00
02336000,2000-03-02,1040,A,29.449520455680002,2544.438567370752,2026-08-20T00:09:10-04:00
02336000,2000-03-03,1060,A,30.015857387520001,2593.3700782817282,2026-08-20T00:09:10-04:00
02336000,2000-03-04,1350,A,38.227742899200003,3302.87698649088,2026-08-20T00:09:10-04:00
02336000,2000-03-05,1110,A,31.431699717120001,2715.6988555591679,2026-08-20T00:09:10-04:00
02336000,2000-03-06,1040,A,29.449520455680002,2544.438567370752,2026-08-20T00:09:10-04:00
02336000,2000-03-07,1040,A,29.449520455680002,2544.438567370752,2026-08-20T00:09:10-04:00
02336000,2000-03-08,1040,A,29.449520455680002,2544.438567370752,2026-08-20T00:09:10-04:00
02336000,2000-03-09,1070,A,30.29902585344,2617.835833737216,2026-08-20T00:09:10-04:00
02336000,2000-03-10,1030,A,29.166351989760003,2519.9728119152642,2026-08-20T00:09:10-04:00
02336000,2000-03-11,1120,A,31.71486818304,2740.1646110146562,2026-08-20T00:09:10-04:00
02336000,2000-03-12,1080,A,30.582194319359999,2642.3015891927039,2026-08-20T00:09:10-04:00
02336000,2000-03-13,1070,A,30.29902585344,2617.835833737216,2026-08-20T00:09:10-04:00
02336000,2000-03-14,1220,A,34.546552842240004,2984.8221655695361,2026-08-20T00:09:10-04:00
02336000,2000-03-15,1120,A,31.71486818304,2740.1646110146562,2026-08-20T00:09:10-04:00
02336000,2000-03-16,1940,A,54.934682388479999,4746.3565583646723,2026-08-20T00:09:10-04:00
02336000,2000-03-17,2340,A,66.261421025280001,5724.9867765841918,2026-08-20T00:09:10-04:00
02336000,2000-03-18,1500,A,42.475269888,3669.8633183232,2026-08-20T00:09:10-04:00
02336000,2000-03-19,1110,A,31.431699717120001,2715.6988555591679,2026-08-20T00:09:10-04:00
02336000,2000-03-20,6140,A,173.86543807488002,15021.973849669632,2026-08-20T00:09:10-04:00
02336000,2000-03-21,2980,A,84.384202844160001,7290.7951257354243,2026-08-20T00:09:10-04:00
02336000,2000-03-22,1530,A,43.324775285759998,3743.260584689664,2026-08-20T00:09:10-04:00
02336000,2000-03-23,1200,A,33.980215910399998,2935.8906546585599,2026-08-20T00:09:10-04:00
02336000,2000-03-24,1170,A,33.13071051264,2862.4933882920959,2026-08-20T00:09:10-04:00
02336000,2000-03-25,997,A,28.231896052224002,2439.2358189121537,2026-08-20T00:09:10-04:00
02336000,2000-03-26,979,A,27.722192813568,2395.1974590922755,2026-08-20T00:09:10-04:00
02336000,2000-03-27,1050,A,29.732688921600001,2568.9043228262399,2026-08-20T00:09:10-04:00
02336000,2000-03-28,1030,A,29.166351989760003,2519.9728119152642,2026-08-20T00:09:10-04:00
02336000,2000-03-29,997,A,28.231896052224002,2439.2358189121537,2026-08-20T00:09:10-04:00
02336000,2000-03-30,1020,A,28.88318352384,2495.5070564597759,2026-08-20T00:09:10-04:00
02336000,2000-03-31,980,A,27.750509660160002,2397.644034637824,2026-08-20T00:09:10-04:00
02336000,2000-04-01,1260,A,35.679226705920001,3082.6851873914879,2026-08-20T00:09:10-04:00
02336000,2000-04-02,3470,A,98.259457674239997,8489.6171430543363,2026-08-20T00:09:10-04:00
02336000,2000-04-03,4220,A,119.49709261824,10324.548802215937,2026-08-20T00:09:10-04:00
02336000,2000-04-04,3330,A,94.295099151360006,8147.0965666775046,2026-08-20T00:09:10-04:00
02336000,2000-04-05,1860,A,52.669334661120004,4550.6305147207686,2026-08-20T00:09:10-04:00
02336000,2000-04-06,1360,A,38.510911365120002,3327.3427419463683,2026-08-20T00:09:10-04:00
02336000,2000-04-07,1180,A,33.41387897856,2886.9591437475842,2026-08-20T00:09:10-04:00
02336000,2000-04-08,1130,A,31.998036648959999,2764.6303664701441,2026-08-20T00:09:10-04:00
02336000,2000-04-09,1000,A,28.316846592000001,2446.5755455488002,2026-08-20T00:09:10-04:00
02336000,2000-04-10,996,A,28.203579205632,2436.7892433666048,2026-08-20T00:09:10-04:00
02336000,2000-04-11,963,A,27.269123268095999,2356.0522503634943,2026-08-20T00:09:10-04:00
02336000,2000-04-12,961,A,27.212489574912002,2351.1590992723968,2026-08-20T00:09:10-04:00
02336000,2000-04-13,956,A,27.070905341952002,2338.9262215446529,2026-08-20T00:09:10-04:00
02336000,2000-04-14,989,A,28.005361279488,2419.6632145477633,2026-08-20T00:09:10-04:00
02336000,2000-04-15,963,A,27.269123268095999,2356.0522503634943,2026-08-20T00:09:10-04:00
02336000,2000-04-16,955,A,27.04258849536,2336.4796459991039,2026-08-20T00:09:10-04:00
02336000,2000-04-17,950,A,26.901004262400001,2324.24676827136,2026-08-20T00:09:10-04:00
02336000,2000-04-18,935,A,26.476251563520002,2287.5481350881282,2026-08-20T00:09:10-04:00
02336000,2000-04-19,961,A,27.212489574912002,2351.1590992723968,2026-08-20T00:09:10-04:00
02336000,2000-04-20,1490,A,42.19210142208,3645.3975628677122,2026-08-20T00:09:10-04:00
02336000,2000-04-21,1080,A,30.582194319359999,2642.3015891927039,2026-08-20T00:09:10-04:00
02336000,2000-04-22,977,A,27.665559120384,2390.3043080011776,2026-08-20T00:09:10-04:00
02336000,2000-04-23,933,A,26.419617870336001,2282.6549839970303,2026-08-20T00:09:10-04:00
02336000,2000-04-24,1090,A,30.865362785280002,2666.7673446481922,2026-08-20T00:09:10-04:00
02336000,2000-04-25,1100,A,31.148531251200001,2691.23310010368,2026-08-20T00:09:10-04:00
02336000,2000-04-26,1020,A,28.88318352384,2495.5070564597759,2026-08-20T00:09:10-04:00
02336000,2000-04-27,980,A,27.750509660160002,2397.644034637824,2026-08-20T00:09:10-04:00
02336000,2000-04-28,983,A,27.835460199936001,2404.9837612744705,2026-08-20T00:09:10-04:00
02336000,2000-04-29,978,A,27.693875966976002,2392.7508835467265,2026-08-20T00:09:10-04:00
02336000,2000-04-30,932,A,26.391301023743999,2280.2084084514818,2026-08-20T00:09:10-04:00
02336000,2000-05-01,934,A,26.447934716928,2285.1015595425793,2026-08-20T00:09:10-04:00
02336000,2000-05-02,948,A,26.844370569216,2319.3536171802625,2026-08-20T00:09:10-04:00
02336000,2000-05-03,915,A,25.90991463168,2238.6166241771521,2026-08-20T00:09:10-04:00
02336000,2000-05-04,1190,A,33.697047444479999,2911.4248992030721,2026-08-20T00:09:10-04:00
02336000,2000-05-05,1190,A,33.697047444479999,2911.4248992030721,2026-08-20T00:09:10-04:00
02336000,2000-05-06,877,A,24.833874461183999,2145.6467534462977,2026-08-20T00:09:10-04:00
02336000,2000-05-07,854,A,24.182586989568001,2089.3755158986751,2026-08-20T00:09:10-04:00
02336000,2000-05-08,862,A,24.409121762304,2108.9481202630654,2026-08-20T00:09:10-04:00
02336000,2000-05-09,858,A,24.295854375935999,2099.1618180808705,2026-08-20T00:09:10-04:00
02336000,2000-05-10,868,A,24.579022841856002,2123.6275735363583,2026-08-20T00:09:10-04:00
02336000,2000-05-11,881,A,24.947141847552,2155.4330556284931,2026-08-20T00:09:10-04:00
02336000,2000-05-12,922,A,26.108132557824,2255.7426529959935,2026-08-20T00:09:10-04:00
02336000,2000-05-13,876,A,24.805557614592001,2143.2001779007487,2026-08-20T00:09:10-04:00
02336000,2000-05-14,866,A,24.522389148672001,2118.7344224452609,2026-08-20T00:09:10-04:00
02336000,2000-05-15,873,A,24.720607074816002,2135.8604512641023,2026-08-20T00:09:10-04:00
02336000,2000-05-16,854,A,24.182586989568001,2089.3755158986751,2026-08-20T00:09:10-04:00
02336000,2000-05-17,877,A,24.833874461183999,2145.6467534462977,2026-08-20T00:09:10-04:00
02336000,2000-05-18,1060,A,30.015857387520001,2593.3700782817282,2026-08-20T00:09:10-04:00
02336000,2000-05-19,988,A,27.977044432896001,2417.2166390022144,2026-08-20T00:09:10-04:00
02336000,2000-05-20,912,A,25.824964091904,2231.2768975405056,2026-08-20T00:09:10-04:00
02336000,2000-05-21,925,A,26.193083097600002,2263.0823796326399,2026-08-20T00:09:10-04:00
02336000,2000-05-22,1470,A,41.625764490240002,3596.466051956736,2026-08-20T00:09:10-04:00
02336000,2000-05-23,1300,A,36.811900569599999,3180.5482092134403,2026-08-20T00:09:10-04:00
02336000,2000-05-24,1160,A,32.847542046720001,2838.0276328366081,2026-08-20T00:09:10-04:00
02336000,2000-05-25,989,A,28.005361279488,2419.6632145477633,2026-08-20T00:09:10-04:00
02336000,2000-05-26,1160,A,32.847542046720001,2838.0276328366081,2026-08-20T00:09:10-04:00
02336000,2000-05-27,1260,A,35.679226705920001,3082.6851873914879,2026-08-20T00:09:10-04:00
02336000,2000-05-28,1250,A,35.396058240000002,3058.2194319360001,2026-08-20T00:09:10-04:00
02336000,2000-05-29,1130,A,31.998036648959999,2764.6303664701441,2026-08-20T00:09:10-04:00
02336000,2000-05-30,1270,A,35.962395171840001,3107.1509428469762,2026-08-20T00:09:10-04:00
02336000,2000-05-31,1230,A,34.829721308160003,3009.2879210250239,2026-08-20T00:09:10-04:00
02336000,2000-06-01,1540,A,43.607943751680004,3767.7263401451523,2026-08-20T00:09:10-04:00
02336000,2000-06-02,1130,A,31.998036648959999,2764.6303664701441,2026-08-20T00:09:10-04:00
02336000,2000-06-03,1130,A,31.998036648959999,2764.6303664701441,2026-08-20T00:09:10-04:00
02336000,2000-06-04,1110,A,31.431699717120001,2715.6988555591679,2026-08-20T00:09:10-04:00
02336000,2000-06-05,1100,A,31.148531251200001,2691.23310010368,2026-08-20T00:09:10-04:00
02336000,2000-06-06,1550,A,43.891112217600003,3792.1920956006402,2026-08-20T00:09:10-04:00
02336000,2000-06-07,1520,A,43.041606819839998,3718.7948292341762,2026-08-20T00:09:10-04:00
02336000,2000-06-08,1600,A,45.3069545472,3914.5208728780799,2026-08-20T00:09:10-04:00
02336000,2000-06-09,1800,A,50.970323865600001,4403.8359819878406,2026-08-20T00:09:10-04:00
02336000,2000-06-10,1770,A,50.120818467840003,4330.4387156213761,2026-08-20T00:09:10-04:00
02336000,2000-06-11,1040,A,29.449520455680002,2544.438567370752,2026-08-20T00:09:10-04:00
02336000,2000-06-12,1180,A,33.41387897856,2886.9591437475842,2026-08-20T00:09:10-04:00
02336000,2000-06-13,1820,A,51.53666079744,4452.7674928988163,2026-08-20T00:09:10-04:00
02336000,2000-06-14,2360,A,66.827757957119999,5773.9182874951684,2026-08-20T00:09:10-04:00
02336000,2000-06-15,2520,A,71.358453411840003,6165.3703747829759,2026-08-20T00:09:10-04:00
02336000,2000-06-16,2450,A,69.376274150400008,5994.11008659456,2026-08-20T00:09:10-04:00
02336000,2000-06-17,2180,A,61.730725570560004,5333.5346892963844,2026-08-20T00:09:10-04:00
02336000,2000-06-18,1120,A,31.71486818304,2740.1646110146562,2026-08-20T00:09:10-04:00
02336000,2000-06-19,1620,A,45.873291479039999,3963.4523837890561,2026-08-20T00:09:10-04:00
02336000,2000-06-20,2440,A,69.093105684480008,5969.6443311390722,2026-08-20T00:09:10-04:00
02336000,2000-06-21,2560,A,72.49112727552,6263.2333966049282,2026-08-20T00:09:10-04:00
02336000,2000-06-22,2420,A,68.526768752639995,5920.7128202280965,2026-08-20T00:09:10-04:00
02336000,2000-06-23,2310,A,65.411915627520003,5651.5895102177283,2026-08-20T00:09:10-04:00
02336000,2000-06-24,2020,A,57.200030115840001,4942.082602008576,2026-08-20T00:09:10-04:00
02336000,2000-06-25,1320,A,37.378237501440005,3229.479720124416,2026-08-20T00:09:10-04:00
02336000,2000-06-26,1730,A,48.988144604159999,4232.5756937994238,2026-08-20T00:09:10-04:00
02336000,2000-06-27,2880,A,81.552518184960007,7046.137571180544,2026-08-20T00:09:10-04:00
02336000,2000-06-28,1930,A,54.65151392256,4721.8908029091845,2026-08-20T00:09:10-04:00
02336000,2000-06-29,2730,A,77.304991196160003,6679.1512393482244,2026-08-20T00:09:10-04:00
02336000,2000-06-30,2540,A,71.924790343680002,6214.3018856939525,2026-08-20T00:09:10-04:00
02336000,2000-07-01,2270,A,64.279241763840005,5553.726488395776,2026-08-20T00:09:10-04:00
02336000,2000-07-02,1080,A,30.582194319359999,2642.3015891927039,2026-08-20T00:09:10-04:00
02336000,2000-07-03,1230,A,34.829721308160003,3009.2879210250239,2026-08-20T00:09:10-04:00
02336000,2000-07-04,1680,A,47.572302274560002,4110.2469165219845,2026-08-20T00:09:10-04:00
02336000,2000-07-05,2050,A,58.049535513599999,5015.4798683750405,2026-08-20T00:09:10-04:00
02336000,2000-07-06,1650,A,46.722796876800004,4036.8496501555201,2026-08-20T00:09:10-04:00
02336000,2000-07-07,2250,A,63.712904832,5504.7949774848003,2026-08-20T00:09:10-04:00
02336000,2000-07-08,1200,A,33.980215910399998,2935.8906546585599,2026-08-20T00:09:10-04:00
02336000,2000-07-09,997,A,28.231896052224002,2439.2358189121537,2026-08-20T00:09:10-04:00
02336000,2000-07-10,1080,A,30.582194319359999,2642.3015891927039,2026-08-20T00:09:10-04:00
02336000,2000-07-11,2010,A,56.916861649920001,4917.6168465530882,2026-08-20T00:09:10-04:00
02336000,2000-07-12,2660,A,75.322811934720008,6507.8909511598085,2026-08-20T00:09:10-04:00
02336000,2000-07-13,2490,A,70.508948014080005,6091.9731084165123,2026-08-20T00:09:10-04:00
02336000,2000-07-14,2460,A,69.659442616320007,6018.5758420500479,2026-08-20T00:09:10-04:00
02336000,2000-07-15,1460,A,41.342596024320002,3572.0002965012482,2026-08-20T00:09:10-04:00
02336000,2000-07-16,1030,A,29.166351989760003,2519.9728119152642,2026-08-20T00:09:10-04:00
02336000,2000-07-17,1490,A,42.19210142208,3645.3975628677122,2026-08-20T00:09:10-04:00
02336000,2000-07-18,2200,A,62.297062502400003,5382.4662002073601,2026-08-20T00:09:10-04:00
02336000,2000-07-19,2160,A,61.164388638719998,5284.6031783854078,2026-08-20T00:09:10-04:00
02336000,2000-07-20,2040,A,57.766367047679999,4991.0141129195517,2026-08-20T00:09:10-04:00
02336000,2000-07-21,1890,A,53.518840058880002,4624.0277810872321,2026-08-20T00:09:10-04:00
02336000,2000-07-22,2130,A,60.31488324096,5211.2059120189442,2026-08-20T00:09:10-04:00
02336000,2000-07-23,1280,A,36.24556363776,3131.6166983024641,2026-08-20T00:09:10-04:00
02336000,2000-07-24,1580,A,44.740617615360001,3865.5893619671042,2026-08-20T00:09:10-04:00
02336000,2000-07-25,2560,A,72.49112727552,6263.2333966049282,2026-08-20T00:09:10-04:00
02336000,2000-07-26,2410,A,68.243600286719996,5896.2470647726086,2026-08-20T00:09:10-04:00
02336000,2000-07-27,1940,A,54.934682388479999,4746.3565583646723,2026-08-20T00:09:10-04:00
02336000,2000-07-28,1960,A,55.501019320320005,4795.288069275648,2026-08-20T00:09:10-04:00
02336000,2000-07-29,2020,A,57.200030115840001,4942.082602008576,2026-08-20T00:09:10-04:00
02336000,2000-07-30,1120,A,31.71486818304,2740.1646110146562,2026-08-20T00:09:10-04:00
02336000,2000-07-31,2250,A,63.712904832,5504.7949774848003,2026-08-20T00:09:10-04:00
02336000,2000-08-01,4050,A,114.6832286976,9908.6309594726408,2026-08-20T00:09:10-04:00
02336000,2000-08-02,3220,A,91.180246026239999,7877.9732566671364,2026-08-20T00:09:10-04:00
02336000,2000-08-03,2230,A,63.146567900160001,5455.8634665738246,2026-08-20T00:09:10-04:00
02336000,2000-08-04,1990,A,56.350524718080003,4868.6853356421125,2026-08-20T00:09:10-04:00
02336000,2000-08-05,1950,A,55.217850854399998,4770.8223138201602,2026-08-20T00:09:10-04:00
02336000,2000-08-06,1050,A,29.732688921600001,2568.9043228262399,2026-08-20T00:09:10-04:00
02336000,2000-08-07,1270,A,35.962395171840001,3107.1509428469762,2026-08-20T00:09:10-04:00
02336000,2000-08-08,1880,A,53.235671592960003,4599.5620256317443,2026-08-20T00:09:10-04:00
02336000,2000-08-09,2100,A,59.465377843200002,5137.8086456524798,2026-08-20T00:09:10-04:00
02336000,2000-08-10,1900,A,53.802008524800002,4648.49353654272,2026-08-20T00:09:10-04:00
02336000,2000-08-11,2020,A,57.200030115840001,4942.082602008576,2026-08-20T00:09:10-04:00
02336000,2000-08-12,1560,A,44.174280683520003,3816.657851056128,2026-08-20T00:09:10-04:00
02336000,2000-08-13,985,A,27.892093893120002,2409.8769123655679,2026-08-20T00:09:10-04:00
02336000,2000-08-14,1370,A,38.794079831040001,3351.8084974018561,2026-08-20T00:09:10-04:00
02336000,2000-08-15,2110,A,59.748546309120002,5162.2744011079685,2026-08-20T00:09:10-04:00
02336000,2000-08-16,1950,A,55.217850854399998,4770.8223138201602,2026-08-20T00:09:10-04:00
02336000,2000-08-17,2020,A,57.200030115840001,4942.082602008576,2026-08-20T00:09:10-04:00
02336000,2000-08-18,2770,A,78.43766505984,6777.0142611701758,2026-08-20T00:09:10-04:00
02336000,2000-08-19,2020,A,57.200030115840001,4942.082602008576,2026-08-20T00:09:10-04:00
02336000,2000-08-20,1350,A,38.227742899200003,3302.87698649088,2026-08-20T00:09:10-04:00
02336000,2000-08-21,1730,A,48.988144604159999,4232.5756937994238,2026-08-20T00:09:10-04:00
02336000,2000-08-22,2460,A,69.659442616320007,6018.5758420500479,2026-08-20T00:09:10-04:00
02336000,2000-08-23,1810,A,51.25349233152,4428.3017374433284,2026-08-20T00:09:10-04:00
02336000,2000-08-24,2320,A,65.695084093440002,5676.0552656732161,2026-08-20T00:09:10-04:00
02336000,2000-08-25,2680,A,75.889148866560006,6556.8224620707842,2026-08-20T00:09:10-04:00
02336000,2000-08-26,2140,A,60.59805170688,5235.6716674744321,2026-08-20T00:09:10-04:00
02336000,2000-08-27,1760,A,49.837650001920004,4305.9729601658883,2026-08-20T00:09:10-04:00
02336000,2000-08-28,1960,A,55.501019320320005,4795.288069275648,2026-08-20T00:09:10-04:00
02336000,2000-08-29,2830,A,80.136675855359996,6923.8087939031038,2026-08-20T00:09:10-04:00
02336000,2000-08-30,2680,A,75.889148866560006,6556.8224620707842,2026-08-20T00:09:10-04:00
02336000,2000-08-31,4070,A,115.24956562944,9957.5624703836165,2026-08-20T00:09:10-04:00
02336000,2000-09-01,9410,A,266.46152643072003,23022.275883614209,2026-08-20T00:09:10-04:00
02336000,2000-09-02,2300,A,65.128747161600003,5627.1237547622404,2026-08-20T00:09:10-04:00
02336000,2000-09-03,1390,A,39.36041676288,3400.7400083128323,2026-08-20T00:09:10-04:00
02336000,2000-09-04,1340,A,37.944574433280003,3278.4112310353921,2026-08-20T00:09:10-04:00
02336000,2000-09-05,1630,A,46.156459944959998,3987.9181392445439,2026-08-20T00:09:10-04:00
02336000,2000-09-06,1950,A,55.217850854399998,4770.8223138201602,2026-08-20T00:09:10-04:00
02336000,2000-09-07,1350,A,38.227742899200003,3302.87698649088,2026-08-20T00:09:10-04:00
02336000,2000-09-08,1430,A,40.493090626560004,3498.6030301347841,2026-08-20T00:09:10-04:00
02336000,2000-09-09,1080,A,30.582194319359999,2642.3015891927039,2026-08-20T00:09:10-04:00
02336000,2000-09-10,1040,A,29.449520455680002,2544.438567370752,2026-08-20T00:09:10-04:00
02336000,2000-09-11,1060,A,30.015857387520001,2593.3700782817282,2026-08-20T00:09:10-04:00
02336000,2000-09-12,1390,A,39.36041676288,3400.7400083128323,2026-08-20T00:09:10-04:00
02336000,2000-09-13,1500,A,42.475269888,3669.8633183232,2026-08-20T00:09:10-04:00
02336000,2000-09-14,1270,A,35.962395171840001,3107.1509428469762,2026-08-20T00:09:10-04:00
02336000,2000-09-15,1600,A,45.3069545472,3914.5208728780799,2026-08-20T00:09:10-04:00
02336000,2000-09-16,1250,A,35.396058240000002,3058.2194319360001,2026-08-20T00:09:10-04:00
02336000,2000-09-17,1180,A,33.41387897856,2886.9591437475842,2026-08-20T00:09:10-04:00
02336000,2000-09-18,996,A,28.203579205632,2436.7892433666048,2026-08-20T00:09:10-04:00
02336000,2000-09-19,971,A,27.495658040832001,2375.6248547278847,2026-08-20T00:09:10-04:00
02336000,2000-09-20,1110,A,31.431699717120001,2715.6988555591679,2026-08-20T00:09:10-04:00
02336000,2000-09-21,6610,A,187.17435597312002,16171.864356077569,2026-08-20T00:09:10-04:00
02336000,2000-09-22,4880,A,138.18621136896002,11939.288662278144,2026-08-20T00:09:10-04:00
02336000,2000-09-23,3110,A,88.065392901120006,7608.8499466567682,2026-08-20T00:09:10-04:00
02336000,2000-09-24,1620,A,45.873291479039999,3963.4523837890561,2026-08-20T00:09:10-04:00
02336000,2000-09-25,1880,A,53.235671592960003,4599.5620256317443,2026-08-20T00:09:10-04:00
02336000,2000-09-26,2020,A,57.200030115840001,4942.082602008576,2026-08-20T00:09:10-04:00
02336000,2000-09-27,1320,A,37.378237501440005,3229.479720124416,2026-08-20T00:09:10-04:00
02336000,2000-09-28,1260,A,35.679226705920001,3082.6851873914879,2026-08-20T00:09:10-04:00
02336000,2000-09-29,1330,A,37.661405967360004,3253.9454755799043,2026-08-20T00:09:10-04:00
02336000,2000-09-30,1110,A,31.431699717120001,2715.6988555591679,2026-08-20T00:09:10-04:00
02336000,2000-10-01,1100,A,31.148531251200001,2691.23310010368,2026-08-20T00:09:10-04:00
02336000,2000-10-02,1250,A,35.396058240000002,3058.2194319360001,2026-08-20T00:09:10-04:00
02336000,2000-10-03,1310,A,37.095069035519998,3205.0139646689281,2026-08-20T00:09:10-04:00
02336000,2000-10-04,1220,A,34.546552842240004,2984.8221655695361,2026-08-20T00:09:10-04:00
02336000,2000-10-05,1290,A,36.528732103679999,3156.082453757952,2026-08-20T00:09:10-04:00
02336000,2000-10-06,1630,A,46.156459944959998,3987.9181392445439,2026-08-20T00:09:10-04:00
02336000,2000-10-07,1040,A,29.449520455680002,2544.438567370752,2026-08-20T00:09:10-04:00
02336000,2000-10-08,1130,A,31.998036648959999,2764.6303664701441,2026-08-20T00:09:10-04:00
02336000,2000-10-09,1060,A,30.015857387520001,2593.3700782817282,2026-08-20T00:09:10-04:00
02336000,2000-10-10,1200,A,33.980215910399998,2935.8906546585599,2026-08-20T00:09:10-04:00
02336000,2000-10-11,1550,A,43.891112217600003,3792.1920956006402,2026-08-20T00:09:10-04:00
02336000,2000-10-12,2010,A,56.916861649920001,4917.6168465530882,2026-08-20T00:09:10-04:00
02336000,2000-10-13,1430,A,40.493090626560004,3498.6030301347841,2026-08-20T00:09:10-04:00
02336000,2000-10-14,1230,A,34.829721308160003,3009.2879210250239,2026-08-20T00:09:10-04:00
02336000,2000-10-15,946,A,26.787736876032,2314.460466089165,2026-08-20T00:09:10-04:00
02336000,2000-10-16,1090,A,30.865362785280002,2666.7673446481922,2026-08-20T00:09:10-04:00
02336000,2000-10-17,1470,A,41.625764490240002,3596.466051956736,2026-08-20T00:09:10-04:00
02336000,2000-10-18,1150,A,32.564373580800002,2813.5618773811202,2026-08-20T00:09:10-04:00
02336000,2000-10-19,1210,A,34.263384376319998,2960.3564101140482,2026-08-20T00:09:10-04:00
02336000,2000-10-20,1280,A,36.24556363776,3131.6166983024641,2026-08-20T00:09:10-04:00
02336000,2000-10-21,1320,A,37.378237501440005,3229.479720124416,2026-08-20T00:09:10-04:00
02336000,2000-10-22,1090,A,30.865362785280002,2666.7673446481922,2026-08-20T00:09:10-04:00
02336000,2000-10-23,1220,A,34.546552842240004,2984.8221655695361,2026-08-20T00:09:10-04:00
02336000,2000-10-24,1430,A,40.493090626560004,3498.6030301347841,2026-08-20T00:09:10-04:00
02336000,2000-10-25,1000,A,28.316846592000001,2446.5755455488002,2026-08-20T00:09:10-04:00
02336000,2000-10-26,971,A,27.495658040832001,2375.6248547278847,2026-08-20T00:09:10-04:00
02336000,2000-10-27,1260,A,35.679226705920001,3082.6851873914879,2026-08-20T00:09:10-04:00
02336000,2000-10-28,1260,A,35.679226705920001,3082.6851873914879,2026-08-20T00:09:10-04:00
02336000,2000-10-29,1020,A,28.88318352384,2495.5070564597759,2026-08-20T00:09:10-04:00
02336000,2000-10-30,1010,A,28.60001505792,2471.041301004288,2026-08-20T00:09:10-04:00
02336000,2000-10-31,1040,A,29.449520455680002,2544.438567370752,2026-08-20T00:09:10-04:00
02336000,2000-11-01,1260,A,35.679226705920001,3082.6851873914879,2026-08-20T00:09:10-04:00
02336000,2000-11-02,1150,A,32.564373580800002,2813.5618773811202,2026-08-20T00:09:10-04:00
02336000,2000-11-03,1140,A,32.281205114880002,2789.0961219256319,2026-08-20T00:09:10-04:00
02336000,2000-11-04,1060,A,30.015857387520001,2593.3700782817282,2026-08-20T00:09:10-04:00
02336000,2000-11-05,1070,A,30.29902585344,2617.835833737216,2026-08-20T00:09:10-04:00
02336000,2000-11-06,1060,A,30.015857387520001,2593.3700782817282,2026-08-20T00:09:10-04:00
02336000,2000-11-07,1290,A,36.528732103679999,3156.082453757952,2026-08-20T00:09:10-04:00
02336000,2000-11-08,1430,A,40.493090626560004,3498.6030301347841,2026-08-20T00:09:10-04:00
02336000,2000-11-09,4820,A,136.48720057343999,11792.494129545217,2026-08-20T00:09:10-04:00
02336000,2000-11-10,2580,A,73.057464207359999,6312.1649075159039,2026-08-20T00:09:10-04:00
02336000,2000-11-11,1470,A,41.625764490240002,3596.466051956736,2026-08-20T00:09:10-04:00
02336000,2000-11-12,1080,A,30.582194319359999,2642.3015891927039,2026-08-20T00:09:10-04:00
02336000,2000-11-13,1130,A,31.998036648959999,2764.6303664701441,2026-08-20T00:09:10-04:00
02336000,2000-11-14,1210,A,34.263384376319998,2960.3564101140482,2026-08-20T00:09:10-04:00
02336000,2000-11-15,1220,A,34.546552842240004,2984.8221655695361,2026-08-20T00:09:10-04:00
02336000,2000-11-16,1340,A,37.944574433280003,3278.4112310353921,2026-08-20T00:09:10-04:00
02336000,2000-11-17,1240,A,35.112889774080003,3033.7536764805122,2026-08-20T00:09:10-04:00
02336000,2000-11-18,1310,A,37.095069035519998,3205.0139646689281,2026-08-20T00:09:10-04:00
02336000,2000-11-19,1540,A,43.607943751680004,3767.7263401451523,2026-08-20T00:09:10-04:00
02336000,2000-11-20,1830,A,51.819829263359999,4477.2332483543041,2026-08-20T00:09:10-04:00
02336000,2000-11-21,1510,A,42.758438353919999,3694.3290737786883,2026-08-20T00:09:10-04:00
02336000,2000-11-22,1410,A,39.926753694719999,3449.671519223808,2026-08-20T00:09:10-04:00
02336000,2000-11-23,1370,A,38.794079831040001,3351.8084974018561,2026-08-20T00:09:10-04:00
02336000,2000-11-24,1120,A,31.71486818304,2740.1646110146562,2026-08-20T00:09:10-04:00
02336000,2000-11-25,2210,A,62.580230968320002,5406.9319556628479,2026-08-20T00:09:10-04:00
02336000,2000-11-26,1540,A,43.607943751680004,3767.7263401451523,2026-08-20T00:09:10-04:00
02336000,2000-11-27,1210,A,34.263384376319998,2960.3564101140482,2026-08-20T00:09:10-04:00
02336000,2000-11-28,1510,A,42.758438353919999,3694.3290737786883,2026-08-20T00:09:10-04:00
02336000,2000-11-29,1480,A,41.908932956160001,3620.9318074122243,2026-08-20T00:09:10-04:00
02336000,2000-11-30,1410,A,39.926753694719999,3449.671519223808,2026-08-20T00:09:10-04:00
02336000,2000-12-01,1070,A,30.29902585344,2617.835833737216,2026-08-20T00:09:10-04:00
02336000,2000-12-02,1220,A,34.546552842240004,2984.8221655695361,2026-08-20T00:09:10-04:00
02336000,2000-12-03,1110,A,31.431699717120001,2715.6988555591679,2026-08-20T00:09:10-04:00
02336000,2000-12-04,1090,A,30.865362785280002,2666.7673446481922,2026-08-20T00:09:10-04:00
02336000,2000-12-05,1410,A,39.926753694719999,3449.671519223808,2026-08-20T00:09:10-04:00
02336000,2000-12-06,1620,A,45.873291479039999,3963.4523837890561,2026-08-20T00:09:10-04:00
02336000,2000-12-07,1510,A,42.758438353919999,3694.3290737786883,2026-08-20T00:09:10-04:00
02336000,2000-12-08,1220,A,34.546552842240004,2984.8221655695361,2026-08-20T00:09:10-04:00
02336000,2000-12-09,1180,A,33.41387897856,2886.9591437475842,2026-08-20T00:09:10-04:00
02336000,2000-12-10,1150,A,32.564373580800002,2813.5618773811202,2026-08-20T00:09:10-04:00
02336000,2000-12-11,1110,A,31.431699717120001,2715.6988555591679,2026-08-20T00:09:10-04:00
02336000,2000-12-12,1170,A,33.13071051264,2862.4933882920959,2026-08-20T00:09:10-04:00
02336000,2000-12-13,1250,A,35.396058240000002,3058.2194319360001,2026-08-20T00:09:10-04:00
02336000,2000-12-14,1610,A,45.590123013119999,3938.9866283335682,2026-08-20T00:09:10-04:00
02336000,2000-12-15,1500,A,42.475269888,3669.8633183232,2026-08-20T00:09:10-04:00
02336000,2000-12-16,1940,A,54.934682388479999,4746.3565583646723,2026-08-20T00:09:10-04:00
02336000,2000-12-17,2220,A,62.863399434240002,5431.3977111183358,2026-08-20T00:09:10-04:00
02336000,2000-12-18,1460,A,41.342596024320002,3572.0002965012482,2026-08-20T00:09:10-04:00
02336000,2000-12-19,1540,A,43.607943751680004,3767.7263401451523,2026-08-20T00:09:10-04:00
02336000,2000-12-20,1290,A,36.528732103679999,3156.082453757952,2026-08-20T00:09:10-04:00
02336000,2000-12-21,1110,A,31.431699717120001,2715.6988555591679,2026-08-20T00:09:10-04:00
02336000,2000-12-22,1130,A,31.998036648959999,2764.6303664701441,2026-08-20T00:09:10-04:00
02336000,2000-12-23,1330,A,37.661405967360004,3253.9454755799043,2026-08-20T00:09:10-04:00
02336000,2000-12-24,1170,A,33.13071051264,2862.4933882920959,2026-08-20T00:09:10-04:00
02336000,2000-12-25,1050,A,29.732688921600001,2568.9043228262399,2026-08-20T00:09:10-04:00
02336000,2000-12-26,1260,A,35.679226705920001,3082.6851873914879,2026-08-20T00:09:10-04:00
02336000,2000-12-27,1310,A,37.095069035519998,3205.0139646689281,2026-08-20T00:09:10-04:00
02336000,2000-12-28,1270,A,35.962395171840001,3107.1509428469762,2026-08-20T00:09:10-04:00
02336000,2000-12-29,1340,A,37.944574433280003,3278.4112310353921,2026-08-20T00:09:10-04:00
02336000,2000-12-30,1160,A,32.847542046720001,2838.0276328366081,2026-08-20T00:09:10-04:00
02336000,2000-12-31,1100,A,31.148531251200001,2691.23310010368,2026-08-20T00:09:10-04:00
02336000,2001-01-01,1090,A,30.865362785280002,2666.7673446481922,2026-08-20T00:09:10-04:00
02336000,2001-01-02,1090,A,30.865362785280002,2666.7673446481922,2026-08-20T00:09:10-04:00
02336000,2001-01-03,1440,A,40.776259092480004,3523.068785590272,2026-08-20T00:09:10-04:00
02336000,2001-01-04,1170,A,33.13071051264,2862.4933882920959,2026-08-20T00:09:10-04:00
02336000,2001-01-05,1110,A,31.431699717120001,2715.6988555591679,2026-08-20T00:09:10-04:00
02336000,2001-01-06,1100,A,31.148531251200001,2691.23310010368,2026-08-20T00:09:10-04:00
02336000,2001-01-07,1090,A,30.865362785280002,2666.7673446481922,2026-08-20T00:09:10-04:00
02336000,2001-01-08,1490,A,42.19210142208,3645.3975628677122,2026-08-20T00:09:10-04:00
02336000,2001-01-09,1670,A,47.289133808640003,4085.7811610664962,2026-08-20T00:09:10-04:00
02336000,2001-01-10,1340,A,37.944574433280003,3278.4112310353921,2026-08-20T00:09:10-04:00
02336000,2001-01-11,1170,A,33.13071051264,2862.4933882920959,2026-08-20T00:09:10-04:00
02336000,2001-01-12,1290,A,36.528732103679999,3156.082453757952,2026-08-20T00:09:10-04:00
02336000,2001-01-13,1210,A,34.263384376319998,2960.3564101140482,2026-08-20T00:09:10-04:00
02336000,2001-01-14,1180,A,33.41387897856,2886.9591437475842,2026-08-20T00:09:10-04:00
02336000,2001-01-15,1190,A,33.697047444479999,2911.4248992030721,2026-08-20T00:09:10-04:00
02336000,2001-01-16,1130,A,31.998036648959999,2764.6303664701441,2026-08-20T00:09:10-04:00
02336000,2001-01-17,1170,A,33.13071051264,2862.4933882920959,2026-08-20T00:09:10-04:00
02336000,2001-01-18,1440,A,40.776259092480004,3523.068785590272,2026-08-20T00:09:10-04:00
02336000,2001-01-19,4250,A,120.346598016,10397.9460685824,2026-08-20T00:09:10-04:00
02336000,2001-01-20,3930,A,111.28520710656001,9615.0418940067848,2026-08-20T00:09:10-04:00
02336000,2001-01-21,2190,A,62.013894036480004,5358.0004447518722,2026-08-20T00:09:10-04:00
02336000,2001-01-22,1370,A,38.794079831040001,3351.8084974018561,2026-08-20T00:09:10-04:00
02336000,2001-01-23,1280,A,36.24556363776,3131.6166983024641,2026-08-20T00:09:10-04:00
02336000,2001-01-24,1390,A,39.36041676288,3400.7400083128323,2026-08-20T00:09:10-04:00
02336000,2001-01-25,1140,A,32.281205114880002,2789.0961219256319,2026-08-20T00:09:10-04:00
02336000,2001-01-26,1110,A,31.431699717120001,2715.6988555591679,2026-08-20T00:09:10-04:00
02336000,2001-01-27,1090,A,30.865362785280002,2666.7673446481922,2026-08-20T00:09:10-04:00
02336000,2001-01-28,1080,A,30.582194319359999,2642.3015891927039,2026-08-20T00:09:10-04:00
02336000,2001-01-29,1090,A,30.865362785280002,2666.7673446481922,2026-08-20T00:09:10-04:00
02336000,2001-01-30,1740,A,49.271313070079998,4257.0414492549125,2026-08-20T00:09:10-04:00
02336000,2001-01-31,1600,A,45.3069545472,3914.5208728780799,2026-08-20T00:09:10-04:00
02336000,2001-02-01,1180,A,33.41387897856,2886.9591437475842,2026-08-20T00:09:10-04:00
02336000,2001-02-02,1110,A,31.431699717120001,2715.6988555591679,2026-08-20T00:09:10-04:00
02336000,2001-02-03,1100,A,31.148531251200001,2691.23310010368,2026-08-20T00:09:10-04:00
02336000,2001-02-04,1090,A,30.865362785280002,2666.7673446481922,2026-08-20T00:09:10-04:00
02336000,2001-02-05,1180,A,33.41387897856,2886.9591437475842,2026-08-20T00:09:10-04:00
02336000,2001-02-06,1240,A,35.112889774080003,3033.7536764805122,2026-08-20T00:09:10-04:00
02336000,2001-02-07,1070,A,30.29902585344,2617.835833737216,2026-08-20T00:09:10-04:00
02336000,2001-02-08,1110,A,31.431699717120001,2715.6988555591679,2026-08-20T00:09:10-04:00
02336000,2001-02-09,1180,A,33.41387897856,2886.9591437475842,2026-08-20T00:09:10-04:00
02336000,2001-02-10,1230,A,34.829721308160003,3009.2879210250239,2026-08-20T00:09:10-04:00
02336000,2001-02-11,1080,A,30.582194319359999,2642.3015891927039,2026-08-20T00:09:10-04:00
02336000,2001-02-12,1130,A,31.998036648959999,2764.6303664701441,2026-08-20T00:09:10-04:00
02336000,2001-02-13,1320,A,37.378237501440005,3229.479720124416,2026-08-20T00:09:10-04:00
02336000,2001-02-14,1140,A,32.281205114880002,2789.0961219256319,2026-08-20T00:09:10-04:00
02336000,2001-02-15,1130,A,31.998036648959999,2764.6303664701441,2026-08-20T00:09:10-04:00
02336000,2001-02-16,1270,A,35.962395171840001,3107.1509428469762,2026-08-20T00:09:10-04:00
02336000,2001-02-17,2340,A,66.261421025280001,5724.9867765841918,2026-08-20T00:09:10-04:00
02336000,2001-02-18,1380,A,39.077248296960001,3376.274252857344,2026-08-20T00:09:10-04:00
02336000,2001-02-19,1110,A,31.431699717120001,2715.6988555591679,2026-08-20T00:09:10-04:00
02336000,2001-02-20,1090,A,30.865362785280002,2666.7673446481922,2026-08-20T00:09:10-04:00
02336000,2001-02-21,1100,A,31.148531251200001,2691.23310010368,2026-08-20T00:09:10-04:00
02336000,2001-02-22,3840,A,108.73669091328,9394.8500949073932,2026-08-20T00:09:10-04:00
02336000,2001-02-23,2460,A,69.659442616320007,6018.5758420500479,2026-08-20T00:09:10-04:00
02336000,2001-02-24,1290,A,36.528732103679999,3156.082453757952,2026-08-20T00:09:10-04:00
02336000,2001-02-25,1640,A,46.439628410880005,4012.3838947000322,2026-08-20T00:09:10-04:00
02336000,2001-02-26,2100,A,59.465377843200002,5137.8086456524798,2026-08-20T00:09:10-04:00
02336000,2001-02-27,1300,A,36.811900569599999,3180.5482092134403,2026-08-20T00:09:10-04:00
02336000,2001-02-28,1150,A,32.564373580800002,2813.5618773811202,2026-08-20T00:09:10-04:00
02336000,2001-03-01,1120,A,31.71486818304,2740.1646110146562,2026-08-20T00:09:10-04:00
02336000,2001-03-02,1140,A,32.281205114880002,2789.0961219256319,2026-08-20T00:09:10-04:00
02336000,2001-03-03,1390,A,39.36041676288,3400.7400083128323,2026-08-20T00:09:10-04:00
02336000,2001-03-04,3300,A,93.445593753600008,8073.6993003110401,2026-08-20T00:09:10-04:00
02336000,2001-03-05,1800,A,50.970323865600001,4403.8359819878406,2026-08-20T00:09:10-04:00
02336000,2001-03-06,1200,A,33.980215910399998,2935.8906546585599,2026-08-20T00:09:10-04:00
02336000,2001-03-07,1150,A,32.564373580800002,2813.5618773811202,2026-08-20T00:09:10-04:00
02336000,2001-03-08,1130,A,31.998036648959999,2764.6303664701441,2026-08-20T00:09:10-04:00
02336000,2001-03-09,1120,A,31.71486818304,2740.1646110146562,2026-08-20T00:09:10-04:00
02336000,2001-03-10,1100,A,31.148531251200001,2691.23310010368,2026-08-20T00:09:10-04:00
02336000,2001-03-11,1100,A,31.148531251200001,2691.23310010368,2026-08-20T00:09:10-04:00
02336000,2001-03-12,2800,A,79.287170457599998,6850.4115275366403,2026-08-20T00:09:10-04:00
02336000,2001-03-13,5170,A,146.39809688064,12648.795570487297,2026-08-20T00:09:10-04:00
02336000,2001-03-14,2190,A,62.013894036480004,5358.0004447518722,2026-08-20T00:09:10-04:00
02336000,2001-03-15,5530,A,156.59216165376,13529.562766884865,2026-08-20T00:09:10-04:00
02336000,2001-03-16,3290,A,93.162425287680009,8049.2335448555523,2026-08-20T00:09:10-04:00
02336000,2001-03-17,1780,A,50.403986933760002,4354.904471076864,2026-08-20T00:09:10-04:00
02336000,2001-03-18,1120,A,31.71486818304,2740.1646110146562,2026-08-20T00:09:10-04:00
02336000,2001-03-19,1120,A,31.71486818304,2740.1646110146562,2026-08-20T00:09:10-04:00
02336000,2001-03-20,3600,A,101.9406477312,8807.6719639756811,2026-08-20T00:09:10-04:00
02336000,2001-03-21,3040,A,86.083213639679997,7437.5896584683524,2026-08-20T00:09:10-04:00
02336000,2001-03-22,1540,A,43.607943751680004,3767.7263401451523,2026-08-20T00:09:10-04:00
02336000,2001-03-23,1180,A,33.41387897856,2886.9591437475842,2026-08-20T00:09:10-04:00
02336000,2001-03-24,1050,A,29.732688921600001,2568.9043228262399,2026-08-20T00:09:10-04:00
02336000,2001-03-25,1010,A,28.60001505792,2471.041301004288,2026-08-20T00:09:10-04:00
02336000,2001-03-26,1070,A,30.29902585344,2617.835833737216,2026-08-20T00:09:10-04:00
02336000,2001-03-27,1200,A,33.980215910399998,2935.8906546585599,2026-08-20T00:09:10-04:00
02336000,2001-03-28,1090,A,30.865362785280002,2666.7673446481922,2026-08-20T00:09:10-04:00
02336000,2001-03-29,1610,A,45.590123013119999,3938.9866283335682,2026-08-20T00:09:10-04:00
02336000,2001-03-30,2460,A,69.659442616320007,6018.5758420500479,2026-08-20T00:09:10-04:00
02336000,2001-03-31,1460,A,41.342596024320002,3572.0002965012482,2026-08-20T00:09:10-04:00
02336000,2001-04-01,1080,A,30.582194319359999,2642.3015891927039,2026-08-20T00:09:10-04:00
02336000,2001-04-02,1000,A,28.316846592000001,2446.5755455488002,2026-08-20T00:09:10-04:00
02336000,2001-04-03,2060,A,58.332703979520005,5039.9456238305283,2026-08-20T00:09:10-04:00
02336000,2001-04-04,2490,A,70.508948014080005,6091.9731084165123,2026-08-20T00:09:10-04:00
02336000,2001-04-05,1750,A,49.554481536000004,4281.5072047104004,2026-08-20T00:09:10-04:00
02336000,2001-04-06,1070,A,30.29902585344,2617.835833737216,2026-08-20T00:09:10-04:00
02336000,2001-04-07,1080,A,30.582194319359999,2642.3015891927039,2026-08-20T00:09:10-04:00
02336000,2001-04-08,1010,A,28.60001505792,2471.041301004288,2026-08-20T00:09:10-04:00
02336000,2001-04-09,973,A,27.552291734016002,2380.5180058189826,2026-08-20T00:09:10-04:00
02336000,2001-04-10,974,A,27.580608580608001,2382.9645813645311,2026-08-20T00:09:10-04:00
02336000,2001-04-11,984,A,27.863777046528,2407.4303368200194,2026-08-20T00:09:10-04:00
02336000,2001-04-12,959,A,27.155855881728002,2346.2659481812993,2026-08-20T00:09:10-04:00
02336000,2001-04-13,967,A,27.382390654464,2365.8385525456897,2026-08-20T00:09:10-04:00
02336000,2001-04-14,968,A,27.410707501056002,2368.2851280912387,2026-08-20T00:09:10-04:00
02336000,2001-04-15,1290,A,36.528732103679999,3156.082453757952,2026-08-20T00:09:10-04:00
02336000,2001-04-16,1420,A,40.209922160639998,3474.1372746792963,2026-08-20T00:09:10-04:00
02336000,2001-04-17,1010,A,28.60001505792,2471.041301004288,2026-08-20T00:09:10-04:00
02336000,2001-04-18,964,A,27.297440114688001,2358.4988259090433,2026-08-20T00:09:10-04:00
02336000,2001-04-19,953,A,26.985954802176,2331.5864949080064,2026-08-20T00:09:10-04:00
02336000,2001-04-20,961,A,27.212489574912002,2351.1590992723968,2026-08-20T00:09:10-04:00
02336000,2001-04-21,915,A,25.90991463168,2238.6166241771521,2026-08-20T00:09:10-04:00
02336000,2001-04-22,908,A,25.711696705535999,2221.4905953583107,2026-08-20T00:09:10-04:00
02336000,2001-04-23,910,A,25.76833039872,2226.3837464494081,2026-08-20T00:09:10-04:00
02336000,2001-04-24,907,A,25.683379858944001,2219.0440198127617,2026-08-20T00:09:10-04:00
02336000,2001-04-25,916,A,25.938231478272002,2241.063199722701,2026-08-20T00:09:10-04:00
02336000,2001-04-26,1090,A,30.865362785280002,2666.7673446481922,2026-08-20T00:09:10-04:00
02336000,2001-04-27,895,A,25.343577699840001,2189.6851132661759,2026-08-20T00:09:10-04:00
02336000,2001-04-28,916,A,25.938231478272002,2241.063199722701,2026-08-20T00:09:10-04:00
02336000,2001-04-29,957,A,27.099222188544001,2341.3727970902019,2026-08-20T00:09:10-04:00
02336000,2001-04-30,988,A,27.977044432896001,2417.2166390022144,2026-08-20T00:09:10-04:00
02336000,2001-05-01,983,A,27.835460199936001,2404.9837612744705,2026-08-20T00:09:10-04:00
02336000,2001-05-02,976,A,27.637242273792001,2387.857732455629,2026-08-20T00:09:10-04:00
02336000,2001-05-03,962,A,27.240806421504001,2353.6056748179458,2026-08-20T00:09:10-04:00
02336000,2001-05-04,966,A,27.354073807872002,2363.3919770001407,2026-08-20T00:09:10-04:00
02336000,2001-05-05,954,A,27.014271648768002,2334.0330704535554,2026-08-20T00:09:10-04:00
02336000,2001-05-06,951,A,26.929321108991999,2326.693343816909,2026-08-20T00:09:10-04:00
02336000,2001-05-07,970,A,27.467341194239999,2373.1782791823362,2026-08-20T00:09:10-04:00
02336000,2001-05-08,963,A,27.269123268095999,2356.0522503634943,2026-08-20T00:09:10-04:00
02336000,2001-05-09,964,A,27.297440114688001,2358.4988259090433,2026-08-20T00:09:10-04:00
02336000,2001-05-10,966,A,27.354073807872002,2363.3919770001407,2026-08-20T00:09:10-04:00
02336000,2001-05-11,1030,A,29.166351989760003,2519.9728119152642,2026-08-20T00:09:10-04:00
02336000,2001-05-12,1090,A,30.865362785280002,2666.7673446481922,2026-08-20T00:09:10-04:00
02336000,2001-05-13,941,A,26.646152643072,2302.2275883614207,2026-08-20T00:09:10-04:00
02336000,2001-05-14,912,A,25.824964091904,2231.2768975405056,2026-08-20T00:09:10-04:00
02336000,2001-05-15,905,A,25.62674616576,2214.1508687216642,2026-08-20T00:09:10-04:00
02336000,2001-05-16,930,A,26.334667330560002,2275.3152573603843,2026-08-20T00:09:10-04:00
02336000,2001-05-17,940,A,26.617835796480001,2299.7810128158721,2026-08-20T00:09:10-04:00
02336000,2001-05-18,978,A,27.693875966976002,2392.7508835467265,2026-08-20T00:09:10-04:00
02336000,2001-05-19,1510,A,42.758438353919999,3694.3290737786883,2026-08-20T00:09:10-04:00
02336000,2001-05-20,1900,A,53.802008524800002,4648.49353654272,2026-08-20T00:09:10-04:00
02336000,2001-05-21,1030,A,29.166351989760003,2519.9728119152642,2026-08-20T00:09:10-04:00
02336000,2001-05-22,968,A,27.410707501056002,2368.2851280912387,2026-08-20T00:09:10-04:00
02336000,2001-05-23,939,A,26.589518949887999,2297.3344372703232,2026-08-20T00:09:10-04:00
02336000,2001-05-24,935,A,26.476251563520002,2287.5481350881282,2026-08-20T00:09:10-04:00
02336000,2001-05-25,1140,A,32.281205114880002,2789.0961219256319,2026-08-20T00:09:10-04:00
02336000,2001-05-26,1030,A,29.166351989760003,2519.9728119152642,2026-08-20T00:09:10-04:00
02336000,2001-05-27,951,A,26.929321108991999,2326.693343816909,2026-08-20T00:09:10-04:00
02336000,2001-05-28,1150,A,32.564373580800002,2813.5618773811202,2026-08-20T00:09:10-04:00
02336000,2001-05-29,3570,A,101.09114233344,8734.2746976092167,2026-08-20T00:09:10-04:00
02336000,2001-05-30,1310,A,37.095069035519998,3205.0139646689281,2026-08-20T00:09:10-04:00
02336000,2001-05-31,1040,A,29.449520455680002,2544.438567370752,2026-08-20T00:09:10-04:00
02336000,2001-06-01,3460,A,97.976289208319997,8465.1513875988476,2026-08-20T00:09:10-04:00
02336000,2001-06-02,3850,A,109.0198593792,9419.3158503628802,2026-08-20T00:09:10-04:00
02336000,2001-06-03,1890,A,53.518840058880002,4624.0277810872321,2026-08-20T00:09:10-04:00
02336000,2001-06-04,2160,A,61.164388638719998,5284.6031783854078,2026-08-20T00:09:10-04:00
02336000,2001-06-05,1280,A,36.24556363776,3131.6166983024641,2026-08-20T00:09:10-04:00
02336000,2001-06-06,1710,A,48.42180767232,4183.6441828884481,2026-08-20T00:09:10-04:00
02336000,2001-06-07,1810,A,51.25349233152,4428.3017374433284,2026-08-20T00:09:10-04:00
02336000,2001-06-08,1180,A,33.41387897856,2886.9591437475842,2026-08-20T00:09:10-04:00
02336000,2001-06-09,1100,A,31.148531251200001,2691.23310010368,2026-08-20T00:09:10-04:00
02336000,2001-06-10,1040,A,29.449520455680002,2544.438567370752,2026-08-20T00:09:10-04:00
02336000,2001-06-11,1020,A,28.88318352384,2495.5070564597759,2026-08-20T00:09:10-04:00
02336000,2001-06-12,1030,A,29.166351989760003,2519.9728119152642,2026-08-20T00:09:10-04:00
02336000,2001-06-13,1010,A,28.60001505792,2471.041301004288,2026-08-20T00:09:10-04:00
02336000,2001-06-14,968,A,27.410707501056002,2368.2851280912387,2026-08-20T00:09:10-04:00
02336000,2001-06-15,956,A,27.070905341952002,2338.9262215446529,2026-08-20T00:09:10-04:00
02336000,2001-06-16,1030,A,29.166351989760003,2519.9728119152642,2026-08-20T00:09:10-04:00
02336000,2001-06-17,949,A,26.872687415808002,2321.8001927258115,2026-08-20T00:09:10-04:00
02336000,2001-06-18,931,A,26.362984177152001,2277.7618329059328,2026-08-20T00:09:10-04:00
02336000,2001-06-19,922,A,26.108132557824,2255.7426529959935,2026-08-20T00:09:10-04:00
02336000,2001-06-20,931,A,26.362984177152001,2277.7618329059328,2026-08-20T00:09:10-04:00
02336000,2001-06-21,939,A,26.589518949887999,2297.3344372703232,2026-08-20T00:09:10-04:00
02336000,2001-06-22,1200,A,33.980215910399998,2935.8906546585599,2026-08-20T00:09:10-04:00
02336000,2001-06-23,1550,A,43.891112217600003,3792.1920956006402,2026-08-20T00:09:10-04:00
02336000,2001-06-24,1060,A,30.015857387520001,2593.3700782817282,2026-08-20T00:09:10-04:00
02336000,2001-06-25,1030,A,29.166351989760003,2519.9728119152642,2026-08-20T00:09:10-04:00
02336000,2001-06-26,1050,A,29.732688921600001,2568.9043228262399,2026-08-20T00:09:10-04:00
02336000,2001-06-27,1070,A,30.29902585344,2617.835833737216,2026-08-20T00:09:10-04:00
02336000,2001-06-28,1080,A,30.582194319359999,2642.3015891927039,2026-08-20T00:09:10-04:00
02336000,2001-06-29,1480,A,41.908932956160001,3620.9318074122243,2026-08-20T00:09:10-04:00
02336000,2001-06-30,1370,A,38.794079831040001,3351.8084974018561,2026-08-20T00:09:10-04:00
02336000,2001-07-01,1730,A,48.988144604159999,4232.5756937994238,2026-08-20T00:09:10-04:00
02336000,2001-07-02,1300,A,36.811900569599999,3180.5482092134403,2026-08-20T00:09:10-04:00
02336000,2001-07-03,1340,A,37.944574433280003,3278.4112310353921,2026-08-20T00:09:10-04:00
02336000,2001-07-04,2930,A,82.968360514560004,7168.4663484579842,2026-08-20T00:09:10-04:00
02336000,2001-07-05,2410,A,68.243600286719996,5896.2470647726086,2026-08-20T00:09:10-04:00
02336000,2001-07-06,1260,A,35.679226705920001,3082.6851873914879,2026-08-20T00:09:10-04:00
02336000,2001-07-07,1190,A,33.697047444479999,2911.4248992030721,2026-08-20T00:09:10-04:00
02336000,2001-07-08,1130,A,31.998036648959999,2764.6303664701441,2026-08-20T00:09:10-04:00
02336000,2001-07-09,1130,A,31.998036648959999,2764.6303664701441,2026-08-20T00:09:10-04:00
02336000,2001-07-10,1170,A,33.13071051264,2862.4933882920959,2026-08-20T00:09:10-04:00
02336000,2001-07-11,1170,A,33.13071051264,2862.4933882920959,2026-08-20T00:09:10-04:00
02336000,2001-07-12,1240,A,35.112889774080003,3033.7536764805122,2026-08-20T00:09:10-04:00
02336000,2001-07-13,1230,A,34.829721308160003,3009.2879210250239,2026-08-20T00:09:10-04:00
02336000,2001-07-14,1250,A,35.396058240000002,3058.2194319360001,2026-08-20T00:09:10-04:00
02336000,2001-07-15,1300,A,36.811900569599999,3180.5482092134403,2026-08-20T00:09:10-04:00
02336000,2001-07-16,1310,A,37.095069035519998,3205.0139646689281,2026-08-20T00:09:10-04:00
02336000,2001-07-17,1310,A,37.095069035519998,3205.0139646689281,2026-08-20T00:09:10-04:00
02336000,2001-07-18,1310,A,37.095069035519998,3205.0139646689281,2026-08-20T00:09:10-04:00
02336000,2001-07-19,1310,A,37.095069035519998,3205.0139646689281,2026-08-20T00:09:10-04:00
02336000,2001-07-20,1460,A,41.342596024320002,3572.0002965012482,2026-08-20T00:09:10-04:00
02336000,2001-07-21,1400,A,39.643585228799999,3425.2057637683201,2026-08-20T00:09:10-04:00
02336000,2001-07-22,1360,A,38.510911365120002,3327.3427419463683,2026-08-20T00:09:10-04:00
02336000,2001-07-23,1330,A,37.661405967360004,3253.9454755799043,2026-08-20T00:09:10-04:00
02336000,2001-07-24,1260,A,35.679226705920001,3082.6851873914879,2026-08-20T00:09:10-04:00
02336000,2001-07-25,3920,A,111.00203864064001,9590.576138551296,2026-08-20T00:09:10-04:00
02336000,2001-07-26,3430,A,97.126783810559999,8391.7541212323849,2026-08-20T00:09:10-04:00
02336000,2001-07-27,1460,A,41.342596024320002,3572.0002965012482,2026-08-20T00:09:10-04:00
02336000,2001-07-28,1330,A,37.661405967360004,3253.9454755799043,2026-08-20T00:09:10-04:00
02336000,2001-07-29,1300,A,36.811900569599999,3180.5482092134403,2026-08-20T00:09:10-04:00
02336000,2001-07-30,1650,A,46.722796876800004,4036.8496501555201,2026-08-20T00:09:10-04:00
02336000,2001-07-31,4410,A,124.87729347072001,10789.398155870209,2026-08-20T00:09:10-04:00
02336000,2001-08-01,2720,A,77.021822730240004,6654.6854838927366,2026-08-20T00:09:10-04:00
02336000,2001-08-02,1370,A,38.794079831040001,3351.8084974018561,2026-08-20T00:09:10-04:00
02336000,2001-08-03,1360,A,38.510911365120002,3327.3427419463683,2026-08-20T00:09:10-04:00
02336000,2001-08-04,1400,A,39.643585228799999,3425.2057637683201,2026-08-20T00:09:10-04:00
02336000,2001-08-05,1540,A,43.607943751680004,3767.7263401451523,2026-08-20T00:09:10-04:00
02336000,2001-08-06,1440,A,40.776259092480004,3523.068785590272,2026-08-20T00:09:10-04:00
02336000,2001-08-07,1420,A,40.209922160639998,3474.1372746792963,2026-08-20T00:09:10-04:00
02336000,2001-08-08,1390,A,39.36041676288,3400.7400083128323,2026-08-20T00:09:10-04:00
02336000,2001-08-09,1460,A,41.342596024320002,3572.0002965012482,2026-08-20T00:09:10-04:00
02336000,2001-08-10,1490,A,42.19210142208,3645.3975628677122,2026-08-20T00:09:10-04:00
02336000,2001-08-11,1520,A,43.041606819839998,3718.7948292341762,2026-08-20T00:09:10-04:00
02336000,2001-08-12,1640,A,46.439628410880005,4012.3838947000322,2026-08-20T00:09:10-04:00
02336000,2001-08-13,2730,A,77.304991196160003,6679.1512393482244,2026-08-20T00:09:10-04:00
02336000,2001-08-14,2560,A,72.49112727552,6263.2333966049282,2026-08-20T00:09:10-04:00
02336000,2001-08-15,1750,A,49.554481536000004,4281.5072047104004,2026-08-20T00:09:10-04:00
02336000,2001-08-16,1460,A,41.342596024320002,3572.0002965012482,2026-08-20T00:09:10-04:00
02336000,2001-08-17,1340,A,37.944574433280003,3278.4112310353921,2026-08-20T00:09:10-04:00
02336000,2001-08-18,1320,A,37.378237501440005,3229.479720124416,2026-08-20T00:09:10-04:00
02336000,2001-08-19,1330,A,37.661405967360004,3253.9454755799043,2026-08-20T00:09:10-04:00
02336000,2001-08-20,1310,A,37.095069035519998,3205.0139646689281,2026-08-20T00:09:10-04:00
02336000,2001-08-21,1250,A,35.396058240000002,3058.2194319360001,2026-08-20T00:09:10-04:00
02336000,2001-08-22,1400,A,39.643585228799999,3425.2057637683201,2026-08-20T00:09:10-04:00
02336000,2001-08-23,1410,A,39.926753694719999,3449.671519223808,2026-08-20T00:09:10-04:00
02336000,2001-08-24,1390,A,39.36041676288,3400.7400083128323,2026-08-20T00:09:10-04:00
02336000,2001-08-25,1370,A,38.794079831040001,3351.8084974018561,2026-08-20T00:09:10-04:00
02336000,2001-08-26,1360,A,38.510911365120002,3327.3427419463683,2026-08-20T00:09:10-04:00
02336000,2001-08-27,1730,A,48.988144604159999,4232.5756937994238,2026-08-20T00:09:10-04:00
02336000,2001-08-28,1430,A,40.493090626560004,3498.6030301347841,2026-08-20T00:09:10-04:00
02336000,2001-08-29,1620,A,45.873291479039999,3963.4523837890561,2026-08-20T00:09:10-04:00
02336000,2001-08-30,1390,A,39.36041676288,3400.7400083128323,2026-08-20T00:09:10-04:00
02336000,2001-08-31,1230,A,34.829721308160003,3009.2879210250239,2026-08-20T00:09:10-04:00
02336000,2001-09-01,1300,A,36.811900569599999,3180.5482092134403,2026-08-20T00:09:10-04:00
02336000,2001-09-02,1260,A,35.679226705920001,3082.6851873914879,2026-08-20T00:09:10-04:00
02336000,2001-09-03,1480,A,41.908932956160001,3620.9318074122243,2026-08-20T00:09:10-04:00
02336000,2001-09-04,1880,A,53.235671592960003,4599.5620256317443,2026-08-20T00:09:10-04:00
02336000,2001-09-05,1340,A,37.944574433280003,3278.4112310353921,2026-08-20T00:09:10-04:00
02336000,2001-09-06,1150,A,32.564373580800002,2813.5618773811202,2026-08-20T00:09:10-04:00
02336000,2001-09-07,1140,A,32.281205114880002,2789.0961219256319,2026-08-20T00:09:10-04:00
02336000,2001-09-08,1130,A,31.998036648959999,2764.6303664701441,2026-08-20T00:09:10-04:00
02336000,2001-09-09,1130,A,31.998036648959999,2764.6303664701441,2026-08-20T00:09:10-04:00
02336000,2001-09-10,1400,A,39.643585228799999,3425.2057637683201,2026-08-20T00:09:10-04:00
02336000,2001-09-11,1180,A,33.41387897856,2886.9591437475842,2026-08-20T00:09:10-04:00
02336000,2001-09-12,1180,A,33.41387897856,2886.9591437475842,2026-08-20T00:09:10-04:00
02336000,2001-09-13,1180,A,33.41387897856,2886.9591437475842,2026-08-20T00:09:10-04:00
02336000,2001-09-14,1170,A,33.13071051264,2862.4933882920959,2026-08-20T00:09:10-04:00
02336000,2001-09-15,1160,A,32.847542046720001,2838.0276328366081,2026-08-20T00:09:10-04:00
02336000,2001-09-16,1150,A,32.564373580800002,2813.5618773811202,2026-08-20T00:09:10-04:00
02336000,2001-09-17,1150,A,32.564373580800002,2813.5618773811202,2026-08-20T00:09:10-04:00
02336000,2001-09-18,1150,A,32.564373580800002,2813.5618773811202,2026-08-20T00:09:10-04:00
02336000,2001-09-19,1150,A,32.564373580800002,2813.5618773811202,2026-08-20T00:09:10-04:00
02336000,2001-09-20,1190,A,33.697047444479999,2911.4248992030721,2026-08-20T00:09:10-04:00
02336000,2001-09-21,1200,A,33.980215910399998,2935.8906546585599,2026-08-20T00:09:10-04:00
02336000,2001-09-22,1150,A,32.564373580800002,2813.5618773811202,2026-08-20T00:09:10-04:00
02336000,2001-09-23,1200,A,33.980215910399998,2935.8906546585599,2026-08-20T00:09:10-04:00
02336000,2001-09-24,2120,A,60.031714775040001,5186.7401565634564,2026-08-20T00:09:10-04:00
02336000,2001-09-25,1970,A,55.784187786240004,4819.7538247311359,2026-08-20T00:09:10-04:00
02336000,2001-09-26,1180,A,33.41387897856,2886.9591437475842,2026-08-20T00:09:10-04:00
02336000,2001-09-27,1050,A,29.732688921600001,2568.9043228262399,2026-08-20T00:09:10-04:00
02336000,2001-09-28,969,A,27.439024347648001,2370.7317036367872,2026-08-20T00:09:10-04:00
02336000,2001-09-29,947,A,26.816053722624002,2316.9070416347136,2026-08-20T00:09:10-04:00
02336000,2001-09-30,937,A,26.532885256704002,2292.4412861792257,2026-08-20T00:09:10-04:00
02336000,2001-10-01,930,A,26.334667330560002,2275.3152573603843,2026-08-20T00:09:10-04:00
02336000,2001-10-02,984,A,27.863777046528,2407.4303368200194,2026-08-20T00:09:10-04:00
02336000,2001-10-03,968,A,27.410707501056002,2368.2851280912387,2026-08-20T00:09:10-04:00
02336000,2001-10-04,939,A,26.589518949887999,2297.3344372703232,2026-08-20T00:09:10-04:00
02336000,2001-10-05,923,A,26.136449404416002,2258.1892285415424,2026-08-20T00:09:10-04:00
02336000,2001-10-06,1200,A:e,33.980215910399998,2935.8906546585599,2026-08-20T00:09:10-04:00
02336000,2001-10-07,1030,A,29.166351989760003,2519.9728119152642,2026-08-20T00:09:10-04:00
02336000,2001-10-08,1000,A,28.316846592000001,2446.5755455488002,2026-08-20T00:09:10-04:00
02336000,2001-10-09,1040,A,29.449520455680002,2544.438567370752,2026-08-20T00:09:10-04:00
02336000,2001-10-10,1040,A,29.449520455680002,2544.438567370752,2026-08-20T00:09:10-04:00
02336000,2001-10-11,1140,A,32.281205114880002,2789.0961219256319,2026-08-20T00:09:10-04:00
02336000,2001-10-12,1000,A,28.316846592000001,2446.5755455488002,2026-08-20T00:09:10-04:00
02336000,2001-10-13,999,A,28.288529745408002,2444.1289700032512,2026-08-20T00:09:10-04:00
02336000,2001-10-14,1140,A,32.281205114880002,2789.0961219256319,2026-08-20T00:09:10-04:00
02336000,2001-10-15,1010,A,28.60001505792,2471.041301004288,2026-08-20T00:09:10-04:00
02336000,2001-10-16,981,A,27.778826506752001,2400.090610183373,2026-08-20T00:09:10-04:00
02336000,2001-10-17,957,A,27.099222188544001,2341.3727970902019,2026-08-20T00:09:10-04:00
02336000,2001-10-18,961,A,27.212489574912002,2351.1590992723968,2026-08-20T00:09:10-04:00
02336000,2001-10-19,946,A,26.787736876032,2314.460466089165,2026-08-20T00:09:10-04:00
02336000,2001-10-20,968,A,27.410707501056002,2368.2851280912387,2026-08-20T00:09:10-04:00
02336000,2001-10-21,971,A,27.495658040832001,2375.6248547278847,2026-08-20T00:09:10-04:00
02336000,2001-10-22,965,A,27.32575696128,2360.9454014545922,2026-08-20T00:09:10-04:00
02336000,2001-10-23,964,A,27.297440114688001,2358.4988259090433,2026-08-20T00:09:10-04:00
02336000,2001-10-24,921,A,26.079815711232001,2253.296077450445,2026-08-20T00:09:10-04:00
02336000,2001-10-25,996,A,28.203579205632,2436.7892433666048,2026-08-20T00:09:10-04:00
02336000,2001-10-26,956,A,27.070905341952002,2338.9262215446529,2026-08-20T00:09:10-04:00
02336000,2001-10-27,938,A,26.561202103296001,2294.8878617247747,2026-08-20T00:09:10-04:00
02336000,2001-10-28,923,A,26.136449404416002,2258.1892285415424,2026-08-20T00:09:10-04:00
02336000,2001-10-29,924,A,26.164766251008,2260.6358040870914,2026-08-20T00:09:10-04:00
02336000,2001-10-30,923,A,26.136449404416002,2258.1892285415424,2026-08-20T00:09:10-04:00
02336000,2001-10-31,918,A,25.994865171456002,2245.9563508137985,2026-08-20T00:09:10-04:00
02336000,2001-11-01,933,A,26.419617870336001,2282.6549839970303,2026-08-20T00:09:10-04:00
02336000,2001-11-02,942,A,26.674469489664002,2304.6741639069696,2026-08-20T00:09:10-04:00
02336000,2001-11-03,870,A,24.635656535039999,2128.5207246274563,2026-08-20T00:09:10-04:00
02336000,2001-11-04,795,A,22.51189304064,1945.027558711296,2026-08-20T00:09:10-04:00
02336000,2001-11-05,800,A,22.6534772736,1957.2604364390399,2026-08-20T00:09:10-04:00
02336000,2001-11-06,792,A,22.426942500864001,1937.6878320746496,2026-08-20T00:09:10-04:00
02336000,2001-11-07,785,A,22.228724574720001,1920.5618032558082,2026-08-20T00:09:10-04:00
02336000,2001-11-08,861,A,24.380804915712002,2106.5015447175169,2026-08-20T00:09:10-04:00
02336000,2001-11-09,880,A,24.918825000960002,2152.9864800829441,2026-08-20T00:09:10-04:00
02336000,2001-11-10,799,A,22.625160427008002,1954.8138608934912,2026-08-20T00:09:10-04:00
02336000,2001-11-11,789,A,22.341991961088002,1930.3481054380034,2026-08-20T00:09:10-04:00
02336000,2001-11-12,801,A,22.681794120192002,1959.7070119845889,2026-08-20T00:09:10-04:00
02336000,2001-11-13,799,A,22.625160427008002,1954.8138608934912,2026-08-20T00:09:10-04:00
02336000,2001-11-14,804,A,22.766744659968001,1967.0467386212354,2026-08-20T00:09:10-04:00
02336000,2001-11-15,809,A,22.908328892928001,1979.2796163489793,2026-08-20T00:09:10-04:00
02336000,2001-11-16,830,A,23.502982671360002,2030.657702805504,2026-08-20T00:09:10-04:00
02336000,2001-11-17,833,A,23.587933211136001,2037.9974294421504,2026-08-20T00:09:10-04:00
02336000,2001-11-18,830,A,23.502982671360002,2030.657702805504,2026-08-20T00:09:10-04:00
02336000,2001-11-19,830,A,23.502982671360002,2030.657702805504,2026-08-20T00:09:10-04:00
02336000,2001-11-20,820,A,23.219814205440002,2006.1919473500161,2026-08-20T00:09:10-04:00
02336000,2001-11-21,829,A,23.474665824768,2028.2111272599552,2026-08-20T00:09:10-04:00
02336000,2001-11-22,809,A,22.908328892928001,1979.2796163489793,2026-08-20T00:09:10-04:00
02336000,2001-11-23,870,A,24.635656535039999,2128.5207246274563,2026-08-20T00:09:10-04:00
02336000,2001-11-24,973,A,27.552291734016002,2380.5180058189826,2026-08-20T00:09:10-04:00
02336000,2001-11-25,1160,A,32.847542046720001,2838.0276328366081,2026-08-20T00:09:10-04:00
02336000,2001-11-26,866,A,24.522389148672001,2118.7344224452609,2026-08-20T00:09:10-04:00
02336000,2001-11-27,839,A,23.757834290687999,2052.6768827154433,2026-08-20T00:09:10-04:00
02336000,2001-11-28,1000,A,28.316846592000001,2446.5755455488002,2026-08-20T00:09:10-04:00
02336000,2001-11-29,858,A,24.295854375935999,2099.1618180808705,2026-08-20T00:09:10-04:00
02336000,2001-11-30,973,A,27.552291734016002,2380.5180058189826,2026-08-20T00:09:10-04:00
02336000,2001-12-01,879,A,24.890508154368,2150.5399045373952,2026-08-20T00:09:10-04:00
02336000,2001-12-02,858,A,24.295854375935999,2099.1618180808705,2026-08-20T00:09:10-04:00
02336000,2001-12-03,842,A,23.842784830464002,2060.0166093520897,2026-08-20T00:09:10-04:00
02336000,2001-12-04,848,A,24.012685910016,2074.6960626253826,2026-08-20T00:09:10-04:00
02336000,2001-12-05,845,A,23.927735370240001,2067.3563359887362,2026-08-20T00:09:10-04:00
02336000,2001-12-06,860,A,24.35248806912,2104.054969171968,2026-08-20T00:09:10-04:00
02336000,2001-12-07,849,A,24.041002756608002,2077.1426381709311,2026-08-20T00:09:10-04:00
02336000,2001-12-08,840,A,23.786151137280001,2055.1234582609923,2026-08-20T00:09:10-04:00
02336000,2001-12-09,834,A,23.616250057727999,2040.4440049876994,2026-08-20T00:09:10-04:00
02336000,2001-12-10,973,A,27.552291734016002,2380.5180058189826,2026-08-20T00:09:10-04:00
02336000,2001-12-11,1350,A,38.227742899200003,3302.87698649088,2026-08-20T00:09:10-04:00
02336000,2001-12-12,1040,A,29.449520455680002,2544.438567370752,2026-08-20T00:09:10-04:00
02336000,2001-12-13,975,A,27.608925427199999,2385.4111569100801,2026-08-20T00:09:10-04:00
02336000,2001-12-14,1200,A:e,33.980215910399998,2935.8906546585599,2026-08-20T00:09:10-04:00
02336000,2001-12-15,1030,A,29.166351989760003,2519.9728119152642,2026-08-20T00:09:10-04:00
02336000,2001-12-16,863,A,24.437438608896002,2111.3946958086144,2026-08-20T00:09:10-04:00
02336000,2001-12-17,1170,A,33.13071051264,2862.4933882920959,2026-08-20T00:09:10-04:00
02336000,2001-12-18,1840,A,52.102997729279998,4501.699003809792,2026-08-20T00:09:10-04:00
02336000,2001-12-19,1140,A,32.281205114880002,2789.0961219256319,2026-08-20T00:09:10-04:00
02336000,2001-12-20,1540,A:e,43.607943751680004,3767.7263401451523,2026-08-20T00:09:10-04:00
02336000,2001-12-21,1520,A:e,43.041606819839998,3718.7948292341762,2026-08-20T00:09:10-04:00
02336000,2001-12-22,1030,A:e,29.166351989760003,2519.9728119152642,2026-08-20T00:09:10-04:00
02336000,2001-12-23,1160,A:e,32.847542046720001,2838.0276328366081,2026-08-20T00:09:10-04:00
02336000,2001-12-24,1370,A,38.794079831040001,3351.8084974018561,2026-08-20T00:09:10-04:00
02336000,2001-12-25,1010,A,28.60001505792,2471.041301004288,2026-08-20T00:09:10-04:00
02336000,2001-12-26,1040,A,29.449520455680002,2544.438567370752,2026-08-20T00:09:10-04:00
02336000,2001-12-27,849,A:e,24.041002756608002,2077.1426381709311,2026-08-20T00:09:10-04:00
02336000,2001-12-28,844,A:e,23.899418523648002,2064.9097604431872,2026-08-20T00:09:10-04:00
02336000,2001-12-29,835,A:e,23.644566904320001,2042.8905805332481,2026-08-20T00:09:10-04:00
02336000,2001-12-30,826,A:e,23.389715284992,2020.8714006233088,2026-08-20T00:09:10-04:00
02336000,2001-12-31,832,A:e,23.559616364544002,2035.5508538966017,2026-08-20T00:09:10-04:00
02336000,2002-01-01,815,A:e,23.078229972479999,1993.959069622272,2026-08-20T00:09:10-04:00
02336000,2002-01-02,809,A:e,22.908328892928001,1979.2796163489793,2026-08-20T00:09:10-04:00
02336000,2002-01-03,822,A:e,23.276447898623999,2011.0850984411136,2026-08-20T00:09:10-04:00
02336000,2002-01-04,819,A:e,23.191497358848,2003.7453718044674,2026-08-20T00:09:10-04:00
02336000,2002-01-05,799,A,22.625160427008002,1954.8138608934912,2026-08-20T00:09:10-04:00
02336000,2002-01-06,1100,A,31.148531251200001,2691.23310010368,2026-08-20T00:09:10-04:00
02336000,2002-01-07,1060,A,30.015857387520001,2593.3700782817282,2026-08-20T00:09:10-04:00
02336000,2002-01-08,855,A,24.21090383616,2091.822091444224,2026-08-20T00:09:10-04:00
02336000,2002-01-09,820,A,23.219814205440002,2006.1919473500161,2026-08-20T00:09:10-04:00
02336000,2002-01-10,829,A,23.474665824768,2028.2111272599552,2026-08-20T00:09:10-04:00
02336000,2002-01-11,845,A,23.927735370240001,2067.3563359887362,2026-08-20T00:09:10-04:00
02336000,2002-01-12,830,A,23.502982671360002,2030.657702805504,2026-08-20T00:09:10-04:00
02336000,2002-01-13,839,A,23.757834290687999,2052.6768827154433,2026-08-20T00:09:10-04:00
02336000,2002-01-14,851,A,24.097636449792002,2082.0357892620291,2026-08-20T00:09:10-04:00
02336000,2002-01-15,855,A,24.21090383616,2091.822091444224,2026-08-20T00:09:10-04:00
02336000,2002-01-16,890,A,25.201993466880001,2177.452235538432,2026-08-20T00:09:10-04:00
02336000,2002-01-17,871,A,24.663973381632001,2130.9673001730048,2026-08-20T00:09:10-04:00
02336000,2002-01-18,839,A,23.757834290687999,2052.6768827154433,2026-08-20T00:09:10-04:00
02336000,2002-01-19,3510,A,99.392131537920008,8587.4801648762877,2026-08-20T00:09:10-04:00
02336000,2002-01-20,5030,A,142.43373835776001,12306.274994110465,2026-08-20T00:09:10-04:00
02336000,2002-01-21,2990,A,84.66737131008,7315.2608811909122,2026-08-20T00:09:10-04:00
02336000,2002-01-22,1910,A,54.085176990720001,4672.9592919982078,2026-08-20T00:09:10-04:00
02336000,2002-01-23,2350,A,66.5445894912,5749.4525320396806,2026-08-20T00:09:10-04:00
02336000,2002-01-24,2030,A,57.48319858176,4966.5483574640639,2026-08-20T00:09:10-04:00
02336000,2002-01-25,5470,A,154.89315085824001,13382.768234151936,2026-08-20T00:09:10-04:00
02336000,2002-01-26,2580,A,73.057464207359999,6312.1649075159039,2026-08-20T00:09:10-04:00
02336000,2002-01-27,1240,A,35.112889774080003,3033.7536764805122,2026-08-20T00:09:10-04:00
02336000,2002-01-28,1110,A,31.431699717120001,2715.6988555591679,2026-08-20T00:09:10-04:00
02336000,2002-01-29,971,A,27.495658040832001,2375.6248547278847,2026-08-20T00:09:10-04:00
02336000,2002-01-30,949,A,26.872687415808002,2321.8001927258115,2026-08-20T00:09:10-04:00
02336000,2002-01-31,944,A,26.731103182847999,2309.5673149980671,2026-08-20T00:09:10-04:00
02336000,2002-02-01,946,A,26.787736876032,2314.460466089165,2026-08-20T00:09:10-04:00
02336000,2002-02-02,933,A,26.419617870336001,2282.6549839970303,2026-08-20T00:09:10-04:00
02336000,2002-02-03,933,A,26.419617870336001,2282.6549839970303,2026-08-20T00:09:10-04:00
02336000,2002-02-04,930,A,26.334667330560002,2275.3152573603843,2026-08-20T00:09:10-04:00
02336000,2002-02-05,922,A,26.108132557824,2255.7426529959935,2026-08-20T00:09:10-04:00
02336000,2002-02-06,1960,A,55.501019320320005,4795.288069275648,2026-08-20T00:09:10-04:00
02336000,2002-02-07,2430,A,68.809937218560009,5945.1785756835843,2026-08-20T00:09:10-04:00
02336000,2002-02-08,1370,A,38.794079831040001,3351.8084974018561,2026-08-20T00:09:10-04:00
02336000,2002-02-09,1010,A,28.60001505792,2471.041301004288,2026-08-20T00:09:10-04:00
02336000,2002-02-10,955,A,27.04258849536,2336.4796459991039,2026-08-20T00:09:10-04:00
02336000,2002-02-11,1010,A,28.60001505792,2471.041301004288,2026-08-20T00:09:10-04:00
02336000,2002-02-12,912,A,25.824964091904,2231.2768975405056,2026-08-20T00:09:10-04:00
02336000,2002-02-13,917,A,25.966548324864,2243.5097752682495,2026-08-20T00:09:10-04:00
02336000,2002-02-14,916,A,25.938231478272002,2241.063199722701,2026-08-20T00:09:10-04:00
02336000,2002-02-15,912,A,25.824964091904,2231.2768975405056,2026-08-20T00:09:10-04:00
02336000,2002-02-16,977,A,27.665559120384,2390.3043080011776,2026-08-20T00:09:10-04:00
02336000,2002-02-17,897,A,25.400211393024001,2194.5782643572738,2026-08-20T00:09:10-04:00
02336000,2002-02-18,896,A,25.371894546431999,2192.1316888117249,2026-08-20T00:09:10-04:00
02336000,2002-02-19,915,A,25.90991463168,2238.6166241771521,2026-08-20T00:09:10-04:00
02336000,2002-02-20,921,A,26.079815711232001,2253.296077450445,2026-08-20T00:09:10-04:00
02336000,2002-02-21,904,A,25.598429319168002,2211.7042931761152,2026-08-20T00:09:10-04:00
02336000,2002-02-22,901,A,25.513478779391999,2204.3645665394688,2026-08-20T00:09:10-04:00
02336000,2002-02-23,899,A,25.456845086208002,2199.4714154483713,2026-08-20T00:09:10-04:00
02336000,2002-02-24,892,A,25.258627160064002,2182.3453866295295,2026-08-20T00:09:10-04:00
02336000,2002-02-25,898,A,25.428528239616,2197.0248399028224,2026-08-20T00:09:10-04:00
02336000,2002-02-26,887,A,25.117042927104002,2170.1125089017855,2026-08-20T00:09:10-04:00
02336000,2002-02-27,883,A,25.003775540736001,2160.3262067195906,2026-08-20T00:09:10-04:00
02336000,2002-02-28,872,A,24.692290228224,2133.4138757185538,2026-08-20T00:09:10-04:00
02336000,2002-03-01,876,A,24.805557614592001,2143.2001779007487,2026-08-20T00:09:10-04:00
02336000,2002-03-02,2400,A,67.960431820799997,5871.7813093171198,2026-08-20T00:09:10-04:00
02336000,2002-03-03,2690,A,76.172317332480006,6581.2882175262721,2026-08-20T00:09:10-04:00
02336000,2002-03-04,1230,A,34.829721308160003,3009.2879210250239,2026-08-20T00:09:10-04:00
02336000,2002-03-05,1110,A,31.431699717120001,2715.6988555591679,2026-08-20T00:09:10-04:00
02336000,2002-03-06,943,A,26.702786336256001,2307.1207394525186,2026-08-20T00:09:10-04:00
02336000,2002-03-07,924,A,26.164766251008,2260.6358040870914,2026-08-20T00:09:10-04:00
02336000,2002-03-08,914,A,25.881597785088001,2236.1700486316031,2026-08-20T00:09:10-04:00
02336000,2002-03-09,918,A,25.994865171456002,2245.9563508137985,2026-08-20T00:09:10-04:00
02336000,2002-03-10,900,A,25.485161932800001,2201.9179909939203,2026-08-20T00:09:10-04:00
02336000,2002-03-11,889,A,25.173676620287999,2175.0056599928835,2026-08-20T00:09:10-04:00
02336000,2002-03-12,1180,A,33.41387897856,2886.9591437475842,2026-08-20T00:09:10-04:00
02336000,2002-03-13,1390,A,39.36041676288,3400.7400083128323,2026-08-20T00:09:10-04:00
02336000,2002-03-14,1160,A,32.847542046720001,2838.0276328366081,2026-08-20T00:09:10-04:00
02336000,2002-03-15,951,A,26.929321108991999,2326.693343816909,2026-08-20T00:09:10-04:00
02336000,2002-03-16,900,A,25.485161932800001,2201.9179909939203,2026-08-20T00:09:10-04:00
02336000,2002-03-17,869,A,24.607339688448,2126.0741490819073,2026-08-20T00:09:10-04:00
02336000,2002-03-18,886,A,25.088726080512,2167.665933356237,2026-08-20T00:09:10-04:00
02336000,2002-03-19,883,A,25.003775540736001,2160.3262067195906,2026-08-20T00:09:10-04:00
02336000,2002-03-20,900,A,25.485161932800001,2201.9179909939203,2026-08-20T00:09:10-04:00
02336000,2002-03-21,1140,A,32.281205114880002,2789.0961219256319,2026-08-20T00:09:10-04:00
02336000,2002-03-22,1080,A,30.582194319359999,2642.3015891927039,2026-08-20T00:09:10-04:00
02336000,2002-03-23,872,A,24.692290228224,2133.4138757185538,2026-08-20T00:09:10-04:00
02336000,2002-03-24,860,A,24.35248806912,2104.054969171968,2026-08-20T00:09:10-04:00
02336000,2002-03-25,878,A,24.862191307776001,2148.0933289918466,2026-08-20T00:09:10-04:00
02336000,2002-03-26,1270,A,35.962395171840001,3107.1509428469762,2026-08-20T00:09:10-04:00
02336000,2002-03-27,1200,A,33.980215910399998,2935.8906546585599,2026-08-20T00:09:10-04:00
02336000,2002-03-28,889,A,25.173676620287999,2175.0056599928835,2026-08-20T00:09:10-04:00
02336000,2002-03-29,878,A,24.862191307776001,2148.0933289918466,2026-08-20T00:09:10-04:00
02336000,2002-03-30,3370,A,95.427773015040003,8244.959588499456,2026-08-20T00:09:10-04:00
02336000,2002-03-31,6720,A,190.28920909824001,16440.987666087938,2026-08-20T00:09:10-04:00
02336000,2002-04-01,3630,A:e,102.79015312896,8881.0692303421438,2026-08-20T00:09:10-04:00
02336000,2002-04-02,2070,A:e,58.615872445440004,5064.4113792860162,2026-08-20T00:09:10-04:00
02336000,2002-04-03,1240,A:e,35.112889774080003,3033.7536764805122,2026-08-20T00:09:10-04:00
02336000,2002-04-04,798,A,22.596843580415999,1952.3672853479425,2026-08-20T00:09:10-04:00
02336000,2002-04-05,797,A,22.568526733824001,1949.9207098023937,2026-08-20T00:09:10-04:00
02336000,2002-04-06,766,A,21.690704489472001,1874.0768678903808,2026-08-20T00:09:10-04:00
02336000,2002-04-07,748,A,21.181001250815999,1830.0385080705025,2026-08-20T00:09:10-04:00
02336000,2002-04-08,756,A,21.407536023552002,1849.6111124348929,2026-08-20T00:09:10-04:00
02336000,2002-04-09,762,A,21.577437103104,1864.2905657081856,2026-08-20T00:09:10-04:00
02336000,2002-04-10,762,A,21.577437103104,1864.2905657081856,2026-08-20T00:09:10-04:00
02336000,2002-04-11,750,A,21.237634944,1834.9316591616,2026-08-20T00:09:10-04:00
02336000,2002-04-12,956,A,27.070905341952002,2338.9262215446529,2026-08-20T00:09:10-04:00
02336000,2002-04-13,1400,A,39.643585228799999,3425.2057637683201,2026-08-20T00:09:10-04:00
02336000,2002-04-14,905,A,25.62674616576,2214.1508687216642,2026-08-20T00:09:10-04:00
02336000,2002-04-15,769,A,21.775655029248,1881.4165945270272,2026-08-20T00:09:10-04:00
02336000,2002-04-16,757,A,21.435852870144,1852.0576879804416,2026-08-20T00:09:10-04:00
02336000,2002-04-17,763,A,21.605753949696002,1866.7371412537345,2026-08-20T00:09:10-04:00
02336000,2002-04-18,743,A,21.039417017856,1817.8056303427584,2026-08-20T00:09:10-04:00
02336000,2002-04-19,777,A,22.002189801984002,1900.9891988914176,2026-08-20T00:09:10-04:00
02336000,2002-04-20,713,A,20.189911620096002,1744.4083639762944,2026-08-20T00:09:10-04:00
02336000,2002-04-21,769,A,21.775655029248,1881.4165945270272,2026-08-20T00:09:10-04:00
02336000,2002-04-22,764,A,21.634070796288,1869.1837167992833,2026-08-20T00:09:10-04:00
02336000,2002-04-23,1020,A,28.88318352384,2495.5070564597759,2026-08-20T00:09:10-04:00
02336000,2002-04-24,780,A,22.087140341760001,1908.328925528064,2026-08-20T00:09:10-04:00
02336000,2002-04-25,838,A,23.729517444096,2050.2303071698943,2026-08-20T00:09:10-04:00
02336000,2002-04-26,811,A,22.964962586112001,1984.1727674400768,2026-08-20T00:09:10-04:00
02336000,2002-04-27,783,A,22.172090881536,1915.6686521647105,2026-08-20T00:09:10-04:00
02336000,2002-04-28,806,A,22.823378353152002,1971.9398897123328,2026-08-20T00:09:10-04:00
02336000,2002-04-29,864,A,24.465755455488001,2113.8412713541634,2026-08-20T00:09:10-04:00
02336000,2002-04-30,856,A,24.239220682752002,2094.268666989773,2026-08-20T00:09:10-04:00
02336000,2002-05-01,876,A,24.805557614592001,2143.2001779007487,2026-08-20T00:09:10-04:00
02336000,2002-05-02,1190,A,33.697047444479999,2911.4248992030721,2026-08-20T00:09:10-04:00
02336000,2002-05-03,1210,A,34.263384376319998,2960.3564101140482,2026-08-20T00:09:10-04:00
02336000,2002-05-04,7240,A,205.01396932608,17713.206949773314,2026-08-20T00:09:10-04:00
02336000,2002-05-05,3720,A,105.33866932224001,9101.2610294415372,2026-08-20T00:09:10-04:00
02336000,2002-05-06,1610,A,45.590123013119999,3938.9866283335682,2026-08-20T00:09:10-04:00
02336000,2002-05-07,886,A,25.088726080512,2167.665933356237,2026-08-20T00:09:10-04:00
02336000,2002-05-08,824,A,23.333081591808,2015.9782495322113,2026-08-20T00:09:10-04:00
02336000,2002-05-09,916,A,25.938231478272002,2241.063199722701,2026-08-20T00:09:10-04:00
02336000,2002-05-10,957,A,27.099222188544001,2341.3727970902019,2026-08-20T00:09:10-04:00
02336000,2002-05-11,786,A,22.257041421312,1923.0083788013569,2026-08-20T00:09:10-04:00
02336000,2002-05-12,739,A,20.926149631488002,1808.0193281605632,2026-08-20T00:09:10-04:00
02336000,2002-05-13,902,A,25.541795625984001,2206.8111420850178,2026-08-20T00:09:10-04:00
02336000,2002-05-14,826,A,23.389715284992,2020.8714006233088,2026-08-20T00:09:10-04:00
02336000,2002-05-15,865,A,24.494072302079999,2116.2878468997119,2026-08-20T00:09:10-04:00
02336000,2002-05-16,783,A,22.172090881536,1915.6686521647105,2026-08-20T00:09:10-04:00
02336000,2002-05-17,881,A,24.947141847552,2155.4330556284931,2026-08-20T00:09:10-04:00
02336000,2002-05-18,1390,A,39.36041676288,3400.7400083128323,2026-08-20T00:09:10-04:00
02336000,2002-05-19,1060,A,30.015857387520001,2593.3700782817282,2026-08-20T00:09:10-04:00
02336000,2002-05-20,879,A,24.890508154368,2150.5399045373952,2026-08-20T00:09:10-04:00
02336000,2002-05-21,789,A,22.341991961088002,1930.3481054380034,2026-08-20T00:09:10-04:00
02336000,2002-05-22,835,A,23.644566904320001,2042.8905805332481,2026-08-20T00:09:10-04:00
02336000,2002-05-23,830,A,23.502982671360002,2030.657702805504,2026-08-20T00:09:10-04:00
02336000,2002-05-24,825,A,23.361398438400002,2018.42482507776,2026-08-20T00:09:10-04:00
02336000,2002-05-25,794,A,22.483576194048002,1942.5809831657473,2026-08-20T00:09:10-04:00
02336000,2002-05-26,800,A,22.6534772736,1957.2604364390399,2026-08-20T00:09:10-04:00
02336000,2002-05-27,813,A,23.021596279296002,1989.0659185311745,2026-08-20T00:09:10-04:00
02336000,2002-05-28,807,A,22.851695199744,1974.3864652578816,2026-08-20T00:09:10-04:00
02336000,2002-05-29,803,A,22.738427813375999,1964.6001630756864,2026-08-20T00:09:10-04:00
02336000,2002-05-30,807,A,22.851695199744,1974.3864652578816,2026-08-20T00:09:10-04:00
02336000,2002-05-31,817,A,23.134863665664,1998.8522207133697,2026-08-20T00:09:10-04:00
02336000,2002-06-01,809,A,22.908328892928001,1979.2796163489793,2026-08-20T00:09:10-04:00
02336000,2002-06-02,801,A,22.681794120192002,1959.7070119845889,2026-08-20T00:09:10-04:00
02336000,2002-06-03,796,A,22.540209887231999,1947.4741342568448,2026-08-20T00:09:10-04:00
02336000,2002-06-04,903,A,25.570112472576,2209.2577176305663,2026-08-20T00:09:10-04:00
02336000,2002-06-05,1180,A,33.41387897856,2886.9591437475842,2026-08-20T00:09:10-04:00
02336000,2002-06-06,1150,A,32.564373580800002,2813.5618773811202,2026-08-20T00:09:10-04:00
02336000,2002-06-07,1250,A,35.396058240000002,3058.2194319360001,2026-08-20T00:09:10-04:00
02336000,2002-06-08,885,A,25.060409233920002,2165.2193578106881,2026-08-20T00:09:10-04:00
02336000,2002-06-09,850,A,24.0693196032,2079.5892137164801,2026-08-20T00:09:10-04:00
02336000,2002-06-10,837,A,23.701200597504002,2047.7837316243456,2026-08-20T00:09:10-04:00
02336000,2002-06-11,842,A,23.842784830464002,2060.0166093520897,2026-08-20T00:09:10-04:00
02336000,2002-06-12,850,A,24.0693196032,2079.5892137164801,2026-08-20T00:09:10-04:00
02336000,2002-06-13,844,A,23.899418523648002,2064.9097604431872,2026-08-20T00:09:10-04:00
02336000,2002-06-14,1100,A,31.148531251200001,2691.23310010368,2026-08-20T00:09:10-04:00
02336000,2002-06-15,919,A,26.023182018048001,2248.4029263593475,2026-08-20T00:09:10-04:00
02336000,2002-06-16,892,A,25.258627160064002,2182.3453866295295,2026-08-20T00:09:10-04:00
02336000,2002-06-17,893,A,25.286944006656,2184.7919621750784,2026-08-20T00:09:10-04:00
02336000,2002-06-18,869,A,24.607339688448,2126.0741490819073,2026-08-20T00:09:10-04:00
02336000,2002-06-19,862,A,24.409121762304,2108.9481202630654,2026-08-20T00:09:10-04:00
02336000,2002-06-20,852,A,24.125953296384001,2084.4823648075776,2026-08-20T00:09:10-04:00
02336000,2002-06-21,865,A,24.494072302079999,2116.2878468997119,2026-08-20T00:09:10-04:00
02336000,2002-06-22,879,A,24.890508154368,2150.5399045373952,2026-08-20T00:09:10-04:00
02336000,2002-06-23,933,A,26.419617870336001,2282.6549839970303,2026-08-20T00:09:10-04:00
02336000,2002-06-24,1000,A,28.316846592000001,2446.5755455488002,2026-08-20T00:09:10-04:00
02336000,2002-06-25,1060,A,30.015857387520001,2593.3700782817282,2026-08-20T00:09:10-04:00
02336000,2002-06-26,926,A,26.221399944192001,2265.5289551781889,2026-08-20T00:09:10-04:00
02336000,2002-06-27,967,A,27.382390654464,2365.8385525456897,2026-08-20T00:09:10-04:00
02336000,2002-06-28,1020,A,28.88318352384,2495.5070564597759,2026-08-20T00:09:10-04:00
02336000,2002-06-29,916,A,25.938231478272002,2241.063199722701,2026-08-20T00:09:10-04:00
02336000,2002-06-30,887,A,25.117042927104002,2170.1125089017855,2026-08-20T00:09:10-04:00
02336000,2002-07-01,922,A,26.108132557824,2255.7426529959935,2026-08-20T00:09:10-04:00
02336000,2002-07-02,1010,A,28.60001505792,2471.041301004288,2026-08-20T00:09:10-04:00
02336000,2002-07-03,1800,A,50.970323865600001,4403.8359819878406,2026-08-20T00:09:10-04:00
02336000,2002-07-04,1390,A,39.36041676288,3400.7400083128323,2026-08-20T00:09:10-04:00
02336000,2002-07-05,947,A,26.816053722624002,2316.9070416347136,2026-08-20T00:09:10-04:00
02336000,2002-07-06,912,A,25.824964091904,2231.2768975405056,2026-08-20T00:09:10-04:00
02336000,2002-07-07,876,A,24.805557614592001,2143.2001779007487,2026-08-20T00:09:10-04:00
02336000,2002-07-08,899,A,25.456845086208002,2199.4714154483713,2026-08-20T00:09:10-04:00
02336000,2002-07-09,892,A,25.258627160064002,2182.3453866295295,2026-08-20T00:09:10-04:00
02336000,2002-07-10,881,A,24.947141847552,2155.4330556284931,2026-08-20T00:09:10-04:00
02336000,2002-07-11,937,A,26.532885256704002,2292.4412861792257,2026-08-20T00:09:10-04:00
02336000,2002-07-12,1150,A,32.564373580800002,2813.5618773811202,2026-08-20T00:09:10-04:00
02336000,2002-07-13,1070,A,30.29902585344,2617.835833737216,2026-08-20T00:09:10-04:00
02336000,2002-07-14,1180,A,33.41387897856,2886.9591437475842,2026-08-20T00:09:10-04:00
02336000,2002-07-15,997,A,28.231896052224002,2439.2358189121537,2026-08-20T00:09:10-04:00
02336000,2002-07-16,940,A,26.617835796480001,2299.7810128158721,2026-08-20T00:09:10-04:00
02336000,2002-07-17,934,A,26.447934716928,2285.1015595425793,2026-08-20T00:09:10-04:00
02336000,2002-07-18,910,A,25.76833039872,2226.3837464494081,2026-08-20T00:09:10-04:00
02336000,2002-07-19,911,A,25.796647245312002,2228.8303219949566,2026-08-20T00:09:10-04:00
02336000,2002-07-20,893,A,25.286944006656,2184.7919621750784,2026-08-20T00:09:10-04:00
02336000,2002-07-21,936,A,26.504568410112,2289.9947106336767,2026-08-20T00:09:10-04:00
02336000,2002-07-22,777,A,22.002189801984002,1900.9891988914176,2026-08-20T00:09:10-04:00
02336000,2002-07-23,1060,A:e,30.015857387520001,2593.3700782817282,2026-08-20T00:09:10-04:00
02336000,2002-07-24,1380,A:e,39.077248296960001,3376.274252857344,2026-08-20T00:09:10-04:00
02336000,2002-07-25,1430,A:e,40.493090626560004,3498.6030301347841,2026-08-20T00:09:10-04:00
02336000,2002-07-26,922,A,26.108132557824,2255.7426529959935,2026-08-20T00:09:10-04:00
02336000,2002-07-27,951,A,26.929321108991999,2326.693343816909,2026-08-20T00:09:10-04:00
02336000,2002-07-28,898,A,25.428528239616,2197.0248399028224,2026-08-20T00:09:10-04:00
02336000,2002-07-29,885,A,25.060409233920002,2165.2193578106881,2026-08-20T00:09:10-04:00
02336000,2002-07-30,916,A,25.938231478272002,2241.063199722701,2026-08-20T00:09:10-04:00
02336000,2002-07-31,948,A,26.844370569216,2319.3536171802625,2026-08-20T00:09:10-04:00
02336000,2002-08-01,902,A,25.541795625984001,2206.8111420850178,2026-08-20T00:09:10-04:00
02336000,2002-08-02,895,A,25.343577699840001,2189.6851132661759,2026-08-20T00:09:10-04:00
02336000,2002-08-03,1100,A,31.148531251200001,2691.23310010368,2026-08-20T00:09:10-04:00
02336000,2002-08-04,894,A,25.315260853248002,2187.2385377206274,2026-08-20T00:09:10-04:00
02336000,2002-08-05,869,A,24.607339688448,2126.0741490819073,2026-08-20T00:09:10-04:00
02336000,2002-08-06,878,A,24.862191307776001,2148.0933289918466,2026-08-20T00:09:10-04:00
02336000,2002-08-07,861,A,24.380804915712002,2106.5015447175169,2026-08-20T00:09:10-04:00
02336000,2002-08-08,853,A,24.154270142975999,2086.9289403531266,2026-08-20T00:09:10-04:00
02336000,2002-08-09,849,A,24.041002756608002,2077.1426381709311,2026-08-20T00:09:10-04:00
02336000,2002-08-10,850,A,24.0693196032,2079.5892137164801,2026-08-20T00:09:10-04:00
02336000,2002-08-11,837,A,23.701200597504002,2047.7837316243456,2026-08-20T00:09:10-04:00
02336000,2002-08-12,831,A,23.531299517952,2033.1042783510529,2026-08-20T00:09:10-04:00
02336000,2002-08-13,832,A,23.559616364544002,2035.5508538966017,2026-08-20T00:09:10-04:00
02336000,2002-08-14,834,A,23.616250057727999,2040.4440049876994,2026-08-20T00:09:10-04:00
02336000,2002-08-15,831,A,23.531299517952,2033.1042783510529,2026-08-20T00:09:10-04:00
02336000,2002-08-16,828,A,23.446348978176001,2025.7645517144065,2026-08-20T00:09:10-04:00
02336000,2002-08-17,1090,A,30.865362785280002,2666.7673446481922,2026-08-20T00:09:10-04:00
02336000,2002-08-18,949,A,26.872687415808002,2321.8001927258115,2026-08-20T00:09:10-04:00
02336000,2002-08-19,890,A,25.201993466880001,2177.452235538432,2026-08-20T00:09:10-04:00
02336000,2002-08-20,1250,A,35.396058240000002,3058.2194319360001,2026-08-20T00:09:10-04:00
02336000,2002-08-21,841,A,23.814467983871999,2057.5700338065408,2026-08-20T00:09:10-04:00
02336000,2002-08-22,962,A,27.240806421504001,2353.6056748179458,2026-08-20T00:09:10-04:00
02336000,2002-08-23,1170,A,33.13071051264,2862.4933882920959,2026-08-20T00:09:10-04:00
02336000,2002-08-24,1150,A,32.564373580800002,2813.5618773811202,2026-08-20T00:09:10-04:00
02336000,2002-08-25,901,A,25.513478779391999,2204.3645665394688,2026-08-20T00:09:10-04:00
02336000,2002-08-26,874,A,24.748923921408,2138.3070268096512,2026-08-20T00:09:10-04:00
02336000,2002-08-27,1160,A,32.847542046720001,2838.0276328366081,2026-08-20T00:09:10-04:00
02336000,2002-08-28,1310,A,37.095069035519998,3205.0139646689281,2026-08-20T00:09:10-04:00
02336000,2002-08-29,1170,A,33.13071051264,2862.4933882920959,2026-08-20T00:09:10-04:00
02336000,2002-08-30,1250,A,35.396058240000002,3058.2194319360001,2026-08-20T00:09:10-04:00
02336000,2002-08-31,1280,A,36.24556363776,3131.6166983024641,2026-08-20T00:09:10-04:00
02336000,2002-09-01,843,A,23.871101677056,2062.4631848976383,2026-08-20T00:09:10-04:00
02336000,2002-09-02,919,A,26.023182018048001,2248.4029263593475,2026-08-20T00:09:10-04:00
02336000,2002-09-03,1010,A,28.60001505792,2471.041301004288,2026-08-20T00:09:10-04:00
02336000,2002-09-04,1340,A,37.944574433280003,3278.4112310353921,2026-08-20T00:09:10-04:00
02336000,2002-09-05,1600,A,45.3069545472,3914.5208728780799,2026-08-20T00:09:10-04:00
02336000,2002-09-06,1530,A,43.324775285759998,3743.260584689664,2026-08-20T00:09:10-04:00
02336000,2002-09-07,1570,A,44.457449149440002,3841.1236065116163,2026-08-20T00:09:10-04:00
02336000,2002-09-08,876,A,24.805557614592001,2143.2001779007487,2026-08-20T00:09:10-04:00
02336000,2002-09-09,870,A,24.635656535039999,2128.5207246274563,2026-08-20T00:09:10-04:00
02336000,2002-09-10,1470,A,41.625764490240002,3596.466051956736,2026-08-20T00:09:10-04:00
02336000,2002-09-11,1590,A,45.023786081280001,3890.055117422592,2026-08-20T00:09:10-04:00
02336000,2002-09-12,2090,A,59.182209377280003,5113.3428901969919,2026-08-20T00:09:10-04:00
02336000,2002-09-13,2050,A,58.049535513599999,5015.4798683750405,2026-08-20T00:09:10-04:00
02336000,2002-09-14,2380,A,67.394094888959998,5822.8497984061441,2026-08-20T00:09:10-04:00
02336000,2002-09-15,1400,A,39.643585228799999,3425.2057637683201,2026-08-20T00:09:10-04:00
02336000,2002-09-16,1170,A,33.13071051264,2862.4933882920959,2026-08-20T00:09:10-04:00
02336000,2002-09-17,1110,A,31.431699717120001,2715.6988555591679,2026-08-20T00:09:10-04:00
02336000,2002-09-18,3650,A,103.3564900608,8930.0007412531195,2026-08-20T00:09:10-04:00
02336000,2002-09-19,1520,A,43.041606819839998,3718.7948292341762,2026-08-20T00:09:10-04:00
02336000,2002-09-20,1140,A,32.281205114880002,2789.0961219256319,2026-08-20T00:09:10-04:00
02336000,2002-09-21,3520,A,99.675300003840007,8611.9459203317765,2026-08-20T00:09:10-04:00
02336000,2002-09-22,2620,A,74.190138071039996,6410.0279293378562,2026-08-20T00:09:10-04:00
02336000,2002-09-23,1270,A,35.962395171840001,3107.1509428469762,2026-08-20T00:09:10-04:00
02336000,2002-09-24,1130,A,31.998036648959999,2764.6303664701441,2026-08-20T00:09:10-04:00
02336000,2002-09-25,1300,A,36.811900569599999,3180.5482092134403,2026-08-20T00:09:10-04:00
02336000,2002-09-26,1370,A,38.794079831040001,3351.8084974018561,2026-08-20T00:09:10-04:00
02336000,2002-09-27,1570,A,44.457449149440002,3841.1236065116163,2026-08-20T00:09:10-04:00
02336000,2002-09-28,1280,A,36.24556363776,3131.6166983024641,2026-08-20T00:09:10-04:00
02336000,2002-09-29,1140,A,32.281205114880002,2789.0961219256319,2026-08-20T00:09:10-04:00
02336000,2002-09-30,1090,A,30.865362785280002,2666.7673446481922,2026-08-20T00:09:10-04:00
02336000,2002-10-01,1070,A,30.29902585344,2617.835833737216,2026-08-20T00:09:10-04:00
02336000,2002-10-02,1030,A,29.166351989760003,2519.9728119152642,2026-08-20T00:09:10-04:00
02336000,2002-10-03,1030,A,29.166351989760003,2519.9728119152642,2026-08-20T00:09:10-04:00
02336000,2002-10-04,1040,A,29.449520455680002,2544.438567370752,2026-08-20T00:09:10-04:00
02336000,2002-10-05,1080,A,30.582194319359999,2642.3015891927039,2026-08-20T00:09:10-04:00
02336000,2002-10-06,1090,A,30.865362785280002,2666.7673446481922,2026-08-20T00:09:10-04:00
02336000,2002-10-07,1310,A,37.095069035519998,3205.0139646689281,2026-08-20T00:09:10-04:00
02336000,2002-10-08,1270,A,35.962395171840001,3107.1509428469762,2026-08-20T00:09:10-04:00
02336000,2002-10-09,1150,A,32.564373580800002,2813.5618773811202,2026-08-20T00:09:10-04:00
02336000,2002-10-10,1370,A,38.794079831040001,3351.8084974018561,2026-08-20T00:09:10-04:00
02336000,2002-10-11,1260,A,35.679226705920001,3082.6851873914879,2026-08-20T00:09:10-04:00
02336000,2002-10-12,1130,A,31.998036648959999,2764.6303664701441,2026-08-20T00:09:10-04:00
02336000,2002-10-13,1130,A,31.998036648959999,2764.6303664701441,2026-08-20T00:09:10-04:00
02336000,2002-10-14,1140,A,32.281205114880002,2789.0961219256319,2026-08-20T00:09:10-04:00
02336000,2002-10-15,2760,A,78.154496593920001,6752.548505714688,2026-08-20T00:09:10-04:00
02336000,2002-10-16,5660,A,160.27335171071999,13847.617587806208,2026-08-20T00:09:10-04:00
02336000,2002-10-17,2060,A,58.332703979520005,5039.9456238305283,2026-08-20T00:09:10-04:00
02336000,2002-10-18,2000,A,56.633693184000002,4893.1510910976003,2026-08-20T00:09:10-04:00
02336000,2002-10-19,1200,A:e,33.980215910399998,2935.8906546585599,2026-08-20T00:09:10-04:00
02336000,2002-10-20,1250,A:e,35.396058240000002,3058.2194319360001,2026-08-20T00:09:10-04:00
02336000,2002-10-21,1270,A:e,35.962395171840001,3107.1509428469762,2026-08-20T00:09:10-04:00
02336000,2002-10-22,1140,A:e,32.281205114880002,2789.0961219256319,2026-08-20T00:09:10-04:00
02336000,2002-10-23,1140,A:e,32.281205114880002,2789.0961219256319,2026-08-20T00:09:10-04:00
02336000,2002-10-24,1130,A,31.998036648959999,2764.6303664701441,2026-08-20T00:09:10-04:00
02336000,2002-10-25,1130,A,31.998036648959999,2764.6303664701441,2026-08-20T00:09:10-04:00
02336000,2002-10-26,1110,A,31.431699717120001,2715.6988555591679,2026-08-20T00:09:10-04:00
02336000,2002-10-27,1100,A,31.148531251200001,2691.23310010368,2026-08-20T00:09:10-04:00
02336000,2002-10-28,1450,A,41.059427558400003,3547.5345410457603,2026-08-20T00:09:10-04:00
02336000,2002-10-29,3860,A,109.30302784512,9443.7816058183689,2026-08-20T00:09:10-04:00
02336000,2002-10-30,2180,A,61.730725570560004,5333.5346892963844,2026-08-20T00:09:10-04:00
02336000,2002-10-31,1180,A,33.41387897856,2886.9591437475842,2026-08-20T00:09:10-04:00
02336000,2002-11-01,1140,A,32.281205114880002,2789.0961219256319,2026-08-20T00:09:10-04:00
02336000,2002-11-02,1270,A,35.962395171840001,3107.1509428469762,2026-08-20T00:09:10-04:00
02336000,2002-11-03,1250,A,35.396058240000002,3058.2194319360001,2026-08-20T00:09:10-04:00
02336000,2002-11-04,1410,A,39.926753694719999,3449.671519223808,2026-08-20T00:09:10-04:00
02336000,2002-11-05,2930,A,82.968360514560004,7168.4663484579842,2026-08-20T00:09:10-04:00
02336000,2002-11-06,5370,A,152.06146619904001,13138.110679597057,2026-08-20T00:09:10-04:00
02336000,2002-11-07,2660,A,75.322811934720008,6507.8909511598085,2026-08-20T00:09:10-04:00
02336000,2002-11-08,1460,A,41.342596024320002,3572.0002965012482,2026-08-20T00:09:10-04:00
02336000,2002-11-09,1330,A,37.661405967360004,3253.9454755799043,2026-08-20T00:09:10-04:00
02336000,2002-11-10,1320,A,37.378237501440005,3229.479720124416,2026-08-20T00:09:10-04:00
02336000,2002-11-11,2930,A,82.968360514560004,7168.4663484579842,2026-08-20T00:09:10-04:00
02336000,2002-11-12,2820,A,79.853507389439997,6899.343038447616,2026-08-20T00:09:10-04:00
02336000,2002-11-13,1580,A,44.740617615360001,3865.5893619671042,2026-08-20T00:09:10-04:00
02336000,2002-11-14,1330,A,37.661405967360004,3253.9454755799043,2026-08-20T00:09:10-04:00
02336000,2002-11-15,1380,A,39.077248296960001,3376.274252857344,2026-08-20T00:09:10-04:00
02336000,2002-11-16,4900,A,138.75254830080002,11988.22017318912,2026-08-20T00:09:10-04:00
02336000,2002-11-17,4000,A,113.267386368,9786.3021821952007,2026-08-20T00:09:10-04:00
02336000,2002-11-18,2070,A,58.615872445440004,5064.4113792860162,2026-08-20T00:09:10-04:00
02336000,2002-11-19,1470,A,41.625764490240002,3596.466051956736,2026-08-20T00:09:10-04:00
02336000,2002-11-20,1400,A,39.643585228799999,3425.2057637683201,2026-08-20T00:09:10-04:00
02336000,2002-11-21,2170,A,61.447557104640005,5309.0689338408965,2026-08-20T00:09:10-04:00
02336000,2002-11-22,1880,A,53.235671592960003,4599.5620256317443,2026-08-20T00:09:10-04:00
02336000,2002-11-23,1390,A,39.36041676288,3400.7400083128323,2026-08-20T00:09:10-04:00
02336000,2002-11-24,1300,A,36.811900569599999,3180.5482092134403,2026-08-20T00:09:10-04:00
02336000,2002-11-25,1290,A,36.528732103679999,3156.082453757952,2026-08-20T00:09:10-04:00
02336000,2002-11-26,1310,A,37.095069035519998,3205.0139646689281,2026-08-20T00:09:10-04:00
02336000,2002-11-27,1290,A,36.528732103679999,3156.082453757952,2026-08-20T00:09:10-04:00
02336000,2002-11-28,1290,A,36.528732103679999,3156.082453757952,2026-08-20T00:09:10-04:00
02336000,2002-11-29,1250,A,35.396058240000002,3058.2194319360001,2026-08-20T00:09:10-04:00
02336000,2002-11-30,1240,A,35.112889774080003,3033.7536764805122,2026-08-20T00:09:10-04:00
02336000,2002-12-01,1270,A,35.962395171840001,3107.1509428469762,2026-08-20T00:09:10-04:00
02336000,2002-12-02,1240,A,35.112889774080003,3033.7536764805122,2026-08-20T00:09:10-04:00
02336000,2002-12-03,1210,A,34.263384376319998,2960.3564101140482,2026-08-20T00:09:10-04:00
02336000,2002-12-04,1230,A,34.829721308160003,3009.2879210250239,2026-08-20T00:09:10-04:00
02336000,2002-12-05,3360,A,95.144604549120004,8220.4938330439691,2026-08-20T00:09:10-04:00
02336000,2002-12-06,2470,A,69.942611082240006,6043.0415975055366,2026-08-20T00:09:10-04:00
02336000,2002-12-07,1920,A,54.36834545664,4697.4250474536966,2026-08-20T00:09:10-04:00
02336000,2002-12-08,1370,A,38.794079831040001,3351.8084974018561,2026-08-20T00:09:10-04:00
02336000,2002-12-09,1300,A,36.811900569599999,3180.5482092134403,2026-08-20T00:09:10-04:00
02336000,2002-12-10,1890,A,53.518840058880002,4624.0277810872321,2026-08-20T00:09:10-04:00
02336000,2002-12-11,4490,A,127.14264119808,10985.124199514112,2026-08-20T00:09:10-04:00
02336000,2002-12-12,2830,A,80.136675855359996,6923.8087939031038,2026-08-20T00:09:10-04:00
02336000,2002-12-13,2530,A,71.641621877760002,6189.8361302384646,2026-08-20T00:09:10-04:00
02336000,2002-12-14,2050,A,58.049535513599999,5015.4798683750405,2026-08-20T00:09:10-04:00
02336000,2002-12-15,1430,A,40.493090626560004,3498.6030301347841,2026-08-20T00:09:10-04:00
02336000,2002-12-16,1400,A,39.643585228799999,3425.2057637683201,2026-08-20T00:09:10-04:00
02336000,2002-12-17,1330,A,37.661405967360004,3253.9454755799043,2026-08-20T00:09:10-04:00
02336000,2002-12-18,1310,A,37.095069035519998,3205.0139646689281,2026-08-20T00:09:10-04:00
02336000,2002-12-19,1350,A,38.227742899200003,3302.87698649088,2026-08-20T00:09:10-04:00
02336000,2002-12-20,2210,A,62.580230968320002,5406.9319556628479,2026-08-20T00:09:10-04:00
02336000,2002-12-21,1720,A,48.704976138239999,4208.1099383439359,2026-08-20T00:09:10-04:00
02336000,2002-12-22,1310,A,37.095069035519998,3205.0139646689281,2026-08-20T00:09:10-04:00
02336000,2002-12-23,1310,A,37.095069035519998,3205.0139646689281,2026-08-20T00:09:10-04:00
02336000,2002-12-24,8170,A,231.34863665664,19988.522207133698,2026-08-20T00:09:10-04:00
02336000,2002-12-25,5900,A,167.06939489280001,14434.79571873792,2026-08-20T00:09:10-04:00
02336000,2002-12-26,3060,A,86.649550571519995,7486.5211693793281,2026-08-20T00:09:10-04:00
02336000,2002-12-27,1620,A,45.873291479039999,3963.4523837890561,2026-08-20T00:09:10-04:00
02336000,2002-12-28,1400,A,39.643585228799999,3425.2057637683201,2026-08-20T00:09:10-04:00
02336000,2002-12-29,1380,A,39.077248296960001,3376.274252857344,2026-08-20T00:09:10-04:00
02336000,2002-12-30,1750,A,49.554481536000004,4281.5072047104004,2026-08-20T00:09:10-04:00
02336000,2002-12-31,1390,A,39.36041676288,3400.7400083128323,2026-08-20T00:09:10-04:00
02336000,2003-01-01,1480,A,41.908932956160001,3620.9318074122243,2026-08-20T00:09:10-04:00
02336000,2003-01-02,1420,A,40.209922160639998,3474.1372746792963,2026-08-20T00:09:10-04:00
02336000,2003-01-03,1460,A,41.342596024320002,3572.0002965012482,2026-08-20T00:09:10-04:00
02336000,2003-01-04,1390,A,39.36041676288,3400.7400083128323,2026-08-20T00:09:10-04:00
02336000,2003-01-05,1400,A,39.643585228799999,3425.2057637683201,2026-08-20T00:09:10-04:00
02336000,2003-01-06,1400,A,39.643585228799999,3425.2057637683201,2026-08-20T00:09:10-04:00
02336000,2003-01-07,1380,A,39.077248296960001,3376.274252857344,2026-08-20T00:09:10-04:00
02336000,2003-01-08,1380,A,39.077248296960001,3376.274252857344,2026-08-20T00:09:10-04:00
02336000,2003-01-09,1390,A,39.36041676288,3400.7400083128323,2026-08-20T00:09:10-04:00
02336000,2003-01-10,1460,A,41.342596024320002,3572.0002965012482,2026-08-20T00:09:10-04:00
02336000,2003-01-11,1390,A,39.36041676288,3400.7400083128323,2026-08-20T00:09:10-04:00
02336000,2003-01-12,1380,A,39.077248296960001,3376.274252857344,2026-08-20T00:09:10-04:00
02336000,2003-01-13,1370,A,38.794079831040001,3351.8084974018561,2026-08-20T00:09:10-04:00
02336000,2003-01-14,1380,A,39.077248296960001,3376.274252857344,2026-08-20T00:09:10-04:00
02336000,2003-01-15,1390,A,39.36041676288,3400.7400083128323,2026-08-20T00:09:10-04:00
02336000,2003-01-16,1380,A,39.077248296960001,3376.274252857344,2026-08-20T00:09:10-04:00
02336000,2003-01-17,1380,A,39.077248296960001,3376.274252857344,2026-08-20T00:09:10-04:00
02336000,2003-01-18,1360,A,38.510911365120002,3327.3427419463683,2026-08-20T00:09:10-04:00
02336000,2003-01-19,1350,A,38.227742899200003,3302.87698649088,2026-08-20T00:09:10-04:00
02336000,2003-01-20,1350,A,38.227742899200003,3302.87698649088,2026-08-20T00:09:10-04:00
02336000,2003-01-21,1740,A,49.271313070079998,4257.0414492549125,2026-08-20T00:09:10-04:00
02336000,2003-01-22,1240,A,35.112889774080003,3033.7536764805122,2026-08-20T00:09:10-04:00
02336000,2003-01-23,1140,A,32.281205114880002,2789.0961219256319,2026-08-20T00:09:10-04:00
02336000,2003-01-24,1600,A,45.3069545472,3914.5208728780799,2026-08-20T00:09:10-04:00
02336000,2003-01-25,1580,A,44.740617615360001,3865.5893619671042,2026-08-20T00:09:10-04:00
02336000,2003-01-26,1450,A,41.059427558400003,3547.5345410457603,2026-08-20T00:09:10-04:00
02336000,2003-01-27,1690,A,47.855470740480001,4134.7126719774724,2026-08-20T00:09:10-04:00
02336000,2003-01-28,1590,A,45.023786081280001,3890.055117422592,2026-08-20T00:09:10-04:00
02336000,2003-01-29,1630,A,46.156459944959998,3987.9181392445439,2026-08-20T00:09:10-04:00
02336000,2003-01-30,3080,A,87.215887503360008,7535.4526802903047,2026-08-20T00:09:10-04:00
02336000,2003-01-31,2000,A,56.633693184000002,4893.1510910976003,2026-08-20T00:09:10-04:00
02336000,2003-02-01,1560,A,44.174280683520003,3816.657851056128,2026-08-20T00:09:10-04:00
02336000,2003-02-02,1420,A,40.209922160639998,3474.1372746792963,2026-08-20T00:09:10-04:00
02336000,2003-02-03,1430,A,40.493090626560004,3498.6030301347841,2026-08-20T00:09:10-04:00
02336000,2003-02-04,1570,A,44.457449149440002,3841.1236065116163,2026-08-20T00:09:10-04:00
02336000,2003-02-05,1460,A,41.342596024320002,3572.0002965012482,2026-08-20T00:09:10-04:00
02336000,2003-02-06,1950,A,55.217850854399998,4770.8223138201602,2026-08-20T00:09:10-04:00
02336000,2003-02-07,2670,A,75.605980400640007,6532.3567066152964,2026-08-20T00:09:10-04:00
02336000,2003-02-08,2050,A,58.049535513599999,5015.4798683750405,2026-08-20T00:09:10-04:00
02336000,2003-02-09,1780,A,50.403986933760002,4354.904471076864,2026-08-20T00:09:10-04:00
02336000,2003-02-10,2140,A,60.59805170688,5235.6716674744321,2026-08-20T00:09:10-04:00
02336000,2003-02-11,2020,A,57.200030115840001,4942.082602008576,2026-08-20T00:09:10-04:00
02336000,2003-02-12,1880,A,53.235671592960003,4599.5620256317443,2026-08-20T00:09:10-04:00
02336000,2003-02-13,1930,A,54.65151392256,4721.8908029091845,2026-08-20T00:09:10-04:00
02336000,2003-02-14,1150,A,32.564373580800002,2813.5618773811202,2026-08-20T00:09:10-04:00
02336000,2003-02-15,1710,A,48.42180767232,4183.6441828884481,2026-08-20T00:09:10-04:00
02336000,2003-02-16,2420,A,68.526768752639995,5920.7128202280965,2026-08-20T00:09:10-04:00
02336000,2003-02-17,3080,A,87.215887503360008,7535.4526802903047,2026-08-20T00:09:10-04:00
02336000,2003-02-18,2470,A,69.942611082240006,6043.0415975055366,2026-08-20T00:09:10-04:00
02336000,2003-02-19,1640,A,46.439628410880005,4012.3838947000322,2026-08-20T00:09:10-04:00
02336000,2003-02-20,1680,A,47.572302274560002,4110.2469165219845,2026-08-20T00:09:10-04:00
02336000,2003-02-21,1650,A,46.722796876800004,4036.8496501555201,2026-08-20T00:09:10-04:00
02336000,2003-02-22,4390,A,124.31095653888001,10740.466644959233,2026-08-20T00:09:10-04:00
02336000,2003-02-23,3890,A,110.15253324288,9517.1788721848316,2026-08-20T00:09:10-04:00
02336000,2003-02-24,4460,A,126.29313580032,10911.726933147649,2026-08-20T00:09:10-04:00
02336000,2003-02-25,3230,A,91.463414492159998,7902.4390121226243,2026-08-20T00:09:10-04:00
02336000,2003-02-26,4230,A,119.78026108416,10349.014557671424,2026-08-20T00:09:10-04:00
02336000,2003-02-27,3580,A,101.37431079936,8758.7404530647036,2026-08-20T00:09:10-04:00
02336000,2003-02-28,3730,A,105.62183778816001,9125.7267848970241,2026-08-20T00:09:10-04:00
02336000,2003-03-01,5150,A,145.8317599488,12599.864059576321,2026-08-20T00:09:10-04:00
02336000,2003-03-02,5210,A,147.53077074431999,12746.658592309248,2026-08-20T00:09:10-04:00
02336000,2003-03-03,5110,A,144.69908608512,12502.001037754368,2026-08-20T00:09:10-04:00
02336000,2003-03-04,5080,A,143.84958068736,12428.603771387905,2026-08-20T00:09:10-04:00
02336000,2003-03-05,5260,A,148.94661307391999,12868.987369586688,2026-08-20T00:09:10-04:00
02336000,2003-03-06,13300,A,376.61405967360002,32539.454755799041,2026-08-20T00:09:10-04:00
02336000,2003-03-07,6490,A,183.77633438207999,15878.275290611713,2026-08-20T00:09:10-04:00
02336000,2003-03-08,4180,A,118.36441875456001,10226.685780393984,2026-08-20T00:09:10-04:00
02336000,2003-03-09,5540,A,156.87533011968,13554.028522340352,2026-08-20T00:09:10-04:00
02336000,2003-03-10,5580,A,158.00800398336,13651.891544162305,2026-08-20T00:09:10-04:00
02336000,2003-03-11,5620,A,159.14067784704,13749.754565984256,2026-08-20T00:09:10-04:00
02336000,2003-03-12,5550,A,157.1584985856,13578.49427779584,2026-08-20T00:09:10-04:00
02336000,2003-03-13,5520,A,156.30899318784,13505.097011429376,2026-08-20T00:09:10-04:00
02336000,2003-03-14,5480,A,155.17631932416,13407.233989607425,2026-08-20T00:09:10-04:00
02336000,2003-03-15,4780,A,135.35452670975999,11694.631107723264,2026-08-20T00:09:10-04:00
02336000,2003-03-16,2450,A,69.376274150400008,5994.11008659456,2026-08-20T00:09:10-04:00
02336000,2003-03-17,4350,A,123.17828267520001,10642.60362313728,2026-08-20T00:09:10-04:00
02336000,2003-03-18,5910,A,167.35256335872,14459.261474193409,2026-08-20T00:09:10-04:00
02336000,2003-03-19,4580,A,129.69115739136001,11205.315998613505,2026-08-20T00:09:10-04:00
02336000,2003-03-20,3030,A,85.800045173759997,7413.1239030128645,2026-08-20T00:09:10-04:00
02336000,2003-03-21,4980,A,141.01789602816001,12183.946216833025,2026-08-20T00:09:10-04:00
02336000,2003-03-22,5640,A,159.70701477887999,13798.686076895232,2026-08-20T00:09:10-04:00
02336000,2003-03-23,4610,A,130.54066278912001,11278.713264979968,2026-08-20T00:09:10-04:00
02336000,2003-03-24,2490,A,70.508948014080005,6091.9731084165123,2026-08-20T00:09:10-04:00
02336000,2003-03-25,2700,A,76.455485798400005,6605.7539729817599,2026-08-20T00:09:10-04:00
02336000,2003-03-26,2930,A,82.968360514560004,7168.4663484579842,2026-08-20T00:09:10-04:00
02336000,2003-03-27,2100,A,59.465377843200002,5137.8086456524798,2026-08-20T00:09:10-04:00
02336000,2003-03-28,2420,A,68.526768752639995,5920.7128202280965,2026-08-20T00:09:10-04:00
02336000,2003-03-29,2000,A,56.633693184000002,4893.1510910976003,2026-08-20T00:09:10-04:00
02336000,2003-03-30,1520,A,43.041606819839998,3718.7948292341762,2026-08-20T00:09:10-04:00
02336000,2003-03-31,1700,A,48.138639206400001,4159.1784274329602,2026-08-20T00:09:10-04:00
02336000,2003-04-01,2630,A,74.473306536959996,6434.4936847933441,2026-08-20T00:09:10-04:00
02336000,2003-04-02,2590,A,73.340632673279998,6336.6306629713918,2026-08-20T00:09:10-04:00
02336000,2003-04-03,1980,A,56.067356252160003,4844.2195801866237,2026-08-20T00:09:10-04:00
02336000,2003-04-04,2000,A,56.633693184000002,4893.1510910976003,2026-08-20T00:09:10-04:00
02336000,2003-04-05,2010,A,56.916861649920001,4917.6168465530882,2026-08-20T00:09:10-04:00
02336000,2003-04-06,2050,A,58.049535513599999,5015.4798683750405,2026-08-20T00:09:10-04:00
02336000,2003-04-07,2210,A,62.580230968320002,5406.9319556628479,2026-08-20T00:09:10-04:00
02336000,2003-04-08,1850,A,52.386166195200005,4526.1647592652798,2026-08-20T00:09:10-04:00
02336000,2003-04-09,1340,A,37.944574433280003,3278.4112310353921,2026-08-20T00:09:10-04:00
02336000,2003-04-10,2050,A,58.049535513599999,5015.4798683750405,2026-08-20T00:09:10-04:00
02336000,2003-04-11,1480,A,41.908932956160001,3620.9318074122243,2026-08-20T00:09:10-04:00
02336000,2003-04-12,1500,A,42.475269888,3669.8633183232,2026-08-20T00:09:10-04:00
02336000,2003-04-13,2460,A,69.659442616320007,6018.5758420500479,2026-08-20T00:09:10-04:00
02336000,2003-04-14,1880,A,53.235671592960003,4599.5620256317443,2026-08-20T00:09:10-04:00
02336000,2003-04-15,2310,A,65.411915627520003,5651.5895102177283,2026-08-20T00:09:10-04:00
02336000,2003-04-16,2510,A,71.075284945920004,6140.904619327488,2026-08-20T00:09:10-04:00
02336000,2003-04-17,2620,A,74.190138071039996,6410.0279293378562,2026-08-20T00:09:10-04:00
02336000,2003-04-18,2670,A,75.605980400640007,6532.3567066152964,2026-08-20T00:09:10-04:00
02336000,2003-04-19,2510,A,71.075284945920004,6140.904619327488,2026-08-20T00:09:10-04:00
02336000,2003-04-20,1220,A,34.546552842240004,2984.8221655695361,2026-08-20T00:09:10-04:00
02336000,2003-04-21,1790,A,50.687155399680002,4379.3702265323518,2026-08-20T00:09:10-04:00
02336000,2003-04-22,3180,A,90.047572162560002,7780.1102348451841,2026-08-20T00:09:10-04:00
02336000,2003-04-23,2600,A,73.623801139199998,6361.0964184268805,2026-08-20T00:09:10-04:00
02336000,2003-04-24,2800,A,79.287170457599998,6850.4115275366403,2026-08-20T00:09:10-04:00
02336000,2003-04-25,6190,A,175.28128040448001,15144.302626947072,2026-08-20T00:09:10-04:00
02336000,2003-04-26,5130,A,145.26542301696,12550.932548665345,2026-08-20T00:09:10-04:00
02336000,2003-04-27,2550,A,72.207958809600001,6238.7676411494404,2026-08-20T00:09:10-04:00
02336000,2003-04-28,4200,A,118.9307556864,10275.61729130496,2026-08-20T00:09:10-04:00
02336000,2003-04-29,5280,A,149.51295000576002,12917.918880497664,2026-08-20T00:09:10-04:00
02336000,2003-04-30,4130,A,116.94857642496001,10104.357003116544,2026-08-20T00:09:10-04:00
02336000,2003-05-01,5330,A,150.92879233536001,13040.247657775104,2026-08-20T00:09:10-04:00
02336000,2003-05-02,5450,A,154.32681392640001,13333.83672324096,2026-08-20T00:09:10-04:00
02336000,2003-05-03,3780,A,107.03768011776,9248.0555621744643,2026-08-20T00:09:10-04:00
02336000,2003-05-04,1730,A,48.988144604159999,4232.5756937994238,2026-08-20T00:09:10-04:00
02336000,2003-05-05,3300,A,93.445593753600008,8073.6993003110401,2026-08-20T00:09:10-04:00
02336000,2003-05-06,13000,A,368.11900569599999,31805.4820921344,2026-08-20T00:09:10-04:00
02336000,2003-05-07,7840,A,222.00407728128002,19181.152277102592,2026-08-20T00:09:10-04:00
02336000,2003-05-08,4990,A,141.30106449408001,12208.411972288512,2026-08-20T00:09:10-04:00
02336000,2003-05-09,8670,A,245.50705995264002,21211.809979908096,2026-08-20T00:09:10-04:00
02336000,2003-05-10,8490,A,240.41002756608,20771.426381709312,2026-08-20T00:09:10-04:00
02336000,2003-05-11,8310,A,235.31299517952002,20331.042783510529,2026-08-20T00:09:10-04:00
02336000,2003-05-12,5960,A,168.76840568832,14581.590251470849,2026-08-20T00:09:10-04:00
02336000,2003-05-13,7270,A,205.86347472384,17786.604216139778,2026-08-20T00:09:10-04:00
02336000,2003-05-14,7600,A,215.20803409920001,18593.97414617088,2026-08-20T00:09:10-04:00
02336000,2003-05-15,6560,A,185.75851364352002,16049.535578800129,2026-08-20T00:09:10-04:00
02336000,2003-05-16,6710,A,190.00604063232001,16416.521910632448,2026-08-20T00:09:10-04:00
02336000,2003-05-17,5570,A,157.72483551744,13627.425788706816,2026-08-20T00:09:10-04:00
02336000,2003-05-18,9200,A,260.51498864640001,22508.495019048962,2026-08-20T00:09:10-04:00
02336000,2003-05-19,5230,A,148.09710767615999,12795.590103220224,2026-08-20T00:09:10-04:00
02336000,2003-05-20,5850,A,165.65355256320001,14312.46694146048,2026-08-20T00:09:10-04:00
02336000,2003-05-21,4420,A,125.16046193664,10813.863911325696,2026-08-20T00:09:10-04:00
02336000,2003-05-22,4870,A,137.90304290304002,11914.822906822656,2026-08-20T00:09:10-04:00
02336000,2003-05-23,7340,A,207.84565398527999,17957.864504328194,2026-08-20T00:09:10-04:00
02336000,2003-05-24,5740,A,162.53869943808002,14043.343631450112,2026-08-20T00:09:10-04:00
02336000,2003-05-25,5660,A,160.27335171071999,13847.617587806208,2026-08-20T00:09:10-04:00
02336000,2003-05-26,6340,A,179.52880739328,15511.288958779392,2026-08-20T00:09:10-04:00
02336000,2003-05-27,5720,A,161.97236250624002,13994.412120539137,2026-08-20T00:09:10-04:00
02336000,2003-05-28,2980,A,84.384202844160001,7290.7951257354243,2026-08-20T00:09:10-04:00
02336000,2003-05-29,2210,A,62.580230968320002,5406.9319556628479,2026-08-20T00:09:10-04:00
02336000,2003-05-30,2490,A,70.508948014080005,6091.9731084165123,2026-08-20T00:09:10-04:00
02336000,2003-05-31,2030,A,57.48319858176,4966.5483574640639,2026-08-20T00:09:10-04:00
02336000,2003-06-01,1440,A,40.776259092480004,3523.068785590272,2026-08-20T00:09:10-04:00
02336000,2003-06-02,1590,A,45.023786081280001,3890.055117422592,2026-08-20T00:09:10-04:00
02336000,2003-06-03,3680,A,104.20599545856,9003.398007619584,2026-08-20T00:09:10-04:00
02336000,2003-06-04,2890,A,81.835686650880007,7070.6033266360319,2026-08-20T00:09:10-04:00
02336000,2003-06-05,2630,A,74.473306536959996,6434.4936847933441,2026-08-20T00:09:10-04:00
02336000,2003-06-06,2790,A,79.004001991679999,6825.9457720811524,2026-08-20T00:09:10-04:00
02336000,2003-06-07,3520,A,99.675300003840007,8611.9459203317765,2026-08-20T00:09:10-04:00
02336000,2003-06-08,4160,A,117.79808182272001,10177.754269483008,2026-08-20T00:09:10-04:00
02336000,2003-06-09,2630,A,74.473306536959996,6434.4936847933441,2026-08-20T00:09:10-04:00
02336000,2003-06-10,2760,A,78.154496593920001,6752.548505714688,2026-08-20T00:09:10-04:00
02336000,2003-06-11,2770,A,78.43766505984,6777.0142611701758,2026-08-20T00:09:10-04:00
02336000,2003-06-12,3900,A,110.4357017088,9541.6446276403203,2026-08-20T00:09:10-04:00
02336000,2003-06-13,4290,A,121.47927187968,10495.809090404353,2026-08-20T00:09:10-04:00
02336000,2003-06-14,5930,A,167.91890029056,14508.192985104384,2026-08-20T00:09:10-04:00
02336000,2003-06-15,5190,A,146.96443381248,12697.727081398272,2026-08-20T00:09:10-04:00
02336000,2003-06-16,4120,A,116.66540795904001,10079.891247661057,2026-08-20T00:09:10-04:00
02336000,2003-06-17,12700,A,359.62395171840001,31071.509428469762,2026-08-20T00:09:10-04:00
02336000,2003-06-18,8920,A,252.58627160064,21823.453866295298,2026-08-20T00:09:10-04:00
02336000,2003-06-19,5640,A,159.70701477887999,13798.686076895232,2026-08-20T00:09:10-04:00
02336000,2003-06-20,2860,A,80.986181253120009,6997.2060602695683,2026-08-20T00:09:10-04:00
02336000,2003-06-21,4800,A,135.92086364159999,11743.56261863424,2026-08-20T00:09:10-04:00
02336000,2003-06-22,5480,A,155.17631932416,13407.233989607425,2026-08-20T00:09:10-04:00
02336000,2003-06-23,5450,A,154.32681392640001,13333.83672324096,2026-08-20T00:09:10-04:00
02336000,2003-06-24,8520,A,241.25953296384,20844.823648075777,2026-08-20T00:09:10-04:00
02336000,2003-06-25,7810,A,221.15457188351999,19107.755010736128,2026-08-20T00:09:10-04:00
02336000,2003-06-26,7530,A,213.22585483776001,18422.713857982464,2026-08-20T00:09:10-04:00
02336000,2003-06-27,7420,A,210.11100171264002,18153.590547972097,2026-08-20T00:09:10-04:00
02336000,2003-06-28,2940,A,83.251528980480003,7192.932103913472,2026-08-20T00:09:10-04:00
02336000,2003-06-29,1620,A,45.873291479039999,3963.4523837890561,2026-08-20T00:09:10-04:00
02336000,2003-06-30,1870,A,52.952503127040004,4575.0962701762564,2026-08-20T00:09:10-04:00
02336000,2003-07-01,6490,A,183.77633438207999,15878.275290611713,2026-08-20T00:09:10-04:00
02336000,2003-07-02,8710,A,246.63973381632002,21309.673001730047,2026-08-20T00:09:10-04:00
02336000,2003-07-03,6710,A,190.00604063232001,16416.521910632448,2026-08-20T00:09:10-04:00
02336000,2003-07-04,7820,A,221.43774034944002,19132.220766191618,2026-08-20T00:09:10-04:00
02336000,2003-07-05,8250,A,233.61398438400002,20184.2482507776,2026-08-20T00:09:10-04:00
02336000,2003-07-06,6940,A,196.51891534847999,16979.234286108673,2026-08-20T00:09:10-04:00
02336000,2003-07-07,7590,A,214.92486563328001,18569.508390715393,2026-08-20T00:09:10-04:00
02336000,2003-07-08,6020,A,170.46741648384,14728.384784203776,2026-08-20T00:09:10-04:00
02336000,2003-07-09,6280,A,177.82979659776001,15364.494426046465,2026-08-20T00:09:10-04:00
02336000,2003-07-10,7040,A,199.35060000768001,17223.891840663553,2026-08-20T00:09:10-04:00
02336000,2003-07-11,4580,A,129.69115739136001,11205.315998613505,2026-08-20T00:09:10-04:00
02336000,2003-07-12,2350,A,66.5445894912,5749.4525320396806,2026-08-20T00:09:10-04:00
02336000,2003-07-13,2280,A,64.562410229760005,5578.1922438512638,2026-08-20T00:09:10-04:00
02336000,2003-07-14,4040,A,114.40006023168,9884.1652040171521,2026-08-20T00:09:10-04:00
02336000,2003-07-15,5940,A,168.20206875648,14532.658740559873,2026-08-20T00:09:10-04:00
02336000,2003-07-16,6760,A,191.42188296192001,16538.85068790989,2026-08-20T00:09:10-04:00
02336000,2003-07-17,7080,A,200.48327387136001,17321.754862485504,2026-08-20T00:09:10-04:00
02336000,2003-07-18,6910,A,195.66940995072,16905.837019742208,2026-08-20T00:09:10-04:00
02336000,2003-07-19,4650,A,131.6733366528,11376.576286801921,2026-08-20T00:09:10-04:00
02336000,2003-07-20,2340,A,66.261421025280001,5724.9867765841918,2026-08-20T00:09:10-04:00
02336000,2003-07-21,2730,A,77.304991196160003,6679.1512393482244,2026-08-20T00:09:10-04:00
02336000,2003-07-22,2670,A,75.605980400640007,6532.3567066152964,2026-08-20T00:09:10-04:00
02336000,2003-07-23,3300,A,93.445593753600008,8073.6993003110401,2026-08-20T00:09:10-04:00
02336000,2003-07-24,2200,A,62.297062502400003,5382.4662002073601,2026-08-20T00:09:10-04:00
02336000,2003-07-25,3340,A,94.578267617280005,8171.5623221329924,2026-08-20T00:09:10-04:00
02336000,2003-07-26,3280,A,92.879256821760009,8024.7677894000644,2026-08-20T00:09:10-04:00
02336000,2003-07-27,2390,A,67.677263354879997,5847.315553861632,2026-08-20T00:09:10-04:00
02336000,2003-07-28,2410,A,68.243600286719996,5896.2470647726086,2026-08-20T00:09:10-04:00
02336000,2003-07-29,2890,A,81.835686650880007,7070.6033266360319,2026-08-20T00:09:10-04:00
02336000,2003-07-30,3310,A,93.728762219520007,8098.165055766528,2026-08-20T00:09:10-04:00
02336000,2003-07-31,3740,A,105.90500625408001,9150.1925403525129,2026-08-20T00:09:10-04:00
02336000,2003-08-01,3920,A,111.00203864064001,9590.576138551296,2026-08-20T00:09:10-04:00
02336000,2003-08-02,2800,A,79.287170457599998,6850.4115275366403,2026-08-20T00:09:10-04:00
02336000,2003-08-03,2190,A,62.013894036480004,5358.0004447518722,2026-08-20T00:09:10-04:00
02336000,2003-08-04,3290,A,93.162425287680009,8049.2335448555523,2026-08-20T00:09:10-04:00
02336000,2003-08-05,2960,A,83.817865912320002,7241.8636148244486,2026-08-20T00:09:10-04:00
02336000,2003-08-06,3410,A,96.560446878720001,8342.8226103214074,2026-08-20T00:09:10-04:00
02336000,2003-08-07,3620,A,102.50698466304,8856.6034748866568,2026-08-20T00:09:10-04:00
02336000,2003-08-08,2590,A,73.340632673279998,6336.6306629713918,2026-08-20T00:09:10-04:00
02336000,2003-08-09,2140,A,60.59805170688,5235.6716674744321,2026-08-20T00:09:10-04:00
02336000,2003-08-10,1800,A,50.970323865600001,4403.8359819878406,2026-08-20T00:09:10-04:00
02336000,2003-08-11,2030,A,57.48319858176,4966.5483574640639,2026-08-20T00:09:10-04:00
02336000,2003-08-12,3450,A,97.693120742399998,8440.6856321433606,2026-08-20T00:09:10-04:00
02336000,2003-08-13,3890,A,110.15253324288,9517.1788721848316,2026-08-20T00:09:10-04:00
02336000,2003-08-14,3930,A,111.28520710656001,9615.0418940067848,2026-08-20T00:09:10-04:00
02336000,2003-08-15,3620,A,102.50698466304,8856.6034748866568,2026-08-20T00:09:10-04:00
02336000,2003-08-16,3140,A,88.914898298880004,7682.2472130232327,2026-08-20T00:09:10-04:00
02336000,2003-08-17,1980,A,56.067356252160003,4844.2195801866237,2026-08-20T00:09:10-04:00
02336000,2003-08-18,2090,A,59.182209377280003,5113.3428901969919,2026-08-20T00:09:10-04:00
02336000,2003-08-19,3150,A,89.198066764800004,7706.7129684787205,2026-08-20T00:09:10-04:00
02336000,2003-08-20,3630,A:e,102.79015312896,8881.0692303421438,2026-08-20T00:09:10-04:00
02336000,2003-08-21,3800,A:e,107.6040170496,9296.98707308544,2026-08-20T00:09:10-04:00
02336000,2003-08-22,3430,A,97.126783810559999,8391.7541212323849,2026-08-20T00:09:10-04:00
02336000,2003-08-23,2610,A,73.906969605119997,6385.5621738823684,2026-08-20T00:09:10-04:00
02336000,2003-08-24,1250,A,35.396058240000002,3058.2194319360001,2026-08-20T00:09:10-04:00
02336000,2003-08-25,1580,A,44.740617615360001,3865.5893619671042,2026-08-20T00:09:10-04:00
02336000,2003-08-26,2850,A,80.703012787199995,6972.7403048140804,2026-08-20T00:09:10-04:00
02336000,2003-08-27,2910,A,82.402023582720005,7119.5348375470085,2026-08-20T00:09:10-04:00
02336000,2003-08-28,2810,A,79.570338923519998,6874.8772829921281,2026-08-20T00:09:10-04:00
02336000,2003-08-29,3320,A,94.011930685440007,8122.6308112220158,2026-08-20T00:09:10-04:00
02336000,2003-08-30,2140,A,60.59805170688,5235.6716674744321,2026-08-20T00:09:10-04:00
02336000,2003-08-31,1430,A,40.493090626560004,3498.6030301347841,2026-08-20T00:09:10-04:00
02336000,2003-09-01,1230,A,34.829721308160003,3009.2879210250239,2026-08-20T00:09:10-04:00
02336000,2003-09-02,1160,A,32.847542046720001,2838.0276328366081,2026-08-20T00:09:10-04:00
02336000,2003-09-03,2860,A,80.986181253120009,6997.2060602695683,2026-08-20T00:09:10-04:00
02336000,2003-09-04,2450,A,69.376274150400008,5994.11008659456,2026-08-20T00:09:10-04:00
02336000,2003-09-05,2540,A,71.924790343680002,6214.3018856939525,2026-08-20T00:09:10-04:00
02336000,2003-09-06,1870,A,52.952503127040004,4575.0962701762564,2026-08-20T00:09:10-04:00
02336000,2003-09-07,1100,A,31.148531251200001,2691.23310010368,2026-08-20T00:09:10-04:00
02336000,2003-09-08,1240,A,35.112889774080003,3033.7536764805122,2026-08-20T00:09:10-04:00
02336000,2003-09-09,2280,A,64.562410229760005,5578.1922438512638,2026-08-20T00:09:10-04:00
02336000,2003-09-10,2130,A,60.31488324096,5211.2059120189442,2026-08-20T00:09:10-04:00
02336000,2003-09-11,1430,A,40.493090626560004,3498.6030301347841,2026-08-20T00:09:10-04:00
02336000,2003-09-12,1930,A,54.65151392256,4721.8908029091845,2026-08-20T00:09:10-04:00
02336000,2003-09-13,1570,A,44.457449149440002,3841.1236065116163,2026-08-20T00:09:10-04:00
02336000,2003-09-14,1140,A,32.281205114880002,2789.0961219256319,2026-08-20T00:09:10-04:00
02336000,2003-09-15,1310,A,37.095069035519998,3205.0139646689281,2026-08-20T00:09:10-04:00
02336000,2003-09-16,1660,A,47.005965342720003,4061.3154056110079,2026-08-20T00:09:10-04:00
02336000,2003-09-17,1900,A,53.802008524800002,4648.49353654272,2026-08-20T00:09:10-04:00
02336000,2003-09-18,1670,A,47.289133808640003,4085.7811610664962,2026-08-20T00:09:10-04:00
02336000,2003-09-19,1580,A,44.740617615360001,3865.5893619671042,2026-08-20T00:09:10-04:00
02336000,2003-09-20,1430,A,40.493090626560004,3498.6030301347841,2026-08-20T00:09:10-04:00
02336000,2003-09-21,1020,A,28.88318352384,2495.5070564597759,2026-08-20T00:09:10-04:00
02336000,2003-09-22,2110,A,59.748546309120002,5162.2744011079685,2026-08-20T00:09:10-04:00
02336000,2003-09-23,4400,A,124.59412500480001,10764.93240041472,2026-08-20T00:09:10-04:00
02336000,2003-09-24,2280,A,64.562410229760005,5578.1922438512638,2026-08-20T00:09:10-04:00
02336000,2003-09-25,2040,A,57.766367047679999,4991.0141129195517,2026-08-20T00:09:10-04:00
02336000,2003-09-26,1680,A,47.572302274560002,4110.2469165219845,2026-08-20T00:09:10-04:00
02336000,2003-09-27,1890,A,53.518840058880002,4624.0277810872321,2026-08-20T00:09:10-04:00
02336000,2003-09-28,1380,A,39.077248296960001,3376.274252857344,2026-08-20T00:09:10-04:00
02336000,2003-09-29,1530,A,43.324775285759998,3743.260584689664,2026-08-20T00:09:10-04:00
02336000,2003-09-30,1680,A,47.572302274560002,4110.2469165219845,2026-08-20T00:09:10-04:00
02336000,2003-10-01,1480,A,41.908932956160001,3620.9318074122243,2026-08-20T00:09:10-04:00
02336000,2003-10-02,1450,A,41.059427558400003,3547.5345410457603,2026-08-20T00:09:10-04:00
02336000,2003-10-03,1420,A,40.209922160639998,3474.1372746792963,2026-08-20T00:09:10-04:00
02336000,2003-10-04,1350,A,38.227742899200003,3302.87698649088,2026-08-20T00:09:10-04:00
02336000,2003-10-05,896,A,25.371894546431999,2192.1316888117249,2026-08-20T00:09:10-04:00
02336000,2003-10-06,1120,A,31.71486818304,2740.1646110146562,2026-08-20T00:09:10-04:00
02336000,2003-10-07,1580,A,44.740617615360001,3865.5893619671042,2026-08-20T00:09:10-04:00
02336000,2003-10-08,2120,A,60.031714775040001,5186.7401565634564,2026-08-20T00:09:10-04:00
02336000,2003-10-09,1720,A,48.704976138239999,4208.1099383439359,2026-08-20T00:09:10-04:00
02336000,2003-10-10,1780,A,50.403986933760002,4354.904471076864,2026-08-20T00:09:10-04:00
02336000,2003-10-11,1490,A,42.19210142208,3645.3975628677122,2026-08-20T00:09:10-04:00
02336000,2003-10-12,1230,A,34.829721308160003,3009.2879210250239,2026-08-20T00:09:10-04:00
02336000,2003-10-13,1570,A,44.457449149440002,3841.1236065116163,2026-08-20T00:09:10-04:00
02336000,2003-10-14,1670,A,47.289133808640003,4085.7811610664962,2026-08-20T00:09:10-04:00
02336000,2003-10-15,1560,A,44.174280683520003,3816.657851056128,2026-08-20T00:09:10-04:00
02336000,2003-10-16,1580,A,44.740617615360001,3865.5893619671042,2026-08-20T00:09:10-04:00
02336000,2003-10-17,1400,A,39.643585228799999,3425.2057637683201,2026-08-20T00:09:10-04:00
02336000,2003-10-18,1230,A,34.829721308160003,3009.2879210250239,2026-08-20T00:09:10-04:00
02336000,2003-10-19,1220,A,34.546552842240004,2984.8221655695361,2026-08-20T00:09:10-04:00
02336000,2003-10-20,1390,A,39.36041676288,3400.7400083128323,2026-08-20T00:09:10-04:00
02336000,2003-10-21,1510,A,42.758438353919999,3694.3290737786883,2026-08-20T00:09:10-04:00
02336000,2003-10-22,1510,A,42.758438353919999,3694.3290737786883,2026-08-20T00:09:10-04:00
02336000,2003-10-23,1560,A,44.174280683520003,3816.657851056128,2026-08-20T00:09:10-04:00
02336000,2003-10-24,1480,A,41.908932956160001,3620.9318074122243,2026-08-20T00:09:10-04:00
02336000,2003-10-25,1680,A,47.572302274560002,4110.2469165219845,2026-08-20T00:09:10-04:00
02336000,2003-10-26,2770,A,78.43766505984,6777.0142611701758,2026-08-20T00:09:10-04:00
02336000,2003-10-27,3030,A,85.800045173759997,7413.1239030128645,2026-08-20T00:09:10-04:00
02336000,2003-10-28,1830,A,51.819829263359999,4477.2332483543041,2026-08-20T00:09:10-04:00
02336000,2003-10-29,1800,A,50.970323865600001,4403.8359819878406,2026-08-20T00:09:10-04:00
02336000,2003-10-30,1890,A,53.518840058880002,4624.0277810872321,2026-08-20T00:09:10-04:00
02336000,2003-10-31,1600,A,45.3069545472,3914.5208728780799,2026-08-20T00:09:10-04:00
02336000,2003-11-01,1210,A,34.263384376319998,2960.3564101140482,2026-08-20T00:09:10-04:00
02336000,2003-11-02,1250,A,35.396058240000002,3058.2194319360001,2026-08-20T00:09:10-04:00
02336000,2003-11-03,1570,A,44.457449149440002,3841.1236065116163,2026-08-20T00:09:10-04:00
02336000,2003-11-04,1670,A,47.289133808640003,4085.7811610664962,2026-08-20T00:09:10-04:00
02336000,2003-11-05,1600,A,45.3069545472,3914.5208728780799,2026-08-20T00:09:10-04:00
02336000,2003-11-06,2070,A,58.615872445440004,5064.4113792860162,2026-08-20T00:09:10-04:00
02336000,2003-11-07,2050,A,58.049535513599999,5015.4798683750405,2026-08-20T00:09:10-04:00
02336000,2003-11-08,1510,A,42.758438353919999,3694.3290737786883,2026-08-20T00:09:10-04:00
02336000,2003-11-09,1300,A,36.811900569599999,3180.5482092134403,2026-08-20T00:09:10-04:00
02336000,2003-11-10,1780,A,50.403986933760002,4354.904471076864,2026-08-20T00:09:10-04:00
02336000,2003-11-11,1990,A,56.350524718080003,4868.6853356421125,2026-08-20T00:09:10-04:00
02336000,2003-11-12,1790,A,50.687155399680002,4379.3702265323518,2026-08-20T00:09:10-04:00
02336000,2003-11-13,1770,A,50.120818467840003,4330.4387156213761,2026-08-20T00:09:10-04:00
02336000,2003-11-14,2170,A,61.447557104640005,5309.0689338408965,2026-08-20T00:09:10-04:00
02336000,2003-11-15,1570,A,44.457449149440002,3841.1236065116163,2026-08-20T00:09:10-04:00
02336000,2003-11-16,1380,A,39.077248296960001,3376.274252857344,2026-08-20T00:09:10-04:00
02336000,2003-11-17,2220,A,62.863399434240002,5431.3977111183358,2026-08-20T00:09:10-04:00
02336000,2003-11-18,2890,A,81.835686650880007,7070.6033266360319,2026-08-20T00:09:10-04:00
02336000,2003-11-19,9260,A,262.21399944192001,22655.289551781887,2026-08-20T00:09:10-04:00
02336000,2003-11-20,5470,A,154.89315085824001,13382.768234151936,2026-08-20T00:09:10-04:00
02336000,2003-11-21,3420,A,96.84361534464,8367.2883657768962,2026-08-20T00:09:10-04:00
02336000,2003-11-22,2740,A,77.588159662080002,6703.6169948037123,2026-08-20T00:09:10-04:00
02336000,2003-11-23,3910,A,110.71887017472001,9566.1103830958091,2026-08-20T00:09:10-04:00
02336000,2003-11-24,4120,A,116.66540795904001,10079.891247661057,2026-08-20T00:09:10-04:00
02336000,2003-11-25,4090,A,115.81590256128,10006.493981294592,2026-08-20T00:09:10-04:00
02336000,2003-11-26,2820,A,79.853507389439997,6899.343038447616,2026-08-20T00:09:10-04:00
02336000,2003-11-27,3300,A,93.445593753600008,8073.6993003110401,2026-08-20T00:09:10-04:00
02336000,2003-11-28,3100,A,87.782224435200007,7584.3841912012804,2026-08-20T00:09:10-04:00
02336000,2003-11-29,1640,A,46.439628410880005,4012.3838947000322,2026-08-20T00:09:10-04:00
02336000,2003-11-30,1820,A,51.53666079744,4452.7674928988163,2026-08-20T00:09:10-04:00
02336000,2003-12-01,2370,A,67.110926423039999,5798.3840429506563,2026-08-20T00:09:10-04:00
02336000,2003-12-02,2260,A,63.996073297919999,5529.2607329402881,2026-08-20T00:09:10-04:00
02336000,2003-12-03,3460,A,97.976289208319997,8465.1513875988476,2026-08-20T00:09:10-04:00
02336000,2003-12-04,6030,A,170.75058494976,14752.850539659265,2026-08-20T00:09:10-04:00
02336000,2003-12-05,2030,A,57.48319858176,4966.5483574640639,2026-08-20T00:09:10-04:00
02336000,2003-12-06,2500,A,70.792116480000004,6116.4388638720002,2026-08-20T00:09:10-04:00
02336000,2003-12-07,2130,A,60.31488324096,5211.2059120189442,2026-08-20T00:09:10-04:00
02336000,2003-12-08,2170,A,61.447557104640005,5309.0689338408965,2026-08-20T00:09:10-04:00
02336000,2003-12-09,2800,A,79.287170457599998,6850.4115275366403,2026-08-20T00:09:10-04:00
02336000,2003-12-10,3680,A,104.20599545856,9003.398007619584,2026-08-20T00:09:10-04:00
02336000,2003-12-11,2970,A,84.101034378240001,7266.3293702799365,2026-08-20T00:09:10-04:00
02336000,2003-12-12,2320,A,65.695084093440002,5676.0552656732161,2026-08-20T00:09:10-04:00
02336000,2003-12-13,1990,A,56.350524718080003,4868.6853356421125,2026-08-20T00:09:10-04:00
02336000,2003-12-14,2470,A,69.942611082240006,6043.0415975055366,2026-08-20T00:09:10-04:00
02336000,2003-12-15,2820,A,79.853507389439997,6899.343038447616,2026-08-20T00:09:10-04:00
02336000,2003-12-16,2940,A,83.251528980480003,7192.932103913472,2026-08-20T00:09:10-04:00
02336000,2003-12-17,3200,A,90.6139090944,7829.0417457561598,2026-08-20T00:09:10-04:00
02336000,2003-12-18,3420,A,96.84361534464,8367.2883657768962,2026-08-20T00:09:10-04:00
02336000,2003-12-19,2990,A,84.66737131008,7315.2608811909122,2026-08-20T00:09:10-04:00
02336000,2003-12-20,2930,A,82.968360514560004,7168.4663484579842,2026-08-20T00:09:10-04:00
02336000,2003-12-21,1740,A,49.271313070079998,4257.0414492549125,2026-08-20T00:09:10-04:00
02336000,2003-12-22,1900,A,53.802008524800002,4648.49353654272,2026-08-20T00:09:10-04:00
02336000,2003-12-23,2730,A,77.304991196160003,6679.1512393482244,2026-08-20T00:09:10-04:00
02336000,2003-12-24,3580,A,101.37431079936,8758.7404530647036,2026-08-20T00:09:10-04:00
02336000,2003-12-25,3000,A,84.950539775999999,7339.7266366464,2026-08-20T00:09:10-04:00
02336000,2003-12-26,2250,A,63.712904832,5504.7949774848003,2026-08-20T00:09:10-04:00
02336000,2003-12-27,2070,A,58.615872445440004,5064.4113792860162,2026-08-20T00:09:10-04:00
02336000,2003-12-28,2110,A,59.748546309120002,5162.2744011079685,2026-08-20T00:09:10-04:00
02336000,2003-12-29,2460,A,69.659442616320007,6018.5758420500479,2026-08-20T00:09:10-04:00
02336000,2003-12-30,2960,A,83.817865912320002,7241.8636148244486,2026-08-20T00:09:10-04:00
02336000,2003-12-31,3490,A,98.825794606080009,8538.548653965312,2026-08-20T00:09:10-04:00
02336000,2004-01-01,2360,A,66.827757957119999,5773.9182874951684,2026-08-20T00:09:10-04:00
02336000,2004-01-02,2200,A,62.297062502400003,5382.4662002073601,2026-08-20T00:09:10-04:00
02336000,2004-01-03,1910,A,54.085176990720001,4672.9592919982078,2026-08-20T00:09:10-04:00
02336000,2004-01-04,1670,A,47.289133808640003,4085.7811610664962,2026-08-20T00:09:10-04:00
02336000,2004-01-05,2420,A,68.526768752639995,5920.7128202280965,2026-08-20T00:09:10-04:00
02336000,2004-01-06,3610,A,102.22381619712,8832.1377194311681,2026-08-20T00:09:10-04:00
02336000,2004-01-07,3490,A,98.825794606080009,8538.548653965312,2026-08-20T00:09:10-04:00
02336000,2004-01-08,3840,A,108.73669091328,9394.8500949073932,2026-08-20T00:09:10-04:00
02336000,2004-01-09,3750,A,106.18817472000001,9174.6582958079998,2026-08-20T00:09:10-04:00
02336000,2004-01-10,3260,A,92.312919889919996,7975.8362784890878,2026-08-20T00:09:10-04:00
02336000,2004-01-11,2300,A,65.128747161600003,5627.1237547622404,2026-08-20T00:09:10-04:00
02336000,2004-01-12,1970,A,55.784187786240004,4819.7538247311359,2026-08-20T00:09:10-04:00
02336000,2004-01-13,2510,A,71.075284945920004,6140.904619327488,2026-08-20T00:09:10-04:00
02336000,2004-01-14,3150,A,89.198066764800004,7706.7129684787205,2026-08-20T00:09:10-04:00
02336000,2004-01-15,4010,A,113.55055483392,9810.7679376506876,2026-08-20T00:09:10-04:00
02336000,2004-01-16,3670,A,103.92282699264,8978.932252164097,2026-08-20T00:09:10-04:00
02336000,2004-01-17,3010,A,85.233708241919999,7364.1923921018879,2026-08-20T00:09:10-04:00
02336000,2004-01-18,2360,A,66.827757957119999,5773.9182874951684,2026-08-20T00:09:10-04:00
02336000,2004-01-19,2740,A,77.588159662080002,6703.6169948037123,2026-08-20T00:09:10-04:00
02336000,2004-01-20,3140,A,88.914898298880004,7682.2472130232327,2026-08-20T00:09:10-04:00
02336000,2004-01-21,3110,A,88.065392901120006,7608.8499466567682,2026-08-20T00:09:10-04:00
02336000,2004-01-22,2490,A,70.508948014080005,6091.9731084165123,2026-08-20T00:09:10-04:00
02336000,2004-01-23,1160,A,32.847542046720001,2838.0276328366081,2026-08-20T00:09:10-04:00
02336000,2004-01-24,1550,A,43.891112217600003,3792.1920956006402,2026-08-20T00:09:10-04:00
02336000,2004-01-25,4860,A,137.61987443712002,11890.357151367169,2026-08-20T00:09:10-04:00
02336000,2004-01-26,4100,A,116.0990710272,10030.959736750081,2026-08-20T00:09:10-04:00
02336000,2004-01-27,3340,A,94.578267617280005,8171.5623221329924,2026-08-20T00:09:10-04:00
02336000,2004-01-28,2940,A,83.251528980480003,7192.932103913472,2026-08-20T00:09:10-04:00
02336000,2004-01-29,3060,A,86.649550571519995,7486.5211693793281,2026-08-20T00:09:10-04:00
02336000,2004-01-30,3200,A,90.6139090944,7829.0417457561598,2026-08-20T00:09:10-04:00
02336000,2004-01-31,2310,A,65.411915627520003,5651.5895102177283,2026-08-20T00:09:10-04:00
02336000,2004-02-01,1780,A,50.403986933760002,4354.904471076864,2026-08-20T00:09:10-04:00
02336000,2004-02-02,2150,A,60.881220172799999,5260.1374229299199,2026-08-20T00:09:10-04:00
02336000,2004-02-03,3890,A,110.15253324288,9517.1788721848316,2026-08-20T00:09:10-04:00
02336000,2004-02-04,2560,A,72.49112727552,6263.2333966049282,2026-08-20T00:09:10-04:00
02336000,2004-02-05,2730,A,77.304991196160003,6679.1512393482244,2026-08-20T00:09:10-04:00
02336000,2004-02-06,4200,A,118.9307556864,10275.61729130496,2026-08-20T00:09:10-04:00
02336000,2004-02-07,3650,A,103.3564900608,8930.0007412531195,2026-08-20T00:09:10-04:00
02336000,2004-02-08,2630,A,74.473306536959996,6434.4936847933441,2026-08-20T00:09:10-04:00
02336000,2004-02-09,2050,A,58.049535513599999,5015.4798683750405,2026-08-20T00:09:10-04:00
02336000,2004-02-10,2820,A,79.853507389439997,6899.343038447616,2026-08-20T00:09:10-04:00
02336000,2004-02-11,1730,A,48.988144604159999,4232.5756937994238,2026-08-20T00:09:10-04:00
02336000,2004-02-12,2930,A,82.968360514560004,7168.4663484579842,2026-08-20T00:09:10-04:00
02336000,2004-02-13,3580,A,101.37431079936,8758.7404530647036,2026-08-20T00:09:10-04:00
02336000,2004-02-14,2680,A,75.889148866560006,6556.8224620707842,2026-08-20T00:09:10-04:00
02336000,2004-02-15,2710,A,76.738654264320004,6630.2197284372478,2026-08-20T00:09:10-04:00
02336000,2004-02-16,3190,A,90.330740628480001,7804.5759903006719,2026-08-20T00:09:10-04:00
02336000,2004-02-17,1980,A,56.067356252160003,4844.2195801866237,2026-08-20T00:09:10-04:00
02336000,2004-02-18,2010,A,56.916861649920001,4917.6168465530882,2026-08-20T00:09:10-04:00
02336000,2004-02-19,2230,A,63.146567900160001,5455.8634665738246,2026-08-20T00:09:10-04:00
02336000,2004-02-20,1980,A,56.067356252160003,4844.2195801866237,2026-08-20T00:09:10-04:00
02336000,2004-02-21,1780,A,50.403986933760002,4354.904471076864,2026-08-20T00:09:10-04:00
02336000,2004-02-22,1730,A,48.988144604159999,4232.5756937994238,2026-08-20T00:09:10-04:00
02336000,2004-02-23,1710,A,48.42180767232,4183.6441828884481,2026-08-20T00:09:10-04:00
02336000,2004-02-24,1730,A,48.988144604159999,4232.5756937994238,2026-08-20T00:09:10-04:00
02336000,2004-02-25,1760,A,49.837650001920004,4305.9729601658883,2026-08-20T00:09:10-04:00
02336000,2004-02-26,1960,A,55.501019320320005,4795.288069275648,2026-08-20T00:09:10-04:00
02336000,2004-02-27,2050,A,58.049535513599999,5015.4798683750405,2026-08-20T00:09:10-04:00
02336000,2004-02-28,1810,A,51.25349233152,4428.3017374433284,2026-08-20T00:09:10-04:00
02336000,2004-02-29,1730,A,48.988144604159999,4232.5756937994238,2026-08-20T00:09:10-04:00
02336000,2004-03-01,1670,A,47.289133808640003,4085.7811610664962,2026-08-20T00:09:10-04:00
02336000,2004-03-02,1650,A,46.722796876800004,4036.8496501555201,2026-08-20T00:09:10-04:00
02336000,2004-03-03,1750,A,49.554481536000004,4281.5072047104004,2026-08-20T00:09:10-04:00
02336000,2004-03-04,1710,A,48.42180767232,4183.6441828884481,2026-08-20T00:09:10-04:00
02336000,2004-03-05,1660,A,47.005965342720003,4061.3154056110079,2026-08-20T00:09:10-04:00
02336000,2004-03-06,2100,A,59.465377843200002,5137.8086456524798,2026-08-20T00:09:10-04:00
02336000,2004-03-07,1940,A,54.934682388479999,4746.3565583646723,2026-08-20T00:09:10-04:00
02336000,2004-03-08,1800,A,50.970323865600001,4403.8359819878406,2026-08-20T00:09:10-04:00
02336000,2004-03-09,1740,A,49.271313070079998,4257.0414492549125,2026-08-20T00:09:10-04:00
02336000,2004-03-10,1620,A,45.873291479039999,3963.4523837890561,2026-08-20T00:09:10-04:00
02336000,2004-03-11,1870,A,52.952503127040004,4575.0962701762564,2026-08-20T00:09:10-04:00
02336000,2004-03-12,2220,A,62.863399434240002,5431.3977111183358,2026-08-20T00:09:10-04:00
02336000,2004-03-13,1790,A,50.687155399680002,4379.3702265323518,2026-08-20T00:09:10-04:00
02336000,2004-03-14,1610,A,45.590123013119999,3938.9866283335682,2026-08-20T00:09:10-04:00
02336000,2004-03-15,1700,A,48.138639206400001,4159.1784274329602,2026-08-20T00:09:10-04:00
02336000,2004-03-16,1730,A,48.988144604159999,4232.5756937994238,2026-08-20T00:09:10-04:00
02336000,2004-03-17,1750,A,49.554481536000004,4281.5072047104004,2026-08-20T00:09:10-04:00
02336000,2004-03-18,1910,A,54.085176990720001,4672.9592919982078,2026-08-20T00:09:10-04:00
02336000,2004-03-19,1720,A,48.704976138239999,4208.1099383439359,2026-08-20T00:09:10-04:00
02336000,2004-03-20,1420,A,40.209922160639998,3474.1372746792963,2026-08-20T00:09:10-04:00
02336000,2004-03-21,1530,A,43.324775285759998,3743.260584689664,2026-08-20T00:09:10-04:00
02336000,2004-03-22,1530,A,43.324775285759998,3743.260584689664,2026-08-20T00:09:10-04:00
02336000,2004-03-23,1810,A,51.25349233152,4428.3017374433284,2026-08-20T00:09:10-04:00
02336000,2004-03-24,1610,A,45.590123013119999,3938.9866283335682,2026-08-20T00:09:10-04:00
02336000,2004-03-25,1570,A,44.457449149440002,3841.1236065116163,2026-08-20T00:09:10-04:00
02336000,2004-03-26,1540,A,43.607943751680004,3767.7263401451523,2026-08-20T00:09:10-04:00
02336000,2004-03-27,1270,A,35.962395171840001,3107.1509428469762,2026-08-20T00:09:10-04:00
02336000,2004-03-28,1170,A,33.13071051264,2862.4933882920959,2026-08-20T00:09:10-04:00
02336000,2004-03-29,1330,A,37.661405967360004,3253.9454755799043,2026-08-20T00:09:10-04:00
02336000,2004-03-30,2280,A,64.562410229760005,5578.1922438512638,2026-08-20T00:09:10-04:00
02336000,2004-03-31,1710,A,48.42180767232,4183.6441828884481,2026-08-20T00:09:10-04:00
02336000,2004-04-01,1410,A,39.926753694719999,3449.671519223808,2026-08-20T00:09:10-04:00
02336000,2004-04-02,1240,A,35.112889774080003,3033.7536764805122,2026-08-20T00:09:10-04:00
02336000,2004-04-03,1280,A,36.24556363776,3131.6166983024641,2026-08-20T00:09:10-04:00
02336000,2004-04-04,1210,A,34.263384376319998,2960.3564101140482,2026-08-20T00:09:10-04:00
02336000,2004-04-05,1420,A,40.209922160639998,3474.1372746792963,2026-08-20T00:09:10-04:00
02336000,2004-04-06,1410,A,39.926753694719999,3449.671519223808,2026-08-20T00:09:10-04:00
02336000,2004-04-07,1280,A,36.24556363776,3131.6166983024641,2026-08-20T00:09:10-04:00
02336000,2004-04-08,1210,A,34.263384376319998,2960.3564101140482,2026-08-20T00:09:10-04:00
02336000,2004-04-09,1130,A,31.998036648959999,2764.6303664701441,2026-08-20T00:09:10-04:00
02336000,2004-04-10,1240,A,35.112889774080003,3033.7536764805122,2026-08-20T00:09:10-04:00
02336000,2004-04-11,1260,A,35.679226705920001,3082.6851873914879,2026-08-20T00:09:10-04:00
02336000,2004-04-12,1270,A,35.962395171840001,3107.1509428469762,2026-08-20T00:09:10-04:00
02336000,2004-04-13,2590,A,73.340632673279998,6336.6306629713918,2026-08-20T00:09:10-04:00
02336000,2004-04-14,1830,A,51.819829263359999,4477.2332483543041,2026-08-20T00:09:10-04:00
02336000,2004-04-15,1280,A,36.24556363776,3131.6166983024641,2026-08-20T00:09:10-04:00
02336000,2004-04-16,1310,A,37.095069035519998,3205.0139646689281,2026-08-20T00:09:10-04:00
02336000,2004-04-17,1300,A,36.811900569599999,3180.5482092134403,2026-08-20T00:09:10-04:00
02336000,2004-04-18,1200,A,33.980215910399998,2935.8906546585599,2026-08-20T00:09:10-04:00
02336000,2004-04-19,1100,A,31.148531251200001,2691.23310010368,2026-08-20T00:09:10-04:00
02336000,2004-04-20,1080,A,30.582194319359999,2642.3015891927039,2026-08-20T00:09:10-04:00
02336000,2004-04-21,1140,A,32.281205114880002,2789.0961219256319,2026-08-20T00:09:10-04:00
02336000,2004-04-22,1150,A,32.564373580800002,2813.5618773811202,2026-08-20T00:09:10-04:00
02336000,2004-04-23,1190,A,33.697047444479999,2911.4248992030721,2026-08-20T00:09:10-04:00
02336000,2004-04-24,1100,A,31.148531251200001,2691.23310010368,2026-08-20T00:09:10-04:00
02336000,2004-04-25,1100,A,31.148531251200001,2691.23310010368,2026-08-20T00:09:10-04:00
02336000,2004-04-26,1350,A,38.227742899200003,3302.87698649088,2026-08-20T00:09:10-04:00
02336000,2004-04-27,1290,A,36.528732103679999,3156.082453757952,2026-08-20T00:09:10-04:00
02336000,2004-04-28,1160,A,32.847542046720001,2838.0276328366081,2026-08-20T00:09:10-04:00
02336000,2004-04-29,1170,A,33.13071051264,2862.4933882920959,2026-08-20T00:09:10-04:00
02336000,2004-04-30,1420,A,40.209922160639998,3474.1372746792963,2026-08-20T00:09:10-04:00
02336000,2004-05-01,1290,A,36.528732103679999,3156.082453757952,2026-08-20T00:09:10-04:00
02336000,2004-05-02,1810,A,51.25349233152,4428.3017374433284,2026-08-20T00:09:10-04:00
02336000,2004-05-03,1460,A,41.342596024320002,3572.0002965012482,2026-08-20T00:09:10-04:00
02336000,2004-05-04,1170,A,33.13071051264,2862.4933882920959,2026-08-20T00:09:10-04:00
02336000,2004-05-05,1130,A,31.998036648959999,2764.6303664701441,2026-08-20T00:09:10-04:00
02336000,2004-05-06,1070,A,30.29902585344,2617.835833737216,2026-08-20T00:09:10-04:00
02336000,2004-05-07,1040,A,29.449520455680002,2544.438567370752,2026-08-20T00:09:10-04:00
02336000,2004-05-08,1040,A,29.449520455680002,2544.438567370752,2026-08-20T00:09:10-04:00
02336000,2004-05-09,1040,A,29.449520455680002,2544.438567370752,2026-08-20T00:09:10-04:00
02336000,2004-05-10,1180,A,33.41387897856,2886.9591437475842,2026-08-20T00:09:10-04:00
02336000,2004-05-11,1360,A,38.510911365120002,3327.3427419463683,2026-08-20T00:09:10-04:00
02336000,2004-05-12,1230,A,34.829721308160003,3009.2879210250239,2026-08-20T00:09:10-04:00
02336000,2004-05-13,1320,A,37.378237501440005,3229.479720124416,2026-08-20T00:09:10-04:00
02336000,2004-05-14,1300,A,36.811900569599999,3180.5482092134403,2026-08-20T00:09:10-04:00
02336000,2004-05-15,1120,A,31.71486818304,2740.1646110146562,2026-08-20T00:09:10-04:00
02336000,2004-05-16,1190,A,33.697047444479999,2911.4248992030721,2026-08-20T00:09:10-04:00
02336000,2004-05-17,1770,A,50.120818467840003,4330.4387156213761,2026-08-20T00:09:10-04:00
02336000,2004-05-18,2330,A,65.978252559360001,5700.521021128704,2026-08-20T00:09:10-04:00
02336000,2004-05-19,2130,A,60.31488324096,5211.2059120189442,2026-08-20T00:09:10-04:00
02336000,2004-05-20,1330,A,37.661405967360004,3253.9454755799043,2026-08-20T00:09:10-04:00
02336000,2004-05-21,1240,A:e,35.112889774080003,3033.7536764805122,2026-08-20T00:09:10-04:00
02336000,2004-05-22,1140,A:e,32.281205114880002,2789.0961219256319,2026-08-20T00:09:10-04:00
02336000,2004-05-23,1150,A:e,32.564373580800002,2813.5618773811202,2026-08-20T00:09:10-04:00
02336000,2004-05-24,1060,A:e,30.015857387520001,2593.3700782817282,2026-08-20T00:09:10-04:00
02336000,2004-05-25,1120,A,31.71486818304,2740.1646110146562,2026-08-20T00:09:10-04:00
02336000,2004-05-26,1120,A,31.71486818304,2740.1646110146562,2026-08-20T00:09:10-04:00
02336000,2004-05-27,1060,A,30.015857387520001,2593.3700782817282,2026-08-20T00:09:10-04:00
02336000,2004-05-28,1050,A,29.732688921600001,2568.9043228262399,2026-08-20T00:09:10-04:00
02336000,2004-05-29,1140,A,32.281205114880002,2789.0961219256319,2026-08-20T00:09:10-04:00
02336000,2004-05-30,1050,A,29.732688921600001,2568.9043228262399,2026-08-20T00:09:10-04:00
02336000,2004-05-31,1730,A,48.988144604159999,4232.5756937994238,2026-08-20T00:09:10-04:00
02336000,2004-06-01,1360,A,38.510911365120002,3327.3427419463683,2026-08-20T00:09:10-04:00
02336000,2004-06-02,1200,A,33.980215910399998,2935.8906546585599,2026-08-20T00:09:10-04:00
02336000,2004-06-03,1100,A,31.148531251200001,2691.23310010368,2026-08-20T00:09:10-04:00
02336000,2004-06-04,1120,A,31.71486818304,2740.1646110146562,2026-08-20T00:09:10-04:00
02336000,2004-06-05,1140,A,32.281205114880002,2789.0961219256319,2026-08-20T00:09:10-04:00
02336000,2004-06-06,1040,A,29.449520455680002,2544.438567370752,2026-08-20T00:09:10-04:00
02336000,2004-06-07,1200,A,33.980215910399998,2935.8906546585599,2026-08-20T00:09:10-04:00
02336000,2004-06-08,1770,A,50.120818467840003,4330.4387156213761,2026-08-20T00:09:10-04:00
02336000,2004-06-09,1240,A,35.112889774080003,3033.7536764805122,2026-08-20T00:09:10-04:00
02336000,2004-06-10,1380,A,39.077248296960001,3376.274252857344,2026-08-20T00:09:10-04:00
02336000,2004-06-11,1670,A,47.289133808640003,4085.7811610664962,2026-08-20T00:09:10-04:00
02336000,2004-06-12,1120,A,31.71486818304,2740.1646110146562,2026-08-20T00:09:10-04:00
02336000,2004-06-13,2110,A,59.748546309120002,5162.2744011079685,2026-08-20T00:09:10-04:00
02336000,2004-06-14,2860,A,80.986181253120009,6997.2060602695683,2026-08-20T00:09:10-04:00
02336000,2004-06-15,1950,A,55.217850854399998,4770.8223138201602,2026-08-20T00:09:10-04:00
02336000,2004-06-16,2120,A,60.031714775040001,5186.7401565634564,2026-08-20T00:09:10-04:00
02336000,2004-06-17,1420,A,40.209922160639998,3474.1372746792963,2026-08-20T00:09:10-04:00
02336000,2004-06-18,1270,A,35.962395171840001,3107.1509428469762,2026-08-20T00:09:10-04:00
02336000,2004-06-19,1310,A,37.095069035519998,3205.0139646689281,2026-08-20T00:09:10-04:00
02336000,2004-06-20,1140,A,32.281205114880002,2789.0961219256319,2026-08-20T00:09:10-04:00
02336000,2004-06-21,1440,A,40.776259092480004,3523.068785590272,2026-08-20T00:09:10-04:00
02336000,2004-06-22,1610,A,45.590123013119999,3938.9866283335682,2026-08-20T00:09:10-04:00
02336000,2004-06-23,1540,A,43.607943751680004,3767.7263401451523,2026-08-20T00:09:10-04:00
02336000,2004-06-24,1510,A,42.758438353919999,3694.3290737786883,2026-08-20T00:09:10-04:00
02336000,2004-06-25,1840,A,52.102997729279998,4501.699003809792,2026-08-20T00:09:10-04:00
02336000,2004-06-26,1970,A,55.784187786240004,4819.7538247311359,2026-08-20T00:09:10-04:00
02336000,2004-06-27,2050,A,58.049535513599999,5015.4798683750405,2026-08-20T00:09:10-04:00
02336000,2004-06-28,3940,A,111.56837557248001,9639.5076494622717,2026-08-20T00:09:10-04:00
02336000,2004-06-29,2370,A,67.110926423039999,5798.3840429506563,2026-08-20T00:09:10-04:00
02336000,2004-06-30,1490,A,42.19210142208,3645.3975628677122,2026-08-20T00:09:10-04:00
02336000,2004-07-01,2080,A,58.899040911360004,5088.8771347415041,2026-08-20T00:09:10-04:00
02336000,2004-07-02,3720,A,105.33866932224001,9101.2610294415372,2026-08-20T00:09:10-04:00
02336000,2004-07-03,3000,A,84.950539775999999,7339.7266366464,2026-08-20T00:09:10-04:00
02336000,2004-07-04,2270,A,64.279241763840005,5553.726488395776,2026-08-20T00:09:10-04:00
02336000,2004-07-05,2090,A,59.182209377280003,5113.3428901969919,2026-08-20T00:09:10-04:00
02336000,2004-07-06,2320,A,65.695084093440002,5676.0552656732161,2026-08-20T00:09:10-04:00
02336000,2004-07-07,3180,A,90.047572162560002,7780.1102348451841,2026-08-20T00:09:10-04:00
02336000,2004-07-08,2680,A,75.889148866560006,6556.8224620707842,2026-08-20T00:09:10-04:00
02336000,2004-07-09,2850,A,80.703012787199995,6972.7403048140804,2026-08-20T00:09:10-04:00
02336000,2004-07-10,2470,A,69.942611082240006,6043.0415975055366,2026-08-20T00:09:10-04:00
02336000,2004-07-11,1330,A,37.661405967360004,3253.9454755799043,2026-08-20T00:09:10-04:00
02336000,2004-07-12,1310,A,37.095069035519998,3205.0139646689281,2026-08-20T00:09:10-04:00
02336000,2004-07-13,1570,A,44.457449149440002,3841.1236065116163,2026-08-20T00:09:10-04:00
02336000,2004-07-14,1750,A,49.554481536000004,4281.5072047104004,2026-08-20T00:09:10-04:00
02336000,2004-07-15,2250,A,63.712904832,5504.7949774848003,2026-08-20T00:09:10-04:00
02336000,2004-07-16,1980,A,56.067356252160003,4844.2195801866237,2026-08-20T00:09:10-04:00
02336000,2004-07-17,1620,A,45.873291479039999,3963.4523837890561,2026-08-20T00:09:10-04:00
02336000,2004-07-18,2150,A,60.881220172799999,5260.1374229299199,2026-08-20T00:09:10-04:00
02336000,2004-07-19,1670,A,47.289133808640003,4085.7811610664962,2026-08-20T00:09:10-04:00
02336000,2004-07-20,1760,A,49.837650001920004,4305.9729601658883,2026-08-20T00:09:10-04:00
02336000,2004-07-21,1990,A,56.350524718080003,4868.6853356421125,2026-08-20T00:09:10-04:00
02336000,2004-07-22,2030,A,57.48319858176,4966.5483574640639,2026-08-20T00:09:10-04:00
02336000,2004-07-23,1980,A,56.067356252160003,4844.2195801866237,2026-08-20T00:09:10-04:00
02336000,2004-07-24,1270,A,35.962395171840001,3107.1509428469762,2026-08-20T00:09:10-04:00
02336000,2004-07-25,2090,A,59.182209377280003,5113.3428901969919,2026-08-20T00:09:10-04:00
02336000,2004-07-26,4340,A,122.89511420928001,10618.137867681793,2026-08-20T00:09:10-04:00
02336000,2004-07-27,1730,A,48.988144604159999,4232.5756937994238,2026-08-20T00:09:10-04:00
02336000,2004-07-28,1260,A,35.679226705920001,3082.6851873914879,2026-08-20T00:09:10-04:00
02336000,2004-07-29,2210,A,62.580230968320002,5406.9319556628479,2026-08-20T00:09:10-04:00
02336000,2004-07-30,2420,A,68.526768752639995,5920.7128202280965,2026-08-20T00:09:10-04:00
02336000,2004-07-31,2300,A,65.128747161600003,5627.1237547622404,2026-08-20T00:09:10-04:00
02336000,2004-08-01,1580,A,44.740617615360001,3865.5893619671042,2026-08-20T00:09:10-04:00
02336000,2004-08-02,1950,A,55.217850854399998,4770.8223138201602,2026-08-20T00:09:10-04:00
02336000,2004-08-03,2080,A,58.899040911360004,5088.8771347415041,2026-08-20T00:09:10-04:00
02336000,2004-08-04,1780,A,50.403986933760002,4354.904471076864,2026-08-20T00:09:10-04:00
02336000,2004-08-05,3220,A,91.180246026239999,7877.9732566671364,2026-08-20T00:09:10-04:00
02336000,2004-08-06,1750,A,49.554481536000004,4281.5072047104004,2026-08-20T00:09:10-04:00
02336000,2004-08-07,1340,A,37.944574433280003,3278.4112310353921,2026-08-20T00:09:10-04:00
02336000,2004-08-08,1280,A,36.24556363776,3131.6166983024641,2026-08-20T00:09:10-04:00
02336000,2004-08-09,1690,A,47.855470740480001,4134.7126719774724,2026-08-20T00:09:10-04:00
02336000,2004-08-10,2320,A,65.695084093440002,5676.0552656732161,2026-08-20T00:09:10-04:00
02336000,2004-08-11,2480,A,70.225779548160006,6067.5073529610245,2026-08-20T00:09:10-04:00
02336000,2004-08-12,4300,A,121.7624403456,10520.27484585984,2026-08-20T00:09:10-04:00
02336000,2004-08-13,2550,A,72.207958809600001,6238.7676411494404,2026-08-20T00:09:10-04:00
02336000,2004-08-14,2410,A,68.243600286719996,5896.2470647726086,2026-08-20T00:09:10-04:00
02336000,2004-08-15,1520,A,43.041606819839998,3718.7948292341762,2026-08-20T00:09:10-04:00
02336000,2004-08-16,1520,A,43.041606819839998,3718.7948292341762,2026-08-20T00:09:10-04:00
02336000,2004-08-17,1880,A,53.235671592960003,4599.5620256317443,2026-08-20T00:09:10-04:00
02336000,2004-08-18,1760,A,49.837650001920004,4305.9729601658883,2026-08-20T00:09:10-04:00
02336000,2004-08-19,1890,A,53.518840058880002,4624.0277810872321,2026-08-20T00:09:10-04:00
02336000,2004-08-20,1850,A,52.386166195200005,4526.1647592652798,2026-08-20T00:09:10-04:00
02336000,2004-08-21,1860,A,52.669334661120004,4550.6305147207686,2026-08-20T00:09:10-04:00
02336000,2004-08-22,1460,A,41.342596024320002,3572.0002965012482,2026-08-20T00:09:10-04:00
02336000,2004-08-23,1760,A,49.837650001920004,4305.9729601658883,2026-08-20T00:09:10-04:00
02336000,2004-08-24,1630,A,46.156459944959998,3987.9181392445439,2026-08-20T00:09:10-04:00
02336000,2004-08-25,2860,A,80.986181253120009,6997.2060602695683,2026-08-20T00:09:10-04:00
02336000,2004-08-26,2530,A,71.641621877760002,6189.8361302384646,2026-08-20T00:09:10-04:00
02336000,2004-08-27,2050,A,58.049535513599999,5015.4798683750405,2026-08-20T00:09:10-04:00
02336000,2004-08-28,1950,A,55.217850854399998,4770.8223138201602,2026-08-20T00:09:10-04:00
02336000,2004-08-29,1980,A,56.067356252160003,4844.2195801866237,2026-08-20T00:09:10-04:00
02336000,2004-08-30,1920,A,54.36834545664,4697.4250474536966,2026-08-20T00:09:10-04:00
02336000,2004-08-31,2170,A,61.447557104640005,5309.0689338408965,2026-08-20T00:09:10-04:00
02336000,2004-09-01,2390,A,67.677263354879997,5847.315553861632,2026-08-20T00:09:10-04:00
02336000,2004-09-02,1720,A,48.704976138239999,4208.1099383439359,2026-08-20T00:09:10-04:00
02336000,2004-09-03,2610,A,73.906969605119997,6385.5621738823684,2026-08-20T00:09:10-04:00
02336000,2004-09-04,1740,A,49.271313070079998,4257.0414492549125,2026-08-20T00:09:10-04:00
02336000,2004-09-05,1420,A,40.209922160639998,3474.1372746792963,2026-08-20T00:09:10-04:00
02336000,2004-09-06,1220,A,34.546552842240004,2984.8221655695361,2026-08-20T00:09:10-04:00
02336000,2004-09-07,6400,A,181.2278181888,15658.08349151232,2026-08-20T00:09:10-04:00
02336000,2004-09-08,5840,A,165.37038409728001,14288.001186004993,2026-08-20T00:09:10-04:00
02336000,2004-09-09,3310,A,93.728762219520007,8098.165055766528,2026-08-20T00:09:10-04:00
02336000,2004-09-10,2680,A,75.889148866560006,6556.8224620707842,2026-08-20T00:09:10-04:00
02336000,2004-09-11,1770,A,50.120818467840003,4330.4387156213761,2026-08-20T00:09:10-04:00
02336000,2004-09-12,1660,A,47.005965342720003,4061.3154056110079,2026-08-20T00:09:10-04:00
02336000,2004-09-13,1630,A,46.156459944959998,3987.9181392445439,2026-08-20T00:09:10-04:00
02336000,2004-09-14,1660,A,47.005965342720003,4061.3154056110079,2026-08-20T00:09:10-04:00
02336000,2004-09-15,1870,A,52.952503127040004,4575.0962701762564,2026-08-20T00:09:10-04:00
02336000,2004-09-16,7330,A,207.56248551936,17933.398748872703,2026-08-20T00:09:10-04:00
02336000,2004-09-17,16700,A,472.89133808640003,40857.811610664961,2026-08-20T00:09:10-04:00
02336000,2004-09-18,6550,A,185.47534517760002,16025.06982334464,2026-08-20T00:09:10-04:00
02336000,2004-09-19,2440,A,69.093105684480008,5969.6443311390722,2026-08-20T00:09:10-04:00
02336000,2004-09-20,3770,A,106.75451165184001,9223.5898067189755,2026-08-20T00:09:10-04:00
02336000,2004-09-21,7570,A,214.35852870144001,18520.576879804416,2026-08-20T00:09:10-04:00
02336000,2004-09-22,7760,A,219.73872955392,18985.426233458689,2026-08-20T00:09:10-04:00
02336000,2004-09-23,7680,A,217.47338182656,18789.700189814786,2026-08-20T00:09:10-04:00
02336000,2004-09-24,7750,A,219.455561088,18960.960478003202,2026-08-20T00:09:10-04:00
02336000,2004-09-25,6040,A,171.03375341568,14777.316295114753,2026-08-20T00:09:10-04:00
02336000,2004-09-26,4280,A,121.19610341376,10471.343334948864,2026-08-20T00:09:10-04:00
02336000,2004-09-27,7990,A,226.25160427008001,19548.138608934914,2026-08-20T00:09:10-04:00
02336000,2004-09-28,8410,A,238.14467983872001,20575.70033806541,2026-08-20T00:09:10-04:00
02336000,2004-09-29,8240,A,233.33081591808002,20159.782495322113,2026-08-20T00:09:10-04:00
02336000,2004-09-30,6910,A,195.66940995072,16905.837019742208,2026-08-20T00:09:10-04:00
02336000,2004-10-01,6590,A,186.60801904128002,16122.932845166593,2026-08-20T00:09:10-04:00
02336000,2004-10-02,6520,A,184.62583977983999,15951.672556978176,2026-08-20T00:09:10-04:00
02336000,2004-10-03,6360,A,180.09514432512,15560.220469690368,2026-08-20T00:09:10-04:00
02336000,2004-10-04,6440,A,182.36049205248,15755.946513334273,2026-08-20T00:09:10-04:00
02336000,2004-10-05,5760,A,163.10503636992001,14092.275142361088,2026-08-20T00:09:10-04:00
02336000,2004-10-06,4440,A,125.72679886848,10862.795422236672,2026-08-20T00:09:10-04:00
02336000,2004-10-07,4030,A,114.11689176576,9859.6994485616651,2026-08-20T00:09:10-04:00
02336000,2004-10-08,4080,A,115.53273409536,9982.0282258391035,2026-08-20T00:09:10-04:00
02336000,2004-10-09,3240,A,91.746582958079998,7926.9047675781121,2026-08-20T00:09:10-04:00
02336000,2004-10-10,1910,A,54.085176990720001,4672.9592919982078,2026-08-20T00:09:10-04:00
02336000,2004-10-11,2180,A,61.730725570560004,5333.5346892963844,2026-08-20T00:09:10-04:00
02336000,2004-10-12,3370,A,95.427773015040003,8244.959588499456,2026-08-20T00:09:10-04:00
02336000,2004-10-13,3360,A,95.144604549120004,8220.4938330439691,2026-08-20T00:09:10-04:00
02336000,2004-10-14,3230,A,91.463414492159998,7902.4390121226243,2026-08-20T00:09:10-04:00
02336000,2004-10-15,2620,A,74.190138071039996,6410.0279293378562,2026-08-20T00:09:10-04:00
02336000,2004-10-16,1980,A,56.067356252160003,4844.2195801866237,2026-08-20T00:09:10-04:00
02336000,2004-10-17,1430,A,40.493090626560004,3498.6030301347841,2026-08-20T00:09:10-04:00
02336000,2004-10-18,1640,A,46.439628410880005,4012.3838947000322,2026-08-20T00:09:10-04:00
02336000,2004-10-19,3020,A,85.516876707839998,7388.6581475573767,2026-08-20T00:09:10-04:00
02336000,2004-10-20,1990,A,56.350524718080003,4868.6853356421125,2026-08-20T00:09:10-04:00
02336000,2004-10-21,2020,A,57.200030115840001,4942.082602008576,2026-08-20T00:09:10-04:00
02336000,2004-10-22,1780,A,50.403986933760002,4354.904471076864,2026-08-20T00:09:10-04:00
02336000,2004-10-23,1630,A,46.156459944959998,3987.9181392445439,2026-08-20T00:09:10-04:00
02336000,2004-10-24,1710,A,48.42180767232,4183.6441828884481,2026-08-20T00:09:10-04:00
02336000,2004-10-25,1700,A,48.138639206400001,4159.1784274329602,2026-08-20T00:09:10-04:00
02336000,2004-10-26,1620,A,45.873291479039999,3963.4523837890561,2026-08-20T00:09:10-04:00
02336000,2004-10-27,1620,A,45.873291479039999,3963.4523837890561,2026-08-20T00:09:10-04:00
02336000,2004-10-28,1730,A,48.988144604159999,4232.5756937994238,2026-08-20T00:09:10-04:00
02336000,2004-10-29,1790,A,50.687155399680002,4379.3702265323518,2026-08-20T00:09:10-04:00
02336000,2004-10-30,1510,A,42.758438353919999,3694.3290737786883,2026-08-20T00:09:10-04:00
02336000,2004-10-31,1510,A,42.758438353919999,3694.3290737786883,2026-08-20T00:09:10-04:00
02336000,2004-11-01,1380,A,39.077248296960001,3376.274252857344,2026-08-20T00:09:10-04:00
02336000,2004-11-02,2090,A,59.182209377280003,5113.3428901969919,2026-08-20T00:09:10-04:00
02336000,2004-11-03,3690,A,104.48916392448,9027.8637630750727,2026-08-20T00:09:10-04:00
02336000,2004-11-04,2300,A,65.128747161600003,5627.1237547622404,2026-08-20T00:09:10-04:00
02336000,2004-11-05,2090,A,59.182209377280003,5113.3428901969919,2026-08-20T00:09:10-04:00
02336000,2004-11-06,1510,A,42.758438353919999,3694.3290737786883,2026-08-20T00:09:10-04:00
02336000,2004-11-07,1670,A,47.289133808640003,4085.7811610664962,2026-08-20T00:09:10-04:00
02336000,2004-11-08,1990,A,56.350524718080003,4868.6853356421125,2026-08-20T00:09:10-04:00
02336000,2004-11-09,1520,A,43.041606819839998,3718.7948292341762,2026-08-20T00:09:10-04:00
02336000,2004-11-10,1900,A,53.802008524800002,4648.49353654272,2026-08-20T00:09:10-04:00
02336000,2004-11-11,1830,A,51.819829263359999,4477.2332483543041,2026-08-20T00:09:10-04:00
02336000,2004-11-12,2250,A,63.712904832,5504.7949774848003,2026-08-20T00:09:10-04:00
02336000,2004-11-13,2020,A,57.200030115840001,4942.082602008576,2026-08-20T00:09:10-04:00
02336000,2004-11-14,1620,A,45.873291479039999,3963.4523837890561,2026-08-20T00:09:10-04:00
02336000,2004-11-15,1710,A,48.42180767232,4183.6441828884481,2026-08-20T00:09:10-04:00
02336000,2004-11-16,3700,A,104.77233239040001,9052.3295185305597,2026-08-20T00:09:10-04:00
02336000,2004-11-17,3520,A,99.675300003840007,8611.9459203317765,2026-08-20T00:09:10-04:00
02336000,2004-11-18,2850,A,80.703012787199995,6972.7403048140804,2026-08-20T00:09:10-04:00
02336000,2004-11-19,1800,A,50.970323865600001,4403.8359819878406,2026-08-20T00:09:10-04:00
02336000,2004-11-20,1690,A,47.855470740480001,4134.7126719774724,2026-08-20T00:09:10-04:00
02336000,2004-11-21,1570,A,44.457449149440002,3841.1236065116163,2026-08-20T00:09:10-04:00
02336000,2004-11-22,2260,A,63.996073297919999,5529.2607329402881,2026-08-20T00:09:10-04:00
02336000,2004-11-23,7720,A,218.60605569024,18887.563211636738,2026-08-20T00:09:10-04:00
02336000,2004-11-24,8980,A,254.28528239616,21970.248399028224,2026-08-20T00:09:10-04:00
02336000,2004-11-25,4600,A,130.25749432320001,11254.247509524481,2026-08-20T00:09:10-04:00
02336000,2004-11-26,1870,A,52.952503127040004,4575.0962701762564,2026-08-20T00:09:10-04:00
02336000,2004-11-27,2320,A,65.695084093440002,5676.0552656732161,2026-08-20T00:09:10-04:00
02336000,2004-11-28,1900,A,53.802008524800002,4648.49353654272,2026-08-20T00:09:10-04:00
02336000,2004-11-29,1830,A,51.819829263359999,4477.2332483543041,2026-08-20T00:09:10-04:00
02336000,2004-11-30,2200,A,62.297062502400003,5382.4662002073601,2026-08-20T00:09:10-04:00
02336000,2004-12-01,2610,A,73.906969605119997,6385.5621738823684,2026-08-20T00:09:10-04:00
02336000,2004-12-02,2490,A,70.508948014080005,6091.9731084165123,2026-08-20T00:09:10-04:00
02336000,2004-12-03,2350,A,66.5445894912,5749.4525320396806,2026-08-20T00:09:10-04:00
02336000,2004-12-04,2040,A,57.766367047679999,4991.0141129195517,2026-08-20T00:09:10-04:00
02336000,2004-12-05,1490,A,42.19210142208,3645.3975628677122,2026-08-20T00:09:10-04:00
02336000,2004-12-06,3230,A,91.463414492159998,7902.4390121226243,2026-08-20T00:09:10-04:00
02336000,2004-12-07,2630,A,74.473306536959996,6434.4936847933441,2026-08-20T00:09:10-04:00
02336000,2004-12-08,1730,A,48.988144604159999,4232.5756937994238,2026-08-20T00:09:10-04:00
02336000,2004-12-09,3560,A,100.80797386752,8709.8089421537279,2026-08-20T00:09:10-04:00
02336000,2004-12-10,6970,A,197.36842074624002,17052.631552475137,2026-08-20T00:09:10-04:00
02336000,2004-12-11,5160,A,146.11492841472,12624.329815031808,2026-08-20T00:09:10-04:00
02336000,2004-12-12,6660,A,188.59019830272001,16294.193133355009,2026-08-20T00:09:10-04:00
02336000,2004-12-13,4720,A,133.65551591424,11547.836574990337,2026-08-20T00:09:10-04:00
02336000,2004-12-14,4730,A,133.93868438016,11572.302330445824,2026-08-20T00:09:10-04:00
02336000,2004-12-15,7930,A,224.55259347456001,19401.344076201985,2026-08-20T00:09:10-04:00
02336000,2004-12-16,8180,A,231.63180512256,20012.987962589184,2026-08-20T00:09:10-04:00
02336000,2004-12-17,7870,A,222.85358267904002,19254.549543469057,2026-08-20T00:09:10-04:00
02336000,2004-12-18,2770,A,78.43766505984,6777.0142611701758,2026-08-20T00:09:10-04:00
02336000,2004-12-19,1920,A,54.36834545664,4697.4250474536966,2026-08-20T00:09:10-04:00
02336000,2004-12-20,3320,A,94.011930685440007,8122.6308112220158,2026-08-20T00:09:10-04:00
02336000,2004-12-21,4320,A,122.32877727744,10569.206356770816,2026-08-20T00:09:10-04:00
02336000,2004-12-22,5010,A,141.86740142592001,12257.343483199489,2026-08-20T00:09:10-04:00
02336000,2004-12-23,6660,A,188.59019830272001,16294.193133355009,2026-08-20T00:09:10-04:00
02336000,2004-12-24,6250,A,176.98029120000001,15291.097159680001,2026-08-20T00:09:10-04:00
02336000,2004-12-25,7430,A,210.39417017856002,18178.056303427584,2026-08-20T00:09:10-04:00
02336000,2004-12-26,6870,A,194.53673608704,16807.973997920257,2026-08-20T00:09:10-04:00
02336000,2004-12-27,7270,A,205.86347472384,17786.604216139778,2026-08-20T00:09:10-04:00
02336000,2004-12-28,6050,A,171.3169218816,14801.78205057024,2026-08-20T00:09:10-04:00
02336000,2004-12-29,5640,A,159.70701477887999,13798.686076895232,2026-08-20T00:09:10-04:00
02336000,2004-12-30,5050,A,143.00007528960001,12355.206505021441,2026-08-20T00:09:10-04:00
02336000,2004-12-31,5100,A,144.4159176192,12477.535282298881,2026-08-20T00:09:10-04:00
02336000,2005-01-01,4190,A,118.64758722048001,10251.151535849473,2026-08-20T00:09:10-04:00
02336000,2005-01-02,2850,A,80.703012787199995,6972.7403048140804,2026-08-20T00:09:10-04:00
02336000,2005-01-03,3720,A,105.33866932224001,9101.2610294415372,2026-08-20T00:09:10-04:00
02336000,2005-01-04,4030,A,114.11689176576,9859.6994485616651,2026-08-20T00:09:10-04:00
02336000,2005-01-05,2960,A,83.817865912320002,7241.8636148244486,2026-08-20T00:09:10-04:00
02336000,2005-01-06,3240,A,91.746582958079998,7926.9047675781121,2026-08-20T00:09:10-04:00
02336000,2005-01-07,2840,A,80.419844321279996,6948.2745493585926,2026-08-20T00:09:10-04:00
02336000,2005-01-08,2380,A,67.394094888959998,5822.8497984061441,2026-08-20T00:09:10-04:00
02336000,2005-01-09,1720,A,48.704976138239999,4208.1099383439359,2026-08-20T00:09:10-04:00
02336000,2005-01-10,1560,A,44.174280683520003,3816.657851056128,2026-08-20T00:09:10-04:00
02336000,2005-01-11,3520,A,99.675300003840007,8611.9459203317765,2026-08-20T00:09:10-04:00
02336000,2005-01-12,2280,A,64.562410229760005,5578.1922438512638,2026-08-20T00:09:10-04:00
02336000,2005-01-13,2940,A,83.251528980480003,7192.932103913472,2026-08-20T00:09:10-04:00
02336000,2005-01-14,3140,A,88.914898298880004,7682.2472130232327,2026-08-20T00:09:10-04:00
02336000,2005-01-15,1760,A,49.837650001920004,4305.9729601658883,2026-08-20T00:09:10-04:00
02336000,2005-01-16,1490,A,42.19210142208,3645.3975628677122,2026-08-20T00:09:10-04:00
02336000,2005-01-17,2050,A,58.049535513599999,5015.4798683750405,2026-08-20T00:09:10-04:00
02336000,2005-01-18,2900,A,82.118855116800006,7095.0690820915206,2026-08-20T00:09:10-04:00
02336000,2005-01-19,2690,A,76.172317332480006,6581.2882175262721,2026-08-20T00:09:10-04:00
02336000,2005-01-20,2550,A,72.207958809600001,6238.7676411494404,2026-08-20T00:09:10-04:00
02336000,2005-01-21,2640,A,74.756475002880009,6458.9594402488319,2026-08-20T00:09:10-04:00
02336000,2005-01-22,2300,A,65.128747161600003,5627.1237547622404,2026-08-20T00:09:10-04:00
02336000,2005-01-23,1640,A,46.439628410880005,4012.3838947000322,2026-08-20T00:09:10-04:00
02336000,2005-01-24,2940,A,83.251528980480003,7192.932103913472,2026-08-20T00:09:10-04:00
02336000,2005-01-25,3270,A,92.596088355839996,8000.3020339445766,2026-08-20T00:09:10-04:00
02336000,2005-01-26,2690,A,76.172317332480006,6581.2882175262721,2026-08-20T00:09:10-04:00
02336000,2005-01-27,2760,A,78.154496593920001,6752.548505714688,2026-08-20T00:09:10-04:00
02336000,2005-01-28,2730,A,77.304991196160003,6679.1512393482244,2026-08-20T00:09:10-04:00
02336000,2005-01-29,1950,A,55.217850854399998,4770.8223138201602,2026-08-20T00:09:10-04:00
02336000,2005-01-30,1680,A,47.572302274560002,4110.2469165219845,2026-08-20T00:09:10-04:00
02336000,2005-01-31,2410,A,68.243600286719996,5896.2470647726086,2026-08-20T00:09:10-04:00
02336000,2005-02-01,2330,A,65.978252559360001,5700.521021128704,2026-08-20T00:09:10-04:00
02336000,2005-02-02,3010,A,85.233708241919999,7364.1923921018879,2026-08-20T00:09:10-04:00
02336000,2005-02-03,4950,A,140.16839063040001,12110.54895046656,2026-08-20T00:09:10-04:00
02336000,2005-02-04,3350,A,94.861436083200005,8196.0280775884803,2026-08-20T00:09:10-04:00
02336000,2005-02-05,2230,A,63.146567900160001,5455.8634665738246,2026-08-20T00:09:10-04:00
02336000,2005-02-06,1830,A,51.819829263359999,4477.2332483543041,2026-08-20T00:09:10-04:00
02336000,2005-02-07,2280,A,64.562410229760005,5578.1922438512638,2026-08-20T00:09:10-04:00
02336000,2005-02-08,2720,A,77.021822730240004,6654.6854838927366,2026-08-20T00:09:10-04:00
02336000,2005-02-09,1940,A,54.934682388479999,4746.3565583646723,2026-08-20T00:09:10-04:00
02336000,2005-02-10,2570,A,72.77429574144,6287.6991520604161,2026-08-20T00:09:10-04:00
02336000,2005-02-11,3190,A,90.330740628480001,7804.5759903006719,2026-08-20T00:09:10-04:00
02336000,2005-02-12,1890,A,53.518840058880002,4624.0277810872321,2026-08-20T00:09:10-04:00
02336000,2005-02-13,1530,A,43.324775285759998,3743.260584689664,2026-08-20T00:09:10-04:00
02336000,2005-02-14,2220,A,62.863399434240002,5431.3977111183358,2026-08-20T00:09:10-04:00
02336000,2005-02-15,2760,A,78.154496593920001,6752.548505714688,2026-08-20T00:09:10-04:00
02336000,2005-02-16,3080,A,87.215887503360008,7535.4526802903047,2026-08-20T00:09:10-04:00
02336000,2005-02-17,2620,A,74.190138071039996,6410.0279293378562,2026-08-20T00:09:10-04:00
02336000,2005-02-18,2850,A,80.703012787199995,6972.7403048140804,2026-08-20T00:09:10-04:00
02336000,2005-02-19,2030,A,57.48319858176,4966.5483574640639,2026-08-20T00:09:10-04:00
02336000,2005-02-20,1790,A,50.687155399680002,4379.3702265323518,2026-08-20T00:09:10-04:00
02336000,2005-02-21,5470,A,154.89315085824001,13382.768234151936,2026-08-20T00:09:10-04:00
02336000,2005-02-22,7410,A,209.82783324672002,18129.12479251661,2026-08-20T00:09:10-04:00
02336000,2005-02-23,3710,A,105.05550085632001,9076.7952739860484,2026-08-20T00:09:10-04:00
02336000,2005-02-24,5680,A,160.83968864255999,13896.549098717185,2026-08-20T00:09:10-04:00
02336000,2005-02-25,4560,A,129.12482045952001,11156.384487702528,2026-08-20T00:09:10-04:00
02336000,2005-02-26,2850,A,80.703012787199995,6972.7403048140804,2026-08-20T00:09:10-04:00
02336000,2005-02-27,2200,A,62.297062502400003,5382.4662002073601,2026-08-20T00:09:10-04:00
02336000,2005-02-28,5910,A,167.35256335872,14459.261474193409,2026-08-20T00:09:10-04:00
02336000,2005-03-01,4820,A,136.48720057343999,11792.494129545217,2026-08-20T00:09:10-04:00
02336000,2005-03-02,2530,A,71.641621877760002,6189.8361302384646,2026-08-20T00:09:10-04:00
02336000,2005-03-03,4250,A,120.346598016,10397.9460685824,2026-08-20T00:09:10-04:00
02336000,2005-03-04,3910,A,110.71887017472001,9566.1103830958091,2026-08-20T00:09:10-04:00
02336000,2005-03-05,3310,A,93.728762219520007,8098.165055766528,2026-08-20T00:09:10-04:00
02336000,2005-03-06,1760,A,49.837650001920004,4305.9729601658883,2026-08-20T00:09:10-04:00
02336000,2005-03-07,2070,A,58.615872445440004,5064.4113792860162,2026-08-20T00:09:10-04:00
02336000,2005-03-08,5290,A,149.79611847168002,12942.384635953153,2026-08-20T00:09:10-04:00
02336000,2005-03-09,3190,A,90.330740628480001,7804.5759903006719,2026-08-20T00:09:10-04:00
02336000,2005-03-10,3620,A,102.50698466304,8856.6034748866568,2026-08-20T00:09:10-04:00
02336000,2005-03-11,4160,A,117.79808182272001,10177.754269483008,2026-08-20T00:09:10-04:00
02336000,2005-03-12,3320,A,94.011930685440007,8122.6308112220158,2026-08-20T00:09:10-04:00
02336000,2005-03-13,2070,A,58.615872445440004,5064.4113792860162,2026-08-20T00:09:10-04:00
02336000,2005-03-14,2930,A,82.968360514560004,7168.4663484579842,2026-08-20T00:09:10-04:00
02336000,2005-03-15,3840,A,108.73669091328,9394.8500949073932,2026-08-20T00:09:10-04:00
02336000,2005-03-16,3650,A,103.3564900608,8930.0007412531195,2026-08-20T00:09:10-04:00
02336000,2005-03-17,4020,A,113.83372329984,9835.2336931061764,2026-08-20T00:09:10-04:00
02336000,2005-03-18,3750,A,106.18817472000001,9174.6582958079998,2026-08-20T00:09:10-04:00
02336000,2005-03-19,2720,A,77.021822730240004,6654.6854838927366,2026-08-20T00:09:10-04:00
02336000,2005-03-20,1570,A,44.457449149440002,3841.1236065116163,2026-08-20T00:09:10-04:00
02336000,2005-03-21,2150,A,60.881220172799999,5260.1374229299199,2026-08-20T00:09:10-04:00
02336000,2005-03-22,3710,A,105.05550085632001,9076.7952739860484,2026-08-20T00:09:10-04:00
02336000,2005-03-23,4330,A,122.61194574336001,10593.672112226304,2026-08-20T00:09:10-04:00
02336000,2005-03-24,5090,A,144.13274915328,12453.069526843392,2026-08-20T00:09:10-04:00
02336000,2005-03-25,4040,A,114.40006023168,9884.1652040171521,2026-08-20T00:09:10-04:00
02336000,2005-03-26,4110,A,116.38223949312,10055.425492205568,2026-08-20T00:09:10-04:00
02336000,2005-03-27,2930,A,82.968360514560004,7168.4663484579842,2026-08-20T00:09:10-04:00
02336000,2005-03-28,8040,A,227.66744659968001,19670.467386212353,2026-08-20T00:09:10-04:00
02336000,2005-03-29,4980,A,141.01789602816001,12183.946216833025,2026-08-20T00:09:10-04:00
02336000,2005-03-30,5750,A,162.82186790400002,14067.809386905601,2026-08-20T00:09:10-04:00
02336000,2005-03-31,8350,A,236.44566904320001,20428.905805332481,2026-08-20T00:09:10-04:00
02336000,2005-04-01,5490,A,155.45948779008,13431.699745062913,2026-08-20T00:09:10-04:00
02336000,2005-04-02,3350,A,94.861436083200005,8196.0280775884803,2026-08-20T00:09:10-04:00
02336000,2005-04-03,3820,A,108.17035398144,9345.9185839964157,2026-08-20T00:09:10-04:00
02336000,2005-04-04,6530,A,184.90900824575999,15976.138312433664,2026-08-20T00:09:10-04:00
02336000,2005-04-05,6740,A,190.85554603008001,16489.919176998912,2026-08-20T00:09:10-04:00
02336000,2005-04-06,5320,A,150.64562386944002,13015.781902319617,2026-08-20T00:09:10-04:00
02336000,2005-04-07,2220,A,62.863399434240002,5431.3977111183358,2026-08-20T00:09:10-04:00
02336000,2005-04-08,3140,A,88.914898298880004,7682.2472130232327,2026-08-20T00:09:10-04:00
02336000,2005-04-09,3720,A,105.33866932224001,9101.2610294415372,2026-08-20T00:09:10-04:00
02336000,2005-04-10,2030,A,57.48319858176,4966.5483574640639,2026-08-20T00:09:10-04:00
02336000,2005-04-11,2110,A,59.748546309120002,5162.2744011079685,2026-08-20T00:09:10-04:00
02336000,2005-04-12,3520,A,99.675300003840007,8611.9459203317765,2026-08-20T00:09:10-04:00
02336000,2005-04-13,2470,A,69.942611082240006,6043.0415975055366,2026-08-20T00:09:10-04:00
02336000,2005-04-14,4720,A,133.65551591424,11547.836574990337,2026-08-20T00:09:10-04:00
02336000,2005-04-15,6500,A,184.05950284799999,15902.7410460672,2026-08-20T00:09:10-04:00
02336000,2005-04-16,4960,A,140.45155909632001,12135.014705922049,2026-08-20T00:09:10-04:00
02336000,2005-04-17,3500,A,99.108963072000009,8563.0144094208008,2026-08-20T00:09:10-04:00
02336000,2005-04-18,3910,A,110.71887017472001,9566.1103830958091,2026-08-20T00:09:10-04:00
02336000,2005-04-19,5110,A,144.69908608512,12502.001037754368,2026-08-20T00:09:10-04:00
02336000,2005-04-20,4780,A,135.35452670975999,11694.631107723264,2026-08-20T00:09:10-04:00
02336000,2005-04-21,4340,A,122.89511420928001,10618.137867681793,2026-08-20T00:09:10-04:00
02336000,2005-04-22,4120,A,116.66540795904001,10079.891247661057,2026-08-20T00:09:10-04:00
02336000,2005-04-23,4500,A,127.425809664,11009.589954969601,2026-08-20T00:09:10-04:00
02336000,2005-04-24,1720,A,48.704976138239999,4208.1099383439359,2026-08-20T00:09:10-04:00
02336000,2005-04-25,1690,A,47.855470740480001,4134.7126719774724,2026-08-20T00:09:10-04:00
02336000,2005-04-26,3490,A,98.825794606080009,8538.548653965312,2026-08-20T00:09:10-04:00
02336000,2005-04-27,3270,A,92.596088355839996,8000.3020339445766,2026-08-20T00:09:10-04:00
02336000,2005-04-28,3440,A,97.409952276479999,8416.2198766878719,2026-08-20T00:09:10-04:00
02336000,2005-04-29,4050,A,114.6832286976,9908.6309594726408,2026-08-20T00:09:10-04:00
02336000,2005-04-30,4780,A,135.35452670975999,11694.631107723264,2026-08-20T00:09:10-04:00
02336000,2005-05-01,2180,A,61.730725570560004,5333.5346892963844,2026-08-20T00:09:10-04:00
02336000,2005-05-02,1750,A,49.554481536000004,4281.5072047104004,2026-08-20T00:09:10-04:00
02336000,2005-05-03,2950,A,83.534697446400003,7217.3978593689599,2026-08-20T00:09:10-04:00
02336000,2005-05-04,2490,A,70.508948014080005,6091.9731084165123,2026-08-20T00:09:10-04:00
02336000,2005-05-05,2560,A,72.49112727552,6263.2333966049282,2026-08-20T00:09:10-04:00
02336000,2005-05-06,2440,A,69.093105684480008,5969.6443311390722,2026-08-20T00:09:10-04:00
02336000,2005-05-07,2400,A,67.960431820799997,5871.7813093171198,2026-08-20T00:09:10-04:00
02336000,2005-05-08,1260,A,35.679226705920001,3082.6851873914879,2026-08-20T00:09:10-04:00
02336000,2005-05-09,1520,A,43.041606819839998,3718.7948292341762,2026-08-20T00:09:10-04:00
02336000,2005-05-10,2370,A,67.110926423039999,5798.3840429506563,2026-08-20T00:09:10-04:00
02336000,2005-05-11,2890,A,81.835686650880007,7070.6033266360319,2026-08-20T00:09:10-04:00
02336000,2005-05-12,3170,A,89.764403696640002,7755.6444793896962,2026-08-20T00:09:10-04:00
02336000,2005-05-13,3000,A,84.950539775999999,7339.7266366464,2026-08-20T00:09:10-04:00
02336000,2005-05-14,2760,A,78.154496593920001,6752.548505714688,2026-08-20T00:09:10-04:00
02336000,2005-05-15,2010,A,56.916861649920001,4917.6168465530882,2026-08-20T00:09:10-04:00
02336000,2005-05-16,2130,A,60.31488324096,5211.2059120189442,2026-08-20T00:09:10-04:00
02336000,2005-05-17,2990,A,84.66737131008,7315.2608811909122,2026-08-20T00:09:10-04:00
02336000,2005-05-18,3420,A,96.84361534464,8367.2883657768962,2026-08-20T00:09:10-04:00
02336000,2005-05-19,3530,A,99.958468469760007,8636.4116757872634,2026-08-20T00:09:10-04:00
02336000,2005-05-20,3760,A,106.47134318592001,9199.1240512634886,2026-08-20T00:09:10-04:00
02336000,2005-05-21,2070,A,58.615872445440004,5064.4113792860162,2026-08-20T00:09:10-04:00
02336000,2005-05-22,1520,A,43.041606819839998,3718.7948292341762,2026-08-20T00:09:10-04:00
02336000,2005-05-23,1400,A,39.643585228799999,3425.2057637683201,2026-08-20T00:09:10-04:00
02336000,2005-05-24,2110,A,59.748546309120002,5162.2744011079685,2026-08-20T00:09:10-04:00
02336000,2005-05-25,2170,A,61.447557104640005,5309.0689338408965,2026-08-20T00:09:10-04:00
02336000,2005-05-26,1940,A,54.934682388479999,4746.3565583646723,2026-08-20T00:09:10-04:00
02336000,2005-05-27,1730,A,48.988144604159999,4232.5756937994238,2026-08-20T00:09:10-04:00
02336000,2005-05-28,1630,A,46.156459944959998,3987.9181392445439,2026-08-20T00:09:10-04:00
02336000,2005-05-29,1700,A,48.138639206400001,4159.1784274329602,2026-08-20T00:09:10-04:00
02336000,2005-05-30,1620,A,45.873291479039999,3963.4523837890561,2026-08-20T00:09:10-04:00
02336000,2005-05-31,1660,A,47.005965342720003,4061.3154056110079,2026-08-20T00:09:10-04:00
02336000,2005-06-01,3030,A,85.800045173759997,7413.1239030128645,2026-08-20T00:09:10-04:00
02336000,2005-06-02,3080,A,87.215887503360008,7535.4526802903047,2026-08-20T00:09:10-04:00
02336000,2005-06-03,2270,A,64.279241763840005,5553.726488395776,2026-08-20T00:09:10-04:00
02336000,2005-06-04,2070,A,58.615872445440004,5064.4113792860162,2026-08-20T00:09:10-04:00
02336000,2005-06-05,1780,A,50.403986933760002,4354.904471076864,2026-08-20T00:09:10-04:00
02336000,2005-06-06,1790,A,50.687155399680002,4379.3702265323518,2026-08-20T00:09:10-04:00
02336000,2005-06-07,2100,A,59.465377843200002,5137.8086456524798,2026-08-20T00:09:10-04:00
02336000,2005-06-08,3880,A,109.86936477696,9492.7131167293446,2026-08-20T00:09:10-04:00
02336000,2005-06-09,3020,A,85.516876707839998,7388.6581475573767,2026-08-20T00:09:10-04:00
02336000,2005-06-10,2630,A,74.473306536959996,6434.4936847933441,2026-08-20T00:09:10-04:00
02336000,2005-06-11,2110,A,59.748546309120002,5162.2744011079685,2026-08-20T00:09:10-04:00
02336000,2005-06-12,2370,A,67.110926423039999,5798.3840429506563,2026-08-20T00:09:10-04:00
02336000,2005-06-13,3310,A,93.728762219520007,8098.165055766528,2026-08-20T00:09:10-04:00
02336000,2005-06-14,2930,A,82.968360514560004,7168.4663484579842,2026-08-20T00:09:10-04:00
02336000,2005-06-15,6410,A,181.51098665472,15682.549246967808,2026-08-20T00:09:10-04:00
02336000,2005-06-16,7950,A,225.11893040640001,19450.275587112959,2026-08-20T00:09:10-04:00
02336000,2005-06-17,7760,A,219.73872955392,18985.426233458689,2026-08-20T00:09:10-04:00
02336000,2005-06-18,5300,A,150.07928693760002,12966.85039140864,2026-08-20T00:09:10-04:00
02336000,2005-06-19,3820,A,108.17035398144,9345.9185839964157,2026-08-20T00:09:10-04:00
02336000,2005-06-20,3940,A,111.56837557248001,9639.5076494622717,2026-08-20T00:09:10-04:00
02336000,2005-06-21,4830,A,136.77036903935999,11816.959885000704,2026-08-20T00:09:10-04:00
02336000,2005-06-22,5250,A,148.66344460799999,12844.521614131201,2026-08-20T00:09:10-04:00
02336000,2005-06-23,4470,A,126.57630426624,10936.192688603136,2026-08-20T00:09:10-04:00
02336000,2005-06-24,3820,A,108.17035398144,9345.9185839964157,2026-08-20T00:09:10-04:00
02336000,2005-06-25,3680,A,104.20599545856,9003.398007619584,2026-08-20T00:09:10-04:00
02336000,2005-06-26,1490,A,42.19210142208,3645.3975628677122,2026-08-20T00:09:10-04:00
02336000,2005-06-27,2180,A,61.730725570560004,5333.5346892963844,2026-08-20T00:09:10-04:00
02336000,2005-06-28,3390,A,95.994109946880002,8293.8910994104317,2026-08-20T00:09:10-04:00
02336000,2005-06-29,2540,A,71.924790343680002,6214.3018856939525,2026-08-20T00:09:10-04:00
02336000,2005-06-30,2890,A,81.835686650880007,7070.6033266360319,2026-08-20T00:09:10-04:00
02336000,2005-07-01,2360,A,66.827757957119999,5773.9182874951684,2026-08-20T00:09:10-04:00
02336000,2005-07-02,1990,A,56.350524718080003,4868.6853356421125,2026-08-20T00:09:10-04:00
02336000,2005-07-03,1260,A,35.679226705920001,3082.6851873914879,2026-08-20T00:09:10-04:00
02336000,2005-07-04,1200,A,33.980215910399998,2935.8906546585599,2026-08-20T00:09:10-04:00
02336000,2005-07-05,1830,A,51.819829263359999,4477.2332483543041,2026-08-20T00:09:10-04:00
02336000,2005-07-06,3970,A,112.41788097024001,9712.9049158287362,2026-08-20T00:09:10-04:00
02336000,2005-07-07,7800,A,220.87140341759999,19083.289255280641,2026-08-20T00:09:10-04:00
02336000,2005-07-08,4790,A,135.63769517567999,11719.096863178753,2026-08-20T00:09:10-04:00
02336000,2005-07-09,8670,A,245.50705995264002,21211.809979908096,2026-08-20T00:09:10-04:00
02336000,2005-07-10,7800,A,220.87140341759999,19083.289255280641,2026-08-20T00:09:10-04:00
02336000,2005-07-11,10600,A,300.15857387520003,25933.700782817279,2026-08-20T00:09:10-04:00
02336000,2005-07-12,5830,A,165.08721563136001,14263.535430549504,2026-08-20T00:09:10-04:00
02336000,2005-07-13,5640,A,159.70701477887999,13798.686076895232,2026-08-20T00:09:10-04:00
02336000,2005-07-14,6260,A,177.26345966592001,15315.562915135488,2026-08-20T00:09:10-04:00
02336000,2005-07-15,7130,A,201.89911620096001,17444.083639762943,2026-08-20T00:09:10-04:00
02336000,2005-07-16,10200,A,288.8318352384,24955.070564597761,2026-08-20T00:09:10-04:00
02336000,2005-07-17,9010,A,255.13478779392,22043.645665394688,2026-08-20T00:09:10-04:00
02336000,2005-07-18,5830,A,165.08721563136001,14263.535430549504,2026-08-20T00:09:10-04:00
02336000,2005-07-19,6210,A,175.84761733632001,15193.234137858048,2026-08-20T00:09:10-04:00
02336000,2005-07-20,5770,A,163.38820483584001,14116.740897816577,2026-08-20T00:09:10-04:00
02336000,2005-07-21,5510,A,156.02582472192,13480.631255973889,2026-08-20T00:09:10-04:00
02336000,2005-07-22,5260,A,148.94661307391999,12868.987369586688,2026-08-20T00:09:10-04:00
02336000,2005-07-23,4590,A,129.97432585728001,11229.781754068992,2026-08-20T00:09:10-04:00
02336000,2005-07-24,1860,A,52.669334661120004,4550.6305147207686,2026-08-20T00:09:10-04:00
02336000,2005-07-25,2690,A,76.172317332480006,6581.2882175262721,2026-08-20T00:09:10-04:00
02336000,2005-07-26,4050,A,114.6832286976,9908.6309594726408,2026-08-20T00:09:10-04:00
02336000,2005-07-27,4450,A,126.0099673344,10887.26117769216,2026-08-20T00:09:10-04:00
02336000,2005-07-28,3850,A,109.0198593792,9419.3158503628802,2026-08-20T00:09:10-04:00
02336000,2005-07-29,4260,A,120.62976648192,10422.411824037888,2026-08-20T00:09:10-04:00
02336000,2005-07-30,3040,A,86.083213639679997,7437.5896584683524,2026-08-20T00:09:10-04:00
02336000,2005-07-31,1930,A,54.65151392256,4721.8908029091845,2026-08-20T00:09:10-04:00
02336000,2005-08-01,1990,A,56.350524718080003,4868.6853356421125,2026-08-20T00:09:10-04:00
02336000,2005-08-02,3340,A,94.578267617280005,8171.5623221329924,2026-08-20T00:09:10-04:00
02336000,2005-08-03,2650,A,75.039643468800008,6483.4251957043198,2026-08-20T00:09:10-04:00
02336000,2005-08-04,2970,A,84.101034378240001,7266.3293702799365,2026-08-20T00:09:10-04:00
02336000,2005-08-05,3080,A,87.215887503360008,7535.4526802903047,2026-08-20T00:09:10-04:00
02336000,2005-08-06,3090,A,87.499055969280008,7559.9184357457925,2026-08-20T00:09:10-04:00
02336000,2005-08-07,2180,A,61.730725570560004,5333.5346892963844,2026-08-20T00:09:10-04:00
02336000,2005-08-08,4110,A,116.38223949312,10055.425492205568,2026-08-20T00:09:10-04:00
02336000,2005-08-09,3720,A,105.33866932224001,9101.2610294415372,2026-08-20T00:09:10-04:00
02336000,2005-08-10,8600,A,243.5248806912,21040.54969171968,2026-08-20T00:09:10-04:00
02336000,2005-08-11,6590,A,186.60801904128002,16122.932845166593,2026-08-20T00:09:10-04:00
02336000,2005-08-12,5420,A,153.47730852864001,13260.439456874496,2026-08-20T00:09:10-04:00
02336000,2005-08-13,6370,A,180.37831279104,15584.686225145857,2026-08-20T00:09:10-04:00
02336000,2005-08-14,7850,A,222.28724574720002,19205.618032558079,2026-08-20T00:09:10-04:00
02336000,2005-08-15,5470,A,154.89315085824001,13382.768234151936,2026-08-20T00:09:10-04:00
02336000,2005-08-16,5760,A,163.10503636992001,14092.275142361088,2026-08-20T00:09:10-04:00
02336000,2005-08-17,6390,A,180.94464972288,15633.617736056833,2026-08-20T00:09:10-04:00
02336000,2005-08-18,6120,A,173.29910114303999,14973.042338758656,2026-08-20T00:09:10-04:00
02336000,2005-08-19,5030,A,142.43373835776001,12306.274994110465,2026-08-20T00:09:10-04:00
02336000,2005-08-20,5130,A,145.26542301696,12550.932548665345,2026-08-20T00:09:10-04:00
02336000,2005-08-21,2180,A,61.730725570560004,5333.5346892963844,2026-08-20T00:09:10-04:00
02336000,2005-08-22,1990,A,56.350524718080003,4868.6853356421125,2026-08-20T00:09:10-04:00
02336000,2005-08-23,3610,A,102.22381619712,8832.1377194311681,2026-08-20T00:09:10-04:00
02336000,2005-08-24,3720,A,105.33866932224001,9101.2610294415372,2026-08-20T00:09:10-04:00
02336000,2005-08-25,3980,A,112.70104943616001,9737.370671284225,2026-08-20T00:09:10-04:00
02336000,2005-08-26,5330,A,150.92879233536001,13040.247657775104,2026-08-20T00:09:10-04:00
02336000,2005-08-27,4930,A:e,139.60205369856001,12061.617439555584,2026-08-20T00:09:10-04:00
02336000,2005-08-28,2210,A:e,62.580230968320002,5406.9319556628479,2026-08-20T00:09:10-04:00
02336000,2005-08-29,2760,A:e,78.154496593920001,6752.548505714688,2026-08-20T00:09:10-04:00
02336000,2005-08-30,3790,A,107.32084858368,9272.521317629953,2026-08-20T00:09:10-04:00
02336000,2005-08-31,1900,A,53.802008524800002,4648.49353654272,2026-08-20T00:09:10-04:00
02336000,2005-09-01,3870,A,109.58619631104,9468.2473612738559,2026-08-20T00:09:10-04:00
02336000,2005-09-02,3600,A,101.9406477312,8807.6719639756811,2026-08-20T00:09:10-04:00
02336000,2005-09-03,2920,A,82.685192048640005,7144.0005930024963,2026-08-20T00:09:10-04:00
02336000,2005-09-04,1430,A,40.493090626560004,3498.6030301347841,2026-08-20T00:09:10-04:00
02336000,2005-09-05,1590,A,45.023786081280001,3890.055117422592,2026-08-20T00:09:10-04:00
02336000,2005-09-06,1780,A,50.403986933760002,4354.904471076864,2026-08-20T00:09:10-04:00
02336000,2005-09-07,3120,A,88.348561367040006,7633.3157021122561,2026-08-20T00:09:10-04:00
02336000,2005-09-08,3380,A,95.710941480960003,8269.4253439549448,2026-08-20T00:09:10-04:00
02336000,2005-09-09,3050,A,86.366382105599996,7462.0554139238402,2026-08-20T00:09:10-04:00
02336000,2005-09-10,2740,A,77.588159662080002,6703.6169948037123,2026-08-20T00:09:10-04:00
02336000,2005-09-11,1110,A,31.431699717120001,2715.6988555591679,2026-08-20T00:09:10-04:00
02336000,2005-09-12,1290,A,36.528732103679999,3156.082453757952,2026-08-20T00:09:10-04:00
02336000,2005-09-13,2500,A,70.792116480000004,6116.4388638720002,2026-08-20T00:09:10-04:00
02336000,2005-09-14,2300,A,65.128747161600003,5627.1237547622404,2026-08-20T00:09:10-04:00
02336000,2005-09-15,2390,A,67.677263354879997,5847.315553861632,2026-08-20T00:09:10-04:00
02336000,2005-09-16,2530,A,71.641621877760002,6189.8361302384646,2026-08-20T00:09:10-04:00
02336000,2005-09-17,3030,A,85.800045173759997,7413.1239030128645,2026-08-20T00:09:10-04:00
02336000,2005-09-18,1640,A,46.439628410880005,4012.3838947000322,2026-08-20T00:09:10-04:00
02336000,2005-09-19,1950,A,55.217850854399998,4770.8223138201602,2026-08-20T00:09:10-04:00
02336000,2005-09-20,2920,A,82.685192048640005,7144.0005930024963,2026-08-20T00:09:10-04:00
02336000,2005-09-21,2150,A,60.881220172799999,5260.1374229299199,2026-08-20T00:09:10-04:00
02336000,2005-09-22,2410,A,68.243600286719996,5896.2470647726086,2026-08-20T00:09:10-04:00
02336000,2005-09-23,2160,A,61.164388638719998,5284.6031783854078,2026-08-20T00:09:10-04:00
02336000,2005-09-24,2050,A,58.049535513599999,5015.4798683750405,2026-08-20T00:09:10-04:00
02336000,2005-09-25,1400,A,39.643585228799999,3425.2057637683201,2026-08-20T00:09:10-04:00
02336000,2005-09-26,1450,A,41.059427558400003,3547.5345410457603,2026-08-20T00:09:10-04:00
02336000,2005-09-27,2040,A,57.766367047679999,4991.0141129195517,2026-08-20T00:09:10-04:00
02336000,2005-09-28,1830,A,51.819829263359999,4477.2332483543041,2026-08-20T00:09:10-04:00
02336000,2005-09-29,1540,A,43.607943751680004,3767.7263401451523,2026-08-20T00:09:10-04:00
02336000,2005-09-30,1640,A,46.439628410880005,4012.3838947000322,2026-08-20T00:09:10-04:00
02336000,2005-10-01,1370,A,38.794079831040001,3351.8084974018561,2026-08-20T00:09:10-04:00
02336000,2005-10-02,1170,A,33.13071051264,2862.4933882920959,2026-08-20T00:09:10-04:00
02336000,2005-10-03,1180,A,33.41387897856,2886.9591437475842,2026-08-20T00:09:10-04:00
02336000,2005-10-04,1430,A,40.493090626560004,3498.6030301347841,2026-08-20T00:09:10-04:00
02336000,2005-10-05,1560,A,44.174280683520003,3816.657851056128,2026-08-20T00:09:10-04:00
02336000,2005-10-06,2180,A,61.730725570560004,5333.5346892963844,2026-08-20T00:09:10-04:00
02336000,2005-10-07,2770,A,78.43766505984,6777.0142611701758,2026-08-20T00:09:10-04:00
02336000,2005-10-08,3340,A,94.578267617280005,8171.5623221329924,2026-08-20T00:09:10-04:00
02336000,2005-10-09,2080,A,58.899040911360004,5088.8771347415041,2026-08-20T00:09:10-04:00
02336000,2005-10-10,1360,A,38.510911365120002,3327.3427419463683,2026-08-20T00:09:10-04:00
02336000,2005-10-11,1590,A,45.023786081280001,3890.055117422592,2026-08-20T00:09:10-04:00
02336000,2005-10-12,1680,A,47.572302274560002,4110.2469165219845,2026-08-20T00:09:10-04:00
02336000,2005-10-13,1390,A,39.36041676288,3400.7400083128323,2026-08-20T00:09:10-04:00
02336000,2005-10-14,1710,A,48.42180767232,4183.6441828884481,2026-08-20T00:09:10-04:00
02336000,2005-10-15,1430,A,40.493090626560004,3498.6030301347841,2026-08-20T00:09:10-04:00
02336000,2005-10-16,1150,A,32.564373580800002,2813.5618773811202,2026-08-20T00:09:10-04:00
02336000,2005-10-17,1120,A,31.71486818304,2740.1646110146562,2026-08-20T00:09:10-04:00
02336000,2005-10-18,1420,A,40.209922160639998,3474.1372746792963,2026-08-20T00:09:10-04:00
02336000,2005-10-19,1540,A,43.607943751680004,3767.7263401451523,2026-08-20T00:09:10-04:00
02336000,2005-10-20,1610,A,45.590123013119999,3938.9866283335682,2026-08-20T00:09:10-04:00
02336000,2005-10-21,1540,A,43.607943751680004,3767.7263401451523,2026-08-20T00:09:10-04:00
02336000,2005-10-22,1620,A,45.873291479039999,3963.4523837890561,2026-08-20T00:09:10-04:00
02336000,2005-10-23,1210,A,34.263384376319998,2960.3564101140482,2026-08-20T00:09:10-04:00
02336000,2005-10-24,1100,A,31.148531251200001,2691.23310010368,2026-08-20T00:09:10-04:00
02336000,2005-10-25,1640,A,46.439628410880005,4012.3838947000322,2026-08-20T00:09:10-04:00
02336000,2005-10-26,1570,A,44.457449149440002,3841.1236065116163,2026-08-20T00:09:10-04:00
02336000,2005-10-27,1910,A,54.085176990720001,4672.9592919982078,2026-08-20T00:09:10-04:00
02336000,2005-10-28,1860,A,52.669334661120004,4550.6305147207686,2026-08-20T00:09:10-04:00
02336000,2005-10-29,1160,A,32.847542046720001,2838.0276328366081,2026-08-20T00:09:10-04:00
02336000,2005-10-30,1070,A,30.29902585344,2617.835833737216,2026-08-20T00:09:10-04:00
02336000,2005-10-31,1410,A,39.926753694719999,3449.671519223808,2026-08-20T00:09:10-04:00
02336000,2005-11-01,1360,A,38.510911365120002,3327.3427419463683,2026-08-20T00:09:10-04:00
02336000,2005-11-02,1410,A,39.926753694719999,3449.671519223808,2026-08-20T00:09:10-04:00
02336000,2005-11-03,1080,A,30.582194319359999,2642.3015891927039,2026-08-20T00:09:10-04:00
02336000,2005-11-04,1220,A,34.546552842240004,2984.8221655695361,2026-08-20T00:09:10-04:00
02336000,2005-11-05,1290,A,36.528732103679999,3156.082453757952,2026-08-20T00:09:10-04:00
02336000,2005-11-06,1020,A,28.88318352384,2495.5070564597759,2026-08-20T00:09:10-04:00
02336000,2005-11-07,988,A,27.977044432896001,2417.2166390022144,2026-08-20T00:09:10-04:00
02336000,2005-11-08,1600,A,45.3069545472,3914.5208728780799,2026-08-20T00:09:10-04:00
02336000,2005-11-09,1680,A,47.572302274560002,4110.2469165219845,2026-08-20T00:09:10-04:00
02336000,2005-11-10,1740,A,49.271313070079998,4257.0414492549125,2026-08-20T00:09:10-04:00
02336000,2005-11-11,1300,A,36.811900569599999,3180.5482092134403,2026-08-20T00:09:10-04:00
02336000,2005-11-12,1630,A,46.156459944959998,3987.9181392445439,2026-08-20T00:09:10-04:00
02336000,2005-11-13,1160,A,32.847542046720001,2838.0276328366081,2026-08-20T00:09:10-04:00
02336000,2005-11-14,929,A,26.306350483968,2272.8686818148353,2026-08-20T00:09:10-04:00
02336000,2005-11-15,1430,A,40.493090626560004,3498.6030301347841,2026-08-20T00:09:10-04:00
02336000,2005-11-16,2090,A,59.182209377280003,5113.3428901969919,2026-08-20T00:09:10-04:00
02336000,2005-11-17,2040,A,57.766367047679999,4991.0141129195517,2026-08-20T00:09:10-04:00
02336000,2005-11-18,1520,A,43.041606819839998,3718.7948292341762,2026-08-20T00:09:10-04:00
02336000,2005-11-19,1480,A,41.908932956160001,3620.9318074122243,2026-08-20T00:09:10-04:00
02336000,2005-11-20,1140,A,32.281205114880002,2789.0961219256319,2026-08-20T00:09:10-04:00
02336000,2005-11-21,2590,A,73.340632673279998,6336.6306629713918,2026-08-20T00:09:10-04:00
02336000,2005-11-22,3230,A,91.463414492159998,7902.4390121226243,2026-08-20T00:09:10-04:00
02336000,2005-11-23,1940,A,54.934682388479999,4746.3565583646723,2026-08-20T00:09:10-04:00
02336000,2005-11-24,2020,A,57.200030115840001,4942.082602008576,2026-08-20T00:09:10-04:00
02336000,2005-11-25,1360,A,38.510911365120002,3327.3427419463683,2026-08-20T00:09:10-04:00
02336000,2005-11-26,1390,A,39.36041676288,3400.7400083128323,2026-08-20T00:09:10-04:00
02336000,2005-11-27,1330,A,37.661405967360004,3253.9454755799043,2026-08-20T00:09:10-04:00
02336000,2005-11-28,1600,A,45.3069545472,3914.5208728780799,2026-08-20T00:09:10-04:00
02336000,2005-11-29,2680,A,75.889148866560006,6556.8224620707842,2026-08-20T00:09:10-04:00
02336000,2005-11-30,2420,A,68.526768752639995,5920.7128202280965,2026-08-20T00:09:10-04:00
02336000,2005-12-01,1590,A,45.023786081280001,3890.055117422592,2026-08-20T00:09:10-04:00
02336000,2005-12-02,1950,A,55.217850854399998,4770.8223138201602,2026-08-20T00:09:10-04:00
02336000,2005-12-03,1600,A,45.3069545472,3914.5208728780799,2026-08-20T00:09:10-04:00
02336000,2005-12-04,1690,A,47.855470740480001,4134.7126719774724,2026-08-20T00:09:10-04:00
02336000,2005-12-05,5370,A,152.06146619904001,13138.110679597057,2026-08-20T00:09:10-04:00
02336000,2005-12-06,4480,A,126.85947273216,10960.658444058625,2026-08-20T00:09:10-04:00
02336000,2005-12-07,2910,A,82.402023582720005,7119.5348375470085,2026-08-20T00:09:10-04:00
02336000,2005-12-08,3050,A,86.366382105599996,7462.0554139238402,2026-08-20T00:09:10-04:00
02336000,2005-12-09,3570,A,101.09114233344,8734.2746976092167,2026-08-20T00:09:10-04:00
02336000,2005-12-10,3170,A,89.764403696640002,7755.6444793896962,2026-08-20T00:09:10-04:00
02336000,2005-12-11,1800,A,50.970323865600001,4403.8359819878406,2026-08-20T00:09:10-04:00
02336000,2005-12-12,2310,A,65.411915627520003,5651.5895102177283,2026-08-20T00:09:10-04:00
02336000,2005-12-13,3550,A,100.52480540160001,8685.343186698241,2026-08-20T00:09:10-04:00
02336000,2005-12-14,2820,A,79.853507389439997,6899.343038447616,2026-08-20T00:09:10-04:00
02336000,2005-12-15,4500,A,127.425809664,11009.589954969601,2026-08-20T00:09:10-04:00
02336000,2005-12-16,5050,A,143.00007528960001,12355.206505021441,2026-08-20T00:09:10-04:00
02336000,2005-12-17,2720,A,77.021822730240004,6654.6854838927366,2026-08-20T00:09:10-04:00
02336000,2005-12-18,1840,A,52.102997729279998,4501.699003809792,2026-08-20T00:09:10-04:00
02336000,2005-12-19,2010,A,56.916861649920001,4917.6168465530882,2026-08-20T00:09:10-04:00
02336000,2005-12-20,2440,A,69.093105684480008,5969.6443311390722,2026-08-20T00:09:10-04:00
02336000,2005-12-21,2750,A,77.871328128000002,6728.0827502592001,2026-08-20T00:09:10-04:00
02336000,2005-12-22,2830,A,80.136675855359996,6923.8087939031038,2026-08-20T00:09:10-04:00
02336000,2005-12-23,2560,A,72.49112727552,6263.2333966049282,2026-08-20T00:09:10-04:00
02336000,2005-12-24,2110,A,59.748546309120002,5162.2744011079685,2026-08-20T00:09:10-04:00
02336000,2005-12-25,2150,A,60.881220172799999,5260.1374229299199,2026-08-20T00:09:10-04:00
02336000,2005-12-26,2830,A,80.136675855359996,6923.8087939031038,2026-08-20T00:09:10-04:00
02336000,2005-12-27,3300,A,93.445593753600008,8073.6993003110401,2026-08-20T00:09:10-04:00
02336000,2005-12-28,3270,A,92.596088355839996,8000.3020339445766,2026-08-20T00:09:10-04:00
02336000,2005-12-29,3210,A,90.89707756032,7853.5075012116486,2026-08-20T00:09:10-04:00
02336000,2005-12-30,3990,A,112.98421790208,9761.8364267397119,2026-08-20T00:09:10-04:00
02336000,2005-12-31,3990,A,112.98421790208,9761.8364267397119,2026-08-20T00:09:10-04:00
02336000,2006-01-01,4090,A,115.81590256128,10006.493981294592,2026-08-20T00:09:10-04:00
02336000,2006-01-02,5340,A,151.21196080128001,13064.713413230593,2026-08-20T00:09:10-04:00
02336000,2006-01-03,5890,A,166.78622642688001,14410.329963282433,2026-08-20T00:09:10-04:00
02336000,2006-01-04,4730,A,133.93868438016,11572.302330445824,2026-08-20T00:09:10-04:00
02336000,2006-01-05,4400,A,124.59412500480001,10764.93240041472,2026-08-20T00:09:10-04:00
02336000,2006-01-06,4380,A,124.02778807296001,10716.000889503744,2026-08-20T00:09:10-04:00
02336000,2006-01-07,4050,A,114.6832286976,9908.6309594726408,2026-08-20T00:09:10-04:00
02336000,2006-01-08,2450,A,69.376274150400008,5994.11008659456,2026-08-20T00:09:10-04:00
02336000,2006-01-09,2370,A,67.110926423039999,5798.3840429506563,2026-08-20T00:09:10-04:00
02336000,2006-01-10,3200,A,90.6139090944,7829.0417457561598,2026-08-20T00:09:10-04:00
02336000,2006-01-11,3480,A,98.542626140159996,8514.0828985098251,2026-08-20T00:09:10-04:00
02336000,2006-01-12,4210,A,119.21392415232,10300.083046760448,2026-08-20T00:09:10-04:00
02336000,2006-01-13,5160,A,146.11492841472,12624.329815031808,2026-08-20T00:09:10-04:00
02336000,2006-01-14,4240,A,120.06342955008,10373.480313126913,2026-08-20T00:09:10-04:00
02336000,2006-01-15,1730,A,48.988144604159999,4232.5756937994238,2026-08-20T00:09:10-04:00
02336000,2006-01-16,1670,A,47.289133808640003,4085.7811610664962,2026-08-20T00:09:10-04:00
02336000,2006-01-17,3310,A,93.728762219520007,8098.165055766528,2026-08-20T00:09:10-04:00
02336000,2006-01-18,6010,A,170.18424801792,14703.919028748289,2026-08-20T00:09:10-04:00
02336000,2006-01-19,3740,A,105.90500625408001,9150.1925403525129,2026-08-20T00:09:10-04:00
02336000,2006-01-20,2980,A,84.384202844160001,7290.7951257354243,2026-08-20T00:09:10-04:00
02336000,2006-01-21,2260,A,63.996073297919999,5529.2607329402881,2026-08-20T00:09:10-04:00
02336000,2006-01-22,2050,A,58.049535513599999,5015.4798683750405,2026-08-20T00:09:10-04:00
02336000,2006-01-23,5340,A,151.21196080128001,13064.713413230593,2026-08-20T00:09:10-04:00
02336000,2006-01-24,6870,A,194.53673608704,16807.973997920257,2026-08-20T00:09:10-04:00
02336000,2006-01-25,4150,A,117.51491335680001,10153.288514027521,2026-08-20T00:09:10-04:00
02336000,2006-01-26,3270,A,92.596088355839996,8000.3020339445766,2026-08-20T00:09:10-04:00
02336000,2006-01-27,3320,A,94.011930685440007,8122.6308112220158,2026-08-20T00:09:10-04:00
02336000,2006-01-28,3100,A,87.782224435200007,7584.3841912012804,2026-08-20T00:09:10-04:00
02336000,2006-01-29,2290,A,64.845578695680004,5602.6579993067526,2026-08-20T00:09:10-04:00
02336000,2006-01-30,2420,A,68.526768752639995,5920.7128202280965,2026-08-20T00:09:10-04:00
02336000,2006-01-31,2720,A,77.021822730240004,6654.6854838927366,2026-08-20T00:09:10-04:00
02336000,2006-02-01,3120,A,88.348561367040006,7633.3157021122561,2026-08-20T00:09:10-04:00
02336000,2006-02-02,3070,A,86.932719037440009,7510.9869248348159,2026-08-20T00:09:10-04:00
02336000,2006-02-03,2170,A,61.447557104640005,5309.0689338408965,2026-08-20T00:09:10-04:00
02336000,2006-02-04,2480,A,70.225779548160006,6067.5073529610245,2026-08-20T00:09:10-04:00
02336000,2006-02-05,2690,A,76.172317332480006,6581.2882175262721,2026-08-20T00:09:10-04:00
02336000,2006-02-06,3920,A,111.00203864064001,9590.576138551296,2026-08-20T00:09:10-04:00
02336000,2006-02-07,5850,A,165.65355256320001,14312.46694146048,2026-08-20T00:09:10-04:00
02336000,2006-02-08,4230,A,119.78026108416,10349.014557671424,2026-08-20T00:09:10-04:00
02336000,2006-02-09,3170,A,89.764403696640002,7755.6444793896962,2026-08-20T00:09:10-04:00
02336000,2006-02-10,3000,A,84.950539775999999,7339.7266366464,2026-08-20T00:09:10-04:00
02336000,2006-02-11,2390,A,67.677263354879997,5847.315553861632,2026-08-20T00:09:10-04:00
02336000,2006-02-12,2070,A,58.615872445440004,5064.4113792860162,2026-08-20T00:09:10-04:00
02336000,2006-02-13,1880,A,53.235671592960003,4599.5620256317443,2026-08-20T00:09:10-04:00
02336000,2006-02-14,2890,A,81.835686650880007,7070.6033266360319,2026-08-20T00:09:10-04:00
02336000,2006-02-15,2470,A,69.942611082240006,6043.0415975055366,2026-08-20T00:09:10-04:00
02336000,2006-02-16,2020,A,57.200030115840001,4942.082602008576,2026-08-20T00:09:10-04:00
02336000,2006-02-17,1920,A,54.36834545664,4697.4250474536966,2026-08-20T00:09:10-04:00
02336000,2006-02-18,1700,A,48.138639206400001,4159.1784274329602,2026-08-20T00:09:10-04:00
02336000,2006-02-19,1600,A,45.3069545472,3914.5208728780799,2026-08-20T00:09:10-04:00
02336000,2006-02-20,2080,A,58.899040911360004,5088.8771347415041,2026-08-20T00:09:10-04:00
02336000,2006-02-21,2450,A,69.376274150400008,5994.11008659456,2026-08-20T00:09:10-04:00
02336000,2006-02-22,3370,A,95.427773015040003,8244.959588499456,2026-08-20T00:09:10-04:00
02336000,2006-02-23,6180,A,174.99811193856002,15119.836871491585,2026-08-20T00:09:10-04:00
02336000,2006-02-24,4030,A,114.11689176576,9859.6994485616651,2026-08-20T00:09:10-04:00
02336000,2006-02-25,3020,A,85.516876707839998,7388.6581475573767,2026-08-20T00:09:10-04:00
02336000,2006-02-26,3310,A,93.728762219520007,8098.165055766528,2026-08-20T00:09:10-04:00
02336000,2006-02-27,2860,A,80.986181253120009,6997.2060602695683,2026-08-20T00:09:10-04:00
02336000,2006-02-28,2450,A,69.376274150400008,5994.11008659456,2026-08-20T00:09:10-04:00
02336000,2006-03-01,2150,A,60.881220172799999,5260.1374229299199,2026-08-20T00:09:10-04:00
02336000,2006-03-02,1620,A,45.873291479039999,3963.4523837890561,2026-08-20T00:09:10-04:00
02336000,2006-03-03,1430,A,40.493090626560004,3498.6030301347841,2026-08-20T00:09:10-04:00
02336000,2006-03-04,1360,A,38.510911365120002,3327.3427419463683,2026-08-20T00:09:10-04:00
02336000,2006-03-05,1500,A,42.475269888,3669.8633183232,2026-08-20T00:09:10-04:00
02336000,2006-03-06,1840,A,52.102997729279998,4501.699003809792,2026-08-20T00:09:10-04:00
02336000,2006-03-07,2300,A,65.128747161600003,5627.1237547622404,2026-08-20T00:09:10-04:00
02336000,2006-03-08,2280,A,64.562410229760005,5578.1922438512638,2026-08-20T00:09:10-04:00
02336000,2006-03-09,2500,A,70.792116480000004,6116.4388638720002,2026-08-20T00:09:10-04:00
02336000,2006-03-10,3680,A,104.20599545856,9003.398007619584,2026-08-20T00:09:10-04:00
02336000,2006-03-11,2040,A,57.766367047679999,4991.0141129195517,2026-08-20T00:09:10-04:00
02336000,2006-03-12,1220,A,34.546552842240004,2984.8221655695361,2026-08-20T00:09:10-04:00
02336000,2006-03-13,1220,A,34.546552842240004,2984.8221655695361,2026-08-20T00:09:10-04:00
02336000,2006-03-14,2590,A,73.340632673279998,6336.6306629713918,2026-08-20T00:09:10-04:00
02336000,2006-03-15,2350,A,66.5445894912,5749.4525320396806,2026-08-20T00:09:10-04:00
02336000,2006-03-16,2370,A,67.110926423039999,5798.3840429506563,2026-08-20T00:09:10-04:00
02336000,2006-03-17,3120,A,88.348561367040006,7633.3157021122561,2026-08-20T00:09:10-04:00
02336000,2006-03-18,1550,A,43.891112217600003,3792.1920956006402,2026-08-20T00:09:10-04:00
02336000,2006-03-19,1060,A,30.015857387520001,2593.3700782817282,2026-08-20T00:09:10-04:00
02336000,2006-03-20,1700,A,48.138639206400001,4159.1784274329602,2026-08-20T00:09:10-04:00
02336000,2006-03-21,6880,A,194.81990455296,16832.439753375744,2026-08-20T00:09:10-04:00
02336000,2006-03-22,4460,A,126.29313580032,10911.726933147649,2026-08-20T00:09:10-04:00
02336000,2006-03-23,3180,A,90.047572162560002,7780.1102348451841,2026-08-20T00:09:10-04:00
02336000,2006-03-24,2590,A,73.340632673279998,6336.6306629713918,2026-08-20T00:09:10-04:00
02336000,2006-03-25,1640,A,46.439628410880005,4012.3838947000322,2026-08-20T00:09:10-04:00
02336000,2006-03-26,1260,A,35.679226705920001,3082.6851873914879,2026-08-20T00:09:10-04:00
02336000,2006-03-27,1720,A,48.704976138239999,4208.1099383439359,2026-08-20T00:09:10-04:00
02336000,2006-03-28,2540,A,71.924790343680002,6214.3018856939525,2026-08-20T00:09:10-04:00
02336000,2006-03-29,1680,A,47.572302274560002,4110.2469165219845,2026-08-20T00:09:10-04:00
02336000,2006-03-30,1830,A,51.819829263359999,4477.2332483543041,2026-08-20T00:09:10-04:00
02336000,2006-03-31,2240,A,63.42973636608,5480.3292220293124,2026-08-20T00:09:10-04:00
02336000,2006-04-01,3050,A,86.366382105599996,7462.0554139238402,2026-08-20T00:09:10-04:00
02336000,2006-04-02,1670,A,47.289133808640003,4085.7811610664962,2026-08-20T00:09:10-04:00
02336000,2006-04-03,1630,A,46.156459944959998,3987.9181392445439,2026-08-20T00:09:10-04:00
02336000,2006-04-04,2330,A,65.978252559360001,5700.521021128704,2026-08-20T00:09:10-04:00
02336000,2006-04-05,2050,A,58.049535513599999,5015.4798683750405,2026-08-20T00:09:10-04:00
02336000,2006-04-06,2110,A,59.748546309120002,5162.2744011079685,2026-08-20T00:09:10-04:00
02336000,2006-04-07,3230,A,91.463414492159998,7902.4390121226243,2026-08-20T00:09:10-04:00
02336000,2006-04-08,1890,A,53.518840058880002,4624.0277810872321,2026-08-20T00:09:10-04:00
02336000,2006-04-09,1120,A,31.71486818304,2740.1646110146562,2026-08-20T00:09:10-04:00
02336000,2006-04-10,1200,A,33.980215910399998,2935.8906546585599,2026-08-20T00:09:10-04:00
02336000,2006-04-11,2250,A,63.712904832,5504.7949774848003,2026-08-20T00:09:10-04:00
02336000,2006-04-12,2290,A,64.845578695680004,5602.6579993067526,2026-08-20T00:09:10-04:00
02336000,2006-04-13,2430,A,68.809937218560009,5945.1785756835843,2026-08-20T00:09:10-04:00
02336000,2006-04-14,2980,A,84.384202844160001,7290.7951257354243,2026-08-20T00:09:10-04:00
02336000,2006-04-15,2400,A,67.960431820799997,5871.7813093171198,2026-08-20T00:09:10-04:00
02336000,2006-04-16,1110,A,31.431699717120001,2715.6988555591679,2026-08-20T00:09:10-04:00
02336000,2006-04-17,1140,A,32.281205114880002,2789.0961219256319,2026-08-20T00:09:10-04:00
02336000,2006-04-18,1900,A,53.802008524800002,4648.49353654272,2026-08-20T00:09:10-04:00
02336000,2006-04-19,2970,A,84.101034378240001,7266.3293702799365,2026-08-20T00:09:10-04:00
02336000,2006-04-20,2090,A,59.182209377280003,5113.3428901969919,2026-08-20T00:09:10-04:00
02336000,2006-04-21,2870,A,81.269349719040008,7021.6718157250561,2026-08-20T00:09:10-04:00
02336000,2006-04-22,3770,A,106.75451165184001,9223.5898067189755,2026-08-20T00:09:10-04:00
02336000,2006-04-23,1720,A,48.704976138239999,4208.1099383439359,2026-08-20T00:09:10-04:00
02336000,2006-04-24,1200,A,33.980215910399998,2935.8906546585599,2026-08-20T00:09:10-04:00
02336000,2006-04-25,2900,A,82.118855116800006,7095.0690820915206,2026-08-20T00:09:10-04:00
02336000,2006-04-26,3280,A,92.879256821760009,8024.7677894000644,2026-08-20T00:09:10-04:00
02336000,2006-04-27,3100,A,87.782224435200007,7584.3841912012804,2026-08-20T00:09:10-04:00
02336000,2006-04-28,3710,A,105.05550085632001,9076.7952739860484,2026-08-20T00:09:10-04:00
02336000,2006-04-29,3610,A,102.22381619712,8832.1377194311681,2026-08-20T00:09:10-04:00
02336000,2006-04-30,1270,A,35.962395171840001,3107.1509428469762,2026-08-20T00:09:10-04:00
02336000,2006-05-01,1200,A,33.980215910399998,2935.8906546585599,2026-08-20T00:09:10-04:00
02336000,2006-05-02,4130,A,116.94857642496001,10104.357003116544,2026-08-20T00:09:10-04:00
02336000,2006-05-03,3870,A,109.58619631104,9468.2473612738559,2026-08-20T00:09:10-04:00
02336000,2006-05-04,4120,A,116.66540795904001,10079.891247661057,2026-08-20T00:09:10-04:00
02336000,2006-05-05,4460,A,126.29313580032,10911.726933147649,2026-08-20T00:09:10-04:00
02336000,2006-05-06,3680,A,104.20599545856,9003.398007619584,2026-08-20T00:09:10-04:00
02336000,2006-05-07,2920,A,82.685192048640005,7144.0005930024963,2026-08-20T00:09:10-04:00
02336000,2006-05-08,2500,A,70.792116480000004,6116.4388638720002,2026-08-20T00:09:10-04:00
02336000,2006-05-09,3800,A,107.6040170496,9296.98707308544,2026-08-20T00:09:10-04:00
02336000,2006-05-10,3620,A,102.50698466304,8856.6034748866568,2026-08-20T00:09:10-04:00
02336000,2006-05-11,3120,A,88.348561367040006,7633.3157021122561,2026-08-20T00:09:10-04:00
02336000,2006-05-12,3530,A,99.958468469760007,8636.4116757872634,2026-08-20T00:09:10-04:00
02336000,2006-05-13,2470,A,69.942611082240006,6043.0415975055366,2026-08-20T00:09:10-04:00
02336000,2006-05-14,1100,A,31.148531251200001,2691.23310010368,2026-08-20T00:09:10-04:00
02336000,2006-05-15,1100,A,31.148531251200001,2691.23310010368,2026-08-20T00:09:10-04:00
02336000,2006-05-16,1570,A,44.457449149440002,3841.1236065116163,2026-08-20T00:09:10-04:00
02336000,2006-05-17,1680,A,47.572302274560002,4110.2469165219845,2026-08-20T00:09:10-04:00
02336000,2006-05-18,1940,A,54.934682388479999,4746.3565583646723,2026-08-20T00:09:10-04:00
02336000,2006-05-19,2530,A,71.641621877760002,6189.8361302384646,2026-08-20T00:09:10-04:00
02336000,2006-05-20,2220,A,62.863399434240002,5431.3977111183358,2026-08-20T00:09:10-04:00
02336000,2006-05-21,1120,A,31.71486818304,2740.1646110146562,2026-08-20T00:09:10-04:00
02336000,2006-05-22,1160,A,32.847542046720001,2838.0276328366081,2026-08-20T00:09:10-04:00
02336000,2006-05-23,2550,A,72.207958809600001,6238.7676411494404,2026-08-20T00:09:10-04:00
02336000,2006-05-24,1790,A,50.687155399680002,4379.3702265323518,2026-08-20T00:09:10-04:00
02336000,2006-05-25,1630,A,46.156459944959998,3987.9181392445439,2026-08-20T00:09:10-04:00
02336000,2006-05-26,2060,A,58.332703979520005,5039.9456238305283,2026-08-20T00:09:10-04:00
02336000,2006-05-27,2670,A,75.605980400640007,6532.3567066152964,2026-08-20T00:09:10-04:00
02336000,2006-05-28,1560,A,44.174280683520003,3816.657851056128,2026-08-20T00:09:10-04:00
02336000,2006-05-29,1120,A,31.71486818304,2740.1646110146562,2026-08-20T00:09:10-04:00
02336000,2006-05-30,1170,A,33.13071051264,2862.4933882920959,2026-08-20T00:09:10-04:00
02336000,2006-05-31,2030,A,57.48319858176,4966.5483574640639,2026-08-20T00:09:10-04:00
02336000,2006-06-01,1750,A,49.554481536000004,4281.5072047104004,2026-08-20T00:09:10-04:00
02336000,2006-06-02,1720,A,48.704976138239999,4208.1099383439359,2026-08-20T00:09:10-04:00
02336000,2006-06-03,1720,A,48.704976138239999,4208.1099383439359,2026-08-20T00:09:10-04:00
02336000,2006-06-04,995,A,28.175262359040001,2434.3426678210562,2026-08-20T00:09:10-04:00
02336000,2006-06-05,973,A,27.552291734016002,2380.5180058189826,2026-08-20T00:09:10-04:00
02336000,2006-06-06,1210,A,34.263384376319998,2960.3564101140482,2026-08-20T00:09:10-04:00
02336000,2006-06-07,1880,A,53.235671592960003,4599.5620256317443,2026-08-20T00:09:10-04:00
02336000,2006-06-08,2170,A,61.447557104640005,5309.0689338408965,2026-08-20T00:09:10-04:00
02336000,2006-06-09,2520,A,71.358453411840003,6165.3703747829759,2026-08-20T00:09:10-04:00
02336000,2006-06-10,3800,A,107.6040170496,9296.98707308544,2026-08-20T00:09:10-04:00
02336000,2006-06-11,1130,A,31.998036648959999,2764.6303664701441,2026-08-20T00:09:10-04:00
02336000,2006-06-12,1150,A,32.564373580800002,2813.5618773811202,2026-08-20T00:09:10-04:00
02336000,2006-06-13,2070,A,58.615872445440004,5064.4113792860162,2026-08-20T00:09:10-04:00
02336000,2006-06-14,2220,A,62.863399434240002,5431.3977111183358,2026-08-20T00:09:10-04:00
02336000,2006-06-15,2170,A,61.447557104640005,5309.0689338408965,2026-08-20T00:09:10-04:00
02336000,2006-06-16,2320,A,65.695084093440002,5676.0552656732161,2026-08-20T00:09:10-04:00
02336000,2006-06-17,2380,A,67.394094888959998,5822.8497984061441,2026-08-20T00:09:10-04:00
02336000,2006-06-18,1040,A,29.449520455680002,2544.438567370752,2026-08-20T00:09:10-04:00
02336000,2006-06-19,1030,A,29.166351989760003,2519.9728119152642,2026-08-20T00:09:10-04:00
02336000,2006-06-20,956,A,27.070905341952002,2338.9262215446529,2026-08-20T00:09:10-04:00
02336000,2006-06-21,1140,A,32.281205114880002,2789.0961219256319,2026-08-20T00:09:10-04:00
02336000,2006-06-22,1020,A,28.88318352384,2495.5070564597759,2026-08-20T00:09:10-04:00
02336000,2006-06-23,1090,A,30.865362785280002,2666.7673446481922,2026-08-20T00:09:10-04:00
02336000,2006-06-24,2350,A,66.5445894912,5749.4525320396806,2026-08-20T00:09:10-04:00
02336000,2006-06-25,3470,A,98.259457674239997,8489.6171430543363,2026-08-20T00:09:10-04:00
02336000,2006-06-26,2020,A,57.200030115840001,4942.082602008576,2026-08-20T00:09:10-04:00
02336000,2006-06-27,2610,A,73.906969605119997,6385.5621738823684,2026-08-20T00:09:10-04:00
02336000,2006-06-28,1440,A,40.776259092480004,3523.068785590272,2026-08-20T00:09:10-04:00
02336000,2006-06-29,1470,A,41.625764490240002,3596.466051956736,2026-08-20T00:09:10-04:00
02336000,2006-06-30,1130,A,31.998036648959999,2764.6303664701441,2026-08-20T00:09:10-04:00
02336000,2006-07-01,1160,A,32.847542046720001,2838.0276328366081,2026-08-20T00:09:10-04:00
02336000,2006-07-02,1030,A,29.166351989760003,2519.9728119152642,2026-08-20T00:09:10-04:00
02336000,2006-07-03,934,A,26.447934716928,2285.1015595425793,2026-08-20T00:09:10-04:00
02336000,2006-07-04,1120,A,31.71486818304,2740.1646110146562,2026-08-20T00:09:10-04:00
02336000,2006-07-05,1030,A,29.166351989760003,2519.9728119152642,2026-08-20T00:09:10-04:00
02336000,2006-07-06,1090,A,30.865362785280002,2666.7673446481922,2026-08-20T00:09:10-04:00
02336000,2006-07-07,1170,A,33.13071051264,2862.4933882920959,2026-08-20T00:09:10-04:00
02336000,2006-07-08,1080,A,30.582194319359999,2642.3015891927039,2026-08-20T00:09:10-04:00
02336000,2006-07-09,1010,A,28.60001505792,2471.041301004288,2026-08-20T00:09:10-04:00
02336000,2006-07-10,913,A,25.853280938495999,2233.7234730860546,2026-08-20T00:09:10-04:00
02336000,2006-07-11,1240,A,35.112889774080003,3033.7536764805122,2026-08-20T00:09:10-04:00
02336000,2006-07-12,1180,A,33.41387897856,2886.9591437475842,2026-08-20T00:09:10-04:00
02336000,2006-07-13,1170,A,33.13071051264,2862.4933882920959,2026-08-20T00:09:10-04:00
02336000,2006-07-14,1130,A,31.998036648959999,2764.6303664701441,2026-08-20T00:09:10-04:00
02336000,2006-07-15,1200,A,33.980215910399998,2935.8906546585599,2026-08-20T00:09:10-04:00
02336000,2006-07-16,877,A,24.833874461183999,2145.6467534462977,2026-08-20T00:09:10-04:00
02336000,2006-07-17,832,A,23.559616364544002,2035.5508538966017,2026-08-20T00:09:10-04:00
02336000,2006-07-18,931,A,26.362984177152001,2277.7618329059328,2026-08-20T00:09:10-04:00
02336000,2006-07-19,1050,A,29.732688921600001,2568.9043228262399,2026-08-20T00:09:10-04:00
02336000,2006-07-20,1040,A,29.449520455680002,2544.438567370752,2026-08-20T00:09:10-04:00
02336000,2006-07-21,1310,A,37.095069035519998,3205.0139646689281,2026-08-20T00:09:10-04:00
02336000,2006-07-22,1810,A,51.25349233152,4428.3017374433284,2026-08-20T00:09:10-04:00
02336000,2006-07-23,1330,A,37.661405967360004,3253.9454755799043,2026-08-20T00:09:10-04:00
02336000,2006-07-24,1260,A,35.679226705920001,3082.6851873914879,2026-08-20T00:09:10-04:00
02336000,2006-07-25,1200,A,33.980215910399998,2935.8906546585599,2026-08-20T00:09:10-04:00
02336000,2006-07-26,1340,A,37.944574433280003,3278.4112310353921,2026-08-20T00:09:10-04:00
02336000,2006-07-27,1380,A,39.077248296960001,3376.274252857344,2026-08-20T00:09:10-04:00
02336000,2006-07-28,1210,A,34.263384376319998,2960.3564101140482,2026-08-20T00:09:10-04:00
02336000,2006-07-29,1450,A,41.059427558400003,3547.5345410457603,2026-08-20T00:09:10-04:00
02336000,2006-07-30,1320,A,37.378237501440005,3229.479720124416,2026-08-20T00:09:10-04:00
02336000,2006-07-31,1130,A,31.998036648959999,2764.6303664701441,2026-08-20T00:09:10-04:00
02336000,2006-08-01,1690,A,47.855470740480001,4134.7126719774724,2026-08-20T00:09:10-04:00
02336000,2006-08-02,1340,A,37.944574433280003,3278.4112310353921,2026-08-20T00:09:10-04:00
02336000,2006-08-03,1560,A,44.174280683520003,3816.657851056128,2026-08-20T00:09:10-04:00
02336000,2006-08-04,1230,A,34.829721308160003,3009.2879210250239,2026-08-20T00:09:10-04:00
02336000,2006-08-05,1630,A,46.156459944959998,3987.9181392445439,2026-08-20T00:09:10-04:00
02336000,2006-08-06,1970,A,55.784187786240004,4819.7538247311359,2026-08-20T00:09:10-04:00
02336000,2006-08-07,1200,A,33.980215910399998,2935.8906546585599,2026-08-20T00:09:10-04:00
02336000,2006-08-08,1520,A,43.041606819839998,3718.7948292341762,2026-08-20T00:09:10-04:00
02336000,2006-08-09,1230,A,34.829721308160003,3009.2879210250239,2026-08-20T00:09:10-04:00
02336000,2006-08-10,1350,A,38.227742899200003,3302.87698649088,2026-08-20T00:09:10-04:00
02336000,2006-08-11,1380,A,39.077248296960001,3376.274252857344,2026-08-20T00:09:10-04:00
02336000,2006-08-12,1640,A,46.439628410880005,4012.3838947000322,2026-08-20T00:09:10-04:00
02336000,2006-08-13,1300,A,36.811900569599999,3180.5482092134403,2026-08-20T00:09:10-04:00
02336000,2006-08-14,1140,A,32.281205114880002,2789.0961219256319,2026-08-20T00:09:10-04:00
02336000,2006-08-15,1650,A,46.722796876800004,4036.8496501555201,2026-08-20T00:09:10-04:00
02336000,2006-08-16,1410,A,39.926753694719999,3449.671519223808,2026-08-20T00:09:10-04:00
02336000,2006-08-17,1620,A,45.873291479039999,3963.4523837890561,2026-08-20T00:09:10-04:00
02336000,2006-08-18,1130,A,31.998036648959999,2764.6303664701441,2026-08-20T00:09:10-04:00
02336000,2006-08-19,1020,A,28.88318352384,2495.5070564597759,2026-08-20T00:09:10-04:00
02336000,2006-08-20,1420,A,40.209922160639998,3474.1372746792963,2026-08-20T00:09:10-04:00
02336000,2006-08-21,1230,A,34.829721308160003,3009.2879210250239,2026-08-20T00:09:10-04:00
02336000,2006-08-22,1850,A,52.386166195200005,4526.1647592652798,2026-08-20T00:09:10-04:00
02336000,2006-08-23,1310,A,37.095069035519998,3205.0139646689281,2026-08-20T00:09:10-04:00
02336000,2006-08-24,1450,A,41.059427558400003,3547.5345410457603,2026-08-20T00:09:10-04:00
02336000,2006-08-25,1370,A,38.794079831040001,3351.8084974018561,2026-08-20T00:09:10-04:00
02336000,2006-08-26,1410,A,39.926753694719999,3449.671519223808,2026-08-20T00:09:10-04:00
02336000,2006-08-27,1050,A,29.732688921600001,2568.9043228262399,2026-08-20T00:09:10-04:00
02336000,2006-08-28,1170,A,33.13071051264,2862.4933882920959,2026-08-20T00:09:10-04:00
02336000,2006-08-29,1120,A,31.71486818304,2740.1646110146562,2026-08-20T00:09:10-04:00
02336000,2006-08-30,1280,A,36.24556363776,3131.6166983024641,2026-08-20T00:09:10-04:00
02336000,2006-08-31,2670,A,75.605980400640007,6532.3567066152964,2026-08-20T00:09:10-04:00
02336000,2006-09-01,1520,A,43.041606819839998,3718.7948292341762,2026-08-20T00:09:10-04:00
02336000,2006-09-02,1640,A,46.439628410880005,4012.3838947000322,2026-08-20T00:09:10-04:00
02336000,2006-09-03,1070,A,30.29902585344,2617.835833737216,2026-08-20T00:09:10-04:00
02336000,2006-09-04,1040,A,29.449520455680002,2544.438567370752,2026-08-20T00:09:10-04:00
02336000,2006-09-05,1010,A,28.60001505792,2471.041301004288,2026-08-20T00:09:10-04:00
02336000,2006-09-06,1240,A,35.112889774080003,3033.7536764805122,2026-08-20T00:09:10-04:00
02336000,2006-09-07,1540,A,43.607943751680004,3767.7263401451523,2026-08-20T00:09:10-04:00
02336000,2006-09-08,1430,A,40.493090626560004,3498.6030301347841,2026-08-20T00:09:10-04:00
02336000,2006-09-09,1590,A,45.023786081280001,3890.055117422592,2026-08-20T00:09:10-04:00
02336000,2006-09-10,985,A,27.892093893120002,2409.8769123655679,2026-08-20T00:09:10-04:00
02336000,2006-09-11,967,A,27.382390654464,2365.8385525456897,2026-08-20T00:09:10-04:00
02336000,2006-09-12,1390,A,39.36041676288,3400.7400083128323,2026-08-20T00:09:10-04:00
02336000,2006-09-13,2540,A,71.924790343680002,6214.3018856939525,2026-08-20T00:09:10-04:00
02336000,2006-09-14,2180,A,61.730725570560004,5333.5346892963844,2026-08-20T00:09:10-04:00
02336000,2006-09-15,1260,A,35.679226705920001,3082.6851873914879,2026-08-20T00:09:10-04:00
02336000,2006-09-16,1440,A,40.776259092480004,3523.068785590272,2026-08-20T00:09:10-04:00
02336000,2006-09-17,1010,A,28.60001505792,2471.041301004288,2026-08-20T00:09:10-04:00
02336000,2006-09-18,1290,A,36.528732103679999,3156.082453757952,2026-08-20T00:09:10-04:00
02336000,2006-09-19,1890,A,53.518840058880002,4624.0277810872321,2026-08-20T00:09:10-04:00
02336000,2006-09-20,1240,A,35.112889774080003,3033.7536764805122,2026-08-20T00:09:10-04:00
02336000,2006-09-21,1080,A,30.582194319359999,2642.3015891927039,2026-08-20T00:09:10-04:00
02336000,2006-09-22,1100,A,31.148531251200001,2691.23310010368,2026-08-20T00:09:10-04:00
02336000,2006-09-23,1100,A,31.148531251200001,2691.23310010368,2026-08-20T00:09:10-04:00
02336000,2006-09-24,1500,A,42.475269888,3669.8633183232,2026-08-20T00:09:10-04:00
02336000,2006-09-25,1450,A,41.059427558400003,3547.5345410457603,2026-08-20T00:09:10-04:00
02336000,2006-09-26,1060,A,30.015857387520001,2593.3700782817282,2026-08-20T00:09:10-04:00
02336000,2006-09-27,1250,A,35.396058240000002,3058.2194319360001,2026-08-20T00:09:10-04:00
02336000,2006-09-28,2010,A,56.916861649920001,4917.6168465530882,2026-08-20T00:09:10-04:00
02336000,2006-09-29,1540,A,43.607943751680004,3767.7263401451523,2026-08-20T00:09:10-04:00
02336000,2006-09-30,1360,A,38.510911365120002,3327.3427419463683,2026-08-20T00:09:10-04:00
02336000,2006-10-01,1000,A,28.316846592000001,2446.5755455488002,2026-08-20T00:09:10-04:00
02336000,2006-10-02,1030,A,29.166351989760003,2519.9728119152642,2026-08-20T00:09:10-04:00
02336000,2006-10-03,1050,A,29.732688921600001,2568.9043228262399,2026-08-20T00:09:10-04:00
02336000,2006-10-04,1320,A,37.378237501440005,3229.479720124416,2026-08-20T00:09:10-04:00
02336000,2006-10-05,1190,A,33.697047444479999,2911.4248992030721,2026-08-20T00:09:10-04:00
02336000,2006-10-06,1300,A,36.811900569599999,3180.5482092134403,2026-08-20T00:09:10-04:00
02336000,2006-10-07,1390,A,39.36041676288,3400.7400083128323,2026-08-20T00:09:10-04:00
02336000,2006-10-08,988,A,27.977044432896001,2417.2166390022144,2026-08-20T00:09:10-04:00
02336000,2006-10-09,1020,A,28.88318352384,2495.5070564597759,2026-08-20T00:09:10-04:00
02336000,2006-10-10,1380,A,39.077248296960001,3376.274252857344,2026-08-20T00:09:10-04:00
02336000,2006-10-11,1050,A,29.732688921600001,2568.9043228262399,2026-08-20T00:09:10-04:00
02336000,2006-10-12,1040,A,29.449520455680002,2544.438567370752,2026-08-20T00:09:10-04:00
02336000,2006-10-13,1260,A,35.679226705920001,3082.6851873914879,2026-08-20T00:09:10-04:00
02336000,2006-10-14,1220,A,34.546552842240004,2984.8221655695361,2026-08-20T00:09:10-04:00
02336000,2006-10-15,1010,A,28.60001505792,2471.041301004288,2026-08-20T00:09:10-04:00
02336000,2006-10-16,1000,A,28.316846592000001,2446.5755455488002,2026-08-20T00:09:10-04:00
02336000,2006-10-17,1690,A,47.855470740480001,4134.7126719774724,2026-08-20T00:09:10-04:00
02336000,2006-10-18,2210,A,62.580230968320002,5406.9319556628479,2026-08-20T00:09:10-04:00
02336000,2006-10-19,1020,A,28.88318352384,2495.5070564597759,2026-08-20T00:09:10-04:00
02336000,2006-10-20,1340,A,37.944574433280003,3278.4112310353921,2026-08-20T00:09:10-04:00
02336000,2006-10-21,1330,A,37.661405967360004,3253.9454755799043,2026-08-20T00:09:10-04:00
02336000,2006-10-22,1070,A,30.29902585344,2617.835833737216,2026-08-20T00:09:10-04:00
02336000,2006-10-23,1120,A,31.71486818304,2740.1646110146562,2026-08-20T00:09:10-04:00
02336000,2006-10-24,1530,A,43.324775285759998,3743.260584689664,2026-08-20T00:09:10-04:00
02336000,2006-10-25,1500,A,42.475269888,3669.8633183232,2026-08-20T00:09:10-04:00
02336000,2006-10-26,1410,A,39.926753694719999,3449.671519223808,2026-08-20T00:09:10-04:00
02336000,2006-10-27,4240,A,120.06342955008,10373.480313126913,2026-08-20T00:09:10-04:00
02336000,2006-10-28,3380,A,95.710941480960003,8269.4253439549448,2026-08-20T00:09:10-04:00
02336000,2006-10-29,1310,A,37.095069035519998,3205.0139646689281,2026-08-20T00:09:10-04:00
02336000,2006-10-30,1600,A,45.3069545472,3914.5208728780799,2026-08-20T00:09:10-04:00
02336000,2006-10-31,1360,A,38.510911365120002,3327.3427419463683,2026-08-20T00:09:10-04:00
02336000,2006-11-01,1300,A,36.811900569599999,3180.5482092134403,2026-08-20T00:09:10-04:00
02336000,2006-11-02,1420,A,40.209922160639998,3474.1372746792963,2026-08-20T00:09:10-04:00
02336000,2006-11-03,1020,A,28.88318352384,2495.5070564597759,2026-08-20T00:09:10-04:00
02336000,2006-11-04,1400,A,39.643585228799999,3425.2057637683201,2026-08-20T00:09:10-04:00
02336000,2006-11-05,1050,A,29.732688921600001,2568.9043228262399,2026-08-20T00:09:10-04:00
02336000,2006-11-06,1390,A,39.36041676288,3400.7400083128323,2026-08-20T00:09:10-04:00
02336000,2006-11-07,1440,A,40.776259092480004,3523.068785590272,2026-08-20T00:09:10-04:00
02336000,2006-11-08,1270,A,35.962395171840001,3107.1509428469762,2026-08-20T00:09:10-04:00
02336000,2006-11-09,1120,A,31.71486818304,2740.1646110146562,2026-08-20T00:09:10-04:00
02336000,2006-11-10,1100,A,31.148531251200001,2691.23310010368,2026-08-20T00:09:10-04:00
02336000,2006-11-11,1230,A,34.829721308160003,3009.2879210250239,2026-08-20T00:09:10-04:00
02336000,2006-11-12,1040,A,29.449520455680002,2544.438567370752,2026-08-20T00:09:10-04:00
02336000,2006-11-13,1050,A,29.732688921600001,2568.9043228262399,2026-08-20T00:09:10-04:00
02336000,2006-11-14,1000,A,28.316846592000001,2446.5755455488002,2026-08-20T00:09:10-04:00
02336000,2006-11-15,4270,A,120.91293494784,10446.877579493377,2026-08-20T00:09:10-04:00
02336000,2006-11-16,6650,A,188.30702983680001,16269.72737789952,2026-08-20T00:09:10-04:00
02336000,2006-11-17,2700,A,76.455485798400005,6605.7539729817599,2026-08-20T00:09:10-04:00
02336000,2006-11-18,1610,A,45.590123013119999,3938.9866283335682,2026-08-20T00:09:10-04:00
02336000,2006-11-19,1390,A,39.36041676288,3400.7400083128323,2026-08-20T00:09:10-04:00
02336000,2006-11-20,1070,A,30.29902585344,2617.835833737216,2026-08-20T00:09:10-04:00
02336000,2006-11-21,1470,A,41.625764490240002,3596.466051956736,2026-08-20T00:09:10-04:00
02336000,2006-11-22,1410,A,39.926753694719999,3449.671519223808,2026-08-20T00:09:10-04:00
02336000,2006-11-23,1150,A,32.564373580800002,2813.5618773811202,2026-08-20T00:09:10-04:00
02336000,2006-11-24,1160,A,32.847542046720001,2838.0276328366081,2026-08-20T00:09:10-04:00
02336000,2006-11-25,1160,A,32.847542046720001,2838.0276328366081,2026-08-20T00:09:10-04:00
02336000,2006-11-26,1050,A,29.732688921600001,2568.9043228262399,2026-08-20T00:09:10-04:00
02336000,2006-11-27,1070,A,30.29902585344,2617.835833737216,2026-08-20T00:09:10-04:00
02336000,2006-11-28,1080,A,30.582194319359999,2642.3015891927039,2026-08-20T00:09:10-04:00
02336000,2006-11-29,1090,A,30.865362785280002,2666.7673446481922,2026-08-20T00:09:10-04:00
02336000,2006-11-30,1770,A,50.120818467840003,4330.4387156213761,2026-08-20T00:09:10-04:00
02336000,2006-12-01,1620,A,45.873291479039999,3963.4523837890561,2026-08-20T00:09:10-04:00
02336000,2006-12-02,1520,A,43.041606819839998,3718.7948292341762,2026-08-20T00:09:10-04:00
02336000,2006-12-03,1390,A,39.36041676288,3400.7400083128323,2026-08-20T00:09:10-04:00
02336000,2006-12-04,1100,A,31.148531251200001,2691.23310010368,2026-08-20T00:09:10-04:00
02336000,2006-12-05,1420,A,40.209922160639998,3474.1372746792963,2026-08-20T00:09:10-04:00
02336000,2006-12-06,1480,A,41.908932956160001,3620.9318074122243,2026-08-20T00:09:10-04:00
02336000,2006-12-07,1250,A,35.396058240000002,3058.2194319360001,2026-08-20T00:09:10-04:00
02336000,2006-12-08,1240,A,35.112889774080003,3033.7536764805122,2026-08-20T00:09:10-04:00
02336000,2006-12-09,1180,A,33.41387897856,2886.9591437475842,2026-08-20T00:09:10-04:00
02336000,2006-12-10,1290,A,36.528732103679999,3156.082453757952,2026-08-20T00:09:10-04:00
02336000,2006-12-11,1080,A,30.582194319359999,2642.3015891927039,2026-08-20T00:09:10-04:00
02336000,2006-12-12,1460,A,41.342596024320002,3572.0002965012482,2026-08-20T00:09:10-04:00
02336000,2006-12-13,1340,A,37.944574433280003,3278.4112310353921,2026-08-20T00:09:10-04:00
02336000,2006-12-14,1130,A,31.998036648959999,2764.6303664701441,2026-08-20T00:09:10-04:00
02336000,2006-12-15,1110,A,31.431699717120001,2715.6988555591679,2026-08-20T00:09:10-04:00
02336000,2006-12-16,1100,A,31.148531251200001,2691.23310010368,2026-08-20T00:09:10-04:00
02336000,2006-12-17,1170,A,33.13071051264,2862.4933882920959,2026-08-20T00:09:10-04:00
02336000,2006-12-18,1100,A,31.148531251200001,2691.23310010368,2026-08-20T00:09:10-04:00
02336000,2006-12-19,1120,A,31.71486818304,2740.1646110146562,2026-08-20T00:09:10-04:00
02336000,2006-12-20,1180,A,33.41387897856,2886.9591437475842,2026-08-20T00:09:10-04:00
02336000,2006-12-21,1230,A,34.829721308160003,3009.2879210250239,2026-08-20T00:09:10-04:00
02336000,2006-12-22,1650,A,46.722796876800004,4036.8496501555201,2026-08-20T00:09:10-04:00
02336000,2006-12-23,1330,A,37.661405967360004,3253.9454755799043,2026-08-20T00:09:10-04:00
02336000,2006-12-24,1170,A,33.13071051264,2862.4933882920959,2026-08-20T00:09:10-04:00
02336000,2006-12-25,1130,A,31.998036648959999,2764.6303664701441,2026-08-20T00:09:10-04:00
02336000,2006-12-26,1130,A,31.998036648959999,2764.6303664701441,2026-08-20T00:09:10-04:00
02336000,2006-12-27,1240,A,35.112889774080003,3033.7536764805122,2026-08-20T00:09:10-04:00
02336000,2006-12-28,1580,A,44.740617615360001,3865.5893619671042,2026-08-20T00:09:10-04:00
02336000,2006-12-29,1320,A,37.378237501440005,3229.479720124416,2026-08-20T00:09:10-04:00
02336000,2006-12-30,1200,A,33.980215910399998,2935.8906546585599,2026-08-20T00:09:10-04:00
02336000,2006-12-31,1960,A,55.501019320320005,4795.288069275648,2026-08-20T00:09:10-04:00
02336000,2007-01-01,3790,A,107.32084858368,9272.521317629953,2026-08-20T00:09:10-04:00
02336000,2007-01-02,2160,A,61.164388638719998,5284.6031783854078,2026-08-20T00:09:10-04:00
02336000,2007-01-03,1680,A,47.572302274560002,4110.2469165219845,2026-08-20T00:09:10-04:00
02336000,2007-01-04,1560,A,44.174280683520003,3816.657851056128,2026-08-20T00:09:10-04:00
02336000,2007-01-05,1790,A,50.687155399680002,4379.3702265323518,2026-08-20T00:09:10-04:00
02336000,2007-01-06,1890,A,53.518840058880002,4624.0277810872321,2026-08-20T00:09:10-04:00
02336000,2007-01-07,1890,A,53.518840058880002,4624.0277810872321,2026-08-20T00:09:10-04:00
02336000,2007-01-08,4380,A,124.02778807296001,10716.000889503744,2026-08-20T00:09:10-04:00
02336000,2007-01-09,2620,A,74.190138071039996,6410.0279293378562,2026-08-20T00:09:10-04:00
02336000,2007-01-10,1570,A,44.457449149440002,3841.1236065116163,2026-08-20T00:09:10-04:00
02336000,2007-01-11,1490,A,42.19210142208,3645.3975628677122,2026-08-20T00:09:10-04:00
02336000,2007-01-12,1030,A,29.166351989760003,2519.9728119152642,2026-08-20T00:09:10-04:00
02336000,2007-01-13,1420,A,40.209922160639998,3474.1372746792963,2026-08-20T00:09:10-04:00
02336000,2007-01-14,1130,A,31.998036648959999,2764.6303664701441,2026-08-20T00:09:10-04:00
02336000,2007-01-15,1120,A,31.71486818304,2740.1646110146562,2026-08-20T00:09:10-04:00
02336000,2007-01-16,1440,A,40.776259092480004,3523.068785590272,2026-08-20T00:09:10-04:00
02336000,2007-01-17,1170,A,33.13071051264,2862.4933882920959,2026-08-20T00:09:10-04:00
02336000,2007-01-18,1810,A,51.25349233152,4428.3017374433284,2026-08-20T00:09:10-04:00
02336000,2007-01-19,1340,A,37.944574433280003,3278.4112310353921,2026-08-20T00:09:10-04:00
02336000,2007-01-20,1240,A,35.112889774080003,3033.7536764805122,2026-08-20T00:09:10-04:00
02336000,2007-01-21,1180,A,33.41387897856,2886.9591437475842,2026-08-20T00:09:10-04:00
02336000,2007-01-22,2400,A,67.960431820799997,5871.7813093171198,2026-08-20T00:09:10-04:00
02336000,2007-01-23,1190,A,33.697047444479999,2911.4248992030721,2026-08-20T00:09:10-04:00
02336000,2007-01-24,1120,A,31.71486818304,2740.1646110146562,2026-08-20T00:09:10-04:00
02336000,2007-01-25,1220,A,34.546552842240004,2984.8221655695361,2026-08-20T00:09:10-04:00
02336000,2007-01-26,1200,A,33.980215910399998,2935.8906546585599,2026-08-20T00:09:10-04:00
02336000,2007-01-27,1220,A,34.546552842240004,2984.8221655695361,2026-08-20T00:09:10-04:00
02336000,2007-01-28,1130,A,31.998036648959999,2764.6303664701441,2026-08-20T00:09:10-04:00
02336000,2007-01-29,972,A,27.523974887424,2378.0714302734336,2026-08-20T00:09:10-04:00
02336000,2007-01-30,1020,A,28.88318352384,2495.5070564597759,2026-08-20T00:09:10-04:00
02336000,2007-01-31,1010,A,28.60001505792,2471.041301004288,2026-08-20T00:09:10-04:00
02336000,2007-02-01,2390,A,67.677263354879997,5847.315553861632,2026-08-20T00:09:10-04:00
02336000,2007-02-02,1880,A,53.235671592960003,4599.5620256317443,2026-08-20T00:09:10-04:00
02336000,2007-02-03,1090,A,30.865362785280002,2666.7673446481922,2026-08-20T00:09:10-04:00
02336000,2007-02-04,1040,A,29.449520455680002,2544.438567370752,2026-08-20T00:09:10-04:00
02336000,2007-02-05,1010,A,28.60001505792,2471.041301004288,2026-08-20T00:09:10-04:00
02336000,2007-02-06,1450,A,41.059427558400003,3547.5345410457603,2026-08-20T00:09:10-04:00
02336000,2007-02-07,1460,A,41.342596024320002,3572.0002965012482,2026-08-20T00:09:10-04:00
02336000,2007-02-08,1170,A,33.13071051264,2862.4933882920959,2026-08-20T00:09:10-04:00
02336000,2007-02-09,974,A,27.580608580608001,2382.9645813645311,2026-08-20T00:09:10-04:00
02336000,2007-02-10,975,A,27.608925427199999,2385.4111569100801,2026-08-20T00:09:10-04:00
02336000,2007-02-11,961,A,27.212489574912002,2351.1590992723968,2026-08-20T00:09:10-04:00
02336000,2007-02-12,972,A,27.523974887424,2378.0714302734336,2026-08-20T00:09:10-04:00
02336000,2007-02-13,1040,A,29.449520455680002,2544.438567370752,2026-08-20T00:09:10-04:00
02336000,2007-02-14,1360,A,38.510911365120002,3327.3427419463683,2026-08-20T00:09:10-04:00
02336000,2007-02-15,1380,A,39.077248296960001,3376.274252857344,2026-08-20T00:09:10-04:00
02336000,2007-02-16,1360,A,38.510911365120002,3327.3427419463683,2026-08-20T00:09:10-04:00
02336000,2007-02-17,1300,A,36.811900569599999,3180.5482092134403,2026-08-20T00:09:10-04:00
02336000,2007-02-18,986,A,27.920410739712,2412.3234879111169,2026-08-20T00:09:10-04:00
02336000,2007-02-19,1180,A,33.41387897856,2886.9591437475842,2026-08-20T00:09:10-04:00
02336000,2007-02-20,1340,A,37.944574433280003,3278.4112310353921,2026-08-20T00:09:10-04:00
02336000,2007-02-21,2150,A,60.881220172799999,5260.1374229299199,2026-08-20T00:09:10-04:00
02336000,2007-02-22,2430,A,68.809937218560009,5945.1785756835843,2026-08-20T00:09:10-04:00
02336000,2007-02-23,1150,A,32.564373580800002,2813.5618773811202,2026-08-20T00:09:10-04:00
02336000,2007-02-24,1260,A,35.679226705920001,3082.6851873914879,2026-08-20T00:09:10-04:00
02336000,2007-02-25,1600,A,45.3069545472,3914.5208728780799,2026-08-20T00:09:10-04:00
02336000,2007-02-26,1460,A,41.342596024320002,3572.0002965012482,2026-08-20T00:09:10-04:00
02336000,2007-02-27,2200,A,62.297062502400003,5382.4662002073601,2026-08-20T00:09:10-04:00
02336000,2007-02-28,1700,A,48.138639206400001,4159.1784274329602,2026-08-20T00:09:10-04:00
02336000,2007-03-01,2420,A,68.526768752639995,5920.7128202280965,2026-08-20T00:09:10-04:00
02336000,2007-03-02,6270,A,177.54662813184001,15340.028670590977,2026-08-20T00:09:10-04:00
02336000,2007-03-03,2470,A,69.942611082240006,6043.0415975055366,2026-08-20T00:09:10-04:00
02336000,2007-03-04,1260,A,35.679226705920001,3082.6851873914879,2026-08-20T00:09:10-04:00
02336000,2007-03-05,1270,A,35.962395171840001,3107.1509428469762,2026-08-20T00:09:10-04:00
02336000,2007-03-06,1530,A,43.324775285759998,3743.260584689664,2026-08-20T00:09:10-04:00
02336000,2007-03-07,1510,A,42.758438353919999,3694.3290737786883,2026-08-20T00:09:10-04:00
02336000,2007-03-08,1320,A,37.378237501440005,3229.479720124416,2026-08-20T00:09:10-04:00
02336000,2007-03-09,1240,A,35.112889774080003,3033.7536764805122,2026-08-20T00:09:10-04:00
02336000,2007-03-10,1210,A,34.263384376319998,2960.3564101140482,2026-08-20T00:09:10-04:00
02336000,2007-03-11,997,A,28.231896052224002,2439.2358189121537,2026-08-20T00:09:10-04:00
02336000,2007-03-12,984,A,27.863777046528,2407.4303368200194,2026-08-20T00:09:10-04:00
02336000,2007-03-13,1050,A,29.732688921600001,2568.9043228262399,2026-08-20T00:09:10-04:00
02336000,2007-03-14,1320,A,37.378237501440005,3229.479720124416,2026-08-20T00:09:10-04:00
02336000,2007-03-15,1260,A,35.679226705920001,3082.6851873914879,2026-08-20T00:09:10-04:00
02336000,2007-03-16,1860,A,52.669334661120004,4550.6305147207686,2026-08-20T00:09:10-04:00
02336000,2007-03-17,1590,A,45.023786081280001,3890.055117422592,2026-08-20T00:09:10-04:00
02336000,2007-03-18,1020,A,28.88318352384,2495.5070564597759,2026-08-20T00:09:10-04:00
02336000,2007-03-19,1030,A,29.166351989760003,2519.9728119152642,2026-08-20T00:09:10-04:00
02336000,2007-03-20,1180,A,33.41387897856,2886.9591437475842,2026-08-20T00:09:10-04:00
02336000,2007-03-21,1140,A,32.281205114880002,2789.0961219256319,2026-08-20T00:09:10-04:00
02336000,2007-03-22,1330,A,37.661405967360004,3253.9454755799043,2026-08-20T00:09:10-04:00
02336000,2007-03-23,1310,A,37.095069035519998,3205.0139646689281,2026-08-20T00:09:10-04:00
02336000,2007-03-24,1630,A,46.156459944959998,3987.9181392445439,2026-08-20T00:09:10-04:00
02336000,2007-03-25,1040,A,29.449520455680002,2544.438567370752,2026-08-20T00:09:10-04:00
02336000,2007-03-26,996,A,28.203579205632,2436.7892433666048,2026-08-20T00:09:10-04:00
02336000,2007-03-27,996,A,28.203579205632,2436.7892433666048,2026-08-20T00:09:10-04:00
02336000,2007-03-28,995,A,28.175262359040001,2434.3426678210562,2026-08-20T00:09:10-04:00
02336000,2007-03-29,1300,A,36.811900569599999,3180.5482092134403,2026-08-20T00:09:10-04:00
02336000,2007-03-30,1270,A,35.962395171840001,3107.1509428469762,2026-08-20T00:09:10-04:00
02336000,2007-03-31,1350,A,38.227742899200003,3302.87698649088,2026-08-20T00:09:10-04:00
02336000,2007-04-01,1070,A,30.29902585344,2617.835833737216,2026-08-20T00:09:10-04:00
02336000,2007-04-02,1030,A,29.166351989760003,2519.9728119152642,2026-08-20T00:09:10-04:00
02336000,2007-04-03,1180,A,33.41387897856,2886.9591437475842,2026-08-20T00:09:10-04:00
02336000,2007-04-04,1450,A,41.059427558400003,3547.5345410457603,2026-08-20T00:09:10-04:00
02336000,2007-04-05,1400,A,39.643585228799999,3425.2057637683201,2026-08-20T00:09:10-04:00
02336000,2007-04-06,1470,A,41.625764490240002,3596.466051956736,2026-08-20T00:09:10-04:00
02336000,2007-04-07,1150,A,32.564373580800002,2813.5618773811202,2026-08-20T00:09:10-04:00
02336000,2007-04-08,932,A,26.391301023743999,2280.2084084514818,2026-08-20T00:09:10-04:00
02336000,2007-04-09,927,A,26.249716790783999,2267.9755307237378,2026-08-20T00:09:10-04:00
02336000,2007-04-10,1110,A,31.431699717120001,2715.6988555591679,2026-08-20T00:09:10-04:00
02336000,2007-04-11,1190,A,33.697047444479999,2911.4248992030721,2026-08-20T00:09:10-04:00
02336000,2007-04-12,1120,A,31.71486818304,2740.1646110146562,2026-08-20T00:09:10-04:00
02336000,2007-04-13,1290,A,36.528732103679999,3156.082453757952,2026-08-20T00:09:10-04:00
02336000,2007-04-14,1370,A,38.794079831040001,3351.8084974018561,2026-08-20T00:09:10-04:00
02336000,2007-04-15,1790,A,50.687155399680002,4379.3702265323518,2026-08-20T00:09:10-04:00
02336000,2007-04-16,1220,A,34.546552842240004,2984.8221655695361,2026-08-20T00:09:10-04:00
02336000,2007-04-17,1360,A,38.510911365120002,3327.3427419463683,2026-08-20T00:09:10-04:00
02336000,2007-04-18,1120,A,31.71486818304,2740.1646110146562,2026-08-20T00:09:10-04:00
02336000,2007-04-19,1210,A,34.263384376319998,2960.3564101140482,2026-08-20T00:09:10-04:00
02336000,2007-04-20,1200,A,33.980215910399998,2935.8906546585599,2026-08-20T00:09:10-04:00
02336000,2007-04-21,1050,A,29.732688921600001,2568.9043228262399,2026-08-20T00:09:10-04:00
02336000,2007-04-22,907,A,25.683379858944001,2219.0440198127617,2026-08-20T00:09:10-04:00
02336000,2007-04-23,919,A,26.023182018048001,2248.4029263593475,2026-08-20T00:09:10-04:00
02336000,2007-04-24,931,A,26.362984177152001,2277.7618329059328,2026-08-20T00:09:10-04:00
02336000,2007-04-25,928,A,26.278033637376002,2270.4221062692864,2026-08-20T00:09:10-04:00
02336000,2007-04-26,1270,A,35.962395171840001,3107.1509428469762,2026-08-20T00:09:10-04:00
02336000,2007-04-27,1230,A,34.829721308160003,3009.2879210250239,2026-08-20T00:09:10-04:00
02336000,2007-04-28,1080,A,30.582194319359999,2642.3015891927039,2026-08-20T00:09:10-04:00
02336000,2007-04-29,968,A,27.410707501056002,2368.2851280912387,2026-08-20T00:09:10-04:00
02336000,2007-04-30,965,A,27.32575696128,2360.9454014545922,2026-08-20T00:09:10-04:00
02336000,2007-05-01,905,A,25.62674616576,2214.1508687216642,2026-08-20T00:09:10-04:00
02336000,2007-05-02,938,A,26.561202103296001,2294.8878617247747,2026-08-20T00:09:10-04:00
02336000,2007-05-03,945,A,26.759420029440001,2312.0138905436161,2026-08-20T00:09:10-04:00
02336000,2007-05-04,947,A,26.816053722624002,2316.9070416347136,2026-08-20T00:09:10-04:00
02336000,2007-05-05,1240,A,35.112889774080003,3033.7536764805122,2026-08-20T00:09:10-04:00
02336000,2007-05-06,1220,A,34.546552842240004,2984.8221655695361,2026-08-20T00:09:10-04:00
02336000,2007-05-07,1080,A,30.582194319359999,2642.3015891927039,2026-08-20T00:09:10-04:00
02336000,2007-05-08,1080,A,30.582194319359999,2642.3015891927039,2026-08-20T00:09:10-04:00
02336000,2007-05-09,1010,A,28.60001505792,2471.041301004288,2026-08-20T00:09:10-04:00
02336000,2007-05-10,961,A,27.212489574912002,2351.1590992723968,2026-08-20T00:09:10-04:00
02336000,2007-05-11,966,A,27.354073807872002,2363.3919770001407,2026-08-20T00:09:10-04:00
02336000,2007-05-12,1010,A,28.60001505792,2471.041301004288,2026-08-20T00:09:10-04:00
02336000,2007-05-13,960,A,27.18417272832,2348.7125237268483,2026-08-20T00:09:10-04:00
02336000,2007-05-14,926,A,26.221399944192001,2265.5289551781889,2026-08-20T00:09:10-04:00
02336000,2007-05-15,945,A,26.759420029440001,2312.0138905436161,2026-08-20T00:09:10-04:00
02336000,2007-05-16,968,A,27.410707501056002,2368.2851280912387,2026-08-20T00:09:10-04:00
02336000,2007-05-17,1050,A,29.732688921600001,2568.9043228262399,2026-08-20T00:09:10-04:00
02336000,2007-05-18,1080,A,30.582194319359999,2642.3015891927039,2026-08-20T00:09:10-04:00
02336000,2007-05-19,1050,A,29.732688921600001,2568.9043228262399,2026-08-20T00:09:10-04:00
02336000,2007-05-20,982,A,27.807143353343999,2402.5371857289215,2026-08-20T00:09:10-04:00
02336000,2007-05-21,955,A,27.04258849536,2336.4796459991039,2026-08-20T00:09:10-04:00
02336000,2007-05-22,948,A,26.844370569216,2319.3536171802625,2026-08-20T00:09:10-04:00
02336000,2007-05-23,952,A,26.957637955584001,2329.1399193624575,2026-08-20T00:09:10-04:00
02336000,2007-05-24,969,A,27.439024347648001,2370.7317036367872,2026-08-20T00:09:10-04:00
02336000,2007-05-25,1360,A,38.510911365120002,3327.3427419463683,2026-08-20T00:09:10-04:00
02336000,2007-05-26,1830,A,51.819829263359999,4477.2332483543041,2026-08-20T00:09:10-04:00
02336000,2007-05-27,1180,A,33.41387897856,2886.9591437475842,2026-08-20T00:09:10-04:00
02336000,2007-05-28,1160,A,32.847542046720001,2838.0276328366081,2026-08-20T00:09:10-04:00
02336000,2007-05-29,1930,A,54.65151392256,4721.8908029091845,2026-08-20T00:09:10-04:00
02336000,2007-05-30,2130,A,60.31488324096,5211.2059120189442,2026-08-20T00:09:10-04:00
02336000,2007-05-31,2460,A,69.659442616320007,6018.5758420500479,2026-08-20T00:09:10-04:00
02336000,2007-06-01,2880,A,81.552518184960007,7046.137571180544,2026-08-20T00:09:10-04:00
02336000,2007-06-02,1960,A,55.501019320320005,4795.288069275648,2026-08-20T00:09:10-04:00
02336000,2007-06-03,1070,A,30.29902585344,2617.835833737216,2026-08-20T00:09:10-04:00
02336000,2007-06-04,986,A,27.920410739712,2412.3234879111169,2026-08-20T00:09:10-04:00
02336000,2007-06-05,1250,A,35.396058240000002,3058.2194319360001,2026-08-20T00:09:10-04:00
02336000,2007-06-06,1950,A,55.217850854399998,4770.8223138201602,2026-08-20T00:09:10-04:00
02336000,2007-06-07,2340,A,66.261421025280001,5724.9867765841918,2026-08-20T00:09:10-04:00
02336000,2007-06-08,2250,A,63.712904832,5504.7949774848003,2026-08-20T00:09:10-04:00
02336000,2007-06-09,2210,A,62.580230968320002,5406.9319556628479,2026-08-20T00:09:10-04:00
02336000,2007-06-10,1220,A,34.546552842240004,2984.8221655695361,2026-08-20T00:09:10-04:00
02336000,2007-06-11,1260,A,35.679226705920001,3082.6851873914879,2026-08-20T00:09:10-04:00
02336000,2007-06-12,1880,A,53.235671592960003,4599.5620256317443,2026-08-20T00:09:10-04:00
02336000,2007-06-13,2560,A,72.49112727552,6263.2333966049282,2026-08-20T00:09:10-04:00
02336000,2007-06-14,2590,A,73.340632673279998,6336.6306629713918,2026-08-20T00:09:10-04:00
02336000,2007-06-15,2310,A,65.411915627520003,5651.5895102177283,2026-08-20T00:09:10-04:00
02336000,2007-06-16,2110,A,59.748546309120002,5162.2744011079685,2026-08-20T00:09:10-04:00
02336000,2007-06-17,985,A,27.892093893120002,2409.8769123655679,2026-08-20T00:09:10-04:00
02336000,2007-06-18,977,A,27.665559120384,2390.3043080011776,2026-08-20T00:09:10-04:00
02336000,2007-06-19,2260,A,63.996073297919999,5529.2607329402881,2026-08-20T00:09:10-04:00
02336000,2007-06-20,2010,A,56.916861649920001,4917.6168465530882,2026-08-20T00:09:10-04:00
02336000,2007-06-21,1600,A,45.3069545472,3914.5208728780799,2026-08-20T00:09:10-04:00
02336000,2007-06-22,1350,A,38.227742899200003,3302.87698649088,2026-08-20T00:09:10-04:00
02336000,2007-06-23,1510,A,42.758438353919999,3694.3290737786883,2026-08-20T00:09:10-04:00
02336000,2007-06-24,1080,A,30.582194319359999,2642.3015891927039,2026-08-20T00:09:10-04:00
02336000,2007-06-25,1020,A,28.88318352384,2495.5070564597759,2026-08-20T00:09:10-04:00
02336000,2007-06-26,1020,A,28.88318352384,2495.5070564597759,2026-08-20T00:09:10-04:00
02336000,2007-06-27,1070,A,30.29902585344,2617.835833737216,2026-08-20T00:09:10-04:00
02336000,2007-06-28,1450,A,41.059427558400003,3547.5345410457603,2026-08-20T00:09:10-04:00
02336000,2007-06-29,1790,A,50.687155399680002,4379.3702265323518,2026-08-20T00:09:10-04:00
02336000,2007-06-30,1600,A,45.3069545472,3914.5208728780799,2026-08-20T00:09:10-04:00
02336000,2007-07-01,1110,A,31.431699717120001,2715.6988555591679,2026-08-20T00:09:10-04:00
02336000,2007-07-02,1470,A,41.625764490240002,3596.466051956736,2026-08-20T00:09:10-04:00
02336000,2007-07-03,1630,A,46.156459944959998,3987.9181392445439,2026-08-20T00:09:10-04:00
02336000,2007-07-04,1260,A,35.679226705920001,3082.6851873914879,2026-08-20T00:09:10-04:00
02336000,2007-07-05,1140,A,32.281205114880002,2789.0961219256319,2026-08-20T00:09:10-04:00
02336000,2007-07-06,1540,A,43.607943751680004,3767.7263401451523,2026-08-20T00:09:10-04:00
02336000,2007-07-07,1450,A,41.059427558400003,3547.5345410457603,2026-08-20T00:09:10-04:00
02336000,2007-07-08,986,A,27.920410739712,2412.3234879111169,2026-08-20T00:09:10-04:00
02336000,2007-07-09,945,A,26.759420029440001,2312.0138905436161,2026-08-20T00:09:10-04:00
02336000,2007-07-10,1070,A,30.29902585344,2617.835833737216,2026-08-20T00:09:10-04:00
02336000,2007-07-11,1960,A,55.501019320320005,4795.288069275648,2026-08-20T00:09:10-04:00
02336000,2007-07-12,1730,A,48.988144604159999,4232.5756937994238,2026-08-20T00:09:10-04:00
02336000,2007-07-13,1700,A,48.138639206400001,4159.1784274329602,2026-08-20T00:09:10-04:00
02336000,2007-07-14,1540,A,43.607943751680004,3767.7263401451523,2026-08-20T00:09:10-04:00
02336000,2007-07-15,2260,A,63.996073297919999,5529.2607329402881,2026-08-20T00:09:10-04:00
02336000,2007-07-16,1560,A,44.174280683520003,3816.657851056128,2026-08-20T00:09:10-04:00
02336000,2007-07-17,1840,A,52.102997729279998,4501.699003809792,2026-08-20T00:09:10-04:00
02336000,2007-07-18,2490,A,70.508948014080005,6091.9731084165123,2026-08-20T00:09:10-04:00
02336000,2007-07-19,2020,A,57.200030115840001,4942.082602008576,2026-08-20T00:09:10-04:00
02336000,2007-07-20,1430,A,40.493090626560004,3498.6030301347841,2026-08-20T00:09:10-04:00
02336000,2007-07-21,1420,A,40.209922160639998,3474.1372746792963,2026-08-20T00:09:10-04:00
02336000,2007-07-22,1070,A,30.29902585344,2617.835833737216,2026-08-20T00:09:10-04:00
02336000,2007-07-23,1200,A,33.980215910399998,2935.8906546585599,2026-08-20T00:09:10-04:00
02336000,2007-07-24,1210,A,34.263384376319998,2960.3564101140482,2026-08-20T00:09:10-04:00
02336000,2007-07-25,1450,A,41.059427558400003,3547.5345410457603,2026-08-20T00:09:10-04:00
02336000,2007-07-26,1800,A,50.970323865600001,4403.8359819878406,2026-08-20T00:09:10-04:00
02336000,2007-07-27,1870,A,52.952503127040004,4575.0962701762564,2026-08-20T00:09:10-04:00
02336000,2007-07-28,1650,A,46.722796876800004,4036.8496501555201,2026-08-20T00:09:10-04:00
02336000,2007-07-29,1140,A,32.281205114880002,2789.0961219256319,2026-08-20T00:09:10-04:00
02336000,2007-07-30,1040,A,29.449520455680002,2544.438567370752,2026-08-20T00:09:10-04:00
02336000,2007-07-31,1110,A,31.431699717120001,2715.6988555591679,2026-08-20T00:09:10-04:00
02336000,2007-08-01,1460,A,41.342596024320002,3572.0002965012482,2026-08-20T00:09:10-04:00
02336000,2007-08-02,1400,A,39.643585228799999,3425.2057637683201,2026-08-20T00:09:10-04:00
02336000,2007-08-03,1170,A,33.13071051264,2862.4933882920959,2026-08-20T00:09:10-04:00
02336000,2007-08-04,1290,A,36.528732103679999,3156.082453757952,2026-08-20T00:09:10-04:00
02336000,2007-08-05,1050,A,29.732688921600001,2568.9043228262399,2026-08-20T00:09:10-04:00
02336000,2007-08-06,1020,A,28.88318352384,2495.5070564597759,2026-08-20T00:09:10-04:00
02336000,2007-08-07,1050,A,29.732688921600001,2568.9043228262399,2026-08-20T00:09:10-04:00
02336000,2007-08-08,1060,A,30.015857387520001,2593.3700782817282,2026-08-20T00:09:10-04:00
02336000,2007-08-09,1350,A,38.227742899200003,3302.87698649088,2026-08-20T00:09:10-04:00
02336000,2007-08-10,1340,A,37.944574433280003,3278.4112310353921,2026-08-20T00:09:10-04:00
02336000,2007-08-11,1070,A,30.29902585344,2617.835833737216,2026-08-20T00:09:10-04:00
02336000,2007-08-12,1020,A,28.88318352384,2495.5070564597759,2026-08-20T00:09:10-04:00
02336000,2007-08-13,899,A,25.456845086208002,2199.4714154483713,2026-08-20T00:09:10-04:00
02336000,2007-08-14,1290,A,36.528732103679999,3156.082453757952,2026-08-20T00:09:10-04:00
02336000,2007-08-15,1370,A,38.794079831040001,3351.8084974018561,2026-08-20T00:09:10-04:00
02336000,2007-08-16,1090,A,30.865362785280002,2666.7673446481922,2026-08-20T00:09:10-04:00
02336000,2007-08-17,1110,A,31.431699717120001,2715.6988555591679,2026-08-20T00:09:10-04:00
02336000,2007-08-18,1210,A,34.263384376319998,2960.3564101140482,2026-08-20T00:09:10-04:00
02336000,2007-08-19,1090,A,30.865362785280002,2666.7673446481922,2026-08-20T00:09:10-04:00
02336000,2007-08-20,1080,A,30.582194319359999,2642.3015891927039,2026-08-20T00:09:10-04:00
02336000,2007-08-21,1100,A,31.148531251200001,2691.23310010368,2026-08-20T00:09:10-04:00
02336000,2007-08-22,1090,A,30.865362785280002,2666.7673446481922,2026-08-20T00:09:10-04:00
02336000,2007-08-23,1090,A,30.865362785280002,2666.7673446481922,2026-08-20T00:09:10-04:00
02336000,2007-08-24,1680,A,47.572302274560002,4110.2469165219845,2026-08-20T00:09:10-04:00
02336000,2007-08-25,1750,A,49.554481536000004,4281.5072047104004,2026-08-20T00:09:10-04:00
02336000,2007-08-26,1740,A,49.271313070079998,4257.0414492549125,2026-08-20T00:09:10-04:00
02336000,2007-08-27,1520,A,43.041606819839998,3718.7948292341762,2026-08-20T00:09:10-04:00
02336000,2007-08-28,2310,A,65.411915627520003,5651.5895102177283,2026-08-20T00:09:10-04:00
02336000,2007-08-29,1660,A,47.005965342720003,4061.3154056110079,2026-08-20T00:09:10-04:00
02336000,2007-08-30,1960,A,55.501019320320005,4795.288069275648,2026-08-20T00:09:10-04:00
02336000,2007-08-31,2480,A,70.225779548160006,6067.5073529610245,2026-08-20T00:09:10-04:00
02336000,2007-09-01,1890,A,53.518840058880002,4624.0277810872321,2026-08-20T00:09:10-04:00
02336000,2007-09-02,1250,A,35.396058240000002,3058.2194319360001,2026-08-20T00:09:10-04:00
02336000,2007-09-03,1190,A,33.697047444479999,2911.4248992030721,2026-08-20T00:09:10-04:00
02336000,2007-09-04,2130,A,60.31488324096,5211.2059120189442,2026-08-20T00:09:10-04:00
02336000,2007-09-05,1420,A,40.209922160639998,3474.1372746792963,2026-08-20T00:09:10-04:00
02336000,2007-09-06,1910,A,54.085176990720001,4672.9592919982078,2026-08-20T00:09:10-04:00
02336000,2007-09-07,1600,A,45.3069545472,3914.5208728780799,2026-08-20T00:09:10-04:00
02336000,2007-09-08,1740,A,49.271313070079998,4257.0414492549125,2026-08-20T00:09:10-04:00
02336000,2007-09-09,1160,A,32.847542046720001,2838.0276328366081,2026-08-20T00:09:10-04:00
02336000,2007-09-10,1190,A,33.697047444479999,2911.4248992030721,2026-08-20T00:09:10-04:00
02336000,2007-09-11,1530,A,43.324775285759998,3743.260584689664,2026-08-20T00:09:10-04:00
02336000,2007-09-12,1710,A,48.42180767232,4183.6441828884481,2026-08-20T00:09:10-04:00
02336000,2007-09-13,1860,A,52.669334661120004,4550.6305147207686,2026-08-20T00:09:10-04:00
02336000,2007-09-14,2280,A,64.562410229760005,5578.1922438512638,2026-08-20T00:09:10-04:00
02336000,2007-09-15,2430,A,68.809937218560009,5945.1785756835843,2026-08-20T00:09:10-04:00
02336000,2007-09-16,1430,A,40.493090626560004,3498.6030301347841,2026-08-20T00:09:10-04:00
02336000,2007-09-17,1540,A,43.607943751680004,3767.7263401451523,2026-08-20T00:09:10-04:00
02336000,2007-09-18,2450,A,69.376274150400008,5994.11008659456,2026-08-20T00:09:10-04:00
02336000,2007-09-19,1320,A,37.378237501440005,3229.479720124416,2026-08-20T00:09:10-04:00
02336000,2007-09-20,1480,A,41.908932956160001,3620.9318074122243,2026-08-20T00:09:10-04:00
02336000,2007-09-21,1460,A,41.342596024320002,3572.0002965012482,2026-08-20T00:09:10-04:00
02336000,2007-09-22,1850,A,52.386166195200005,4526.1647592652798,2026-08-20T00:09:10-04:00
02336000,2007-09-23,1150,A,32.564373580800002,2813.5618773811202,2026-08-20T00:09:10-04:00
02336000,2007-09-24,1150,A,32.564373580800002,2813.5618773811202,2026-08-20T00:09:10-04:00
02336000,2007-09-25,1420,A,40.209922160639998,3474.1372746792963,2026-08-20T00:09:10-04:00
02336000,2007-09-26,1510,A,42.758438353919999,3694.3290737786883,2026-08-20T00:09:10-04:00
02336000,2007-09-27,1550,A,43.891112217600003,3792.1920956006402,2026-08-20T00:09:10-04:00
02336000,2007-09-28,1520,A,43.041606819839998,3718.7948292341762,2026-08-20T00:09:10-04:00
02336000,2007-09-29,1280,A,36.24556363776,3131.6166983024641,2026-08-20T00:09:10-04:00
02336000,2007-09-30,1310,A,37.095069035519998,3205.0139646689281,2026-08-20T00:09:10-04:00
02336000,2007-10-01,1190,A,33.697047444479999,2911.4248992030721,2026-08-20T00:09:10-04:00
02336000,2007-10-02,1360,A,38.510911365120002,3327.3427419463683,2026-08-20T00:09:10-04:00
02336000,2007-10-03,1500,A,42.475269888,3669.8633183232,2026-08-20T00:09:10-04:00
02336000,2007-10-04,1620,A,45.873291479039999,3963.4523837890561,2026-08-20T00:09:10-04:00
02336000,2007-10-05,1790,A,50.687155399680002,4379.3702265323518,2026-08-20T00:09:10-04:00
02336000,2007-10-06,1690,A,47.855470740480001,4134.7126719774724,2026-08-20T00:09:10-04:00
02336000,2007-10-07,1310,A,37.095069035519998,3205.0139646689281,2026-08-20T00:09:10-04:00
02336000,2007-10-08,1150,A,32.564373580800002,2813.5618773811202,2026-08-20T00:09:10-04:00
02336000,2007-10-09,2040,A,57.766367047679999,4991.0141129195517,2026-08-20T00:09:10-04:00
02336000,2007-10-10,1980,A,56.067356252160003,4844.2195801866237,2026-08-20T00:09:10-04:00
02336000,2007-10-11,2320,A,65.695084093440002,5676.0552656732161,2026-08-20T00:09:10-04:00
02336000,2007-10-12,2690,A,76.172317332480006,6581.2882175262721,2026-08-20T00:09:10-04:00
02336000,2007-10-13,2890,A,81.835686650880007,7070.6033266360319,2026-08-20T00:09:10-04:00
02336000,2007-10-14,1240,A,35.112889774080003,3033.7536764805122,2026-08-20T00:09:10-04:00
02336000,2007-10-15,1350,A,38.227742899200003,3302.87698649088,2026-08-20T00:09:10-04:00
02336000,2007-10-16,3250,A,92.029751423999997,7951.3705230336,2026-08-20T00:09:10-04:00
02336000,2007-10-17,3250,A,92.029751423999997,7951.3705230336,2026-08-20T00:09:10-04:00
02336000,2007-10-18,3100,A,87.782224435200007,7584.3841912012804,2026-08-20T00:09:10-04:00
02336000,2007-10-19,3080,A,87.215887503360008,7535.4526802903047,2026-08-20T00:09:10-04:00
02336000,2007-10-20,2220,A,62.863399434240002,5431.3977111183358,2026-08-20T00:09:10-04:00
02336000,2007-10-21,1230,A,34.829721308160003,3009.2879210250239,2026-08-20T00:09:10-04:00
02336000,2007-10-22,1340,A,37.944574433280003,3278.4112310353921,2026-08-20T00:09:10-04:00
02336000,2007-10-23,2030,A,57.48319858176,4966.5483574640639,2026-08-20T00:09:10-04:00
02336000,2007-10-24,1930,A,54.65151392256,4721.8908029091845,2026-08-20T00:09:10-04:00
02336000,2007-10-25,1620,A,45.873291479039999,3963.4523837890561,2026-08-20T00:09:10-04:00
02336000,2007-10-26,1870,A,52.952503127040004,4575.0962701762564,2026-08-20T00:09:10-04:00
02336000,2007-10-27,1350,A,38.227742899200003,3302.87698649088,2026-08-20T00:09:10-04:00
02336000,2007-10-28,1060,A,30.015857387520001,2593.3700782817282,2026-08-20T00:09:10-04:00
02336000,2007-10-29,1060,A,30.015857387520001,2593.3700782817282,2026-08-20T00:09:10-04:00
02336000,2007-10-30,1090,A,30.865362785280002,2666.7673446481922,2026-08-20T00:09:10-04:00
02336000,2007-10-31,1390,A,39.36041676288,3400.7400083128323,2026-08-20T00:09:10-04:00
02336000,2007-11-01,1250,A,35.396058240000002,3058.2194319360001,2026-08-20T00:09:10-04:00
02336000,2007-11-02,1350,A,38.227742899200003,3302.87698649088,2026-08-20T00:09:10-04:00
02336000,2007-11-03,1680,A,47.572302274560002,4110.2469165219845,2026-08-20T00:09:10-04:00
02336000,2007-11-04,1040,A,29.449520455680002,2544.438567370752,2026-08-20T00:09:10-04:00
02336000,2007-11-05,1400,A,39.643585228799999,3425.2057637683201,2026-08-20T00:09:10-04:00
02336000,2007-11-06,2940,A,83.251528980480003,7192.932103913472,2026-08-20T00:09:10-04:00
02336000,2007-11-07,3370,A,95.427773015040003,8244.959588499456,2026-08-20T00:09:10-04:00
02336000,2007-11-08,3710,A,105.05550085632001,9076.7952739860484,2026-08-20T00:09:10-04:00
02336000,2007-11-09,3670,A,103.92282699264,8978.932252164097,2026-08-20T00:09:10-04:00
02336000,2007-11-10,2840,A,80.419844321279996,6948.2745493585926,2026-08-20T00:09:10-04:00
02336000,2007-11-11,1460,A,41.342596024320002,3572.0002965012482,2026-08-20T00:09:10-04:00
02336000,2007-11-12,1830,A,51.819829263359999,4477.2332483543041,2026-08-20T00:09:10-04:00
02336000,2007-11-13,3090,A,87.499055969280008,7559.9184357457925,2026-08-20T00:09:10-04:00
02336000,2007-11-14,3290,A,93.162425287680009,8049.2335448555523,2026-08-20T00:09:10-04:00
02336000,2007-11-15,4470,A,126.57630426624,10936.192688603136,2026-08-20T00:09:10-04:00
02336000,2007-11-16,4080,A,115.53273409536,9982.0282258391035,2026-08-20T00:09:10-04:00
02336000,2007-11-17,2560,A,72.49112727552,6263.2333966049282,2026-08-20T00:09:10-04:00
02336000,2007-11-18,1310,A,37.095069035519998,3205.0139646689281,2026-08-20T00:09:10-04:00
02336000,2007-11-19,1120,A,31.71486818304,2740.1646110146562,2026-08-20T00:09:10-04:00
02336000,2007-11-20,2340,A,66.261421025280001,5724.9867765841918,2026-08-20T00:09:10-04:00
02336000,2007-11-21,2070,A,58.615872445440004,5064.4113792860162,2026-08-20T00:09:10-04:00
02336000,2007-11-22,3510,A,99.392131537920008,8587.4801648762877,2026-08-20T00:09:10-04:00
02336000,2007-11-23,3430,A,97.126783810559999,8391.7541212323849,2026-08-20T00:09:10-04:00
02336000,2007-11-24,1940,A,54.934682388479999,4746.3565583646723,2026-08-20T00:09:10-04:00
02336000,2007-11-25,1180,A,33.41387897856,2886.9591437475842,2026-08-20T00:09:10-04:00
02336000,2007-11-26,1310,A,37.095069035519998,3205.0139646689281,2026-08-20T00:09:10-04:00
02336000,2007-11-27,1400,A,39.643585228799999,3425.2057637683201,2026-08-20T00:09:10-04:00
02336000,2007-11-28,1390,A,39.36041676288,3400.7400083128323,2026-08-20T00:09:10-04:00
02336000,2007-11-29,1450,A,41.059427558400003,3547.5345410457603,2026-08-20T00:09:10-04:00
02336000,2007-11-30,1190,A,33.697047444479999,2911.4248992030721,2026-08-20T00:09:10-04:00
02336000,2007-12-01,1300,A,36.811900569599999,3180.5482092134403,2026-08-20T00:09:10-04:00
02336000,2007-12-02,1160,A,32.847542046720001,2838.0276328366081,2026-08-20T00:09:10-04:00
02336000,2007-12-03,1250,A,35.396058240000002,3058.2194319360001,2026-08-20T00:09:10-04:00
02336000,2007-12-04,1190,A,33.697047444479999,2911.4248992030721,2026-08-20T00:09:10-04:00
02336000,2007-12-05,1230,A,34.829721308160003,3009.2879210250239,2026-08-20T00:09:10-04:00
02336000,2007-12-06,1230,A,34.829721308160003,3009.2879210250239,2026-08-20T00:09:10-04:00
02336000,2007-12-07,1290,A,36.528732103679999,3156.082453757952,2026-08-20T00:09:10-04:00
02336000,2007-12-08,1250,A,35.396058240000002,3058.2194319360001,2026-08-20T00:09:10-04:00
02336000,2007-12-09,931,A,26.362984177152001,2277.7618329059328,2026-08-20T00:09:10-04:00
02336000,2007-12-10,949,A,26.872687415808002,2321.8001927258115,2026-08-20T00:09:10-04:00
02336000,2007-12-11,964,A,27.297440114688001,2358.4988259090433,2026-08-20T00:09:10-04:00
02336000,2007-12-12,1160,A,32.847542046720001,2838.0276328366081,2026-08-20T00:09:10-04:00
02336000,2007-12-13,1310,A,37.095069035519998,3205.0139646689281,2026-08-20T00:09:10-04:00
02336000,2007-12-14,1370,A,38.794079831040001,3351.8084974018561,2026-08-20T00:09:10-04:00
02336000,2007-12-15,1500,A,42.475269888,3669.8633183232,2026-08-20T00:09:10-04:00
02336000,2007-12-16,1330,A,37.661405967360004,3253.9454755799043,2026-08-20T00:09:10-04:00
02336000,2007-12-17,1200,A,33.980215910399998,2935.8906546585599,2026-08-20T00:09:10-04:00
02336000,2007-12-18,1420,A,40.209922160639998,3474.1372746792963,2026-08-20T00:09:10-04:00
02336000,2007-12-19,1170,A,33.13071051264,2862.4933882920959,2026-08-20T00:09:10-04:00
02336000,2007-12-20,1040,A,29.449520455680002,2544.438567370752,2026-08-20T00:09:10-04:00
02336000,2007-12-21,1030,A,29.166351989760003,2519.9728119152642,2026-08-20T00:09:10-04:00
02336000,2007-12-22,909,A,25.740013552128001,2223.9371709038592,2026-08-20T00:09:10-04:00
02336000,2007-12-23,1040,A,29.449520455680002,2544.438567370752,2026-08-20T00:09:10-04:00
02336000,2007-12-24,1220,A,34.546552842240004,2984.8221655695361,2026-08-20T00:09:10-04:00
02336000,2007-12-25,1230,A,34.829721308160003,3009.2879210250239,2026-08-20T00:09:10-04:00
02336000,2007-12-26,1350,A,38.227742899200003,3302.87698649088,2026-08-20T00:09:10-04:00
02336000,2007-12-27,1310,A,37.095069035519998,3205.0139646689281,2026-08-20T00:09:10-04:00
02336000,2007-12-28,1980,A,56.067356252160003,4844.2195801866237,2026-08-20T00:09:10-04:00
02336000,2007-12-29,2370,A,67.110926423039999,5798.3840429506563,2026-08-20T00:09:10-04:00
02336000,2007-12-30,2670,A,75.605980400640007,6532.3567066152964,2026-08-20T00:09:10-04:00
02336000,2007-12-31,2380,A,67.394094888959998,5822.8497984061441,2026-08-20T00:09:10-04:00
02336000,2008-01-01,1510,A,42.758438353919999,3694.3290737786883,2026-08-20T00:09:10-04:00
02336000,2008-01-02,1270,A,35.962395171840001,3107.1509428469762,2026-08-20T00:09:10-04:00
02336000,2008-01-03,1450,A,41.059427558400003,3547.5345410457603,2026-08-20T00:09:10-04:00
02336000,2008-01-04,997,A,28.231896052224002,2439.2358189121537,2026-08-20T00:09:10-04:00
02336000,2008-01-05,1090,A,30.865362785280002,2666.7673446481922,2026-08-20T00:09:10-04:00
02336000,2008-01-06,1070,A,30.29902585344,2617.835833737216,2026-08-20T00:09:10-04:00
02336000,2008-01-07,969,A,27.439024347648001,2370.7317036367872,2026-08-20T00:09:10-04:00
02336000,2008-01-08,949,A,26.872687415808002,2321.8001927258115,2026-08-20T00:09:10-04:00
02336000,2008-01-09,1210,A,34.263384376319998,2960.3564101140482,2026-08-20T00:09:10-04:00
02336000,2008-01-10,1270,A,35.962395171840001,3107.1509428469762,2026-08-20T00:09:10-04:00
02336000,2008-01-11,1860,A,52.669334661120004,4550.6305147207686,2026-08-20T00:09:10-04:00
02336000,2008-01-12,1140,A,32.281205114880002,2789.0961219256319,2026-08-20T00:09:10-04:00
02336000,2008-01-13,1030,A,29.166351989760003,2519.9728119152642,2026-08-20T00:09:10-04:00
02336000,2008-01-14,1010,A,28.60001505792,2471.041301004288,2026-08-20T00:09:10-04:00
02336000,2008-01-15,978,A,27.693875966976002,2392.7508835467265,2026-08-20T00:09:10-04:00
02336000,2008-01-16,988,A,27.977044432896001,2417.2166390022144,2026-08-20T00:09:10-04:00
02336000,2008-01-17,1190,A,33.697047444479999,2911.4248992030721,2026-08-20T00:09:10-04:00
02336000,2008-01-18,1280,A,36.24556363776,3131.6166983024641,2026-08-20T00:09:10-04:00
02336000,2008-01-19,998,A,28.260212898816,2441.6823944577027,2026-08-20T00:09:10-04:00
02336000,2008-01-20,992,A,28.090311819264002,2427.0029411844098,2026-08-20T00:09:10-04:00
02336000,2008-01-21,971,A,27.495658040832001,2375.6248547278847,2026-08-20T00:09:10-04:00
02336000,2008-01-22,961,A,27.212489574912002,2351.1590992723968,2026-08-20T00:09:10-04:00
02336000,2008-01-23,998,A,28.260212898816,2441.6823944577027,2026-08-20T00:09:10-04:00
02336000,2008-01-24,966,A,27.354073807872002,2363.3919770001407,2026-08-20T00:09:10-04:00
02336000,2008-01-25,974,A,27.580608580608001,2382.9645813645311,2026-08-20T00:09:10-04:00
02336000,2008-01-26,824,A,23.333081591808,2015.9782495322113,2026-08-20T00:09:10-04:00
02336000,2008-01-27,751,A,21.265951790592002,1837.3782347071487,2026-08-20T00:09:10-04:00
02336000,2008-01-28,767,A,21.719021336063999,1876.5234434359297,2026-08-20T00:09:10-04:00
02336000,2008-01-29,770,A,21.803971875840002,1883.8631700725762,2026-08-20T00:09:10-04:00
02336000,2008-01-30,1020,A,28.88318352384,2495.5070564597759,2026-08-20T00:09:10-04:00
02336000,2008-01-31,941,A,26.646152643072,2302.2275883614207,2026-08-20T00:09:10-04:00
02336000,2008-02-01,2900,A,82.118855116800006,7095.0690820915206,2026-08-20T00:09:10-04:00
02336000,2008-02-02,2040,A,57.766367047679999,4991.0141129195517,2026-08-20T00:09:10-04:00
02336000,2008-02-03,1160,A,32.847542046720001,2838.0276328366081,2026-08-20T00:09:10-04:00
02336000,2008-02-04,1200,A,33.980215910399998,2935.8906546585599,2026-08-20T00:09:10-04:00
02336000,2008-02-05,1480,A,41.908932956160001,3620.9318074122243,2026-08-20T00:09:10-04:00
02336000,2008-02-06,1200,A:e,33.980215910399998,2935.8906546585599,2026-08-20T00:09:10-04:00
02336000,2008-02-07,1190,A:e,33.697047444479999,2911.4248992030721,2026-08-20T00:09:10-04:00
02336000,2008-02-08,951,A:e,26.929321108991999,2326.693343816909,2026-08-20T00:09:10-04:00
02336000,2008-02-09,865,A,24.494072302079999,2116.2878468997119,2026-08-20T00:09:10-04:00
02336000,2008-02-10,800,A,22.6534772736,1957.2604364390399,2026-08-20T00:09:10-04:00
02336000,2008-02-11,791,A,22.398625654271999,1935.2412565291008,2026-08-20T00:09:10-04:00
02336000,2008-02-12,917,A,25.966548324864,2243.5097752682495,2026-08-20T00:09:10-04:00
02336000,2008-02-13,1090,A,30.865362785280002,2666.7673446481922,2026-08-20T00:09:10-04:00
02336000,2008-02-14,952,A,26.957637955584001,2329.1399193624575,2026-08-20T00:09:10-04:00
02336000,2008-02-15,908,A,25.711696705535999,2221.4905953583107,2026-08-20T00:09:10-04:00
02336000,2008-02-16,720,A,20.388129546240002,1761.534392795136,2026-08-20T00:09:10-04:00
02336000,2008-02-17,1470,A,41.625764490240002,3596.466051956736,2026-08-20T00:09:10-04:00
02336000,2008-02-18,3690,A,104.48916392448,9027.8637630750727,2026-08-20T00:09:10-04:00
02336000,2008-02-19,1970,A,55.784187786240004,4819.7538247311359,2026-08-20T00:09:10-04:00
02336000,2008-02-20,1100,A,31.148531251200001,2691.23310010368,2026-08-20T00:09:10-04:00
02336000,2008-02-21,1270,A,35.962395171840001,3107.1509428469762,2026-08-20T00:09:10-04:00
02336000,2008-02-22,3110,A,88.065392901120006,7608.8499466567682,2026-08-20T00:09:10-04:00
02336000,2008-02-23,2150,A,60.881220172799999,5260.1374229299199,2026-08-20T00:09:10-04:00
02336000,2008-02-24,1250,A,35.396058240000002,3058.2194319360001,2026-08-20T00:09:10-04:00
02336000,2008-02-25,961,A,27.212489574912002,2351.1590992723968,2026-08-20T00:09:10-04:00
02336000,2008-02-26,1460,A,41.342596024320002,3572.0002965012482,2026-08-20T00:09:10-04:00
02336000,2008-02-27,1690,A,47.855470740480001,4134.7126719774724,2026-08-20T00:09:10-04:00
02336000,2008-02-28,1480,A,41.908932956160001,3620.9318074122243,2026-08-20T00:09:10-04:00
02336000,2008-02-29,1400,A,39.643585228799999,3425.2057637683201,2026-08-20T00:09:10-04:00
02336000,2008-03-01,1350,A,38.227742899200003,3302.87698649088,2026-08-20T00:09:10-04:00
02336000,2008-03-02,1290,A,36.528732103679999,3156.082453757952,2026-08-20T00:09:10-04:00
02336000,2008-03-03,1390,A,39.36041676288,3400.7400083128323,2026-08-20T00:09:10-04:00
02336000,2008-03-04,3030,A,85.800045173759997,7413.1239030128645,2026-08-20T00:09:10-04:00
02336000,2008-03-05,3320,A,94.011930685440007,8122.6308112220158,2026-08-20T00:09:10-04:00
02336000,2008-03-06,1890,A,53.518840058880002,4624.0277810872321,2026-08-20T00:09:10-04:00
02336000,2008-03-07,2220,A,62.863399434240002,5431.3977111183358,2026-08-20T00:09:10-04:00
02336000,2008-03-08,1950,A,55.217850854399998,4770.8223138201602,2026-08-20T00:09:10-04:00
02336000,2008-03-09,1220,A,34.546552842240004,2984.8221655695361,2026-08-20T00:09:10-04:00
02336000,2008-03-10,1050,A,29.732688921600001,2568.9043228262399,2026-08-20T00:09:10-04:00
02336000,2008-03-11,1060,A,30.015857387520001,2593.3700782817282,2026-08-20T00:09:10-04:00
02336000,2008-03-12,1020,A,28.88318352384,2495.5070564597759,2026-08-20T00:09:10-04:00
02336000,2008-03-13,999,A,28.288529745408002,2444.1289700032512,2026-08-20T00:09:10-04:00
02336000,2008-03-14,1000,A,28.316846592000001,2446.5755455488002,2026-08-20T00:09:10-04:00
02336000,2008-03-15,1240,A,35.112889774080003,3033.7536764805122,2026-08-20T00:09:10-04:00
02336000,2008-03-16,1210,A,34.263384376319998,2960.3564101140482,2026-08-20T00:09:10-04:00
02336000,2008-03-17,1210,A,34.263384376319998,2960.3564101140482,2026-08-20T00:09:10-04:00
02336000,2008-03-18,932,A,26.391301023743999,2280.2084084514818,2026-08-20T00:09:10-04:00
02336000,2008-03-19,1440,A,40.776259092480004,3523.068785590272,2026-08-20T00:09:10-04:00
02336000,2008-03-20,2060,A,58.332703979520005,5039.9456238305283,2026-08-20T00:09:10-04:00
02336000,2008-03-21,1140,A,32.281205114880002,2789.0961219256319,2026-08-20T00:09:10-04:00
02336000,2008-03-22,963,A,27.269123268095999,2356.0522503634943,2026-08-20T00:09:10-04:00
02336000,2008-03-23,865,A,24.494072302079999,2116.2878468997119,2026-08-20T00:09:10-04:00
02336000,2008-03-24,853,A,24.154270142975999,2086.9289403531266,2026-08-20T00:09:10-04:00
02336000,2008-03-25,850,A,24.0693196032,2079.5892137164801,2026-08-20T00:09:10-04:00
02336000,2008-03-26,851,A,24.097636449792002,2082.0357892620291,2026-08-20T00:09:10-04:00
02336000,2008-03-27,847,A,23.984369063424001,2072.2494870798337,2026-08-20T00:09:10-04:00
02336000,2008-03-28,856,A,24.239220682752002,2094.268666989773,2026-08-20T00:09:10-04:00
02336000,2008-03-29,972,A,27.523974887424,2378.0714302734336,2026-08-20T00:09:10-04:00
02336000,2008-03-30,1130,A,31.998036648959999,2764.6303664701441,2026-08-20T00:09:10-04:00
02336000,2008-03-31,949,A,26.872687415808002,2321.8001927258115,2026-08-20T00:09:10-04:00
02336000,2008-04-01,892,A,25.258627160064002,2182.3453866295295,2026-08-20T00:09:10-04:00
02336000,2008-04-02,883,A,25.003775540736001,2160.3262067195906,2026-08-20T00:09:10-04:00
02336000,2008-04-03,859,A,24.324171222528001,2101.6083936264195,2026-08-20T00:09:10-04:00
02336000,2008-04-04,927,A,26.249716790783999,2267.9755307237378,2026-08-20T00:09:10-04:00
02336000,2008-04-05,2080,A,58.899040911360004,5088.8771347415041,2026-08-20T00:09:10-04:00
02336000,2008-04-06,1930,A,54.65151392256,4721.8908029091845,2026-08-20T00:09:10-04:00
02336000,2008-04-07,1120,A,31.71486818304,2740.1646110146562,2026-08-20T00:09:10-04:00
02336000,2008-04-08,922,A,26.108132557824,2255.7426529959935,2026-08-20T00:09:10-04:00
02336000,2008-04-09,828,A,23.446348978176001,2025.7645517144065,2026-08-20T00:09:10-04:00
02336000,2008-04-10,820,A,23.219814205440002,2006.1919473500161,2026-08-20T00:09:10-04:00
02336000,2008-04-11,826,A,23.389715284992,2020.8714006233088,2026-08-20T00:09:10-04:00
02336000,2008-04-12,931,A,26.362984177152001,2277.7618329059328,2026-08-20T00:09:10-04:00
02336000,2008-04-13,908,A,25.711696705535999,2221.4905953583107,2026-08-20T00:09:10-04:00
02336000,2008-04-14,815,A,23.078229972479999,1993.959069622272,2026-08-20T00:09:10-04:00
02336000,2008-04-15,798,A,22.596843580415999,1952.3672853479425,2026-08-20T00:09:10-04:00
02336000,2008-04-16,837,A,23.701200597504002,2047.7837316243456,2026-08-20T00:09:10-04:00
02336000,2008-04-17,816,A,23.106546819072001,1996.4056451678209,2026-08-20T00:09:10-04:00
02336000,2008-04-18,779,A,22.058823495167999,1905.8823499825153,2026-08-20T00:09:10-04:00
02336000,2008-04-19,833,A,23.587933211136001,2037.9974294421504,2026-08-20T00:09:10-04:00
02336000,2008-04-20,788,A,22.313675114496,1927.9015298924544,2026-08-20T00:09:10-04:00
02336000,2008-04-21,773,A,21.888922415616001,1891.2028967092224,2026-08-20T00:09:10-04:00
02336000,2008-04-22,794,A,22.483576194048002,1942.5809831657473,2026-08-20T00:09:10-04:00
02336000,2008-04-23,784,A,22.200407728127999,1918.1152277102592,2026-08-20T00:09:10-04:00
02336000,2008-04-24,877,A,24.833874461183999,2145.6467534462977,2026-08-20T00:09:10-04:00
02336000,2008-04-25,921,A,26.079815711232001,2253.296077450445,2026-08-20T00:09:10-04:00
02336000,2008-04-26,1240,A,35.112889774080003,3033.7536764805122,2026-08-20T00:09:10-04:00
02336000,2008-04-27,1350,A,38.227742899200003,3302.87698649088,2026-08-20T00:09:10-04:00
02336000,2008-04-28,1440,A,40.776259092480004,3523.068785590272,2026-08-20T00:09:10-04:00
02336000,2008-04-29,1190,A,33.697047444479999,2911.4248992030721,2026-08-20T00:09:10-04:00
02336000,2008-04-30,863,A,24.437438608896002,2111.3946958086144,2026-08-20T00:09:10-04:00
02336000,2008-05-01,911,A,25.796647245312002,2228.8303219949566,2026-08-20T00:09:10-04:00
02336000,2008-05-02,981,A,27.778826506752001,2400.090610183373,2026-08-20T00:09:10-04:00
02336000,2008-05-03,980,A,27.750509660160002,2397.644034637824,2026-08-20T00:09:10-04:00
02336000,2008-05-04,975,A,27.608925427199999,2385.4111569100801,2026-08-20T00:09:10-04:00
02336000,2008-05-05,965,A,27.32575696128,2360.9454014545922,2026-08-20T00:09:10-04:00
02336000,2008-05-06,979,A,27.722192813568,2395.1974590922755,2026-08-20T00:09:10-04:00
02336000,2008-05-07,986,A,27.920410739712,2412.3234879111169,2026-08-20T00:09:10-04:00
02336000,2008-05-08,988,A,27.977044432896001,2417.2166390022144,2026-08-20T00:09:10-04:00
02336000,2008-05-09,1030,A,29.166351989760003,2519.9728119152642,2026-08-20T00:09:10-04:00
02336000,2008-05-10,957,A,27.099222188544001,2341.3727970902019,2026-08-20T00:09:10-04:00
02336000,2008-05-11,1270,A,35.962395171840001,3107.1509428469762,2026-08-20T00:09:10-04:00
02336000,2008-05-12,1510,A,42.758438353919999,3694.3290737786883,2026-08-20T00:09:10-04:00
02336000,2008-05-13,910,A,25.76833039872,2226.3837464494081,2026-08-20T00:09:10-04:00
02336000,2008-05-14,812,A,22.993279432704,1986.6193429856257,2026-08-20T00:09:10-04:00
02336000,2008-05-15,1050,A,29.732688921600001,2568.9043228262399,2026-08-20T00:09:10-04:00
02336000,2008-05-16,1530,A,43.324775285759998,3743.260584689664,2026-08-20T00:09:10-04:00
02336000,2008-05-17,984,A,27.863777046528,2407.4303368200194,2026-08-20T00:09:10-04:00
02336000,2008-05-18,882,A,24.975458694144002,2157.8796311740416,2026-08-20T00:09:10-04:00
02336000,2008-05-19,914,A,25.881597785088001,2236.1700486316031,2026-08-20T00:09:10-04:00
02336000,2008-05-20,985,A,27.892093893120002,2409.8769123655679,2026-08-20T00:09:10-04:00
02336000,2008-05-21,1860,A,52.669334661120004,4550.6305147207686,2026-08-20T00:09:10-04:00
02336000,2008-05-22,1000,A,28.316846592000001,2446.5755455488002,2026-08-20T00:09:10-04:00
02336000,2008-05-23,1630,A,46.156459944959998,3987.9181392445439,2026-08-20T00:09:10-04:00
02336000,2008-05-24,1570,A,44.457449149440002,3841.1236065116163,2026-08-20T00:09:10-04:00
02336000,2008-05-25,859,A,24.324171222528001,2101.6083936264195,2026-08-20T00:09:10-04:00
02336000,2008-05-26,809,A,22.908328892928001,1979.2796163489793,2026-08-20T00:09:10-04:00
02336000,2008-05-27,752,A,21.294268637184,1839.8248102526977,2026-08-20T00:09:10-04:00
02336000,2008-05-28,772,A,21.860605569023999,1888.7563211636736,2026-08-20T00:09:10-04:00
02336000,2008-05-29,743,A,21.039417017856,1817.8056303427584,2026-08-20T00:09:10-04:00
02336000,2008-05-30,752,A,21.294268637184,1839.8248102526977,2026-08-20T00:09:10-04:00
02336000,2008-05-31,725,A,20.529713779200002,1773.7672705228802,2026-08-20T00:09:10-04:00
02336000,2008-06-01,833,A,23.587933211136001,2037.9974294421504,2026-08-20T00:09:10-04:00
02336000,2008-06-02,841,A,23.814467983871999,2057.5700338065408,2026-08-20T00:09:10-04:00
02336000,2008-06-03,786,A,22.257041421312,1923.0083788013569,2026-08-20T00:09:10-04:00
02336000,2008-06-04,1020,A,28.88318352384,2495.5070564597759,2026-08-20T00:09:10-04:00
02336000,2008-06-05,893,A,25.286944006656,2184.7919621750784,2026-08-20T00:09:10-04:00
02336000,2008-06-06,984,A,27.863777046528,2407.4303368200194,2026-08-20T00:09:10-04:00
02336000,2008-06-07,936,A,26.504568410112,2289.9947106336767,2026-08-20T00:09:10-04:00
02336000,2008-06-08,933,A,26.419617870336001,2282.6549839970303,2026-08-20T00:09:10-04:00
02336000,2008-06-09,951,A,26.929321108991999,2326.693343816909,2026-08-20T00:09:10-04:00
02336000,2008-06-10,1020,A,28.88318352384,2495.5070564597759,2026-08-20T00:09:10-04:00
02336000,2008-06-11,1070,A,30.29902585344,2617.835833737216,2026-08-20T00:09:10-04:00
02336000,2008-06-12,1220,A,34.546552842240004,2984.8221655695361,2026-08-20T00:09:10-04:00
02336000,2008-06-13,1030,A,29.166351989760003,2519.9728119152642,2026-08-20T00:09:10-04:00
02336000,2008-06-14,1070,A,30.29902585344,2617.835833737216,2026-08-20T00:09:10-04:00
02336000,2008-06-15,1080,A,30.582194319359999,2642.3015891927039,2026-08-20T00:09:10-04:00
02336000,2008-06-16,1040,A,29.449520455680002,2544.438567370752,2026-08-20T00:09:10-04:00
02336000,2008-06-17,1040,A,29.449520455680002,2544.438567370752,2026-08-20T00:09:10-04:00
02336000,2008-06-18,1050,A,29.732688921600001,2568.9043228262399,2026-08-20T00:09:10-04:00
02336000,2008-06-19,1050,A,29.732688921600001,2568.9043228262399,2026-08-20T00:09:10-04:00
02336000,2008-06-20,1070,A,30.29902585344,2617.835833737216,2026-08-20T00:09:10-04:00
02336000,2008-06-21,1070,A,30.29902585344,2617.835833737216,2026-08-20T00:09:10-04:00
02336000,2008-06-22,1290,A,36.528732103679999,3156.082453757952,2026-08-20T00:09:10-04:00
02336000,2008-06-23,1130,A,31.998036648959999,2764.6303664701441,2026-08-20T00:09:10-04:00
02336000,2008-06-24,1120,A,31.71486818304,2740.1646110146562,2026-08-20T00:09:10-04:00
02336000,2008-06-25,1140,A,32.281205114880002,2789.0961219256319,2026-08-20T00:09:10-04:00
02336000,2008-06-26,1140,A,32.281205114880002,2789.0961219256319,2026-08-20T00:09:10-04:00
02336000,2008-06-27,1120,A,31.71486818304,2740.1646110146562,2026-08-20T00:09:10-04:00
02336000,2008-06-28,1340,A,37.944574433280003,3278.4112310353921,2026-08-20T00:09:10-04:00
02336000,2008-06-29,1170,A,33.13071051264,2862.4933882920959,2026-08-20T00:09:10-04:00
02336000,2008-06-30,1180,A,33.41387897856,2886.9591437475842,2026-08-20T00:09:10-04:00
02336000,2008-07-01,1130,A,31.998036648959999,2764.6303664701441,2026-08-20T00:09:10-04:00
02336000,2008-07-02,1010,A,28.60001505792,2471.041301004288,2026-08-20T00:09:10-04:00
02336000,2008-07-03,989,A,28.005361279488,2419.6632145477633,2026-08-20T00:09:10-04:00
02336000,2008-07-04,989,A,28.005361279488,2419.6632145477633,2026-08-20T00:09:10-04:00
02336000,2008-07-05,989,A,28.005361279488,2419.6632145477633,2026-08-20T00:09:10-04:00
02336000,2008-07-06,1010,A,28.60001505792,2471.041301004288,2026-08-20T00:09:10-04:00
02336000,2008-07-07,1230,A,34.829721308160003,3009.2879210250239,2026-08-20T00:09:10-04:00
02336000,2008-07-08,1250,A,35.396058240000002,3058.2194319360001,2026-08-20T00:09:10-04:00
02336000,2008-07-09,1670,A,47.289133808640003,4085.7811610664962,2026-08-20T00:09:10-04:00
02336000,2008-07-10,2090,A,59.182209377280003,5113.3428901969919,2026-08-20T00:09:10-04:00
02336000,2008-07-11,1450,A,41.059427558400003,3547.5345410457603,2026-08-20T00:09:10-04:00
02336000,2008-07-12,1040,A,29.449520455680002,2544.438567370752,2026-08-20T00:09:10-04:00
02336000,2008-07-13,1730,A,48.988144604159999,4232.5756937994238,2026-08-20T00:09:10-04:00
02336000,2008-07-14,1620,A,45.873291479039999,3963.4523837890561,2026-08-20T00:09:10-04:00
02336000,2008-07-15,1030,A,29.166351989760003,2519.9728119152642,2026-08-20T00:09:10-04:00
02336000,2008-07-16,990,A,28.033678126080002,2422.1097900933119,2026-08-20T00:09:10-04:00
02336000,2008-07-17,1010,A,28.60001505792,2471.041301004288,2026-08-20T00:09:10-04:00
02336000,2008-07-18,996,A,28.203579205632,2436.7892433666048,2026-08-20T00:09:10-04:00
02336000,2008-07-19,1000,A,28.316846592000001,2446.5755455488002,2026-08-20T00:09:10-04:00
02336000,2008-07-20,1020,A,28.88318352384,2495.5070564597759,2026-08-20T00:09:10-04:00
02336000,2008-07-21,1040,A,29.449520455680002,2544.438567370752,2026-08-20T00:09:10-04:00
02336000,2008-07-22,1210,A,34.263384376319998,2960.3564101140482,2026-08-20T00:09:10-04:00
02336000,2008-07-23,1190,A,33.697047444479999,2911.4248992030721,2026-08-20T00:09:10-04:00
02336000,2008-07-24,1080,A,30.582194319359999,2642.3015891927039,2026-08-20T00:09:10-04:00
02336000,2008-07-25,987,A,27.948727586303999,2414.7700634566659,2026-08-20T00:09:10-04:00
02336000,2008-07-26,969,A,27.439024347648001,2370.7317036367872,2026-08-20T00:09:10-04:00
02336000,2008-07-27,1000,A,28.316846592000001,2446.5755455488002,2026-08-20T00:09:10-04:00
02336000,2008-07-28,1010,A,28.60001505792,2471.041301004288,2026-08-20T00:09:10-04:00
02336000,2008-07-29,1020,A,28.88318352384,2495.5070564597759,2026-08-20T00:09:10-04:00
02336000,2008-07-30,1140,A,32.281205114880002,2789.0961219256319,2026-08-20T00:09:10-04:00
02336000,2008-07-31,1200,A,33.980215910399998,2935.8906546585599,2026-08-20T00:09:10-04:00
02336000,2008-08-01,1140,A,32.281205114880002,2789.0961219256319,2026-08-20T00:09:10-04:00
02336000,2008-08-02,1090,A,30.865362785280002,2666.7673446481922,2026-08-20T00:09:10-04:00
02336000,2008-08-03,1130,A,31.998036648959999,2764.6303664701441,2026-08-20T00:09:10-04:00
02336000,2008-08-04,1070,A,30.29902585344,2617.835833737216,2026-08-20T00:09:10-04:00
02336000,2008-08-05,1050,A,29.732688921600001,2568.9043228262399,2026-08-20T00:09:10-04:00
02336000,2008-08-06,1070,A,30.29902585344,2617.835833737216,2026-08-20T00:09:10-04:00
02336000,2008-08-07,1150,A,32.564373580800002,2813.5618773811202,2026-08-20T00:09:10-04:00
02336000,2008-08-08,1240,A,35.112889774080003,3033.7536764805122,2026-08-20T00:09:10-04:00
02336000,2008-08-09,949,A,26.872687415808002,2321.8001927258115,2026-08-20T00:09:10-04:00
02336000,2008-08-10,979,A,27.722192813568,2395.1974590922755,2026-08-20T00:09:10-04:00
02336000,2008-08-11,983,A,27.835460199936001,2404.9837612744705,2026-08-20T00:09:10-04:00
02336000,2008-08-12,1000,A,28.316846592000001,2446.5755455488002,2026-08-20T00:09:10-04:00
02336000,2008-08-13,1030,A,29.166351989760003,2519.9728119152642,2026-08-20T00:09:10-04:00
02336000,2008-08-14,1020,A,28.88318352384,2495.5070564597759,2026-08-20T00:09:10-04:00
02336000,2008-08-15,1020,A,28.88318352384,2495.5070564597759,2026-08-20T00:09:10-04:00
02336000,2008-08-16,1130,A,31.998036648959999,2764.6303664701441,2026-08-20T00:09:10-04:00
02336000,2008-08-17,1030,A,29.166351989760003,2519.9728119152642,2026-08-20T00:09:10-04:00
02336000,2008-08-18,1030,A,29.166351989760003,2519.9728119152642,2026-08-20T00:09:10-04:00
02336000,2008-08-19,1030,A,29.166351989760003,2519.9728119152642,2026-08-20T00:09:10-04:00
02336000,2008-08-20,1040,A,29.449520455680002,2544.438567370752,2026-08-20T00:09:10-04:00
02336000,2008-08-21,1040,A,29.449520455680002,2544.438567370752,2026-08-20T00:09:10-04:00
02336000,2008-08-22,1030,A,29.166351989760003,2519.9728119152642,2026-08-20T00:09:10-04:00
02336000,2008-08-23,966,A,27.354073807872002,2363.3919770001407,2026-08-20T00:09:10-04:00
02336000,2008-08-24,1090,A,30.865362785280002,2666.7673446481922,2026-08-20T00:09:10-04:00
02336000,2008-08-25,2340,A,66.261421025280001,5724.9867765841918,2026-08-20T00:09:10-04:00
02336000,2008-08-26,4180,A,118.36441875456001,10226.685780393984,2026-08-20T00:09:10-04:00
02336000,2008-08-27,3440,A,97.409952276479999,8416.2198766878719,2026-08-20T00:09:10-04:00
02336000,2008-08-28,1690,A,47.855470740480001,4134.7126719774724,2026-08-20T00:09:10-04:00
02336000,2008-08-29,894,A,25.315260853248002,2187.2385377206274,2026-08-20T00:09:10-04:00
02336000,2008-08-30,921,A,26.079815711232001,2253.296077450445,2026-08-20T00:09:10-04:00
02336000,2008-08-31,991,A,28.061994972672,2424.5563656388608,2026-08-20T00:09:10-04:00
02336000,2008-09-01,897,A,25.400211393024001,2194.5782643572738,2026-08-20T00:09:10-04:00
02336000,2008-09-02,910,A,25.76833039872,2226.3837464494081,2026-08-20T00:09:10-04:00
02336000,2008-09-03,944,A,26.731103182847999,2309.5673149980671,2026-08-20T00:09:10-04:00
02336000,2008-09-04,953,A,26.985954802176,2331.5864949080064,2026-08-20T00:09:10-04:00
02336000,2008-09-05,953,A,26.985954802176,2331.5864949080064,2026-08-20T00:09:10-04:00
02336000,2008-09-06,947,A,26.816053722624002,2316.9070416347136,2026-08-20T00:09:10-04:00
02336000,2008-09-07,945,A,26.759420029440001,2312.0138905436161,2026-08-20T00:09:10-04:00
02336000,2008-09-08,957,A,27.099222188544001,2341.3727970902019,2026-08-20T00:09:10-04:00
02336000,2008-09-09,973,A,27.552291734016002,2380.5180058189826,2026-08-20T00:09:10-04:00
02336000,2008-09-10,1050,A,29.732688921600001,2568.9043228262399,2026-08-20T00:09:10-04:00
02336000,2008-09-11,931,A,26.362984177152001,2277.7618329059328,2026-08-20T00:09:10-04:00
02336000,2008-09-12,933,A,26.419617870336001,2282.6549839970303,2026-08-20T00:09:10-04:00
02336000,2008-09-13,932,A,26.391301023743999,2280.2084084514818,2026-08-20T00:09:10-04:00
02336000,2008-09-14,928,A,26.278033637376002,2270.4221062692864,2026-08-20T00:09:10-04:00
02336000,2008-09-15,926,A,26.221399944192001,2265.5289551781889,2026-08-20T00:09:10-04:00
02336000,2008-09-16,931,A,26.362984177152001,2277.7618329059328,2026-08-20T00:09:10-04:00
02336000,2008-09-17,930,A,26.334667330560002,2275.3152573603843,2026-08-20T00:09:10-04:00
02336000,2008-09-18,927,A,26.249716790783999,2267.9755307237378,2026-08-20T00:09:10-04:00
02336000,2008-09-19,944,A,26.731103182847999,2309.5673149980671,2026-08-20T00:09:10-04:00
02336000,2008-09-20,918,A,25.994865171456002,2245.9563508137985,2026-08-20T00:09:10-04:00
02336000,2008-09-21,918,A,25.994865171456002,2245.9563508137985,2026-08-20T00:09:10-04:00
02336000,2008-09-22,929,A,26.306350483968,2272.8686818148353,2026-08-20T00:09:10-04:00
02336000,2008-09-23,932,A,26.391301023743999,2280.2084084514818,2026-08-20T00:09:10-04:00
02336000,2008-09-24,936,A,26.504568410112,2289.9947106336767,2026-08-20T00:09:10-04:00
02336000,2008-09-25,940,A,26.617835796480001,2299.7810128158721,2026-08-20T00:09:10-04:00
02336000,2008-09-26,942,A,26.674469489664002,2304.6741639069696,2026-08-20T00:09:10-04:00
02336000,2008-09-27,1020,A,28.88318352384,2495.5070564597759,2026-08-20T00:09:10-04:00
02336000,2008-09-28,929,A,26.306350483968,2272.8686818148353,2026-08-20T00:09:10-04:00
02336000,2008-09-29,937,A,26.532885256704002,2292.4412861792257,2026-08-20T00:09:10-04:00
02336000,2008-09-30,925,A,26.193083097600002,2263.0823796326399,2026-08-20T00:09:10-04:00
02336000,2008-10-01,922,A,26.108132557824,2255.7426529959935,2026-08-20T00:09:10-04:00
02336000,2008-10-02,922,A,26.108132557824,2255.7426529959935,2026-08-20T00:09:10-04:00
02336000,2008-10-03,919,A,26.023182018048001,2248.4029263593475,2026-08-20T00:09:10-04:00
02336000,2008-10-04,924,A,26.164766251008,2260.6358040870914,2026-08-20T00:09:10-04:00
02336000,2008-10-05,916,A,25.938231478272002,2241.063199722701,2026-08-20T00:09:10-04:00
02336000,2008-10-06,923,A,26.136449404416002,2258.1892285415424,2026-08-20T00:09:10-04:00
02336000,2008-10-07,920,A,26.051498864639999,2250.849501904896,2026-08-20T00:09:10-04:00
02336000,2008-10-08,1760,A,49.837650001920004,4305.9729601658883,2026-08-20T00:09:10-04:00
02336000,2008-10-09,2010,A,56.916861649920001,4917.6168465530882,2026-08-20T00:09:10-04:00
02336000,2008-10-10,1080,A,30.582194319359999,2642.3015891927039,2026-08-20T00:09:10-04:00
02336000,2008-10-11,875,A,24.777240768000002,2140.7536023552002,2026-08-20T00:09:10-04:00
02336000,2008-10-12,861,A,24.380804915712002,2106.5015447175169,2026-08-20T00:09:10-04:00
02336000,2008-10-13,879,A,24.890508154368,2150.5399045373952,2026-08-20T00:09:10-04:00
02336000,2008-10-14,883,A,25.003775540736001,2160.3262067195906,2026-08-20T00:09:10-04:00
02336000,2008-10-15,888,A,25.145359773696001,2172.5590844473345,2026-08-20T00:09:10-04:00
02336000,2008-10-16,1040,A,29.449520455680002,2544.438567370752,2026-08-20T00:09:10-04:00
02336000,2008-10-17,1180,A,33.41387897856,2886.9591437475842,2026-08-20T00:09:10-04:00
02336000,2008-10-18,1090,A,30.865362785280002,2666.7673446481922,2026-08-20T00:09:10-04:00
02336000,2008-10-19,1060,A,30.015857387520001,2593.3700782817282,2026-08-20T00:09:10-04:00
02336000,2008-10-20,1050,A,29.732688921600001,2568.9043228262399,2026-08-20T00:09:10-04:00
02336000,2008-10-21,1060,A,30.015857387520001,2593.3700782817282,2026-08-20T00:09:10-04:00
02336000,2008-10-22,1050,A,29.732688921600001,2568.9043228262399,2026-08-20T00:09:10-04:00
02336000,2008-10-23,1040,A,29.449520455680002,2544.438567370752,2026-08-20T00:09:10-04:00
02336000,2008-10-24,1230,A,34.829721308160003,3009.2879210250239,2026-08-20T00:09:10-04:00
02336000,2008-10-25,1110,A,31.431699717120001,2715.6988555591679,2026-08-20T00:09:10-04:00
02336000,2008-10-26,1100,A,31.148531251200001,2691.23310010368,2026-08-20T00:09:10-04:00
02336000,2008-10-27,1060,A,30.015857387520001,2593.3700782817282,2026-08-20T00:09:10-04:00
02336000,2008-10-28,1070,A,30.29902585344,2617.835833737216,2026-08-20T00:09:10-04:00
02336000,2008-10-29,1070,A,30.29902585344,2617.835833737216,2026-08-20T00:09:10-04:00
02336000,2008-10-30,1100,A,31.148531251200001,2691.23310010368,2026-08-20T00:09:10-04:00
02336000,2008-10-31,1080,A,30.582194319359999,2642.3015891927039,2026-08-20T00:09:10-04:00
02336000,2008-11-01,1080,A,30.582194319359999,2642.3015891927039,2026-08-20T00:09:10-04:00
02336000,2008-11-02,1060,A,30.015857387520001,2593.3700782817282,2026-08-20T00:09:10-04:00
02336000,2008-11-03,1080,A,30.582194319359999,2642.3015891927039,2026-08-20T00:09:10-04:00
02336000,2008-11-04,1090,A,30.865362785280002,2666.7673446481922,2026-08-20T00:09:10-04:00
02336000,2008-11-05,1080,A,30.582194319359999,2642.3015891927039,2026-08-20T00:09:10-04:00
02336000,2008-11-06,1100,A,31.148531251200001,2691.23310010368,2026-08-20T00:09:10-04:00
02336000,2008-11-07,1090,A,30.865362785280002,2666.7673446481922,2026-08-20T00:09:10-04:00
02336000,2008-11-08,1190,A,33.697047444479999,2911.4248992030721,2026-08-20T00:09:10-04:00
02336000,2008-11-09,1060,A,30.015857387520001,2593.3700782817282,2026-08-20T00:09:10-04:00
02336000,2008-11-10,1060,A,30.015857387520001,2593.3700782817282,2026-08-20T00:09:10-04:00
02336000,2008-11-11,1160,A,32.847542046720001,2838.0276328366081,2026-08-20T00:09:10-04:00
02336000,2008-11-12,1400,A,39.643585228799999,3425.2057637683201,2026-08-20T00:09:10-04:00
02336000,2008-11-13,1160,A,32.847542046720001,2838.0276328366081,2026-08-20T00:09:10-04:00
02336000,2008-11-14,1100,A,31.148531251200001,2691.23310010368,2026-08-20T00:09:10-04:00
02336000,2008-11-15,1340,A,37.944574433280003,3278.4112310353921,2026-08-20T00:09:10-04:00
02336000,2008-11-16,1170,A,33.13071051264,2862.4933882920959,2026-08-20T00:09:10-04:00
02336000,2008-11-17,905,A,25.62674616576,2214.1508687216642,2026-08-20T00:09:10-04:00
02336000,2008-11-18,1130,A,31.998036648959999,2764.6303664701441,2026-08-20T00:09:10-04:00
02336000,2008-11-19,1030,A,29.166351989760003,2519.9728119152642,2026-08-20T00:09:10-04:00
02336000,2008-11-20,930,A,26.334667330560002,2275.3152573603843,2026-08-20T00:09:10-04:00
02336000,2008-11-21,907,A,25.683379858944001,2219.0440198127617,2026-08-20T00:09:10-04:00
02336000,2008-11-22,894,A,25.315260853248002,2187.2385377206274,2026-08-20T00:09:10-04:00
02336000,2008-11-23,897,A,25.400211393024001,2194.5782643572738,2026-08-20T00:09:10-04:00
02336000,2008-11-24,1080,A,30.582194319359999,2642.3015891927039,2026-08-20T00:09:10-04:00
02336000,2008-11-25,1100,A,31.148531251200001,2691.23310010368,2026-08-20T00:09:10-04:00
02336000,2008-11-26,896,A,25.371894546431999,2192.1316888117249,2026-08-20T00:09:10-04:00
02336000,2008-11-27,868,A,24.579022841856002,2123.6275735363583,2026-08-20T00:09:10-04:00
02336000,2008-11-28,843,A,23.871101677056,2062.4631848976383,2026-08-20T00:09:10-04:00
02336000,2008-11-29,1130,A,31.998036648959999,2764.6303664701441,2026-08-20T00:09:10-04:00
02336000,2008-11-30,1440,A,40.776259092480004,3523.068785590272,2026-08-20T00:09:10-04:00
02336000,2008-12-01,1060,A,30.015857387520001,2593.3700782817282,2026-08-20T00:09:10-04:00
02336000,2008-12-02,851,A,24.097636449792002,2082.0357892620291,2026-08-20T00:09:10-04:00
02336000,2008-12-03,848,A,24.012685910016,2074.6960626253826,2026-08-20T00:09:10-04:00
02336000,2008-12-04,914,A,25.881597785088001,2236.1700486316031,2026-08-20T00:09:10-04:00
02336000,2008-12-05,1010,A,28.60001505792,2471.041301004288,2026-08-20T00:09:10-04:00
02336000,2008-12-06,882,A,24.975458694144002,2157.8796311740416,2026-08-20T00:09:10-04:00
02336000,2008-12-07,846,A,23.956052216831999,2069.8029115342847,2026-08-20T00:09:10-04:00
02336000,2008-12-08,845,A,23.927735370240001,2067.3563359887362,2026-08-20T00:09:10-04:00
02336000,2008-12-09,861,A,24.380804915712002,2106.5015447175169,2026-08-20T00:09:10-04:00
02336000,2008-12-10,2770,A,78.43766505984,6777.0142611701758,2026-08-20T00:09:10-04:00
02336000,2008-12-11,4800,A,135.92086364159999,11743.56261863424,2026-08-20T00:09:10-04:00
02336000,2008-12-12,3000,A,84.950539775999999,7339.7266366464,2026-08-20T00:09:10-04:00
02336000,2008-12-13,1270,A,35.962395171840001,3107.1509428469762,2026-08-20T00:09:10-04:00
02336000,2008-12-14,1320,A,37.378237501440005,3229.479720124416,2026-08-20T00:09:10-04:00
02336000,2008-12-15,1050,A,29.732688921600001,2568.9043228262399,2026-08-20T00:09:10-04:00
02336000,2008-12-16,828,A,23.446348978176001,2025.7645517144065,2026-08-20T00:09:10-04:00
02336000,2008-12-17,794,A,22.483576194048002,1942.5809831657473,2026-08-20T00:09:10-04:00
02336000,2008-12-18,820,A,23.219814205440002,2006.1919473500161,2026-08-20T00:09:10-04:00
02336000,2008-12-19,808,A,22.880012046336002,1976.8330408034305,2026-08-20T00:09:10-04:00
02336000,2008-12-20,765,A,21.662387642879999,1871.630292344832,2026-08-20T00:09:10-04:00
02336000,2008-12-21,1260,A,35.679226705920001,3082.6851873914879,2026-08-20T00:09:10-04:00
02336000,2008-12-22,1030,A,29.166351989760003,2519.9728119152642,2026-08-20T00:09:10-04:00
02336000,2008-12-23,1080,A,30.582194319359999,2642.3015891927039,2026-08-20T00:09:10-04:00
02336000,2008-12-24,806,A,22.823378353152002,1971.9398897123328,2026-08-20T00:09:10-04:00
02336000,2008-12-25,972,A,27.523974887424,2378.0714302734336,2026-08-20T00:09:10-04:00
02336000,2008-12-26,808,A,22.880012046336002,1976.8330408034305,2026-08-20T00:09:10-04:00
02336000,2008-12-27,795,A,22.51189304064,1945.027558711296,2026-08-20T00:09:10-04:00
02336000,2008-12-28,824,A,23.333081591808,2015.9782495322113,2026-08-20T00:09:10-04:00
02336000,2008-12-29,852,A,24.125953296384001,2084.4823648075776,2026-08-20T00:09:10-04:00
02336000,2008-12-30,814,A,23.049913125888001,1991.5124940767232,2026-08-20T00:09:10-04:00
02336000,2008-12-31,794,A,22.483576194048002,1942.5809831657473,2026-08-20T00:09:10-04:00
02336000,2009-01-01,768,A,21.747338182656001,1878.9700189814785,2026-08-20T00:09:10-04:00
02336000,2009-01-02,805,A,22.79506150656,1969.4933141667841,2026-08-20T00:09:10-04:00
02336000,2009-01-03,811,A,22.964962586112001,1984.1727674400768,2026-08-20T00:09:10-04:00
02336000,2009-01-04,818,A,23.163180512256002,2001.2987962589184,2026-08-20T00:09:10-04:00
02336000,2009-01-05,907,A,25.683379858944001,2219.0440198127617,2026-08-20T00:09:10-04:00
02336000,2009-01-06,3670,A,103.92282699264,8978.932252164097,2026-08-20T00:09:10-04:00
02336000,2009-01-07,5710,A,161.68919404032002,13969.946365083648,2026-08-20T00:09:10-04:00
02336000,2009-01-08,3470,A,98.259457674239997,8489.6171430543363,2026-08-20T00:09:10-04:00
02336000,2009-01-09,1680,A,47.572302274560002,4110.2469165219845,2026-08-20T00:09:10-04:00
02336000,2009-01-10,1030,A,29.166351989760003,2519.9728119152642,2026-08-20T00:09:10-04:00
02336000,2009-01-11,1970,A,55.784187786240004,4819.7538247311359,2026-08-20T00:09:10-04:00
02336000,2009-01-12,1240,A,35.112889774080003,3033.7536764805122,2026-08-20T00:09:10-04:00
02336000,2009-01-13,1010,A,28.60001505792,2471.041301004288,2026-08-20T00:09:10-04:00
02336000,2009-01-14,965,A,27.32575696128,2360.9454014545922,2026-08-20T00:09:10-04:00
02336000,2009-01-15,884,A,25.032092387327999,2162.7727822651391,2026-08-20T00:09:10-04:00
02336000,2009-01-16,802,A,22.710110966784001,1962.1535875301377,2026-08-20T00:09:10-04:00
02336000,2009-01-17,809,A,22.908328892928001,1979.2796163489793,2026-08-20T00:09:10-04:00
02336000,2009-01-18,818,A,23.163180512256002,2001.2987962589184,2026-08-20T00:09:10-04:00
02336000,2009-01-19,813,A,23.021596279296002,1989.0659185311745,2026-08-20T00:09:10-04:00
02336000,2009-01-20,819,A,23.191497358848,2003.7453718044674,2026-08-20T00:09:10-04:00
02336000,2009-01-21,819,A,23.191497358848,2003.7453718044674,2026-08-20T00:09:10-04:00
02336000,2009-01-22,818,A,23.163180512256002,2001.2987962589184,2026-08-20T00:09:10-04:00
02336000,2009-01-23,813,A,23.021596279296002,1989.0659185311745,2026-08-20T00:09:10-04:00
02336000,2009-01-24,819,A,23.191497358848,2003.7453718044674,2026-08-20T00:09:10-04:00
02336000,2009-01-25,816,A,23.106546819072001,1996.4056451678209,2026-08-20T00:09:10-04:00
02336000,2009-01-26,813,A,23.021596279296002,1989.0659185311745,2026-08-20T00:09:10-04:00
02336000,2009-01-27,842,A,23.842784830464002,2060.0166093520897,2026-08-20T00:09:10-04:00
02336000,2009-01-28,882,A,24.975458694144002,2157.8796311740416,2026-08-20T00:09:10-04:00
02336000,2009-01-29,862,A,24.409121762304,2108.9481202630654,2026-08-20T00:09:10-04:00
02336000,2009-01-30,833,A,23.587933211136001,2037.9974294421504,2026-08-20T00:09:10-04:00
02336000,2009-01-31,825,A,23.361398438400002,2018.42482507776,2026-08-20T00:09:10-04:00
02336000,2009-02-01,805,A,22.79506150656,1969.4933141667841,2026-08-20T00:09:10-04:00
02336000,2009-02-02,830,A,23.502982671360002,2030.657702805504,2026-08-20T00:09:10-04:00
02336000,2009-02-03,859,A,24.324171222528001,2101.6083936264195,2026-08-20T00:09:10-04:00
02336000,2009-02-04,835,A,23.644566904320001,2042.8905805332481,2026-08-20T00:09:10-04:00
02336000,2009-02-05,857,A,24.267537529344001,2096.7152425353215,2026-08-20T00:09:10-04:00
02336000,2009-02-06,856,A,24.239220682752002,2094.268666989773,2026-08-20T00:09:10-04:00
02336000,2009-02-07,827,A,23.418032131583999,2023.3179761688577,2026-08-20T00:09:10-04:00
02336000,2009-02-08,818,A,23.163180512256002,2001.2987962589184,2026-08-20T00:09:10-04:00
02336000,2009-02-09,830,A,23.502982671360002,2030.657702805504,2026-08-20T00:09:10-04:00
02336000,2009-02-10,848,A,24.012685910016,2074.6960626253826,2026-08-20T00:09:10-04:00
02336000,2009-02-11,873,A,24.720607074816002,2135.8604512641023,2026-08-20T00:09:10-04:00
02336000,2009-02-12,855,A,24.21090383616,2091.822091444224,2026-08-20T00:09:10-04:00
02336000,2009-02-13,842,A,23.842784830464002,2060.0166093520897,2026-08-20T00:09:10-04:00
02336000,2009-02-14,895,A,25.343577699840001,2189.6851132661759,2026-08-20T00:09:10-04:00
02336000,2009-02-15,835,A,23.644566904320001,2042.8905805332481,2026-08-20T00:09:10-04:00
02336000,2009-02-16,842,A,23.842784830464002,2060.0166093520897,2026-08-20T00:09:10-04:00
02336000,2009-02-17,841,A,23.814467983871999,2057.5700338065408,2026-08-20T00:09:10-04:00
02336000,2009-02-18,1060,A,30.015857387520001,2593.3700782817282,2026-08-20T00:09:10-04:00
02336000,2009-02-19,1280,A,36.24556363776,3131.6166983024641,2026-08-20T00:09:10-04:00
02336000,2009-02-20,868,A,24.579022841856002,2123.6275735363583,2026-08-20T00:09:10-04:00
02336000,2009-02-21,842,A,23.842784830464002,2060.0166093520897,2026-08-20T00:09:10-04:00
02336000,2009-02-22,829,A,23.474665824768,2028.2111272599552,2026-08-20T00:09:10-04:00
02336000,2009-02-23,824,A,23.333081591808,2015.9782495322113,2026-08-20T00:09:10-04:00
02336000,2009-02-24,845,A,23.927735370240001,2067.3563359887362,2026-08-20T00:09:10-04:00
02336000,2009-02-25,981,A,27.778826506752001,2400.090610183373,2026-08-20T00:09:10-04:00
02336000,2009-02-26,1350,A,38.227742899200003,3302.87698649088,2026-08-20T00:09:10-04:00
02336000,2009-02-27,1290,A,36.528732103679999,3156.082453757952,2026-08-20T00:09:10-04:00
02336000,2009-02-28,4100,A,116.0990710272,10030.959736750081,2026-08-20T00:09:10-04:00
02336000,2009-03-01,3900,A,110.4357017088,9541.6446276403203,2026-08-20T00:09:10-04:00
02336000,2009-03-02,3960,A,112.13471250432001,9688.4391603732474,2026-08-20T00:09:10-04:00
02336000,2009-03-03,1950,A,55.217850854399998,4770.8223138201602,2026-08-20T00:09:10-04:00
02336000,2009-03-04,1150,A,32.564373580800002,2813.5618773811202,2026-08-20T00:09:10-04:00
02336000,2009-03-05,1090,A,30.865362785280002,2666.7673446481922,2026-08-20T00:09:10-04:00
02336000,2009-03-06,1010,A,28.60001505792,2471.041301004288,2026-08-20T00:09:10-04:00
02336000,2009-03-07,901,A,25.513478779391999,2204.3645665394688,2026-08-20T00:09:10-04:00
02336000,2009-03-08,941,A,26.646152643072,2302.2275883614207,2026-08-20T00:09:10-04:00
02336000,2009-03-09,878,A,24.862191307776001,2148.0933289918466,2026-08-20T00:09:10-04:00
02336000,2009-03-10,878,A,24.862191307776001,2148.0933289918466,2026-08-20T00:09:10-04:00
02336000,2009-03-11,878,A,24.862191307776001,2148.0933289918466,2026-08-20T00:09:10-04:00
02336000,2009-03-12,885,A,25.060409233920002,2165.2193578106881,2026-08-20T00:09:10-04:00
02336000,2009-03-13,879,A,24.890508154368,2150.5399045373952,2026-08-20T00:09:10-04:00
02336000,2009-03-14,938,A,26.561202103296001,2294.8878617247747,2026-08-20T00:09:10-04:00
02336000,2009-03-15,2420,A,68.526768752639995,5920.7128202280965,2026-08-20T00:09:10-04:00
02336000,2009-03-16,2470,A,69.942611082240006,6043.0415975055366,2026-08-20T00:09:10-04:00
02336000,2009-03-17,1800,A,50.970323865600001,4403.8359819878406,2026-08-20T00:09:10-04:00
02336000,2009-03-18,1170,A,33.13071051264,2862.4933882920959,2026-08-20T00:09:10-04:00
02336000,2009-03-19,1010,A,28.60001505792,2471.041301004288,2026-08-20T00:09:10-04:00
02336000,2009-03-20,913,A,25.853280938495999,2233.7234730860546,2026-08-20T00:09:10-04:00
02336000,2009-03-21,905,A,25.62674616576,2214.1508687216642,2026-08-20T00:09:10-04:00
02336000,2009-03-22,896,A,25.371894546431999,2192.1316888117249,2026-08-20T00:09:10-04:00
02336000,2009-03-23,904,A,25.598429319168002,2211.7042931761152,2026-08-20T00:09:10-04:00
02336000,2009-03-24,908,A,25.711696705535999,2221.4905953583107,2026-08-20T00:09:10-04:00
02336000,2009-03-25,952,A,26.957637955584001,2329.1399193624575,2026-08-20T00:09:10-04:00
02336000,2009-03-26,1450,A,41.059427558400003,3547.5345410457603,2026-08-20T00:09:10-04:00
02336000,2009-03-27,3530,A,99.958468469760007,8636.4116757872634,2026-08-20T00:09:10-04:00
02336000,2009-03-28,5250,A,148.66344460799999,12844.521614131201,2026-08-20T00:09:10-04:00
02336000,2009-03-29,3690,A,104.48916392448,9027.8637630750727,2026-08-20T00:09:10-04:00
02336000,2009-03-30,1650,A,46.722796876800004,4036.8496501555201,2026-08-20T00:09:10-04:00
02336000,2009-03-31,1180,A,33.41387897856,2886.9591437475842,2026-08-20T00:09:10-04:00
02336000,2009-04-01,1360,A,38.510911365120002,3327.3427419463683,2026-08-20T00:09:10-04:00
02336000,2009-04-02,2180,A,61.730725570560004,5333.5346892963844,2026-08-20T00:09:10-04:00
02336000,2009-04-03,1820,A,51.53666079744,4452.7674928988163,2026-08-20T00:09:10-04:00
02336000,2009-04-04,1190,A,33.697047444479999,2911.4248992030721,2026-08-20T00:09:10-04:00
02336000,2009-04-05,952,A,26.957637955584001,2329.1399193624575,2026-08-20T00:09:10-04:00
02336000,2009-04-06,925,A,26.193083097600002,2263.0823796326399,2026-08-20T00:09:10-04:00
02336000,2009-04-07,905,A,25.62674616576,2214.1508687216642,2026-08-20T00:09:10-04:00
02336000,2009-04-08,887,A,25.117042927104002,2170.1125089017855,2026-08-20T00:09:10-04:00
02336000,2009-04-09,868,A,24.579022841856002,2123.6275735363583,2026-08-20T00:09:10-04:00
02336000,2009-04-10,938,A,26.561202103296001,2294.8878617247747,2026-08-20T00:09:10-04:00
02336000,2009-04-11,1480,A,41.908932956160001,3620.9318074122243,2026-08-20T00:09:10-04:00
02336000,2009-04-12,1540,A,43.607943751680004,3767.7263401451523,2026-08-20T00:09:10-04:00
02336000,2009-04-13,2190,A,62.013894036480004,5358.0004447518722,2026-08-20T00:09:10-04:00
02336000,2009-04-14,2170,A,61.447557104640005,5309.0689338408965,2026-08-20T00:09:10-04:00
02336000,2009-04-15,1350,A,38.227742899200003,3302.87698649088,2026-08-20T00:09:10-04:00
02336000,2009-04-16,925,A,26.193083097600002,2263.0823796326399,2026-08-20T00:09:10-04:00
02336000,2009-04-17,974,A,27.580608580608001,2382.9645813645311,2026-08-20T00:09:10-04:00
02336000,2009-04-18,856,A,24.239220682752002,2094.268666989773,2026-08-20T00:09:10-04:00
02336000,2009-04-19,844,A,23.899418523648002,2064.9097604431872,2026-08-20T00:09:10-04:00
02336000,2009-04-20,1650,A,46.722796876800004,4036.8496501555201,2026-08-20T00:09:10-04:00
02336000,2009-04-21,1630,A,46.156459944959998,3987.9181392445439,2026-08-20T00:09:10-04:00
02336000,2009-04-22,1040,A,29.449520455680002,2544.438567370752,2026-08-20T00:09:10-04:00
02336000,2009-04-23,1090,A,30.865362785280002,2666.7673446481922,2026-08-20T00:09:10-04:00
02336000,2009-04-24,1480,A,41.908932956160001,3620.9318074122243,2026-08-20T00:09:10-04:00
02336000,2009-04-25,865,A,24.494072302079999,2116.2878468997119,2026-08-20T00:09:10-04:00
02336000,2009-04-26,826,A,23.389715284992,2020.8714006233088,2026-08-20T00:09:10-04:00
02336000,2009-04-27,810,A,22.936645739519999,1981.726191894528,2026-08-20T00:09:10-04:00
02336000,2009-04-28,806,A,22.823378353152002,1971.9398897123328,2026-08-20T00:09:10-04:00
02336000,2009-04-29,833,A,23.587933211136001,2037.9974294421504,2026-08-20T00:09:10-04:00
02336000,2009-04-30,816,A,23.106546819072001,1996.4056451678209,2026-08-20T00:09:10-04:00
02336000,2009-05-01,948,A,26.844370569216,2319.3536171802625,2026-08-20T00:09:10-04:00
02336000,2009-05-02,1650,A,46.722796876800004,4036.8496501555201,2026-08-20T00:09:10-04:00
02336000,2009-05-03,1410,A,39.926753694719999,3449.671519223808,2026-08-20T00:09:10-04:00
02336000,2009-05-04,1940,A,54.934682388479999,4746.3565583646723,2026-08-20T00:09:10-04:00
02336000,2009-05-05,1460,A,41.342596024320002,3572.0002965012482,2026-08-20T00:09:10-04:00
02336000,2009-05-06,1160,A,32.847542046720001,2838.0276328366081,2026-08-20T00:09:10-04:00
02336000,2009-05-07,3010,A,85.233708241919999,7364.1923921018879,2026-08-20T00:09:10-04:00
02336000,2009-05-08,1380,A,39.077248296960001,3376.274252857344,2026-08-20T00:09:10-04:00
02336000,2009-05-09,1050,A,29.732688921600001,2568.9043228262399,2026-08-20T00:09:10-04:00
02336000,2009-05-10,944,A,26.731103182847999,2309.5673149980671,2026-08-20T00:09:10-04:00
02336000,2009-05-11,945,A,26.759420029440001,2312.0138905436161,2026-08-20T00:09:10-04:00
02336000,2009-05-12,959,A,27.155855881728002,2346.2659481812993,2026-08-20T00:09:10-04:00
02336000,2009-05-13,926,A,26.221399944192001,2265.5289551781889,2026-08-20T00:09:10-04:00
02336000,2009-05-14,958,A,27.127539035136,2343.8193726357504,2026-08-20T00:09:10-04:00
02336000,2009-05-15,939,A,26.589518949887999,2297.3344372703232,2026-08-20T00:09:10-04:00
02336000,2009-05-16,1040,A,29.449520455680002,2544.438567370752,2026-08-20T00:09:10-04:00
02336000,2009-05-17,1150,A,32.564373580800002,2813.5618773811202,2026-08-20T00:09:10-04:00
02336000,2009-05-18,1020,A,28.88318352384,2495.5070564597759,2026-08-20T00:09:10-04:00
02336000,2009-05-19,916,A,25.938231478272002,2241.063199722701,2026-08-20T00:09:10-04:00
02336000,2009-05-20,889,A,25.173676620287999,2175.0056599928835,2026-08-20T00:09:10-04:00
02336000,2009-05-21,881,A,24.947141847552,2155.4330556284931,2026-08-20T00:09:10-04:00
02336000,2009-05-22,872,A,24.692290228224,2133.4138757185538,2026-08-20T00:09:10-04:00
02336000,2009-05-23,863,A,24.437438608896002,2111.3946958086144,2026-08-20T00:09:10-04:00
02336000,2009-05-24,959,A,27.155855881728002,2346.2659481812993,2026-08-20T00:09:10-04:00
02336000,2009-05-25,909,A,25.740013552128001,2223.9371709038592,2026-08-20T00:09:10-04:00
02336000,2009-05-26,1130,A,31.998036648959999,2764.6303664701441,2026-08-20T00:09:10-04:00
02336000,2009-05-27,1040,A,29.449520455680002,2544.438567370752,2026-08-20T00:09:10-04:00
02336000,2009-05-28,1320,A,37.378237501440005,3229.479720124416,2026-08-20T00:09:10-04:00
02336000,2009-05-29,889,A,25.173676620287999,2175.0056599928835,2026-08-20T00:09:10-04:00
02336000,2009-05-30,779,A,22.058823495167999,1905.8823499825153,2026-08-20T00:09:10-04:00
02336000,2009-05-31,753,A,21.322585483775999,1842.2713857982465,2026-08-20T00:09:10-04:00
02336000,2009-06-01,760,A,21.520803409919999,1859.3974146170881,2026-08-20T00:09:10-04:00
02336000,2009-06-02,782,A,22.143774034944002,1913.2220766191617,2026-08-20T00:09:10-04:00
02336000,2009-06-03,786,A,22.257041421312,1923.0083788013569,2026-08-20T00:09:10-04:00
02336000,2009-06-04,949,A,26.872687415808002,2321.8001927258115,2026-08-20T00:09:10-04:00
02336000,2009-06-05,1370,A,38.794079831040001,3351.8084974018561,2026-08-20T00:09:10-04:00
02336000,2009-06-06,1070,A,30.29902585344,2617.835833737216,2026-08-20T00:09:10-04:00
02336000,2009-06-07,710,A,20.104961080319999,1737.0686373396481,2026-08-20T00:09:10-04:00
02336000,2009-06-08,711,A,20.133277926912001,1739.5152128851969,2026-08-20T00:09:10-04:00
02336000,2009-06-09,812,A,22.993279432704,1986.6193429856257,2026-08-20T00:09:10-04:00
02336000,2009-06-10,1090,A,30.865362785280002,2666.7673446481922,2026-08-20T00:09:10-04:00
02336000,2009-06-11,1080,A,30.582194319359999,2642.3015891927039,2026-08-20T00:09:10-04:00
02336000,2009-06-12,1130,A,31.998036648959999,2764.6303664701441,2026-08-20T00:09:10-04:00
02336000,2009-06-13,1510,A,42.758438353919999,3694.3290737786883,2026-08-20T00:09:10-04:00
02336000,2009-06-14,1040,A,29.449520455680002,2544.438567370752,2026-08-20T00:09:10-04:00
02336000,2009-06-15,1030,A,29.166351989760003,2519.9728119152642,2026-08-20T00:09:10-04:00
02336000,2009-06-16,1000,A,28.316846592000001,2446.5755455488002,2026-08-20T00:09:10-04:00
02336000,2009-06-17,1010,A,28.60001505792,2471.041301004288,2026-08-20T00:09:10-04:00
02336000,2009-06-18,1020,A,28.88318352384,2495.5070564597759,2026-08-20T00:09:10-04:00
02336000,2009-06-19,1030,A,29.166351989760003,2519.9728119152642,2026-08-20T00:09:10-04:00
02336000,2009-06-20,961,A,27.212489574912002,2351.1590992723968,2026-08-20T00:09:10-04:00
02336000,2009-06-21,937,A,26.532885256704002,2292.4412861792257,2026-08-20T00:09:10-04:00
02336000,2009-06-22,1070,A,30.29902585344,2617.835833737216,2026-08-20T00:09:10-04:00
02336000,2009-06-23,1080,A,30.582194319359999,2642.3015891927039,2026-08-20T00:09:10-04:00
02336000,2009-06-24,1010,A,28.60001505792,2471.041301004288,2026-08-20T00:09:10-04:00
02336000,2009-06-25,1090,A,30.865362785280002,2666.7673446481922,2026-08-20T00:09:10-04:00
02336000,2009-06-26,1040,A,29.449520455680002,2544.438567370752,2026-08-20T00:09:10-04:00
02336000,2009-06-27,1020,A,28.88318352384,2495.5070564597759,2026-08-20T00:09:10-04:00
02336000,2009-06-28,1050,A,29.732688921600001,2568.9043228262399,2026-08-20T00:09:10-04:00
02336000,2009-06-29,993,A,28.118628665856001,2429.4495167299583,2026-08-20T00:09:10-04:00
02336000,2009-06-30,985,A,27.892093893120002,2409.8769123655679,2026-08-20T00:09:10-04:00
02336000,2009-07-01,992,A,28.090311819264002,2427.0029411844098,2026-08-20T00:09:10-04:00
02336000,2009-07-02,999,A,28.288529745408002,2444.1289700032512,2026-08-20T00:09:10-04:00
02336000,2009-07-03,1020,A,28.88318352384,2495.5070564597759,2026-08-20T00:09:10-04:00
02336000,2009-07-04,1200,A,33.980215910399998,2935.8906546585599,2026-08-20T00:09:10-04:00
02336000,2009-07-05,1050,A,29.732688921600001,2568.9043228262399,2026-08-20T00:09:10-04:00
02336000,2009-07-06,1010,A,28.60001505792,2471.041301004288,2026-08-20T00:09:10-04:00
02336000,2009-07-07,1120,A,31.71486818304,2740.1646110146562,2026-08-20T00:09:10-04:00
02336000,2009-07-08,1290,A,36.528732103679999,3156.082453757952,2026-08-20T00:09:10-04:00
02336000,2009-07-09,1960,A,55.501019320320005,4795.288069275648,2026-08-20T00:09:10-04:00
02336000,2009-07-10,1220,A,34.546552842240004,2984.8221655695361,2026-08-20T00:09:10-04:00
02336000,2009-07-11,1050,A,29.732688921600001,2568.9043228262399,2026-08-20T00:09:10-04:00
02336000,2009-07-12,1230,A,34.829721308160003,3009.2879210250239,2026-08-20T00:09:10-04:00
02336000,2009-07-13,3190,A,90.330740628480001,7804.5759903006719,2026-08-20T00:09:10-04:00
02336000,2009-07-14,1280,A,36.24556363776,3131.6166983024641,2026-08-20T00:09:10-04:00
02336000,2009-07-15,1010,A,28.60001505792,2471.041301004288,2026-08-20T00:09:10-04:00
02336000,2009-07-16,1030,A,29.166351989760003,2519.9728119152642,2026-08-20T00:09:10-04:00
02336000,2009-07-17,1010,A,28.60001505792,2471.041301004288,2026-08-20T00:09:10-04:00
02336000,2009-07-18,973,A,27.552291734016002,2380.5180058189826,2026-08-20T00:09:10-04:00
02336000,2009-07-19,967,A,27.382390654464,2365.8385525456897,2026-08-20T00:09:10-04:00
02336000,2009-07-20,960,A,27.18417272832,2348.7125237268483,2026-08-20T00:09:10-04:00
02336000,2009-07-21,1000,A,28.316846592000001,2446.5755455488002,2026-08-20T00:09:10-04:00
02336000,2009-07-22,1010,A,28.60001505792,2471.041301004288,2026-08-20T00:09:10-04:00
02336000,2009-07-23,1040,A,29.449520455680002,2544.438567370752,2026-08-20T00:09:10-04:00
02336000,2009-07-24,1040,A,29.449520455680002,2544.438567370752,2026-08-20T00:09:10-04:00
02336000,2009-07-25,1040,A,29.449520455680002,2544.438567370752,2026-08-20T00:09:10-04:00
02336000,2009-07-26,1000,A,28.316846592000001,2446.5755455488002,2026-08-20T00:09:10-04:00
02336000,2009-07-27,1010,A,28.60001505792,2471.041301004288,2026-08-20T00:09:10-04:00
02336000,2009-07-28,1040,A,29.449520455680002,2544.438567370752,2026-08-20T00:09:10-04:00
02336000,2009-07-29,1040,A,29.449520455680002,2544.438567370752,2026-08-20T00:09:10-04:00
02336000,2009-07-30,1280,A,36.24556363776,3131.6166983024641,2026-08-20T00:09:10-04:00
02336000,2009-07-31,1250,A,35.396058240000002,3058.2194319360001,2026-08-20T00:09:10-04:00
02336000,2009-08-01,1020,A,28.88318352384,2495.5070564597759,2026-08-20T00:09:10-04:00
02336000,2009-08-02,1030,A,29.166351989760003,2519.9728119152642,2026-08-20T00:09:10-04:00
02336000,2009-08-03,976,A,27.637242273792001,2387.857732455629,2026-08-20T00:09:10-04:00
02336000,2009-08-04,997,A,28.231896052224002,2439.2358189121537,2026-08-20T00:09:10-04:00
02336000,2009-08-05,999,A,28.288529745408002,2444.1289700032512,2026-08-20T00:09:10-04:00
02336000,2009-08-06,983,A,27.835460199936001,2404.9837612744705,2026-08-20T00:09:10-04:00
02336000,2009-08-07,984,A,27.863777046528,2407.4303368200194,2026-08-20T00:09:10-04:00
02336000,2009-08-08,950,A,26.901004262400001,2324.24676827136,2026-08-20T00:09:10-04:00
02336000,2009-08-09,942,A,26.674469489664002,2304.6741639069696,2026-08-20T00:09:10-04:00
02336000,2009-08-10,946,A,26.787736876032,2314.460466089165,2026-08-20T00:09:10-04:00
02336000,2009-08-11,984,A,27.863777046528,2407.4303368200194,2026-08-20T00:09:10-04:00
02336000,2009-08-12,1000,A,28.316846592000001,2446.5755455488002,2026-08-20T00:09:10-04:00
02336000,2009-08-13,1020,A,28.88318352384,2495.5070564597759,2026-08-20T00:09:10-04:00
02336000,2009-08-14,1040,A,29.449520455680002,2544.438567370752,2026-08-20T00:09:10-04:00
02336000,2009-08-15,999,A,28.288529745408002,2444.1289700032512,2026-08-20T00:09:10-04:00
02336000,2009-08-16,1010,A,28.60001505792,2471.041301004288,2026-08-20T00:09:10-04:00
02336000,2009-08-17,1040,A,29.449520455680002,2544.438567370752,2026-08-20T00:09:10-04:00
02336000,2009-08-18,1060,A,30.015857387520001,2593.3700782817282,2026-08-20T00:09:10-04:00
02336000,2009-08-19,1050,A,29.732688921600001,2568.9043228262399,2026-08-20T00:09:10-04:00
02336000,2009-08-20,1020,A,28.88318352384,2495.5070564597759,2026-08-20T00:09:10-04:00
02336000,2009-08-21,1380,A,39.077248296960001,3376.274252857344,2026-08-20T00:09:10-04:00
02336000,2009-08-22,2150,A,60.881220172799999,5260.1374229299199,2026-08-20T00:09:10-04:00
02336000,2009-08-23,1410,A,39.926753694719999,3449.671519223808,2026-08-20T00:09:10-04:00
02336000,2009-08-24,1010,A,28.60001505792,2471.041301004288,2026-08-20T00:09:10-04:00
02336000,2009-08-25,993,A,28.118628665856001,2429.4495167299583,2026-08-20T00:09:10-04:00
02336000,2009-08-26,1060,A,30.015857387520001,2593.3700782817282,2026-08-20T00:09:10-04:00
02336000,2009-08-27,1220,A,34.546552842240004,2984.8221655695361,2026-08-20T00:09:10-04:00
02336000,2009-08-28,3550,A,100.52480540160001,8685.343186698241,2026-08-20T00:09:10-04:00
02336000,2009-08-29,2450,A,69.376274150400008,5994.11008659456,2026-08-20T00:09:10-04:00
02336000,2009-08-30,1840,A,52.102997729279998,4501.699003809792,2026-08-20T00:09:10-04:00
02336000,2009-08-31,1550,A,43.891112217600003,3792.1920956006402,2026-08-20T00:09:10-04:00
02336000,2009-09-01,1080,A,30.582194319359999,2642.3015891927039,2026-08-20T00:09:10-04:00
02336000,2009-09-02,1070,A,30.29902585344,2617.835833737216,2026-08-20T00:09:10-04:00
02336000,2009-09-03,1070,A,30.29902585344,2617.835833737216,2026-08-20T00:09:10-04:00
02336000,2009-09-04,1080,A,30.582194319359999,2642.3015891927039,2026-08-20T00:09:10-04:00
02336000,2009-09-05,1230,A,34.829721308160003,3009.2879210250239,2026-08-20T00:09:10-04:00
02336000,2009-09-06,1100,A,31.148531251200001,2691.23310010368,2026-08-20T00:09:10-04:00
02336000,2009-09-07,1090,A,30.865362785280002,2666.7673446481922,2026-08-20T00:09:10-04:00
02336000,2009-09-08,1100,A,31.148531251200001,2691.23310010368,2026-08-20T00:09:10-04:00
02336000,2009-09-09,1110,A,31.431699717120001,2715.6988555591679,2026-08-20T00:09:10-04:00
02336000,2009-09-10,1120,A,31.71486818304,2740.1646110146562,2026-08-20T00:09:10-04:00
02336000,2009-09-11,1150,A,32.564373580800002,2813.5618773811202,2026-08-20T00:09:10-04:00
02336000,2009-09-12,1130,A,31.998036648959999,2764.6303664701441,2026-08-20T00:09:10-04:00
02336000,2009-09-13,1130,A,31.998036648959999,2764.6303664701441,2026-08-20T00:09:10-04:00
02336000,2009-09-14,1150,A,32.564373580800002,2813.5618773811202,2026-08-20T00:09:10-04:00
02336000,2009-09-15,1170,A,33.13071051264,2862.4933882920959,2026-08-20T00:09:10-04:00
02336000,2009-09-16,3610,A,102.22381619712,8832.1377194311681,2026-08-20T00:09:10-04:00
02336000,2009-09-17,5630,A,159.42384631295999,13774.220321439745,2026-08-20T00:09:10-04:00
02336000,2009-09-18,5210,A,147.53077074431999,12746.658592309248,2026-08-20T00:09:10-04:00
02336000,2009-09-19,1890,A,53.518840058880002,4624.0277810872321,2026-08-20T00:09:10-04:00
02336000,2009-09-20,5360,A,151.77829773312001,13113.644924141568,2026-08-20T00:09:10-04:00
02336000,2009-09-21,24600,A,696.59442616320007,60185.758420500482,2026-08-20T00:09:10-04:00
02336000,2009-09-22,23600,A,668.27757957120002,57739.182874951679,2026-08-20T00:09:10-04:00
02336000,2009-09-23,7430,A,210.39417017856002,18178.056303427584,2026-08-20T00:09:10-04:00
02336000,2009-09-24,2360,A,66.827757957119999,5773.9182874951684,2026-08-20T00:09:10-04:00
02336000,2009-09-25,1310,A,37.095069035519998,3205.0139646689281,2026-08-20T00:09:10-04:00
02336000,2009-09-26,2820,A,79.853507389439997,6899.343038447616,2026-08-20T00:09:10-04:00
02336000,2009-09-27,3480,A,98.542626140159996,8514.0828985098251,2026-08-20T00:09:10-04:00
02336000,2009-09-28,1800,A,50.970323865600001,4403.8359819878406,2026-08-20T00:09:10-04:00
02336000,2009-09-29,1250,A,35.396058240000002,3058.2194319360001,2026-08-20T00:09:10-04:00
02336000,2009-09-30,1210,A,34.263384376319998,2960.3564101140482,2026-08-20T00:09:10-04:00
02336000,2009-10-01,1190,A,33.697047444479999,2911.4248992030721,2026-08-20T00:09:10-04:00
02336000,2009-10-02,1210,A,34.263384376319998,2960.3564101140482,2026-08-20T00:09:10-04:00
02336000,2009-10-03,1230,A,34.829721308160003,3009.2879210250239,2026-08-20T00:09:10-04:00
02336000,2009-10-04,1220,A,34.546552842240004,2984.8221655695361,2026-08-20T00:09:10-04:00
02336000,2009-10-05,2830,A,80.136675855359996,6923.8087939031038,2026-08-20T00:09:10-04:00
02336000,2009-10-06,1850,A,52.386166195200005,4526.1647592652798,2026-08-20T00:09:10-04:00
02336000,2009-10-07,3380,A,95.710941480960003,8269.4253439549448,2026-08-20T00:09:10-04:00
02336000,2009-10-08,2420,A,68.526768752639995,5920.7128202280965,2026-08-20T00:09:10-04:00
02336000,2009-10-09,1430,A,40.493090626560004,3498.6030301347841,2026-08-20T00:09:10-04:00
02336000,2009-10-10,1500,A,42.475269888,3669.8633183232,2026-08-20T00:09:10-04:00
02336000,2009-10-11,1210,A,34.263384376319998,2960.3564101140482,2026-08-20T00:09:10-04:00
02336000,2009-10-12,10600,A,300.15857387520003,25933.700782817279,2026-08-20T00:09:10-04:00
02336000,2009-10-13,9930,A,281.18628665855999,24294.495167299585,2026-08-20T00:09:10-04:00
02336000,2009-10-14,4720,A,133.65551591424,11547.836574990337,2026-08-20T00:09:10-04:00
02336000,2009-10-15,2370,A,67.110926423039999,5798.3840429506563,2026-08-20T00:09:10-04:00
02336000,2009-10-16,1780,A,50.403986933760002,4354.904471076864,2026-08-20T00:09:10-04:00
02336000,2009-10-17,1200,A,33.980215910399998,2935.8906546585599,2026-08-20T00:09:10-04:00
02336000,2009-10-18,1160,A,32.847542046720001,2838.0276328366081,2026-08-20T00:09:10-04:00
02336000,2009-10-19,1150,A,32.564373580800002,2813.5618773811202,2026-08-20T00:09:10-04:00
02336000,2009-10-20,1110,A,31.431699717120001,2715.6988555591679,2026-08-20T00:09:10-04:00
02336000,2009-10-21,1980,A,56.067356252160003,4844.2195801866237,2026-08-20T00:09:10-04:00
02336000,2009-10-22,1650,A,46.722796876800004,4036.8496501555201,2026-08-20T00:09:10-04:00
02336000,2009-10-23,2440,A,69.093105684480008,5969.6443311390722,2026-08-20T00:09:10-04:00
02336000,2009-10-24,1580,A,44.740617615360001,3865.5893619671042,2026-08-20T00:09:10-04:00
02336000,2009-10-25,1100,A,31.148531251200001,2691.23310010368,2026-08-20T00:09:10-04:00
02336000,2009-10-26,1820,A,51.53666079744,4452.7674928988163,2026-08-20T00:09:10-04:00
02336000,2009-10-27,7550,A,213.79219176960001,18471.645368893442,2026-08-20T00:09:10-04:00
02336000,2009-10-28,5510,A,156.02582472192,13480.631255973889,2026-08-20T00:09:10-04:00
02336000,2009-10-29,5630,A,159.42384631295999,13774.220321439745,2026-08-20T00:09:10-04:00
02336000,2009-10-30,7170,A,203.03179006464001,17541.946661584898,2026-08-20T00:09:10-04:00
02336000,2009-10-31,5110,A,144.69908608512,12502.001037754368,2026-08-20T00:09:10-04:00
02336000,2009-11-01,1540,A,43.607943751680004,3767.7263401451523,2026-08-20T00:09:10-04:00
02336000,2009-11-02,1860,A,52.669334661120004,4550.6305147207686,2026-08-20T00:09:10-04:00
02336000,2009-11-03,5390,A,152.62780313088001,13187.042190508033,2026-08-20T00:09:10-04:00
02336000,2009-11-04,4540,A,128.55848352768001,11107.452976791552,2026-08-20T00:09:10-04:00
02336000,2009-11-05,4540,A,128.55848352768001,11107.452976791552,2026-08-20T00:09:10-04:00
02336000,2009-11-06,4590,A,129.97432585728001,11229.781754068992,2026-08-20T00:09:10-04:00
02336000,2009-11-07,3450,A,97.693120742399998,8440.6856321433606,2026-08-20T00:09:10-04:00
02336000,2009-11-08,958,A,27.127539035136,2343.8193726357504,2026-08-20T00:09:10-04:00
02336000,2009-11-09,963,A,27.269123268095999,2356.0522503634943,2026-08-20T00:09:10-04:00
02336000,2009-11-10,7440,A,210.67733864448002,18202.522058883074,2026-08-20T00:09:10-04:00
02336000,2009-11-11,15000,A,424.75269888000003,36698.633183231999,2026-08-20T00:09:10-04:00
02336000,2009-11-12,7590,A,214.92486563328001,18569.508390715393,2026-08-20T00:09:10-04:00
02336000,2009-11-13,3300,A,93.445593753600008,8073.6993003110401,2026-08-20T00:09:10-04:00
02336000,2009-11-14,2750,A,77.871328128000002,6728.0827502592001,2026-08-20T00:09:10-04:00
02336000,2009-11-15,6560,A,185.75851364352002,16049.535578800129,2026-08-20T00:09:10-04:00
02336000,2009-11-16,6550,A,185.47534517760002,16025.06982334464,2026-08-20T00:09:10-04:00
02336000,2009-11-17,5450,A,154.32681392640001,13333.83672324096,2026-08-20T00:09:10-04:00
02336000,2009-11-18,7550,A,213.79219176960001,18471.645368893442,2026-08-20T00:09:10-04:00
02336000,2009-11-19,7840,A,222.00407728128002,19181.152277102592,2026-08-20T00:09:10-04:00
02336000,2009-11-20,7310,A,206.99614858752,17884.46723796173,2026-08-20T00:09:10-04:00
02336000,2009-11-21,5450,A,154.32681392640001,13333.83672324096,2026-08-20T00:09:10-04:00
02336000,2009-11-22,1680,A,47.572302274560002,4110.2469165219845,2026-08-20T00:09:10-04:00
02336000,2009-11-23,3230,A,91.463414492159998,7902.4390121226243,2026-08-20T00:09:10-04:00
02336000,2009-11-24,7570,A,214.35852870144001,18520.576879804416,2026-08-20T00:09:10-04:00
02336000,2009-11-25,5940,A,168.20206875648,14532.658740559873,2026-08-20T00:09:10-04:00
02336000,2009-11-26,7450,A,210.96050711040002,18226.987814338561,2026-08-20T00:09:10-04:00
02336000,2009-11-27,7140,A,202.18228466688001,17468.549395218433,2026-08-20T00:09:10-04:00
02336000,2009-11-28,6000,A,169.901079552,14679.4532732928,2026-08-20T00:09:10-04:00
02336000,2009-11-29,923,A,26.136449404416002,2258.1892285415424,2026-08-20T00:09:10-04:00
02336000,2009-11-30,986,A,27.920410739712,2412.3234879111169,2026-08-20T00:09:10-04:00
02336000,2009-12-01,1240,A,35.112889774080003,3033.7536764805122,2026-08-20T00:09:10-04:00
02336000,2009-12-02,5390,A,152.62780313088001,13187.042190508033,2026-08-20T00:09:10-04:00
02336000,2009-12-03,5310,A,150.36245540352002,12991.316146864128,2026-08-20T00:09:10-04:00
02336000,2009-12-04,2840,A,80.419844321279996,6948.2745493585926,2026-08-20T00:09:10-04:00
02336000,2009-12-05,5690,A,161.12285710847999,13921.014854172672,2026-08-20T00:09:10-04:00
02336000,2009-12-06,8380,A,237.29517444096001,20502.303071698945,2026-08-20T00:09:10-04:00
02336000,2009-12-07,8010,A,226.81794120192001,19597.070119845888,2026-08-20T00:09:10-04:00
02336000,2009-12-08,6260,A,177.26345966592001,15315.562915135488,2026-08-20T00:09:10-04:00
02336000,2009-12-09,6650,A,188.30702983680001,16269.72737789952,2026-08-20T00:09:10-04:00
02336000,2009-12-10,4430,A,125.44363040256,10838.329666781185,2026-08-20T00:09:10-04:00
02336000,2009-12-11,7820,A,221.43774034944002,19132.220766191618,2026-08-20T00:09:10-04:00
02336000,2009-12-12,6500,A,184.05950284799999,15902.7410460672,2026-08-20T00:09:10-04:00
02336000,2009-12-13,2890,A,81.835686650880007,7070.6033266360319,2026-08-20T00:09:10-04:00
02336000,2009-12-14,7820,A,221.43774034944002,19132.220766191618,2026-08-20T00:09:10-04:00
02336000,2009-12-15,7930,A,224.55259347456001,19401.344076201985,2026-08-20T00:09:10-04:00
02336000,2009-12-16,8230,A,233.04764745215999,20135.316739866626,2026-08-20T00:09:10-04:00
02336000,2009-12-17,8210,A,232.48131052031999,20086.385228955649,2026-08-20T00:09:10-04:00
02336000,2009-12-18,9650,A,273.25756961280001,23609.454014545921,2026-08-20T00:09:10-04:00
02336000,2009-12-19,6760,A,191.42188296192001,16538.85068790989,2026-08-20T00:09:10-04:00
02336000,2009-12-20,7880,A,223.13675114496002,19279.015298924543,2026-08-20T00:09:10-04:00
02336000,2009-12-21,8690,A,246.07339688448002,21260.741490819073,2026-08-20T00:09:10-04:00
02336000,2009-12-22,8540,A,241.82586989568,20893.755158986754,2026-08-20T00:09:10-04:00
02336000,2009-12-23,8210,A,232.48131052031999,20086.385228955649,2026-08-20T00:09:10-04:00
02336000,2009-12-24,6760,A,191.42188296192001,16538.85068790989,2026-08-20T00:09:10-04:00
02336000,2009-12-25,6270,A,177.54662813184001,15340.028670590977,2026-08-20T00:09:10-04:00
02336000,2009-12-26,6040,A,171.03375341568,14777.316295114753,2026-08-20T00:09:10-04:00
02336000,2009-12-27,7580,A,214.64169716736001,18545.042635259906,2026-08-20T00:09:10-04:00
02336000,2009-12-28,7740,A,219.17239262208,18936.494722547712,2026-08-20T00:09:10-04:00
02336000,2009-12-29,8260,A,233.89715284992002,20208.714006233087,2026-08-20T00:09:10-04:00
02336000,2009-12-30,8180,A,231.63180512256,20012.987962589184,2026-08-20T00:09:10-04:00
02336000,2009-12-31,8590,A,243.24171222528,21016.083936264193,2026-08-20T00:09:10-04:00
02336000,2010-01-01,7990,A,226.25160427008001,19548.138608934914,2026-08-20T00:09:10-04:00
02336000,2010-01-02,5320,A,150.64562386944002,13015.781902319617,2026-08-20T00:09:10-04:00
02336000,2010-01-03,1080,A,30.582194319359999,2642.3015891927039,2026-08-20T00:09:10-04:00
02336000,2010-01-04,1970,A,55.784187786240004,4819.7538247311359,2026-08-20T00:09:10-04:00
02336000,2010-01-05,4660,A,131.95650511872,11401.042042257408,2026-08-20T00:09:10-04:00
02336000,2010-01-06,4350,A,123.17828267520001,10642.60362313728,2026-08-20T00:09:10-04:00
02336000,2010-01-07,4650,A,131.6733366528,11376.576286801921,2026-08-20T00:09:10-04:00
02336000,2010-01-08,4050,A,114.6832286976,9908.6309594726408,2026-08-20T00:09:10-04:00
02336000,2010-01-09,3950,A,111.85154403840001,9663.9734049177605,2026-08-20T00:09:10-04:00
02336000,2010-01-10,1170,A,33.13071051264,2862.4933882920959,2026-08-20T00:09:10-04:00
02336000,2010-01-11,2050,A,58.049535513599999,5015.4798683750405,2026-08-20T00:09:10-04:00
02336000,2010-01-12,3700,A,104.77233239040001,9052.3295185305597,2026-08-20T00:09:10-04:00
02336000,2010-01-13,2950,A,83.534697446400003,7217.3978593689599,2026-08-20T00:09:10-04:00
02336000,2010-01-14,2690,A,76.172317332480006,6581.2882175262721,2026-08-20T00:09:10-04:00
02336000,2010-01-15,2760,A,78.154496593920001,6752.548505714688,2026-08-20T00:09:10-04:00
02336000,2010-01-16,2280,A,64.562410229760005,5578.1922438512638,2026-08-20T00:09:10-04:00
02336000,2010-01-17,2690,A,76.172317332480006,6581.2882175262721,2026-08-20T00:09:10-04:00
02336000,2010-01-18,3430,A,97.126783810559999,8391.7541212323849,2026-08-20T00:09:10-04:00
02336000,2010-01-19,5250,A,148.66344460799999,12844.521614131201,2026-08-20T00:09:10-04:00
02336000,2010-01-20,4690,A,132.80601051648,11474.439308623872,2026-08-20T00:09:10-04:00
02336000,2010-01-21,1510,A,42.758438353919999,3694.3290737786883,2026-08-20T00:09:10-04:00
02336000,2010-01-22,4030,A,114.11689176576,9859.6994485616651,2026-08-20T00:09:10-04:00
02336000,2010-01-23,7230,A,204.73080086016,17688.741194317823,2026-08-20T00:09:10-04:00
02336000,2010-01-24,7130,A,201.89911620096001,17444.083639762943,2026-08-20T00:09:10-04:00
02336000,2010-01-25,7610,A,215.49120256512001,18618.439901626367,2026-08-20T00:09:10-04:00
02336000,2010-01-26,5220,A,147.81393921023999,12771.124347764737,2026-08-20T00:09:10-04:00
02336000,2010-01-27,7760,A,219.73872955392,18985.426233458689,2026-08-20T00:09:10-04:00
02336000,2010-01-28,7800,A,220.87140341759999,19083.289255280641,2026-08-20T00:09:10-04:00
02336000,2010-01-29,6150,A,174.14860654080002,15046.439605125121,2026-08-20T00:09:10-04:00
02336000,2010-01-30,3060,A,86.649550571519995,7486.5211693793281,2026-08-20T00:09:10-04:00
02336000,2010-01-31,7170,A,203.03179006464001,17541.946661584898,2026-08-20T00:09:10-04:00
02336000,2010-02-01,7890,A,223.41991961088002,19303.481054380034,2026-08-20T00:09:10-04:00
02336000,2010-02-02,8430,A,238.71101677056001,20624.631848976383,2026-08-20T00:09:10-04:00
02336000,2010-02-03,7710,A,218.32288722432,18863.097456181247,2026-08-20T00:09:10-04:00
02336000,2010-02-04,7560,A,214.07536023552001,18496.111124348929,2026-08-20T00:09:10-04:00
02336000,2010-02-05,9240,A,261.64766251008001,22606.358040870913,2026-08-20T00:09:10-04:00
02336000,2010-02-06,7100,A,201.04961080320001,17370.686373396482,2026-08-20T00:09:10-04:00
02336000,2010-02-07,9350,A,264.76251563520003,22875.48135088128,2026-08-20T00:09:10-04:00
02336000,2010-02-08,8650,A,244.94072302079999,21162.878468997122,2026-08-20T00:09:10-04:00
02336000,2010-02-09,8070,A,228.51695199744,19743.864652578817,2026-08-20T00:09:10-04:00
02336000,2010-02-10,7090,A,200.76644233728001,17346.220617940991,2026-08-20T00:09:10-04:00
02336000,2010-02-11,8080,A,228.80012046336,19768.330408034304,2026-08-20T00:09:10-04:00
02336000,2010-02-12,7990,A,226.25160427008001,19548.138608934914,2026-08-20T00:09:10-04:00
02336000,2010-02-13,8120,A,229.93279432704,19866.193429856256,2026-08-20T00:09:10-04:00
02336000,2010-02-14,8200,A,232.19814205439999,20061.919473500162,2026-08-20T00:09:10-04:00
02336000,2010-02-15,8240,A,233.33081591808002,20159.782495322113,2026-08-20T00:09:10-04:00
02336000,2010-02-16,8090,A,229.08328892928,19792.796163489791,2026-08-20T00:09:10-04:00
02336000,2010-02-17,7910,A,223.98625654272001,19352.412565291008,2026-08-20T00:09:10-04:00
02336000,2010-02-18,5880,A,166.50305796096001,14385.864207826944,2026-08-20T00:09:10-04:00
02336000,2010-02-19,5380,A,152.34463466496001,13162.576435052544,2026-08-20T00:09:10-04:00
02336000,2010-02-20,4130,A,116.94857642496001,10104.357003116544,2026-08-20T00:09:10-04:00
02336000,2010-02-21,1210,A,34.263384376319998,2960.3564101140482,2026-08-20T00:09:10-04:00
02336000,2010-02-22,3090,A,87.499055969280008,7559.9184357457925,2026-08-20T00:09:10-04:00
02336000,2010-02-23,5900,A,167.06939489280001,14434.79571873792,2026-08-20T00:09:10-04:00
02336000,2010-02-24,5800,A,164.23771023360001,14190.138164183041,2026-08-20T00:09:10-04:00
02336000,2010-02-25,5960,A,168.76840568832,14581.590251470849,2026-08-20T00:09:10-04:00
02336000,2010-02-26,6150,A,174.14860654080002,15046.439605125121,2026-08-20T00:09:10-04:00
02336000,2010-02-27,3980,A,112.70104943616001,9737.370671284225,2026-08-20T00:09:10-04:00
02336000,2010-02-28,1300,A,36.811900569599999,3180.5482092134403,2026-08-20T00:09:10-04:00
02336000,2010-03-01,2320,A,65.695084093440002,5676.0552656732161,2026-08-20T00:09:10-04:00
02336000,2010-03-02,4790,A,135.63769517567999,11719.096863178753,2026-08-20T00:09:10-04:00
02336000,2010-03-03,4910,A,139.03571676672001,12012.685928644609,2026-08-20T00:09:10-04:00
02336000,2010-03-04,4180,A,118.36441875456001,10226.685780393984,2026-08-20T00:09:10-04:00
02336000,2010-03-05,4570,A,129.40798892544001,11180.850243158016,2026-08-20T00:09:10-04:00
02336000,2010-03-06,4520,A,127.99214659584,11058.521465880576,2026-08-20T00:09:10-04:00
02336000,2010-03-07,2390,A,67.677263354879997,5847.315553861632,2026-08-20T00:09:10-04:00
02336000,2010-03-08,2180,A,61.730725570560004,5333.5346892963844,2026-08-20T00:09:10-04:00
02336000,2010-03-09,3300,A,93.445593753600008,8073.6993003110401,2026-08-20T00:09:10-04:00
02336000,2010-03-10,6430,A,182.07732358656,15731.480757878784,2026-08-20T00:09:10-04:00
02336000,2010-03-11,6800,A,192.5545568256,16636.713709731841,2026-08-20T00:09:10-04:00
02336000,2010-03-12,4840,A,137.05353750527999,11841.425640456193,2026-08-20T00:09:10-04:00
02336000,2010-03-13,3350,A,94.861436083200005,8196.0280775884803,2026-08-20T00:09:10-04:00
02336000,2010-03-14,4360,A,123.46145114112001,10667.069378592769,2026-08-20T00:09:10-04:00
02336000,2010-03-15,5810,A,164.52087869952001,14214.603919638528,2026-08-20T00:09:10-04:00
02336000,2010-03-16,8280,A,234.46348978176002,20257.645517144065,2026-08-20T00:09:10-04:00
02336000,2010-03-17,7300,A,206.7129801216,17860.001482506239,2026-08-20T00:09:10-04:00
02336000,2010-03-18,7750,A,219.455561088,18960.960478003202,2026-08-20T00:09:10-04:00
02336000,2010-03-19,7040,A,199.35060000768001,17223.891840663553,2026-08-20T00:09:10-04:00
02336000,2010-03-20,5380,A,152.34463466496001,13162.576435052544,2026-08-20T00:09:10-04:00
02336000,2010-03-21,1440,A,40.776259092480004,3523.068785590272,2026-08-20T00:09:10-04:00
02336000,2010-03-22,2650,A,75.039643468800008,6483.4251957043198,2026-08-20T00:09:10-04:00
02336000,2010-03-23,4540,A,128.55848352768001,11107.452976791552,2026-08-20T00:09:10-04:00
02336000,2010-03-24,5390,A,152.62780313088001,13187.042190508033,2026-08-20T00:09:10-04:00
02336000,2010-03-25,5360,A,151.77829773312001,13113.644924141568,2026-08-20T00:09:10-04:00
02336000,2010-03-26,5580,A,158.00800398336,13651.891544162305,2026-08-20T00:09:10-04:00
02336000,2010-03-27,3530,A,99.958468469760007,8636.4116757872634,2026-08-20T00:09:10-04:00
02336000,2010-03-28,1300,A,36.811900569599999,3180.5482092134403,2026-08-20T00:09:10-04:00
02336000,2010-03-29,1830,A,51.819829263359999,4477.2332483543041,2026-08-20T00:09:10-04:00
02336000,2010-03-30,4390,A,124.31095653888001,10740.466644959233,2026-08-20T00:09:10-04:00
02336000,2010-03-31,3730,A,105.62183778816001,9125.7267848970241,2026-08-20T00:09:10-04:00
02336000,2010-04-01,3860,A,109.30302784512,9443.7816058183689,2026-08-20T00:09:10-04:00
02336000,2010-04-02,3380,A,95.710941480960003,8269.4253439549448,2026-08-20T00:09:10-04:00
02336000,2010-04-03,3180,A,90.047572162560002,7780.1102348451841,2026-08-20T00:09:10-04:00
02336000,2010-04-04,1110,A,31.431699717120001,2715.6988555591679,2026-08-20T00:09:10-04:00
02336000,2010-04-05,1170,A,33.13071051264,2862.4933882920959,2026-08-20T00:09:10-04:00
02336000,2010-04-06,2860,A,80.986181253120009,6997.2060602695683,2026-08-20T00:09:10-04:00
02336000,2010-04-07,1930,A,54.65151392256,4721.8908029091845,2026-08-20T00:09:10-04:00
02336000,2010-04-08,2760,A,78.154496593920001,6752.548505714688,2026-08-20T00:09:10-04:00
02336000,2010-04-09,2690,A,76.172317332480006,6581.2882175262721,2026-08-20T00:09:10-04:00
02336000,2010-04-10,1180,A,33.41387897856,2886.9591437475842,2026-08-20T00:09:10-04:00
02336000,2010-04-11,1420,A,40.209922160639998,3474.1372746792963,2026-08-20T00:09:10-04:00
02336000,2010-04-12,1080,A,30.582194319359999,2642.3015891927039,2026-08-20T00:09:10-04:00
02336000,2010-04-13,1550,A,43.891112217600003,3792.1920956006402,2026-08-20T00:09:10-04:00
02336000,2010-04-14,2040,A,57.766367047679999,4991.0141129195517,2026-08-20T00:09:10-04:00
02336000,2010-04-15,1580,A,44.740617615360001,3865.5893619671042,2026-08-20T00:09:10-04:00
02336000,2010-04-16,2200,A,62.297062502400003,5382.4662002073601,2026-08-20T00:09:10-04:00
02336000,2010-04-17,1060,A,30.015857387520001,2593.3700782817282,2026-08-20T00:09:10-04:00
02336000,2010-04-18,1020,A,28.88318352384,2495.5070564597759,2026-08-20T00:09:10-04:00
02336000,2010-04-19,1030,A,29.166351989760003,2519.9728119152642,2026-08-20T00:09:10-04:00
02336000,2010-04-20,1800,A,50.970323865600001,4403.8359819878406,2026-08-20T00:09:10-04:00
02336000,2010-04-21,1330,A,37.661405967360004,3253.9454755799043,2026-08-20T00:09:10-04:00
02336000,2010-04-22,1660,A,47.005965342720003,4061.3154056110079,2026-08-20T00:09:10-04:00
02336000,2010-04-23,1610,A,45.590123013119999,3938.9866283335682,2026-08-20T00:09:10-04:00
02336000,2010-04-24,2920,A,82.685192048640005,7144.0005930024963,2026-08-20T00:09:10-04:00
02336000,2010-04-25,2370,A,67.110926423039999,5798.3840429506563,2026-08-20T00:09:10-04:00
02336000,2010-04-26,1570,A,44.457449149440002,3841.1236065116163,2026-08-20T00:09:10-04:00
02336000,2010-04-27,2060,A,58.332703979520005,5039.9456238305283,2026-08-20T00:09:10-04:00
02336000,2010-04-28,3610,A,102.22381619712,8832.1377194311681,2026-08-20T00:09:10-04:00
02336000,2010-04-29,3440,A,97.409952276479999,8416.2198766878719,2026-08-20T00:09:10-04:00
02336000,2010-04-30,3520,A,99.675300003840007,8611.9459203317765,2026-08-20T00:09:10-04:00
02336000,2010-05-01,3230,A,91.463414492159998,7902.4390121226243,2026-08-20T00:09:10-04:00
02336000,2010-05-02,1100,A,31.148531251200001,2691.23310010368,2026-08-20T00:09:10-04:00
02336000,2010-05-03,7420,A,210.11100171264002,18153.590547972097,2026-08-20T00:09:10-04:00
02336000,2010-05-04,4620,A,130.82383125504001,11303.179020435457,2026-08-20T00:09:10-04:00
02336000,2010-05-05,5650,A,159.99018324479999,13823.151832350721,2026-08-20T00:09:10-04:00
02336000,2010-05-06,6330,A,179.24563892736001,15486.823203323904,2026-08-20T00:09:10-04:00
02336000,2010-05-07,6280,A,177.82979659776001,15364.494426046465,2026-08-20T00:09:10-04:00
02336000,2010-05-08,5110,A,144.69908608512,12502.001037754368,2026-08-20T00:09:10-04:00
02336000,2010-05-09,4060,A,114.96639716352,9933.0967149281278,2026-08-20T00:09:10-04:00
02336000,2010-05-10,3760,A,106.47134318592001,9199.1240512634886,2026-08-20T00:09:10-04:00
02336000,2010-05-11,3270,A,92.596088355839996,8000.3020339445766,2026-08-20T00:09:10-04:00
02336000,2010-05-12,2550,A,72.207958809600001,6238.7676411494404,2026-08-20T00:09:10-04:00
02336000,2010-05-13,3230,A,91.463414492159998,7902.4390121226243,2026-08-20T00:09:10-04:00
02336000,2010-05-14,3270,A,92.596088355839996,8000.3020339445766,2026-08-20T00:09:10-04:00
02336000,2010-05-15,3500,A,99.108963072000009,8563.0144094208008,2026-08-20T00:09:10-04:00
02336000,2010-05-16,1520,A,43.041606819839998,3718.7948292341762,2026-08-20T00:09:10-04:00
02336000,2010-05-17,1800,A,50.970323865600001,4403.8359819878406,2026-08-20T00:09:10-04:00
02336000,2010-05-18,5140,A,145.54859148288,12575.398304120832,2026-08-20T00:09:10-04:00
02336000,2010-05-19,4570,A,129.40798892544001,11180.850243158016,2026-08-20T00:09:10-04:00
02336000,2010-05-20,3160,A,89.481235230720003,7731.1787239342084,2026-08-20T00:09:10-04:00
02336000,2010-05-21,3340,A,94.578267617280005,8171.5623221329924,2026-08-20T00:09:10-04:00
02336000,2010-05-22,2990,A,84.66737131008,7315.2608811909122,2026-08-20T00:09:10-04:00
02336000,2010-05-23,1000,A,28.316846592000001,2446.5755455488002,2026-08-20T00:09:10-04:00
02336000,2010-05-24,1100,A,31.148531251200001,2691.23310010368,2026-08-20T00:09:10-04:00
02336000,2010-05-25,3120,A,88.348561367040006,7633.3157021122561,2026-08-20T00:09:10-04:00
02336000,2010-05-26,4110,A,116.38223949312,10055.425492205568,2026-08-20T00:09:10-04:00
02336000,2010-05-27,4430,A,125.44363040256,10838.329666781185,2026-08-20T00:09:10-04:00
02336000,2010-05-28,5180,A,146.68126534656,12673.261325942784,2026-08-20T00:09:10-04:00
02336000,2010-05-29,3520,A,99.675300003840007,8611.9459203317765,2026-08-20T00:09:10-04:00
02336000,2010-05-30,1060,A,30.015857387520001,2593.3700782817282,2026-08-20T00:09:10-04:00
02336000,2010-05-31,1550,A,43.891112217600003,3792.1920956006402,2026-08-20T00:09:10-04:00
02336000,2010-06-01,2490,A,70.508948014080005,6091.9731084165123,2026-08-20T00:09:10-04:00
02336000,2010-06-02,4700,A,133.0891789824,11498.905064079361,2026-08-20T00:09:10-04:00
02336000,2010-06-03,3850,A,109.0198593792,9419.3158503628802,2026-08-20T00:09:10-04:00
02336000,2010-06-04,2270,A,64.279241763840005,5553.726488395776,2026-08-20T00:09:10-04:00
02336000,2010-06-05,1650,A,46.722796876800004,4036.8496501555201,2026-08-20T00:09:10-04:00
02336000,2010-06-06,1000,A,28.316846592000001,2446.5755455488002,2026-08-20T00:09:10-04:00
02336000,2010-06-07,1010,A,28.60001505792,2471.041301004288,2026-08-20T00:09:10-04:00
02336000,2010-06-08,2350,A,66.5445894912,5749.4525320396806,2026-08-20T00:09:10-04:00
02336000,2010-06-09,2230,A,63.146567900160001,5455.8634665738246,2026-08-20T00:09:10-04:00
02336000,2010-06-10,2160,A,61.164388638719998,5284.6031783854078,2026-08-20T00:09:10-04:00
02336000,2010-06-11,1530,A,43.324775285759998,3743.260584689664,2026-08-20T00:09:10-04:00
02336000,2010-06-12,1480,A,41.908932956160001,3620.9318074122243,2026-08-20T00:09:10-04:00
02336000,2010-06-13,911,A,25.796647245312002,2228.8303219949566,2026-08-20T00:09:10-04:00
02336000,2010-06-14,925,A,26.193083097600002,2263.0823796326399,2026-08-20T00:09:10-04:00
02336000,2010-06-15,2330,A,65.978252559360001,5700.521021128704,2026-08-20T00:09:10-04:00
02336000,2010-06-16,2480,A,70.225779548160006,6067.5073529610245,2026-08-20T00:09:10-04:00
02336000,2010-06-17,1480,A,41.908932956160001,3620.9318074122243,2026-08-20T00:09:10-04:00
02336000,2010-06-18,2710,A,76.738654264320004,6630.2197284372478,2026-08-20T00:09:10-04:00
02336000,2010-06-19,1790,A,50.687155399680002,4379.3702265323518,2026-08-20T00:09:10-04:00
02336000,2010-06-20,1080,A,30.582194319359999,2642.3015891927039,2026-08-20T00:09:10-04:00
02336000,2010-06-21,1080,A,30.582194319359999,2642.3015891927039,2026-08-20T00:09:10-04:00
02336000,2010-06-22,1570,A,44.457449149440002,3841.1236065116163,2026-08-20T00:09:10-04:00
02336000,2010-06-23,2100,A,59.465377843200002,5137.8086456524798,2026-08-20T00:09:10-04:00
02336000,2010-06-24,1450,A,41.059427558400003,3547.5345410457603,2026-08-20T00:09:10-04:00
02336000,2010-06-25,1460,A,41.342596024320002,3572.0002965012482,2026-08-20T00:09:10-04:00
02336000,2010-06-26,1480,A,41.908932956160001,3620.9318074122243,2026-08-20T00:09:10-04:00
02336000,2010-06-27,1150,A,32.564373580800002,2813.5618773811202,2026-08-20T00:09:10-04:00
02336000,2010-06-28,1090,A,30.865362785280002,2666.7673446481922,2026-08-20T00:09:10-04:00
02336000,2010-06-29,1880,A,53.235671592960003,4599.5620256317443,2026-08-20T00:09:10-04:00
02336000,2010-06-30,1820,A,51.53666079744,4452.7674928988163,2026-08-20T00:09:10-04:00
02336000,2010-07-01,1210,A,34.263384376319998,2960.3564101140482,2026-08-20T00:09:10-04:00
02336000,2010-07-02,2700,A,76.455485798400005,6605.7539729817599,2026-08-20T00:09:10-04:00
02336000,2010-07-03,2140,A,60.59805170688,5235.6716674744321,2026-08-20T00:09:10-04:00
02336000,2010-07-04,1130,A,31.998036648959999,2764.6303664701441,2026-08-20T00:09:10-04:00
02336000,2010-07-05,1100,A,31.148531251200001,2691.23310010368,2026-08-20T00:09:10-04:00
02336000,2010-07-06,1060,A,30.015857387520001,2593.3700782817282,2026-08-20T00:09:10-04:00
02336000,2010-07-07,1280,A,36.24556363776,3131.6166983024641,2026-08-20T00:09:10-04:00
02336000,2010-07-08,2550,A,72.207958809600001,6238.7676411494404,2026-08-20T00:09:10-04:00
02336000,2010-07-09,2980,A,84.384202844160001,7290.7951257354243,2026-08-20T00:09:10-04:00
02336000,2010-07-10,2570,A,72.77429574144,6287.6991520604161,2026-08-20T00:09:10-04:00
02336000,2010-07-11,1060,A,30.015857387520001,2593.3700782817282,2026-08-20T00:09:10-04:00
02336000,2010-07-12,1260,A,35.679226705920001,3082.6851873914879,2026-08-20T00:09:10-04:00
02336000,2010-07-13,1920,A,54.36834545664,4697.4250474536966,2026-08-20T00:09:10-04:00
02336000,2010-07-14,1380,A,39.077248296960001,3376.274252857344,2026-08-20T00:09:10-04:00
02336000,2010-07-15,1760,A,49.837650001920004,4305.9729601658883,2026-08-20T00:09:10-04:00
02336000,2010-07-16,1390,A,39.36041676288,3400.7400083128323,2026-08-20T00:09:10-04:00
02336000,2010-07-17,2580,A,73.057464207359999,6312.1649075159039,2026-08-20T00:09:10-04:00
02336000,2010-07-18,1650,A,46.722796876800004,4036.8496501555201,2026-08-20T00:09:10-04:00
02336000,2010-07-19,1360,A,38.510911365120002,3327.3427419463683,2026-08-20T00:09:10-04:00
02336000,2010-07-20,1350,A,38.227742899200003,3302.87698649088,2026-08-20T00:09:10-04:00
02336000,2010-07-21,1800,A,50.970323865600001,4403.8359819878406,2026-08-20T00:09:10-04:00
02336000,2010-07-22,1540,A,43.607943751680004,3767.7263401451523,2026-08-20T00:09:10-04:00
02336000,2010-07-23,1110,A,31.431699717120001,2715.6988555591679,2026-08-20T00:09:10-04:00
02336000,2010-07-24,1230,A,34.829721308160003,3009.2879210250239,2026-08-20T00:09:10-04:00
02336000,2010-07-25,1120,A,31.71486818304,2740.1646110146562,2026-08-20T00:09:10-04:00
02336000,2010-07-26,1340,A,37.944574433280003,3278.4112310353921,2026-08-20T00:09:10-04:00
02336000,2010-07-27,2510,A,71.075284945920004,6140.904619327488,2026-08-20T00:09:10-04:00
02336000,2010-07-28,1400,A,39.643585228799999,3425.2057637683201,2026-08-20T00:09:10-04:00
02336000,2010-07-29,1510,A,42.758438353919999,3694.3290737786883,2026-08-20T00:09:10-04:00
02336000,2010-07-30,1200,A,33.980215910399998,2935.8906546585599,2026-08-20T00:09:10-04:00
02336000,2010-07-31,1280,A,36.24556363776,3131.6166983024641,2026-08-20T00:09:10-04:00
02336000,2010-08-01,1130,A,31.998036648959999,2764.6303664701441,2026-08-20T00:09:10-04:00
02336000,2010-08-02,1120,A,31.71486818304,2740.1646110146562,2026-08-20T00:09:10-04:00
02336000,2010-08-03,1340,A,37.944574433280003,3278.4112310353921,2026-08-20T00:09:10-04:00
02336000,2010-08-04,2200,A,62.297062502400003,5382.4662002073601,2026-08-20T00:09:10-04:00
02336000,2010-08-05,1410,A,39.926753694719999,3449.671519223808,2026-08-20T00:09:10-04:00
02336000,2010-08-06,2330,A,65.978252559360001,5700.521021128704,2026-08-20T00:09:10-04:00
02336000,2010-08-07,1800,A,50.970323865600001,4403.8359819878406,2026-08-20T00:09:10-04:00
02336000,2010-08-08,1100,A,31.148531251200001,2691.23310010368,2026-08-20T00:09:10-04:00
02336000,2010-08-09,1110,A,31.431699717120001,2715.6988555591679,2026-08-20T00:09:10-04:00
02336000,2010-08-10,1420,A,40.209922160639998,3474.1372746792963,2026-08-20T00:09:10-04:00
02336000,2010-08-11,2010,A,56.916861649920001,4917.6168465530882,2026-08-20T00:09:10-04:00
02336000,2010-08-12,1560,A,44.174280683520003,3816.657851056128,2026-08-20T00:09:10-04:00
02336000,2010-08-13,2710,A,76.738654264320004,6630.2197284372478,2026-08-20T00:09:10-04:00
02336000,2010-08-14,1730,A,48.988144604159999,4232.5756937994238,2026-08-20T00:09:10-04:00
02336000,2010-08-15,1100,A,31.148531251200001,2691.23310010368,2026-08-20T00:09:10-04:00
02336000,2010-08-16,1140,A,32.281205114880002,2789.0961219256319,2026-08-20T00:09:10-04:00
02336000,2010-08-17,1550,A,43.891112217600003,3792.1920956006402,2026-08-20T00:09:10-04:00
02336000,2010-08-18,1900,A,53.802008524800002,4648.49353654272,2026-08-20T00:09:10-04:00
02336000,2010-08-19,1990,A,56.350524718080003,4868.6853356421125,2026-08-20T00:09:10-04:00
02336000,2010-08-20,2120,A,60.031714775040001,5186.7401565634564,2026-08-20T00:09:10-04:00
02336000,2010-08-21,4850,A,137.33670597119999,11865.89139591168,2026-08-20T00:09:10-04:00
02336000,2010-08-22,2580,A,73.057464207359999,6312.1649075159039,2026-08-20T00:09:10-04:00
02336000,2010-08-23,1180,A,33.41387897856,2886.9591437475842,2026-08-20T00:09:10-04:00
02336000,2010-08-24,2070,A,58.615872445440004,5064.4113792860162,2026-08-20T00:09:10-04:00
02336000,2010-08-25,2080,A,58.899040911360004,5088.8771347415041,2026-08-20T00:09:10-04:00
02336000,2010-08-26,1690,A,47.855470740480001,4134.7126719774724,2026-08-20T00:09:10-04:00
02336000,2010-08-27,2870,A,81.269349719040008,7021.6718157250561,2026-08-20T00:09:10-04:00
02336000,2010-08-28,1610,A,45.590123013119999,3938.9866283335682,2026-08-20T00:09:10-04:00
02336000,2010-08-29,1100,A,31.148531251200001,2691.23310010368,2026-08-20T00:09:10-04:00
02336000,2010-08-30,1100,A,31.148531251200001,2691.23310010368,2026-08-20T00:09:10-04:00
02336000,2010-08-31,1620,A,45.873291479039999,3963.4523837890561,2026-08-20T00:09:10-04:00
02336000,2010-09-01,1890,A,53.518840058880002,4624.0277810872321,2026-08-20T00:09:10-04:00
02336000,2010-09-02,2380,A,67.394094888959998,5822.8497984061441,2026-08-20T00:09:10-04:00
02336000,2010-09-03,2110,A,59.748546309120002,5162.2744011079685,2026-08-20T00:09:10-04:00
02336000,2010-09-04,1680,A,47.572302274560002,4110.2469165219845,2026-08-20T00:09:10-04:00
02336000,2010-09-05,1090,A,30.865362785280002,2666.7673446481922,2026-08-20T00:09:10-04:00
02336000,2010-09-06,967,A,27.382390654464,2365.8385525456897,2026-08-20T00:09:10-04:00
02336000,2010-09-07,1020,A,28.88318352384,2495.5070564597759,2026-08-20T00:09:10-04:00
02336000,2010-09-08,2080,A,58.899040911360004,5088.8771347415041,2026-08-20T00:09:10-04:00
02336000,2010-09-09,1270,A,35.962395171840001,3107.1509428469762,2026-08-20T00:09:10-04:00
02336000,2010-09-10,1030,A,29.166351989760003,2519.9728119152642,2026-08-20T00:09:10-04:00
02336000,2010-09-11,1280,A,36.24556363776,3131.6166983024641,2026-08-20T00:09:10-04:00
02336000,2010-09-12,1430,A,40.493090626560004,3498.6030301347841,2026-08-20T00:09:10-04:00
02336000,2010-09-13,1060,A,30.015857387520001,2593.3700782817282,2026-08-20T00:09:10-04:00
02336000,2010-09-14,1490,A,42.19210142208,3645.3975628677122,2026-08-20T00:09:10-04:00
02336000,2010-09-15,1040,A,29.449520455680002,2544.438567370752,2026-08-20T00:09:10-04:00
02336000,2010-09-16,975,A,27.608925427199999,2385.4111569100801,2026-08-20T00:09:10-04:00
02336000,2010-09-17,979,A,27.722192813568,2395.1974590922755,2026-08-20T00:09:10-04:00
02336000,2010-09-18,1200,A,33.980215910399998,2935.8906546585599,2026-08-20T00:09:10-04:00
02336000,2010-09-19,993,A,28.118628665856001,2429.4495167299583,2026-08-20T00:09:10-04:00
02336000,2010-09-20,993,A,28.118628665856001,2429.4495167299583,2026-08-20T00:09:10-04:00
02336000,2010-09-21,986,A,27.920410739712,2412.3234879111169,2026-08-20T00:09:10-04:00
02336000,2010-09-22,982,A,27.807143353343999,2402.5371857289215,2026-08-20T00:09:10-04:00
02336000,2010-09-23,1220,A,34.546552842240004,2984.8221655695361,2026-08-20T00:09:10-04:00
02336000,2010-09-24,1040,A,29.449520455680002,2544.438567370752,2026-08-20T00:09:10-04:00
02336000,2010-09-25,972,A,27.523974887424,2378.0714302734336,2026-08-20T00:09:10-04:00
02336000,2010-09-26,1150,A,32.564373580800002,2813.5618773811202,2026-08-20T00:09:10-04:00
02336000,2010-09-27,1760,A,49.837650001920004,4305.9729601658883,2026-08-20T00:09:10-04:00
02336000,2010-09-28,2290,A,64.845578695680004,5602.6579993067526,2026-08-20T00:09:10-04:00
02336000,2010-09-29,1260,A,35.679226705920001,3082.6851873914879,2026-08-20T00:09:10-04:00
02336000,2010-09-30,1300,A,36.811900569599999,3180.5482092134403,2026-08-20T00:09:10-04:00
02336000,2010-10-01,1030,A,29.166351989760003,2519.9728119152642,2026-08-20T00:09:10-04:00
02336000,2010-10-02,1010,A,28.60001505792,2471.041301004288,2026-08-20T00:09:10-04:00
02336000,2010-10-03,1000,A,28.316846592000001,2446.5755455488002,2026-08-20T00:09:10-04:00
02336000,2010-10-04,1020,A,28.88318352384,2495.5070564597759,2026-08-20T00:09:10-04:00
02336000,2010-10-05,1040,A,29.449520455680002,2544.438567370752,2026-08-20T00:09:10-04:00
02336000,2010-10-06,1390,A,39.36041676288,3400.7400083128323,2026-08-20T00:09:10-04:00
02336000,2010-10-07,1550,A,43.891112217600003,3792.1920956006402,2026-08-20T00:09:10-04:00
02336000,2010-10-08,1510,A,42.758438353919999,3694.3290737786883,2026-08-20T00:09:10-04:00
02336000,2010-10-09,1630,A,46.156459944959998,3987.9181392445439,2026-08-20T00:09:10-04:00
02336000,2010-10-10,990,A,28.033678126080002,2422.1097900933119,2026-08-20T00:09:10-04:00
02336000,2010-10-11,997,A,28.231896052224002,2439.2358189121537,2026-08-20T00:09:10-04:00
02336000,2010-10-12,1500,A,42.475269888,3669.8633183232,2026-08-20T00:09:10-04:00
02336000,2010-10-13,1530,A,43.324775285759998,3743.260584689664,2026-08-20T00:09:10-04:00
02336000,2010-10-14,1550,A,43.891112217600003,3792.1920956006402,2026-08-20T00:09:10-04:00
02336000,2010-10-15,1330,A,37.661405967360004,3253.9454755799043,2026-08-20T00:09:10-04:00
02336000,2010-10-16,1310,A,37.095069035519998,3205.0139646689281,2026-08-20T00:09:10-04:00
02336000,2010-10-17,1030,A,29.166351989760003,2519.9728119152642,2026-08-20T00:09:10-04:00
02336000,2010-10-18,1010,A,28.60001505792,2471.041301004288,2026-08-20T00:09:10-04:00
02336000,2010-10-19,1120,A,31.71486818304,2740.1646110146562,2026-08-20T00:09:10-04:00
02336000,2010-10-20,1480,A,41.908932956160001,3620.9318074122243,2026-08-20T00:09:10-04:00
02336000,2010-10-21,1130,A,31.998036648959999,2764.6303664701441,2026-08-20T00:09:10-04:00
02336000,2010-10-22,1650,A,46.722796876800004,4036.8496501555201,2026-08-20T00:09:10-04:00
02336000,2010-10-23,1740,A,49.271313070079998,4257.0414492549125,2026-08-20T00:09:10-04:00
02336000,2010-10-24,1040,A,29.449520455680002,2544.438567370752,2026-08-20T00:09:10-04:00
02336000,2010-10-25,1140,A,32.281205114880002,2789.0961219256319,2026-08-20T00:09:10-04:00
02336000,2010-10-26,1810,A,51.25349233152,4428.3017374433284,2026-08-20T00:09:10-04:00
02336000,2010-10-27,2980,A,84.384202844160001,7290.7951257354243,2026-08-20T00:09:10-04:00
02336000,2010-10-28,3400,A,96.277278412800001,8318.3568548659205,2026-08-20T00:09:10-04:00
02336000,2010-10-29,2030,A,57.48319858176,4966.5483574640639,2026-08-20T00:09:10-04:00
02336000,2010-10-30,1510,A,42.758438353919999,3694.3290737786883,2026-08-20T00:09:10-04:00
02336000,2010-10-31,1030,A,29.166351989760003,2519.9728119152642,2026-08-20T00:09:10-04:00
02336000,2010-11-01,1030,A,29.166351989760003,2519.9728119152642,2026-08-20T00:09:10-04:00
02336000,2010-11-02,1690,A,47.855470740480001,4134.7126719774724,2026-08-20T00:09:10-04:00
02336000,2010-11-03,1730,A,48.988144604159999,4232.5756937994238,2026-08-20T00:09:10-04:00
02336000,2010-11-04,1700,A,48.138639206400001,4159.1784274329602,2026-08-20T00:09:10-04:00
02336000,2010-11-05,1740,A,49.271313070079998,4257.0414492549125,2026-08-20T00:09:10-04:00
02336000,2010-11-06,1690,A,47.855470740480001,4134.7126719774724,2026-08-20T00:09:10-04:00
02336000,2010-11-07,1150,A,32.564373580800002,2813.5618773811202,2026-08-20T00:09:10-04:00
02336000,2010-11-08,1770,A,50.120818467840003,4330.4387156213761,2026-08-20T00:09:10-04:00
02336000,2010-11-09,2140,A,60.59805170688,5235.6716674744321,2026-08-20T00:09:10-04:00
02336000,2010-11-10,1800,A,50.970323865600001,4403.8359819878406,2026-08-20T00:09:10-04:00
02336000,2010-11-11,1500,A,42.475269888,3669.8633183232,2026-08-20T00:09:10-04:00
02336000,2010-11-12,1490,A,42.19210142208,3645.3975628677122,2026-08-20T00:09:10-04:00
02336000,2010-11-13,1350,A,38.227742899200003,3302.87698649088,2026-08-20T00:09:10-04:00
02336000,2010-11-14,1140,A,32.281205114880002,2789.0961219256319,2026-08-20T00:09:10-04:00
02336000,2010-11-15,1630,A,46.156459944959998,3987.9181392445439,2026-08-20T00:09:10-04:00
02336000,2010-11-16,1250,A,35.396058240000002,3058.2194319360001,2026-08-20T00:09:10-04:00
02336000,2010-11-17,1350,A,38.227742899200003,3302.87698649088,2026-08-20T00:09:10-04:00
02336000,2010-11-18,1620,A,45.873291479039999,3963.4523837890561,2026-08-20T00:09:10-04:00
02336000,2010-11-19,1690,A,47.855470740480001,4134.7126719774724,2026-08-20T00:09:10-04:00
02336000,2010-11-20,1410,A,39.926753694719999,3449.671519223808,2026-08-20T00:09:10-04:00
02336000,2010-11-21,1020,A,28.88318352384,2495.5070564597759,2026-08-20T00:09:10-04:00
02336000,2010-11-22,1020,A,28.88318352384,2495.5070564597759,2026-08-20T00:09:10-04:00
02336000,2010-11-23,1600,A,45.3069545472,3914.5208728780799,2026-08-20T00:09:10-04:00
02336000,2010-11-24,1330,A,37.661405967360004,3253.9454755799043,2026-08-20T00:09:10-04:00
02336000,2010-11-25,1320,A,37.378237501440005,3229.479720124416,2026-08-20T00:09:10-04:00
02336000,2010-11-26,1250,A,35.396058240000002,3058.2194319360001,2026-08-20T00:09:10-04:00
02336000,2010-11-27,1250,A,35.396058240000002,3058.2194319360001,2026-08-20T00:09:10-04:00
02336000,2010-11-28,1060,A,30.015857387520001,2593.3700782817282,2026-08-20T00:09:10-04:00
02336000,2010-11-29,1090,A,30.865362785280002,2666.7673446481922,2026-08-20T00:09:10-04:00
02336000,2010-11-30,3000,A,84.950539775999999,7339.7266366464,2026-08-20T00:09:10-04:00
02336000,2010-12-01,5340,A,151.21196080128001,13064.713413230593,2026-08-20T00:09:10-04:00
02336000,2010-12-02,2260,A,63.996073297919999,5529.2607329402881,2026-08-20T00:09:10-04:00
02336000,2010-12-03,1180,A,33.41387897856,2886.9591437475842,2026-08-20T00:09:10-04:00
02336000,2010-12-04,1080,A,30.582194319359999,2642.3015891927039,2026-08-20T00:09:10-04:00
02336000,2010-12-05,983,A,27.835460199936001,2404.9837612744705,2026-08-20T00:09:10-04:00
02336000,2010-12-06,999,A,28.288529745408002,2444.1289700032512,2026-08-20T00:09:10-04:00
02336000,2010-12-07,1380,A,39.077248296960001,3376.274252857344,2026-08-20T00:09:10-04:00
02336000,2010-12-08,1380,A,39.077248296960001,3376.274252857344,2026-08-20T00:09:10-04:00
02336000,2010-12-09,1630,A,46.156459944959998,3987.9181392445439,2026-08-20T00:09:10-04:00
02336000,2010-12-10,1470,A,41.625764490240002,3596.466051956736,2026-08-20T00:09:10-04:00
02336000,2010-12-11,1250,A,35.396058240000002,3058.2194319360001,2026-08-20T00:09:10-04:00
02336000,2010-12-12,1310,A,37.095069035519998,3205.0139646689281,2026-08-20T00:09:10-04:00
02336000,2010-12-13,1300,A,36.811900569599999,3180.5482092134403,2026-08-20T00:09:10-04:00
02336000,2010-12-14,1470,A,41.625764490240002,3596.466051956736,2026-08-20T00:09:10-04:00
02336000,2010-12-15,1930,A,54.65151392256,4721.8908029091845,2026-08-20T00:09:10-04:00
02336000,2010-12-16,1550,A,43.891112217600003,3792.1920956006402,2026-08-20T00:09:10-04:00
02336000,2010-12-17,1660,A,47.005965342720003,4061.3154056110079,2026-08-20T00:09:10-04:00
02336000,2010-12-18,1300,A,36.811900569599999,3180.5482092134403,2026-08-20T00:09:10-04:00
02336000,2010-12-19,1040,A,29.449520455680002,2544.438567370752,2026-08-20T00:09:10-04:00
02336000,2010-12-20,1090,A,30.865362785280002,2666.7673446481922,2026-08-20T00:09:10-04:00
02336000,2010-12-21,1680,A,47.572302274560002,4110.2469165219845,2026-08-20T00:09:10-04:00
02336000,2010-12-22,1390,A,39.36041676288,3400.7400083128323,2026-08-20T00:09:10-04:00
02336000,2010-12-23,1280,A,36.24556363776,3131.6166983024641,2026-08-20T00:09:10-04:00
02336000,2010-12-24,1200,A,33.980215910399998,2935.8906546585599,2026-08-20T00:09:10-04:00
02336000,2010-12-25,1250,A,35.396058240000002,3058.2194319360001,2026-08-20T00:09:10-04:00
02336000,2010-12-26,1070,A,30.29902585344,2617.835833737216,2026-08-20T00:09:10-04:00
02336000,2010-12-27,1070,A,30.29902585344,2617.835833737216,2026-08-20T00:09:10-04:00
02336000,2010-12-28,1750,A,49.554481536000004,4281.5072047104004,2026-08-20T00:09:10-04:00
02336000,2010-12-29,1280,A,36.24556363776,3131.6166983024641,2026-08-20T00:09:10-04:00
02336000,2010-12-30,1350,A,38.227742899200003,3302.87698649088,2026-08-20T00:09:10-04:00
02336000,2010-12-31,1380,A,39.077248296960001,3376.274252857344,2026-08-20T00:09:10-04:00
02336000,2011-01-01,1960,A,55.501019320320005,4795.288069275648,2026-08-20T00:09:10-04:00
02336000,2011-01-02,2580,A,73.057464207359999,6312.1649075159039,2026-08-20T00:09:10-04:00
02336000,2011-01-03,1430,A,40.493090626560004,3498.6030301347841,2026-08-20T00:09:10-04:00
02336000,2011-01-04,1720,A,48.704976138239999,4208.1099383439359,2026-08-20T00:09:10-04:00
02336000,2011-01-05,1940,A,54.934682388479999,4746.3565583646723,2026-08-20T00:09:10-04:00
02336000,2011-01-06,1850,A,52.386166195200005,4526.1647592652798,2026-08-20T00:09:10-04:00
02336000,2011-01-07,1390,A,39.36041676288,3400.7400083128323,2026-08-20T00:09:10-04:00
02336000,2011-01-08,1290,A,36.528732103679999,3156.082453757952,2026-08-20T00:09:10-04:00
02336000,2011-01-09,989,A,28.005361279488,2419.6632145477633,2026-08-20T00:09:10-04:00
02336000,2011-01-10,1020,A,28.88318352384,2495.5070564597759,2026-08-20T00:09:10-04:00
02336000,2011-01-11,1480,A,41.908932956160001,3620.9318074122243,2026-08-20T00:09:10-04:00
02336000,2011-01-12,1600,A:e,45.3069545472,3914.5208728780799,2026-08-20T00:09:10-04:00
02336000,2011-01-13,1700,A:e,48.138639206400001,4159.1784274329602,2026-08-20T00:09:10-04:00
02336000,2011-01-14,2170,A,61.447557104640005,5309.0689338408965,2026-08-20T00:09:10-04:00
02336000,2011-01-15,2060,A,58.332703979520005,5039.9456238305283,2026-08-20T00:09:10-04:00
02336000,2011-01-16,1010,A,28.60001505792,2471.041301004288,2026-08-20T00:09:10-04:00
02336000,2011-01-17,1020,A,28.88318352384,2495.5070564597759,2026-08-20T00:09:10-04:00
02336000,2011-01-18,1070,A,30.29902585344,2617.835833737216,2026-08-20T00:09:10-04:00
02336000,2011-01-19,1430,A,40.493090626560004,3498.6030301347841,2026-08-20T00:09:10-04:00
02336000,2011-01-20,1490,A,42.19210142208,3645.3975628677122,2026-08-20T00:09:10-04:00
02336000,2011-01-21,1330,A,37.661405967360004,3253.9454755799043,2026-08-20T00:09:10-04:00
02336000,2011-01-22,1160,A,32.847542046720001,2838.0276328366081,2026-08-20T00:09:10-04:00
02336000,2011-01-23,985,A,27.892093893120002,2409.8769123655679,2026-08-20T00:09:10-04:00
02336000,2011-01-24,1040,A,29.449520455680002,2544.438567370752,2026-08-20T00:09:10-04:00
02336000,2011-01-25,1840,A,52.102997729279998,4501.699003809792,2026-08-20T00:09:10-04:00
02336000,2011-01-26,1810,A,51.25349233152,4428.3017374433284,2026-08-20T00:09:10-04:00
02336000,2011-01-27,1650,A,46.722796876800004,4036.8496501555201,2026-08-20T00:09:10-04:00
02336000,2011-01-28,1440,A,40.776259092480004,3523.068785590272,2026-08-20T00:09:10-04:00
02336000,2011-01-29,1180,A,33.41387897856,2886.9591437475842,2026-08-20T00:09:10-04:00
02336000,2011-01-30,992,A,28.090311819264002,2427.0029411844098,2026-08-20T00:09:10-04:00
02336000,2011-01-31,1010,A,28.60001505792,2471.041301004288,2026-08-20T00:09:10-04:00
02336000,2011-02-01,1670,A,47.289133808640003,4085.7811610664962,2026-08-20T00:09:10-04:00
02336000,2011-02-02,4760,A,134.78818977792,11645.699596812288,2026-08-20T00:09:10-04:00
02336000,2011-02-03,3070,A,86.932719037440009,7510.9869248348159,2026-08-20T00:09:10-04:00
02336000,2011-02-04,2920,A,82.685192048640005,7144.0005930024963,2026-08-20T00:09:10-04:00
02336000,2011-02-05,4080,A,115.53273409536,9982.0282258391035,2026-08-20T00:09:10-04:00
02336000,2011-02-06,2310,A,65.411915627520003,5651.5895102177283,2026-08-20T00:09:10-04:00
02336000,2011-02-07,1810,A,51.25349233152,4428.3017374433284,2026-08-20T00:09:10-04:00
02336000,2011-02-08,2100,A,59.465377843200002,5137.8086456524798,2026-08-20T00:09:10-04:00
02336000,2011-02-09,2390,A,67.677263354879997,5847.315553861632,2026-08-20T00:09:10-04:00
02336000,2011-02-10,2110,A,59.748546309120002,5162.2744011079685,2026-08-20T00:09:10-04:00
02336000,2011-02-11,2230,A,63.146567900160001,5455.8634665738246,2026-08-20T00:09:10-04:00
02336000,2011-02-12,1590,A,45.023786081280001,3890.055117422592,2026-08-20T00:09:10-04:00
02336000,2011-02-13,1030,A,29.166351989760003,2519.9728119152642,2026-08-20T00:09:10-04:00
02336000,2011-02-14,1490,A,42.19210142208,3645.3975628677122,2026-08-20T00:09:10-04:00
02336000,2011-02-15,2340,A,66.261421025280001,5724.9867765841918,2026-08-20T00:09:10-04:00
02336000,2011-02-16,1740,A,49.271313070079998,4257.0414492549125,2026-08-20T00:09:10-04:00
02336000,2011-02-17,1800,A,50.970323865600001,4403.8359819878406,2026-08-20T00:09:10-04:00
02336000,2011-02-18,1730,A,48.988144604159999,4232.5756937994238,2026-08-20T00:09:10-04:00
02336000,2011-02-19,1480,A,41.908932956160001,3620.9318074122243,2026-08-20T00:09:10-04:00
02336000,2011-02-20,1020,A,28.88318352384,2495.5070564597759,2026-08-20T00:09:10-04:00
02336000,2011-02-21,1040,A,29.449520455680002,2544.438567370752,2026-08-20T00:09:10-04:00
02336000,2011-02-22,2340,A,66.261421025280001,5724.9867765841918,2026-08-20T00:09:10-04:00
02336000,2011-02-23,2530,A,71.641621877760002,6189.8361302384646,2026-08-20T00:09:10-04:00
02336000,2011-02-24,1290,A,36.528732103679999,3156.082453757952,2026-08-20T00:09:10-04:00
02336000,2011-02-25,1840,A,52.102997729279998,4501.699003809792,2026-08-20T00:09:10-04:00
02336000,2011-02-26,1350,A,38.227742899200003,3302.87698649088,2026-08-20T00:09:10-04:00
02336000,2011-02-27,1070,A,30.29902585344,2617.835833737216,2026-08-20T00:09:10-04:00
02336000,2011-02-28,1290,A,36.528732103679999,3156.082453757952,2026-08-20T00:09:10-04:00
02336000,2011-03-01,3640,A,103.07332159488,8905.5349857976325,2026-08-20T00:09:10-04:00
02336000,2011-03-02,1940,A,54.934682388479999,4746.3565583646723,2026-08-20T00:09:10-04:00
02336000,2011-03-03,3350,A,94.861436083200005,8196.0280775884803,2026-08-20T00:09:10-04:00
02336000,2011-03-04,2570,A,72.77429574144,6287.6991520604161,2026-08-20T00:09:10-04:00
02336000,2011-03-05,2720,A,77.021822730240004,6654.6854838927366,2026-08-20T00:09:10-04:00
02336000,2011-03-06,1970,A,55.784187786240004,4819.7538247311359,2026-08-20T00:09:10-04:00
02336000,2011-03-07,2310,A,65.411915627520003,5651.5895102177283,2026-08-20T00:09:10-04:00
02336000,2011-03-08,6330,A,179.24563892736001,15486.823203323904,2026-08-20T00:09:10-04:00
02336000,2011-03-09,7870,A,222.85358267904002,19254.549543469057,2026-08-20T00:09:10-04:00
02336000,2011-03-10,5130,A,145.26542301696,12550.932548665345,2026-08-20T00:09:10-04:00
02336000,2011-03-11,6980,A,197.65158921216002,17077.097307930624,2026-08-20T00:09:10-04:00
02336000,2011-03-12,6900,A,195.3862414848,16881.371264286721,2026-08-20T00:09:10-04:00
02336000,2011-03-13,6480,A,183.49316591616,15853.809535156224,2026-08-20T00:09:10-04:00
02336000,2011-03-14,6210,A,175.84761733632001,15193.234137858048,2026-08-20T00:09:10-04:00
02336000,2011-03-15,8220,A,232.76447898623999,20110.850984411136,2026-08-20T00:09:10-04:00
02336000,2011-03-16,6920,A,195.95257841663999,16930.302775197695,2026-08-20T00:09:10-04:00
02336000,2011-03-17,7410,A,209.82783324672002,18129.12479251661,2026-08-20T00:09:10-04:00
02336000,2011-03-18,7290,A,206.42981165568,17835.535727050752,2026-08-20T00:09:10-04:00
02336000,2011-03-19,4010,A,113.55055483392,9810.7679376506876,2026-08-20T00:09:10-04:00
02336000,2011-03-20,1100,A,31.148531251200001,2691.23310010368,2026-08-20T00:09:10-04:00
02336000,2011-03-21,1660,A,47.005965342720003,4061.3154056110079,2026-08-20T00:09:10-04:00
02336000,2011-03-22,3840,A,108.73669091328,9394.8500949073932,2026-08-20T00:09:10-04:00
02336000,2011-03-23,3980,A,112.70104943616001,9737.370671284225,2026-08-20T00:09:10-04:00
02336000,2011-03-24,3870,A,109.58619631104,9468.2473612738559,2026-08-20T00:09:10-04:00
02336000,2011-03-25,5680,A,160.83968864255999,13896.549098717185,2026-08-20T00:09:10-04:00
02336000,2011-03-26,2440,A,69.093105684480008,5969.6443311390722,2026-08-20T00:09:10-04:00
02336000,2011-03-27,3940,A,111.56837557248001,9639.5076494622717,2026-08-20T00:09:10-04:00
02336000,2011-03-28,6370,A,180.37831279104,15584.686225145857,2026-08-20T00:09:10-04:00
02336000,2011-03-29,3850,A,109.0198593792,9419.3158503628802,2026-08-20T00:09:10-04:00
02336000,2011-03-30,3320,A,94.011930685440007,8122.6308112220158,2026-08-20T00:09:10-04:00
02336000,2011-03-31,3240,A,91.746582958079998,7926.9047675781121,2026-08-20T00:09:10-04:00
02336000,2011-04-01,5120,A,144.98225455104,12526.466793209856,2026-08-20T00:09:10-04:00
02336000,2011-04-02,4270,A,120.91293494784,10446.877579493377,2026-08-20T00:09:10-04:00
02336000,2011-04-03,2800,A,79.287170457599998,6850.4115275366403,2026-08-20T00:09:10-04:00
02336000,2011-04-04,2560,A,72.49112727552,6263.2333966049282,2026-08-20T00:09:10-04:00
02336000,2011-04-05,3380,A,95.710941480960003,8269.4253439549448,2026-08-20T00:09:10-04:00
02336000,2011-04-06,3170,A,89.764403696640002,7755.6444793896962,2026-08-20T00:09:10-04:00
02336000,2011-04-07,4850,A,137.33670597119999,11865.89139591168,2026-08-20T00:09:10-04:00
02336000,2011-04-08,3520,A,99.675300003840007,8611.9459203317765,2026-08-20T00:09:10-04:00
02336000,2011-04-09,1170,A,33.13071051264,2862.4933882920959,2026-08-20T00:09:10-04:00
02336000,2011-04-10,1520,A,43.041606819839998,3718.7948292341762,2026-08-20T00:09:10-04:00
02336000,2011-04-11,2520,A,71.358453411840003,6165.3703747829759,2026-08-20T00:09:10-04:00
02336000,2011-04-12,3590,A,101.65747926528,8783.2062085201924,2026-08-20T00:09:10-04:00
02336000,2011-04-13,4240,A,120.06342955008,10373.480313126913,2026-08-20T00:09:10-04:00
02336000,2011-04-14,2950,A,83.534697446400003,7217.3978593689599,2026-08-20T00:09:10-04:00
02336000,2011-04-15,4000,A,113.267386368,9786.3021821952007,2026-08-20T00:09:10-04:00
02336000,2011-04-16,7410,A,209.82783324672002,18129.12479251661,2026-08-20T00:09:10-04:00
02336000,2011-04-17,3670,A,103.92282699264,8978.932252164097,2026-08-20T00:09:10-04:00
02336000,2011-04-18,2780,A,78.72083352576,6801.4800166256646,2026-08-20T00:09:10-04:00
02336000,2011-04-19,5740,A,162.53869943808002,14043.343631450112,2026-08-20T00:09:10-04:00
02336000,2011-04-20,4500,A,127.425809664,11009.589954969601,2026-08-20T00:09:10-04:00
02336000,2011-04-21,6750,A,191.13871449600001,16514.384932454399,2026-08-20T00:09:10-04:00
02336000,2011-04-22,7040,A,199.35060000768001,17223.891840663553,2026-08-20T00:09:10-04:00
02336000,2011-04-23,5520,A,156.30899318784,13505.097011429376,2026-08-20T00:09:10-04:00
02336000,2011-04-24,2000,A,56.633693184000002,4893.1510910976003,2026-08-20T00:09:10-04:00
02336000,2011-04-25,3060,A,86.649550571519995,7486.5211693793281,2026-08-20T00:09:10-04:00
02336000,2011-04-26,5490,A,155.45948779008,13431.699745062913,2026-08-20T00:09:10-04:00
02336000,2011-04-27,4910,A,139.03571676672001,12012.685928644609,2026-08-20T00:09:10-04:00
02336000,2011-04-28,1040,A,29.449520455680002,2544.438567370752,2026-08-20T00:09:10-04:00
02336000,2011-04-29,4530,A,128.27531506176001,11082.987221336065,2026-08-20T00:09:10-04:00
02336000,2011-04-30,5050,A,143.00007528960001,12355.206505021441,2026-08-20T00:09:10-04:00
02336000,2011-05-01,3770,A,106.75451165184001,9223.5898067189755,2026-08-20T00:09:10-04:00
02336000,2011-05-02,3840,A,108.73669091328,9394.8500949073932,2026-08-20T00:09:10-04:00
02336000,2011-05-03,5740,A,162.53869943808002,14043.343631450112,2026-08-20T00:09:10-04:00
02336000,2011-05-04,4930,A,139.60205369856001,12061.617439555584,2026-08-20T00:09:10-04:00
02336000,2011-05-05,6690,A,189.43970370048001,16367.590399721472,2026-08-20T00:09:10-04:00
02336000,2011-05-06,6740,A,190.85554603008001,16489.919176998912,2026-08-20T00:09:10-04:00
02336000,2011-05-07,2060,A,58.332703979520005,5039.9456238305283,2026-08-20T00:09:10-04:00
02336000,2011-05-08,873,A,24.720607074816002,2135.8604512641023,2026-08-20T00:09:10-04:00
02336000,2011-05-09,944,A,26.731103182847999,2309.5673149980671,2026-08-20T00:09:10-04:00
02336000,2011-05-10,3410,A,96.560446878720001,8342.8226103214074,2026-08-20T00:09:10-04:00
02336000,2011-05-11,3770,A,106.75451165184001,9223.5898067189755,2026-08-20T00:09:10-04:00
02336000,2011-05-12,4870,A,137.90304290304002,11914.822906822656,2026-08-20T00:09:10-04:00
02336000,2011-05-13,4710,A,133.37234744832,11523.370819534848,2026-08-20T00:09:10-04:00
02336000,2011-05-14,3990,A,112.98421790208,9761.8364267397119,2026-08-20T00:09:10-04:00
02336000,2011-05-15,1330,A,37.661405967360004,3253.9454755799043,2026-08-20T00:09:10-04:00
02336000,2011-05-16,1710,A,48.42180767232,4183.6441828884481,2026-08-20T00:09:10-04:00
02336000,2011-05-17,3070,A,86.932719037440009,7510.9869248348159,2026-08-20T00:09:10-04:00
02336000,2011-05-18,3640,A,103.07332159488,8905.5349857976325,2026-08-20T00:09:10-04:00
02336000,2011-05-19,3460,A,97.976289208319997,8465.1513875988476,2026-08-20T00:09:10-04:00
02336000,2011-05-20,3380,A,95.710941480960003,8269.4253439549448,2026-08-20T00:09:10-04:00
02336000,2011-05-21,2850,A,80.703012787199995,6972.7403048140804,2026-08-20T00:09:10-04:00
02336000,2011-05-22,1090,A,30.865362785280002,2666.7673446481922,2026-08-20T00:09:10-04:00
02336000,2011-05-23,1670,A,47.289133808640003,4085.7811610664962,2026-08-20T00:09:10-04:00
02336000,2011-05-24,2160,A,61.164388638719998,5284.6031783854078,2026-08-20T00:09:10-04:00
02336000,2011-05-25,1490,A,42.19210142208,3645.3975628677122,2026-08-20T00:09:10-04:00
02336000,2011-05-26,1460,A,41.342596024320002,3572.0002965012482,2026-08-20T00:09:10-04:00
02336000,2011-05-27,2450,A,69.376274150400008,5994.11008659456,2026-08-20T00:09:10-04:00
02336000,2011-05-28,1600,A,45.3069545472,3914.5208728780799,2026-08-20T00:09:10-04:00
02336000,2011-05-29,891,A,25.230310313472,2179.8988110839809,2026-08-20T00:09:10-04:00
02336000,2011-05-30,801,A,22.681794120192002,1959.7070119845889,2026-08-20T00:09:10-04:00
02336000,2011-05-31,1140,A,32.281205114880002,2789.0961219256319,2026-08-20T00:09:10-04:00
02336000,2011-06-01,1580,A,44.740617615360001,3865.5893619671042,2026-08-20T00:09:10-04:00
02336000,2011-06-02,1680,A,47.572302274560002,4110.2469165219845,2026-08-20T00:09:10-04:00
02336000,2011-06-03,1590,A,45.023786081280001,3890.055117422592,2026-08-20T00:09:10-04:00
02336000,2011-06-04,1400,A,39.643585228799999,3425.2057637683201,2026-08-20T00:09:10-04:00
02336000,2011-06-05,958,A,27.127539035136,2343.8193726357504,2026-08-20T00:09:10-04:00
02336000,2011-06-06,984,A,27.863777046528,2407.4303368200194,2026-08-20T00:09:10-04:00
02336000,2011-06-07,2190,A,62.013894036480004,5358.0004447518722,2026-08-20T00:09:10-04:00
02336000,2011-06-08,3190,A,90.330740628480001,7804.5759903006719,2026-08-20T00:09:10-04:00
02336000,2011-06-09,3070,A,86.932719037440009,7510.9869248348159,2026-08-20T00:09:10-04:00
02336000,2011-06-10,2480,A,70.225779548160006,6067.5073529610245,2026-08-20T00:09:10-04:00
02336000,2011-06-11,2420,A,68.526768752639995,5920.7128202280965,2026-08-20T00:09:10-04:00
02336000,2011-06-12,1060,A,30.015857387520001,2593.3700782817282,2026-08-20T00:09:10-04:00
02336000,2011-06-13,1060,A,30.015857387520001,2593.3700782817282,2026-08-20T00:09:10-04:00
02336000,2011-06-14,1950,A,55.217850854399998,4770.8223138201602,2026-08-20T00:09:10-04:00
02336000,2011-06-15,2470,A,69.942611082240006,6043.0415975055366,2026-08-20T00:09:10-04:00
02336000,2011-06-16,5250,A,148.66344460799999,12844.521614131201,2026-08-20T00:09:10-04:00
02336000,2011-06-17,3720,A,105.33866932224001,9101.2610294415372,2026-08-20T00:09:10-04:00
02336000,2011-06-18,2370,A,67.110926423039999,5798.3840429506563,2026-08-20T00:09:10-04:00
02336000,2011-06-19,1160,A,32.847542046720001,2838.0276328366081,2026-08-20T00:09:10-04:00
02336000,2011-06-20,1310,A,37.095069035519998,3205.0139646689281,2026-08-20T00:09:10-04:00
02336000,2011-06-21,2100,A,59.465377843200002,5137.8086456524798,2026-08-20T00:09:10-04:00
02336000,2011-06-22,2920,A,82.685192048640005,7144.0005930024963,2026-08-20T00:09:10-04:00
02336000,2011-06-23,3130,A,88.631729832960005,7657.7814575677439,2026-08-20T00:09:10-04:00
02336000,2011-06-24,2500,A,70.792116480000004,6116.4388638720002,2026-08-20T00:09:10-04:00
02336000,2011-06-25,2640,A,74.756475002880009,6458.9594402488319,2026-08-20T00:09:10-04:00
02336000,2011-06-26,1090,A,30.865362785280002,2666.7673446481922,2026-08-20T00:09:10-04:00
02336000,2011-06-27,1110,A,31.431699717120001,2715.6988555591679,2026-08-20T00:09:10-04:00
02336000,2011-06-28,2090,A,59.182209377280003,5113.3428901969919,2026-08-20T00:09:10-04:00
02336000,2011-06-29,1420,A,40.209922160639998,3474.1372746792963,2026-08-20T00:09:10-04:00
02336000,2011-06-30,1710,A,48.42180767232,4183.6441828884481,2026-08-20T00:09:10-04:00
02336000,2011-07-01,2020,A,57.200030115840001,4942.082602008576,2026-08-20T00:09:10-04:00
02336000,2011-07-02,1260,A,35.679226705920001,3082.6851873914879,2026-08-20T00:09:10-04:00
02336000,2011-07-03,1000,A,28.316846592000001,2446.5755455488002,2026-08-20T00:09:10-04:00
02336000,2011-07-04,1480,A,41.908932956160001,3620.9318074122243,2026-08-20T00:09:10-04:00
02336000,2011-07-05,1400,A,39.643585228799999,3425.2057637683201,2026-08-20T00:09:10-04:00
02336000,2011-07-06,1880,A,53.235671592960003,4599.5620256317443,2026-08-20T00:09:10-04:00
02336000,2011-07-07,2080,A,58.899040911360004,5088.8771347415041,2026-08-20T00:09:10-04:00
02336000,2011-07-08,1750,A,49.554481536000004,4281.5072047104004,2026-08-20T00:09:10-04:00
02336000,2011-07-09,1040,A,29.449520455680002,2544.438567370752,2026-08-20T00:09:10-04:00
02336000,2011-07-10,1050,A,29.732688921600001,2568.9043228262399,2026-08-20T00:09:10-04:00
02336000,2011-07-11,1040,A,29.449520455680002,2544.438567370752,2026-08-20T00:09:10-04:00
02336000,2011-07-12,2370,A,67.110926423039999,5798.3840429506563,2026-08-20T00:09:10-04:00
02336000,2011-07-13,3170,A,89.764403696640002,7755.6444793896962,2026-08-20T00:09:10-04:00
02336000,2011-07-14,1010,A,28.60001505792,2471.041301004288,2026-08-20T00:09:10-04:00
02336000,2011-07-15,1560,A,44.174280683520003,3816.657851056128,2026-08-20T00:09:10-04:00
02336000,2011-07-16,1080,A,30.582194319359999,2642.3015891927039,2026-08-20T00:09:10-04:00
02336000,2011-07-17,998,A,28.260212898816,2441.6823944577027,2026-08-20T00:09:10-04:00
02336000,2011-07-18,1000,A,28.316846592000001,2446.5755455488002,2026-08-20T00:09:10-04:00
02336000,2011-07-19,1040,A,29.449520455680002,2544.438567370752,2026-08-20T00:09:10-04:00
02336000,2011-07-20,1060,A,30.015857387520001,2593.3700782817282,2026-08-20T00:09:10-04:00
02336000,2011-07-21,1280,A,36.24556363776,3131.6166983024641,2026-08-20T00:09:10-04:00
02336000,2011-07-22,2170,A,61.447557104640005,5309.0689338408965,2026-08-20T00:09:10-04:00
02336000,2011-07-23,1650,A,46.722796876800004,4036.8496501555201,2026-08-20T00:09:10-04:00
02336000,2011-07-24,1040,A,29.449520455680002,2544.438567370752,2026-08-20T00:09:10-04:00
02336000,2011-07-25,1480,A,41.908932956160001,3620.9318074122243,2026-08-20T00:09:10-04:00
02336000,2011-07-26,1360,A,38.510911365120002,3327.3427419463683,2026-08-20T00:09:10-04:00
02336000,2011-07-27,1250,A,35.396058240000002,3058.2194319360001,2026-08-20T00:09:10-04:00
02336000,2011-07-28,1070,A,30.29902585344,2617.835833737216,2026-08-20T00:09:10-04:00
02336000,2011-07-29,1020,A,28.88318352384,2495.5070564597759,2026-08-20T00:09:10-04:00
02336000,2011-07-30,1090,A,30.865362785280002,2666.7673446481922,2026-08-20T00:09:10-04:00
02336000,2011-07-31,970,A,27.467341194239999,2373.1782791823362,2026-08-20T00:09:10-04:00
02336000,2011-08-01,969,A,27.439024347648001,2370.7317036367872,2026-08-20T00:09:10-04:00
02336000,2011-08-02,983,A,27.835460199936001,2404.9837612744705,2026-08-20T00:09:10-04:00
02336000,2011-08-03,981,A,27.778826506752001,2400.090610183373,2026-08-20T00:09:10-04:00
02336000,2011-08-04,1830,A,51.819829263359999,4477.2332483543041,2026-08-20T00:09:10-04:00
02336000,2011-08-05,1040,A,29.449520455680002,2544.438567370752,2026-08-20T00:09:10-04:00
02336000,2011-08-06,1590,A,45.023786081280001,3890.055117422592,2026-08-20T00:09:10-04:00
02336000,2011-08-07,1080,A,30.582194319359999,2642.3015891927039,2026-08-20T00:09:10-04:00
02336000,2011-08-08,967,A,27.382390654464,2365.8385525456897,2026-08-20T00:09:10-04:00
02336000,2011-08-09,942,A,26.674469489664002,2304.6741639069696,2026-08-20T00:09:10-04:00
02336000,2011-08-10,962,A,27.240806421504001,2353.6056748179458,2026-08-20T00:09:10-04:00
02336000,2011-08-11,1020,A,28.88318352384,2495.5070564597759,2026-08-20T00:09:10-04:00
02336000,2011-08-12,1010,A,28.60001505792,2471.041301004288,2026-08-20T00:09:10-04:00
02336000,2011-08-13,991,A,28.061994972672,2424.5563656388608,2026-08-20T00:09:10-04:00
02336000,2011-08-14,981,A,27.778826506752001,2400.090610183373,2026-08-20T00:09:10-04:00
02336000,2011-08-15,994,A,28.146945512447999,2431.8960922755073,2026-08-20T00:09:10-04:00
02336000,2011-08-16,1010,A,28.60001505792,2471.041301004288,2026-08-20T00:09:10-04:00
02336000,2011-08-17,1010,A,28.60001505792,2471.041301004288,2026-08-20T00:09:10-04:00
02336000,2011-08-18,1030,A:e,29.166351989760003,2519.9728119152642,2026-08-20T00:09:10-04:00
02336000,2011-08-19,1010,A,28.60001505792,2471.041301004288,2026-08-20T00:09:10-04:00
02336000,2011-08-20,958,A,27.127539035136,2343.8193726357504,2026-08-20T00:09:10-04:00
02336000,2011-08-21,1010,A:e,28.60001505792,2471.041301004288,2026-08-20T00:09:10-04:00
02336000,2011-08-22,960,A:e,27.18417272832,2348.7125237268483,2026-08-20T00:09:10-04:00
02336000,2011-08-23,1250,A,35.396058240000002,3058.2194319360001,2026-08-20T00:09:10-04:00
02336000,2011-08-24,1000,A,28.316846592000001,2446.5755455488002,2026-08-20T00:09:10-04:00
02336000,2011-08-25,1950,A,55.217850854399998,4770.8223138201602,2026-08-20T00:09:10-04:00
02336000,2011-08-26,2130,A,60.31488324096,5211.2059120189442,2026-08-20T00:09:10-04:00
02336000,2011-08-27,1780,A,50.403986933760002,4354.904471076864,2026-08-20T00:09:10-04:00
02336000,2011-08-28,947,A,26.816053722624002,2316.9070416347136,2026-08-20T00:09:10-04:00
02336000,2011-08-29,955,A,27.04258849536,2336.4796459991039,2026-08-20T00:09:10-04:00
02336000,2011-08-30,1380,A,39.077248296960001,3376.274252857344,2026-08-20T00:09:10-04:00
02336000,2011-08-31,2250,A,63.712904832,5504.7949774848003,2026-08-20T00:09:10-04:00
02336000,2011-09-01,2000,A:e,56.633693184000002,4893.1510910976003,2026-08-20T00:09:10-04:00
02336000,2011-09-02,2100,A:e,59.465377843200002,5137.8086456524798,2026-08-20T00:09:10-04:00
02336000,2011-09-03,1930,A,54.65151392256,4721.8908029091845,2026-08-20T00:09:10-04:00
02336000,2011-09-04,992,A,28.090311819264002,2427.0029411844098,2026-08-20T00:09:10-04:00
02336000,2011-09-05,1100,A,31.148531251200001,2691.23310010368,2026-08-20T00:09:10-04:00
02336000,2011-09-06,1080,A,30.582194319359999,2642.3015891927039,2026-08-20T00:09:10-04:00
02336000,2011-09-07,1020,A,28.88318352384,2495.5070564597759,2026-08-20T00:09:10-04:00
02336000,2011-09-08,1500,A,42.475269888,3669.8633183232,2026-08-20T00:09:10-04:00
02336000,2011-09-09,1980,A,56.067356252160003,4844.2195801866237,2026-08-20T00:09:10-04:00
02336000,2011-09-10,1630,A,46.156459944959998,3987.9181392445439,2026-08-20T00:09:10-04:00
02336000,2011-09-11,972,A,27.523974887424,2378.0714302734336,2026-08-20T00:09:10-04:00
02336000,2011-09-12,989,A,28.005361279488,2419.6632145477633,2026-08-20T00:09:10-04:00
02336000,2011-09-13,999,A,28.288529745408002,2444.1289700032512,2026-08-20T00:09:10-04:00
02336000,2011-09-14,2310,A,65.411915627520003,5651.5895102177283,2026-08-20T00:09:10-04:00
02336000,2011-09-15,2340,A,66.261421025280001,5724.9867765841918,2026-08-20T00:09:10-04:00
02336000,2011-09-16,3050,A,86.366382105599996,7462.0554139238402,2026-08-20T00:09:10-04:00
02336000,2011-09-17,3020,A,85.516876707839998,7388.6581475573767,2026-08-20T00:09:10-04:00
02336000,2011-09-18,976,A,27.637242273792001,2387.857732455629,2026-08-20T00:09:10-04:00
02336000,2011-09-19,984,A,27.863777046528,2407.4303368200194,2026-08-20T00:09:10-04:00
02336000,2011-09-20,2220,A,62.863399434240002,5431.3977111183358,2026-08-20T00:09:10-04:00
02336000,2011-09-21,3260,A,92.312919889919996,7975.8362784890878,2026-08-20T00:09:10-04:00
02336000,2011-09-22,3340,A,94.578267617280005,8171.5623221329924,2026-08-20T00:09:10-04:00
02336000,2011-09-23,5080,A,143.84958068736,12428.603771387905,2026-08-20T00:09:10-04:00
02336000,2011-09-24,1290,A,36.528732103679999,3156.082453757952,2026-08-20T00:09:10-04:00
02336000,2011-09-25,1100,A,31.148531251200001,2691.23310010368,2026-08-20T00:09:10-04:00
02336000,2011-09-26,1080,A,30.582194319359999,2642.3015891927039,2026-08-20T00:09:10-04:00
02336000,2011-09-27,2630,A,74.473306536959996,6434.4936847933441,2026-08-20T00:09:10-04:00
02336000,2011-09-28,2090,A,59.182209377280003,5113.3428901969919,2026-08-20T00:09:10-04:00
02336000,2011-09-29,1980,A,56.067356252160003,4844.2195801866237,2026-08-20T00:09:10-04:00
02336000,2011-09-30,1430,A,40.493090626560004,3498.6030301347841,2026-08-20T00:09:10-04:00
02336000,2011-10-01,1330,A,37.661405967360004,3253.9454755799043,2026-08-20T00:09:10-04:00
02336000,2011-10-02,1060,A,30.015857387520001,2593.3700782817282,2026-08-20T00:09:10-04:00
02336000,2011-10-03,1040,A,29.449520455680002,2544.438567370752,2026-08-20T00:09:10-04:00
02336000,2011-10-04,1070,A,30.29902585344,2617.835833737216,2026-08-20T00:09:10-04:00
02336000,2011-10-05,1260,A,35.679226705920001,3082.6851873914879,2026-08-20T00:09:10-04:00
02336000,2011-10-06,1860,A,52.669334661120004,4550.6305147207686,2026-08-20T00:09:10-04:00
02336000,2011-10-07,3050,A,86.366382105599996,7462.0554139238402,2026-08-20T00:09:10-04:00
02336000,2011-10-08,2800,A,79.287170457599998,6850.4115275366403,2026-08-20T00:09:10-04:00
02336000,2011-10-09,1070,A,30.29902585344,2617.835833737216,2026-08-20T00:09:10-04:00
02336000,2011-10-10,1100,A,31.148531251200001,2691.23310010368,2026-08-20T00:09:10-04:00
02336000,2011-10-11,3450,A,97.693120742399998,8440.6856321433606,2026-08-20T00:09:10-04:00
02336000,2011-10-12,3530,A,99.958468469760007,8636.4116757872634,2026-08-20T00:09:10-04:00
02336000,2011-10-13,3500,A,99.108963072000009,8563.0144094208008,2026-08-20T00:09:10-04:00
02336000,2011-10-14,2970,A,84.101034378240001,7266.3293702799365,2026-08-20T00:09:10-04:00
02336000,2011-10-15,2830,A,80.136675855359996,6923.8087939031038,2026-08-20T00:09:10-04:00
02336000,2011-10-16,1060,A,30.015857387520001,2593.3700782817282,2026-08-20T00:09:10-04:00
02336000,2011-10-17,1370,A,38.794079831040001,3351.8084974018561,2026-08-20T00:09:10-04:00
02336000,2011-10-18,3500,A,99.108963072000009,8563.0144094208008,2026-08-20T00:09:10-04:00
02336000,2011-10-19,3490,A,98.825794606080009,8538.548653965312,2026-08-20T00:09:10-04:00
02336000,2011-10-20,2680,A,75.889148866560006,6556.8224620707842,2026-08-20T00:09:10-04:00
02336000,2011-10-21,2630,A,74.473306536959996,6434.4936847933441,2026-08-20T00:09:10-04:00
02336000,2011-10-22,1440,A,40.776259092480004,3523.068785590272,2026-08-20T00:09:10-04:00
02336000,2011-10-23,1100,A,31.148531251200001,2691.23310010368,2026-08-20T00:09:10-04:00
02336000,2011-10-24,1140,A,32.281205114880002,2789.0961219256319,2026-08-20T00:09:10-04:00
02336000,2011-10-25,1270,A,35.962395171840001,3107.1509428469762,2026-08-20T00:09:10-04:00
02336000,2011-10-26,1290,A,36.528732103679999,3156.082453757952,2026-08-20T00:09:10-04:00
02336000,2011-10-27,1440,A,40.776259092480004,3523.068785590272,2026-08-20T00:09:10-04:00
02336000,2011-10-28,1290,A,36.528732103679999,3156.082453757952,2026-08-20T00:09:10-04:00
02336000,2011-10-29,1130,A,31.998036648959999,2764.6303664701441,2026-08-20T00:09:10-04:00
02336000,2011-10-30,1080,A,30.582194319359999,2642.3015891927039,2026-08-20T00:09:10-04:00
02336000,2011-10-31,1080,A,30.582194319359999,2642.3015891927039,2026-08-20T00:09:10-04:00
02336000,2011-11-01,1260,A,35.679226705920001,3082.6851873914879,2026-08-20T00:09:10-04:00
02336000,2011-11-02,2580,A,73.057464207359999,6312.1649075159039,2026-08-20T00:09:10-04:00
02336000,2011-11-03,2830,A,80.136675855359996,6923.8087939031038,2026-08-20T00:09:10-04:00
02336000,2011-11-04,3680,A,104.20599545856,9003.398007619584,2026-08-20T00:09:10-04:00
02336000,2011-11-05,2680,A,75.889148866560006,6556.8224620707842,2026-08-20T00:09:10-04:00
02336000,2011-11-06,1060,A,30.015857387520001,2593.3700782817282,2026-08-20T00:09:10-04:00
02336000,2011-11-07,1080,A,30.582194319359999,2642.3015891927039,2026-08-20T00:09:10-04:00
02336000,2011-11-08,2420,A,68.526768752639995,5920.7128202280965,2026-08-20T00:09:10-04:00
02336000,2011-11-09,3580,A,101.37431079936,8758.7404530647036,2026-08-20T00:09:10-04:00
02336000,2011-11-10,3500,A,99.108963072000009,8563.0144094208008,2026-08-20T00:09:10-04:00
02336000,2011-11-11,3110,A,88.065392901120006,7608.8499466567682,2026-08-20T00:09:10-04:00
02336000,2011-11-12,2740,A,77.588159662080002,6703.6169948037123,2026-08-20T00:09:10-04:00
02336000,2011-11-13,1070,A,30.29902585344,2617.835833737216,2026-08-20T00:09:10-04:00
02336000,2011-11-14,1080,A,30.582194319359999,2642.3015891927039,2026-08-20T00:09:10-04:00
02336000,2011-11-15,2000,A,56.633693184000002,4893.1510910976003,2026-08-20T00:09:10-04:00
02336000,2011-11-16,3050,A,86.366382105599996,7462.0554139238402,2026-08-20T00:09:10-04:00
02336000,2011-11-17,2590,A,73.340632673279998,6336.6306629713918,2026-08-20T00:09:10-04:00
02336000,2011-11-18,1620,A,45.873291479039999,3963.4523837890561,2026-08-20T00:09:10-04:00
02336000,2011-11-19,1330,A,37.661405967360004,3253.9454755799043,2026-08-20T00:09:10-04:00
02336000,2011-11-20,1080,A,30.582194319359999,2642.3015891927039,2026-08-20T00:09:10-04:00
02336000,2011-11-21,1050,A,29.732688921600001,2568.9043228262399,2026-08-20T00:09:10-04:00
02336000,2011-11-22,1510,A,42.758438353919999,3694.3290737786883,2026-08-20T00:09:10-04:00
02336000,2011-11-23,2050,A,58.049535513599999,5015.4798683750405,2026-08-20T00:09:10-04:00
02336000,2011-11-24,1610,A,45.590123013119999,3938.9866283335682,2026-08-20T00:09:10-04:00
02336000,2011-11-25,2880,A,81.552518184960007,7046.137571180544,2026-08-20T00:09:10-04:00
02336000,2011-11-26,2410,A,68.243600286719996,5896.2470647726086,2026-08-20T00:09:10-04:00
02336000,2011-11-27,1150,A,32.564373580800002,2813.5618773811202,2026-08-20T00:09:10-04:00
02336000,2011-11-28,1730,A,48.988144604159999,4232.5756937994238,2026-08-20T00:09:10-04:00
02336000,2011-11-29,2070,A,58.615872445440004,5064.4113792860162,2026-08-20T00:09:10-04:00
02336000,2011-11-30,1260,A,35.679226705920001,3082.6851873914879,2026-08-20T00:09:10-04:00
02336000,2011-12-01,1260,A,35.679226705920001,3082.6851873914879,2026-08-20T00:09:10-04:00
02336000,2011-12-02,1190,A,33.697047444479999,2911.4248992030721,2026-08-20T00:09:10-04:00
02336000,2011-12-03,1390,A,39.36041676288,3400.7400083128323,2026-08-20T00:09:10-04:00
02336000,2011-12-04,890,A,25.201993466880001,2177.452235538432,2026-08-20T00:09:10-04:00
02336000,2011-12-05,880,A,24.918825000960002,2152.9864800829441,2026-08-20T00:09:10-04:00
02336000,2011-12-06,1030,A,29.166351989760003,2519.9728119152642,2026-08-20T00:09:10-04:00
02336000,2011-12-07,2470,A,69.942611082240006,6043.0415975055366,2026-08-20T00:09:10-04:00
02336000,2011-12-08,1940,A,54.934682388479999,4746.3565583646723,2026-08-20T00:09:10-04:00
02336000,2011-12-09,1800,A,50.970323865600001,4403.8359819878406,2026-08-20T00:09:10-04:00
02336000,2011-12-10,1340,A,37.944574433280003,3278.4112310353921,2026-08-20T00:09:10-04:00
02336000,2011-12-11,931,A,26.362984177152001,2277.7618329059328,2026-08-20T00:09:10-04:00
02336000,2011-12-12,933,A,26.419617870336001,2282.6549839970303,2026-08-20T00:09:10-04:00
02336000,2011-12-13,1430,A,40.493090626560004,3498.6030301347841,2026-08-20T00:09:10-04:00
02336000,2011-12-14,1300,A,36.811900569599999,3180.5482092134403,2026-08-20T00:09:10-04:00
02336000,2011-12-15,1110,A,31.431699717120001,2715.6988555591679,2026-08-20T00:09:10-04:00
02336000,2011-12-16,1120,A,31.71486818304,2740.1646110146562,2026-08-20T00:09:10-04:00
02336000,2011-12-17,1030,A,29.166351989760003,2519.9728119152642,2026-08-20T00:09:10-04:00
02336000,2011-12-18,927,A,26.249716790783999,2267.9755307237378,2026-08-20T00:09:10-04:00
02336000,2011-12-19,913,A,25.853280938495999,2233.7234730860546,2026-08-20T00:09:10-04:00
02336000,2011-12-20,1040,A,29.449520455680002,2544.438567370752,2026-08-20T00:09:10-04:00
02336000,2011-12-21,1440,A,40.776259092480004,3523.068785590272,2026-08-20T00:09:10-04:00
02336000,2011-12-22,2220,A,62.863399434240002,5431.3977111183358,2026-08-20T00:09:10-04:00
02336000,2011-12-23,4060,A,114.96639716352,9933.0967149281278,2026-08-20T00:09:10-04:00
02336000,2011-12-24,1810,A,51.25349233152,4428.3017374433284,2026-08-20T00:09:10-04:00
02336000,2011-12-25,1130,A,31.998036648959999,2764.6303664701441,2026-08-20T00:09:10-04:00
02336000,2011-12-26,1360,A,38.510911365120002,3327.3427419463683,2026-08-20T00:09:10-04:00
02336000,2011-12-27,3830,A,108.45352244736,9370.3843394519045,2026-08-20T00:09:10-04:00
02336000,2011-12-28,2680,A,75.889148866560006,6556.8224620707842,2026-08-20T00:09:10-04:00
02336000,2011-12-29,1380,A,39.077248296960001,3376.274252857344,2026-08-20T00:09:10-04:00
02336000,2011-12-30,1170,A,33.13071051264,2862.4933882920959,2026-08-20T00:09:10-04:00
02336000,2011-12-31,972,A,27.523974887424,2378.0714302734336,2026-08-20T00:09:10-04:00
02336000,2012-01-01,925,A,26.193083097600002,2263.0823796326399,2026-08-20T00:09:10-04:00
02336000,2012-01-02,904,A,25.598429319168002,2211.7042931761152,2026-08-20T00:09:10-04:00
02336000,2012-01-03,916,A,25.938231478272002,2241.063199722701,2026-08-20T00:09:10-04:00
02336000,2012-01-04,966,A,27.354073807872002,2363.3919770001407,2026-08-20T00:09:10-04:00
02336000,2012-01-05,1450,A,41.059427558400003,3547.5345410457603,2026-08-20T00:09:10-04:00
02336000,2012-01-06,978,A,27.693875966976002,2392.7508835467265,2026-08-20T00:09:10-04:00
02336000,2012-01-07,1110,A,31.431699717120001,2715.6988555591679,2026-08-20T00:09:10-04:00
02336000,2012-01-08,1030,A,29.166351989760003,2519.9728119152642,2026-08-20T00:09:10-04:00
02336000,2012-01-09,943,A,26.702786336256001,2307.1207394525186,2026-08-20T00:09:10-04:00
02336000,2012-01-10,952,A,26.957637955584001,2329.1399193624575,2026-08-20T00:09:10-04:00
02336000,2012-01-11,1260,A,35.679226705920001,3082.6851873914879,2026-08-20T00:09:10-04:00
02336000,2012-01-12,1180,A,33.41387897856,2886.9591437475842,2026-08-20T00:09:10-04:00
02336000,2012-01-13,936,A,26.504568410112,2289.9947106336767,2026-08-20T00:09:10-04:00
02336000,2012-01-14,924,A,26.164766251008,2260.6358040870914,2026-08-20T00:09:10-04:00
02336000,2012-01-15,930,A,26.334667330560002,2275.3152573603843,2026-08-20T00:09:10-04:00
02336000,2012-01-16,934,A,26.447934716928,2285.1015595425793,2026-08-20T00:09:10-04:00
02336000,2012-01-17,962,A,27.240806421504001,2353.6056748179458,2026-08-20T00:09:10-04:00
02336000,2012-01-18,1120,A,31.71486818304,2740.1646110146562,2026-08-20T00:09:10-04:00
02336000,2012-01-19,982,A,27.807143353343999,2402.5371857289215,2026-08-20T00:09:10-04:00
02336000,2012-01-20,979,A,27.722192813568,2395.1974590922755,2026-08-20T00:09:10-04:00
02336000,2012-01-21,1640,A,46.439628410880005,4012.3838947000322,2026-08-20T00:09:10-04:00
02336000,2012-01-22,2000,A,56.633693184000002,4893.1510910976003,2026-08-20T00:09:10-04:00
02336000,2012-01-23,1900,A,53.802008524800002,4648.49353654272,2026-08-20T00:09:10-04:00
02336000,2012-01-24,1830,A,51.819829263359999,4477.2332483543041,2026-08-20T00:09:10-04:00
02336000,2012-01-25,1150,A,32.564373580800002,2813.5618773811202,2026-08-20T00:09:10-04:00
02336000,2012-01-26,1050,A,29.732688921600001,2568.9043228262399,2026-08-20T00:09:10-04:00
02336000,2012-01-27,1240,A,35.112889774080003,3033.7536764805122,2026-08-20T00:09:10-04:00
02336000,2012-01-28,1030,A,29.166351989760003,2519.9728119152642,2026-08-20T00:09:10-04:00
02336000,2012-01-29,923,A,26.136449404416002,2258.1892285415424,2026-08-20T00:09:10-04:00
02336000,2012-01-30,934,A,26.447934716928,2285.1015595425793,2026-08-20T00:09:10-04:00
02336000,2012-01-31,939,A,26.589518949887999,2297.3344372703232,2026-08-20T00:09:10-04:00
02336000,2012-02-01,963,A,27.269123268095999,2356.0522503634943,2026-08-20T00:09:10-04:00
02336000,2012-02-02,1040,A,29.449520455680002,2544.438567370752,2026-08-20T00:09:10-04:00
02336000,2012-02-03,957,A,27.099222188544001,2341.3727970902019,2026-08-20T00:09:10-04:00
02336000,2012-02-04,978,A,27.693875966976002,2392.7508835467265,2026-08-20T00:09:10-04:00
02336000,2012-02-05,993,A,28.118628665856001,2429.4495167299583,2026-08-20T00:09:10-04:00
02336000,2012-02-06,982,A,27.807143353343999,2402.5371857289215,2026-08-20T00:09:10-04:00
02336000,2012-02-07,951,A,26.929321108991999,2326.693343816909,2026-08-20T00:09:10-04:00
02336000,2012-02-08,968,A,27.410707501056002,2368.2851280912387,2026-08-20T00:09:10-04:00
02336000,2012-02-09,955,A,27.04258849536,2336.4796459991039,2026-08-20T00:09:10-04:00
02336000,2012-02-10,958,A,27.127539035136,2343.8193726357504,2026-08-20T00:09:10-04:00
02336000,2012-02-11,912,A,25.824964091904,2231.2768975405056,2026-08-20T00:09:10-04:00
02336000,2012-02-12,901,A,25.513478779391999,2204.3645665394688,2026-08-20T00:09:10-04:00
02336000,2012-02-13,886,A,25.088726080512,2167.665933356237,2026-08-20T00:09:10-04:00
02336000,2012-02-14,994,A,28.146945512447999,2431.8960922755073,2026-08-20T00:09:10-04:00
02336000,2012-02-15,945,A,26.759420029440001,2312.0138905436161,2026-08-20T00:09:10-04:00
02336000,2012-02-16,1020,A,28.88318352384,2495.5070564597759,2026-08-20T00:09:10-04:00
02336000,2012-02-17,967,A,27.382390654464,2365.8385525456897,2026-08-20T00:09:10-04:00
02336000,2012-02-18,976,A,27.637242273792001,2387.857732455629,2026-08-20T00:09:10-04:00
02336000,2012-02-19,1090,A,30.865362785280002,2666.7673446481922,2026-08-20T00:09:10-04:00
02336000,2012-02-20,968,A,27.410707501056002,2368.2851280912387,2026-08-20T00:09:10-04:00
02336000,2012-02-21,927,A,26.249716790783999,2267.9755307237378,2026-08-20T00:09:10-04:00
02336000,2012-02-22,907,A,25.683379858944001,2219.0440198127617,2026-08-20T00:09:10-04:00
02336000,2012-02-23,898,A,25.428528239616,2197.0248399028224,2026-08-20T00:09:10-04:00
02336000,2012-02-24,1050,A,29.732688921600001,2568.9043228262399,2026-08-20T00:09:10-04:00
02336000,2012-02-25,889,A,25.173676620287999,2175.0056599928835,2026-08-20T00:09:10-04:00
02336000,2012-02-26,882,A,24.975458694144002,2157.8796311740416,2026-08-20T00:09:10-04:00
02336000,2012-02-27,880,A,24.918825000960002,2152.9864800829441,2026-08-20T00:09:10-04:00
02336000,2012-02-28,923,A,26.136449404416002,2258.1892285415424,2026-08-20T00:09:10-04:00
02336000,2012-02-29,939,A,26.589518949887999,2297.3344372703232,2026-08-20T00:09:10-04:00
02336000,2012-03-01,1070,A,30.29902585344,2617.835833737216,2026-08-20T00:09:10-04:00
02336000,2012-03-02,1080,A,30.582194319359999,2642.3015891927039,2026-08-20T00:09:10-04:00
02336000,2012-03-03,4400,A,124.59412500480001,10764.93240041472,2026-08-20T00:09:10-04:00
02336000,2012-03-04,2620,A,74.190138071039996,6410.0279293378562,2026-08-20T00:09:10-04:00
02336000,2012-03-05,1380,A,39.077248296960001,3376.274252857344,2026-08-20T00:09:10-04:00
02336000,2012-03-06,887,A,25.117042927104002,2170.1125089017855,2026-08-20T00:09:10-04:00
02336000,2012-03-07,859,A,24.324171222528001,2101.6083936264195,2026-08-20T00:09:10-04:00
02336000,2012-03-08,862,A,24.409121762304,2108.9481202630654,2026-08-20T00:09:10-04:00
02336000,2012-03-09,1150,A,32.564373580800002,2813.5618773811202,2026-08-20T00:09:10-04:00
02336000,2012-03-10,1200,A,33.980215910399998,2935.8906546585599,2026-08-20T00:09:10-04:00
02336000,2012-03-11,982,A,27.807143353343999,2402.5371857289215,2026-08-20T00:09:10-04:00
02336000,2012-03-12,943,A,26.702786336256001,2307.1207394525186,2026-08-20T00:09:10-04:00
02336000,2012-03-13,993,A,28.118628665856001,2429.4495167299583,2026-08-20T00:09:10-04:00
02336000,2012-03-14,1150,A,32.564373580800002,2813.5618773811202,2026-08-20T00:09:10-04:00
02336000,2012-03-15,964,A,27.297440114688001,2358.4988259090433,2026-08-20T00:09:10-04:00
02336000,2012-03-16,1040,A,29.449520455680002,2544.438567370752,2026-08-20T00:09:10-04:00
02336000,2012-03-17,898,A,25.428528239616,2197.0248399028224,2026-08-20T00:09:10-04:00
02336000,2012-03-18,855,A,24.21090383616,2091.822091444224,2026-08-20T00:09:10-04:00
02336000,2012-03-19,856,A,24.239220682752002,2094.268666989773,2026-08-20T00:09:10-04:00
02336000,2012-03-20,842,A,23.842784830464002,2060.0166093520897,2026-08-20T00:09:10-04:00
02336000,2012-03-21,836,A,23.672883750912,2045.3371560787969,2026-08-20T00:09:10-04:00
02336000,2012-03-22,846,A,23.956052216831999,2069.8029115342847,2026-08-20T00:09:10-04:00
02336000,2012-03-23,999,A,28.288529745408002,2444.1289700032512,2026-08-20T00:09:10-04:00
02336000,2012-03-24,841,A,23.814467983871999,2057.5700338065408,2026-08-20T00:09:10-04:00
02336000,2012-03-25,825,A,23.361398438400002,2018.42482507776,2026-08-20T00:09:10-04:00
02336000,2012-03-26,823,A,23.304764745216001,2013.5316739866626,2026-08-20T00:09:10-04:00
02336000,2012-03-27,813,A,23.021596279296002,1989.0659185311745,2026-08-20T00:09:10-04:00
02336000,2012-03-28,808,A,22.880012046336002,1976.8330408034305,2026-08-20T00:09:10-04:00
02336000,2012-03-29,801,A,22.681794120192002,1959.7070119845889,2026-08-20T00:09:10-04:00
02336000,2012-03-30,820,A,23.219814205440002,2006.1919473500161,2026-08-20T00:09:10-04:00
02336000,2012-03-31,857,A,24.267537529344001,2096.7152425353215,2026-08-20T00:09:10-04:00
02336000,2012-04-01,805,A,22.79506150656,1969.4933141667841,2026-08-20T00:09:10-04:00
02336000,2012-04-02,782,A,22.143774034944002,1913.2220766191617,2026-08-20T00:09:10-04:00
02336000,2012-04-03,763,A,21.605753949696002,1866.7371412537345,2026-08-20T00:09:10-04:00
02336000,2012-04-04,915,A,25.90991463168,2238.6166241771521,2026-08-20T00:09:10-04:00
02336000,2012-04-05,990,A,28.033678126080002,2422.1097900933119,2026-08-20T00:09:10-04:00
02336000,2012-04-06,905,A,25.62674616576,2214.1508687216642,2026-08-20T00:09:10-04:00
02336000,2012-04-07,890,A,25.201993466880001,2177.452235538432,2026-08-20T00:09:10-04:00
02336000,2012-04-08,890,A,25.201993466880001,2177.452235538432,2026-08-20T00:09:10-04:00
02336000,2012-04-09,866,A,24.522389148672001,2118.7344224452609,2026-08-20T00:09:10-04:00
02336000,2012-04-10,853,A,24.154270142975999,2086.9289403531266,2026-08-20T00:09:10-04:00
02336000,2012-04-11,862,A,24.409121762304,2108.9481202630654,2026-08-20T00:09:10-04:00
02336000,2012-04-12,2020,A,57.200030115840001,4942.082602008576,2026-08-20T00:09:10-04:00
02336000,2012-04-13,3080,A,87.215887503360008,7535.4526802903047,2026-08-20T00:09:10-04:00
02336000,2012-04-14,1510,A,42.758438353919999,3694.3290737786883,2026-08-20T00:09:10-04:00
02336000,2012-04-15,902,A,25.541795625984001,2206.8111420850178,2026-08-20T00:09:10-04:00
02336000,2012-04-16,844,A,23.899418523648002,2064.9097604431872,2026-08-20T00:09:10-04:00
02336000,2012-04-17,2900,A,82.118855116800006,7095.0690820915206,2026-08-20T00:09:10-04:00
02336000,2012-04-18,3010,A,85.233708241919999,7364.1923921018879,2026-08-20T00:09:10-04:00
02336000,2012-04-19,2860,A,80.986181253120009,6997.2060602695683,2026-08-20T00:09:10-04:00
02336000,2012-04-20,2810,A,79.570338923519998,6874.8772829921281,2026-08-20T00:09:10-04:00
02336000,2012-04-21,2040,A,57.766367047679999,4991.0141129195517,2026-08-20T00:09:10-04:00
02336000,2012-04-22,908,A,25.711696705535999,2221.4905953583107,2026-08-20T00:09:10-04:00
02336000,2012-04-23,869,A,24.607339688448,2126.0741490819073,2026-08-20T00:09:10-04:00
02336000,2012-04-24,2650,A,75.039643468800008,6483.4251957043198,2026-08-20T00:09:10-04:00
02336000,2012-04-25,1950,A,55.217850854399998,4770.8223138201602,2026-08-20T00:09:10-04:00
02336000,2012-04-26,1380,A,39.077248296960001,3376.274252857344,2026-08-20T00:09:10-04:00
02336000,2012-04-27,2880,A,81.552518184960007,7046.137571180544,2026-08-20T00:09:10-04:00
02336000,2012-04-28,2370,A,67.110926423039999,5798.3840429506563,2026-08-20T00:09:10-04:00
02336000,2012-04-29,905,A,25.62674616576,2214.1508687216642,2026-08-20T00:09:10-04:00
02336000,2012-04-30,874,A,24.748923921408,2138.3070268096512,2026-08-20T00:09:10-04:00
02336000,2012-05-01,2110,A,59.748546309120002,5162.2744011079685,2026-08-20T00:09:10-04:00
02336000,2012-05-02,2330,A,65.978252559360001,5700.521021128704,2026-08-20T00:09:10-04:00
02336000,2012-05-03,1750,A,49.554481536000004,4281.5072047104004,2026-08-20T00:09:10-04:00
02336000,2012-05-04,1670,A,47.289133808640003,4085.7811610664962,2026-08-20T00:09:10-04:00
02336000,2012-05-05,1550,A,43.891112217600003,3792.1920956006402,2026-08-20T00:09:10-04:00
02336000,2012-05-06,1010,A,28.60001505792,2471.041301004288,2026-08-20T00:09:10-04:00
02336000,2012-05-07,1100,A,31.148531251200001,2691.23310010368,2026-08-20T00:09:10-04:00
02336000,2012-05-08,1430,A,40.493090626560004,3498.6030301347841,2026-08-20T00:09:10-04:00
02336000,2012-05-09,1240,A,35.112889774080003,3033.7536764805122,2026-08-20T00:09:10-04:00
02336000,2012-05-10,1180,A,33.41387897856,2886.9591437475842,2026-08-20T00:09:10-04:00
02336000,2012-05-11,1010,A,28.60001505792,2471.041301004288,2026-08-20T00:09:10-04:00
02336000,2012-05-12,983,A,27.835460199936001,2404.9837612744705,2026-08-20T00:09:10-04:00
02336000,2012-05-13,1760,A,49.837650001920004,4305.9729601658883,2026-08-20T00:09:10-04:00
02336000,2012-05-14,1810,A,51.25349233152,4428.3017374433284,2026-08-20T00:09:10-04:00
02336000,2012-05-15,1200,A,33.980215910399998,2935.8906546585599,2026-08-20T00:09:10-04:00
02336000,2012-05-16,958,A,27.127539035136,2343.8193726357504,2026-08-20T00:09:10-04:00
02336000,2012-05-17,1150,A,32.564373580800002,2813.5618773811202,2026-08-20T00:09:10-04:00
02336000,2012-05-18,1200,A:e,33.980215910399998,2935.8906546585599,2026-08-20T00:09:10-04:00
02336000,2012-05-19,1180,A:e,33.41387897856,2886.9591437475842,2026-08-20T00:09:10-04:00
02336000,2012-05-20,960,A,27.18417272832,2348.7125237268483,2026-08-20T00:09:10-04:00
02336000,2012-05-21,918,A,25.994865171456002,2245.9563508137985,2026-08-20T00:09:10-04:00
02336000,2012-05-22,1520,A,43.041606819839998,3718.7948292341762,2026-08-20T00:09:10-04:00
02336000,2012-05-23,966,A,27.354073807872002,2363.3919770001407,2026-08-20T00:09:10-04:00
02336000,2012-05-24,880,A,24.918825000960002,2152.9864800829441,2026-08-20T00:09:10-04:00
02336000,2012-05-25,992,A,28.090311819264002,2427.0029411844098,2026-08-20T00:09:10-04:00
02336000,2012-05-26,974,A,27.580608580608001,2382.9645813645311,2026-08-20T00:09:10-04:00
02336000,2012-05-27,983,A,27.835460199936001,2404.9837612744705,2026-08-20T00:09:10-04:00
02336000,2012-05-28,981,A,27.778826506752001,2400.090610183373,2026-08-20T00:09:10-04:00
02336000,2012-05-29,984,A,27.863777046528,2407.4303368200194,2026-08-20T00:09:10-04:00
02336000,2012-05-30,982,A,27.807143353343999,2402.5371857289215,2026-08-20T00:09:10-04:00
02336000,2012-05-31,1040,A,29.449520455680002,2544.438567370752,2026-08-20T00:09:10-04:00
02336000,2012-06-01,1160,A,32.847542046720001,2838.0276328366081,2026-08-20T00:09:10-04:00
02336000,2012-06-02,1040,A,29.449520455680002,2544.438567370752,2026-08-20T00:09:10-04:00
02336000,2012-06-03,913,A,25.853280938495999,2233.7234730860546,2026-08-20T00:09:10-04:00
02336000,2012-06-04,944,A,26.731103182847999,2309.5673149980671,2026-08-20T00:09:10-04:00
02336000,2012-06-05,1290,A,36.528732103679999,3156.082453757952,2026-08-20T00:09:10-04:00
02336000,2012-06-06,1160,A,32.847542046720001,2838.0276328366081,2026-08-20T00:09:10-04:00
02336000,2012-06-07,946,A,26.787736876032,2314.460466089165,2026-08-20T00:09:10-04:00
02336000,2012-06-08,945,A,26.759420029440001,2312.0138905436161,2026-08-20T00:09:10-04:00
02336000,2012-06-09,1020,A,28.88318352384,2495.5070564597759,2026-08-20T00:09:10-04:00
02336000,2012-06-10,1270,A,35.962395171840001,3107.1509428469762,2026-08-20T00:09:10-04:00
02336000,2012-06-11,1560,A,44.174280683520003,3816.657851056128,2026-08-20T00:09:10-04:00
02336000,2012-06-12,1870,A,52.952503127040004,4575.0962701762564,2026-08-20T00:09:10-04:00
02336000,2012-06-13,1160,A,32.847542046720001,2838.0276328366081,2026-08-20T00:09:10-04:00
02336000,2012-06-14,1040,A,29.449520455680002,2544.438567370752,2026-08-20T00:09:10-04:00
02336000,2012-06-15,974,A,27.580608580608001,2382.9645813645311,2026-08-20T00:09:10-04:00
02336000,2012-06-16,1090,A,30.865362785280002,2666.7673446481922,2026-08-20T00:09:10-04:00
02336000,2012-06-17,937,A,26.532885256704002,2292.4412861792257,2026-08-20T00:09:10-04:00
02336000,2012-06-18,933,A,26.419617870336001,2282.6549839970303,2026-08-20T00:09:10-04:00
02336000,2012-06-19,926,A,26.221399944192001,2265.5289551781889,2026-08-20T00:09:10-04:00
02336000,2012-06-20,1210,A,34.263384376319998,2960.3564101140482,2026-08-20T00:09:10-04:00
02336000,2012-06-21,976,A,27.637242273792001,2387.857732455629,2026-08-20T00:09:10-04:00
02336000,2012-06-22,941,A,26.646152643072,2302.2275883614207,2026-08-20T00:09:10-04:00
02336000,2012-06-23,927,A,26.249716790783999,2267.9755307237378,2026-08-20T00:09:10-04:00
02336000,2012-06-24,879,A,24.890508154368,2150.5399045373952,2026-08-20T00:09:10-04:00
02336000,2012-06-25,931,A,26.362984177152001,2277.7618329059328,2026-08-20T00:09:10-04:00
02336000,2012-06-26,1090,A,30.865362785280002,2666.7673446481922,2026-08-20T00:09:10-04:00
02336000,2012-06-27,948,A,26.844370569216,2319.3536171802625,2026-08-20T00:09:10-04:00
02336000,2012-06-28,928,A,26.278033637376002,2270.4221062692864,2026-08-20T00:09:10-04:00
02336000,2012-06-29,927,A,26.249716790783999,2267.9755307237378,2026-08-20T00:09:10-04:00
02336000,2012-06-30,921,A,26.079815711232001,2253.296077450445,2026-08-20T00:09:10-04:00
02336000,2012-07-01,914,A,25.881597785088001,2236.1700486316031,2026-08-20T00:09:10-04:00
02336000,2012-07-02,921,A,26.079815711232001,2253.296077450445,2026-08-20T00:09:10-04:00
02336000,2012-07-03,1040,A,29.449520455680002,2544.438567370752,2026-08-20T00:09:10-04:00
02336000,2012-07-04,1020,A,28.88318352384,2495.5070564597759,2026-08-20T00:09:10-04:00
02336000,2012-07-05,1000,A,28.316846592000001,2446.5755455488002,2026-08-20T00:09:10-04:00
02336000,2012-07-06,971,A,27.495658040832001,2375.6248547278847,2026-08-20T00:09:10-04:00
02336000,2012-07-07,1020,A,28.88318352384,2495.5070564597759,2026-08-20T00:09:10-04:00
02336000,2012-07-08,924,A,26.164766251008,2260.6358040870914,2026-08-20T00:09:10-04:00
02336000,2012-07-09,937,A,26.532885256704002,2292.4412861792257,2026-08-20T00:09:10-04:00
02336000,2012-07-10,1350,A,38.227742899200003,3302.87698649088,2026-08-20T00:09:10-04:00
02336000,2012-07-11,3220,A,91.180246026239999,7877.9732566671364,2026-08-20T00:09:10-04:00
02336000,2012-07-12,5270,A:e,149.22978153983999,12893.453125042177,2026-08-20T00:09:10-04:00
02336000,2012-07-13,3560,A:e,100.80797386752,8709.8089421537279,2026-08-20T00:09:10-04:00
02336000,2012-07-14,3220,A:e,91.180246026239999,7877.9732566671364,2026-08-20T00:09:10-04:00
02336000,2012-07-15,1090,A,30.865362785280002,2666.7673446481922,2026-08-20T00:09:10-04:00
02336000,2012-07-16,1220,A:e,34.546552842240004,2984.8221655695361,2026-08-20T00:09:10-04:00
02336000,2012-07-17,1580,A:e,44.740617615360001,3865.5893619671042,2026-08-20T00:09:10-04:00
02336000,2012-07-18,1070,A,30.29902585344,2617.835833737216,2026-08-20T00:09:10-04:00
02336000,2012-07-19,1800,A:e,50.970323865600001,4403.8359819878406,2026-08-20T00:09:10-04:00
02336000,2012-07-20,1220,A:e,34.546552842240004,2984.8221655695361,2026-08-20T00:09:10-04:00
02336000,2012-07-21,1250,A:e,35.396058240000002,3058.2194319360001,2026-08-20T00:09:10-04:00
02336000,2012-07-22,1250,A:e,35.396058240000002,3058.2194319360001,2026-08-20T00:09:10-04:00
02336000,2012-07-23,1190,A:e,33.697047444479999,2911.4248992030721,2026-08-20T00:09:10-04:00
02336000,2012-07-24,1220,A:e,34.546552842240004,2984.8221655695361,2026-08-20T00:09:10-04:00
02336000,2012-07-25,1080,A:e,30.582194319359999,2642.3015891927039,2026-08-20T00:09:10-04:00
02336000,2012-07-26,1100,A:e,31.148531251200001,2691.23310010368,2026-08-20T00:09:10-04:00
02336000,2012-07-27,1090,A:e,30.865362785280002,2666.7673446481922,2026-08-20T00:09:10-04:00
02336000,2012-07-28,1080,A:e,30.582194319359999,2642.3015891927039,2026-08-20T00:09:10-04:00
02336000,2012-07-29,1030,A:e,29.166351989760003,2519.9728119152642,2026-08-20T00:09:10-04:00
02336000,2012-07-30,783,A:e,22.172090881536,1915.6686521647105,2026-08-20T00:09:10-04:00
02336000,2012-07-31,1290,A:e,36.528732103679999,3156.082453757952,2026-08-20T00:09:10-04:00
02336000,2012-08-01,1050,A:e,29.732688921600001,2568.9043228262399,2026-08-20T00:09:10-04:00
02336000,2012-08-02,1440,A:e,40.776259092480004,3523.068785590272,2026-08-20T00:09:10-04:00
02336000,2012-08-03,986,A,27.920410739712,2412.3234879111169,2026-08-20T00:09:10-04:00
02336000,2012-08-04,1050,A:e,29.732688921600001,2568.9043228262399,2026-08-20T00:09:10-04:00
02336000,2012-08-05,1050,A,29.732688921600001,2568.9043228262399,2026-08-20T00:09:10-04:00
02336000,2012-08-06,1140,A,32.281205114880002,2789.0961219256319,2026-08-20T00:09:10-04:00
02336000,2012-08-07,1300,A:e,36.811900569599999,3180.5482092134403,2026-08-20T00:09:10-04:00
02336000,2012-08-08,1170,A,33.13071051264,2862.4933882920959,2026-08-20T00:09:10-04:00
02336000,2012-08-09,1260,A:e,35.679226705920001,3082.6851873914879,2026-08-20T00:09:10-04:00
02336000,2012-08-10,1130,A,31.998036648959999,2764.6303664701441,2026-08-20T00:09:10-04:00
02336000,2012-08-11,1180,A,33.41387897856,2886.9591437475842,2026-08-20T00:09:10-04:00
02336000,2012-08-12,1090,A,30.865362785280002,2666.7673446481922,2026-08-20T00:09:10-04:00
02336000,2012-08-13,1090,A,30.865362785280002,2666.7673446481922,2026-08-20T00:09:10-04:00
02336000,2012-08-14,1170,A,33.13071051264,2862.4933882920959,2026-08-20T00:09:10-04:00
02336000,2012-08-15,1130,A,31.998036648959999,2764.6303664701441,2026-08-20T00:09:10-04:00
02336000,2012-08-16,970,A,27.467341194239999,2373.1782791823362,2026-08-20T00:09:10-04:00
02336000,2012-08-17,972,A,27.523974887424,2378.0714302734336,2026-08-20T00:09:10-04:00
02336000,2012-08-18,972,A,27.523974887424,2378.0714302734336,2026-08-20T00:09:10-04:00
02336000,2012-08-19,1000,A,28.316846592000001,2446.5755455488002,2026-08-20T00:09:10-04:00
02336000,2012-08-20,1000,A,28.316846592000001,2446.5755455488002,2026-08-20T00:09:10-04:00
02336000,2012-08-21,1200,A,33.980215910399998,2935.8906546585599,2026-08-20T00:09:10-04:00
02336000,2012-08-22,1040,A,29.449520455680002,2544.438567370752,2026-08-20T00:09:10-04:00
02336000,2012-08-23,974,A,27.580608580608001,2382.9645813645311,2026-08-20T00:09:10-04:00
02336000,2012-08-24,974,A,27.580608580608001,2382.9645813645311,2026-08-20T00:09:10-04:00
02336000,2012-08-25,1040,A,29.449520455680002,2544.438567370752,2026-08-20T00:09:10-04:00
02336000,2012-08-26,986,A,27.920410739712,2412.3234879111169,2026-08-20T00:09:10-04:00
02336000,2012-08-27,974,A,27.580608580608001,2382.9645813645311,2026-08-20T00:09:10-04:00
02336000,2012-08-28,1100,A,31.148531251200001,2691.23310010368,2026-08-20T00:09:10-04:00
02336000,2012-08-29,1510,A:e,42.758438353919999,3694.3290737786883,2026-08-20T00:09:10-04:00
02336000,2012-08-30,1020,A,28.88318352384,2495.5070564597759,2026-08-20T00:09:10-04:00
02336000,2012-08-31,975,A,27.608925427199999,2385.4111569100801,2026-08-20T00:09:10-04:00
02336000,2012-09-01,931,A,26.362984177152001,2277.7618329059328,2026-08-20T00:09:10-04:00
02336000,2012-09-02,936,A,26.504568410112,2289.9947106336767,2026-08-20T00:09:10-04:00
02336000,2012-09-03,943,A,26.702786336256001,2307.1207394525186,2026-08-20T00:09:10-04:00
02336000,2012-09-04,1080,A:e,30.582194319359999,2642.3015891927039,2026-08-20T00:09:10-04:00
02336000,2012-09-05,1160,A:e,32.847542046720001,2838.0276328366081,2026-08-20T00:09:10-04:00
02336000,2012-09-06,1040,A,29.449520455680002,2544.438567370752,2026-08-20T00:09:10-04:00
02336000,2012-09-07,1110,A,31.431699717120001,2715.6988555591679,2026-08-20T00:09:10-04:00
02336000,2012-09-08,993,A,28.118628665856001,2429.4495167299583,2026-08-20T00:09:10-04:00
02336000,2012-09-09,959,A,27.155855881728002,2346.2659481812993,2026-08-20T00:09:10-04:00
02336000,2012-09-10,1060,A,30.015857387520001,2593.3700782817282,2026-08-20T00:09:10-04:00
02336000,2012-09-11,968,A,27.410707501056002,2368.2851280912387,2026-08-20T00:09:10-04:00
02336000,2012-09-12,922,A,26.108132557824,2255.7426529959935,2026-08-20T00:09:10-04:00
02336000,2012-09-13,968,A,27.410707501056002,2368.2851280912387,2026-08-20T00:09:10-04:00
02336000,2012-09-14,944,A,26.731103182847999,2309.5673149980671,2026-08-20T00:09:10-04:00
02336000,2012-09-15,946,A,26.787736876032,2314.460466089165,2026-08-20T00:09:10-04:00
02336000,2012-09-16,928,A,26.278033637376002,2270.4221062692864,2026-08-20T00:09:10-04:00
02336000,2012-09-17,935,A,26.476251563520002,2287.5481350881282,2026-08-20T00:09:10-04:00
02336000,2012-09-18,1130,A,31.998036648959999,2764.6303664701441,2026-08-20T00:09:10-04:00
02336000,2012-09-19,1520,A,43.041606819839998,3718.7948292341762,2026-08-20T00:09:10-04:00
02336000,2012-09-20,1010,A,28.60001505792,2471.041301004288,2026-08-20T00:09:10-04:00
02336000,2012-09-21,983,A,27.835460199936001,2404.9837612744705,2026-08-20T00:09:10-04:00
02336000,2012-09-22,1210,A,34.263384376319998,2960.3564101140482,2026-08-20T00:09:10-04:00
02336000,2012-09-23,898,A,25.428528239616,2197.0248399028224,2026-08-20T00:09:10-04:00
02336000,2012-09-24,943,A,26.702786336256001,2307.1207394525186,2026-08-20T00:09:10-04:00
02336000,2012-09-25,1330,A,37.661405967360004,3253.9454755799043,2026-08-20T00:09:10-04:00
02336000,2012-09-26,941,A,26.646152643072,2302.2275883614207,2026-08-20T00:09:10-04:00
02336000,2012-09-27,927,A,26.249716790783999,2267.9755307237378,2026-08-20T00:09:10-04:00
02336000,2012-09-28,955,A,27.04258849536,2336.4796459991039,2026-08-20T00:09:10-04:00
02336000,2012-09-29,1030,A,29.166351989760003,2519.9728119152642,2026-08-20T00:09:10-04:00
02336000,2012-09-30,1080,A,30.582194319359999,2642.3015891927039,2026-08-20T00:09:10-04:00
02336000,2012-10-01,2270,A,64.279241763840005,5553.726488395776,2026-08-20T00:09:10-04:00
02336000,2012-10-02,5520,A,156.30899318784,13505.097011429376,2026-08-20T00:09:10-04:00
02336000,2012-10-03,3220,A,91.180246026239999,7877.9732566671364,2026-08-20T00:09:10-04:00
02336000,2012-10-04,1200,A,33.980215910399998,2935.8906546585599,2026-08-20T00:09:10-04:00
02336000,2012-10-05,1020,A,28.88318352384,2495.5070564597759,2026-08-20T00:09:10-04:00
02336000,2012-10-06,1060,A,30.015857387520001,2593.3700782817282,2026-08-20T00:09:10-04:00
02336000,2012-10-07,1040,A,29.449520455680002,2544.438567370752,2026-08-20T00:09:10-04:00
02336000,2012-10-08,1050,A,29.732688921600001,2568.9043228262399,2026-08-20T00:09:10-04:00
02336000,2012-10-09,1060,A,30.015857387520001,2593.3700782817282,2026-08-20T00:09:10-04:00
02336000,2012-10-10,1080,A,30.582194319359999,2642.3015891927039,2026-08-20T00:09:10-04:00
02336000,2012-10-11,1180,A,33.41387897856,2886.9591437475842,2026-08-20T00:09:10-04:00
02336000,2012-10-12,1090,A,30.865362785280002,2666.7673446481922,2026-08-20T00:09:10-04:00
02336000,2012-10-13,1100,A,31.148531251200001,2691.23310010368,2026-08-20T00:09:10-04:00
02336000,2012-10-14,1090,A,30.865362785280002,2666.7673446481922,2026-08-20T00:09:10-04:00
02336000,2012-10-15,1130,A,31.998036648959999,2764.6303664701441,2026-08-20T00:09:10-04:00
02336000,2012-10-16,1140,A,32.281205114880002,2789.0961219256319,2026-08-20T00:09:10-04:00
02336000,2012-10-17,1150,A,32.564373580800002,2813.5618773811202,2026-08-20T00:09:10-04:00
02336000,2012-10-18,1070,A,30.29902585344,2617.835833737216,2026-08-20T00:09:10-04:00
02336000,2012-10-19,1160,A,32.847542046720001,2838.0276328366081,2026-08-20T00:09:10-04:00
02336000,2012-10-20,1120,A,31.71486818304,2740.1646110146562,2026-08-20T00:09:10-04:00
02336000,2012-10-21,1100,A:e,31.148531251200001,2691.23310010368,2026-08-20T00:09:10-04:00
02336000,2012-10-22,1110,A:e,31.431699717120001,2715.6988555591679,2026-08-20T00:09:10-04:00
02336000,2012-10-23,1290,A,36.528732103679999,3156.082453757952,2026-08-20T00:09:10-04:00
02336000,2012-10-24,1110,A,31.431699717120001,2715.6988555591679,2026-08-20T00:09:10-04:00
02336000,2012-10-25,1050,A,29.732688921600001,2568.9043228262399,2026-08-20T00:09:10-04:00
02336000,2012-10-26,1070,A,30.29902585344,2617.835833737216,2026-08-20T00:09:10-04:00
02336000,2012-10-27,1060,A,30.015857387520001,2593.3700782817282,2026-08-20T00:09:10-04:00
02336000,2012-10-28,1090,A,30.865362785280002,2666.7673446481922,2026-08-20T00:09:10-04:00
02336000,2012-10-29,1080,A,30.582194319359999,2642.3015891927039,2026-08-20T00:09:10-04:00
02336000,2012-10-30,2750,A,77.871328128000002,6728.0827502592001,2026-08-20T00:09:10-04:00
02336000,2012-10-31,2870,A,81.269349719040008,7021.6718157250561,2026-08-20T00:09:10-04:00
02336000,2012-11-01,3420,A,96.84361534464,8367.2883657768962,2026-08-20T00:09:10-04:00
02336000,2012-11-02,3270,A,92.596088355839996,8000.3020339445766,2026-08-20T00:09:10-04:00
02336000,2012-11-03,2590,A,73.340632673279998,6336.6306629713918,2026-08-20T00:09:10-04:00
02336000,2012-11-04,1350,A,38.227742899200003,3302.87698649088,2026-08-20T00:09:10-04:00
02336000,2012-11-05,1910,A,54.085176990720001,4672.9592919982078,2026-08-20T00:09:10-04:00
02336000,2012-11-06,4390,A,124.31095653888001,10740.466644959233,2026-08-20T00:09:10-04:00
02336000,2012-11-07,4070,A,115.24956562944,9957.5624703836165,2026-08-20T00:09:10-04:00
02336000,2012-11-08,4480,A,126.85947273216,10960.658444058625,2026-08-20T00:09:10-04:00
02336000,2012-11-09,4450,A,126.0099673344,10887.26117769216,2026-08-20T00:09:10-04:00
02336000,2012-11-10,3690,A,104.48916392448,9027.8637630750727,2026-08-20T00:09:10-04:00
02336000,2012-11-11,2940,A,83.251528980480003,7192.932103913472,2026-08-20T00:09:10-04:00
02336000,2012-11-12,2260,A,63.996073297919999,5529.2607329402881,2026-08-20T00:09:10-04:00
02336000,2012-11-13,3690,A,104.48916392448,9027.8637630750727,2026-08-20T00:09:10-04:00
02336000,2012-11-14,3660,A,103.63965852672,8954.4664967086082,2026-08-20T00:09:10-04:00
02336000,2012-11-15,3600,A,101.9406477312,8807.6719639756811,2026-08-20T00:09:10-04:00
02336000,2012-11-16,4620,A,130.82383125504001,11303.179020435457,2026-08-20T00:09:10-04:00
02336000,2012-11-17,1770,A,50.120818467840003,4330.4387156213761,2026-08-20T00:09:10-04:00
02336000,2012-11-18,1590,A,45.023786081280001,3890.055117422592,2026-08-20T00:09:10-04:00
02336000,2012-11-19,2560,A,72.49112727552,6263.2333966049282,2026-08-20T00:09:10-04:00
02336000,2012-11-20,2120,A,60.031714775040001,5186.7401565634564,2026-08-20T00:09:10-04:00
02336000,2012-11-21,2600,A,73.623801139199998,6361.0964184268805,2026-08-20T00:09:10-04:00
02336000,2012-11-22,2090,A,59.182209377280003,5113.3428901969919,2026-08-20T00:09:10-04:00
02336000,2012-11-23,2880,A,81.552518184960007,7046.137571180544,2026-08-20T00:09:10-04:00
02336000,2012-11-24,1930,A,54.65151392256,4721.8908029091845,2026-08-20T00:09:10-04:00
02336000,2012-11-25,1420,A,40.209922160639998,3474.1372746792963,2026-08-20T00:09:10-04:00
02336000,2012-11-26,3200,A,90.6139090944,7829.0417457561598,2026-08-20T00:09:10-04:00
02336000,2012-11-27,1910,A,54.085176990720001,4672.9592919982078,2026-08-20T00:09:10-04:00
02336000,2012-11-28,2580,A,73.057464207359999,6312.1649075159039,2026-08-20T00:09:10-04:00
02336000,2012-11-29,2560,A,72.49112727552,6263.2333966049282,2026-08-20T00:09:10-04:00
02336000,2012-11-30,1760,A,49.837650001920004,4305.9729601658883,2026-08-20T00:09:10-04:00
02336000,2012-12-01,1730,A,48.988144604159999,4232.5756937994238,2026-08-20T00:09:10-04:00
02336000,2012-12-02,1760,A,49.837650001920004,4305.9729601658883,2026-08-20T00:09:10-04:00
02336000,2012-12-03,2420,A,68.526768752639995,5920.7128202280965,2026-08-20T00:09:10-04:00
02336000,2012-12-04,2390,A,67.677263354879997,5847.315553861632,2026-08-20T00:09:10-04:00
02336000,2012-12-05,2250,A,63.712904832,5504.7949774848003,2026-08-20T00:09:10-04:00
02336000,2012-12-06,2080,A,58.899040911360004,5088.8771347415041,2026-08-20T00:09:10-04:00
02336000,2012-12-07,1530,A,43.324775285759998,3743.260584689664,2026-08-20T00:09:10-04:00
02336000,2012-12-08,1430,A,40.493090626560004,3498.6030301347841,2026-08-20T00:09:10-04:00
02336000,2012-12-09,1600,A,45.3069545472,3914.5208728780799,2026-08-20T00:09:10-04:00
02336000,2012-12-10,1610,A,45.590123013119999,3938.9866283335682,2026-08-20T00:09:10-04:00
02336000,2012-12-11,1730,A,48.988144604159999,4232.5756937994238,2026-08-20T00:09:10-04:00
02336000,2012-12-12,1570,A,44.457449149440002,3841.1236065116163,2026-08-20T00:09:10-04:00
02336000,2012-12-13,1290,A,36.528732103679999,3156.082453757952,2026-08-20T00:09:10-04:00
02336000,2012-12-14,1280,A,36.24556363776,3131.6166983024641,2026-08-20T00:09:10-04:00
02336000,2012-12-15,1510,A,42.758438353919999,3694.3290737786883,2026-08-20T00:09:10-04:00
02336000,2012-12-16,1400,A,39.643585228799999,3425.2057637683201,2026-08-20T00:09:10-04:00
02336000,2012-12-17,1700,A,48.138639206400001,4159.1784274329602,2026-08-20T00:09:10-04:00
02336000,2012-12-18,1760,A,49.837650001920004,4305.9729601658883,2026-08-20T00:09:10-04:00
02336000,2012-12-19,1510,A,42.758438353919999,3694.3290737786883,2026-08-20T00:09:10-04:00
02336000,2012-12-20,1680,A,47.572302274560002,4110.2469165219845,2026-08-20T00:09:10-04:00
02336000,2012-12-21,2580,A,73.057464207359999,6312.1649075159039,2026-08-20T00:09:10-04:00
02336000,2012-12-22,1540,A,43.607943751680004,3767.7263401451523,2026-08-20T00:09:10-04:00
02336000,2012-12-23,1060,A,30.015857387520001,2593.3700782817282,2026-08-20T00:09:10-04:00
02336000,2012-12-24,1180,A,33.41387897856,2886.9591437475842,2026-08-20T00:09:10-04:00
02336000,2012-12-25,1420,A,40.209922160639998,3474.1372746792963,2026-08-20T00:09:10-04:00
02336000,2012-12-26,4910,A,139.03571676672001,12012.685928644609,2026-08-20T00:09:10-04:00
02336000,2012-12-27,2650,A,75.039643468800008,6483.4251957043198,2026-08-20T00:09:10-04:00
02336000,2012-12-28,1560,A,44.174280683520003,3816.657851056128,2026-08-20T00:09:10-04:00
02336000,2012-12-29,2540,A,71.924790343680002,6214.3018856939525,2026-08-20T00:09:10-04:00
02336000,2012-12-30,1430,A,40.493090626560004,3498.6030301347841,2026-08-20T00:09:10-04:00
02336000,2012-12-31,1340,A,37.944574433280003,3278.4112310353921,2026-08-20T00:09:10-04:00
02336000,2013-01-01,2320,A,65.695084093440002,5676.0552656732161,2026-08-20T00:09:10-04:00
02336000,2013-01-02,3490,A,98.825794606080009,8538.548653965312,2026-08-20T00:09:10-04:00
02336000,2013-01-03,1750,A,49.554481536000004,4281.5072047104004,2026-08-20T00:09:10-04:00
02336000,2013-01-04,1080,A,30.582194319359999,2642.3015891927039,2026-08-20T00:09:10-04:00
02336000,2013-01-05,1070,A,30.29902585344,2617.835833737216,2026-08-20T00:09:10-04:00
02336000,2013-01-06,841,A,23.814467983871999,2057.5700338065408,2026-08-20T00:09:10-04:00
02336000,2013-01-07,911,A,25.796647245312002,2228.8303219949566,2026-08-20T00:09:10-04:00
02336000,2013-01-08,1120,A,31.71486818304,2740.1646110146562,2026-08-20T00:09:10-04:00
02336000,2013-01-09,880,A,24.918825000960002,2152.9864800829441,2026-08-20T00:09:10-04:00
02336000,2013-01-10,1090,A,30.865362785280002,2666.7673446481922,2026-08-20T00:09:10-04:00
02336000,2013-01-11,830,A,23.502982671360002,2030.657702805504,2026-08-20T00:09:10-04:00
02336000,2013-01-12,1020,A,28.88318352384,2495.5070564597759,2026-08-20T00:09:10-04:00
02336000,2013-01-13,884,A,25.032092387327999,2162.7727822651391,2026-08-20T00:09:10-04:00
02336000,2013-01-14,1490,A,42.19210142208,3645.3975628677122,2026-08-20T00:09:10-04:00
02336000,2013-01-15,2090,A,59.182209377280003,5113.3428901969919,2026-08-20T00:09:10-04:00
02336000,2013-01-16,3060,A,86.649550571519995,7486.5211693793281,2026-08-20T00:09:10-04:00
02336000,2013-01-17,3280,A,92.879256821760009,8024.7677894000644,2026-08-20T00:09:10-04:00
02336000,2013-01-18,3090,A,87.499055969280008,7559.9184357457925,2026-08-20T00:09:10-04:00
02336000,2013-01-19,1620,A,45.873291479039999,3963.4523837890561,2026-08-20T00:09:10-04:00
02336000,2013-01-20,1210,A,34.263384376319998,2960.3564101140482,2026-08-20T00:09:10-04:00
02336000,2013-01-21,1010,A,28.60001505792,2471.041301004288,2026-08-20T00:09:10-04:00
02336000,2013-01-22,893,A,25.286944006656,2184.7919621750784,2026-08-20T00:09:10-04:00
02336000,2013-01-23,1070,A,30.29902585344,2617.835833737216,2026-08-20T00:09:10-04:00
02336000,2013-01-24,840,A,23.786151137280001,2055.1234582609923,2026-08-20T00:09:10-04:00
02336000,2013-01-25,839,A,23.757834290687999,2052.6768827154433,2026-08-20T00:09:10-04:00
02336000,2013-01-26,802,A,22.710110966784001,1962.1535875301377,2026-08-20T00:09:10-04:00
02336000,2013-01-27,826,A,23.389715284992,2020.8714006233088,2026-08-20T00:09:10-04:00
02336000,2013-01-28,847,A,23.984369063424001,2072.2494870798337,2026-08-20T00:09:10-04:00
02336000,2013-01-29,882,A,24.975458694144002,2157.8796311740416,2026-08-20T00:09:10-04:00
02336000,2013-01-30,2160,A,61.164388638719998,5284.6031783854078,2026-08-20T00:09:10-04:00
02336000,2013-01-31,4360,A,123.46145114112001,10667.069378592769,2026-08-20T00:09:10-04:00
02336000,2013-02-01,2290,A,64.845578695680004,5602.6579993067526,2026-08-20T00:09:10-04:00
02336000,2013-02-02,1080,A,30.582194319359999,2642.3015891927039,2026-08-20T00:09:10-04:00
02336000,2013-02-03,1160,A,32.847542046720001,2838.0276328366081,2026-08-20T00:09:10-04:00
02336000,2013-02-04,927,A,26.249716790783999,2267.9755307237378,2026-08-20T00:09:10-04:00
02336000,2013-02-05,825,A,23.361398438400002,2018.42482507776,2026-08-20T00:09:10-04:00
02336000,2013-02-06,825,A,23.361398438400002,2018.42482507776,2026-08-20T00:09:10-04:00
02336000,2013-02-07,868,A,24.579022841856002,2123.6275735363583,2026-08-20T00:09:10-04:00
02336000,2013-02-08,933,A,26.419617870336001,2282.6549839970303,2026-08-20T00:09:10-04:00
02336000,2013-02-09,855,A,24.21090383616,2091.822091444224,2026-08-20T00:09:10-04:00
02336000,2013-02-10,1190,A,33.697047444479999,2911.4248992030721,2026-08-20T00:09:10-04:00
02336000,2013-02-11,3650,A,103.3564900608,8930.0007412531195,2026-08-20T00:09:10-04:00
02336000,2013-02-12,2270,A,64.279241763840005,5553.726488395776,2026-08-20T00:09:10-04:00
02336000,2013-02-13,1400,A,39.643585228799999,3425.2057637683201,2026-08-20T00:09:10-04:00
02336000,2013-02-14,1200,A,33.980215910399998,2935.8906546585599,2026-08-20T00:09:10-04:00
02336000,2013-02-15,946,A,26.787736876032,2314.460466089165,2026-08-20T00:09:10-04:00
02336000,2013-02-16,897,A,25.400211393024001,2194.5782643572738,2026-08-20T00:09:10-04:00
02336000,2013-02-17,861,A,24.380804915712002,2106.5015447175169,2026-08-20T00:09:10-04:00
02336000,2013-02-18,840,A,23.786151137280001,2055.1234582609923,2026-08-20T00:09:10-04:00
02336000,2013-02-19,974,A,27.580608580608001,2382.9645813645311,2026-08-20T00:09:10-04:00
02336000,2013-02-20,1090,A,30.865362785280002,2666.7673446481922,2026-08-20T00:09:10-04:00
02336000,2013-02-21,885,A,25.060409233920002,2165.2193578106881,2026-08-20T00:09:10-04:00
02336000,2013-02-22,2950,A,83.534697446400003,7217.3978593689599,2026-08-20T00:09:10-04:00
02336000,2013-02-23,5040,A,142.71690682368001,12330.740749565952,2026-08-20T00:09:10-04:00
02336000,2013-02-24,2800,A,79.287170457599998,6850.4115275366403,2026-08-20T00:09:10-04:00
02336000,2013-02-25,1440,A,40.776259092480004,3523.068785590272,2026-08-20T00:09:10-04:00
02336000,2013-02-26,4180,A,118.36441875456001,10226.685780393984,2026-08-20T00:09:10-04:00
02336000,2013-02-27,3130,A,88.631729832960005,7657.7814575677439,2026-08-20T00:09:10-04:00
02336000,2013-02-28,1580,A,44.740617615360001,3865.5893619671042,2026-08-20T00:09:10-04:00
02336000,2013-03-01,1230,A,34.829721308160003,3009.2879210250239,2026-08-20T00:09:10-04:00
02336000,2013-03-02,967,A,27.382390654464,2365.8385525456897,2026-08-20T00:09:10-04:00
02336000,2013-03-03,915,A,25.90991463168,2238.6166241771521,2026-08-20T00:09:10-04:00
02336000,2013-03-04,894,A,25.315260853248002,2187.2385377206274,2026-08-20T00:09:10-04:00
02336000,2013-03-05,1000,A,28.316846592000001,2446.5755455488002,2026-08-20T00:09:10-04:00
02336000,2013-03-06,1380,A,39.077248296960001,3376.274252857344,2026-08-20T00:09:10-04:00
02336000,2013-03-07,1060,A,30.015857387520001,2593.3700782817282,2026-08-20T00:09:10-04:00
02336000,2013-03-08,950,A,26.901004262400001,2324.24676827136,2026-08-20T00:09:10-04:00
02336000,2013-03-09,847,A,23.984369063424001,2072.2494870798337,2026-08-20T00:09:10-04:00
02336000,2013-03-10,853,A,24.154270142975999,2086.9289403531266,2026-08-20T00:09:10-04:00
02336000,2013-03-11,1290,A,36.528732103679999,3156.082453757952,2026-08-20T00:09:10-04:00
02336000,2013-03-12,3330,A,94.295099151360006,8147.0965666775046,2026-08-20T00:09:10-04:00
02336000,2013-03-13,1750,A,49.554481536000004,4281.5072047104004,2026-08-20T00:09:10-04:00
02336000,2013-03-14,1220,A,34.546552842240004,2984.8221655695361,2026-08-20T00:09:10-04:00
02336000,2013-03-15,888,A,25.145359773696001,2172.5590844473345,2026-08-20T00:09:10-04:00
02336000,2013-03-16,976,A,27.637242273792001,2387.857732455629,2026-08-20T00:09:10-04:00
02336000,2013-03-17,878,A,24.862191307776001,2148.0933289918466,2026-08-20T00:09:10-04:00
02336000,2013-03-18,891,A,25.230310313472,2179.8988110839809,2026-08-20T00:09:10-04:00
02336000,2013-03-19,1430,A,40.493090626560004,3498.6030301347841,2026-08-20T00:09:10-04:00
02336000,2013-03-20,1000,A,28.316846592000001,2446.5755455488002,2026-08-20T00:09:10-04:00
02336000,2013-03-21,869,A,24.607339688448,2126.0741490819073,2026-08-20T00:09:10-04:00
02336000,2013-03-22,857,A,24.267537529344001,2096.7152425353215,2026-08-20T00:09:10-04:00
02336000,2013-03-23,1510,A,42.758438353919999,3694.3290737786883,2026-08-20T00:09:10-04:00
02336000,2013-03-24,5060,A,143.28324375552,12379.672260476929,2026-08-20T00:09:10-04:00
02336000,2013-03-25,3120,A,88.348561367040006,7633.3157021122561,2026-08-20T00:09:10-04:00
02336000,2013-03-26,1850,A,52.386166195200005,4526.1647592652798,2026-08-20T00:09:10-04:00
02336000,2013-03-27,970,A,27.467341194239999,2373.1782791823362,2026-08-20T00:09:10-04:00
02336000,2013-03-28,1080,A,30.582194319359999,2642.3015891927039,2026-08-20T00:09:10-04:00
02336000,2013-03-29,1070,A,30.29902585344,2617.835833737216,2026-08-20T00:09:10-04:00
02336000,2013-03-30,949,A,26.872687415808002,2321.8001927258115,2026-08-20T00:09:10-04:00
02336000,2013-03-31,1230,A,34.829721308160003,3009.2879210250239,2026-08-20T00:09:10-04:00
02336000,2013-04-01,1280,A,36.24556363776,3131.6166983024641,2026-08-20T00:09:10-04:00
02336000,2013-04-02,1010,A,28.60001505792,2471.041301004288,2026-08-20T00:09:10-04:00
02336000,2013-04-03,859,A,24.324171222528001,2101.6083936264195,2026-08-20T00:09:10-04:00
02336000,2013-04-04,1210,A,34.263384376319998,2960.3564101140482,2026-08-20T00:09:10-04:00
02336000,2013-04-05,1020,A,28.88318352384,2495.5070564597759,2026-08-20T00:09:10-04:00
02336000,2013-04-06,893,A,25.286944006656,2184.7919621750784,2026-08-20T00:09:10-04:00
02336000,2013-04-07,877,A,24.833874461183999,2145.6467534462977,2026-08-20T00:09:10-04:00
02336000,2013-04-08,855,A,24.21090383616,2091.822091444224,2026-08-20T00:09:10-04:00
02336000,2013-04-09,859,A,24.324171222528001,2101.6083936264195,2026-08-20T00:09:10-04:00
02336000,2013-04-10,890,A,25.201993466880001,2177.452235538432,2026-08-20T00:09:10-04:00
02336000,2013-04-11,891,A,25.230310313472,2179.8988110839809,2026-08-20T00:09:10-04:00
02336000,2013-04-12,2960,A,83.817865912320002,7241.8636148244486,2026-08-20T00:09:10-04:00
02336000,2013-04-13,1850,A,52.386166195200005,4526.1647592652798,2026-08-20T00:09:10-04:00
02336000,2013-04-14,1110,A,31.431699717120001,2715.6988555591679,2026-08-20T00:09:10-04:00
02336000,2013-04-15,984,A,27.863777046528,2407.4303368200194,2026-08-20T00:09:10-04:00
02336000,2013-04-16,1820,A,51.53666079744,4452.7674928988163,2026-08-20T00:09:10-04:00
02336000,2013-04-17,2450,A,69.376274150400008,5994.11008659456,2026-08-20T00:09:10-04:00
02336000,2013-04-18,2450,A,69.376274150400008,5994.11008659456,2026-08-20T00:09:10-04:00
02336000,2013-04-19,2520,A,71.358453411840003,6165.3703747829759,2026-08-20T00:09:10-04:00
02336000,2013-04-20,1610,A,45.590123013119999,3938.9866283335682,2026-08-20T00:09:10-04:00
02336000,2013-04-21,1010,A,28.60001505792,2471.041301004288,2026-08-20T00:09:10-04:00
02336000,2013-04-22,1090,A,30.865362785280002,2666.7673446481922,2026-08-20T00:09:10-04:00
02336000,2013-04-23,3710,A,105.05550085632001,9076.7952739860484,2026-08-20T00:09:10-04:00
02336000,2013-04-24,4020,A,113.83372329984,9835.2336931061764,2026-08-20T00:09:10-04:00
02336000,2013-04-25,4630,A,131.10699972096,11327.644775890943,2026-08-20T00:09:10-04:00
02336000,2013-04-26,5360,A,151.77829773312001,13113.644924141568,2026-08-20T00:09:10-04:00
02336000,2013-04-27,4090,A,115.81590256128,10006.493981294592,2026-08-20T00:09:10-04:00
02336000,2013-04-28,2140,A,60.59805170688,5235.6716674744321,2026-08-20T00:09:10-04:00
02336000,2013-04-29,4140,A,117.23174489088001,10128.822758572032,2026-08-20T00:09:10-04:00
02336000,2013-04-30,2500,A,70.792116480000004,6116.4388638720002,2026-08-20T00:09:10-04:00
02336000,2013-05-01,3470,A,98.259457674239997,8489.6171430543363,2026-08-20T00:09:10-04:00
02336000,2013-05-02,5200,A,147.2476022784,12722.192836853761,2026-08-20T00:09:10-04:00
02336000,2013-05-03,5700,A:e,161.40602557439999,13945.480609628161,2026-08-20T00:09:10-04:00
02336000,2013-05-04,6310,A,178.67930199552001,15437.891692412928,2026-08-20T00:09:10-04:00
02336000,2013-05-05,9010,A,255.13478779392,22043.645665394688,2026-08-20T00:09:10-04:00
02336000,2013-05-06,6450,A,182.6436605184,15780.41226878976,2026-08-20T00:09:10-04:00
02336000,2013-05-07,4080,A,115.53273409536,9982.0282258391035,2026-08-20T00:09:10-04:00
02336000,2013-05-08,2440,A,69.093105684480008,5969.6443311390722,2026-08-20T00:09:10-04:00
02336000,2013-05-09,6530,A,184.90900824575999,15976.138312433664,2026-08-20T00:09:10-04:00
02336000,2013-05-10,7390,A,209.26149631488002,18080.193281605632,2026-08-20T00:09:10-04:00
02336000,2013-05-11,5900,A,167.06939489280001,14434.79571873792,2026-08-20T00:09:10-04:00
02336000,2013-05-12,1250,A,35.396058240000002,3058.2194319360001,2026-08-20T00:09:10-04:00
02336000,2013-05-13,2810,A,79.570338923519998,6874.8772829921281,2026-08-20T00:09:10-04:00
02336000,2013-05-14,7190,A,203.59812699648,17590.878172495872,2026-08-20T00:09:10-04:00
02336000,2013-05-15,7210,A,204.16446392832,17639.809683406849,2026-08-20T00:09:10-04:00
02336000,2013-05-16,7010,A,198.50109460992002,17150.494574297089,2026-08-20T00:09:10-04:00
02336000,2013-05-17,6090,A,172.44959574527999,14899.645072392192,2026-08-20T00:09:10-04:00
02336000,2013-05-18,4770,A,135.07135824384,11670.165352267777,2026-08-20T00:09:10-04:00
02336000,2013-05-19,4860,A,137.61987443712002,11890.357151367169,2026-08-20T00:09:10-04:00
02336000,2013-05-20,6970,A,197.36842074624002,17052.631552475137,2026-08-20T00:09:10-04:00
02336000,2013-05-21,4950,A,140.16839063040001,12110.54895046656,2026-08-20T00:09:10-04:00
02336000,2013-05-22,7650,A,216.6238764288,18716.302923448322,2026-08-20T00:09:10-04:00
02336000,2013-05-23,7500,A,212.37634944000001,18349.316591616,2026-08-20T00:09:10-04:00
02336000,2013-05-24,5760,A,163.10503636992001,14092.275142361088,2026-08-20T00:09:10-04:00
02336000,2013-05-25,5160,A,146.11492841472,12624.329815031808,2026-08-20T00:09:10-04:00
02336000,2013-05-26,1120,A,31.71486818304,2740.1646110146562,2026-08-20T00:09:10-04:00
02336000,2013-05-27,1070,A,30.29902585344,2617.835833737216,2026-08-20T00:09:10-04:00
02336000,2013-05-28,1240,A,35.112889774080003,3033.7536764805122,2026-08-20T00:09:10-04:00
02336000,2013-05-29,6010,A,170.18424801792,14703.919028748289,2026-08-20T00:09:10-04:00
02336000,2013-05-30,6430,A,182.07732358656,15731.480757878784,2026-08-20T00:09:10-04:00
02336000,2013-05-31,6060,A,171.60009034751999,14826.247806025729,2026-08-20T00:09:10-04:00
02336000,2013-06-01,4370,A,123.74461960704001,10691.535134048256,2026-08-20T00:09:10-04:00
02336000,2013-06-02,1390,A,39.36041676288,3400.7400083128323,2026-08-20T00:09:10-04:00
02336000,2013-06-03,1340,A,37.944574433280003,3278.4112310353921,2026-08-20T00:09:10-04:00
02336000,2013-06-04,1100,A,31.148531251200001,2691.23310010368,2026-08-20T00:09:10-04:00
02336000,2013-06-05,3770,A,106.75451165184001,9223.5898067189755,2026-08-20T00:09:10-04:00
02336000,2013-06-06,5080,A,143.84958068736,12428.603771387905,2026-08-20T00:09:10-04:00
02336000,2013-06-07,4650,A,131.6733366528,11376.576286801921,2026-08-20T00:09:10-04:00
02336000,2013-06-08,2690,A,76.172317332480006,6581.2882175262721,2026-08-20T00:09:10-04:00
02336000,2013-06-09,1410,A,39.926753694719999,3449.671519223808,2026-08-20T00:09:10-04:00
02336000,2013-06-10,1960,A,55.501019320320005,4795.288069275648,2026-08-20T00:09:10-04:00
02336000,2013-06-11,2250,A,63.712904832,5504.7949774848003,2026-08-20T00:09:10-04:00
02336000,2013-06-12,4620,A,130.82383125504001,11303.179020435457,2026-08-20T00:09:10-04:00
02336000,2013-06-13,4820,A,136.48720057343999,11792.494129545217,2026-08-20T00:09:10-04:00
02336000,2013-06-14,5860,A,165.93672102912001,14336.932696915968,2026-08-20T00:09:10-04:00
02336000,2013-06-15,1950,A,55.217850854399998,4770.8223138201602,2026-08-20T00:09:10-04:00
02336000,2013-06-16,1140,A,32.281205114880002,2789.0961219256319,2026-08-20T00:09:10-04:00
02336000,2013-06-17,2970,A,84.101034378240001,7266.3293702799365,2026-08-20T00:09:10-04:00
02336000,2013-06-18,6000,A,169.901079552,14679.4532732928,2026-08-20T00:09:10-04:00
02336000,2013-06-19,5370,A,152.06146619904001,13138.110679597057,2026-08-20T00:09:10-04:00
02336000,2013-06-20,4850,A,137.33670597119999,11865.89139591168,2026-08-20T00:09:10-04:00
02336000,2013-06-21,5800,A,164.23771023360001,14190.138164183041,2026-08-20T00:09:10-04:00
02336000,2013-06-22,4930,A,139.60205369856001,12061.617439555584,2026-08-20T00:09:10-04:00
02336000,2013-06-23,1200,A,33.980215910399998,2935.8906546585599,2026-08-20T00:09:10-04:00
02336000,2013-06-24,1220,A,34.546552842240004,2984.8221655695361,2026-08-20T00:09:10-04:00
02336000,2013-06-25,3480,A,98.542626140159996,8514.0828985098251,2026-08-20T00:09:10-04:00
02336000,2013-06-26,4280,A,121.19610341376,10471.343334948864,2026-08-20T00:09:10-04:00
02336000,2013-06-27,3640,A,103.07332159488,8905.5349857976325,2026-08-20T00:09:10-04:00
02336000,2013-06-28,2830,A,80.136675855359996,6923.8087939031038,2026-08-20T00:09:10-04:00
02336000,2013-06-29,3010,A,85.233708241919999,7364.1923921018879,2026-08-20T00:09:10-04:00
02336000,2013-06-30,1060,A,30.015857387520001,2593.3700782817282,2026-08-20T00:09:10-04:00
02336000,2013-07-01,1030,A,29.166351989760003,2519.9728119152642,2026-08-20T00:09:10-04:00
02336000,2013-07-02,4660,A,131.95650511872,11401.042042257408,2026-08-20T00:09:10-04:00
02336000,2013-07-03,6300,A,178.39613352960001,15413.425936957441,2026-08-20T00:09:10-04:00
02336000,2013-07-04,6740,A,190.85554603008001,16489.919176998912,2026-08-20T00:09:10-04:00
02336000,2013-07-05,3240,A,91.746582958079998,7926.9047675781121,2026-08-20T00:09:10-04:00
02336000,2013-07-06,3340,A,94.578267617280005,8171.5623221329924,2026-08-20T00:09:10-04:00
02336000,2013-07-07,2670,A,75.605980400640007,6532.3567066152964,2026-08-20T00:09:10-04:00
02336000,2013-07-08,1960,A,55.501019320320005,4795.288069275648,2026-08-20T00:09:10-04:00
02336000,2013-07-09,7110,A,201.33277926912001,17395.152128851969,2026-08-20T00:09:10-04:00
02336000,2013-07-10,6620,A,187.45752443904001,16196.330111533056,2026-08-20T00:09:10-04:00
02336000,2013-07-11,7960,A,225.40209887232001,19474.74134256845,2026-08-20T00:09:10-04:00
02336000,2013-07-12,7660,A,216.90704489472,18740.768678903809,2026-08-20T00:09:10-04:00
02336000,2013-07-13,6290,A,178.11296506368001,15388.960181501952,2026-08-20T00:09:10-04:00
02336000,2013-07-14,1340,A,37.944574433280003,3278.4112310353921,2026-08-20T00:09:10-04:00
02336000,2013-07-15,1600,A:e,45.3069545472,3914.5208728780799,2026-08-20T00:09:10-04:00
02336000,2013-07-16,5300,A,150.07928693760002,12966.85039140864,2026-08-20T00:09:10-04:00
02336000,2013-07-17,6590,A,186.60801904128002,16122.932845166593,2026-08-20T00:09:10-04:00
02336000,2013-07-18,6950,A,196.80208381439999,17003.70004156416,2026-08-20T00:09:10-04:00
02336000,2013-07-19,5660,A,160.27335171071999,13847.617587806208,2026-08-20T00:09:10-04:00
02336000,2013-07-20,4340,A,122.89511420928001,10618.137867681793,2026-08-20T00:09:10-04:00
02336000,2013-07-21,2020,A,57.200030115840001,4942.082602008576,2026-08-20T00:09:10-04:00
02336000,2013-07-22,2750,A,77.871328128000002,6728.0827502592001,2026-08-20T00:09:10-04:00
02336000,2013-07-23,5780,A,163.67137330176001,14141.206653272064,2026-08-20T00:09:10-04:00
02336000,2013-07-24,5220,A,147.81393921023999,12771.124347764737,2026-08-20T00:09:10-04:00
02336000,2013-07-25,4930,A,139.60205369856001,12061.617439555584,2026-08-20T00:09:10-04:00
02336000,2013-07-26,4990,A,141.30106449408001,12208.411972288512,2026-08-20T00:09:10-04:00
02336000,2013-07-27,3030,A,85.800045173759997,7413.1239030128645,2026-08-20T00:09:10-04:00
02336000,2013-07-28,1150,A,32.564373580800002,2813.5618773811202,2026-08-20T00:09:10-04:00
02336000,2013-07-29,991,A,28.061994972672,2424.5563656388608,2026-08-20T00:09:10-04:00
02336000,2013-07-30,3850,A,109.0198593792,9419.3158503628802,2026-08-20T00:09:10-04:00
02336000,2013-07-31,4700,A:e,133.0891789824,11498.905064079361,2026-08-20T00:09:10-04:00
02336000,2013-08-01,3550,A:e,100.52480540160001,8685.343186698241,2026-08-20T00:09:10-04:00
02336000,2013-08-02,4150,A,117.51491335680001,10153.288514027521,2026-08-20T00:09:10-04:00
02336000,2013-08-03,3700,A,104.77233239040001,9052.3295185305597,2026-08-20T00:09:10-04:00
02336000,2013-08-04,1100,A:e,31.148531251200001,2691.23310010368,2026-08-20T00:09:10-04:00
02336000,2013-08-05,883,A,25.003775540736001,2160.3262067195906,2026-08-20T00:09:10-04:00
02336000,2013-08-06,2800,A:e,79.287170457599998,6850.4115275366403,2026-08-20T00:09:10-04:00
02336000,2013-08-07,3700,A:e,104.77233239040001,9052.3295185305597,2026-08-20T00:09:10-04:00
02336000,2013-08-08,5220,A,147.81393921023999,12771.124347764737,2026-08-20T00:09:10-04:00
02336000,2013-08-09,3750,A,106.18817472000001,9174.6582958079998,2026-08-20T00:09:10-04:00
02336000,2013-08-10,5000,A:e,141.58423296000001,12232.877727744,2026-08-20T00:09:10-04:00
02336000,2013-08-11,2300,A:e,65.128747161600003,5627.1237547622404,2026-08-20T00:09:10-04:00
02336000,2013-08-12,2300,A:e,65.128747161600003,5627.1237547622404,2026-08-20T00:09:10-04:00
02336000,2013-08-13,3590,A,101.65747926528,8783.2062085201924,2026-08-20T00:09:10-04:00
02336000,2013-08-14,3830,A,108.45352244736,9370.3843394519045,2026-08-20T00:09:10-04:00
02336000,2013-08-15,5050,A,143.00007528960001,12355.206505021441,2026-08-20T00:09:10-04:00
02336000,2013-08-16,4700,A,133.0891789824,11498.905064079361,2026-08-20T00:09:10-04:00
02336000,2013-08-17,4000,A:e,113.267386368,9786.3021821952007,2026-08-20T00:09:10-04:00
02336000,2013-08-18,1160,A,32.847542046720001,2838.0276328366081,2026-08-20T00:09:10-04:00
02336000,2013-08-19,5950,A,168.4852372224,14557.12449601536,2026-08-20T00:09:10-04:00
02336000,2013-08-20,2800,A:e,79.287170457599998,6850.4115275366403,2026-08-20T00:09:10-04:00
02336000,2013-08-21,2700,A:e,76.455485798400005,6605.7539729817599,2026-08-20T00:09:10-04:00
02336000,2013-08-22,5000,A:e,141.58423296000001,12232.877727744,2026-08-20T00:09:10-04:00
02336000,2013-08-23,6000,A:e,169.901079552,14679.4532732928,2026-08-20T00:09:10-04:00
02336000,2013-08-24,5200,A:e,147.2476022784,12722.192836853761,2026-08-20T00:09:10-04:00
02336000,2013-08-25,1160,A,32.847542046720001,2838.0276328366081,2026-08-20T00:09:10-04:00
02336000,2013-08-26,2600,A:e,73.623801139199998,6361.0964184268805,2026-08-20T00:09:10-04:00
02336000,2013-08-27,6900,A:e,195.3862414848,16881.371264286721,2026-08-20T00:09:10-04:00
02336000,2013-08-28,6700,A:e,189.72287216640001,16392.056155176961,2026-08-20T00:09:10-04:00
02336000,2013-08-29,6590,A,186.60801904128002,16122.932845166593,2026-08-20T00:09:10-04:00
02336000,2013-08-30,6800,A,192.5545568256,16636.713709731841,2026-08-20T00:09:10-04:00
02336000,2013-08-31,4240,A,120.06342955008,10373.480313126913,2026-08-20T00:09:10-04:00
02336000,2013-09-01,1360,A,38.510911365120002,3327.3427419463683,2026-08-20T00:09:10-04:00
02336000,2013-09-02,1180,A,33.41387897856,2886.9591437475842,2026-08-20T00:09:10-04:00
02336000,2013-09-03,1270,A,35.962395171840001,3107.1509428469762,2026-08-20T00:09:10-04:00
02336000,2013-09-04,4460,A,126.29313580032,10911.726933147649,2026-08-20T00:09:10-04:00
02336000,2013-09-05,5070,A,143.56641222144,12404.138015932416,2026-08-20T00:09:10-04:00
02336000,2013-09-06,5620,A,159.14067784704,13749.754565984256,2026-08-20T00:09:10-04:00
02336000,2013-09-07,4380,A,124.02778807296001,10716.000889503744,2026-08-20T00:09:10-04:00
02336000,2013-09-08,1130,A,31.998036648959999,2764.6303664701441,2026-08-20T00:09:10-04:00
02336000,2013-09-09,1030,A,29.166351989760003,2519.9728119152642,2026-08-20T00:09:10-04:00
02336000,2013-09-10,2830,A,80.136675855359996,6923.8087939031038,2026-08-20T00:09:10-04:00
02336000,2013-09-11,3860,A,109.30302784512,9443.7816058183689,2026-08-20T00:09:10-04:00
02336000,2013-09-12,3580,A,101.37431079936,8758.7404530647036,2026-08-20T00:09:10-04:00
02336000,2013-09-13,3300,A,93.445593753600008,8073.6993003110401,2026-08-20T00:09:10-04:00
02336000,2013-09-14,2190,A,62.013894036480004,5358.0004447518722,2026-08-20T00:09:10-04:00
02336000,2013-09-15,977,A,27.665559120384,2390.3043080011776,2026-08-20T00:09:10-04:00
02336000,2013-09-16,1020,A,28.88318352384,2495.5070564597759,2026-08-20T00:09:10-04:00
02336000,2013-09-17,2150,A,60.881220172799999,5260.1374229299199,2026-08-20T00:09:10-04:00
02336000,2013-09-18,2520,A,71.358453411840003,6165.3703747829759,2026-08-20T00:09:10-04:00
02336000,2013-09-19,1920,A,54.36834545664,4697.4250474536966,2026-08-20T00:09:10-04:00
02336000,2013-09-20,2170,A,61.447557104640005,5309.0689338408965,2026-08-20T00:09:10-04:00
02336000,2013-09-21,2200,A,62.297062502400003,5382.4662002073601,2026-08-20T00:09:10-04:00
02336000,2013-09-22,1730,A,48.988144604159999,4232.5756937994238,2026-08-20T00:09:10-04:00
02336000,2013-09-23,1110,A,31.431699717120001,2715.6988555591679,2026-08-20T00:09:10-04:00
02336000,2013-09-24,2200,A,62.297062502400003,5382.4662002073601,2026-08-20T00:09:10-04:00
02336000,2013-09-25,3570,A,101.09114233344,8734.2746976092167,2026-08-20T00:09:10-04:00
02336000,2013-09-26,3510,A,99.392131537920008,8587.4801648762877,2026-08-20T00:09:10-04:00
02336000,2013-09-27,2270,A,64.279241763840005,5553.726488395776,2026-08-20T00:09:10-04:00
02336000,2013-09-28,2260,A,63.996073297919999,5529.2607329402881,2026-08-20T00:09:10-04:00
02336000,2013-09-29,991,A,28.061994972672,2424.5563656388608,2026-08-20T00:09:10-04:00
02336000,2013-09-30,969,A,27.439024347648001,2370.7317036367872,2026-08-20T00:09:10-04:00
02336000,2013-10-01,1600,A,45.3069545472,3914.5208728780799,2026-08-20T00:09:10-04:00
02336000,2013-10-02,1830,A,51.819829263359999,4477.2332483543041,2026-08-20T00:09:10-04:00
02336000,2013-10-03,2220,A,62.863399434240002,5431.3977111183358,2026-08-20T00:09:10-04:00
02336000,2013-10-04,2530,A,71.641621877760002,6189.8361302384646,2026-08-20T00:09:10-04:00
02336000,2013-10-05,1470,A,41.625764490240002,3596.466051956736,2026-08-20T00:09:10-04:00
02336000,2013-10-06,1350,A,38.227742899200003,3302.87698649088,2026-08-20T00:09:10-04:00
02336000,2013-10-07,4700,A,133.0891789824,11498.905064079361,2026-08-20T00:09:10-04:00
02336000,2013-10-08,3040,A,86.083213639679997,7437.5896584683524,2026-08-20T00:09:10-04:00
02336000,2013-10-09,2200,A,62.297062502400003,5382.4662002073601,2026-08-20T00:09:10-04:00
02336000,2013-10-10,2190,A,62.013894036480004,5358.0004447518722,2026-08-20T00:09:10-04:00
02336000,2013-10-11,2280,A,64.562410229760005,5578.1922438512638,2026-08-20T00:09:10-04:00
02336000,2013-10-12,2210,A,62.580230968320002,5406.9319556628479,2026-08-20T00:09:10-04:00
02336000,2013-10-13,986,A,27.920410739712,2412.3234879111169,2026-08-20T00:09:10-04:00
02336000,2013-10-14,964,A,27.297440114688001,2358.4988259090433,2026-08-20T00:09:10-04:00
02336000,2013-10-15,1900,A,53.802008524800002,4648.49353654272,2026-08-20T00:09:10-04:00
02336000,2013-10-16,2760,A,78.154496593920001,6752.548505714688,2026-08-20T00:09:10-04:00
02336000,2013-10-17,2480,A,70.225779548160006,6067.5073529610245,2026-08-20T00:09:10-04:00
02336000,2013-10-18,1700,A,48.138639206400001,4159.1784274329602,2026-08-20T00:09:10-04:00
02336000,2013-10-19,1710,A,48.42180767232,4183.6441828884481,2026-08-20T00:09:10-04:00
02336000,2013-10-20,1030,A,29.166351989760003,2519.9728119152642,2026-08-20T00:09:10-04:00
02336000,2013-10-21,998,A,28.260212898816,2441.6823944577027,2026-08-20T00:09:10-04:00
02336000,2013-10-22,1920,A,54.36834545664,4697.4250474536966,2026-08-20T00:09:10-04:00
02336000,2013-10-23,2300,A,65.128747161600003,5627.1237547622404,2026-08-20T00:09:10-04:00
02336000,2013-10-24,1890,A,53.518840058880002,4624.0277810872321,2026-08-20T00:09:10-04:00
02336000,2013-10-25,1840,A,52.102997729279998,4501.699003809792,2026-08-20T00:09:10-04:00
02336000,2013-10-26,2000,A,56.633693184000002,4893.1510910976003,2026-08-20T00:09:10-04:00
02336000,2013-10-27,1010,A,28.60001505792,2471.041301004288,2026-08-20T00:09:10-04:00
02336000,2013-10-28,1000,A,28.316846592000001,2446.5755455488002,2026-08-20T00:09:10-04:00
02336000,2013-10-29,1640,A,46.439628410880005,4012.3838947000322,2026-08-20T00:09:10-04:00
02336000,2013-10-30,2280,A,64.562410229760005,5578.1922438512638,2026-08-20T00:09:10-04:00
02336000,2013-10-31,2120,A,60.031714775040001,5186.7401565634564,2026-08-20T00:09:10-04:00
02336000,2013-11-01,2010,A,56.916861649920001,4917.6168465530882,2026-08-20T00:09:10-04:00
02336000,2013-11-02,2260,A,63.996073297919999,5529.2607329402881,2026-08-20T00:09:10-04:00
02336000,2013-11-03,1040,A,29.449520455680002,2544.438567370752,2026-08-20T00:09:10-04:00
02336000,2013-11-04,1010,A,28.60001505792,2471.041301004288,2026-08-20T00:09:10-04:00
02336000,2013-11-05,1330,A,37.661405967360004,3253.9454755799043,2026-08-20T00:09:10-04:00
02336000,2013-11-06,1930,A,54.65151392256,4721.8908029091845,2026-08-20T00:09:10-04:00
02336000,2013-11-07,1880,A,53.235671592960003,4599.5620256317443,2026-08-20T00:09:10-04:00
02336000,2013-11-08,1050,A,29.732688921600001,2568.9043228262399,2026-08-20T00:09:10-04:00
02336000,2013-11-09,1780,A,50.403986933760002,4354.904471076864,2026-08-20T00:09:10-04:00
02336000,2013-11-10,976,A,27.637242273792001,2387.857732455629,2026-08-20T00:09:10-04:00
02336000,2013-11-11,965,A,27.32575696128,2360.9454014545922,2026-08-20T00:09:10-04:00
02336000,2013-11-12,1190,A,33.697047444479999,2911.4248992030721,2026-08-20T00:09:10-04:00
02336000,2013-11-13,2090,A,59.182209377280003,5113.3428901969919,2026-08-20T00:09:10-04:00
02336000,2013-11-14,2120,A,60.031714775040001,5186.7401565634564,2026-08-20T00:09:10-04:00
02336000,2013-11-15,2300,A,65.128747161600003,5627.1237547622404,2026-08-20T00:09:10-04:00
02336000,2013-11-16,1990,A,56.350524718080003,4868.6853356421125,2026-08-20T00:09:10-04:00
02336000,2013-11-17,1030,A,29.166351989760003,2519.9728119152642,2026-08-20T00:09:10-04:00
02336000,2013-11-18,996,A,28.203579205632,2436.7892433666048,2026-08-20T00:09:10-04:00
02336000,2013-11-19,2020,A,57.200030115840001,4942.082602008576,2026-08-20T00:09:10-04:00
02336000,2013-11-20,2050,A,58.049535513599999,5015.4798683750405,2026-08-20T00:09:10-04:00
02336000,2013-11-21,1960,A,55.501019320320005,4795.288069275648,2026-08-20T00:09:10-04:00
02336000,2013-11-22,1790,A,50.687155399680002,4379.3702265323518,2026-08-20T00:09:10-04:00
02336000,2013-11-23,1590,A,45.023786081280001,3890.055117422592,2026-08-20T00:09:10-04:00
02336000,2013-11-24,978,A,27.693875966976002,2392.7508835467265,2026-08-20T00:09:10-04:00
02336000,2013-11-25,1010,A,28.60001505792,2471.041301004288,2026-08-20T00:09:10-04:00
02336000,2013-11-26,2380,A,67.394094888959998,5822.8497984061441,2026-08-20T00:09:10-04:00
02336000,2013-11-27,2820,A,79.853507389439997,6899.343038447616,2026-08-20T00:09:10-04:00
02336000,2013-11-28,2510,A,71.075284945920004,6140.904619327488,2026-08-20T00:09:10-04:00
02336000,2013-11-29,3300,A,93.445593753600008,8073.6993003110401,2026-08-20T00:09:10-04:00
02336000,2013-11-30,1550,A,43.891112217600003,3792.1920956006402,2026-08-20T00:09:10-04:00
02336000,2013-12-01,1070,A,30.29902585344,2617.835833737216,2026-08-20T00:09:10-04:00
02336000,2013-12-02,1900,A,53.802008524800002,4648.49353654272,2026-08-20T00:09:10-04:00
02336000,2013-12-03,3000,A,84.950539775999999,7339.7266366464,2026-08-20T00:09:10-04:00
02336000,2013-12-04,3750,A,106.18817472000001,9174.6582958079998,2026-08-20T00:09:10-04:00
02336000,2013-12-05,5070,A,143.56641222144,12404.138015932416,2026-08-20T00:09:10-04:00
02336000,2013-12-06,6460,A,182.92682898432,15804.878024245249,2026-08-20T00:09:10-04:00
02336000,2013-12-07,4320,A,122.32877727744,10569.206356770816,2026-08-20T00:09:10-04:00
02336000,2013-12-08,1700,A,48.138639206400001,4159.1784274329602,2026-08-20T00:09:10-04:00
02336000,2013-12-09,3190,A,90.330740628480001,7804.5759903006719,2026-08-20T00:09:10-04:00
02336000,2013-12-10,3990,A,112.98421790208,9761.8364267397119,2026-08-20T00:09:10-04:00
02336000,2013-12-11,5030,A,142.43373835776001,12306.274994110465,2026-08-20T00:09:10-04:00
02336000,2013-12-12,7040,A,199.35060000768001,17223.891840663553,2026-08-20T00:09:10-04:00
02336000,2013-12-13,3310,A,93.728762219520007,8098.165055766528,2026-08-20T00:09:10-04:00
02336000,2013-12-14,5740,A,162.53869943808002,14043.343631450112,2026-08-20T00:09:10-04:00
02336000,2013-12-15,2050,A,58.049535513599999,5015.4798683750405,2026-08-20T00:09:10-04:00
02336000,2013-12-16,2280,A,64.562410229760005,5578.1922438512638,2026-08-20T00:09:10-04:00
02336000,2013-12-17,6290,A,178.11296506368001,15388.960181501952,2026-08-20T00:09:10-04:00
02336000,2013-12-18,6230,A,176.41395426816001,15242.165648769025,2026-08-20T00:09:10-04:00
02336000,2013-12-19,6330,A,179.24563892736001,15486.823203323904,2026-08-20T00:09:10-04:00
02336000,2013-12-20,6000,A,169.901079552,14679.4532732928,2026-08-20T00:09:10-04:00
02336000,2013-12-21,5090,A,144.13274915328,12453.069526843392,2026-08-20T00:09:10-04:00
02336000,2013-12-22,4170,A,118.08125028864001,10202.220024938497,2026-08-20T00:09:10-04:00
02336000,2013-12-23,7240,A,205.01396932608,17713.206949773314,2026-08-20T00:09:10-04:00
02336000,2013-12-24,4650,A,131.6733366528,11376.576286801921,2026-08-20T00:09:10-04:00
02336000,2013-12-25,6020,A,170.46741648384,14728.384784203776,2026-08-20T00:09:10-04:00
02336000,2013-12-26,5970,A,169.05157415424,14606.056006926336,2026-08-20T00:09:10-04:00
02336000,2013-12-27,7040,A,199.35060000768001,17223.891840663553,2026-08-20T00:09:10-04:00
02336000,2013-12-28,5630,A,159.42384631295999,13774.220321439745,2026-08-20T00:09:10-04:00
02336000,2013-12-29,2910,A,82.402023582720005,7119.5348375470085,2026-08-20T00:09:10-04:00
02336000,2013-12-30,6650,A,188.30702983680001,16269.72737789952,2026-08-20T00:09:10-04:00
02336000,2013-12-31,7150,A,202.46545313280001,17493.01515067392,2026-08-20T00:09:10-04:00
02336000,2014-01-01,7140,A,202.18228466688001,17468.549395218433,2026-08-20T00:09:10-04:00
02336000,2014-01-02,7490,A,212.09318097408001,18324.850836160513,2026-08-20T00:09:10-04:00
02336000,2014-01-03,7130,A,201.89911620096001,17444.083639762943,2026-08-20T00:09:10-04:00
02336000,2014-01-04,7240,A,205.01396932608,17713.206949773314,2026-08-20T00:09:10-04:00
02336000,2014-01-05,3750,A,106.18817472000001,9174.6582958079998,2026-08-20T00:09:10-04:00
02336000,2014-01-06,5780,A,163.67137330176001,14141.206653272064,2026-08-20T00:09:10-04:00
02336000,2014-01-07,5360,A,151.77829773312001,13113.644924141568,2026-08-20T00:09:10-04:00
02336000,2014-01-08,5490,A,155.45948779008,13431.699745062913,2026-08-20T00:09:10-04:00
02336000,2014-01-09,5100,A,144.4159176192,12477.535282298881,2026-08-20T00:09:10-04:00
02336000,2014-01-10,5030,A,142.43373835776001,12306.274994110465,2026-08-20T00:09:10-04:00
02336000,2014-01-11,5510,A,156.02582472192,13480.631255973889,2026-08-20T00:09:10-04:00
02336000,2014-01-12,4820,A,136.48720057343999,11792.494129545217,2026-08-20T00:09:10-04:00
02336000,2014-01-13,3030,A,85.800045173759997,7413.1239030128645,2026-08-20T00:09:10-04:00
02336000,2014-01-14,5180,A,146.68126534656,12673.261325942784,2026-08-20T00:09:10-04:00
02336000,2014-01-15,6690,A,189.43970370048001,16367.590399721472,2026-08-20T00:09:10-04:00
02336000,2014-01-16,5260,A,148.94661307391999,12868.987369586688,2026-08-20T00:09:10-04:00
02336000,2014-01-17,5770,A,163.38820483584001,14116.740897816577,2026-08-20T00:09:10-04:00
02336000,2014-01-18,5120,A,144.98225455104,12526.466793209856,2026-08-20T00:09:10-04:00
02336000,2014-01-19,1060,A,30.015857387520001,2593.3700782817282,2026-08-20T00:09:10-04:00
02336000,2014-01-20,1300,A,36.811900569599999,3180.5482092134403,2026-08-20T00:09:10-04:00
02336000,2014-01-21,3660,A,103.63965852672,8954.4664967086082,2026-08-20T00:09:10-04:00
02336000,2014-01-22,3640,A,103.07332159488,8905.5349857976325,2026-08-20T00:09:10-04:00
02336000,2014-01-23,3090,A,87.499055969280008,7559.9184357457925,2026-08-20T00:09:10-04:00
02336000,2014-01-24,4660,A,131.95650511872,11401.042042257408,2026-08-20T00:09:10-04:00
02336000,2014-01-25,1650,A,46.722796876800004,4036.8496501555201,2026-08-20T00:09:10-04:00
02336000,2014-01-26,1000,A,28.316846592000001,2446.5755455488002,2026-08-20T00:09:10-04:00
02336000,2014-01-27,1080,A,30.582194319359999,2642.3015891927039,2026-08-20T00:09:10-04:00
02336000,2014-01-28,2650,A,75.039643468800008,6483.4251957043198,2026-08-20T00:09:10-04:00
02336000,2014-01-29,2740,A,77.588159662080002,6703.6169948037123,2026-08-20T00:09:10-04:00
02336000,2014-01-30,2560,A,72.49112727552,6263.2333966049282,2026-08-20T00:09:10-04:00
02336000,2014-01-31,2510,A,71.075284945920004,6140.904619327488,2026-08-20T00:09:10-04:00
02336000,2014-02-01,1640,A,46.439628410880005,4012.3838947000322,2026-08-20T00:09:10-04:00
02336000,2014-02-02,997,A,28.231896052224002,2439.2358189121537,2026-08-20T00:09:10-04:00
02336000,2014-02-03,1130,A,31.998036648959999,2764.6303664701441,2026-08-20T00:09:10-04:00
02336000,2014-02-04,3320,A,94.011930685440007,8122.6308112220158,2026-08-20T00:09:10-04:00
02336000,2014-02-05,4450,A,126.0099673344,10887.26117769216,2026-08-20T00:09:10-04:00
02336000,2014-02-06,4750,A,134.505021312,11621.2338413568,2026-08-20T00:09:10-04:00
02336000,2014-02-07,4560,A,129.12482045952001,11156.384487702528,2026-08-20T00:09:10-04:00
02336000,2014-02-08,2390,A,67.677263354879997,5847.315553861632,2026-08-20T00:09:10-04:00
02336000,2014-02-09,1050,A,29.732688921600001,2568.9043228262399,2026-08-20T00:09:10-04:00
02336000,2014-02-10,1580,A,44.740617615360001,3865.5893619671042,2026-08-20T00:09:10-04:00
02336000,2014-02-11,2420,A,68.526768752639995,5920.7128202280965,2026-08-20T00:09:10-04:00
02336000,2014-02-12,1890,A,53.518840058880002,4624.0277810872321,2026-08-20T00:09:10-04:00
02336000,2014-02-13,2910,A,82.402023582720005,7119.5348375470085,2026-08-20T00:09:10-04:00
02336000,2014-02-14,6210,A,175.84761733632001,15193.234137858048,2026-08-20T00:09:10-04:00
02336000,2014-02-15,4660,A,131.95650511872,11401.042042257408,2026-08-20T00:09:10-04:00
02336000,2014-02-16,1550,A,43.891112217600003,3792.1920956006402,2026-08-20T00:09:10-04:00
02336000,2014-02-17,2250,A,63.712904832,5504.7949774848003,2026-08-20T00:09:10-04:00
02336000,2014-02-18,3780,A,107.03768011776,9248.0555621744643,2026-08-20T00:09:10-04:00
02336000,2014-02-19,3000,A:e,84.950539775999999,7339.7266366464,2026-08-20T00:09:10-04:00
02336000,2014-02-20,4300,A:e,121.7624403456,10520.27484585984,2026-08-20T00:09:10-04:00
02336000,2014-02-21,5500,A:e,155.742656256,13456.1655005184,2026-08-20T00:09:10-04:00
02336000,2014-02-22,4770,A,135.07135824384,11670.165352267777,2026-08-20T00:09:10-04:00
02336000,2014-02-23,1310,A,37.095069035519998,3205.0139646689281,2026-08-20T00:09:10-04:00
02336000,2014-02-24,2130,A,60.31488324096,5211.2059120189442,2026-08-20T00:09:10-04:00
02336000,2014-02-25,5410,A,153.19414006272001,13235.973701419009,2026-08-20T00:09:10-04:00
02336000,2014-02-26,5850,A,165.65355256320001,14312.46694146048,2026-08-20T00:09:10-04:00
02336000,2014-02-27,6090,A,172.44959574527999,14899.645072392192,2026-08-20T00:09:10-04:00
02336000,2014-02-28,5960,A,168.76840568832,14581.590251470849,2026-08-20T00:09:10-04:00
02336000,2014-03-01,4400,A,124.59412500480001,10764.93240041472,2026-08-20T00:09:10-04:00
02336000,2014-03-02,1130,A,31.998036648959999,2764.6303664701441,2026-08-20T00:09:10-04:00
02336000,2014-03-03,1380,A,39.077248296960001,3376.274252857344,2026-08-20T00:09:10-04:00
02336000,2014-03-04,3810,A,107.88718551552,9321.4528285409287,2026-08-20T00:09:10-04:00
02336000,2014-03-05,2900,A,82.118855116800006,7095.0690820915206,2026-08-20T00:09:10-04:00
02336000,2014-03-06,2640,A,74.756475002880009,6458.9594402488319,2026-08-20T00:09:10-04:00
02336000,2014-03-07,4330,A,122.61194574336001,10593.672112226304,2026-08-20T00:09:10-04:00
02336000,2014-03-08,1850,A,52.386166195200005,4526.1647592652798,2026-08-20T00:09:10-04:00
02336000,2014-03-09,1080,A,30.582194319359999,2642.3015891927039,2026-08-20T00:09:10-04:00
02336000,2014-03-10,1730,A,48.988144604159999,4232.5756937994238,2026-08-20T00:09:10-04:00
02336000,2014-03-11,2280,A,64.562410229760005,5578.1922438512638,2026-08-20T00:09:10-04:00
02336000,2014-03-12,3060,A,86.649550571519995,7486.5211693793281,2026-08-20T00:09:10-04:00
02336000,2014-03-13,3550,A,100.52480540160001,8685.343186698241,2026-08-20T00:09:10-04:00
02336000,2014-03-14,3410,A,96.560446878720001,8342.8226103214074,2026-08-20T00:09:10-04:00
02336000,2014-03-15,1930,A,54.65151392256,4721.8908029091845,2026-08-20T00:09:10-04:00
02336000,2014-03-16,2570,A,72.77429574144,6287.6991520604161,2026-08-20T00:09:10-04:00
02336000,2014-03-17,4050,A,114.6832286976,9908.6309594726408,2026-08-20T00:09:10-04:00
02336000,2014-03-18,3880,A,109.86936477696,9492.7131167293446,2026-08-20T00:09:10-04:00
02336000,2014-03-19,3200,A,90.6139090944,7829.0417457561598,2026-08-20T00:09:10-04:00
02336000,2014-03-20,3400,A,96.277278412800001,8318.3568548659205,2026-08-20T00:09:10-04:00
02336000,2014-03-21,2850,A,80.703012787199995,6972.7403048140804,2026-08-20T00:09:10-04:00
02336000,2014-03-22,1630,A,46.156459944959998,3987.9181392445439,2026-08-20T00:09:10-04:00
02336000,2014-03-23,1110,A,31.431699717120001,2715.6988555591679,2026-08-20T00:09:10-04:00
02336000,2014-03-24,1570,A,44.457449149440002,3841.1236065116163,2026-08-20T00:09:10-04:00
02336000,2014-03-25,2690,A,76.172317332480006,6581.2882175262721,2026-08-20T00:09:10-04:00
02336000,2014-03-26,3450,A,97.693120742399998,8440.6856321433606,2026-08-20T00:09:10-04:00
02336000,2014-03-27,3730,A,105.62183778816001,9125.7267848970241,2026-08-20T00:09:10-04:00
02336000,2014-03-28,2570,A,72.77429574144,6287.6991520604161,2026-08-20T00:09:10-04:00
02336000,2014-03-29,1150,A,32.564373580800002,2813.5618773811202,2026-08-20T00:09:10-04:00
02336000,2014-03-30,1100,A,31.148531251200001,2691.23310010368,2026-08-20T00:09:10-04:00
02336000,2014-03-31,1670,A,47.289133808640003,4085.7811610664962,2026-08-20T00:09:10-04:00
02336000,2014-04-01,2950,A,83.534697446400003,7217.3978593689599,2026-08-20T00:09:10-04:00
02336000,2014-04-02,3950,A,111.85154403840001,9663.9734049177605,2026-08-20T00:09:10-04:00
02336000,2014-04-03,4490,A,127.14264119808,10985.124199514112,2026-08-20T00:09:10-04:00
02336000,2014-04-04,5560,A,157.44166705152,13602.960033251329,2026-08-20T00:09:10-04:00
02336000,2014-04-05,4900,A,138.75254830080002,11988.22017318912,2026-08-20T00:09:10-04:00
02336000,2014-04-06,1070,A,30.29902585344,2617.835833737216,2026-08-20T00:09:10-04:00
02336000,2014-04-07,7380,A,208.97832784895999,18055.727526150145,2026-08-20T00:09:10-04:00
02336000,2014-04-08,6460,A,182.92682898432,15804.878024245249,2026-08-20T00:09:10-04:00
02336000,2014-04-09,4530,A,128.27531506176001,11082.987221336065,2026-08-20T00:09:10-04:00
02336000,2014-04-10,6670,A,188.87336676864001,16318.658888810496,2026-08-20T00:09:10-04:00
02336000,2014-04-11,7530,A,213.22585483776001,18422.713857982464,2026-08-20T00:09:10-04:00
02336000,2014-04-12,3460,A,97.976289208319997,8465.1513875988476,2026-08-20T00:09:10-04:00
02336000,2014-04-13,956,A,27.070905341952002,2338.9262215446529,2026-08-20T00:09:10-04:00
02336000,2014-04-14,1210,A,34.263384376319998,2960.3564101140482,2026-08-20T00:09:10-04:00
02336000,2014-04-15,3020,A,85.516876707839998,7388.6581475573767,2026-08-20T00:09:10-04:00
02336000,2014-04-16,2700,A,76.455485798400005,6605.7539729817599,2026-08-20T00:09:10-04:00
02336000,2014-04-17,4950,A,140.16839063040001,12110.54895046656,2026-08-20T00:09:10-04:00
02336000,2014-04-18,4690,A,132.80601051648,11474.439308623872,2026-08-20T00:09:10-04:00
02336000,2014-04-19,5830,A,165.08721563136001,14263.535430549504,2026-08-20T00:09:10-04:00
02336000,2014-04-20,1660,A,47.005965342720003,4061.3154056110079,2026-08-20T00:09:10-04:00
02336000,2014-04-21,1990,A,56.350524718080003,4868.6853356421125,2026-08-20T00:09:10-04:00
02336000,2014-04-22,5120,A,144.98225455104,12526.466793209856,2026-08-20T00:09:10-04:00
02336000,2014-04-23,5090,A,144.13274915328,12453.069526843392,2026-08-20T00:09:10-04:00
02336000,2014-04-24,5200,A,147.2476022784,12722.192836853761,2026-08-20T00:09:10-04:00
02336000,2014-04-25,5280,A,149.51295000576002,12917.918880497664,2026-08-20T00:09:10-04:00
02336000,2014-04-26,4400,A,124.59412500480001,10764.93240041472,2026-08-20T00:09:10-04:00
02336000,2014-04-27,1160,A,32.847542046720001,2838.0276328366081,2026-08-20T00:09:10-04:00
02336000,2014-04-28,1260,A,35.679226705920001,3082.6851873914879,2026-08-20T00:09:10-04:00
02336000,2014-04-29,5330,A,150.92879233536001,13040.247657775104,2026-08-20T00:09:10-04:00
02336000,2014-04-30,1420,A,40.209922160639998,3474.1372746792963,2026-08-20T00:09:10-04:00
02336000,2014-05-01,1830,A,51.819829263359999,4477.2332483543041,2026-08-20T00:09:10-04:00
02336000,2014-05-02,5640,A,159.70701477887999,13798.686076895232,2026-08-20T00:09:10-04:00
02336000,2014-05-03,5260,A,148.94661307391999,12868.987369586688,2026-08-20T00:09:10-04:00
02336000,2014-05-04,1080,A,30.582194319359999,2642.3015891927039,2026-08-20T00:09:10-04:00
02336000,2014-05-05,1030,A,29.166351989760003,2519.9728119152642,2026-08-20T00:09:10-04:00
02336000,2014-05-06,2370,A,67.110926423039999,5798.3840429506563,2026-08-20T00:09:10-04:00
02336000,2014-05-07,2720,A,77.021822730240004,6654.6854838927366,2026-08-20T00:09:10-04:00
02336000,2014-05-08,2530,A,71.641621877760002,6189.8361302384646,2026-08-20T00:09:10-04:00
02336000,2014-05-09,3410,A,96.560446878720001,8342.8226103214074,2026-08-20T00:09:10-04:00
02336000,2014-05-10,3320,A,94.011930685440007,8122.6308112220158,2026-08-20T00:09:10-04:00
02336000,2014-05-11,1150,A,32.564373580800002,2813.5618773811202,2026-08-20T00:09:10-04:00
02336000,2014-05-12,1010,A,28.60001505792,2471.041301004288,2026-08-20T00:09:10-04:00
02336000,2014-05-13,2800,A,79.287170457599998,6850.4115275366403,2026-08-20T00:09:10-04:00
02336000,2014-05-14,2820,A,79.853507389439997,6899.343038447616,2026-08-20T00:09:10-04:00
02336000,2014-05-15,4060,A,114.96639716352,9933.0967149281278,2026-08-20T00:09:10-04:00
02336000,2014-05-16,3330,A,94.295099151360006,8147.0965666775046,2026-08-20T00:09:10-04:00
02336000,2014-05-17,3790,A,107.32084858368,9272.521317629953,2026-08-20T00:09:10-04:00
02336000,2014-05-18,1450,A,41.059427558400003,3547.5345410457603,2026-08-20T00:09:10-04:00
02336000,2014-05-19,1470,A,41.625764490240002,3596.466051956736,2026-08-20T00:09:10-04:00
02336000,2014-05-20,2350,A,66.5445894912,5749.4525320396806,2026-08-20T00:09:10-04:00
02336000,2014-05-21,2350,A,66.5445894912,5749.4525320396806,2026-08-20T00:09:10-04:00
02336000,2014-05-22,2120,A,60.031714775040001,5186.7401565634564,2026-08-20T00:09:10-04:00
02336000,2014-05-23,2260,A,63.996073297919999,5529.2607329402881,2026-08-20T00:09:10-04:00
02336000,2014-05-24,2170,A,61.447557104640005,5309.0689338408965,2026-08-20T00:09:10-04:00
02336000,2014-05-25,1210,A,34.263384376319998,2960.3564101140482,2026-08-20T00:09:10-04:00
02336000,2014-05-26,1080,A,30.582194319359999,2642.3015891927039,2026-08-20T00:09:10-04:00
02336000,2014-05-27,2150,A,60.881220172799999,5260.1374229299199,2026-08-20T00:09:10-04:00
02336000,2014-05-28,2350,A,66.5445894912,5749.4525320396806,2026-08-20T00:09:10-04:00
02336000,2014-05-29,2770,A,78.43766505984,6777.0142611701758,2026-08-20T00:09:10-04:00
02336000,2014-05-30,2490,A,70.508948014080005,6091.9731084165123,2026-08-20T00:09:10-04:00
02336000,2014-05-31,2550,A,72.207958809600001,6238.7676411494404,2026-08-20T00:09:10-04:00
02336000,2014-06-01,1150,A,32.564373580800002,2813.5618773811202,2026-08-20T00:09:10-04:00
02336000,2014-06-02,1090,A,30.865362785280002,2666.7673446481922,2026-08-20T00:09:10-04:00
02336000,2014-06-03,2280,A,64.562410229760005,5578.1922438512638,2026-08-20T00:09:10-04:00
02336000,2014-06-04,2070,A,58.615872445440004,5064.4113792860162,2026-08-20T00:09:10-04:00
02336000,2014-06-05,2060,A,58.332703979520005,5039.9456238305283,2026-08-20T00:09:10-04:00
02336000,2014-06-06,2380,A,67.394094888959998,5822.8497984061441,2026-08-20T00:09:10-04:00
02336000,2014-06-07,1780,A,50.403986933760002,4354.904471076864,2026-08-20T00:09:10-04:00
02336000,2014-06-08,1070,A,30.29902585344,2617.835833737216,2026-08-20T00:09:10-04:00
02336000,2014-06-09,987,A,27.948727586303999,2414.7700634566659,2026-08-20T00:09:10-04:00
02336000,2014-06-10,2150,A,60.881220172799999,5260.1374229299199,2026-08-20T00:09:10-04:00
02336000,2014-06-11,2670,A,75.605980400640007,6532.3567066152964,2026-08-20T00:09:10-04:00
02336000,2014-06-12,1730,A,48.988144604159999,4232.5756937994238,2026-08-20T00:09:10-04:00
02336000,2014-06-13,2210,A,62.580230968320002,5406.9319556628479,2026-08-20T00:09:10-04:00
02336000,2014-06-14,1730,A,48.988144604159999,4232.5756937994238,2026-08-20T00:09:10-04:00
02336000,2014-06-15,1040,A,29.449520455680002,2544.438567370752,2026-08-20T00:09:10-04:00
02336000,2014-06-16,1140,A,32.281205114880002,2789.0961219256319,2026-08-20T00:09:10-04:00
02336000,2014-06-17,1590,A,45.023786081280001,3890.055117422592,2026-08-20T00:09:10-04:00
02336000,2014-06-18,1340,A,37.944574433280003,3278.4112310353921,2026-08-20T00:09:10-04:00
02336000,2014-06-19,1660,A,47.005965342720003,4061.3154056110079,2026-08-20T00:09:10-04:00
02336000,2014-06-20,2110,A,59.748546309120002,5162.2744011079685,2026-08-20T00:09:10-04:00
02336000,2014-06-21,1910,A,54.085176990720001,4672.9592919982078,2026-08-20T00:09:10-04:00
02336000,2014-06-22,995,A,28.175262359040001,2434.3426678210562,2026-08-20T00:09:10-04:00
02336000,2014-06-23,1300,A,36.811900569599999,3180.5482092134403,2026-08-20T00:09:10-04:00
02336000,2014-06-24,1960,A,55.501019320320005,4795.288069275648,2026-08-20T00:09:10-04:00
02336000,2014-06-25,1610,A,45.590123013119999,3938.9866283335682,2026-08-20T00:09:10-04:00
02336000,2014-06-26,1350,A,38.227742899200003,3302.87698649088,2026-08-20T00:09:10-04:00
02336000,2014-06-27,1410,A,39.926753694719999,3449.671519223808,2026-08-20T00:09:10-04:00
02336000,2014-06-28,1370,A,38.794079831040001,3351.8084974018561,2026-08-20T00:09:10-04:00
02336000,2014-06-29,974,A,27.580608580608001,2382.9645813645311,2026-08-20T00:09:10-04:00
02336000,2014-06-30,1290,A,36.528732103679999,3156.082453757952,2026-08-20T00:09:10-04:00
02336000,2014-07-01,1390,A,39.36041676288,3400.7400083128323,2026-08-20T00:09:10-04:00
02336000,2014-07-02,1420,A:e,40.209922160639998,3474.1372746792963,2026-08-20T00:09:10-04:00
02336000,2014-07-03,1340,A:e,37.944574433280003,3278.4112310353921,2026-08-20T00:09:10-04:00
02336000,2014-07-04,1450,A,41.059427558400003,3547.5345410457603,2026-08-20T00:09:10-04:00
02336000,2014-07-05,1010,A:e,28.60001505792,2471.041301004288,2026-08-20T00:09:10-04:00
02336000,2014-07-06,1010,A:e,28.60001505792,2471.041301004288,2026-08-20T00:09:10-04:00
02336000,2014-07-07,1030,A:e,29.166351989760003,2519.9728119152642,2026-08-20T00:09:10-04:00
02336000,2014-07-08,1070,A,30.29902585344,2617.835833737216,2026-08-20T00:09:10-04:00
02336000,2014-07-09,1070,A,30.29902585344,2617.835833737216,2026-08-20T00:09:10-04:00
02336000,2014-07-10,1660,A,47.005965342720003,4061.3154056110079,2026-08-20T00:09:10-04:00
02336000,2014-07-11,1320,A,37.378237501440005,3229.479720124416,2026-08-20T00:09:10-04:00
02336000,2014-07-12,2980,A,84.384202844160001,7290.7951257354243,2026-08-20T00:09:10-04:00
02336000,2014-07-13,1240,A,35.112889774080003,3033.7536764805122,2026-08-20T00:09:10-04:00
02336000,2014-07-14,1190,A,33.697047444479999,2911.4248992030721,2026-08-20T00:09:10-04:00
02336000,2014-07-15,1520,A,43.041606819839998,3718.7948292341762,2026-08-20T00:09:10-04:00
02336000,2014-07-16,1530,A,43.324775285759998,3743.260584689664,2026-08-20T00:09:10-04:00
02336000,2014-07-17,1120,A,31.71486818304,2740.1646110146562,2026-08-20T00:09:10-04:00
02336000,2014-07-18,1540,A,43.607943751680004,3767.7263401451523,2026-08-20T00:09:10-04:00
02336000,2014-07-19,3810,A,107.88718551552,9321.4528285409287,2026-08-20T00:09:10-04:00
02336000,2014-07-20,2620,A,74.190138071039996,6410.0279293378562,2026-08-20T00:09:10-04:00
02336000,2014-07-21,1560,A,44.174280683520003,3816.657851056128,2026-08-20T00:09:10-04:00
02336000,2014-07-22,1880,A,53.235671592960003,4599.5620256317443,2026-08-20T00:09:10-04:00
02336000,2014-07-23,2400,A,67.960431820799997,5871.7813093171198,2026-08-20T00:09:10-04:00
02336000,2014-07-24,2680,A,75.889148866560006,6556.8224620707842,2026-08-20T00:09:10-04:00
02336000,2014-07-25,2200,A:e,62.297062502400003,5382.4662002073601,2026-08-20T00:09:10-04:00
02336000,2014-07-26,1740,A:e,49.271313070079998,4257.0414492549125,2026-08-20T00:09:10-04:00
02336000,2014-07-27,1190,A,33.697047444479999,2911.4248992030721,2026-08-20T00:09:10-04:00
02336000,2014-07-28,1030,A,29.166351989760003,2519.9728119152642,2026-08-20T00:09:10-04:00
02336000,2014-07-29,1610,A,45.590123013119999,3938.9866283335682,2026-08-20T00:09:10-04:00
02336000,2014-07-30,1350,A,38.227742899200003,3302.87698649088,2026-08-20T00:09:10-04:00
02336000,2014-07-31,1900,A,53.802008524800002,4648.49353654272,2026-08-20T00:09:10-04:00
02336000,2014-08-01,1750,A,49.554481536000004,4281.5072047104004,2026-08-20T00:09:10-04:00
02336000,2014-08-02,1860,A,52.669334661120004,4550.6305147207686,2026-08-20T00:09:10-04:00
02336000,2014-08-03,1130,A,31.998036648959999,2764.6303664701441,2026-08-20T00:09:10-04:00
02336000,2014-08-04,1080,A,30.582194319359999,2642.3015891927039,2026-08-20T00:09:10-04:00
02336000,2014-08-05,1330,A,37.661405967360004,3253.9454755799043,2026-08-20T00:09:10-04:00
02336000,2014-08-06,1710,A,48.42180767232,4183.6441828884481,2026-08-20T00:09:10-04:00
02336000,2014-08-07,1810,A,51.25349233152,4428.3017374433284,2026-08-20T00:09:10-04:00
02336000,2014-08-08,2840,A,80.419844321279996,6948.2745493585926,2026-08-20T00:09:10-04:00
02336000,2014-08-09,2840,A,80.419844321279996,6948.2745493585926,2026-08-20T00:09:10-04:00
02336000,2014-08-10,2510,A,71.075284945920004,6140.904619327488,2026-08-20T00:09:10-04:00
02336000,2014-08-11,1190,A,33.697047444479999,2911.4248992030721,2026-08-20T00:09:10-04:00
02336000,2014-08-12,1640,A,46.439628410880005,4012.3838947000322,2026-08-20T00:09:10-04:00
02336000,2014-08-13,1750,A,49.554481536000004,4281.5072047104004,2026-08-20T00:09:10-04:00
02336000,2014-08-14,1870,A,52.952503127040004,4575.0962701762564,2026-08-20T00:09:10-04:00
02336000,2014-08-15,1640,A,46.439628410880005,4012.3838947000322,2026-08-20T00:09:10-04:00
02336000,2014-08-16,1740,A,49.271313070079998,4257.0414492549125,2026-08-20T00:09:10-04:00
02336000,2014-08-17,1090,A,30.865362785280002,2666.7673446481922,2026-08-20T00:09:10-04:00
02336000,2014-08-18,1100,A,31.148531251200001,2691.23310010368,2026-08-20T00:09:10-04:00
02336000,2014-08-19,1470,A,41.625764490240002,3596.466051956736,2026-08-20T00:09:10-04:00
02336000,2014-08-20,2330,A,65.978252559360001,5700.521021128704,2026-08-20T00:09:10-04:00
02336000,2014-08-21,1850,A,52.386166195200005,4526.1647592652798,2026-08-20T00:09:10-04:00
02336000,2014-08-22,2940,A,83.251528980480003,7192.932103913472,2026-08-20T00:09:10-04:00
02336000,2014-08-23,2950,A,83.534697446400003,7217.3978593689599,2026-08-20T00:09:10-04:00
02336000,2014-08-24,1220,A,34.546552842240004,2984.8221655695361,2026-08-20T00:09:10-04:00
02336000,2014-08-25,1150,A,32.564373580800002,2813.5618773811202,2026-08-20T00:09:10-04:00
02336000,2014-08-26,2590,A,73.340632673279998,6336.6306629713918,2026-08-20T00:09:10-04:00
02336000,2014-08-27,2750,A,77.871328128000002,6728.0827502592001,2026-08-20T00:09:10-04:00
02336000,2014-08-28,2770,A,78.43766505984,6777.0142611701758,2026-08-20T00:09:10-04:00
02336000,2014-08-29,1850,A,52.386166195200005,4526.1647592652798,2026-08-20T00:09:10-04:00
02336000,2014-08-30,1850,A,52.386166195200005,4526.1647592652798,2026-08-20T00:09:10-04:00
02336000,2014-08-31,1070,A,30.29902585344,2617.835833737216,2026-08-20T00:09:10-04:00
02336000,2014-09-01,1020,A,28.88318352384,2495.5070564597759,2026-08-20T00:09:10-04:00
02336000,2014-09-02,1620,A,45.873291479039999,3963.4523837890561,2026-08-20T00:09:10-04:00
02336000,2014-09-03,2080,A,58.899040911360004,5088.8771347415041,2026-08-20T00:09:10-04:00
02336000,2014-09-04,2830,A,80.136675855359996,6923.8087939031038,2026-08-20T00:09:10-04:00
02336000,2014-09-05,1950,A,55.217850854399998,4770.8223138201602,2026-08-20T00:09:10-04:00
02336000,2014-09-06,1770,A,50.120818467840003,4330.4387156213761,2026-08-20T00:09:10-04:00
02336000,2014-09-07,1270,A,35.962395171840001,3107.1509428469762,2026-08-20T00:09:10-04:00
02336000,2014-09-08,2850,A,80.703012787199995,6972.7403048140804,2026-08-20T00:09:10-04:00
02336000,2014-09-09,2080,A,58.899040911360004,5088.8771347415041,2026-08-20T00:09:10-04:00
02336000,2014-09-10,1140,A,32.281205114880002,2789.0961219256319,2026-08-20T00:09:10-04:00
02336000,2014-09-11,1190,A,33.697047444479999,2911.4248992030721,2026-08-20T00:09:10-04:00
02336000,2014-09-12,1460,A,41.342596024320002,3572.0002965012482,2026-08-20T00:09:10-04:00
02336000,2014-09-13,1290,A,36.528732103679999,3156.082453757952,2026-08-20T00:09:10-04:00
02336000,2014-09-14,1050,A,29.732688921600001,2568.9043228262399,2026-08-20T00:09:10-04:00
02336000,2014-09-15,939,A,26.589518949887999,2297.3344372703232,2026-08-20T00:09:10-04:00
02336000,2014-09-16,941,A,26.646152643072,2302.2275883614207,2026-08-20T00:09:10-04:00
02336000,2014-09-17,1630,A,46.156459944959998,3987.9181392445439,2026-08-20T00:09:10-04:00
02336000,2014-09-18,1020,A,28.88318352384,2495.5070564597759,2026-08-20T00:09:10-04:00
02336000,2014-09-19,1070,A,30.29902585344,2617.835833737216,2026-08-20T00:09:10-04:00
02336000,2014-09-20,1090,A,30.865362785280002,2666.7673446481922,2026-08-20T00:09:10-04:00
02336000,2014-09-21,992,A,28.090311819264002,2427.0029411844098,2026-08-20T00:09:10-04:00
02336000,2014-09-22,937,A,26.532885256704002,2292.4412861792257,2026-08-20T00:09:10-04:00
02336000,2014-09-23,923,A,26.136449404416002,2258.1892285415424,2026-08-20T00:09:10-04:00
02336000,2014-09-24,944,A,26.731103182847999,2309.5673149980671,2026-08-20T00:09:10-04:00
02336000,2014-09-25,1000,A,28.316846592000001,2446.5755455488002,2026-08-20T00:09:10-04:00
02336000,2014-09-26,1080,A,30.582194319359999,2642.3015891927039,2026-08-20T00:09:10-04:00
02336000,2014-09-27,1150,A,32.564373580800002,2813.5618773811202,2026-08-20T00:09:10-04:00
02336000,2014-09-28,1660,A,47.005965342720003,4061.3154056110079,2026-08-20T00:09:10-04:00
02336000,2014-09-29,1080,A,30.582194319359999,2642.3015891927039,2026-08-20T00:09:10-04:00
02336000,2014-09-30,1630,A,46.156459944959998,3987.9181392445439,2026-08-20T00:09:10-04:00
02336000,2014-10-01,1060,A,30.015857387520001,2593.3700782817282,2026-08-20T00:09:10-04:00
02336000,2014-10-02,1050,A,29.732688921600001,2568.9043228262399,2026-08-20T00:09:10-04:00
02336000,2014-10-03,1430,A,40.493090626560004,3498.6030301347841,2026-08-20T00:09:10-04:00
02336000,2014-10-04,1100,A,31.148531251200001,2691.23310010368,2026-08-20T00:09:10-04:00
02336000,2014-10-05,1020,A,28.88318352384,2495.5070564597759,2026-08-20T00:09:10-04:00
02336000,2014-10-06,1010,A,28.60001505792,2471.041301004288,2026-08-20T00:09:10-04:00
02336000,2014-10-07,1030,A,29.166351989760003,2519.9728119152642,2026-08-20T00:09:10-04:00
02336000,2014-10-08,1370,A,38.794079831040001,3351.8084974018561,2026-08-20T00:09:10-04:00
02336000,2014-10-09,1030,A,29.166351989760003,2519.9728119152642,2026-08-20T00:09:10-04:00
02336000,2014-10-10,1040,A,29.449520455680002,2544.438567370752,2026-08-20T00:09:10-04:00
02336000,2014-10-11,1110,A,31.431699717120001,2715.6988555591679,2026-08-20T00:09:10-04:00
02336000,2014-10-12,1040,A,29.449520455680002,2544.438567370752,2026-08-20T00:09:10-04:00
02336000,2014-10-13,1040,A,29.449520455680002,2544.438567370752,2026-08-20T00:09:10-04:00
02336000,2014-10-14,3320,A,94.011930685440007,8122.6308112220158,2026-08-20T00:09:10-04:00
02336000,2014-10-15,3380,A,95.710941480960003,8269.4253439549448,2026-08-20T00:09:10-04:00
02336000,2014-10-16,1800,A,50.970323865600001,4403.8359819878406,2026-08-20T00:09:10-04:00
02336000,2014-10-17,997,A,28.231896052224002,2439.2358189121537,2026-08-20T00:09:10-04:00
02336000,2014-10-18,1170,A,33.13071051264,2862.4933882920959,2026-08-20T00:09:10-04:00
02336000,2014-10-19,942,A,26.674469489664002,2304.6741639069696,2026-08-20T00:09:10-04:00
02336000,2014-10-20,956,A,27.070905341952002,2338.9262215446529,2026-08-20T00:09:10-04:00
02336000,2014-10-21,1910,A,54.085176990720001,4672.9592919982078,2026-08-20T00:09:10-04:00
02336000,2014-10-22,1320,A,37.378237501440005,3229.479720124416,2026-08-20T00:09:10-04:00
02336000,2014-10-23,1870,A,52.952503127040004,4575.0962701762564,2026-08-20T00:09:10-04:00
02336000,2014-10-24,1420,A,40.209922160639998,3474.1372746792963,2026-08-20T00:09:10-04:00
02336000,2014-10-25,1240,A,35.112889774080003,3033.7536764805122,2026-08-20T00:09:10-04:00
02336000,2014-10-26,926,A,26.221399944192001,2265.5289551781889,2026-08-20T00:09:10-04:00
02336000,2014-10-27,1060,A,30.015857387520001,2593.3700782817282,2026-08-20T00:09:10-04:00
02336000,2014-10-28,1460,A,41.342596024320002,3572.0002965012482,2026-08-20T00:09:10-04:00
02336000,2014-10-29,1400,A,39.643585228799999,3425.2057637683201,2026-08-20T00:09:10-04:00
02336000,2014-10-30,1490,A,42.19210142208,3645.3975628677122,2026-08-20T00:09:10-04:00
02336000,2014-10-31,1210,A,34.263384376319998,2960.3564101140482,2026-08-20T00:09:10-04:00
02336000,2014-11-01,1720,A,48.704976138239999,4208.1099383439359,2026-08-20T00:09:10-04:00
02336000,2014-11-02,972,A,27.523974887424,2378.0714302734336,2026-08-20T00:09:10-04:00
02336000,2014-11-03,957,A,27.099222188544001,2341.3727970902019,2026-08-20T00:09:10-04:00
02336000,2014-11-04,1920,A,54.36834545664,4697.4250474536966,2026-08-20T00:09:10-04:00
02336000,2014-11-05,2030,A,57.48319858176,4966.5483574640639,2026-08-20T00:09:10-04:00
02336000,2014-11-06,1220,A,34.546552842240004,2984.8221655695361,2026-08-20T00:09:10-04:00
02336000,2014-11-07,1570,A,44.457449149440002,3841.1236065116163,2026-08-20T00:09:10-04:00
02336000,2014-11-08,1340,A,37.944574433280003,3278.4112310353921,2026-08-20T00:09:10-04:00
02336000,2014-11-09,907,A,25.683379858944001,2219.0440198127617,2026-08-20T00:09:10-04:00
02336000,2014-11-10,1460,A,41.342596024320002,3572.0002965012482,2026-08-20T00:09:10-04:00
02336000,2014-11-11,1430,A,40.493090626560004,3498.6030301347841,2026-08-20T00:09:10-04:00
02336000,2014-11-12,1420,A,40.209922160639998,3474.1372746792963,2026-08-20T00:09:10-04:00
02336000,2014-11-13,1960,A,55.501019320320005,4795.288069275648,2026-08-20T00:09:10-04:00
02336000,2014-11-14,1520,A,43.041606819839998,3718.7948292341762,2026-08-20T00:09:10-04:00
02336000,2014-11-15,1590,A,45.023786081280001,3890.055117422592,2026-08-20T00:09:10-04:00
02336000,2014-11-16,1040,A,29.449520455680002,2544.438567370752,2026-08-20T00:09:10-04:00
02336000,2014-11-17,4550,A,128.84165199360001,11131.918732247041,2026-08-20T00:09:10-04:00
02336000,2014-11-18,3630,A,102.79015312896,8881.0692303421438,2026-08-20T00:09:10-04:00
02336000,2014-11-19,2010,A,56.916861649920001,4917.6168465530882,2026-08-20T00:09:10-04:00
02336000,2014-11-20,1750,A,49.554481536000004,4281.5072047104004,2026-08-20T00:09:10-04:00
02336000,2014-11-21,1700,A,48.138639206400001,4159.1784274329602,2026-08-20T00:09:10-04:00
02336000,2014-11-22,1380,A,39.077248296960001,3376.274252857344,2026-08-20T00:09:10-04:00
02336000,2014-11-23,1640,A,46.439628410880005,4012.3838947000322,2026-08-20T00:09:10-04:00
02336000,2014-11-24,2840,A,80.419844321279996,6948.2745493585926,2026-08-20T00:09:10-04:00
02336000,2014-11-25,2190,A,62.013894036480004,5358.0004447518722,2026-08-20T00:09:10-04:00
02336000,2014-11-26,1990,A,56.350524718080003,4868.6853356421125,2026-08-20T00:09:10-04:00
02336000,2014-11-27,1760,A,49.837650001920004,4305.9729601658883,2026-08-20T00:09:10-04:00
02336000,2014-11-28,1950,A,55.217850854399998,4770.8223138201602,2026-08-20T00:09:10-04:00
02336000,2014-11-29,1570,A,44.457449149440002,3841.1236065116163,2026-08-20T00:09:10-04:00
02336000,2014-11-30,1000,A,28.316846592000001,2446.5755455488002,2026-08-20T00:09:10-04:00
02336000,2014-12-01,980,A,27.750509660160002,2397.644034637824,2026-08-20T00:09:10-04:00
02336000,2014-12-02,2220,A,62.863399434240002,5431.3977111183358,2026-08-20T00:09:10-04:00
02336000,2014-12-03,1740,A,49.271313070079998,4257.0414492549125,2026-08-20T00:09:10-04:00
02336000,2014-12-04,1600,A,45.3069545472,3914.5208728780799,2026-08-20T00:09:10-04:00
02336000,2014-12-05,2110,A,59.748546309120002,5162.2744011079685,2026-08-20T00:09:10-04:00
02336000,2014-12-06,2430,A,68.809937218560009,5945.1785756835843,2026-08-20T00:09:10-04:00
02336000,2014-12-07,1210,A,34.263384376319998,2960.3564101140482,2026-08-20T00:09:10-04:00
02336000,2014-12-08,1000,A,28.316846592000001,2446.5755455488002,2026-08-20T00:09:10-04:00
02336000,2014-12-09,1780,A,50.403986933760002,4354.904471076864,2026-08-20T00:09:10-04:00
02336000,2014-12-10,1220,A,34.546552842240004,2984.8221655695361,2026-08-20T00:09:10-04:00
02336000,2014-12-11,1220,A,34.546552842240004,2984.8221655695361,2026-08-20T00:09:10-04:00
02336000,2014-12-12,1150,A,32.564373580800002,2813.5618773811202,2026-08-20T00:09:10-04:00
02336000,2014-12-13,1230,A,34.829721308160003,3009.2879210250239,2026-08-20T00:09:10-04:00
02336000,2014-12-14,1030,A,29.166351989760003,2519.9728119152642,2026-08-20T00:09:10-04:00
02336000,2014-12-15,1010,A,28.60001505792,2471.041301004288,2026-08-20T00:09:10-04:00
02336000,2014-12-16,1040,A,29.449520455680002,2544.438567370752,2026-08-20T00:09:10-04:00
02336000,2014-12-17,1000,A,28.316846592000001,2446.5755455488002,2026-08-20T00:09:10-04:00
02336000,2014-12-18,1090,A,30.865362785280002,2666.7673446481922,2026-08-20T00:09:10-04:00
02336000,2014-12-19,1190,A,33.697047444479999,2911.4248992030721,2026-08-20T00:09:10-04:00
02336000,2014-12-20,1170,A,33.13071051264,2862.4933882920959,2026-08-20T00:09:10-04:00
02336000,2014-12-21,983,A,27.835460199936001,2404.9837612744705,2026-08-20T00:09:10-04:00
02336000,2014-12-22,980,A,27.750509660160002,2397.644034637824,2026-08-20T00:09:10-04:00
02336000,2014-12-23,1290,A,36.528732103679999,3156.082453757952,2026-08-20T00:09:10-04:00
02336000,2014-12-24,5260,A,148.94661307391999,12868.987369586688,2026-08-20T00:09:10-04:00
02336000,2014-12-25,2670,A,75.605980400640007,6532.3567066152964,2026-08-20T00:09:10-04:00
02336000,2014-12-26,1260,A,35.679226705920001,3082.6851873914879,2026-08-20T00:09:10-04:00
02336000,2014-12-27,1140,A,32.281205114880002,2789.0961219256319,2026-08-20T00:09:10-04:00
02336000,2014-12-28,2620,A,74.190138071039996,6410.0279293378562,2026-08-20T00:09:10-04:00
02336000,2014-12-29,1990,A,56.350524718080003,4868.6853356421125,2026-08-20T00:09:10-04:00
02336000,2014-12-30,1250,A,35.396058240000002,3058.2194319360001,2026-08-20T00:09:10-04:00
02336000,2014-12-31,1420,A,40.209922160639998,3474.1372746792963,2026-08-20T00:09:10-04:00
02336000,2015-01-01,1560,A,44.174280683520003,3816.657851056128,2026-08-20T00:09:10-04:00
02336000,2015-01-02,1190,A,33.697047444479999,2911.4248992030721,2026-08-20T00:09:10-04:00
02336000,2015-01-03,1820,A,51.53666079744,4452.7674928988163,2026-08-20T00:09:10-04:00
02336000,2015-01-04,7450,A,210.96050711040002,18226.987814338561,2026-08-20T00:09:10-04:00
02336000,2015-01-05,5060,A,143.28324375552,12379.672260476929,2026-08-20T00:09:10-04:00
02336000,2015-01-06,3120,A,88.348561367040006,7633.3157021122561,2026-08-20T00:09:10-04:00
02336000,2015-01-07,1180,A,33.41387897856,2886.9591437475842,2026-08-20T00:09:10-04:00
02336000,2015-01-08,1940,A,54.934682388479999,4746.3565583646723,2026-08-20T00:09:10-04:00
02336000,2015-01-09,2370,A,67.110926423039999,5798.3840429506563,2026-08-20T00:09:10-04:00
02336000,2015-01-10,1610,A,45.590123013119999,3938.9866283335682,2026-08-20T00:09:10-04:00
02336000,2015-01-11,1120,A,31.71486818304,2740.1646110146562,2026-08-20T00:09:10-04:00
02336000,2015-01-12,1110,A,31.431699717120001,2715.6988555591679,2026-08-20T00:09:10-04:00
02336000,2015-01-13,1360,A,38.510911365120002,3327.3427419463683,2026-08-20T00:09:10-04:00
02336000,2015-01-14,2030,A,57.48319858176,4966.5483574640639,2026-08-20T00:09:10-04:00
02336000,2015-01-15,1250,A,35.396058240000002,3058.2194319360001,2026-08-20T00:09:10-04:00
02336000,2015-01-16,1670,A,47.289133808640003,4085.7811610664962,2026-08-20T00:09:10-04:00
02336000,2015-01-17,1320,A,37.378237501440005,3229.479720124416,2026-08-20T00:09:10-04:00
02336000,2015-01-18,1020,A,28.88318352384,2495.5070564597759,2026-08-20T00:09:10-04:00
02336000,2015-01-19,1010,A,28.60001505792,2471.041301004288,2026-08-20T00:09:10-04:00
02336000,2015-01-20,1080,A,30.582194319359999,2642.3015891927039,2026-08-20T00:09:10-04:00
02336000,2015-01-21,1220,A,34.546552842240004,2984.8221655695361,2026-08-20T00:09:10-04:00
02336000,2015-01-22,1260,A,35.679226705920001,3082.6851873914879,2026-08-20T00:09:10-04:00
02336000,2015-01-23,1700,A,48.138639206400001,4159.1784274329602,2026-08-20T00:09:10-04:00
02336000,2015-01-24,1820,A,51.53666079744,4452.7674928988163,2026-08-20T00:09:10-04:00
02336000,2015-01-25,1220,A,34.546552842240004,2984.8221655695361,2026-08-20T00:09:10-04:00
02336000,2015-01-26,1130,A,31.998036648959999,2764.6303664701441,2026-08-20T00:09:10-04:00
02336000,2015-01-27,1530,A,43.324775285759998,3743.260584689664,2026-08-20T00:09:10-04:00
02336000,2015-01-28,2720,A,77.021822730240004,6654.6854838927366,2026-08-20T00:09:10-04:00
02336000,2015-01-29,2870,A,81.269349719040008,7021.6718157250561,2026-08-20T00:09:10-04:00
02336000,2015-01-30,2140,A,60.59805170688,5235.6716674744321,2026-08-20T00:09:10-04:00
02336000,2015-01-31,1670,A,47.289133808640003,4085.7811610664962,2026-08-20T00:09:10-04:00
02336000,2015-02-01,1150,A,32.564373580800002,2813.5618773811202,2026-08-20T00:09:10-04:00
02336000,2015-02-02,2390,A,67.677263354879997,5847.315553861632,2026-08-20T00:09:10-04:00
02336000,2015-02-03,2440,A,69.093105684480008,5969.6443311390722,2026-08-20T00:09:10-04:00
02336000,2015-02-04,2250,A,63.712904832,5504.7949774848003,2026-08-20T00:09:10-04:00
02336000,2015-02-05,1820,A,51.53666079744,4452.7674928988163,2026-08-20T00:09:10-04:00
02336000,2015-02-06,2200,A,62.297062502400003,5382.4662002073601,2026-08-20T00:09:10-04:00
02336000,2015-02-07,1560,A,44.174280683520003,3816.657851056128,2026-08-20T00:09:10-04:00
02336000,2015-02-08,995,A,28.175262359040001,2434.3426678210562,2026-08-20T00:09:10-04:00
02336000,2015-02-09,1830,A,51.819829263359999,4477.2332483543041,2026-08-20T00:09:10-04:00
02336000,2015-02-10,2460,A,69.659442616320007,6018.5758420500479,2026-08-20T00:09:10-04:00
02336000,2015-02-11,1870,A,52.952503127040004,4575.0962701762564,2026-08-20T00:09:10-04:00
02336000,2015-02-12,1950,A,55.217850854399998,4770.8223138201602,2026-08-20T00:09:10-04:00
02336000,2015-02-13,2110,A,59.748546309120002,5162.2744011079685,2026-08-20T00:09:10-04:00
02336000,2015-02-14,1680,A,47.572302274560002,4110.2469165219845,2026-08-20T00:09:10-04:00
02336000,2015-02-15,1020,A,28.88318352384,2495.5070564597759,2026-08-20T00:09:10-04:00
02336000,2015-02-16,1140,A,32.281205114880002,2789.0961219256319,2026-08-20T00:09:10-04:00
02336000,2015-02-17,3460,A,97.976289208319997,8465.1513875988476,2026-08-20T00:09:10-04:00
02336000,2015-02-18,1190,A,33.697047444479999,2911.4248992030721,2026-08-20T00:09:10-04:00
02336000,2015-02-19,1310,A,37.095069035519998,3205.0139646689281,2026-08-20T00:09:10-04:00
02336000,2015-02-20,1880,A,53.235671592960003,4599.5620256317443,2026-08-20T00:09:10-04:00
02336000,2015-02-21,1570,A,44.457449149440002,3841.1236065116163,2026-08-20T00:09:10-04:00
02336000,2015-02-22,1190,A,33.697047444479999,2911.4248992030721,2026-08-20T00:09:10-04:00
02336000,2015-02-23,1540,A,43.607943751680004,3767.7263401451523,2026-08-20T00:09:10-04:00
02336000,2015-02-24,3600,A,101.9406477312,8807.6719639756811,2026-08-20T00:09:10-04:00
02336000,2015-02-25,2610,A,73.906969605119997,6385.5621738823684,2026-08-20T00:09:10-04:00
02336000,2015-02-26,2790,A,79.004001991679999,6825.9457720811524,2026-08-20T00:09:10-04:00
02336000,2015-02-27,2660,A,75.322811934720008,6507.8909511598085,2026-08-20T00:09:10-04:00
02336000,2015-02-28,4280,A,121.19610341376,10471.343334948864,2026-08-20T00:09:10-04:00
02336000,2015-03-01,2590,A,73.340632673279998,6336.6306629713918,2026-08-20T00:09:10-04:00
02336000,2015-03-02,1830,A,51.819829263359999,4477.2332483543041,2026-08-20T00:09:10-04:00
02336000,2015-03-03,2060,A,58.332703979520005,5039.9456238305283,2026-08-20T00:09:10-04:00
02336000,2015-03-04,2730,A,77.304991196160003,6679.1512393482244,2026-08-20T00:09:10-04:00
02336000,2015-03-05,2730,A,77.304991196160003,6679.1512393482244,2026-08-20T00:09:10-04:00
02336000,2015-03-06,3280,A,92.879256821760009,8024.7677894000644,2026-08-20T00:09:10-04:00
02336000,2015-03-07,1830,A,51.819829263359999,4477.2332483543041,2026-08-20T00:09:10-04:00
02336000,2015-03-08,1180,A,33.41387897856,2886.9591437475842,2026-08-20T00:09:10-04:00
02336000,2015-03-09,1060,A,30.015857387520001,2593.3700782817282,2026-08-20T00:09:10-04:00
02336000,2015-03-10,1820,A,51.53666079744,4452.7674928988163,2026-08-20T00:09:10-04:00
02336000,2015-03-11,2240,A,63.42973636608,5480.3292220293124,2026-08-20T00:09:10-04:00
02336000,2015-03-12,2450,A,69.376274150400008,5994.11008659456,2026-08-20T00:09:10-04:00
02336000,2015-03-13,1920,A,54.36834545664,4697.4250474536966,2026-08-20T00:09:10-04:00
02336000,2015-03-14,1080,A,30.582194319359999,2642.3015891927039,2026-08-20T00:09:10-04:00
02336000,2015-03-15,1000,A,28.316846592000001,2446.5755455488002,2026-08-20T00:09:10-04:00
02336000,2015-03-16,975,A,27.608925427199999,2385.4111569100801,2026-08-20T00:09:10-04:00
02336000,2015-03-17,1990,A,56.350524718080003,4868.6853356421125,2026-08-20T00:09:10-04:00
02336000,2015-03-18,2200,A,62.297062502400003,5382.4662002073601,2026-08-20T00:09:10-04:00
02336000,2015-03-19,2460,A,69.659442616320007,6018.5758420500479,2026-08-20T00:09:10-04:00
02336000,2015-03-20,2980,A,84.384202844160001,7290.7951257354243,2026-08-20T00:09:10-04:00
02336000,2015-03-21,1430,A,40.493090626560004,3498.6030301347841,2026-08-20T00:09:10-04:00
02336000,2015-03-22,1210,A,34.263384376319998,2960.3564101140482,2026-08-20T00:09:10-04:00
02336000,2015-03-23,1500,A,42.475269888,3669.8633183232,2026-08-20T00:09:10-04:00
02336000,2015-03-24,2380,A,67.394094888959998,5822.8497984061441,2026-08-20T00:09:10-04:00
02336000,2015-03-25,2550,A,72.207958809600001,6238.7676411494404,2026-08-20T00:09:10-04:00
02336000,2015-03-26,3180,A,90.047572162560002,7780.1102348451841,2026-08-20T00:09:10-04:00
02336000,2015-03-27,4680,A,132.52284205056,11449.973553168384,2026-08-20T00:09:10-04:00
02336000,2015-03-28,2040,A,57.766367047679999,4991.0141129195517,2026-08-20T00:09:10-04:00
02336000,2015-03-29,936,A,26.504568410112,2289.9947106336767,2026-08-20T00:09:10-04:00
02336000,2015-03-30,1320,A,37.378237501440005,3229.479720124416,2026-08-20T00:09:10-04:00
02336000,2015-03-31,1790,A,50.687155399680002,4379.3702265323518,2026-08-20T00:09:10-04:00
02336000,2015-04-01,2470,A,69.942611082240006,6043.0415975055366,2026-08-20T00:09:10-04:00
02336000,2015-04-02,2140,A,60.59805170688,5235.6716674744321,2026-08-20T00:09:10-04:00
02336000,2015-04-03,3200,A,90.6139090944,7829.0417457561598,2026-08-20T00:09:10-04:00
02336000,2015-04-04,2510,A,71.075284945920004,6140.904619327488,2026-08-20T00:09:10-04:00
02336000,2015-04-05,1300,A,36.811900569599999,3180.5482092134403,2026-08-20T00:09:10-04:00
02336000,2015-04-06,1670,A,47.289133808640003,4085.7811610664962,2026-08-20T00:09:10-04:00
02336000,2015-04-07,1570,A,44.457449149440002,3841.1236065116163,2026-08-20T00:09:10-04:00
02336000,2015-04-08,2060,A,58.332703979520005,5039.9456238305283,2026-08-20T00:09:10-04:00
02336000,2015-04-09,2480,A,70.225779548160006,6067.5073529610245,2026-08-20T00:09:10-04:00
02336000,2015-04-10,3380,A,95.710941480960003,8269.4253439549448,2026-08-20T00:09:10-04:00
02336000,2015-04-11,3410,A,96.560446878720001,8342.8226103214074,2026-08-20T00:09:10-04:00
02336000,2015-04-12,1090,A,30.865362785280002,2666.7673446481922,2026-08-20T00:09:10-04:00
02336000,2015-04-13,1230,A,34.829721308160003,3009.2879210250239,2026-08-20T00:09:10-04:00
02336000,2015-04-14,2440,A,69.093105684480008,5969.6443311390722,2026-08-20T00:09:10-04:00
02336000,2015-04-15,1950,A,55.217850854399998,4770.8223138201602,2026-08-20T00:09:10-04:00
02336000,2015-04-16,1860,A,52.669334661120004,4550.6305147207686,2026-08-20T00:09:10-04:00
02336000,2015-04-17,3340,A,94.578267617280005,8171.5623221329924,2026-08-20T00:09:10-04:00
02336000,2015-04-18,3290,A,93.162425287680009,8049.2335448555523,2026-08-20T00:09:10-04:00
02336000,2015-04-19,3340,A,94.578267617280005,8171.5623221329924,2026-08-20T00:09:10-04:00
02336000,2015-04-20,2670,A,75.605980400640007,6532.3567066152964,2026-08-20T00:09:10-04:00
02336000,2015-04-21,4270,A,120.91293494784,10446.877579493377,2026-08-20T00:09:10-04:00
02336000,2015-04-22,3010,A,85.233708241919999,7364.1923921018879,2026-08-20T00:09:10-04:00
02336000,2015-04-23,3980,A,112.70104943616001,9737.370671284225,2026-08-20T00:09:10-04:00
02336000,2015-04-24,4050,A,114.6832286976,9908.6309594726408,2026-08-20T00:09:10-04:00
02336000,2015-04-25,3980,A,112.70104943616001,9737.370671284225,2026-08-20T00:09:10-04:00
02336000,2015-04-26,1520,A,43.041606819839998,3718.7948292341762,2026-08-20T00:09:10-04:00
02336000,2015-04-27,1310,A,37.095069035519998,3205.0139646689281,2026-08-20T00:09:10-04:00
02336000,2015-04-28,2310,A,65.411915627520003,5651.5895102177283,2026-08-20T00:09:10-04:00
02336000,2015-04-29,2770,A,78.43766505984,6777.0142611701758,2026-08-20T00:09:10-04:00
02336000,2015-04-30,2740,A,77.588159662080002,6703.6169948037123,2026-08-20T00:09:10-04:00
02336000,2015-05-01,2410,A,68.243600286719996,5896.2470647726086,2026-08-20T00:09:10-04:00
02336000,2015-05-02,2380,A,67.394094888959998,5822.8497984061441,2026-08-20T00:09:10-04:00
02336000,2015-05-03,992,A,28.090311819264002,2427.0029411844098,2026-08-20T00:09:10-04:00
02336000,2015-05-04,996,A,28.203579205632,2436.7892433666048,2026-08-20T00:09:10-04:00
02336000,2015-05-05,2620,A,74.190138071039996,6410.0279293378562,2026-08-20T00:09:10-04:00
02336000,2015-05-06,2050,A,58.049535513599999,5015.4798683750405,2026-08-20T00:09:10-04:00
02336000,2015-05-07,2590,A,73.340632673279998,6336.6306629713918,2026-08-20T00:09:10-04:00
02336000,2015-05-08,3070,A,86.932719037440009,7510.9869248348159,2026-08-20T00:09:10-04:00
02336000,2015-05-09,2210,A,62.580230968320002,5406.9319556628479,2026-08-20T00:09:10-04:00
02336000,2015-05-10,946,A,26.787736876032,2314.460466089165,2026-08-20T00:09:10-04:00
02336000,2015-05-11,938,A,26.561202103296001,2294.8878617247747,2026-08-20T00:09:10-04:00
02336000,2015-05-12,2170,A,61.447557104640005,5309.0689338408965,2026-08-20T00:09:10-04:00
02336000,2015-05-13,2620,A,74.190138071039996,6410.0279293378562,2026-08-20T00:09:10-04:00
02336000,2015-05-14,2170,A,61.447557104640005,5309.0689338408965,2026-08-20T00:09:10-04:00
02336000,2015-05-15,2280,A,64.562410229760005,5578.1922438512638,2026-08-20T00:09:10-04:00
02336000,2015-05-16,2360,A,66.827757957119999,5773.9182874951684,2026-08-20T00:09:10-04:00
02336000,2015-05-17,1100,A,31.148531251200001,2691.23310010368,2026-08-20T00:09:10-04:00
02336000,2015-05-18,1880,A,53.235671592960003,4599.5620256317443,2026-08-20T00:09:10-04:00
02336000,2015-05-19,3520,A,99.675300003840007,8611.9459203317765,2026-08-20T00:09:10-04:00
02336000,2015-05-20,2030,A,57.48319858176,4966.5483574640639,2026-08-20T00:09:10-04:00
02336000,2015-05-21,2120,A,60.031714775040001,5186.7401565634564,2026-08-20T00:09:10-04:00
02336000,2015-05-22,2670,A,75.605980400640007,6532.3567066152964,2026-08-20T00:09:10-04:00
02336000,2015-05-23,1940,A,54.934682388479999,4746.3565583646723,2026-08-20T00:09:10-04:00
02336000,2015-05-24,937,A,26.532885256704002,2292.4412861792257,2026-08-20T00:09:10-04:00
02336000,2015-05-25,1080,A,30.582194319359999,2642.3015891927039,2026-08-20T00:09:10-04:00
02336000,2015-05-26,3820,A,108.17035398144,9345.9185839964157,2026-08-20T00:09:10-04:00
02336000,2015-05-27,4220,A,119.49709261824,10324.548802215937,2026-08-20T00:09:10-04:00
02336000,2015-05-28,2570,A,72.77429574144,6287.6991520604161,2026-08-20T00:09:10-04:00
02336000,2015-05-29,3650,A,103.3564900608,8930.0007412531195,2026-08-20T00:09:10-04:00
02336000,2015-05-30,1960,A,55.501019320320005,4795.288069275648,2026-08-20T00:09:10-04:00
02336000,2015-05-31,1460,A,41.342596024320002,3572.0002965012482,2026-08-20T00:09:10-04:00
02336000,2015-06-01,2640,A,74.756475002880009,6458.9594402488319,2026-08-20T00:09:10-04:00
02336000,2015-06-02,3060,A,86.649550571519995,7486.5211693793281,2026-08-20T00:09:10-04:00
02336000,2015-06-03,2410,A,68.243600286719996,5896.2470647726086,2026-08-20T00:09:10-04:00
02336000,2015-06-04,2420,A,68.526768752639995,5920.7128202280965,2026-08-20T00:09:10-04:00
02336000,2015-06-05,2810,A,79.570338923519998,6874.8772829921281,2026-08-20T00:09:10-04:00
02336000,2015-06-06,2180,A,61.730725570560004,5333.5346892963844,2026-08-20T00:09:10-04:00
02336000,2015-06-07,977,A,27.665559120384,2390.3043080011776,2026-08-20T00:09:10-04:00
02336000,2015-06-08,1050,A,29.732688921600001,2568.9043228262399,2026-08-20T00:09:10-04:00
02336000,2015-06-09,1580,A,44.740617615360001,3865.5893619671042,2026-08-20T00:09:10-04:00
02336000,2015-06-10,2830,A,80.136675855359996,6923.8087939031038,2026-08-20T00:09:10-04:00
02336000,2015-06-11,2160,A,61.164388638719998,5284.6031783854078,2026-08-20T00:09:10-04:00
02336000,2015-06-12,1940,A,54.934682388479999,4746.3565583646723,2026-08-20T00:09:10-04:00
02336000,2015-06-13,1970,A,55.784187786240004,4819.7538247311359,2026-08-20T00:09:10-04:00
02336000,2015-06-14,1010,A,28.60001505792,2471.041301004288,2026-08-20T00:09:10-04:00
02336000,2015-06-15,991,A,28.061994972672,2424.5563656388608,2026-08-20T00:09:10-04:00
02336000,2015-06-16,1710,A,48.42180767232,4183.6441828884481,2026-08-20T00:09:10-04:00
02336000,2015-06-17,2060,A,58.332703979520005,5039.9456238305283,2026-08-20T00:09:10-04:00
02336000,2015-06-18,2230,A,63.146567900160001,5455.8634665738246,2026-08-20T00:09:10-04:00
02336000,2015-06-19,2890,A,81.835686650880007,7070.6033266360319,2026-08-20T00:09:10-04:00
02336000,2015-06-20,2100,A,59.465377843200002,5137.8086456524798,2026-08-20T00:09:10-04:00
02336000,2015-06-21,1220,A,34.546552842240004,2984.8221655695361,2026-08-20T00:09:10-04:00
02336000,2015-06-22,1100,A,31.148531251200001,2691.23310010368,2026-08-20T00:09:10-04:00
02336000,2015-06-23,1620,A,45.873291479039999,3963.4523837890561,2026-08-20T00:09:10-04:00
02336000,2015-06-24,2710,A,76.738654264320004,6630.2197284372478,2026-08-20T00:09:10-04:00
02336000,2015-06-25,2550,A,72.207958809600001,6238.7676411494404,2026-08-20T00:09:10-04:00
02336000,2015-06-26,1800,A,50.970323865600001,4403.8359819878406,2026-08-20T00:09:10-04:00
02336000,2015-06-27,2470,A,69.942611082240006,6043.0415975055366,2026-08-20T00:09:10-04:00
02336000,2015-06-28,1770,A,50.120818467840003,4330.4387156213761,2026-08-20T00:09:10-04:00
02336000,2015-06-29,1260,A,35.679226705920001,3082.6851873914879,2026-08-20T00:09:10-04:00
02336000,2015-06-30,1700,A,48.138639206400001,4159.1784274329602,2026-08-20T00:09:10-04:00
02336000,2015-07-01,2120,A,60.031714775040001,5186.7401565634564,2026-08-20T00:09:10-04:00
02336000,2015-07-02,2360,A,66.827757957119999,5773.9182874951684,2026-08-20T00:09:10-04:00
02336000,2015-07-03,2540,A,71.924790343680002,6214.3018856939525,2026-08-20T00:09:10-04:00
02336000,2015-07-04,2180,A,61.730725570560004,5333.5346892963844,2026-08-20T00:09:10-04:00
02336000,2015-07-05,2710,A,76.738654264320004,6630.2197284372478,2026-08-20T00:09:10-04:00
02336000,2015-07-06,1930,A,54.65151392256,4721.8908029091845,2026-08-20T00:09:10-04:00
02336000,2015-07-07,2250,A,63.712904832,5504.7949774848003,2026-08-20T00:09:10-04:00
02336000,2015-07-08,2130,A,60.31488324096,5211.2059120189442,2026-08-20T00:09:10-04:00
02336000,2015-07-09,2080,A,58.899040911360004,5088.8771347415041,2026-08-20T00:09:10-04:00
02336000,2015-07-10,1810,A,51.25349233152,4428.3017374433284,2026-08-20T00:09:10-04:00
02336000,2015-07-11,2030,A,57.48319858176,4966.5483574640639,2026-08-20T00:09:10-04:00
02336000,2015-07-12,1110,A,31.431699717120001,2715.6988555591679,2026-08-20T00:09:10-04:00
02336000,2015-07-13,2300,A,65.128747161600003,5627.1237547622404,2026-08-20T00:09:10-04:00
02336000,2015-07-14,2460,A,69.659442616320007,6018.5758420500479,2026-08-20T00:09:10-04:00
02336000,2015-07-15,3070,A,86.932719037440009,7510.9869248348159,2026-08-20T00:09:10-04:00
02336000,2015-07-16,2330,A,65.978252559360001,5700.521021128704,2026-08-20T00:09:10-04:00
02336000,2015-07-17,2250,A,63.712904832,5504.7949774848003,2026-08-20T00:09:10-04:00
02336000,2015-07-18,1690,A,47.855470740480001,4134.7126719774724,2026-08-20T00:09:10-04:00
02336000,2015-07-19,1100,A,31.148531251200001,2691.23310010368,2026-08-20T00:09:10-04:00
02336000,2015-07-20,995,A,28.175262359040001,2434.3426678210562,2026-08-20T00:09:10-04:00
02336000,2015-07-21,2200,A,62.297062502400003,5382.4662002073601,2026-08-20T00:09:10-04:00
02336000,2015-07-22,2140,A,60.59805170688,5235.6716674744321,2026-08-20T00:09:10-04:00
02336000,2015-07-23,2080,A,58.899040911360004,5088.8771347415041,2026-08-20T00:09:10-04:00
02336000,2015-07-24,2200,A,62.297062502400003,5382.4662002073601,2026-08-20T00:09:10-04:00
02336000,2015-07-25,1150,A,32.564373580800002,2813.5618773811202,2026-08-20T00:09:10-04:00
02336000,2015-07-26,971,A,27.495658040832001,2375.6248547278847,2026-08-20T00:09:10-04:00
02336000,2015-07-27,989,A,28.005361279488,2419.6632145477633,2026-08-20T00:09:10-04:00
02336000,2015-07-28,1540,A,43.607943751680004,3767.7263401451523,2026-08-20T00:09:10-04:00
02336000,2015-07-29,1310,A,37.095069035519998,3205.0139646689281,2026-08-20T00:09:10-04:00
02336000,2015-07-30,1480,A,41.908932956160001,3620.9318074122243,2026-08-20T00:09:10-04:00
02336000,2015-07-31,1060,A,30.015857387520001,2593.3700782817282,2026-08-20T00:09:10-04:00
02336000,2015-08-01,1320,A,37.378237501440005,3229.479720124416,2026-08-20T00:09:10-04:00
02336000,2015-08-02,986,A,27.920410739712,2412.3234879111169,2026-08-20T00:09:10-04:00
02336000,2015-08-03,1020,A,28.88318352384,2495.5070564597759,2026-08-20T00:09:10-04:00
02336000,2015-08-04,1050,A,29.732688921600001,2568.9043228262399,2026-08-20T00:09:10-04:00
02336000,2015-08-05,1040,A,29.449520455680002,2544.438567370752,2026-08-20T00:09:10-04:00
02336000,2015-08-06,1560,A,44.174280683520003,3816.657851056128,2026-08-20T00:09:10-04:00
02336000,2015-08-07,1580,A,44.740617615360001,3865.5893619671042,2026-08-20T00:09:10-04:00
02336000,2015-08-08,1210,A,34.263384376319998,2960.3564101140482,2026-08-20T00:09:10-04:00
02336000,2015-08-09,1230,A,34.829721308160003,3009.2879210250239,2026-08-20T00:09:10-04:00
02336000,2015-08-10,1020,A,28.88318352384,2495.5070564597759,2026-08-20T00:09:10-04:00
02336000,2015-08-11,1310,A,37.095069035519998,3205.0139646689281,2026-08-20T00:09:10-04:00
02336000,2015-08-12,1470,A,41.625764490240002,3596.466051956736,2026-08-20T00:09:10-04:00
02336000,2015-08-13,1440,A,40.776259092480004,3523.068785590272,2026-08-20T00:09:10-04:00
02336000,2015-08-14,1310,A,37.095069035519998,3205.0139646689281,2026-08-20T00:09:10-04:00
02336000,2015-08-15,1130,A,31.998036648959999,2764.6303664701441,2026-08-20T00:09:10-04:00
02336000,2015-08-16,969,A,27.439024347648001,2370.7317036367872,2026-08-20T00:09:10-04:00
02336000,2015-08-17,1020,A,28.88318352384,2495.5070564597759,2026-08-20T00:09:10-04:00
02336000,2015-08-18,1790,A,50.687155399680002,4379.3702265323518,2026-08-20T00:09:10-04:00
02336000,2015-08-19,3700,A,104.77233239040001,9052.3295185305597,2026-08-20T00:09:10-04:00
02336000,2015-08-20,2620,A,74.190138071039996,6410.0279293378562,2026-08-20T00:09:10-04:00
02336000,2015-08-21,1710,A,48.42180767232,4183.6441828884481,2026-08-20T00:09:10-04:00
02336000,2015-08-22,1320,A,37.378237501440005,3229.479720124416,2026-08-20T00:09:10-04:00
02336000,2015-08-23,2450,A,69.376274150400008,5994.11008659456,2026-08-20T00:09:10-04:00
02336000,2015-08-24,3060,A,86.649550571519995,7486.5211693793281,2026-08-20T00:09:10-04:00
02336000,2015-08-25,1960,A,55.501019320320005,4795.288069275648,2026-08-20T00:09:10-04:00
02336000,2015-08-26,1400,A,39.643585228799999,3425.2057637683201,2026-08-20T00:09:10-04:00
02336000,2015-08-27,1350,A,38.227742899200003,3302.87698649088,2026-08-20T00:09:10-04:00
02336000,2015-08-28,1690,A,47.855470740480001,4134.7126719774724,2026-08-20T00:09:10-04:00
02336000,2015-08-29,1230,A,34.829721308160003,3009.2879210250239,2026-08-20T00:09:10-04:00
02336000,2015-08-30,1170,A,33.13071051264,2862.4933882920959,2026-08-20T00:09:10-04:00
02336000,2015-08-31,1180,A,33.41387897856,2886.9591437475842,2026-08-20T00:09:10-04:00
02336000,2015-09-01,1140,A,32.281205114880002,2789.0961219256319,2026-08-20T00:09:10-04:00
02336000,2015-09-02,1640,A,46.439628410880005,4012.3838947000322,2026-08-20T00:09:10-04:00
02336000,2015-09-03,1490,A,42.19210142208,3645.3975628677122,2026-08-20T00:09:10-04:00
02336000,2015-09-04,1310,A,37.095069035519998,3205.0139646689281,2026-08-20T00:09:10-04:00
02336000,2015-09-05,1230,A,34.829721308160003,3009.2879210250239,2026-08-20T00:09:10-04:00
02336000,2015-09-06,1090,A,30.865362785280002,2666.7673446481922,2026-08-20T00:09:10-04:00
02336000,2015-09-07,1100,A,31.148531251200001,2691.23310010368,2026-08-20T00:09:10-04:00
02336000,2015-09-08,1200,A,33.980215910399998,2935.8906546585599,2026-08-20T00:09:10-04:00
02336000,2015-09-09,1210,A,34.263384376319998,2960.3564101140482,2026-08-20T00:09:10-04:00
02336000,2015-09-10,1930,A,54.65151392256,4721.8908029091845,2026-08-20T00:09:10-04:00
02336000,2015-09-11,1780,A,50.403986933760002,4354.904471076864,2026-08-20T00:09:10-04:00
02336000,2015-09-12,1580,A,44.740617615360001,3865.5893619671042,2026-08-20T00:09:10-04:00
02336000,2015-09-13,1290,A,36.528732103679999,3156.082453757952,2026-08-20T00:09:10-04:00
02336000,2015-09-14,1110,A,31.431699717120001,2715.6988555591679,2026-08-20T00:09:10-04:00
02336000,2015-09-15,1100,A,31.148531251200001,2691.23310010368,2026-08-20T00:09:10-04:00
02336000,2015-09-16,1090,A,30.865362785280002,2666.7673446481922,2026-08-20T00:09:10-04:00
02336000,2015-09-17,1180,A,33.41387897856,2886.9591437475842,2026-08-20T00:09:10-04:00
02336000,2015-09-18,1430,A,40.493090626560004,3498.6030301347841,2026-08-20T00:09:10-04:00
02336000,2015-09-19,1360,A,38.510911365120002,3327.3427419463683,2026-08-20T00:09:10-04:00
02336000,2015-09-20,1070,A,30.29902585344,2617.835833737216,2026-08-20T00:09:10-04:00
02336000,2015-09-21,1090,A,30.865362785280002,2666.7673446481922,2026-08-20T00:09:10-04:00
02336000,2015-09-22,1630,A,46.156459944959998,3987.9181392445439,2026-08-20T00:09:10-04:00
02336000,2015-09-23,1490,A,42.19210142208,3645.3975628677122,2026-08-20T00:09:10-04:00
02336000,2015-09-24,1770,A,50.120818467840003,4330.4387156213761,2026-08-20T00:09:10-04:00
02336000,2015-09-25,3350,A,94.861436083200005,8196.0280775884803,2026-08-20T00:09:10-04:00
02336000,2015-09-26,2620,A,74.190138071039996,6410.0279293378562,2026-08-20T00:09:10-04:00
02336000,2015-09-27,1400,A,39.643585228799999,3425.2057637683201,2026-08-20T00:09:10-04:00
02336000,2015-09-28,1140,A,32.281205114880002,2789.0961219256319,2026-08-20T00:09:10-04:00
02336000,2015-09-29,1550,A,43.891112217600003,3792.1920956006402,2026-08-20T00:09:10-04:00
02336000,2015-09-30,1920,A,54.36834545664,4697.4250474536966,2026-08-20T00:09:10-04:00
02336000,2015-10-01,2150,A,60.881220172799999,5260.1374229299199,2026-08-20T00:09:10-04:00
02336000,2015-10-02,1980,A,56.067356252160003,4844.2195801866237,2026-08-20T00:09:10-04:00
02336000,2015-10-03,2760,A,78.154496593920001,6752.548505714688,2026-08-20T00:09:10-04:00
02336000,2015-10-04,3310,A,93.728762219520007,8098.165055766528,2026-08-20T00:09:10-04:00
02336000,2015-10-05,2600,A,73.623801139199998,6361.0964184268805,2026-08-20T00:09:10-04:00
02336000,2015-10-06,2250,A,63.712904832,5504.7949774848003,2026-08-20T00:09:10-04:00
02336000,2015-10-07,2010,A,56.916861649920001,4917.6168465530882,2026-08-20T00:09:10-04:00
02336000,2015-10-08,2120,A,60.031714775040001,5186.7401565634564,2026-08-20T00:09:10-04:00
02336000,2015-10-09,2250,A,63.712904832,5504.7949774848003,2026-08-20T00:09:10-04:00
02336000,2015-10-10,2680,A,75.889148866560006,6556.8224620707842,2026-08-20T00:09:10-04:00
02336000,2015-10-11,1780,A,50.403986933760002,4354.904471076864,2026-08-20T00:09:10-04:00
02336000,2015-10-12,1150,A,32.564373580800002,2813.5618773811202,2026-08-20T00:09:10-04:00
02336000,2015-10-13,1700,A,48.138639206400001,4159.1784274329602,2026-08-20T00:09:10-04:00
02336000,2015-10-14,2510,A,71.075284945920004,6140.904619327488,2026-08-20T00:09:10-04:00
02336000,2015-10-15,3410,A,96.560446878720001,8342.8226103214074,2026-08-20T00:09:10-04:00
02336000,2015-10-16,3420,A,96.84361534464,8367.2883657768962,2026-08-20T00:09:10-04:00
02336000,2015-10-17,1770,A,50.120818467840003,4330.4387156213761,2026-08-20T00:09:10-04:00
02336000,2015-10-18,1330,A,37.661405967360004,3253.9454755799043,2026-08-20T00:09:10-04:00
02336000,2015-10-19,1170,A,33.13071051264,2862.4933882920959,2026-08-20T00:09:10-04:00
02336000,2015-10-20,2080,A,58.899040911360004,5088.8771347415041,2026-08-20T00:09:10-04:00
02336000,2015-10-21,1450,A,41.059427558400003,3547.5345410457603,2026-08-20T00:09:10-04:00
02336000,2015-10-22,1600,A,45.3069545472,3914.5208728780799,2026-08-20T00:09:10-04:00
02336000,2015-10-23,1770,A,50.120818467840003,4330.4387156213761,2026-08-20T00:09:10-04:00
02336000,2015-10-24,1560,A,44.174280683520003,3816.657851056128,2026-08-20T00:09:10-04:00
02336000,2015-10-25,1020,A,28.88318352384,2495.5070564597759,2026-08-20T00:09:10-04:00
02336000,2015-10-26,1140,A,32.281205114880002,2789.0961219256319,2026-08-20T00:09:10-04:00
02336000,2015-10-27,1390,A,39.36041676288,3400.7400083128323,2026-08-20T00:09:10-04:00
02336000,2015-10-28,2240,A,63.42973636608,5480.3292220293124,2026-08-20T00:09:10-04:00
02336000,2015-10-29,2080,A,58.899040911360004,5088.8771347415041,2026-08-20T00:09:10-04:00
02336000,2015-10-30,1640,A,46.439628410880005,4012.3838947000322,2026-08-20T00:09:10-04:00
02336000,2015-10-31,1530,A,43.324775285759998,3743.260584689664,2026-08-20T00:09:10-04:00
02336000,2015-11-01,1960,A,55.501019320320005,4795.288069275648,2026-08-20T00:09:10-04:00
02336000,2015-11-02,7110,A,201.33277926912001,17395.152128851969,2026-08-20T00:09:10-04:00
02336000,2015-11-03,6840,A,193.68723068928,16734.576731553792,2026-08-20T00:09:10-04:00
02336000,2015-11-04,2930,A,82.968360514560004,7168.4663484579842,2026-08-20T00:09:10-04:00
02336000,2015-11-05,1410,A,39.926753694719999,3449.671519223808,2026-08-20T00:09:10-04:00
02336000,2015-11-06,2610,A,73.906969605119997,6385.5621738823684,2026-08-20T00:09:10-04:00
02336000,2015-11-07,5160,A,146.11492841472,12624.329815031808,2026-08-20T00:09:10-04:00
02336000,2015-11-08,3590,A,101.65747926528,8783.2062085201924,2026-08-20T00:09:10-04:00
02336000,2015-11-09,5120,A,144.98225455104,12526.466793209856,2026-08-20T00:09:10-04:00
02336000,2015-11-10,4210,A,119.21392415232,10300.083046760448,2026-08-20T00:09:10-04:00
02336000,2015-11-11,2690,A,76.172317332480006,6581.2882175262721,2026-08-20T00:09:10-04:00
02336000,2015-11-12,2090,A,59.182209377280003,5113.3428901969919,2026-08-20T00:09:10-04:00
02336000,2015-11-13,3270,A,92.596088355839996,8000.3020339445766,2026-08-20T00:09:10-04:00
02336000,2015-11-14,2990,A,84.66737131008,7315.2608811909122,2026-08-20T00:09:10-04:00
02336000,2015-11-15,1170,A,33.13071051264,2862.4933882920959,2026-08-20T00:09:10-04:00
02336000,2015-11-16,1650,A,46.722796876800004,4036.8496501555201,2026-08-20T00:09:10-04:00
02336000,2015-11-17,3180,A,90.047572162560002,7780.1102348451841,2026-08-20T00:09:10-04:00
02336000,2015-11-18,4640,A,131.39016818688,11352.110531346432,2026-08-20T00:09:10-04:00
02336000,2015-11-19,6120,A,173.29910114303999,14973.042338758656,2026-08-20T00:09:10-04:00
02336000,2015-11-20,3220,A,91.180246026239999,7877.9732566671364,2026-08-20T00:09:10-04:00
02336000,2015-11-21,3540,A,100.24163693568001,8660.8774312427522,2026-08-20T00:09:10-04:00
02336000,2015-11-22,3520,A,99.675300003840007,8611.9459203317765,2026-08-20T00:09:10-04:00
02336000,2015-11-23,4170,A,118.08125028864001,10202.220024938497,2026-08-20T00:09:10-04:00
02336000,2015-11-24,6010,A,170.18424801792,14703.919028748289,2026-08-20T00:09:10-04:00
02336000,2015-11-25,6110,A,173.01593267711999,14948.576583303169,2026-08-20T00:09:10-04:00
02336000,2015-11-26,6120,A,173.29910114303999,14973.042338758656,2026-08-20T00:09:10-04:00
02336000,2015-11-27,6190,A,175.28128040448001,15144.302626947072,2026-08-20T00:09:10-04:00
02336000,2015-11-28,5170,A,146.39809688064,12648.795570487297,2026-08-20T00:09:10-04:00
02336000,2015-11-29,1290,A,36.528732103679999,3156.082453757952,2026-08-20T00:09:10-04:00
02336000,2015-11-30,1230,A,34.829721308160003,3009.2879210250239,2026-08-20T00:09:10-04:00
02336000,2015-12-01,2000,A,56.633693184000002,4893.1510910976003,2026-08-20T00:09:10-04:00
02336000,2015-12-02,1630,A,46.156459944959998,3987.9181392445439,2026-08-20T00:09:10-04:00
02336000,2015-12-03,3360,A,95.144604549120004,8220.4938330439691,2026-08-20T00:09:10-04:00
02336000,2015-12-04,6250,A,176.98029120000001,15291.097159680001,2026-08-20T00:09:10-04:00
02336000,2015-12-05,4790,A,135.63769517567999,11719.096863178753,2026-08-20T00:09:10-04:00
02336000,2015-12-06,1170,A,33.13071051264,2862.4933882920959,2026-08-20T00:09:10-04:00
02336000,2015-12-07,1210,A,34.263384376319998,2960.3564101140482,2026-08-20T00:09:10-04:00
02336000,2015-12-08,4680,A,132.52284205056,11449.973553168384,2026-08-20T00:09:10-04:00
02336000,2015-12-09,5220,A,147.81393921023999,12771.124347764737,2026-08-20T00:09:10-04:00
02336000,2015-12-10,5120,A,144.98225455104,12526.466793209856,2026-08-20T00:09:10-04:00
02336000,2015-12-11,4800,A,135.92086364159999,11743.56261863424,2026-08-20T00:09:10-04:00
02336000,2015-12-12,3680,A,104.20599545856,9003.398007619584,2026-08-20T00:09:10-04:00
02336000,2015-12-13,1090,A,30.865362785280002,2666.7673446481922,2026-08-20T00:09:10-04:00
02336000,2015-12-14,1050,A,29.732688921600001,2568.9043228262399,2026-08-20T00:09:10-04:00
02336000,2015-12-15,2890,A,81.835686650880007,7070.6033266360319,2026-08-20T00:09:10-04:00
02336000,2015-12-16,1830,A,51.819829263359999,4477.2332483543041,2026-08-20T00:09:10-04:00
02336000,2015-12-17,5870,A,166.21988949504001,14361.398452371457,2026-08-20T00:09:10-04:00
02336000,2015-12-18,3650,A,103.3564900608,8930.0007412531195,2026-08-20T00:09:10-04:00
02336000,2015-12-19,1900,A,53.802008524800002,4648.49353654272,2026-08-20T00:09:10-04:00
02336000,2015-12-20,1210,A,34.263384376319998,2960.3564101140482,2026-08-20T00:09:10-04:00
02336000,2015-12-21,1490,A,42.19210142208,3645.3975628677122,2026-08-20T00:09:10-04:00
02336000,2015-12-22,4880,A,138.18621136896002,11939.288662278144,2026-08-20T00:09:10-04:00
02336000,2015-12-23,5160,A,146.11492841472,12624.329815031808,2026-08-20T00:09:10-04:00
02336000,2015-12-24,8450,A,239.27735370240001,20673.563359887361,2026-08-20T00:09:10-04:00
02336000,2015-12-25,7830,A,221.72090881536002,19156.686521647105,2026-08-20T00:09:10-04:00
02336000,2015-12-26,6500,A,184.05950284799999,15902.7410460672,2026-08-20T00:09:10-04:00
02336000,2015-12-27,2780,A,78.72083352576,6801.4800166256646,2026-08-20T00:09:10-04:00
02336000,2015-12-28,2690,A,76.172317332480006,6581.2882175262721,2026-08-20T00:09:10-04:00
02336000,2015-12-29,5870,A,166.21988949504001,14361.398452371457,2026-08-20T00:09:10-04:00
02336000,2015-12-30,5040,A,142.71690682368001,12330.740749565952,2026-08-20T00:09:10-04:00
02336000,2015-12-31,3720,A,105.33866932224001,9101.2610294415372,2026-08-20T00:09:10-04:00
02336000,2016-01-01,3600,A,101.9406477312,8807.6719639756811,2026-08-20T00:09:10-04:00
02336000,2016-01-02,7090,A,200.76644233728001,17346.220617940991,2026-08-20T00:09:10-04:00
02336000,2016-01-03,7130,A,201.89911620096001,17444.083639762943,2026-08-20T00:09:10-04:00
02336000,2016-01-04,7230,A,204.73080086016,17688.741194317823,2026-08-20T00:09:10-04:00
02336000,2016-01-05,7040,A,199.35060000768001,17223.891840663553,2026-08-20T00:09:10-04:00
02336000,2016-01-06,7800,A,220.87140341759999,19083.289255280641,2026-08-20T00:09:10-04:00
02336000,2016-01-07,7710,A,218.32288722432,18863.097456181247,2026-08-20T00:09:10-04:00
02336000,2016-01-08,7970,A,225.68526733824001,19499.207098023937,2026-08-20T00:09:10-04:00
02336000,2016-01-09,7800,A,220.87140341759999,19083.289255280641,2026-08-20T00:09:10-04:00
02336000,2016-01-10,8010,A,226.81794120192001,19597.070119845888,2026-08-20T00:09:10-04:00
02336000,2016-01-11,7920,A,224.26942500864001,19376.878320746495,2026-08-20T00:09:10-04:00
02336000,2016-01-12,7770,A,220.02189801983999,19009.891988914176,2026-08-20T00:09:10-04:00
02336000,2016-01-13,7740,A,219.17239262208,18936.494722547712,2026-08-20T00:09:10-04:00
02336000,2016-01-14,7600,A,215.20803409920001,18593.97414617088,2026-08-20T00:09:10-04:00
02336000,2016-01-15,10600,A,300.15857387520003,25933.700782817279,2026-08-20T00:09:10-04:00
02336000,2016-01-16,6000,A,169.901079552,14679.4532732928,2026-08-20T00:09:10-04:00
02336000,2016-01-17,2830,A,80.136675855359996,6923.8087939031038,2026-08-20T00:09:10-04:00
02336000,2016-01-18,5850,A,165.65355256320001,14312.46694146048,2026-08-20T00:09:10-04:00
02336000,2016-01-19,7950,A,225.11893040640001,19450.275587112959,2026-08-20T00:09:10-04:00
02336000,2016-01-20,7860,A,222.57041421312002,19230.08378801357,2026-08-20T00:09:10-04:00
02336000,2016-01-21,7780,A,220.30506648575999,19034.357744369663,2026-08-20T00:09:10-04:00
02336000,2016-01-22,8310,A,235.31299517952002,20331.042783510529,2026-08-20T00:09:10-04:00
02336000,2016-01-23,5550,A,157.1584985856,13578.49427779584,2026-08-20T00:09:10-04:00
02336000,2016-01-24,7640,A,216.34070796288,18691.837167992831,2026-08-20T00:09:10-04:00
02336000,2016-01-25,8110,A,229.64962586112,19841.727674400769,2026-08-20T00:09:10-04:00
02336000,2016-01-26,6800,A,192.5545568256,16636.713709731841,2026-08-20T00:09:10-04:00
02336000,2016-01-27,4930,A,139.60205369856001,12061.617439555584,2026-08-20T00:09:10-04:00
02336000,2016-01-28,7980,A,225.96843580416001,19523.672853479424,2026-08-20T00:09:10-04:00
02336000,2016-01-29,7900,A,223.70308807680001,19327.946809835521,2026-08-20T00:09:10-04:00
02336000,2016-01-30,8030,A,227.38427813376001,19646.001630756866,2026-08-20T00:09:10-04:00
02336000,2016-01-31,8160,A,231.06546819072,19964.056451678207,2026-08-20T00:09:10-04:00
02336000,2016-02-01,8340,A,236.16250057728001,20404.440049876994,2026-08-20T00:09:10-04:00
02336000,2016-02-02,7670,A,217.19021336064,18765.234434359296,2026-08-20T00:09:10-04:00
02336000,2016-02-03,7240,A,205.01396932608,17713.206949773314,2026-08-20T00:09:10-04:00
02336000,2016-02-04,5190,A,146.96443381248,12697.727081398272,2026-08-20T00:09:10-04:00
02336000,2016-02-05,7570,A,214.35852870144001,18520.576879804416,2026-08-20T00:09:10-04:00
02336000,2016-02-06,6980,A,197.65158921216002,17077.097307930624,2026-08-20T00:09:10-04:00
02336000,2016-02-07,7950,A,225.11893040640001,19450.275587112959,2026-08-20T00:09:10-04:00
02336000,2016-02-08,7920,A,224.26942500864001,19376.878320746495,2026-08-20T00:09:10-04:00
02336000,2016-02-09,7780,A,220.30506648575999,19034.357744369663,2026-08-20T00:09:10-04:00
02336000,2016-02-10,7310,A,206.99614858752,17884.46723796173,2026-08-20T00:09:10-04:00
02336000,2016-02-11,4420,A,125.16046193664,10813.863911325696,2026-08-20T00:09:10-04:00
02336000,2016-02-12,4220,A,119.49709261824,10324.548802215937,2026-08-20T00:09:10-04:00
02336000,2016-02-13,3630,A,102.79015312896,8881.0692303421438,2026-08-20T00:09:10-04:00
02336000,2016-02-14,1150,A,32.564373580800002,2813.5618773811202,2026-08-20T00:09:10-04:00
02336000,2016-02-15,1900,A,53.802008524800002,4648.49353654272,2026-08-20T00:09:10-04:00
02336000,2016-02-16,4740,A,134.22185284608,11596.768085901313,2026-08-20T00:09:10-04:00
02336000,2016-02-17,3510,A,99.392131537920008,8587.4801648762877,2026-08-20T00:09:10-04:00
02336000,2016-02-18,3670,A,103.92282699264,8978.932252164097,2026-08-20T00:09:10-04:00
02336000,2016-02-19,3140,A,88.914898298880004,7682.2472130232327,2026-08-20T00:09:10-04:00
02336000,2016-02-20,1940,A,54.934682388479999,4746.3565583646723,2026-08-20T00:09:10-04:00
02336000,2016-02-21,1080,A,30.582194319359999,2642.3015891927039,2026-08-20T00:09:10-04:00
02336000,2016-02-22,1870,A,52.952503127040004,4575.0962701762564,2026-08-20T00:09:10-04:00
02336000,2016-02-23,6220,A,176.13078580224001,15217.699893313536,2026-08-20T00:09:10-04:00
02336000,2016-02-24,7820,A,221.43774034944002,19132.220766191618,2026-08-20T00:09:10-04:00
02336000,2016-02-25,7760,A,219.73872955392,18985.426233458689,2026-08-20T00:09:10-04:00
02336000,2016-02-26,7180,A,203.31495853056001,17566.412417040385,2026-08-20T00:09:10-04:00
02336000,2016-02-27,6570,A,186.04168210944002,16074.001334255616,2026-08-20T00:09:10-04:00
02336000,2016-02-28,6410,A,181.51098665472,15682.549246967808,2026-08-20T00:09:10-04:00
02336000,2016-02-29,6160,A,174.43177500672002,15070.905360580609,2026-08-20T00:09:10-04:00
02336000,2016-03-01,6480,A,183.49316591616,15853.809535156224,2026-08-20T00:09:10-04:00
02336000,2016-03-02,7610,A,215.49120256512001,18618.439901626367,2026-08-20T00:09:10-04:00
02336000,2016-03-03,6970,A,197.36842074624002,17052.631552475137,2026-08-20T00:09:10-04:00
02336000,2016-03-04,7260,A,205.58030625792,17762.138460684288,2026-08-20T00:09:10-04:00
02336000,2016-03-05,5190,A,146.96443381248,12697.727081398272,2026-08-20T00:09:10-04:00
02336000,2016-03-06,1680,A,47.572302274560002,4110.2469165219845,2026-08-20T00:09:10-04:00
02336000,2016-03-07,2570,A,72.77429574144,6287.6991520604161,2026-08-20T00:09:10-04:00
02336000,2016-03-08,6270,A,177.54662813184001,15340.028670590977,2026-08-20T00:09:10-04:00
02336000,2016-03-09,6230,A,176.41395426816001,15242.165648769025,2026-08-20T00:09:10-04:00
02336000,2016-03-10,5610,A,158.85750938112,13725.288810528769,2026-08-20T00:09:10-04:00
02336000,2016-03-11,4530,A,128.27531506176001,11082.987221336065,2026-08-20T00:09:10-04:00
02336000,2016-03-12,3440,A,97.409952276479999,8416.2198766878719,2026-08-20T00:09:10-04:00
02336000,2016-03-13,1690,A,47.855470740480001,4134.7126719774724,2026-08-20T00:09:10-04:00
02336000,2016-03-14,2210,A,62.580230968320002,5406.9319556628479,2026-08-20T00:09:10-04:00
02336000,2016-03-15,3670,A,103.92282699264,8978.932252164097,2026-08-20T00:09:10-04:00
02336000,2016-03-16,4120,A,116.66540795904001,10079.891247661057,2026-08-20T00:09:10-04:00
02336000,2016-03-17,4210,A,119.21392415232,10300.083046760448,2026-08-20T00:09:10-04:00
02336000,2016-03-18,3970,A,112.41788097024001,9712.9049158287362,2026-08-20T00:09:10-04:00
02336000,2016-03-19,2540,A,71.924790343680002,6214.3018856939525,2026-08-20T00:09:10-04:00
02336000,2016-03-20,1300,A,36.811900569599999,3180.5482092134403,2026-08-20T00:09:10-04:00
02336000,2016-03-21,1700,A,48.138639206400001,4159.1784274329602,2026-08-20T00:09:10-04:00
02336000,2016-03-22,3380,A,95.710941480960003,8269.4253439549448,2026-08-20T00:09:10-04:00
02336000,2016-03-23,2430,A,68.809937218560009,5945.1785756835843,2026-08-20T00:09:10-04:00
02336000,2016-03-24,3020,A,85.516876707839998,7388.6581475573767,2026-08-20T00:09:10-04:00
02336000,2016-03-25,3680,A,104.20599545856,9003.398007619584,2026-08-20T00:09:10-04:00
02336000,2016-03-26,2100,A,59.465377843200002,5137.8086456524798,2026-08-20T00:09:10-04:00
02336000,2016-03-27,1090,A,30.865362785280002,2666.7673446481922,2026-08-20T00:09:10-04:00
02336000,2016-03-28,1070,A,30.29902585344,2617.835833737216,2026-08-20T00:09:10-04:00
02336000,2016-03-29,3120,A,88.348561367040006,7633.3157021122561,2026-08-20T00:09:10-04:00
02336000,2016-03-30,3100,A,87.782224435200007,7584.3841912012804,2026-08-20T00:09:10-04:00
02336000,2016-03-31,3110,A,88.065392901120006,7608.8499466567682,2026-08-20T00:09:10-04:00
02336000,2016-04-01,2030,A,57.48319858176,4966.5483574640639,2026-08-20T00:09:10-04:00
02336000,2016-04-02,2120,A,60.031714775040001,5186.7401565634564,2026-08-20T00:09:10-04:00
02336000,2016-04-03,1300,A,36.811900569599999,3180.5482092134403,2026-08-20T00:09:10-04:00
02336000,2016-04-04,1540,A,43.607943751680004,3767.7263401451523,2026-08-20T00:09:10-04:00
02336000,2016-04-05,3350,A,94.861436083200005,8196.0280775884803,2026-08-20T00:09:10-04:00
02336000,2016-04-06,3090,A,87.499055969280008,7559.9184357457925,2026-08-20T00:09:10-04:00
02336000,2016-04-07,3390,A,95.994109946880002,8293.8910994104317,2026-08-20T00:09:10-04:00
02336000,2016-04-08,3260,A,92.312919889919996,7975.8362784890878,2026-08-20T00:09:10-04:00
02336000,2016-04-09,2520,A,71.358453411840003,6165.3703747829759,2026-08-20T00:09:10-04:00
02336000,2016-04-10,1160,A,32.847542046720001,2838.0276328366081,2026-08-20T00:09:10-04:00
02336000,2016-04-11,1330,A,37.661405967360004,3253.9454755799043,2026-08-20T00:09:10-04:00
02336000,2016-04-12,3790,A,107.32084858368,9272.521317629953,2026-08-20T00:09:10-04:00
02336000,2016-04-13,2340,A,66.261421025280001,5724.9867765841918,2026-08-20T00:09:10-04:00
02336000,2016-04-14,2230,A,63.146567900160001,5455.8634665738246,2026-08-20T00:09:10-04:00
02336000,2016-04-15,2360,A,66.827757957119999,5773.9182874951684,2026-08-20T00:09:10-04:00
02336000,2016-04-16,1780,A,50.403986933760002,4354.904471076864,2026-08-20T00:09:10-04:00
02336000,2016-04-17,1170,A,33.13071051264,2862.4933882920959,2026-08-20T00:09:10-04:00
02336000,2016-04-18,965,A,27.32575696128,2360.9454014545922,2026-08-20T00:09:10-04:00
02336000,2016-04-19,1160,A,32.847542046720001,2838.0276328366081,2026-08-20T00:09:10-04:00
02336000,2016-04-20,1470,A,41.625764490240002,3596.466051956736,2026-08-20T00:09:10-04:00
02336000,2016-04-21,1300,A,36.811900569599999,3180.5482092134403,2026-08-20T00:09:10-04:00
02336000,2016-04-22,1240,A,35.112889774080003,3033.7536764805122,2026-08-20T00:09:10-04:00
02336000,2016-04-23,2630,A,74.473306536959996,6434.4936847933441,2026-08-20T00:09:10-04:00
02336000,2016-04-24,1100,A,31.148531251200001,2691.23310010368,2026-08-20T00:09:10-04:00
02336000,2016-04-25,1080,A,30.582194319359999,2642.3015891927039,2026-08-20T00:09:10-04:00
02336000,2016-04-26,2010,A,56.916861649920001,4917.6168465530882,2026-08-20T00:09:10-04:00
02336000,2016-04-27,1740,A,49.271313070079998,4257.0414492549125,2026-08-20T00:09:10-04:00
02336000,2016-04-28,1590,A,45.023786081280001,3890.055117422592,2026-08-20T00:09:10-04:00
02336000,2016-04-29,2250,A,63.712904832,5504.7949774848003,2026-08-20T00:09:10-04:00
02336000,2016-04-30,2320,A,65.695084093440002,5676.0552656732161,2026-08-20T00:09:10-04:00
02336000,2016-05-01,1550,A,43.891112217600003,3792.1920956006402,2026-08-20T00:09:10-04:00
02336000,2016-05-02,1350,A,38.227742899200003,3302.87698649088,2026-08-20T00:09:10-04:00
02336000,2016-05-03,1750,A,49.554481536000004,4281.5072047104004,2026-08-20T00:09:10-04:00
02336000,2016-05-04,3190,A,90.330740628480001,7804.5759903006719,2026-08-20T00:09:10-04:00
02336000,2016-05-05,3210,A,90.89707756032,7853.5075012116486,2026-08-20T00:09:10-04:00
02336000,2016-05-06,3370,A,95.427773015040003,8244.959588499456,2026-08-20T00:09:10-04:00
02336000,2016-05-07,2170,A,61.447557104640005,5309.0689338408965,2026-08-20T00:09:10-04:00
02336000,2016-05-08,1090,A,30.865362785280002,2666.7673446481922,2026-08-20T00:09:10-04:00
02336000,2016-05-09,1280,A,36.24556363776,3131.6166983024641,2026-08-20T00:09:10-04:00
02336000,2016-05-10,1950,A,55.217850854399998,4770.8223138201602,2026-08-20T00:09:10-04:00
02336000,2016-05-11,1790,A,50.687155399680002,4379.3702265323518,2026-08-20T00:09:10-04:00
02336000,2016-05-12,2480,A,70.225779548160006,6067.5073529610245,2026-08-20T00:09:10-04:00
02336000,2016-05-13,3160,A,89.481235230720003,7731.1787239342084,2026-08-20T00:09:10-04:00
02336000,2016-05-14,3120,A,88.348561367040006,7633.3157021122561,2026-08-20T00:09:10-04:00
02336000,2016-05-15,1040,A,29.449520455680002,2544.438567370752,2026-08-20T00:09:10-04:00
02336000,2016-05-16,1300,A,36.811900569599999,3180.5482092134403,2026-08-20T00:09:10-04:00
02336000,2016-05-17,4520,A,127.99214659584,11058.521465880576,2026-08-20T00:09:10-04:00
02336000,2016-05-18,4070,A,115.24956562944,9957.5624703836165,2026-08-20T00:09:10-04:00
02336000,2016-05-19,3860,A,109.30302784512,9443.7816058183689,2026-08-20T00:09:10-04:00
02336000,2016-05-20,3370,A,95.427773015040003,8244.959588499456,2026-08-20T00:09:10-04:00
02336000,2016-05-21,2810,A,79.570338923519998,6874.8772829921281,2026-08-20T00:09:10-04:00
02336000,2016-05-22,1110,A,31.431699717120001,2715.6988555591679,2026-08-20T00:09:10-04:00
02336000,2016-05-23,1440,A,40.776259092480004,3523.068785590272,2026-08-20T00:09:10-04:00
02336000,2016-05-24,3070,A,86.932719037440009,7510.9869248348159,2026-08-20T00:09:10-04:00
02336000,2016-05-25,3190,A,90.330740628480001,7804.5759903006719,2026-08-20T00:09:10-04:00
02336000,2016-05-26,3170,A,89.764403696640002,7755.6444793896962,2026-08-20T00:09:10-04:00
02336000,2016-05-27,3240,A,91.746582958079998,7926.9047675781121,2026-08-20T00:09:10-04:00
02336000,2016-05-28,3120,A,88.348561367040006,7633.3157021122561,2026-08-20T00:09:10-04:00
02336000,2016-05-29,1080,A,30.582194319359999,2642.3015891927039,2026-08-20T00:09:10-04:00
02336000,2016-05-30,985,A,27.892093893120002,2409.8769123655679,2026-08-20T00:09:10-04:00
02336000,2016-05-31,1640,A,46.439628410880005,4012.3838947000322,2026-08-20T00:09:10-04:00
02336000,2016-06-01,3580,A,101.37431079936,8758.7404530647036,2026-08-20T00:09:10-04:00
02336000,2016-06-02,4170,A,118.08125028864001,10202.220024938497,2026-08-20T00:09:10-04:00
02336000,2016-06-03,3790,A,107.32084858368,9272.521317629953,2026-08-20T00:09:10-04:00
02336000,2016-06-04,2390,A,67.677263354879997,5847.315553861632,2026-08-20T00:09:10-04:00
02336000,2016-06-05,1200,A,33.980215910399998,2935.8906546585599,2026-08-20T00:09:10-04:00
02336000,2016-06-06,1180,A,33.41387897856,2886.9591437475842,2026-08-20T00:09:10-04:00
02336000,2016-06-07,2270,A,64.279241763840005,5553.726488395776,2026-08-20T00:09:10-04:00
02336000,2016-06-08,2410,A,68.243600286719996,5896.2470647726086,2026-08-20T00:09:10-04:00
02336000,2016-06-09,1900,A,53.802008524800002,4648.49353654272,2026-08-20T00:09:10-04:00
02336000,2016-06-10,1740,A,49.271313070079998,4257.0414492549125,2026-08-20T00:09:10-04:00
02336000,2016-06-11,1840,A,52.102997729279998,4501.699003809792,2026-08-20T00:09:10-04:00
02336000,2016-06-12,1110,A,31.431699717120001,2715.6988555591679,2026-08-20T00:09:10-04:00
02336000,2016-06-13,1230,A,34.829721308160003,3009.2879210250239,2026-08-20T00:09:10-04:00
02336000,2016-06-14,2590,A,73.340632673279998,6336.6306629713918,2026-08-20T00:09:10-04:00
02336000,2016-06-15,2350,A,66.5445894912,5749.4525320396806,2026-08-20T00:09:10-04:00
02336000,2016-06-16,1770,A,50.120818467840003,4330.4387156213761,2026-08-20T00:09:10-04:00
02336000,2016-06-17,2070,A,58.615872445440004,5064.4113792860162,2026-08-20T00:09:10-04:00
02336000,2016-06-18,1670,A,47.289133808640003,4085.7811610664962,2026-08-20T00:09:10-04:00
02336000,2016-06-19,1060,A,30.015857387520001,2593.3700782817282,2026-08-20T00:09:10-04:00
02336000,2016-06-20,1030,A,29.166351989760003,2519.9728119152642,2026-08-20T00:09:10-04:00
02336000,2016-06-21,1050,A,29.732688921600001,2568.9043228262399,2026-08-20T00:09:10-04:00
02336000,2016-06-22,1720,A,48.704976138239999,4208.1099383439359,2026-08-20T00:09:10-04:00
02336000,2016-06-23,1520,A,43.041606819839998,3718.7948292341762,2026-08-20T00:09:10-04:00
02336000,2016-06-24,1560,A,44.174280683520003,3816.657851056128,2026-08-20T00:09:10-04:00
02336000,2016-06-25,1420,A,40.209922160639998,3474.1372746792963,2026-08-20T00:09:10-04:00
02336000,2016-06-26,1210,A,34.263384376319998,2960.3564101140482,2026-08-20T00:09:10-04:00
02336000,2016-06-27,1220,A,34.546552842240004,2984.8221655695361,2026-08-20T00:09:10-04:00
02336000,2016-06-28,1450,A,41.059427558400003,3547.5345410457603,2026-08-20T00:09:10-04:00
02336000,2016-06-29,1600,A:e,45.3069545472,3914.5208728780799,2026-08-20T00:09:10-04:00
02336000,2016-06-30,1280,A,36.24556363776,3131.6166983024641,2026-08-20T00:09:10-04:00
02336000,2016-07-01,1310,A,37.095069035519998,3205.0139646689281,2026-08-20T00:09:10-04:00
02336000,2016-07-02,1270,A,35.962395171840001,3107.1509428469762,2026-08-20T00:09:10-04:00
02336000,2016-07-03,1020,A,28.88318352384,2495.5070564597759,2026-08-20T00:09:10-04:00
02336000,2016-07-04,1030,A,29.166351989760003,2519.9728119152642,2026-08-20T00:09:10-04:00
02336000,2016-07-05,1070,A,30.29902585344,2617.835833737216,2026-08-20T00:09:10-04:00
02336000,2016-07-06,1280,A,36.24556363776,3131.6166983024641,2026-08-20T00:09:10-04:00
02336000,2016-07-07,1370,A,38.794079831040001,3351.8084974018561,2026-08-20T00:09:10-04:00
02336000,2016-07-08,1370,A,38.794079831040001,3351.8084974018561,2026-08-20T00:09:10-04:00
02336000,2016-07-09,1160,A,32.847542046720001,2838.0276328366081,2026-08-20T00:09:10-04:00
02336000,2016-07-10,1040,A,29.449520455680002,2544.438567370752,2026-08-20T00:09:10-04:00
02336000,2016-07-11,1040,A,29.449520455680002,2544.438567370752,2026-08-20T00:09:10-04:00
02336000,2016-07-12,1310,A,37.095069035519998,3205.0139646689281,2026-08-20T00:09:10-04:00
02336000,2016-07-13,1300,A,36.811900569599999,3180.5482092134403,2026-08-20T00:09:10-04:00
02336000,2016-07-14,1170,A,33.13071051264,2862.4933882920959,2026-08-20T00:09:10-04:00
02336000,2016-07-15,1080,A,30.582194319359999,2642.3015891927039,2026-08-20T00:09:10-04:00
02336000,2016-07-16,1670,A,47.289133808640003,4085.7811610664962,2026-08-20T00:09:10-04:00
02336000,2016-07-17,1280,A,36.24556363776,3131.6166983024641,2026-08-20T00:09:10-04:00
02336000,2016-07-18,1060,A,30.015857387520001,2593.3700782817282,2026-08-20T00:09:10-04:00
02336000,2016-07-19,1050,A,29.732688921600001,2568.9043228262399,2026-08-20T00:09:10-04:00
02336000,2016-07-20,1320,A,37.378237501440005,3229.479720124416,2026-08-20T00:09:10-04:00
02336000,2016-07-21,1110,A,31.431699717120001,2715.6988555591679,2026-08-20T00:09:10-04:00
02336000,2016-07-22,1380,A,39.077248296960001,3376.274252857344,2026-08-20T00:09:10-04:00
02336000,2016-07-23,1150,A,32.564373580800002,2813.5618773811202,2026-08-20T00:09:10-04:00
02336000,2016-07-24,1120,A,31.71486818304,2740.1646110146562,2026-08-20T00:09:10-04:00
02336000,2016-07-25,1110,A,31.431699717120001,2715.6988555591679,2026-08-20T00:09:10-04:00
02336000,2016-07-26,1190,A,33.697047444479999,2911.4248992030721,2026-08-20T00:09:10-04:00
02336000,2016-07-27,1090,A:e,30.865362785280002,2666.7673446481922,2026-08-20T00:09:10-04:00
02336000,2016-07-28,1200,A:e,33.980215910399998,2935.8906546585599,2026-08-20T00:09:10-04:00
02336000,2016-07-29,1070,A:e,30.29902585344,2617.835833737216,2026-08-20T00:09:10-04:00
02336000,2016-07-30,1200,A,33.980215910399998,2935.8906546585599,2026-08-20T00:09:10-04:00
02336000,2016-07-31,1050,A,29.732688921600001,2568.9043228262399,2026-08-20T00:09:10-04:00
02336000,2016-08-01,1020,A,28.88318352384,2495.5070564597759,2026-08-20T00:09:10-04:00
02336000,2016-08-02,1060,A,30.015857387520001,2593.3700782817282,2026-08-20T00:09:10-04:00
02336000,2016-08-03,1050,A,29.732688921600001,2568.9043228262399,2026-08-20T00:09:10-04:00
02336000,2016-08-04,1300,A,36.811900569599999,3180.5482092134403,2026-08-20T00:09:10-04:00
02336000,2016-08-05,1480,A,41.908932956160001,3620.9318074122243,2026-08-20T00:09:10-04:00
02336000,2016-08-06,1080,A,30.582194319359999,2642.3015891927039,2026-08-20T00:09:10-04:00
02336000,2016-08-07,973,A,27.552291734016002,2380.5180058189826,2026-08-20T00:09:10-04:00
02336000,2016-08-08,1560,A,44.174280683520003,3816.657851056128,2026-08-20T00:09:10-04:00
02336000,2016-08-09,1510,A,42.758438353919999,3694.3290737786883,2026-08-20T00:09:10-04:00
02336000,2016-08-10,1050,A,29.732688921600001,2568.9043228262399,2026-08-20T00:09:10-04:00
02336000,2016-08-11,1040,A,29.449520455680002,2544.438567370752,2026-08-20T00:09:10-04:00
02336000,2016-08-12,1160,A,32.847542046720001,2838.0276328366081,2026-08-20T00:09:10-04:00
02336000,2016-08-13,987,A,27.948727586303999,2414.7700634566659,2026-08-20T00:09:10-04:00
02336000,2016-08-14,941,A,26.646152643072,2302.2275883614207,2026-08-20T00:09:10-04:00
02336000,2016-08-15,947,A,26.816053722624002,2316.9070416347136,2026-08-20T00:09:10-04:00
02336000,2016-08-16,1400,A,39.643585228799999,3425.2057637683201,2026-08-20T00:09:10-04:00
02336000,2016-08-17,1420,A,40.209922160639998,3474.1372746792963,2026-08-20T00:09:10-04:00
02336000,2016-08-18,1450,A,41.059427558400003,3547.5345410457603,2026-08-20T00:09:10-04:00
02336000,2016-08-19,1660,A,47.005965342720003,4061.3154056110079,2026-08-20T00:09:10-04:00
02336000,2016-08-20,1390,A,39.36041676288,3400.7400083128323,2026-08-20T00:09:10-04:00
02336000,2016-08-21,1190,A,33.697047444479999,2911.4248992030721,2026-08-20T00:09:10-04:00
02336000,2016-08-22,1440,A,40.776259092480004,3523.068785590272,2026-08-20T00:09:10-04:00
02336000,2016-08-23,1200,A,33.980215910399998,2935.8906546585599,2026-08-20T00:09:10-04:00
02336000,2016-08-24,1290,A,36.528732103679999,3156.082453757952,2026-08-20T00:09:10-04:00
02336000,2016-08-25,1500,A,42.475269888,3669.8633183232,2026-08-20T00:09:10-04:00
02336000,2016-08-26,1100,A,31.148531251200001,2691.23310010368,2026-08-20T00:09:10-04:00
02336000,2016-08-27,1340,A,37.944574433280003,3278.4112310353921,2026-08-20T00:09:10-04:00
02336000,2016-08-28,995,A,28.175262359040001,2434.3426678210562,2026-08-20T00:09:10-04:00
02336000,2016-08-29,985,A,27.892093893120002,2409.8769123655679,2026-08-20T00:09:10-04:00
02336000,2016-08-30,1040,A,29.449520455680002,2544.438567370752,2026-08-20T00:09:10-04:00
02336000,2016-08-31,1000,A,28.316846592000001,2446.5755455488002,2026-08-20T00:09:10-04:00
02336000,2016-09-01,1060,A,30.015857387520001,2593.3700782817282,2026-08-20T00:09:10-04:00
02336000,2016-09-02,1660,A,47.005965342720003,4061.3154056110079,2026-08-20T00:09:10-04:00
02336000,2016-09-03,1470,A,41.625764490240002,3596.466051956736,2026-08-20T00:09:10-04:00
02336000,2016-09-04,1020,A,28.88318352384,2495.5070564597759,2026-08-20T00:09:10-04:00
02336000,2016-09-05,988,A,27.977044432896001,2417.2166390022144,2026-08-20T00:09:10-04:00
02336000,2016-09-06,987,A,27.948727586303999,2414.7700634566659,2026-08-20T00:09:10-04:00
02336000,2016-09-07,977,A,27.665559120384,2390.3043080011776,2026-08-20T00:09:10-04:00
02336000,2016-09-08,989,A,28.005361279488,2419.6632145477633,2026-08-20T00:09:10-04:00
02336000,2016-09-09,1000,A,28.316846592000001,2446.5755455488002,2026-08-20T00:09:10-04:00
02336000,2016-09-10,988,A,27.977044432896001,2417.2166390022144,2026-08-20T00:09:10-04:00
02336000,2016-09-11,967,A,27.382390654464,2365.8385525456897,2026-08-20T00:09:10-04:00
02336000,2016-09-12,982,A,27.807143353343999,2402.5371857289215,2026-08-20T00:09:10-04:00
02336000,2016-09-13,975,A,27.608925427199999,2385.4111569100801,2026-08-20T00:09:10-04:00
02336000,2016-09-14,972,A,27.523974887424,2378.0714302734336,2026-08-20T00:09:10-04:00
02336000,2016-09-15,1010,A,28.60001505792,2471.041301004288,2026-08-20T00:09:10-04:00
02336000,2016-09-16,1080,A,30.582194319359999,2642.3015891927039,2026-08-20T00:09:10-04:00
02336000,2016-09-17,1060,A,30.015857387520001,2593.3700782817282,2026-08-20T00:09:10-04:00
02336000,2016-09-18,1430,A,40.493090626560004,3498.6030301347841,2026-08-20T00:09:10-04:00
02336000,2016-09-19,1750,A,49.554481536000004,4281.5072047104004,2026-08-20T00:09:10-04:00
02336000,2016-09-20,1510,A,42.758438353919999,3694.3290737786883,2026-08-20T00:09:10-04:00
02336000,2016-09-21,1150,A,32.564373580800002,2813.5618773811202,2026-08-20T00:09:10-04:00
02336000,2016-09-22,1090,A,30.865362785280002,2666.7673446481922,2026-08-20T00:09:10-04:00
02336000,2016-09-23,1090,A,30.865362785280002,2666.7673446481922,2026-08-20T00:09:10-04:00
02336000,2016-09-24,1060,A,30.015857387520001,2593.3700782817282,2026-08-20T00:09:10-04:00
02336000,2016-09-25,1060,A,30.015857387520001,2593.3700782817282,2026-08-20T00:09:10-04:00
02336000,2016-09-26,1080,A,30.582194319359999,2642.3015891927039,2026-08-20T00:09:10-04:00
02336000,2016-09-27,1100,A,31.148531251200001,2691.23310010368,2026-08-20T00:09:10-04:00
02336000,2016-09-28,1170,A,33.13071051264,2862.4933882920959,2026-08-20T00:09:10-04:00
02336000,2016-09-29,1090,A,30.865362785280002,2666.7673446481922,2026-08-20T00:09:10-04:00
02336000,2016-09-30,1010,A,28.60001505792,2471.041301004288,2026-08-20T00:09:10-04:00
02336000,2016-10-01,1010,A,28.60001505792,2471.041301004288,2026-08-20T00:09:10-04:00
02336000,2016-10-02,1010,A,28.60001505792,2471.041301004288,2026-08-20T00:09:10-04:00
02336000,2016-10-03,1010,A,28.60001505792,2471.041301004288,2026-08-20T00:09:10-04:00
02336000,2016-10-04,994,A,28.146945512447999,2431.8960922755073,2026-08-20T00:09:10-04:00
02336000,2016-10-05,994,A,28.146945512447999,2431.8960922755073,2026-08-20T00:09:10-04:00
02336000,2016-10-06,994,A,28.146945512447999,2431.8960922755073,2026-08-20T00:09:10-04:00
02336000,2016-10-07,990,A,28.033678126080002,2422.1097900933119,2026-08-20T00:09:10-04:00
02336000,2016-10-08,1060,A,30.015857387520001,2593.3700782817282,2026-08-20T00:09:10-04:00
02336000,2016-10-09,983,A,27.835460199936001,2404.9837612744705,2026-08-20T00:09:10-04:00
02336000,2016-10-10,981,A,27.778826506752001,2400.090610183373,2026-08-20T00:09:10-04:00
02336000,2016-10-11,1190,A,33.697047444479999,2911.4248992030721,2026-08-20T00:09:10-04:00
02336000,2016-10-12,979,A,27.722192813568,2395.1974590922755,2026-08-20T00:09:10-04:00
02336000,2016-10-13,1140,A,32.281205114880002,2789.0961219256319,2026-08-20T00:09:10-04:00
02336000,2016-10-14,994,A,28.146945512447999,2431.8960922755073,2026-08-20T00:09:10-04:00
02336000,2016-10-15,1060,A,30.015857387520001,2593.3700782817282,2026-08-20T00:09:10-04:00
02336000,2016-10-16,989,A,28.005361279488,2419.6632145477633,2026-08-20T00:09:10-04:00
02336000,2016-10-17,982,A,27.807143353343999,2402.5371857289215,2026-08-20T00:09:10-04:00
02336000,2016-10-18,1180,A,33.41387897856,2886.9591437475842,2026-08-20T00:09:10-04:00
02336000,2016-10-19,1160,A,32.847542046720001,2838.0276328366081,2026-08-20T00:09:10-04:00
02336000,2016-10-20,1060,A,30.015857387520001,2593.3700782817282,2026-08-20T00:09:10-04:00
02336000,2016-10-21,1010,A,28.60001505792,2471.041301004288,2026-08-20T00:09:10-04:00
02336000,2016-10-22,1080,A,30.582194319359999,2642.3015891927039,2026-08-20T00:09:10-04:00
02336000,2016-10-23,936,A,26.504568410112,2289.9947106336767,2026-08-20T00:09:10-04:00
02336000,2016-10-24,956,A,27.070905341952002,2338.9262215446529,2026-08-20T00:09:10-04:00
02336000,2016-10-25,1070,A,30.29902585344,2617.835833737216,2026-08-20T00:09:10-04:00
02336000,2016-10-26,1040,A,29.449520455680002,2544.438567370752,2026-08-20T00:09:10-04:00
02336000,2016-10-27,1030,A,29.166351989760003,2519.9728119152642,2026-08-20T00:09:10-04:00
02336000,2016-10-28,1040,A,29.449520455680002,2544.438567370752,2026-08-20T00:09:10-04:00
02336000,2016-10-29,1040,A,29.449520455680002,2544.438567370752,2026-08-20T00:09:10-04:00
02336000,2016-10-30,1010,A,28.60001505792,2471.041301004288,2026-08-20T00:09:10-04:00
02336000,2016-10-31,1020,A,28.88318352384,2495.5070564597759,2026-08-20T00:09:10-04:00
02336000,2016-11-01,1010,A,28.60001505792,2471.041301004288,2026-08-20T00:09:10-04:00
02336000,2016-11-02,1030,A,29.166351989760003,2519.9728119152642,2026-08-20T00:09:10-04:00
02336000,2016-11-03,1020,A,28.88318352384,2495.5070564597759,2026-08-20T00:09:10-04:00
02336000,2016-11-04,1020,A,28.88318352384,2495.5070564597759,2026-08-20T00:09:10-04:00
02336000,2016-11-05,1010,A,28.60001505792,2471.041301004288,2026-08-20T00:09:10-04:00
02336000,2016-11-06,1010,A,28.60001505792,2471.041301004288,2026-08-20T00:09:10-04:00
02336000,2016-11-07,1010,A,28.60001505792,2471.041301004288,2026-08-20T00:09:10-04:00
02336000,2016-11-08,1020,A,28.88318352384,2495.5070564597759,2026-08-20T00:09:10-04:00
02336000,2016-11-09,1020,A,28.88318352384,2495.5070564597759,2026-08-20T00:09:10-04:00
02336000,2016-11-10,1030,A,29.166351989760003,2519.9728119152642,2026-08-20T00:09:10-04:00
02336000,2016-11-11,1020,A,28.88318352384,2495.5070564597759,2026-08-20T00:09:10-04:00
02336000,2016-11-12,1080,A,30.582194319359999,2642.3015891927039,2026-08-20T00:09:10-04:00
02336000,2016-11-13,1050,A,29.732688921600001,2568.9043228262399,2026-08-20T00:09:10-04:00
02336000,2016-11-14,1110,A,31.431699717120001,2715.6988555591679,2026-08-20T00:09:10-04:00
02336000,2016-11-15,1050,A,29.732688921600001,2568.9043228262399,2026-08-20T00:09:10-04:00
02336000,2016-11-16,1040,A,29.449520455680002,2544.438567370752,2026-08-20T00:09:10-04:00
02336000,2016-11-17,1030,A,29.166351989760003,2519.9728119152642,2026-08-20T00:09:10-04:00
02336000,2016-11-18,1030,A,29.166351989760003,2519.9728119152642,2026-08-20T00:09:10-04:00
02336000,2016-11-19,1030,A,29.166351989760003,2519.9728119152642,2026-08-20T00:09:10-04:00
02336000,2016-11-20,1020,A,28.88318352384,2495.5070564597759,2026-08-20T00:09:10-04:00
02336000,2016-11-21,1030,A,29.166351989760003,2519.9728119152642,2026-08-20T00:09:10-04:00
02336000,2016-11-22,1050,A,29.732688921600001,2568.9043228262399,2026-08-20T00:09:10-04:00
02336000,2016-11-23,1050,A,29.732688921600001,2568.9043228262399,2026-08-20T00:09:10-04:00
02336000,2016-11-24,1370,A,38.794079831040001,3351.8084974018561,2026-08-20T00:09:10-04:00
02336000,2016-11-25,1040,A,29.449520455680002,2544.438567370752,2026-08-20T00:09:10-04:00
02336000,2016-11-26,1040,A,29.449520455680002,2544.438567370752,2026-08-20T00:09:10-04:00
02336000,2016-11-27,1030,A,29.166351989760003,2519.9728119152642,2026-08-20T00:09:10-04:00
02336000,2016-11-28,1020,A,28.88318352384,2495.5070564597759,2026-08-20T00:09:10-04:00
02336000,2016-11-29,2550,A,72.207958809600001,6238.7676411494404,2026-08-20T00:09:10-04:00
02336000,2016-11-30,2640,A,74.756475002880009,6458.9594402488319,2026-08-20T00:09:10-04:00
02336000,2016-12-01,2050,A,58.049535513599999,5015.4798683750405,2026-08-20T00:09:10-04:00
02336000,2016-12-02,1190,A,33.697047444479999,2911.4248992030721,2026-08-20T00:09:10-04:00
02336000,2016-12-03,1000,A,28.316846592000001,2446.5755455488002,2026-08-20T00:09:10-04:00
02336000,2016-12-04,1140,A,32.281205114880002,2789.0961219256319,2026-08-20T00:09:10-04:00
02336000,2016-12-05,1560,A,44.174280683520003,3816.657851056128,2026-08-20T00:09:10-04:00
02336000,2016-12-06,2000,A,56.633693184000002,4893.1510910976003,2026-08-20T00:09:10-04:00
02336000,2016-12-07,1550,A,43.891112217600003,3792.1920956006402,2026-08-20T00:09:10-04:00
02336000,2016-12-08,1030,A,29.166351989760003,2519.9728119152642,2026-08-20T00:09:10-04:00
02336000,2016-12-09,1030,A,29.166351989760003,2519.9728119152642,2026-08-20T00:09:10-04:00
02336000,2016-12-10,1040,A,29.449520455680002,2544.438567370752,2026-08-20T00:09:10-04:00
02336000,2016-12-11,1040,A,29.449520455680002,2544.438567370752,2026-08-20T00:09:10-04:00
02336000,2016-12-12,1030,A,29.166351989760003,2519.9728119152642,2026-08-20T00:09:10-04:00
02336000,2016-12-13,1040,A,29.449520455680002,2544.438567370752,2026-08-20T00:09:10-04:00
02336000,2016-12-14,1030,A,29.166351989760003,2519.9728119152642,2026-08-20T00:09:10-04:00
02336000,2016-12-15,1040,A,29.449520455680002,2544.438567370752,2026-08-20T00:09:10-04:00
02336000,2016-12-16,1040,A,29.449520455680002,2544.438567370752,2026-08-20T00:09:10-04:00
02336000,2016-12-17,1040,A,29.449520455680002,2544.438567370752,2026-08-20T00:09:10-04:00
02336000,2016-12-18,1050,A,29.732688921600001,2568.9043228262399,2026-08-20T00:09:10-04:00
02336000,2016-12-19,1060,A,30.015857387520001,2593.3700782817282,2026-08-20T00:09:10-04:00
02336000,2016-12-20,1050,A,29.732688921600001,2568.9043228262399,2026-08-20T00:09:10-04:00
02336000,2016-12-21,1190,A,33.697047444479999,2911.4248992030721,2026-08-20T00:09:10-04:00
02336000,2016-12-22,1380,A,39.077248296960001,3376.274252857344,2026-08-20T00:09:10-04:00
02336000,2016-12-23,1130,A,31.998036648959999,2764.6303664701441,2026-08-20T00:09:10-04:00
02336000,2016-12-24,1180,A,33.41387897856,2886.9591437475842,2026-08-20T00:09:10-04:00
02336000,2016-12-25,1040,A,29.449520455680002,2544.438567370752,2026-08-20T00:09:10-04:00
02336000,2016-12-26,1040,A,29.449520455680002,2544.438567370752,2026-08-20T00:09:10-04:00
02336000,2016-12-27,1050,A,29.732688921600001,2568.9043228262399,2026-08-20T00:09:10-04:00
02336000,2016-12-28,1210,A,34.263384376319998,2960.3564101140482,2026-08-20T00:09:10-04:00
02336000,2016-12-29,1660,A,47.005965342720003,4061.3154056110079,2026-08-20T00:09:10-04:00
02336000,2016-12-30,1310,A,37.095069035519998,3205.0139646689281,2026-08-20T00:09:10-04:00
02336000,2016-12-31,1390,A,39.36041676288,3400.7400083128323,2026-08-20T00:09:10-04:00
02336000,2017-01-01,1310,A,37.095069035519998,3205.0139646689281,2026-08-20T00:09:10-04:00
02336000,2017-01-02,2200,A,62.297062502400003,5382.4662002073601,2026-08-20T00:09:10-04:00
02336000,2017-01-03,4850,A,137.33670597119999,11865.89139591168,2026-08-20T00:09:10-04:00
02336000,2017-01-04,2050,A,58.049535513599999,5015.4798683750405,2026-08-20T00:09:10-04:00
02336000,2017-01-05,1170,A,33.13071051264,2862.4933882920959,2026-08-20T00:09:10-04:00
02336000,2017-01-06,1240,A,35.112889774080003,3033.7536764805122,2026-08-20T00:09:10-04:00
02336000,2017-01-07,1400,A,39.643585228799999,3425.2057637683201,2026-08-20T00:09:10-04:00
02336000,2017-01-08,1450,A,41.059427558400003,3547.5345410457603,2026-08-20T00:09:10-04:00
02336000,2017-01-09,1260,A,35.679226705920001,3082.6851873914879,2026-08-20T00:09:10-04:00
02336000,2017-01-10,1190,A,33.697047444479999,2911.4248992030721,2026-08-20T00:09:10-04:00
02336000,2017-01-11,1360,A,38.510911365120002,3327.3427419463683,2026-08-20T00:09:10-04:00
02336000,2017-01-12,1130,A,31.998036648959999,2764.6303664701441,2026-08-20T00:09:10-04:00
02336000,2017-01-13,1130,A,31.998036648959999,2764.6303664701441,2026-08-20T00:09:10-04:00
02336000,2017-01-14,1350,A,38.227742899200003,3302.87698649088,2026-08-20T00:09:10-04:00
02336000,2017-01-15,1280,A,36.24556363776,3131.6166983024641,2026-08-20T00:09:10-04:00
02336000,2017-01-16,1090,A,30.865362785280002,2666.7673446481922,2026-08-20T00:09:10-04:00
02336000,2017-01-17,1110,A,31.431699717120001,2715.6988555591679,2026-08-20T00:09:10-04:00
02336000,2017-01-18,1340,A,37.944574433280003,3278.4112310353921,2026-08-20T00:09:10-04:00
02336000,2017-01-19,1320,A,37.378237501440005,3229.479720124416,2026-08-20T00:09:10-04:00
02336000,2017-01-20,2170,A,61.447557104640005,5309.0689338408965,2026-08-20T00:09:10-04:00
02336000,2017-01-21,3160,A,89.481235230720003,7731.1787239342084,2026-08-20T00:09:10-04:00
02336000,2017-01-22,4550,A,128.84165199360001,11131.918732247041,2026-08-20T00:09:10-04:00
02336000,2017-01-23,3060,A,86.649550571519995,7486.5211693793281,2026-08-20T00:09:10-04:00
02336000,2017-01-24,1750,A,49.554481536000004,4281.5072047104004,2026-08-20T00:09:10-04:00
02336000,2017-01-25,1230,A,34.829721308160003,3009.2879210250239,2026-08-20T00:09:10-04:00
02336000,2017-01-26,1180,A,33.41387897856,2886.9591437475842,2026-08-20T00:09:10-04:00
02336000,2017-01-27,1120,A,31.71486818304,2740.1646110146562,2026-08-20T00:09:10-04:00
02336000,2017-01-28,1010,A,28.60001505792,2471.041301004288,2026-08-20T00:09:10-04:00
02336000,2017-01-29,871,A,24.663973381632001,2130.9673001730048,2026-08-20T00:09:10-04:00
02336000,2017-01-30,807,A,22.851695199744,1974.3864652578816,2026-08-20T00:09:10-04:00
02336000,2017-01-31,966,A,27.354073807872002,2363.3919770001407,2026-08-20T00:09:10-04:00
02336000,2017-02-01,967,A,27.382390654464,2365.8385525456897,2026-08-20T00:09:10-04:00
02336000,2017-02-02,958,A,27.127539035136,2343.8193726357504,2026-08-20T00:09:10-04:00
02336000,2017-02-03,944,A,26.731103182847999,2309.5673149980671,2026-08-20T00:09:10-04:00
02336000,2017-02-04,981,A,27.778826506752001,2400.090610183373,2026-08-20T00:09:10-04:00
02336000,2017-02-05,958,A,27.127539035136,2343.8193726357504,2026-08-20T00:09:10-04:00
02336000,2017-02-06,971,A,27.495658040832001,2375.6248547278847,2026-08-20T00:09:10-04:00
02336000,2017-02-07,1040,A,29.449520455680002,2544.438567370752,2026-08-20T00:09:10-04:00
02336000,2017-02-08,1130,A,31.998036648959999,2764.6303664701441,2026-08-20T00:09:10-04:00
02336000,2017-02-09,1150,A,32.564373580800002,2813.5618773811202,2026-08-20T00:09:10-04:00
02336000,2017-02-10,1090,A,30.865362785280002,2666.7673446481922,2026-08-20T00:09:10-04:00
02336000,2017-02-11,968,A,27.410707501056002,2368.2851280912387,2026-08-20T00:09:10-04:00
02336000,2017-02-12,934,A,26.447934716928,2285.1015595425793,2026-08-20T00:09:10-04:00
02336000,2017-02-13,950,A,26.901004262400001,2324.24676827136,2026-08-20T00:09:10-04:00
02336000,2017-02-14,948,A,26.844370569216,2319.3536171802625,2026-08-20T00:09:10-04:00
02336000,2017-02-15,1070,A,30.29902585344,2617.835833737216,2026-08-20T00:09:10-04:00
02336000,2017-02-16,1120,A,31.71486818304,2740.1646110146562,2026-08-20T00:09:10-04:00
02336000,2017-02-17,947,A,26.816053722624002,2316.9070416347136,2026-08-20T00:09:10-04:00
02336000,2017-02-18,941,A,26.646152643072,2302.2275883614207,2026-08-20T00:09:10-04:00
02336000,2017-02-19,946,A,26.787736876032,2314.460466089165,2026-08-20T00:09:10-04:00
02336000,2017-02-20,976,A,27.637242273792001,2387.857732455629,2026-08-20T00:09:10-04:00
02336000,2017-02-21,936,A,26.504568410112,2289.9947106336767,2026-08-20T00:09:10-04:00
02336000,2017-02-22,956,A,27.070905341952002,2338.9262215446529,2026-08-20T00:09:10-04:00
02336000,2017-02-23,915,A,25.90991463168,2238.6166241771521,2026-08-20T00:09:10-04:00
02336000,2017-02-24,912,A,25.824964091904,2231.2768975405056,2026-08-20T00:09:10-04:00
02336000,2017-02-25,897,A,25.400211393024001,2194.5782643572738,2026-08-20T00:09:10-04:00
02336000,2017-02-26,894,A,25.315260853248002,2187.2385377206274,2026-08-20T00:09:10-04:00
02336000,2017-02-27,907,A,25.683379858944001,2219.0440198127617,2026-08-20T00:09:10-04:00
02336000,2017-02-28,923,A,26.136449404416002,2258.1892285415424,2026-08-20T00:09:10-04:00
02336000,2017-03-01,916,A,25.938231478272002,2241.063199722701,2026-08-20T00:09:10-04:00
02336000,2017-03-02,1070,A,30.29902585344,2617.835833737216,2026-08-20T00:09:10-04:00
02336000,2017-03-03,960,A,27.18417272832,2348.7125237268483,2026-08-20T00:09:10-04:00
02336000,2017-03-04,912,A,25.824964091904,2231.2768975405056,2026-08-20T00:09:10-04:00
02336000,2017-03-05,883,A,25.003775540736001,2160.3262067195906,2026-08-20T00:09:10-04:00
02336000,2017-03-06,880,A,24.918825000960002,2152.9864800829441,2026-08-20T00:09:10-04:00
02336000,2017-03-07,912,A,25.824964091904,2231.2768975405056,2026-08-20T00:09:10-04:00
02336000,2017-03-08,959,A,27.155855881728002,2346.2659481812993,2026-08-20T00:09:10-04:00
02336000,2017-03-09,889,A,25.173676620287999,2175.0056599928835,2026-08-20T00:09:10-04:00
02336000,2017-03-10,1130,A,31.998036648959999,2764.6303664701441,2026-08-20T00:09:10-04:00
02336000,2017-03-11,1270,A,35.962395171840001,3107.1509428469762,2026-08-20T00:09:10-04:00
02336000,2017-03-12,1170,A,33.13071051264,2862.4933882920959,2026-08-20T00:09:10-04:00
02336000,2017-03-13,1180,A,33.41387897856,2886.9591437475842,2026-08-20T00:09:10-04:00
02336000,2017-03-14,967,A,27.382390654464,2365.8385525456897,2026-08-20T00:09:10-04:00
02336000,2017-03-15,1020,A,28.88318352384,2495.5070564597759,2026-08-20T00:09:10-04:00
02336000,2017-03-16,956,A,27.070905341952002,2338.9262215446529,2026-08-20T00:09:10-04:00
02336000,2017-03-17,886,A,25.088726080512,2167.665933356237,2026-08-20T00:09:10-04:00
02336000,2017-03-18,959,A,27.155855881728002,2346.2659481812993,2026-08-20T00:09:10-04:00
02336000,2017-03-19,889,A,25.173676620287999,2175.0056599928835,2026-08-20T00:09:10-04:00
02336000,2017-03-20,897,A,25.400211393024001,2194.5782643572738,2026-08-20T00:09:10-04:00
02336000,2017-03-21,894,A,25.315260853248002,2187.2385377206274,2026-08-20T00:09:10-04:00
02336000,2017-03-22,1140,A,32.281205114880002,2789.0961219256319,2026-08-20T00:09:10-04:00
02336000,2017-03-23,928,A,26.278033637376002,2270.4221062692864,2026-08-20T00:09:10-04:00
02336000,2017-03-24,880,A,24.918825000960002,2152.9864800829441,2026-08-20T00:09:10-04:00
02336000,2017-03-25,883,A,25.003775540736001,2160.3262067195906,2026-08-20T00:09:10-04:00
02336000,2017-03-26,955,A,27.04258849536,2336.4796459991039,2026-08-20T00:09:10-04:00
02336000,2017-03-27,886,A,25.088726080512,2167.665933356237,2026-08-20T00:09:10-04:00
02336000,2017-03-28,1530,A,43.324775285759998,3743.260584689664,2026-08-20T00:09:10-04:00
02336000,2017-03-29,1100,A,31.148531251200001,2691.23310010368,2026-08-20T00:09:10-04:00
02336000,2017-03-30,927,A,26.249716790783999,2267.9755307237378,2026-08-20T00:09:10-04:00
02336000,2017-03-31,1550,A,43.891112217600003,3792.1920956006402,2026-08-20T00:09:10-04:00
02336000,2017-04-01,1270,A,35.962395171840001,3107.1509428469762,2026-08-20T00:09:10-04:00
02336000,2017-04-02,957,A,27.099222188544001,2341.3727970902019,2026-08-20T00:09:10-04:00
02336000,2017-04-03,1310,A,37.095069035519998,3205.0139646689281,2026-08-20T00:09:10-04:00
02336000,2017-04-04,1610,A,45.590123013119999,3938.9866283335682,2026-08-20T00:09:10-04:00
02336000,2017-04-05,4590,A,129.97432585728001,11229.781754068992,2026-08-20T00:09:10-04:00
02336000,2017-04-06,6860,A,194.25356762112,16783.50824246477,2026-08-20T00:09:10-04:00
02336000,2017-04-07,3030,A,85.800045173759997,7413.1239030128645,2026-08-20T00:09:10-04:00
02336000,2017-04-08,1460,A,41.342596024320002,3572.0002965012482,2026-08-20T00:09:10-04:00
02336000,2017-04-09,1080,A,30.582194319359999,2642.3015891927039,2026-08-20T00:09:10-04:00
02336000,2017-04-10,956,A,27.070905341952002,2338.9262215446529,2026-08-20T00:09:10-04:00
02336000,2017-04-11,939,A,26.589518949887999,2297.3344372703232,2026-08-20T00:09:10-04:00
02336000,2017-04-12,955,A,27.04258849536,2336.4796459991039,2026-08-20T00:09:10-04:00
02336000,2017-04-13,880,A,24.918825000960002,2152.9864800829441,2026-08-20T00:09:10-04:00
02336000,2017-04-14,841,A,23.814467983871999,2057.5700338065408,2026-08-20T00:09:10-04:00
02336000,2017-04-15,832,A,23.559616364544002,2035.5508538966017,2026-08-20T00:09:10-04:00
02336000,2017-04-16,830,A,23.502982671360002,2030.657702805504,2026-08-20T00:09:10-04:00
02336000,2017-04-17,814,A,23.049913125888001,1991.5124940767232,2026-08-20T00:09:10-04:00
02336000,2017-04-18,864,A,24.465755455488001,2113.8412713541634,2026-08-20T00:09:10-04:00
02336000,2017-04-19,841,A,23.814467983871999,2057.5700338065408,2026-08-20T00:09:10-04:00
02336000,2017-04-20,819,A,23.191497358848,2003.7453718044674,2026-08-20T00:09:10-04:00
02336000,2017-04-21,822,A,23.276447898623999,2011.0850984411136,2026-08-20T00:09:10-04:00
02336000,2017-04-22,808,A,22.880012046336002,1976.8330408034305,2026-08-20T00:09:10-04:00
02336000,2017-04-23,1120,A,31.71486818304,2740.1646110146562,2026-08-20T00:09:10-04:00
02336000,2017-04-24,2430,A,68.809937218560009,5945.1785756835843,2026-08-20T00:09:10-04:00
02336000,2017-04-25,1540,A,43.607943751680004,3767.7263401451523,2026-08-20T00:09:10-04:00
02336000,2017-04-26,1200,A,33.980215910399998,2935.8906546585599,2026-08-20T00:09:10-04:00
02336000,2017-04-27,887,A,25.117042927104002,2170.1125089017855,2026-08-20T00:09:10-04:00
02336000,2017-04-28,835,A,23.644566904320001,2042.8905805332481,2026-08-20T00:09:10-04:00
02336000,2017-04-29,776,A,21.973872955392,1898.5426233458688,2026-08-20T00:09:10-04:00
02336000,2017-04-30,787,A,22.285358267904002,1925.4549543469057,2026-08-20T00:09:10-04:00
02336000,2017-05-01,980,A,27.750509660160002,2397.644034637824,2026-08-20T00:09:10-04:00
02336000,2017-05-02,915,A,25.90991463168,2238.6166241771521,2026-08-20T00:09:10-04:00
02336000,2017-05-03,899,A,25.456845086208002,2199.4714154483713,2026-08-20T00:09:10-04:00
02336000,2017-05-04,1190,A,33.697047444479999,2911.4248992030721,2026-08-20T00:09:10-04:00
02336000,2017-05-05,1380,A,39.077248296960001,3376.274252857344,2026-08-20T00:09:10-04:00
02336000,2017-05-06,1060,A,30.015857387520001,2593.3700782817282,2026-08-20T00:09:10-04:00
02336000,2017-05-07,980,A,27.750509660160002,2397.644034637824,2026-08-20T00:09:10-04:00
02336000,2017-05-08,993,A,28.118628665856001,2429.4495167299583,2026-08-20T00:09:10-04:00
02336000,2017-05-09,993,A,28.118628665856001,2429.4495167299583,2026-08-20T00:09:10-04:00
02336000,2017-05-10,977,A,27.665559120384,2390.3043080011776,2026-08-20T00:09:10-04:00
02336000,2017-05-11,1010,A,28.60001505792,2471.041301004288,2026-08-20T00:09:10-04:00
02336000,2017-05-12,1180,A,33.41387897856,2886.9591437475842,2026-08-20T00:09:10-04:00
02336000,2017-05-13,1170,A,33.13071051264,2862.4933882920959,2026-08-20T00:09:10-04:00
02336000,2017-05-14,974,A,27.580608580608001,2382.9645813645311,2026-08-20T00:09:10-04:00
02336000,2017-05-15,984,A,27.863777046528,2407.4303368200194,2026-08-20T00:09:10-04:00
02336000,2017-05-16,984,A,27.863777046528,2407.4303368200194,2026-08-20T00:09:10-04:00
02336000,2017-05-17,988,A,27.977044432896001,2417.2166390022144,2026-08-20T00:09:10-04:00
02336000,2017-05-18,951,A,26.929321108991999,2326.693343816909,2026-08-20T00:09:10-04:00
02336000,2017-05-19,934,A,26.447934716928,2285.1015595425793,2026-08-20T00:09:10-04:00
02336000,2017-05-20,916,A,25.938231478272002,2241.063199722701,2026-08-20T00:09:10-04:00
02336000,2017-05-21,2110,A:e,59.748546309120002,5162.2744011079685,2026-08-20T00:09:10-04:00
02336000,2017-05-22,2500,A:e,70.792116480000004,6116.4388638720002,2026-08-20T00:09:10-04:00
02336000,2017-05-23,1560,A,44.174280683520003,3816.657851056128,2026-08-20T00:09:10-04:00
02336000,2017-05-24,2750,A,77.871328128000002,6728.0827502592001,2026-08-20T00:09:10-04:00
02336000,2017-05-25,1460,A,41.342596024320002,3572.0002965012482,2026-08-20T00:09:10-04:00
02336000,2017-05-26,995,A,28.175262359040001,2434.3426678210562,2026-08-20T00:09:10-04:00
02336000,2017-05-27,977,A,27.665559120384,2390.3043080011776,2026-08-20T00:09:10-04:00
02336000,2017-05-28,1180,A,33.41387897856,2886.9591437475842,2026-08-20T00:09:10-04:00
02336000,2017-05-29,1430,A,40.493090626560004,3498.6030301347841,2026-08-20T00:09:10-04:00
02336000,2017-05-30,2260,A,63.996073297919999,5529.2607329402881,2026-08-20T00:09:10-04:00
02336000,2017-05-31,1480,A,41.908932956160001,3620.9318074122243,2026-08-20T00:09:10-04:00
02336000,2017-06-01,1060,A,30.015857387520001,2593.3700782817282,2026-08-20T00:09:10-04:00
02336000,2017-06-02,1040,A,29.449520455680002,2544.438567370752,2026-08-20T00:09:10-04:00
02336000,2017-06-03,1000,A,28.316846592000001,2446.5755455488002,2026-08-20T00:09:10-04:00
02336000,2017-06-04,1110,A,31.431699717120001,2715.6988555591679,2026-08-20T00:09:10-04:00
02336000,2017-06-05,2690,A,76.172317332480006,6581.2882175262721,2026-08-20T00:09:10-04:00
02336000,2017-06-06,1450,A,41.059427558400003,3547.5345410457603,2026-08-20T00:09:10-04:00
02336000,2017-06-07,1090,A,30.865362785280002,2666.7673446481922,2026-08-20T00:09:10-04:00
02336000,2017-06-08,1150,A,32.564373580800002,2813.5618773811202,2026-08-20T00:09:10-04:00
02336000,2017-06-09,1070,A,30.29902585344,2617.835833737216,2026-08-20T00:09:10-04:00
02336000,2017-06-10,1070,A,30.29902585344,2617.835833737216,2026-08-20T00:09:10-04:00
02336000,2017-06-11,1080,A,30.582194319359999,2642.3015891927039,2026-08-20T00:09:10-04:00
02336000,2017-06-12,1080,A,30.582194319359999,2642.3015891927039,2026-08-20T00:09:10-04:00
02336000,2017-06-13,1100,A,31.148531251200001,2691.23310010368,2026-08-20T00:09:10-04:00
02336000,2017-06-14,1320,A,37.378237501440005,3229.479720124416,2026-08-20T00:09:10-04:00
02336000,2017-06-15,1430,A,40.493090626560004,3498.6030301347841,2026-08-20T00:09:10-04:00
02336000,2017-06-16,1300,A,36.811900569599999,3180.5482092134403,2026-08-20T00:09:10-04:00
02336000,2017-06-17,1660,A,47.005965342720003,4061.3154056110079,2026-08-20T00:09:10-04:00
02336000,2017-06-18,1210,A,34.263384376319998,2960.3564101140482,2026-08-20T00:09:10-04:00
02336000,2017-06-19,1380,A,39.077248296960001,3376.274252857344,2026-08-20T00:09:10-04:00
02336000,2017-06-20,2510,A,71.075284945920004,6140.904619327488,2026-08-20T00:09:10-04:00
02336000,2017-06-21,2530,A,71.641621877760002,6189.8361302384646,2026-08-20T00:09:10-04:00
02336000,2017-06-22,1280,A,36.24556363776,3131.6166983024641,2026-08-20T00:09:10-04:00
02336000,2017-06-23,1390,A,39.36041676288,3400.7400083128323,2026-08-20T00:09:10-04:00
02336000,2017-06-24,1450,A,41.059427558400003,3547.5345410457603,2026-08-20T00:09:10-04:00
02336000,2017-06-25,1220,A,34.546552842240004,2984.8221655695361,2026-08-20T00:09:10-04:00
02336000,2017-06-26,1080,A,30.582194319359999,2642.3015891927039,2026-08-20T00:09:10-04:00
02336000,2017-06-27,1070,A,30.29902585344,2617.835833737216,2026-08-20T00:09:10-04:00
02336000,2017-06-28,1060,A,30.015857387520001,2593.3700782817282,2026-08-20T00:09:10-04:00
02336000,2017-06-29,1360,A,38.510911365120002,3327.3427419463683,2026-08-20T00:09:10-04:00
02336000,2017-06-30,3140,A,88.914898298880004,7682.2472130232327,2026-08-20T00:09:10-04:00
02336000,2017-07-01,2320,A,65.695084093440002,5676.0552656732161,2026-08-20T00:09:10-04:00
02336000,2017-07-02,1720,A,48.704976138239999,4208.1099383439359,2026-08-20T00:09:10-04:00
02336000,2017-07-03,1440,A,40.776259092480004,3523.068785590272,2026-08-20T00:09:10-04:00
02336000,2017-07-04,1160,A,32.847542046720001,2838.0276328366081,2026-08-20T00:09:10-04:00
02336000,2017-07-05,1220,A,34.546552842240004,2984.8221655695361,2026-08-20T00:09:10-04:00
02336000,2017-07-06,1500,A,42.475269888,3669.8633183232,2026-08-20T00:09:10-04:00
02336000,2017-07-07,1260,A,35.679226705920001,3082.6851873914879,2026-08-20T00:09:10-04:00
02336000,2017-07-08,1210,A,34.263384376319998,2960.3564101140482,2026-08-20T00:09:10-04:00
02336000,2017-07-09,1120,A,31.71486818304,2740.1646110146562,2026-08-20T00:09:10-04:00
02336000,2017-07-10,1090,A,30.865362785280002,2666.7673446481922,2026-08-20T00:09:10-04:00
02336000,2017-07-11,1230,A,34.829721308160003,3009.2879210250239,2026-08-20T00:09:10-04:00
02336000,2017-07-12,1750,A,49.554481536000004,4281.5072047104004,2026-08-20T00:09:10-04:00
02336000,2017-07-13,1170,A,33.13071051264,2862.4933882920959,2026-08-20T00:09:10-04:00
02336000,2017-07-14,1240,A,35.112889774080003,3033.7536764805122,2026-08-20T00:09:10-04:00
02336000,2017-07-15,1390,A,39.36041676288,3400.7400083128323,2026-08-20T00:09:10-04:00
02336000,2017-07-16,1130,A,31.998036648959999,2764.6303664701441,2026-08-20T00:09:10-04:00
02336000,2017-07-17,2690,A,76.172317332480006,6581.2882175262721,2026-08-20T00:09:10-04:00
02336000,2017-07-18,3150,A,89.198066764800004,7706.7129684787205,2026-08-20T00:09:10-04:00
02336000,2017-07-19,1310,A,37.095069035519998,3205.0139646689281,2026-08-20T00:09:10-04:00
02336000,2017-07-20,1150,A,32.564373580800002,2813.5618773811202,2026-08-20T00:09:10-04:00
02336000,2017-07-21,1150,A,32.564373580800002,2813.5618773811202,2026-08-20T00:09:10-04:00
02336000,2017-07-22,1220,A,34.546552842240004,2984.8221655695361,2026-08-20T00:09:10-04:00
02336000,2017-07-23,1180,A,33.41387897856,2886.9591437475842,2026-08-20T00:09:10-04:00
02336000,2017-07-24,1580,A,44.740617615360001,3865.5893619671042,2026-08-20T00:09:10-04:00
02336000,2017-07-25,2140,A,60.59805170688,5235.6716674744321,2026-08-20T00:09:10-04:00
02336000,2017-07-26,1300,A,36.811900569599999,3180.5482092134403,2026-08-20T00:09:10-04:00
02336000,2017-07-27,1580,A,44.740617615360001,3865.5893619671042,2026-08-20T00:09:10-04:00
02336000,2017-07-28,1520,A,43.041606819839998,3718.7948292341762,2026-08-20T00:09:10-04:00
02336000,2017-07-29,1260,A,35.679226705920001,3082.6851873914879,2026-08-20T00:09:10-04:00
02336000,2017-07-30,1220,A,34.546552842240004,2984.8221655695361,2026-08-20T00:09:10-04:00
02336000,2017-07-31,1060,A,30.015857387520001,2593.3700782817282,2026-08-20T00:09:10-04:00
02336000,2017-08-01,1230,A,34.829721308160003,3009.2879210250239,2026-08-20T00:09:10-04:00
02336000,2017-08-02,1230,A,34.829721308160003,3009.2879210250239,2026-08-20T00:09:10-04:00
02336000,2017-08-03,1070,A,30.29902585344,2617.835833737216,2026-08-20T00:09:10-04:00
02336000,2017-08-04,1020,A,28.88318352384,2495.5070564597759,2026-08-20T00:09:10-04:00
02336000,2017-08-05,1140,A,32.281205114880002,2789.0961219256319,2026-08-20T00:09:10-04:00
02336000,2017-08-06,1030,A,29.166351989760003,2519.9728119152642,2026-08-20T00:09:10-04:00
02336000,2017-08-07,1610,A,45.590123013119999,3938.9866283335682,2026-08-20T00:09:10-04:00
02336000,2017-08-08,2310,A,65.411915627520003,5651.5895102177283,2026-08-20T00:09:10-04:00
02336000,2017-08-09,4190,A,118.64758722048001,10251.151535849473,2026-08-20T00:09:10-04:00
02336000,2017-08-10,1380,A,39.077248296960001,3376.274252857344,2026-08-20T00:09:10-04:00
02336000,2017-08-11,1190,A,33.697047444479999,2911.4248992030721,2026-08-20T00:09:10-04:00
02336000,2017-08-12,1120,A,31.71486818304,2740.1646110146562,2026-08-20T00:09:10-04:00
02336000,2017-08-13,1000,A,28.316846592000001,2446.5755455488002,2026-08-20T00:09:10-04:00
02336000,2017-08-14,1010,A,28.60001505792,2471.041301004288,2026-08-20T00:09:10-04:00
02336000,2017-08-15,1020,A,28.88318352384,2495.5070564597759,2026-08-20T00:09:10-04:00
02336000,2017-08-16,1060,A,30.015857387520001,2593.3700782817282,2026-08-20T00:09:10-04:00
02336000,2017-08-17,1090,A,30.865362785280002,2666.7673446481922,2026-08-20T00:09:10-04:00
02336000,2017-08-18,1060,A,30.015857387520001,2593.3700782817282,2026-08-20T00:09:10-04:00
02336000,2017-08-19,1010,A,28.60001505792,2471.041301004288,2026-08-20T00:09:10-04:00
02336000,2017-08-20,1000,A,28.316846592000001,2446.5755455488002,2026-08-20T00:09:10-04:00
02336000,2017-08-21,1010,A,28.60001505792,2471.041301004288,2026-08-20T00:09:10-04:00
02336000,2017-08-22,1000,A,28.316846592000001,2446.5755455488002,2026-08-20T00:09:10-04:00
02336000,2017-08-23,1010,A,28.60001505792,2471.041301004288,2026-08-20T00:09:10-04:00
02336000,2017-08-24,998,A,28.260212898816,2441.6823944577027,2026-08-20T00:09:10-04:00
02336000,2017-08-25,996,A,28.203579205632,2436.7892433666048,2026-08-20T00:09:10-04:00
02336000,2017-08-26,975,A,27.608925427199999,2385.4111569100801,2026-08-20T00:09:10-04:00
02336000,2017-08-27,984,A,27.863777046528,2407.4303368200194,2026-08-20T00:09:10-04:00
02336000,2017-08-28,984,A,27.863777046528,2407.4303368200194,2026-08-20T00:09:10-04:00
02336000,2017-08-29,991,A,28.061994972672,2424.5563656388608,2026-08-20T00:09:10-04:00
02336000,2017-08-30,1020,A,28.88318352384,2495.5070564597759,2026-08-20T00:09:10-04:00
02336000,2017-08-31,1900,A,53.802008524800002,4648.49353654272,2026-08-20T00:09:10-04:00
02336000,2017-09-01,1970,A,55.784187786240004,4819.7538247311359,2026-08-20T00:09:10-04:00
02336000,2017-09-02,1150,A,32.564373580800002,2813.5618773811202,2026-08-20T00:09:10-04:00
02336000,2017-09-03,996,A,28.203579205632,2436.7892433666048,2026-08-20T00:09:10-04:00
02336000,2017-09-04,983,A,27.835460199936001,2404.9837612744705,2026-08-20T00:09:10-04:00
02336000,2017-09-05,1110,A,31.431699717120001,2715.6988555591679,2026-08-20T00:09:10-04:00
02336000,2017-09-06,1520,A,43.041606819839998,3718.7948292341762,2026-08-20T00:09:10-04:00
02336000,2017-09-07,1040,A,29.449520455680002,2544.438567370752,2026-08-20T00:09:10-04:00
02336000,2017-09-08,975,A,27.608925427199999,2385.4111569100801,2026-08-20T00:09:10-04:00
02336000,2017-09-09,983,A,27.835460199936001,2404.9837612744705,2026-08-20T00:09:10-04:00
02336000,2017-09-10,984,A,27.863777046528,2407.4303368200194,2026-08-20T00:09:10-04:00
02336000,2017-09-11,2990,A,84.66737131008,7315.2608811909122,2026-08-20T00:09:10-04:00
02336000,2017-09-12,5490,A,155.45948779008,13431.699745062913,2026-08-20T00:09:10-04:00
02336000,2017-09-13,2440,A,69.093105684480008,5969.6443311390722,2026-08-20T00:09:10-04:00
02336000,2017-09-14,1140,A,32.281205114880002,2789.0961219256319,2026-08-20T00:09:10-04:00
02336000,2017-09-15,1000,A,28.316846592000001,2446.5755455488002,2026-08-20T00:09:10-04:00
02336000,2017-09-16,992,A,28.090311819264002,2427.0029411844098,2026-08-20T00:09:10-04:00
02336000,2017-09-17,1000,A,28.316846592000001,2446.5755455488002,2026-08-20T00:09:10-04:00
02336000,2017-09-18,990,A,28.033678126080002,2422.1097900933119,2026-08-20T00:09:10-04:00
02336000,2017-09-19,992,A,28.090311819264002,2427.0029411844098,2026-08-20T00:09:10-04:00
02336000,2017-09-20,1010,A,28.60001505792,2471.041301004288,2026-08-20T00:09:10-04:00
02336000,2017-09-21,985,A,27.892093893120002,2409.8769123655679,2026-08-20T00:09:10-04:00
02336000,2017-09-22,981,A,27.778826506752001,2400.090610183373,2026-08-20T00:09:10-04:00
02336000,2017-09-23,1150,A,32.564373580800002,2813.5618773811202,2026-08-20T00:09:10-04:00
02336000,2017-09-24,972,A,27.523974887424,2378.0714302734336,2026-08-20T00:09:10-04:00
02336000,2017-09-25,993,A,28.118628665856001,2429.4495167299583,2026-08-20T00:09:10-04:00
02336000,2017-09-26,1000,A,28.316846592000001,2446.5755455488002,2026-08-20T00:09:10-04:00
02336000,2017-09-27,1010,A,28.60001505792,2471.041301004288,2026-08-20T00:09:10-04:00
02336000,2017-09-28,1040,A,29.449520455680002,2544.438567370752,2026-08-20T00:09:10-04:00
02336000,2017-09-29,971,A,27.495658040832001,2375.6248547278847,2026-08-20T00:09:10-04:00
02336000,2017-09-30,955,A,27.04258849536,2336.4796459991039,2026-08-20T00:09:10-04:00
02336000,2017-10-01,947,A,26.816053722624002,2316.9070416347136,2026-08-20T00:09:10-04:00
02336000,2017-10-02,949,A,26.872687415808002,2321.8001927258115,2026-08-20T00:09:10-04:00
02336000,2017-10-03,970,A,27.467341194239999,2373.1782791823362,2026-08-20T00:09:10-04:00
02336000,2017-10-04,966,A,27.354073807872002,2363.3919770001407,2026-08-20T00:09:10-04:00
02336000,2017-10-05,959,A,27.155855881728002,2346.2659481812993,2026-08-20T00:09:10-04:00
02336000,2017-10-06,975,A,27.608925427199999,2385.4111569100801,2026-08-20T00:09:10-04:00
02336000,2017-10-07,985,A,27.892093893120002,2409.8769123655679,2026-08-20T00:09:10-04:00
02336000,2017-10-08,1870,A,52.952503127040004,4575.0962701762564,2026-08-20T00:09:10-04:00
02336000,2017-10-09,1320,A,37.378237501440005,3229.479720124416,2026-08-20T00:09:10-04:00
02336000,2017-10-10,1100,A,31.148531251200001,2691.23310010368,2026-08-20T00:09:10-04:00
02336000,2017-10-11,967,A,27.382390654464,2365.8385525456897,2026-08-20T00:09:10-04:00
02336000,2017-10-12,953,A,26.985954802176,2331.5864949080064,2026-08-20T00:09:10-04:00
02336000,2017-10-13,945,A,26.759420029440001,2312.0138905436161,2026-08-20T00:09:10-04:00
02336000,2017-10-14,944,A:e,26.731103182847999,2309.5673149980671,2026-08-20T00:09:10-04:00
02336000,2017-10-15,948,A,26.844370569216,2319.3536171802625,2026-08-20T00:09:10-04:00
02336000,2017-10-16,956,A,27.070905341952002,2338.9262215446529,2026-08-20T00:09:10-04:00
02336000,2017-10-17,944,A,26.731103182847999,2309.5673149980671,2026-08-20T00:09:10-04:00
02336000,2017-10-18,939,A,26.589518949887999,2297.3344372703232,2026-08-20T00:09:10-04:00
02336000,2017-10-19,902,A,25.541795625984001,2206.8111420850178,2026-08-20T00:09:10-04:00
02336000,2017-10-20,935,A,26.476251563520002,2287.5481350881282,2026-08-20T00:09:10-04:00
02336000,2017-10-21,937,A,26.532885256704002,2292.4412861792257,2026-08-20T00:09:10-04:00
02336000,2017-10-22,934,A,26.447934716928,2285.1015595425793,2026-08-20T00:09:10-04:00
02336000,2017-10-23,2690,A,76.172317332480006,6581.2882175262721,2026-08-20T00:09:10-04:00
02336000,2017-10-24,2800,A,79.287170457599998,6850.4115275366403,2026-08-20T00:09:10-04:00
02336000,2017-10-25,1140,A,32.281205114880002,2789.0961219256319,2026-08-20T00:09:10-04:00
02336000,2017-10-26,951,A,26.929321108991999,2326.693343816909,2026-08-20T00:09:10-04:00
02336000,2017-10-27,926,A,26.221399944192001,2265.5289551781889,2026-08-20T00:09:10-04:00
02336000,2017-10-28,1100,A,31.148531251200001,2691.23310010368,2026-08-20T00:09:10-04:00
02336000,2017-10-29,1240,A,35.112889774080003,3033.7536764805122,2026-08-20T00:09:10-04:00
02336000,2017-10-30,969,A,27.439024347648001,2370.7317036367872,2026-08-20T00:09:10-04:00
02336000,2017-10-31,1140,A,32.281205114880002,2789.0961219256319,2026-08-20T00:09:10-04:00
02336000,2017-11-01,883,A,25.003775540736001,2160.3262067195906,2026-08-20T00:09:10-04:00
02336000,2017-11-02,1060,A,30.015857387520001,2593.3700782817282,2026-08-20T00:09:10-04:00
02336000,2017-11-03,828,A,23.446348978176001,2025.7645517144065,2026-08-20T00:09:10-04:00
02336000,2017-11-04,881,A,24.947141847552,2155.4330556284931,2026-08-20T00:09:10-04:00
02336000,2017-11-05,900,A,25.485161932800001,2201.9179909939203,2026-08-20T00:09:10-04:00
02336000,2017-11-06,894,A,25.315260853248002,2187.2385377206274,2026-08-20T00:09:10-04:00
02336000,2017-11-07,950,A,26.901004262400001,2324.24676827136,2026-08-20T00:09:10-04:00
02336000,2017-11-08,840,A,23.786151137280001,2055.1234582609923,2026-08-20T00:09:10-04:00
02336000,2017-11-09,1200,A,33.980215910399998,2935.8906546585599,2026-08-20T00:09:10-04:00
02336000,2017-11-10,928,A,26.278033637376002,2270.4221062692864,2026-08-20T00:09:10-04:00
02336000,2017-11-11,814,A,23.049913125888001,1991.5124940767232,2026-08-20T00:09:10-04:00
02336000,2017-11-12,808,A,22.880012046336002,1976.8330408034305,2026-08-20T00:09:10-04:00
02336000,2017-11-13,854,A,24.182586989568001,2089.3755158986751,2026-08-20T00:09:10-04:00
02336000,2017-11-14,927,A,26.249716790783999,2267.9755307237378,2026-08-20T00:09:10-04:00
02336000,2017-11-15,831,A,23.531299517952,2033.1042783510529,2026-08-20T00:09:10-04:00
02336000,2017-11-16,820,A,23.219814205440002,2006.1919473500161,2026-08-20T00:09:10-04:00
02336000,2017-11-17,858,A,24.295854375935999,2099.1618180808705,2026-08-20T00:09:10-04:00
02336000,2017-11-18,895,A,25.343577699840001,2189.6851132661759,2026-08-20T00:09:10-04:00
02336000,2017-11-19,916,A,25.938231478272002,2241.063199722701,2026-08-20T00:09:10-04:00
02336000,2017-11-20,812,A,22.993279432704,1986.6193429856257,2026-08-20T00:09:10-04:00
02336000,2017-11-21,928,A,26.278033637376002,2270.4221062692864,2026-08-20T00:09:10-04:00
02336000,2017-11-22,817,A,23.134863665664,1998.8522207133697,2026-08-20T00:09:10-04:00
02336000,2017-11-23,815,A,23.078229972479999,1993.959069622272,2026-08-20T00:09:10-04:00
02336000,2017-11-24,819,A,23.191497358848,2003.7453718044674,2026-08-20T00:09:10-04:00
02336000,2017-11-25,819,A,23.191497358848,2003.7453718044674,2026-08-20T00:09:10-04:00
02336000,2017-11-26,893,A,25.286944006656,2184.7919621750784,2026-08-20T00:09:10-04:00
02336000,2017-11-27,942,A,26.674469489664002,2304.6741639069696,2026-08-20T00:09:10-04:00
02336000,2017-11-28,968,A,27.410707501056002,2368.2851280912387,2026-08-20T00:09:10-04:00
02336000,2017-11-29,916,A,25.938231478272002,2241.063199722701,2026-08-20T00:09:10-04:00
02336000,2017-11-30,944,A,26.731103182847999,2309.5673149980671,2026-08-20T00:09:10-04:00
02336000,2017-12-01,941,A,26.646152643072,2302.2275883614207,2026-08-20T00:09:10-04:00
02336000,2017-12-02,912,A,25.824964091904,2231.2768975405056,2026-08-20T00:09:10-04:00
02336000,2017-12-03,902,A,25.541795625984001,2206.8111420850178,2026-08-20T00:09:10-04:00
02336000,2017-12-04,882,A,24.975458694144002,2157.8796311740416,2026-08-20T00:09:10-04:00
02336000,2017-12-05,875,A,24.777240768000002,2140.7536023552002,2026-08-20T00:09:10-04:00
02336000,2017-12-06,929,A,26.306350483968,2272.8686818148353,2026-08-20T00:09:10-04:00
02336000,2017-12-07,984,A,27.863777046528,2407.4303368200194,2026-08-20T00:09:10-04:00
02336000,2017-12-08,1140,A,32.281205114880002,2789.0961219256319,2026-08-20T00:09:10-04:00
02336000,2017-12-09,1450,A:e,41.059427558400003,3547.5345410457603,2026-08-20T00:09:10-04:00
02336000,2017-12-10,1290,A,36.528732103679999,3156.082453757952,2026-08-20T00:09:10-04:00
02336000,2017-12-11,1020,A,28.88318352384,2495.5070564597759,2026-08-20T00:09:10-04:00
02336000,2017-12-12,1100,A,31.148531251200001,2691.23310010368,2026-08-20T00:09:10-04:00
02336000,2017-12-13,891,A,25.230310313472,2179.8988110839809,2026-08-20T00:09:10-04:00
02336000,2017-12-14,1040,A,29.449520455680002,2544.438567370752,2026-08-20T00:09:10-04:00
02336000,2017-12-15,968,A,27.410707501056002,2368.2851280912387,2026-08-20T00:09:10-04:00
02336000,2017-12-16,894,A,25.315260853248002,2187.2385377206274,2026-08-20T00:09:10-04:00
02336000,2017-12-17,902,A,25.541795625984001,2206.8111420850178,2026-08-20T00:09:10-04:00
02336000,2017-12-18,907,A,25.683379858944001,2219.0440198127617,2026-08-20T00:09:10-04:00
02336000,2017-12-19,902,A,25.541795625984001,2206.8111420850178,2026-08-20T00:09:10-04:00
02336000,2017-12-20,1660,A,47.005965342720003,4061.3154056110079,2026-08-20T00:09:10-04:00
02336000,2017-12-21,2870,A,81.269349719040008,7021.6718157250561,2026-08-20T00:09:10-04:00
02336000,2017-12-22,1330,A,37.661405967360004,3253.9454755799043,2026-08-20T00:09:10-04:00
02336000,2017-12-23,1100,A,31.148531251200001,2691.23310010368,2026-08-20T00:09:10-04:00
02336000,2017-12-24,1260,A,35.679226705920001,3082.6851873914879,2026-08-20T00:09:10-04:00
02336000,2017-12-25,1150,A,32.564373580800002,2813.5618773811202,2026-08-20T00:09:10-04:00
02336000,2017-12-26,1250,A,35.396058240000002,3058.2194319360001,2026-08-20T00:09:10-04:00
02336000,2017-12-27,902,A,25.541795625984001,2206.8111420850178,2026-08-20T00:09:10-04:00
02336000,2017-12-28,886,A,25.088726080512,2167.665933356237,2026-08-20T00:09:10-04:00
02336000,2017-12-29,881,A,24.947141847552,2155.4330556284931,2026-08-20T00:09:10-04:00
02336000,2017-12-30,884,A,25.032092387327999,2162.7727822651391,2026-08-20T00:09:10-04:00
02336000,2017-12-31,1000,A,28.316846592000001,2446.5755455488002,2026-08-20T00:09:10-04:00
02336000,2018-01-01,960,A,27.18417272832,2348.7125237268483,2026-08-20T00:09:10-04:00
02336000,2018-01-02,1030,A,29.166351989760003,2519.9728119152642,2026-08-20T00:09:10-04:00
02336000,2018-01-03,1140,A,32.281205114880002,2789.0961219256319,2026-08-20T00:09:10-04:00
02336000,2018-01-04,881,A,24.947141847552,2155.4330556284931,2026-08-20T00:09:10-04:00
02336000,2018-01-05,935,A,26.476251563520002,2287.5481350881282,2026-08-20T00:09:10-04:00
02336000,2018-01-06,1170,A,33.13071051264,2862.4933882920959,2026-08-20T00:09:10-04:00
02336000,2018-01-07,925,A,26.193083097600002,2263.0823796326399,2026-08-20T00:09:10-04:00
02336000,2018-01-08,940,A,26.617835796480001,2299.7810128158721,2026-08-20T00:09:10-04:00
02336000,2018-01-09,981,A,27.778826506752001,2400.090610183373,2026-08-20T00:09:10-04:00
02336000,2018-01-10,941,A,26.646152643072,2302.2275883614207,2026-08-20T00:09:10-04:00
02336000,2018-01-11,985,A,27.892093893120002,2409.8769123655679,2026-08-20T00:09:10-04:00
02336000,2018-01-12,1580,A,44.740617615360001,3865.5893619671042,2026-08-20T00:09:10-04:00
02336000,2018-01-13,1540,A,43.607943751680004,3767.7263401451523,2026-08-20T00:09:10-04:00
02336000,2018-01-14,992,A,28.090311819264002,2427.0029411844098,2026-08-20T00:09:10-04:00
02336000,2018-01-15,953,A,26.985954802176,2331.5864949080064,2026-08-20T00:09:10-04:00
02336000,2018-01-16,942,A,26.674469489664002,2304.6741639069696,2026-08-20T00:09:10-04:00
02336000,2018-01-17,1030,A,29.166351989760003,2519.9728119152642,2026-08-20T00:09:10-04:00
02336000,2018-01-18,923,A,26.136449404416002,2258.1892285415424,2026-08-20T00:09:10-04:00
02336000,2018-01-19,942,A,26.674469489664002,2304.6741639069696,2026-08-20T00:09:10-04:00
02336000,2018-01-20,943,A,26.702786336256001,2307.1207394525186,2026-08-20T00:09:10-04:00
02336000,2018-01-21,939,A,26.589518949887999,2297.3344372703232,2026-08-20T00:09:10-04:00
02336000,2018-01-22,951,A,26.929321108991999,2326.693343816909,2026-08-20T00:09:10-04:00
02336000,2018-01-23,1010,A,28.60001505792,2471.041301004288,2026-08-20T00:09:10-04:00
02336000,2018-01-24,1110,A:e,31.431699717120001,2715.6988555591679,2026-08-20T00:09:10-04:00
02336000,2018-01-25,1050,A,29.732688921600001,2568.9043228262399,2026-08-20T00:09:10-04:00
02336000,2018-01-26,992,A,28.090311819264002,2427.0029411844098,2026-08-20T00:09:10-04:00
02336000,2018-01-27,901,A,25.513478779391999,2204.3645665394688,2026-08-20T00:09:10-04:00
02336000,2018-01-28,1580,A,44.740617615360001,3865.5893619671042,2026-08-20T00:09:10-04:00
02336000,2018-01-29,2560,A,72.49112727552,6263.2333966049282,2026-08-20T00:09:10-04:00
02336000,2018-01-30,1400,A,39.643585228799999,3425.2057637683201,2026-08-20T00:09:10-04:00
02336000,2018-01-31,913,A,25.853280938495999,2233.7234730860546,2026-08-20T00:09:10-04:00
02336000,2018-02-01,908,A:e,25.711696705535999,2221.4905953583107,2026-08-20T00:09:10-04:00
02336000,2018-02-02,1140,A,32.281205114880002,2789.0961219256319,2026-08-20T00:09:10-04:00
02336000,2018-02-03,919,A,26.023182018048001,2248.4029263593475,2026-08-20T00:09:10-04:00
02336000,2018-02-04,4780,A,135.35452670975999,11694.631107723264,2026-08-20T00:09:10-04:00
02336000,2018-02-05,3890,A,110.15253324288,9517.1788721848316,2026-08-20T00:09:10-04:00
02336000,2018-02-06,2110,A,59.748546309120002,5162.2744011079685,2026-08-20T00:09:10-04:00
02336000,2018-02-07,3310,A,93.728762219520007,8098.165055766528,2026-08-20T00:09:10-04:00
02336000,2018-02-08,3040,A,86.083213639679997,7437.5896584683524,2026-08-20T00:09:10-04:00
02336000,2018-02-09,1940,A,54.934682388479999,4746.3565583646723,2026-08-20T00:09:10-04:00
02336000,2018-02-10,1520,A,43.041606819839998,3718.7948292341762,2026-08-20T00:09:10-04:00
02336000,2018-02-11,2390,A,67.677263354879997,5847.315553861632,2026-08-20T00:09:10-04:00
02336000,2018-02-12,3870,A:e,109.58619631104,9468.2473612738559,2026-08-20T00:09:10-04:00
02336000,2018-02-13,1870,A,52.952503127040004,4575.0962701762564,2026-08-20T00:09:10-04:00
02336000,2018-02-14,1200,A,33.980215910399998,2935.8906546585599,2026-08-20T00:09:10-04:00
02336000,2018-02-15,1120,A,31.71486818304,2740.1646110146562,2026-08-20T00:09:10-04:00
02336000,2018-02-16,1080,A,30.582194319359999,2642.3015891927039,2026-08-20T00:09:10-04:00
02336000,2018-02-17,937,A,26.532885256704002,2292.4412861792257,2026-08-20T00:09:10-04:00
02336000,2018-02-18,1000,A:e,28.316846592000001,2446.5755455488002,2026-08-20T00:09:10-04:00
02336000,2018-02-19,1550,A,43.891112217600003,3792.1920956006402,2026-08-20T00:09:10-04:00
02336000,2018-02-20,1540,A:e,43.607943751680004,3767.7263401451523,2026-08-20T00:09:10-04:00
02336000,2018-02-21,1910,A:e,54.085176990720001,4672.9592919982078,2026-08-20T00:09:10-04:00
02336000,2018-02-22,2360,A:e,66.827757957119999,5773.9182874951684,2026-08-20T00:09:10-04:00
02336000,2018-02-23,2550,A,72.207958809600001,6238.7676411494404,2026-08-20T00:09:10-04:00
02336000,2018-02-24,3310,A,93.728762219520007,8098.165055766528,2026-08-20T00:09:10-04:00
02336000,2018-02-25,3680,A,104.20599545856,9003.398007619584,2026-08-20T00:09:10-04:00
02336000,2018-02-26,3600,A,101.9406477312,8807.6719639756811,2026-08-20T00:09:10-04:00
02336000,2018-02-27,3070,A,86.932719037440009,7510.9869248348159,2026-08-20T00:09:10-04:00
02336000,2018-02-28,2970,A,84.101034378240001,7266.3293702799365,2026-08-20T00:09:10-04:00
02336000,2018-03-01,3420,A,96.84361534464,8367.2883657768962,2026-08-20T00:09:10-04:00
02336000,2018-03-02,4530,A,128.27531506176001,11082.987221336065,2026-08-20T00:09:10-04:00
02336000,2018-03-03,4540,A,128.55848352768001,11107.452976791552,2026-08-20T00:09:10-04:00
02336000,2018-03-04,4320,A,122.32877727744,10569.206356770816,2026-08-20T00:09:10-04:00
02336000,2018-03-05,4140,A,117.23174489088001,10128.822758572032,2026-08-20T00:09:10-04:00
02336000,2018-03-06,5100,A,144.4159176192,12477.535282298881,2026-08-20T00:09:10-04:00
02336000,2018-03-07,4270,A,120.91293494784,10446.877579493377,2026-08-20T00:09:10-04:00
02336000,2018-03-08,3490,A,98.825794606080009,8538.548653965312,2026-08-20T00:09:10-04:00
02336000,2018-03-09,3570,A,101.09114233344,8734.2746976092167,2026-08-20T00:09:10-04:00
02336000,2018-03-10,3190,A,90.330740628480001,7804.5759903006719,2026-08-20T00:09:10-04:00
02336000,2018-03-11,4570,A,129.40798892544001,11180.850243158016,2026-08-20T00:09:10-04:00
02336000,2018-03-12,4750,A,134.505021312,11621.2338413568,2026-08-20T00:09:10-04:00
02336000,2018-03-13,2920,A,82.685192048640005,7144.0005930024963,2026-08-20T00:09:10-04:00
02336000,2018-03-14,3380,A,95.710941480960003,8269.4253439549448,2026-08-20T00:09:10-04:00
02336000,2018-03-15,2090,A,59.182209377280003,5113.3428901969919,2026-08-20T00:09:10-04:00
02336000,2018-03-16,2150,A,60.881220172799999,5260.1374229299199,2026-08-20T00:09:10-04:00
02336000,2018-03-17,1470,A,41.625764490240002,3596.466051956736,2026-08-20T00:09:10-04:00
02336000,2018-03-18,1810,A,51.25349233152,4428.3017374433284,2026-08-20T00:09:10-04:00
02336000,2018-03-19,2330,A,65.978252559360001,5700.521021128704,2026-08-20T00:09:10-04:00
02336000,2018-03-20,3450,A,97.693120742399998,8440.6856321433606,2026-08-20T00:09:10-04:00
02336000,2018-03-21,3430,A,97.126783810559999,8391.7541212323849,2026-08-20T00:09:10-04:00
02336000,2018-03-22,4110,A,116.38223949312,10055.425492205568,2026-08-20T00:09:10-04:00
02336000,2018-03-23,3540,A,100.24163693568001,8660.8774312427522,2026-08-20T00:09:10-04:00
02336000,2018-03-24,2600,A,73.623801139199998,6361.0964184268805,2026-08-20T00:09:10-04:00
02336000,2018-03-25,2380,A,67.394094888959998,5822.8497984061441,2026-08-20T00:09:10-04:00
02336000,2018-03-26,2970,A,84.101034378240001,7266.3293702799365,2026-08-20T00:09:10-04:00
02336000,2018-03-27,2950,A,83.534697446400003,7217.3978593689599,2026-08-20T00:09:10-04:00
02336000,2018-03-28,2440,A:e,69.093105684480008,5969.6443311390722,2026-08-20T00:09:10-04:00
02336000,2018-03-29,3380,A,95.710941480960003,8269.4253439549448,2026-08-20T00:09:10-04:00
02336000,2018-03-30,4830,A,136.77036903935999,11816.959885000704,2026-08-20T00:09:10-04:00
02336000,2018-03-31,4220,A,119.49709261824,10324.548802215937,2026-08-20T00:09:10-04:00
02336000,2018-04-01,3420,A,96.84361534464,8367.2883657768962,2026-08-20T00:09:10-04:00
02336000,2018-04-02,2410,A,68.243600286719996,5896.2470647726086,2026-08-20T00:09:10-04:00
02336000,2018-04-03,3200,A,90.6139090944,7829.0417457561598,2026-08-20T00:09:10-04:00
02336000,2018-04-04,3170,A,89.764403696640002,7755.6444793896962,2026-08-20T00:09:10-04:00
02336000,2018-04-05,3050,A,86.366382105599996,7462.0554139238402,2026-08-20T00:09:10-04:00
02336000,2018-04-06,1600,A,45.3069545472,3914.5208728780799,2026-08-20T00:09:10-04:00
02336000,2018-04-07,1530,A,43.324775285759998,3743.260584689664,2026-08-20T00:09:10-04:00
02336000,2018-04-08,1840,A,52.102997729279998,4501.699003809792,2026-08-20T00:09:10-04:00
02336000,2018-04-09,1930,A,54.65151392256,4721.8908029091845,2026-08-20T00:09:10-04:00
02336000,2018-04-10,2100,A,59.465377843200002,5137.8086456524798,2026-08-20T00:09:10-04:00
02336000,2018-04-11,1870,A,52.952503127040004,4575.0962701762564,2026-08-20T00:09:10-04:00
02336000,2018-04-12,2440,A,69.093105684480008,5969.6443311390722,2026-08-20T00:09:10-04:00
02336000,2018-04-13,2920,A,82.685192048640005,7144.0005930024963,2026-08-20T00:09:10-04:00
02336000,2018-04-14,2610,A,73.906969605119997,6385.5621738823684,2026-08-20T00:09:10-04:00
02336000,2018-04-15,4360,A,123.46145114112001,10667.069378592769,2026-08-20T00:09:10-04:00
02336000,2018-04-16,3510,A,99.392131537920008,8587.4801648762877,2026-08-20T00:09:10-04:00
02336000,2018-04-17,2820,A,79.853507389439997,6899.343038447616,2026-08-20T00:09:10-04:00
02336000,2018-04-18,1550,A,43.891112217600003,3792.1920956006402,2026-08-20T00:09:10-04:00
02336000,2018-04-19,1700,A,48.138639206400001,4159.1784274329602,2026-08-20T00:09:10-04:00
02336000,2018-04-20,1720,A,48.704976138239999,4208.1099383439359,2026-08-20T00:09:10-04:00
02336000,2018-04-21,1780,A,50.403986933760002,4354.904471076864,2026-08-20T00:09:10-04:00
02336000,2018-04-22,1010,A,28.60001505792,2471.041301004288,2026-08-20T00:09:10-04:00
02336000,2018-04-23,5480,A,155.17631932416,13407.233989607425,2026-08-20T00:09:10-04:00
02336000,2018-04-24,7330,A,207.56248551936,17933.398748872703,2026-08-20T00:09:10-04:00
02336000,2018-04-25,4790,A,135.63769517567999,11719.096863178753,2026-08-20T00:09:10-04:00
02336000,2018-04-26,2910,A,82.402023582720005,7119.5348375470085,2026-08-20T00:09:10-04:00
02336000,2018-04-27,3570,A,101.09114233344,8734.2746976092167,2026-08-20T00:09:10-04:00
02336000,2018-04-28,3430,A,97.126783810559999,8391.7541212323849,2026-08-20T00:09:10-04:00
02336000,2018-04-29,2990,A,84.66737131008,7315.2608811909122,2026-08-20T00:09:10-04:00
02336000,2018-04-30,3780,A,107.03768011776,9248.0555621744643,2026-08-20T00:09:10-04:00
02336000,2018-05-01,4170,A,118.08125028864001,10202.220024938497,2026-08-20T00:09:10-04:00
02336000,2018-05-02,3370,A,95.427773015040003,8244.959588499456,2026-08-20T00:09:10-04:00
02336000,2018-05-03,3090,A,87.499055969280008,7559.9184357457925,2026-08-20T00:09:10-04:00
02336000,2018-05-04,3390,A,95.994109946880002,8293.8910994104317,2026-08-20T00:09:10-04:00
02336000,2018-05-05,2860,A,80.986181253120009,6997.2060602695683,2026-08-20T00:09:10-04:00
02336000,2018-05-06,2280,A,64.562410229760005,5578.1922438512638,2026-08-20T00:09:10-04:00
02336000,2018-05-07,2100,A,59.465377843200002,5137.8086456524798,2026-08-20T00:09:10-04:00
02336000,2018-05-08,2670,A,75.605980400640007,6532.3567066152964,2026-08-20T00:09:10-04:00
02336000,2018-05-09,2810,A,79.570338923519998,6874.8772829921281,2026-08-20T00:09:10-04:00
02336000,2018-05-10,2790,A,79.004001991679999,6825.9457720811524,2026-08-20T00:09:10-04:00
02336000,2018-05-11,2890,A,81.835686650880007,7070.6033266360319,2026-08-20T00:09:10-04:00
02336000,2018-05-12,2640,A,74.756475002880009,6458.9594402488319,2026-08-20T00:09:10-04:00
02336000,2018-05-13,2540,A,71.924790343680002,6214.3018856939525,2026-08-20T00:09:10-04:00
02336000,2018-05-14,2970,A,84.101034378240001,7266.3293702799365,2026-08-20T00:09:10-04:00
02336000,2018-05-15,2900,A,82.118855116800006,7095.0690820915206,2026-08-20T00:09:10-04:00
02336000,2018-05-16,4470,A,126.57630426624,10936.192688603136,2026-08-20T00:09:10-04:00
02336000,2018-05-17,3680,A,104.20599545856,9003.398007619584,2026-08-20T00:09:10-04:00
02336000,2018-05-18,3050,A,86.366382105599996,7462.0554139238402,2026-08-20T00:09:10-04:00
02336000,2018-05-19,1980,A,56.067356252160003,4844.2195801866237,2026-08-20T00:09:10-04:00
02336000,2018-05-20,1670,A,47.289133808640003,4085.7811610664962,2026-08-20T00:09:10-04:00
02336000,2018-05-21,2310,A,65.411915627520003,5651.5895102177283,2026-08-20T00:09:10-04:00
02336000,2018-05-22,2880,A,81.552518184960007,7046.137571180544,2026-08-20T00:09:10-04:00
02336000,2018-05-23,5130,A,145.26542301696,12550.932548665345,2026-08-20T00:09:10-04:00
02336000,2018-05-24,2420,A,68.526768752639995,5920.7128202280965,2026-08-20T00:09:10-04:00
02336000,2018-05-25,1850,A,52.386166195200005,4526.1647592652798,2026-08-20T00:09:10-04:00
02336000,2018-05-26,1140,A,32.281205114880002,2789.0961219256319,2026-08-20T00:09:10-04:00
02336000,2018-05-27,1040,A:e,29.449520455680002,2544.438567370752,2026-08-20T00:09:10-04:00
02336000,2018-05-28,1140,A,32.281205114880002,2789.0961219256319,2026-08-20T00:09:10-04:00
02336000,2018-05-29,2510,A,71.075284945920004,6140.904619327488,2026-08-20T00:09:10-04:00
02336000,2018-05-30,4120,A,116.66540795904001,10079.891247661057,2026-08-20T00:09:10-04:00
02336000,2018-05-31,6390,A,180.94464972288,15633.617736056833,2026-08-20T00:09:10-04:00
02336000,2018-06-01,8670,A,245.50705995264002,21211.809979908096,2026-08-20T00:09:10-04:00
02336000,2018-06-02,4430,A,125.44363040256,10838.329666781185,2026-08-20T00:09:10-04:00
02336000,2018-06-03,5640,A,159.70701477887999,13798.686076895232,2026-08-20T00:09:10-04:00
02336000,2018-06-04,6270,A,177.54662813184001,15340.028670590977,2026-08-20T00:09:10-04:00
02336000,2018-06-05,6680,A,189.15653523456001,16343.124644265985,2026-08-20T00:09:10-04:00
02336000,2018-06-06,8110,A,229.64962586112,19841.727674400769,2026-08-20T00:09:10-04:00
02336000,2018-06-07,8460,A:e,239.56052216832001,20698.029115342848,2026-08-20T00:09:10-04:00
02336000,2018-06-08,8170,A,231.34863665664,19988.522207133698,2026-08-20T00:09:10-04:00
02336000,2018-06-09,7380,A,208.97832784895999,18055.727526150145,2026-08-20T00:09:10-04:00
02336000,2018-06-10,6650,A,188.30702983680001,16269.72737789952,2026-08-20T00:09:10-04:00
02336000,2018-06-11,6600,A,186.89118750720002,16147.39860062208,2026-08-20T00:09:10-04:00
02336000,2018-06-12,7780,A,220.30506648575999,19034.357744369663,2026-08-20T00:09:10-04:00
02336000,2018-06-13,7820,A,221.43774034944002,19132.220766191618,2026-08-20T00:09:10-04:00
02336000,2018-06-14,6530,A,184.90900824575999,15976.138312433664,2026-08-20T00:09:10-04:00
02336000,2018-06-15,3440,A,97.409952276479999,8416.2198766878719,2026-08-20T00:09:10-04:00
02336000,2018-06-16,1780,A,50.403986933760002,4354.904471076864,2026-08-20T00:09:10-04:00
02336000,2018-06-17,3230,A,91.463414492159998,7902.4390121226243,2026-08-20T00:09:10-04:00
02336000,2018-06-18,2350,A,66.5445894912,5749.4525320396806,2026-08-20T00:09:10-04:00
02336000,2018-06-19,2710,A,76.738654264320004,6630.2197284372478,2026-08-20T00:09:10-04:00
02336000,2018-06-20,3130,A,88.631729832960005,7657.7814575677439,2026-08-20T00:09:10-04:00
02336000,2018-06-21,3570,A,101.09114233344,8734.2746976092167,2026-08-20T00:09:10-04:00
02336000,2018-06-22,4340,A,122.89511420928001,10618.137867681793,2026-08-20T00:09:10-04:00
02336000,2018-06-23,3830,A,108.45352244736,9370.3843394519045,2026-08-20T00:09:10-04:00
02336000,2018-06-24,1960,A,55.501019320320005,4795.288069275648,2026-08-20T00:09:10-04:00
02336000,2018-06-25,2590,A,73.340632673279998,6336.6306629713918,2026-08-20T00:09:10-04:00
02336000,2018-06-26,4280,A,121.19610341376,10471.343334948864,2026-08-20T00:09:10-04:00
02336000,2018-06-27,4240,A,120.06342955008,10373.480313126913,2026-08-20T00:09:10-04:00
02336000,2018-06-28,5640,A,159.70701477887999,13798.686076895232,2026-08-20T00:09:10-04:00
02336000,2018-06-29,5480,A,155.17631932416,13407.233989607425,2026-08-20T00:09:10-04:00
02336000,2018-06-30,4410,A,124.87729347072001,10789.398155870209,2026-08-20T00:09:10-04:00
02336000,2018-07-01,1520,A,43.041606819839998,3718.7948292341762,2026-08-20T00:09:10-04:00
02336000,2018-07-02,1730,A,48.988144604159999,4232.5756937994238,2026-08-20T00:09:10-04:00
02336000,2018-07-03,3330,A,94.295099151360006,8147.0965666775046,2026-08-20T00:09:10-04:00
02336000,2018-07-04,2630,A,74.473306536959996,6434.4936847933441,2026-08-20T00:09:10-04:00
02336000,2018-07-05,1660,A,47.005965342720003,4061.3154056110079,2026-08-20T00:09:10-04:00
02336000,2018-07-06,1910,A,54.085176990720001,4672.9592919982078,2026-08-20T00:09:10-04:00
02336000,2018-07-07,1500,A,42.475269888,3669.8633183232,2026-08-20T00:09:10-04:00
02336000,2018-07-08,1580,A,44.740617615360001,3865.5893619671042,2026-08-20T00:09:10-04:00
02336000,2018-07-09,2060,A,58.332703979520005,5039.9456238305283,2026-08-20T00:09:10-04:00
02336000,2018-07-10,2790,A,79.004001991679999,6825.9457720811524,2026-08-20T00:09:10-04:00
02336000,2018-07-11,2300,A,65.128747161600003,5627.1237547622404,2026-08-20T00:09:10-04:00
02336000,2018-07-12,2140,A,60.59805170688,5235.6716674744321,2026-08-20T00:09:10-04:00
02336000,2018-07-13,2030,A,57.48319858176,4966.5483574640639,2026-08-20T00:09:10-04:00
02336000,2018-07-14,4920,A,139.31888523264001,12037.151684100096,2026-08-20T00:09:10-04:00
02336000,2018-07-15,2400,A,67.960431820799997,5871.7813093171198,2026-08-20T00:09:10-04:00
02336000,2018-07-16,2200,A,62.297062502400003,5382.4662002073601,2026-08-20T00:09:10-04:00
02336000,2018-07-17,3930,A,111.28520710656001,9615.0418940067848,2026-08-20T00:09:10-04:00
02336000,2018-07-18,3920,A,111.00203864064001,9590.576138551296,2026-08-20T00:09:10-04:00
02336000,2018-07-19,2300,A,65.128747161600003,5627.1237547622404,2026-08-20T00:09:10-04:00
02336000,2018-07-20,2260,A,63.996073297919999,5529.2607329402881,2026-08-20T00:09:10-04:00
02336000,2018-07-21,3340,A,94.578267617280005,8171.5623221329924,2026-08-20T00:09:10-04:00
02336000,2018-07-22,3620,A,102.50698466304,8856.6034748866568,2026-08-20T00:09:10-04:00
02336000,2018-07-23,2710,A,76.738654264320004,6630.2197284372478,2026-08-20T00:09:10-04:00
02336000,2018-07-24,4380,A,124.02778807296001,10716.000889503744,2026-08-20T00:09:10-04:00
02336000,2018-07-25,1870,A,52.952503127040004,4575.0962701762564,2026-08-20T00:09:10-04:00
02336000,2018-07-26,1190,A,33.697047444479999,2911.4248992030721,2026-08-20T00:09:10-04:00
02336000,2018-07-27,2490,A,70.508948014080005,6091.9731084165123,2026-08-20T00:09:10-04:00
02336000,2018-07-28,2040,A,57.766367047679999,4991.0141129195517,2026-08-20T00:09:10-04:00
02336000,2018-07-29,1410,A,39.926753694719999,3449.671519223808,2026-08-20T00:09:10-04:00
02336000,2018-07-30,1350,A,38.227742899200003,3302.87698649088,2026-08-20T00:09:10-04:00
02336000,2018-07-31,4070,A,115.24956562944,9957.5624703836165,2026-08-20T00:09:10-04:00
02336000,2018-08-01,5580,A,158.00800398336,13651.891544162305,2026-08-20T00:09:10-04:00
02336000,2018-08-02,6760,A,191.42188296192001,16538.85068790989,2026-08-20T00:09:10-04:00
02336000,2018-08-03,6480,A,183.49316591616,15853.809535156224,2026-08-20T00:09:10-04:00
02336000,2018-08-04,3870,A,109.58619631104,9468.2473612738559,2026-08-20T00:09:10-04:00
02336000,2018-08-05,2260,A,63.996073297919999,5529.2607329402881,2026-08-20T00:09:10-04:00
02336000,2018-08-06,2960,A,83.817865912320002,7241.8636148244486,2026-08-20T00:09:10-04:00
02336000,2018-08-07,3560,A,100.80797386752,8709.8089421537279,2026-08-20T00:09:10-04:00
02336000,2018-08-08,1350,A,38.227742899200003,3302.87698649088,2026-08-20T00:09:10-04:00
02336000,2018-08-09,3900,A,110.4357017088,9541.6446276403203,2026-08-20T00:09:10-04:00
02336000,2018-08-10,4920,A,139.31888523264001,12037.151684100096,2026-08-20T00:09:10-04:00
02336000,2018-08-11,4340,A,122.89511420928001,10618.137867681793,2026-08-20T00:09:10-04:00
02336000,2018-08-12,2070,A,58.615872445440004,5064.4113792860162,2026-08-20T00:09:10-04:00
02336000,2018-08-13,2090,A,59.182209377280003,5113.3428901969919,2026-08-20T00:09:10-04:00
02336000,2018-08-14,4150,A,117.51491335680001,10153.288514027521,2026-08-20T00:09:10-04:00
02336000,2018-08-15,4390,A,124.31095653888001,10740.466644959233,2026-08-20T00:09:10-04:00
02336000,2018-08-16,4260,A,120.62976648192,10422.411824037888,2026-08-20T00:09:10-04:00
02336000,2018-08-17,4240,A,120.06342955008,10373.480313126913,2026-08-20T00:09:10-04:00
02336000,2018-08-18,4330,A,122.61194574336001,10593.672112226304,2026-08-20T00:09:10-04:00
02336000,2018-08-19,2200,A,62.297062502400003,5382.4662002073601,2026-08-20T00:09:10-04:00
02336000,2018-08-20,2080,A,58.899040911360004,5088.8771347415041,2026-08-20T00:09:10-04:00
02336000,2018-08-21,3890,A,110.15253324288,9517.1788721848316,2026-08-20T00:09:10-04:00
02336000,2018-08-22,3050,A,86.366382105599996,7462.0554139238402,2026-08-20T00:09:10-04:00
02336000,2018-08-23,2770,A,78.43766505984,6777.0142611701758,2026-08-20T00:09:10-04:00
02336000,2018-08-24,2400,A,67.960431820799997,5871.7813093171198,2026-08-20T00:09:10-04:00
02336000,2018-08-25,2230,A,63.146567900160001,5455.8634665738246,2026-08-20T00:09:10-04:00
02336000,2018-08-26,1320,A,37.378237501440005,3229.479720124416,2026-08-20T00:09:10-04:00
02336000,2018-08-27,1760,A,49.837650001920004,4305.9729601658883,2026-08-20T00:09:10-04:00
02336000,2018-08-28,2350,A,66.5445894912,5749.4525320396806,2026-08-20T00:09:10-04:00
02336000,2018-08-29,2590,A,73.340632673279998,6336.6306629713918,2026-08-20T00:09:10-04:00
02336000,2018-08-30,1810,A,51.25349233152,4428.3017374433284,2026-08-20T00:09:10-04:00
02336000,2018-08-31,2110,A,59.748546309120002,5162.2744011079685,2026-08-20T00:09:10-04:00
02336000,2018-09-01,1490,A,42.19210142208,3645.3975628677122,2026-08-20T00:09:10-04:00
02336000,2018-09-02,1050,A,29.732688921600001,2568.9043228262399,2026-08-20T00:09:10-04:00
02336000,2018-09-03,1050,A,29.732688921600001,2568.9043228262399,2026-08-20T00:09:10-04:00
02336000,2018-09-04,1070,A,30.29902585344,2617.835833737216,2026-08-20T00:09:10-04:00
02336000,2018-09-05,1750,A,49.554481536000004,4281.5072047104004,2026-08-20T00:09:10-04:00
02336000,2018-09-06,1390,A,39.36041676288,3400.7400083128323,2026-08-20T00:09:10-04:00
02336000,2018-09-07,1070,A,30.29902585344,2617.835833737216,2026-08-20T00:09:10-04:00
02336000,2018-09-08,1630,A,46.156459944959998,3987.9181392445439,2026-08-20T00:09:10-04:00
02336000,2018-09-09,1170,A,33.13071051264,2862.4933882920959,2026-08-20T00:09:10-04:00
02336000,2018-09-10,1250,A,35.396058240000002,3058.2194319360001,2026-08-20T00:09:10-04:00
02336000,2018-09-11,1350,A,38.227742899200003,3302.87698649088,2026-08-20T00:09:10-04:00
02336000,2018-09-12,1450,A,41.059427558400003,3547.5345410457603,2026-08-20T00:09:10-04:00
02336000,2018-09-13,1140,A,32.281205114880002,2789.0961219256319,2026-08-20T00:09:10-04:00
02336000,2018-09-14,1260,A,35.679226705920001,3082.6851873914879,2026-08-20T00:09:10-04:00
02336000,2018-09-15,1570,A,44.457449149440002,3841.1236065116163,2026-08-20T00:09:10-04:00
02336000,2018-09-16,1340,A,37.944574433280003,3278.4112310353921,2026-08-20T00:09:10-04:00
02336000,2018-09-17,1060,A,30.015857387520001,2593.3700782817282,2026-08-20T00:09:10-04:00
02336000,2018-09-18,1600,A,45.3069545472,3914.5208728780799,2026-08-20T00:09:10-04:00
02336000,2018-09-19,1380,A,39.077248296960001,3376.274252857344,2026-08-20T00:09:10-04:00
02336000,2018-09-20,1500,A,42.475269888,3669.8633183232,2026-08-20T00:09:10-04:00
02336000,2018-09-21,1760,A,49.837650001920004,4305.9729601658883,2026-08-20T00:09:10-04:00
02336000,2018-09-22,1420,A,40.209922160639998,3474.1372746792963,2026-08-20T00:09:10-04:00
02336000,2018-09-23,1130,A,31.998036648959999,2764.6303664701441,2026-08-20T00:09:10-04:00
02336000,2018-09-24,1050,A,29.732688921600001,2568.9043228262399,2026-08-20T00:09:10-04:00
02336000,2018-09-25,1710,A,48.42180767232,4183.6441828884481,2026-08-20T00:09:10-04:00
02336000,2018-09-26,1480,A,41.908932956160001,3620.9318074122243,2026-08-20T00:09:10-04:00
02336000,2018-09-27,2020,A,57.200030115840001,4942.082602008576,2026-08-20T00:09:10-04:00
02336000,2018-09-28,1610,A,45.590123013119999,3938.9866283335682,2026-08-20T00:09:10-04:00
02336000,2018-09-29,1100,A,31.148531251200001,2691.23310010368,2026-08-20T00:09:10-04:00
02336000,2018-09-30,1310,A,37.095069035519998,3205.0139646689281,2026-08-20T00:09:10-04:00
02336000,2018-10-01,1510,A,42.758438353919999,3694.3290737786883,2026-08-20T00:09:10-04:00
02336000,2018-10-02,1470,A,41.625764490240002,3596.466051956736,2026-08-20T00:09:10-04:00
02336000,2018-10-03,1820,A,51.53666079744,4452.7674928988163,2026-08-20T00:09:10-04:00
02336000,2018-10-04,1990,A,56.350524718080003,4868.6853356421125,2026-08-20T00:09:10-04:00
02336000,2018-10-05,2230,A,63.146567900160001,5455.8634665738246,2026-08-20T00:09:10-04:00
02336000,2018-10-06,1310,A,37.095069035519998,3205.0139646689281,2026-08-20T00:09:10-04:00
02336000,2018-10-07,1030,A,29.166351989760003,2519.9728119152642,2026-08-20T00:09:10-04:00
02336000,2018-10-08,1250,A,35.396058240000002,3058.2194319360001,2026-08-20T00:09:10-04:00
02336000,2018-10-09,2080,A,58.899040911360004,5088.8771347415041,2026-08-20T00:09:10-04:00
02336000,2018-10-10,2580,A,73.057464207359999,6312.1649075159039,2026-08-20T00:09:10-04:00
02336000,2018-10-11,7980,A,225.96843580416001,19523.672853479424,2026-08-20T00:09:10-04:00
02336000,2018-10-12,3980,A,112.70104943616001,9737.370671284225,2026-08-20T00:09:10-04:00
02336000,2018-10-13,1790,A,50.687155399680002,4379.3702265323518,2026-08-20T00:09:10-04:00
02336000,2018-10-14,1500,A,42.475269888,3669.8633183232,2026-08-20T00:09:10-04:00
02336000,2018-10-15,1530,A,43.324775285759998,3743.260584689664,2026-08-20T00:09:10-04:00
02336000,2018-10-16,2080,A,58.899040911360004,5088.8771347415041,2026-08-20T00:09:10-04:00
02336000,2018-10-17,1710,A,48.42180767232,4183.6441828884481,2026-08-20T00:09:10-04:00
02336000,2018-10-18,1500,A,42.475269888,3669.8633183232,2026-08-20T00:09:10-04:00
02336000,2018-10-19,1430,A,40.493090626560004,3498.6030301347841,2026-08-20T00:09:10-04:00
02336000,2018-10-20,1610,A,45.590123013119999,3938.9866283335682,2026-08-20T00:09:10-04:00
02336000,2018-10-21,1150,A,32.564373580800002,2813.5618773811202,2026-08-20T00:09:10-04:00
02336000,2018-10-22,1190,A,33.697047444479999,2911.4248992030721,2026-08-20T00:09:10-04:00
02336000,2018-10-23,1670,A,47.289133808640003,4085.7811610664962,2026-08-20T00:09:10-04:00
02336000,2018-10-24,1990,A,56.350524718080003,4868.6853356421125,2026-08-20T00:09:10-04:00
02336000,2018-10-25,1660,A,47.005965342720003,4061.3154056110079,2026-08-20T00:09:10-04:00
02336000,2018-10-26,2760,A,78.154496593920001,6752.548505714688,2026-08-20T00:09:10-04:00
02336000,2018-10-27,2500,A,70.792116480000004,6116.4388638720002,2026-08-20T00:09:10-04:00
02336000,2018-10-28,1520,A,43.041606819839998,3718.7948292341762,2026-08-20T00:09:10-04:00
02336000,2018-10-29,1270,A,35.962395171840001,3107.1509428469762,2026-08-20T00:09:10-04:00
02336000,2018-10-30,2110,A,59.748546309120002,5162.2744011079685,2026-08-20T00:09:10-04:00
02336000,2018-10-31,1690,A,47.855470740480001,4134.7126719774724,2026-08-20T00:09:10-04:00
02336000,2018-11-01,2020,A,57.200030115840001,4942.082602008576,2026-08-20T00:09:10-04:00
02336000,2018-11-02,1990,A,56.350524718080003,4868.6853356421125,2026-08-20T00:09:10-04:00
02336000,2018-11-03,1450,A,41.059427558400003,3547.5345410457603,2026-08-20T00:09:10-04:00
02336000,2018-11-04,1400,A,39.643585228799999,3425.2057637683201,2026-08-20T00:09:10-04:00
02336000,2018-11-05,1140,A,32.281205114880002,2789.0961219256319,2026-08-20T00:09:10-04:00
02336000,2018-11-06,1670,A,47.289133808640003,4085.7811610664962,2026-08-20T00:09:10-04:00
02336000,2018-11-07,2340,A,66.261421025280001,5724.9867765841918,2026-08-20T00:09:10-04:00
02336000,2018-11-08,2510,A,71.075284945920004,6140.904619327488,2026-08-20T00:09:10-04:00
02336000,2018-11-09,3930,A,111.28520710656001,9615.0418940067848,2026-08-20T00:09:10-04:00
02336000,2018-11-10,3580,A,101.37431079936,8758.7404530647036,2026-08-20T00:09:10-04:00
02336000,2018-11-11,1800,A,50.970323865600001,4403.8359819878406,2026-08-20T00:09:10-04:00
02336000,2018-11-12,6650,A,188.30702983680001,16269.72737789952,2026-08-20T00:09:10-04:00
02336000,2018-11-13,10000,A,283.16846592000002,24465.755455488001,2026-08-20T00:09:10-04:00
02336000,2018-11-14,5570,A,157.72483551744,13627.425788706816,2026-08-20T00:09:10-04:00
02336000,2018-11-15,5570,A,157.72483551744,13627.425788706816,2026-08-20T00:09:10-04:00
02336000,2018-11-16,7080,A,200.48327387136001,17321.754862485504,2026-08-20T00:09:10-04:00
02336000,2018-11-17,7940,A,224.83576194048001,19425.809831657472,2026-08-20T00:09:10-04:00
02336000,2018-11-18,7450,A,210.96050711040002,18226.987814338561,2026-08-20T00:09:10-04:00
02336000,2018-11-19,7330,A,207.56248551936,17933.398748872703,2026-08-20T00:09:10-04:00
02336000,2018-11-20,6430,A,182.07732358656,15731.480757878784,2026-08-20T00:09:10-04:00
02336000,2018-11-21,4180,A,118.36441875456001,10226.685780393984,2026-08-20T00:09:10-04:00
02336000,2018-11-22,2670,A,75.605980400640007,6532.3567066152964,2026-08-20T00:09:10-04:00
02336000,2018-11-23,2420,A,68.526768752639995,5920.7128202280965,2026-08-20T00:09:10-04:00
02336000,2018-11-24,2330,A,65.978252559360001,5700.521021128704,2026-08-20T00:09:10-04:00
02336000,2018-11-25,2310,A,65.411915627520003,5651.5895102177283,2026-08-20T00:09:10-04:00
02336000,2018-11-26,2160,A,61.164388638719998,5284.6031783854078,2026-08-20T00:09:10-04:00
02336000,2018-11-27,2330,A,65.978252559360001,5700.521021128704,2026-08-20T00:09:10-04:00
02336000,2018-11-28,3120,A,88.348561367040006,7633.3157021122561,2026-08-20T00:09:10-04:00
02336000,2018-11-29,2770,A,78.43766505984,6777.0142611701758,2026-08-20T00:09:10-04:00
02336000,2018-11-30,2780,A,78.72083352576,6801.4800166256646,2026-08-20T00:09:10-04:00
02336000,2018-12-01,5020,A,142.15056989184001,12281.809238654976,2026-08-20T00:09:10-04:00
02336000,2018-12-02,5920,A,167.63573182464,14483.727229648897,2026-08-20T00:09:10-04:00
02336000,2018-12-03,4110,A,116.38223949312,10055.425492205568,2026-08-20T00:09:10-04:00
02336000,2018-12-04,7330,A,207.56248551936,17933.398748872703,2026-08-20T00:09:10-04:00
02336000,2018-12-05,6280,A,177.82979659776001,15364.494426046465,2026-08-20T00:09:10-04:00
02336000,2018-12-06,5120,A,144.98225455104,12526.466793209856,2026-08-20T00:09:10-04:00
02336000,2018-12-07,6120,A,173.29910114303999,14973.042338758656,2026-08-20T00:09:10-04:00
02336000,2018-12-08,5710,A,161.68919404032002,13969.946365083648,2026-08-20T00:09:10-04:00
02336000,2018-12-09,10200,A,288.8318352384,24955.070564597761,2026-08-20T00:09:10-04:00
02336000,2018-12-10,6630,A,187.74069290496001,16220.795866988545,2026-08-20T00:09:10-04:00
02336000,2018-12-11,9560,A,270.70905341951999,23389.262215446528,2026-08-20T00:09:10-04:00
02336000,2018-12-12,8650,A,244.94072302079999,21162.878468997122,2026-08-20T00:09:10-04:00
02336000,2018-12-13,8540,A,241.82586989568,20893.755158986754,2026-08-20T00:09:10-04:00
02336000,2018-12-14,6110,A,173.01593267711999,14948.576583303169,2026-08-20T00:09:10-04:00
02336000,2018-12-15,2600,A,73.623801139199998,6361.0964184268805,2026-08-20T00:09:10-04:00
02336000,2018-12-16,7720,A,218.60605569024,18887.563211636738,2026-08-20T00:09:10-04:00
02336000,2018-12-17,7550,A,213.79219176960001,18471.645368893442,2026-08-20T00:09:10-04:00
02336000,2018-12-18,6420,A,181.79415512064,15707.015002423297,2026-08-20T00:09:10-04:00
02336000,2018-12-19,6780,A,191.98821989376,16587.782198820863,2026-08-20T00:09:10-04:00
02336000,2018-12-20,6070,A,171.88325881343999,14850.713561481216,2026-08-20T00:09:10-04:00
02336000,2018-12-21,5160,A,146.11492841472,12624.329815031808,2026-08-20T00:09:10-04:00
02336000,2018-12-22,4740,A,134.22185284608,11596.768085901313,2026-08-20T00:09:10-04:00
02336000,2018-12-23,4390,A,124.31095653888001,10740.466644959233,2026-08-20T00:09:10-04:00
02336000,2018-12-24,3340,A,94.578267617280005,8171.5623221329924,2026-08-20T00:09:10-04:00
02336000,2018-12-25,4220,A,119.49709261824,10324.548802215937,2026-08-20T00:09:10-04:00
02336000,2018-12-26,4470,A,126.57630426624,10936.192688603136,2026-08-20T00:09:10-04:00
02336000,2018-12-27,3920,A,111.00203864064001,9590.576138551296,2026-08-20T00:09:10-04:00
02336000,2018-12-28,13400,A,379.44574433280002,32784.112310353921,2026-08-20T00:09:10-04:00
02336000,2018-12-29,9450,A,267.59420029440003,23120.138905436161,2026-08-20T00:09:10-04:00
02336000,2018-12-30,6480,A,183.49316591616,15853.809535156224,2026-08-20T00:09:10-04:00
02336000,2018-12-31,6950,A,196.80208381439999,17003.70004156416,2026-08-20T00:09:10-04:00
02336000,2019-01-01,2940,A,83.251528980480003,7192.932103913472,2026-08-20T00:09:10-04:00
02336000,2019-01-02,6140,A,173.86543807488002,15021.973849669632,2026-08-20T00:09:10-04:00
02336000,2019-01-03,6990,A,197.93475767808002,17101.563063386111,2026-08-20T00:09:10-04:00
02336000,2019-01-04,5530,A,156.59216165376,13529.562766884865,2026-08-20T00:09:10-04:00
02336000,2019-01-05,5690,A,161.12285710847999,13921.014854172672,2026-08-20T00:09:10-04:00
02336000,2019-01-06,9140,A,258.81597785088002,22361.700486316033,2026-08-20T00:09:10-04:00
02336000,2019-01-07,9360,A,265.04568410112,22899.947106336767,2026-08-20T00:09:10-04:00
02336000,2019-01-08,9270,A,262.49716790783998,22679.755307237378,2026-08-20T00:09:10-04:00
02336000,2019-01-09,9200,A,260.51498864640001,22508.495019048962,2026-08-20T00:09:10-04:00
02336000,2019-01-10,9130,A,258.53280938495999,22337.234730860546,2026-08-20T00:09:10-04:00
02336000,2019-01-11,9090,A,257.40013552127999,22239.371709038594,2026-08-20T00:09:10-04:00
02336000,2019-01-12,8360,A,236.72883750912001,20453.371560787968,2026-08-20T00:09:10-04:00
02336000,2019-01-13,7290,A,206.42981165568,17835.535727050752,2026-08-20T00:09:10-04:00
02336000,2019-01-14,6910,A,195.66940995072,16905.837019742208,2026-08-20T00:09:10-04:00
02336000,2019-01-15,8640,A,244.65755455487999,21138.412713541631,2026-08-20T00:09:10-04:00
02336000,2019-01-16,9200,A:e,260.51498864640001,22508.495019048962,2026-08-20T00:09:10-04:00
02336000,2019-01-17,8100,A,229.3664573952,19817.261918945282,2026-08-20T00:09:10-04:00
02336000,2019-01-18,6480,A,183.49316591616,15853.809535156224,2026-08-20T00:09:10-04:00
02336000,2019-01-19,5840,A,165.37038409728001,14288.001186004993,2026-08-20T00:09:10-04:00
02336000,2019-01-20,3370,A,95.427773015040003,8244.959588499456,2026-08-20T00:09:10-04:00
02336000,2019-01-21,2990,A,84.66737131008,7315.2608811909122,2026-08-20T00:09:10-04:00
02336000,2019-01-22,8010,A,226.81794120192001,19597.070119845888,2026-08-20T00:09:10-04:00
02336000,2019-01-23,6700,A,189.72287216640001,16392.056155176961,2026-08-20T00:09:10-04:00
02336000,2019-01-24,6910,A,195.66940995072,16905.837019742208,2026-08-20T00:09:10-04:00
02336000,2019-01-25,5310,A,150.36245540352002,12991.316146864128,2026-08-20T00:09:10-04:00
02336000,2019-01-26,9150,A,259.09914631679999,22386.16624177152,2026-08-20T00:09:10-04:00
02336000,2019-01-27,8440,A,238.99418523648001,20649.097604431874,2026-08-20T00:09:10-04:00
02336000,2019-01-28,8400,A,237.86151137280001,20551.234582609919,2026-08-20T00:09:10-04:00
02336000,2019-01-29,4370,A,123.74461960704001,10691.535134048256,2026-08-20T00:09:10-04:00
02336000,2019-01-30,2590,A,73.340632673279998,6336.6306629713918,2026-08-20T00:09:10-04:00
02336000,2019-01-31,8040,A,227.66744659968001,19670.467386212353,2026-08-20T00:09:10-04:00
02336000,2019-02-01,8780,A,248.62191307776001,21480.933289918466,2026-08-20T00:09:10-04:00
02336000,2019-02-02,7880,A,223.13675114496002,19279.015298924543,2026-08-20T00:09:10-04:00
02336000,2019-02-03,3570,A,101.09114233344,8734.2746976092167,2026-08-20T00:09:10-04:00
02336000,2019-02-04,1280,A,36.24556363776,3131.6166983024641,2026-08-20T00:09:10-04:00
02336000,2019-02-05,1040,A,29.449520455680002,2544.438567370752,2026-08-20T00:09:10-04:00
02336000,2019-02-06,2450,A,69.376274150400008,5994.11008659456,2026-08-20T00:09:10-04:00
02336000,2019-02-07,7880,A,223.13675114496002,19279.015298924543,2026-08-20T00:09:10-04:00
02336000,2019-02-08,8090,A,229.08328892928,19792.796163489791,2026-08-20T00:09:10-04:00
02336000,2019-02-09,7620,A,215.77437103104,18642.905657081857,2026-08-20T00:09:10-04:00
02336000,2019-02-10,6300,A,178.39613352960001,15413.425936957441,2026-08-20T00:09:10-04:00
02336000,2019-02-11,5580,A,158.00800398336,13651.891544162305,2026-08-20T00:09:10-04:00
02336000,2019-02-12,2580,A,73.057464207359999,6312.1649075159039,2026-08-20T00:09:10-04:00
02336000,2019-02-13,3040,A,86.083213639679997,7437.5896584683524,2026-08-20T00:09:10-04:00
02336000,2019-02-14,7700,A,218.0397187584,18838.63170072576,2026-08-20T00:09:10-04:00
02336000,2019-02-15,8850,A,250.60409233920001,21652.193578106882,2026-08-20T00:09:10-04:00
02336000,2019-02-16,3140,A,88.914898298880004,7682.2472130232327,2026-08-20T00:09:10-04:00
02336000,2019-02-17,1730,A,48.988144604159999,4232.5756937994238,2026-08-20T00:09:10-04:00
02336000,2019-02-18,1850,A,52.386166195200005,4526.1647592652798,2026-08-20T00:09:10-04:00
02336000,2019-02-19,3230,A,91.463414492159998,7902.4390121226243,2026-08-20T00:09:10-04:00
02336000,2019-02-20,5960,A,168.76840568832,14581.590251470849,2026-08-20T00:09:10-04:00
02336000,2019-02-21,7970,A,225.68526733824001,19499.207098023937,2026-08-20T00:09:10-04:00
02336000,2019-02-22,5710,A,161.68919404032002,13969.946365083648,2026-08-20T00:09:10-04:00
02336000,2019-02-23,4300,A,121.7624403456,10520.27484585984,2026-08-20T00:09:10-04:00
02336000,2019-02-24,5840,A,165.37038409728001,14288.001186004993,2026-08-20T00:09:10-04:00
02336000,2019-02-25,8460,A,239.56052216832001,20698.029115342848,2026-08-20T00:09:10-04:00
02336000,2019-02-26,9540,A,270.14271648767999,23340.330704535554,2026-08-20T00:09:10-04:00
02336000,2019-02-27,9430,A,267.02786336256003,23071.207394525183,2026-08-20T00:09:10-04:00
02336000,2019-02-28,8830,A,250.03775540736001,21603.262067195905,2026-08-20T00:09:10-04:00
02336000,2019-03-01,6010,A,170.18424801792,14703.919028748289,2026-08-20T00:09:10-04:00
02336000,2019-03-02,8480,A,240.12685910016,20746.960626253825,2026-08-20T00:09:10-04:00
02336000,2019-03-03,7940,A,224.83576194048001,19425.809831657472,2026-08-20T00:09:10-04:00
02336000,2019-03-04,6950,A,196.80208381439999,17003.70004156416,2026-08-20T00:09:10-04:00
02336000,2019-03-05,8320,A,235.59616364544001,20355.508538966016,2026-08-20T00:09:10-04:00
02336000,2019-03-06,9190,A,260.23182018047999,22484.029263593471,2026-08-20T00:09:10-04:00
02336000,2019-03-07,9040,A,255.98429319168,22117.042931761152,2026-08-20T00:09:10-04:00
02336000,2019-03-08,8920,A,252.58627160064,21823.453866295298,2026-08-20T00:09:10-04:00
02336000,2019-03-09,8870,A,251.17042927104001,21701.125089017856,2026-08-20T00:09:10-04:00
02336000,2019-03-10,8930,A:e,252.86944006656,21847.919621750785,2026-08-20T00:09:10-04:00
02336000,2019-03-11,8860,A,250.88726080512001,21676.659333562369,2026-08-20T00:09:10-04:00
02336000,2019-03-12,8830,A:e,250.03775540736001,21603.262067195905,2026-08-20T00:09:10-04:00
02336000,2019-03-13,8840,A,250.32092387328001,21627.727822651392,2026-08-20T00:09:10-04:00
02336000,2019-03-14,8810,A,249.47141847552001,21554.330556284927,2026-08-20T00:09:10-04:00
02336000,2019-03-15,8280,A,234.46348978176002,20257.645517144065,2026-08-20T00:09:10-04:00
02336000,2019-03-16,8010,A,226.81794120192001,19597.070119845888,2026-08-20T00:09:10-04:00
02336000,2019-03-17,8920,A,252.58627160064,21823.453866295298,2026-08-20T00:09:10-04:00
02336000,2019-03-18,8820,A,249.75458694144001,21578.796311740418,2026-08-20T00:09:10-04:00
02336000,2019-03-19,8790,A,248.90508154368001,21505.399045373953,2026-08-20T00:09:10-04:00
02336000,2019-03-20,8820,A,249.75458694144001,21578.796311740418,2026-08-20T00:09:10-04:00
02336000,2019-03-21,8850,A,250.60409233920001,21652.193578106882,2026-08-20T00:09:10-04:00
02336000,2019-03-22,8830,A,250.03775540736001,21603.262067195905,2026-08-20T00:09:10-04:00
02336000,2019-03-23,7030,A,199.06743154176002,17199.426085208066,2026-08-20T00:09:10-04:00
02336000,2019-03-24,4260,A,120.62976648192,10422.411824037888,2026-08-20T00:09:10-04:00
02336000,2019-03-25,4470,A,126.57630426624,10936.192688603136,2026-08-20T00:09:10-04:00
02336000,2019-03-26,4760,A,134.78818977792,11645.699596812288,2026-08-20T00:09:10-04:00
02336000,2019-03-27,5920,A,167.63573182464,14483.727229648897,2026-08-20T00:09:10-04:00
02336000,2019-03-28,4300,A,121.7624403456,10520.27484585984,2026-08-20T00:09:10-04:00
02336000,2019-03-29,4010,A,113.55055483392,9810.7679376506876,2026-08-20T00:09:10-04:00
02336000,2019-03-30,4530,A,128.27531506176001,11082.987221336065,2026-08-20T00:09:10-04:00
02336000,2019-03-31,3920,A,111.00203864064001,9590.576138551296,2026-08-20T00:09:10-04:00
02336000,2019-04-01,4910,A,139.03571676672001,12012.685928644609,2026-08-20T00:09:10-04:00
02336000,2019-04-02,3820,A,108.17035398144,9345.9185839964157,2026-08-20T00:09:10-04:00
02336000,2019-04-03,4280,A,121.19610341376,10471.343334948864,2026-08-20T00:09:10-04:00
02336000,2019-04-04,3140,A,88.914898298880004,7682.2472130232327,2026-08-20T00:09:10-04:00
02336000,2019-04-05,2990,A,84.66737131008,7315.2608811909122,2026-08-20T00:09:10-04:00
02336000,2019-04-06,3570,A,101.09114233344,8734.2746976092167,2026-08-20T00:09:10-04:00
02336000,2019-04-07,4420,A,125.16046193664,10813.863911325696,2026-08-20T00:09:10-04:00
02336000,2019-04-08,4470,A,126.57630426624,10936.192688603136,2026-08-20T00:09:10-04:00
02336000,2019-04-09,4980,A,141.01789602816001,12183.946216833025,2026-08-20T00:09:10-04:00
02336000,2019-04-10,6990,A,197.93475767808002,17101.563063386111,2026-08-20T00:09:10-04:00
02336000,2019-04-11,5740,A,162.53869943808002,14043.343631450112,2026-08-20T00:09:10-04:00
02336000,2019-04-12,6750,A,191.13871449600001,16514.384932454399,2026-08-20T00:09:10-04:00
02336000,2019-04-13,5840,A,165.37038409728001,14288.001186004993,2026-08-20T00:09:10-04:00
02336000,2019-04-14,7440,A,210.67733864448002,18202.522058883074,2026-08-20T00:09:10-04:00
02336000,2019-04-15,6610,A,187.17435597312002,16171.864356077569,2026-08-20T00:09:10-04:00
02336000,2019-04-16,6650,A,188.30702983680001,16269.72737789952,2026-08-20T00:09:10-04:00
02336000,2019-04-17,6610,A,187.17435597312002,16171.864356077569,2026-08-20T00:09:10-04:00
02336000,2019-04-18,6040,A,171.03375341568,14777.316295114753,2026-08-20T00:09:10-04:00
02336000,2019-04-19,13300,A,376.61405967360002,32539.454755799041,2026-08-20T00:09:10-04:00
02336000,2019-04-20,7530,A,213.22585483776001,18422.713857982464,2026-08-20T00:09:10-04:00
02336000,2019-04-21,5260,A,148.94661307391999,12868.987369586688,2026-08-20T00:09:10-04:00
02336000,2019-04-22,7260,A,205.58030625792,17762.138460684288,2026-08-20T00:09:10-04:00
02336000,2019-04-23,6380,A,180.66148125696,15609.151980601344,2026-08-20T00:09:10-04:00
02336000,2019-04-24,7500,A,212.37634944000001,18349.316591616,2026-08-20T00:09:10-04:00
02336000,2019-04-25,6750,A,191.13871449600001,16514.384932454399,2026-08-20T00:09:10-04:00
02336000,2019-04-26,5410,A,153.19414006272001,13235.973701419009,2026-08-20T00:09:10-04:00
02336000,2019-04-27,4840,A,137.05353750527999,11841.425640456193,2026-08-20T00:09:10-04:00
02336000,2019-04-28,7470,A,211.52684404224001,18275.919325249535,2026-08-20T00:09:10-04:00
02336000,2019-04-29,7210,A,204.16446392832,17639.809683406849,2026-08-20T00:09:10-04:00
02336000,2019-04-30,6600,A,186.89118750720002,16147.39860062208,2026-08-20T00:09:10-04:00
02336000,2019-05-01,6280,A,177.82979659776001,15364.494426046465,2026-08-20T00:09:10-04:00
02336000,2019-05-02,6410,A,181.51098665472,15682.549246967808,2026-08-20T00:09:10-04:00
02336000,2019-05-03,6000,A,169.901079552,14679.4532732928,2026-08-20T00:09:10-04:00
02336000,2019-05-04,6500,A,184.05950284799999,15902.7410460672,2026-08-20T00:09:10-04:00
02336000,2019-05-05,5320,A,150.64562386944002,13015.781902319617,2026-08-20T00:09:10-04:00
02336000,2019-05-06,3890,A,110.15253324288,9517.1788721848316,2026-08-20T00:09:10-04:00
02336000,2019-05-07,4400,A,124.59412500480001,10764.93240041472,2026-08-20T00:09:10-04:00
02336000,2019-05-08,3910,A,110.71887017472001,9566.1103830958091,2026-08-20T00:09:10-04:00
02336000,2019-05-09,5350,A,151.49512926720001,13089.17916868608,2026-08-20T00:09:10-04:00
02336000,2019-05-10,4840,A,137.05353750527999,11841.425640456193,2026-08-20T00:09:10-04:00
02336000,2019-05-11,4980,A,141.01789602816001,12183.946216833025,2026-08-20T00:09:10-04:00
02336000,2019-05-12,1500,A,42.475269888,3669.8633183232,2026-08-20T00:09:10-04:00
02336000,2019-05-13,1960,A,55.501019320320005,4795.288069275648,2026-08-20T00:09:10-04:00
02336000,2019-05-14,3190,A,90.330740628480001,7804.5759903006719,2026-08-20T00:09:10-04:00
02336000,2019-05-15,4810,A,136.20403210751999,11768.028374089728,2026-08-20T00:09:10-04:00
02336000,2019-05-16,4860,A,137.61987443712002,11890.357151367169,2026-08-20T00:09:10-04:00
02336000,2019-05-17,5020,A,142.15056989184001,12281.809238654976,2026-08-20T00:09:10-04:00
02336000,2019-05-18,4980,A,141.01789602816001,12183.946216833025,2026-08-20T00:09:10-04:00
02336000,2019-05-19,3360,A,95.144604549120004,8220.4938330439691,2026-08-20T00:09:10-04:00
02336000,2019-05-20,3600,A,101.9406477312,8807.6719639756811,2026-08-20T00:09:10-04:00
02336000,2019-05-21,5230,A,148.09710767615999,12795.590103220224,2026-08-20T00:09:10-04:00
02336000,2019-05-22,5000,A,141.58423296000001,12232.877727744,2026-08-20T00:09:10-04:00
02336000,2019-05-23,4300,A,121.7624403456,10520.27484585984,2026-08-20T00:09:10-04:00
02336000,2019-05-24,3920,A,111.00203864064001,9590.576138551296,2026-08-20T00:09:10-04:00
02336000,2019-05-25,2860,A,80.986181253120009,6997.2060602695683,2026-08-20T00:09:10-04:00
02336000,2019-05-26,1760,A,49.837650001920004,4305.9729601658883,2026-08-20T00:09:10-04:00
02336000,2019-05-27,1700,A,48.138639206400001,4159.1784274329602,2026-08-20T00:09:10-04:00
02336000,2019-05-28,2740,A,77.588159662080002,6703.6169948037123,2026-08-20T00:09:10-04:00
02336000,2019-05-29,2470,A,69.942611082240006,6043.0415975055366,2026-08-20T00:09:10-04:00
02336000,2019-05-30,1760,A,49.837650001920004,4305.9729601658883,2026-08-20T00:09:10-04:00
02336000,2019-05-31,2150,A,60.881220172799999,5260.1374229299199,2026-08-20T00:09:10-04:00
02336000,2019-06-01,1780,A,50.403986933760002,4354.904471076864,2026-08-20T00:09:10-04:00
02336000,2019-06-02,1050,A,29.732688921600001,2568.9043228262399,2026-08-20T00:09:10-04:00
02336000,2019-06-03,1620,A,45.873291479039999,3963.4523837890561,2026-08-20T00:09:10-04:00
02336000,2019-06-04,2310,A,65.411915627520003,5651.5895102177283,2026-08-20T00:09:10-04:00
02336000,2019-06-05,1590,A,45.023786081280001,3890.055117422592,2026-08-20T00:09:10-04:00
02336000,2019-06-06,1990,A,56.350524718080003,4868.6853356421125,2026-08-20T00:09:10-04:00
02336000,2019-06-07,1960,A,55.501019320320005,4795.288069275648,2026-08-20T00:09:10-04:00
02336000,2019-06-08,4100,A,116.0990710272,10030.959736750081,2026-08-20T00:09:10-04:00
02336000,2019-06-09,3020,A,85.516876707839998,7388.6581475573767,2026-08-20T00:09:10-04:00
02336000,2019-06-10,2550,A,72.207958809600001,6238.7676411494404,2026-08-20T00:09:10-04:00
02336000,2019-06-11,3180,A,90.047572162560002,7780.1102348451841,2026-08-20T00:09:10-04:00
02336000,2019-06-12,5370,A,152.06146619904001,13138.110679597057,2026-08-20T00:09:10-04:00
02336000,2019-06-13,4370,A,123.74461960704001,10691.535134048256,2026-08-20T00:09:10-04:00
02336000,2019-06-14,3040,A,86.083213639679997,7437.5896584683524,2026-08-20T00:09:10-04:00
02336000,2019-06-15,2520,A,71.358453411840003,6165.3703747829759,2026-08-20T00:09:10-04:00
02336000,2019-06-16,1310,A,37.095069035519998,3205.0139646689281,2026-08-20T00:09:10-04:00
02336000,2019-06-17,1550,A,43.891112217600003,3792.1920956006402,2026-08-20T00:09:10-04:00
02336000,2019-06-18,2840,A,80.419844321279996,6948.2745493585926,2026-08-20T00:09:10-04:00
02336000,2019-06-19,3190,A,90.330740628480001,7804.5759903006719,2026-08-20T00:09:10-04:00
02336000,2019-06-20,3220,A,91.180246026239999,7877.9732566671364,2026-08-20T00:09:10-04:00
02336000,2019-06-21,2810,A,79.570338923519998,6874.8772829921281,2026-08-20T00:09:10-04:00
02336000,2019-06-22,2570,A,72.77429574144,6287.6991520604161,2026-08-20T00:09:10-04:00
02336000,2019-06-23,1910,A,54.085176990720001,4672.9592919982078,2026-08-20T00:09:10-04:00
02336000,2019-06-24,2200,A,62.297062502400003,5382.4662002073601,2026-08-20T00:09:10-04:00
02336000,2019-06-25,3850,A,109.0198593792,9419.3158503628802,2026-08-20T00:09:10-04:00
02336000,2019-06-26,3720,A,105.33866932224001,9101.2610294415372,2026-08-20T00:09:10-04:00
02336000,2019-06-27,3070,A,86.932719037440009,7510.9869248348159,2026-08-20T00:09:10-04:00
02336000,2019-06-28,2580,A,73.057464207359999,6312.1649075159039,2026-08-20T00:09:10-04:00
02336000,2019-06-29,2020,A,57.200030115840001,4942.082602008576,2026-08-20T00:09:10-04:00
02336000,2019-06-30,1230,A,34.829721308160003,3009.2879210250239,2026-08-20T00:09:10-04:00
02336000,2019-07-01,1720,A,48.704976138239999,4208.1099383439359,2026-08-20T00:09:10-04:00
02336000,2019-07-02,2860,A,80.986181253120009,6997.2060602695683,2026-08-20T00:09:10-04:00
02336000,2019-07-03,2320,A,65.695084093440002,5676.0552656732161,2026-08-20T00:09:10-04:00
02336000,2019-07-04,2280,A,64.562410229760005,5578.1922438512638,2026-08-20T00:09:10-04:00
02336000,2019-07-05,1780,A,50.403986933760002,4354.904471076864,2026-08-20T00:09:10-04:00
02336000,2019-07-06,2110,A,59.748546309120002,5162.2744011079685,2026-08-20T00:09:10-04:00
02336000,2019-07-07,1770,A,50.120818467840003,4330.4387156213761,2026-08-20T00:09:10-04:00
02336000,2019-07-08,1590,A,45.023786081280001,3890.055117422592,2026-08-20T00:09:10-04:00
02336000,2019-07-09,1820,A,51.53666079744,4452.7674928988163,2026-08-20T00:09:10-04:00
02336000,2019-07-10,1750,A,49.554481536000004,4281.5072047104004,2026-08-20T00:09:10-04:00
02336000,2019-07-11,1610,A,45.590123013119999,3938.9866283335682,2026-08-20T00:09:10-04:00
02336000,2019-07-12,4150,A,117.51491335680001,10153.288514027521,2026-08-20T00:09:10-04:00
02336000,2019-07-13,3430,A,97.126783810559999,8391.7541212323849,2026-08-20T00:09:10-04:00
02336000,2019-07-14,1880,A,53.235671592960003,4599.5620256317443,2026-08-20T00:09:10-04:00
02336000,2019-07-15,1500,A,42.475269888,3669.8633183232,2026-08-20T00:09:10-04:00
02336000,2019-07-16,2050,A,58.049535513599999,5015.4798683750405,2026-08-20T00:09:10-04:00
02336000,2019-07-17,2160,A,61.164388638719998,5284.6031783854078,2026-08-20T00:09:10-04:00
02336000,2019-07-18,2650,A,75.039643468800008,6483.4251957043198,2026-08-20T00:09:10-04:00
02336000,2019-07-19,2600,A,73.623801139199998,6361.0964184268805,2026-08-20T00:09:10-04:00
02336000,2019-07-20,2120,A,60.031714775040001,5186.7401565634564,2026-08-20T00:09:10-04:00
02336000,2019-07-21,1840,A,52.102997729279998,4501.699003809792,2026-08-20T00:09:10-04:00
02336000,2019-07-22,1830,A,51.819829263359999,4477.2332483543041,2026-08-20T00:09:10-04:00
02336000,2019-07-23,3530,A,99.958468469760007,8636.4116757872634,2026-08-20T00:09:10-04:00
02336000,2019-07-24,2480,A,70.225779548160006,6067.5073529610245,2026-08-20T00:09:10-04:00
02336000,2019-07-25,2220,A,62.863399434240002,5431.3977111183358,2026-08-20T00:09:10-04:00
02336000,2019-07-26,2490,A,70.508948014080005,6091.9731084165123,2026-08-20T00:09:10-04:00
02336000,2019-07-27,2350,A,66.5445894912,5749.4525320396806,2026-08-20T00:09:10-04:00
02336000,2019-07-28,1190,A,33.697047444479999,2911.4248992030721,2026-08-20T00:09:10-04:00
02336000,2019-07-29,1370,A,38.794079831040001,3351.8084974018561,2026-08-20T00:09:10-04:00
02336000,2019-07-30,2680,A,75.889148866560006,6556.8224620707842,2026-08-20T00:09:10-04:00
02336000,2019-07-31,2890,A,81.835686650880007,7070.6033266360319,2026-08-20T00:09:10-04:00
02336000,2019-08-01,2960,A,83.817865912320002,7241.8636148244486,2026-08-20T00:09:10-04:00
02336000,2019-08-02,4070,A,115.24956562944,9957.5624703836165,2026-08-20T00:09:10-04:00
02336000,2019-08-03,2640,A,74.756475002880009,6458.9594402488319,2026-08-20T00:09:10-04:00
02336000,2019-08-04,1440,A,40.776259092480004,3523.068785590272,2026-08-20T00:09:10-04:00
02336000,2019-08-05,1700,A,48.138639206400001,4159.1784274329602,2026-08-20T00:09:10-04:00
02336000,2019-08-06,2300,A,65.128747161600003,5627.1237547622404,2026-08-20T00:09:10-04:00
02336000,2019-08-07,1760,A,49.837650001920004,4305.9729601658883,2026-08-20T00:09:10-04:00
02336000,2019-08-08,1600,A,45.3069545472,3914.5208728780799,2026-08-20T00:09:10-04:00
02336000,2019-08-09,1980,A,56.067356252160003,4844.2195801866237,2026-08-20T00:09:10-04:00
02336000,2019-08-10,1440,A,40.776259092480004,3523.068785590272,2026-08-20T00:09:10-04:00
02336000,2019-08-11,1070,A,30.29902585344,2617.835833737216,2026-08-20T00:09:10-04:00
02336000,2019-08-12,1050,A,29.732688921600001,2568.9043228262399,2026-08-20T00:09:10-04:00
02336000,2019-08-13,1450,A,41.059427558400003,3547.5345410457603,2026-08-20T00:09:10-04:00
02336000,2019-08-14,2550,A,72.207958809600001,6238.7676411494404,2026-08-20T00:09:10-04:00
02336000,2019-08-15,2690,A,76.172317332480006,6581.2882175262721,2026-08-20T00:09:10-04:00
02336000,2019-08-16,1820,A,51.53666079744,4452.7674928988163,2026-08-20T00:09:10-04:00
02336000,2019-08-17,1170,A,33.13071051264,2862.4933882920959,2026-08-20T00:09:10-04:00
02336000,2019-08-18,962,A,27.240806421504001,2353.6056748179458,2026-08-20T00:09:10-04:00
02336000,2019-08-19,987,A,27.948727586303999,2414.7700634566659,2026-08-20T00:09:10-04:00
02336000,2019-08-20,2360,A,66.827757957119999,5773.9182874951684,2026-08-20T00:09:10-04:00
02336000,2019-08-21,1480,A,41.908932956160001,3620.9318074122243,2026-08-20T00:09:10-04:00
02336000,2019-08-22,1530,A,43.324775285759998,3743.260584689664,2026-08-20T00:09:10-04:00
02336000,2019-08-23,2030,A,57.48319858176,4966.5483574640639,2026-08-20T00:09:10-04:00
02336000,2019-08-24,1800,A,50.970323865600001,4403.8359819878406,2026-08-20T00:09:10-04:00
02336000,2019-08-25,1020,A,28.88318352384,2495.5070564597759,2026-08-20T00:09:10-04:00
02336000,2019-08-26,1570,A,44.457449149440002,3841.1236065116163,2026-08-20T00:09:10-04:00
02336000,2019-08-27,1630,A,46.156459944959998,3987.9181392445439,2026-08-20T00:09:10-04:00
02336000,2019-08-28,2270,A,64.279241763840005,5553.726488395776,2026-08-20T00:09:10-04:00
02336000,2019-08-29,2390,A,67.677263354879997,5847.315553861632,2026-08-20T00:09:10-04:00
02336000,2019-08-30,1760,A,49.837650001920004,4305.9729601658883,2026-08-20T00:09:10-04:00
02336000,2019-08-31,1820,A,51.53666079744,4452.7674928988163,2026-08-20T00:09:10-04:00
02336000,2019-09-01,1150,A,32.564373580800002,2813.5618773811202,2026-08-20T00:09:10-04:00
02336000,2019-09-02,984,A,27.863777046528,2407.4303368200194,2026-08-20T00:09:10-04:00
02336000,2019-09-03,1520,A,43.041606819839998,3718.7948292341762,2026-08-20T00:09:10-04:00
02336000,2019-09-04,1870,A,52.952503127040004,4575.0962701762564,2026-08-20T00:09:10-04:00
02336000,2019-09-05,1660,A,47.005965342720003,4061.3154056110079,2026-08-20T00:09:10-04:00
02336000,2019-09-06,1670,A,47.289133808640003,4085.7811610664962,2026-08-20T00:09:10-04:00
02336000,2019-09-07,1200,A,33.980215910399998,2935.8906546585599,2026-08-20T00:09:10-04:00
02336000,2019-09-08,994,A,28.146945512447999,2431.8960922755073,2026-08-20T00:09:10-04:00
02336000,2019-09-09,1180,A,33.41387897856,2886.9591437475842,2026-08-20T00:09:10-04:00
02336000,2019-09-10,1980,A,56.067356252160003,4844.2195801866237,2026-08-20T00:09:10-04:00
02336000,2019-09-11,2260,A,63.996073297919999,5529.2607329402881,2026-08-20T00:09:10-04:00
02336000,2019-09-12,1760,A,49.837650001920004,4305.9729601658883,2026-08-20T00:09:10-04:00
02336000,2019-09-13,1580,A,44.740617615360001,3865.5893619671042,2026-08-20T00:09:10-04:00
02336000,2019-09-14,2330,A,65.978252559360001,5700.521021128704,2026-08-20T00:09:10-04:00
02336000,2019-09-15,1380,A,39.077248296960001,3376.274252857344,2026-08-20T00:09:10-04:00
02336000,2019-09-16,1480,A,41.908932956160001,3620.9318074122243,2026-08-20T00:09:10-04:00
02336000,2019-09-17,1860,A,52.669334661120004,4550.6305147207686,2026-08-20T00:09:10-04:00
02336000,2019-09-18,1240,A,35.112889774080003,3033.7536764805122,2026-08-20T00:09:10-04:00
02336000,2019-09-19,1600,A,45.3069545472,3914.5208728780799,2026-08-20T00:09:10-04:00
02336000,2019-09-20,1890,A,53.518840058880002,4624.0277810872321,2026-08-20T00:09:10-04:00
02336000,2019-09-21,1370,A,38.794079831040001,3351.8084974018561,2026-08-20T00:09:10-04:00
02336000,2019-09-22,1130,A,31.998036648959999,2764.6303664701441,2026-08-20T00:09:10-04:00
02336000,2019-09-23,1010,A,28.60001505792,2471.041301004288,2026-08-20T00:09:10-04:00
02336000,2019-09-24,1330,A,37.661405967360004,3253.9454755799043,2026-08-20T00:09:10-04:00
02336000,2019-09-25,1500,A,42.475269888,3669.8633183232,2026-08-20T00:09:10-04:00
02336000,2019-09-26,1620,A,45.873291479039999,3963.4523837890561,2026-08-20T00:09:10-04:00
02336000,2019-09-27,1820,A,51.53666079744,4452.7674928988163,2026-08-20T00:09:10-04:00
02336000,2019-09-28,1630,A,46.156459944959998,3987.9181392445439,2026-08-20T00:09:10-04:00
02336000,2019-09-29,1260,A,35.679226705920001,3082.6851873914879,2026-08-20T00:09:10-04:00
02336000,2019-09-30,1080,A,30.582194319359999,2642.3015891927039,2026-08-20T00:09:10-04:00
02336000,2019-10-01,1370,A,38.794079831040001,3351.8084974018561,2026-08-20T00:09:10-04:00
02336000,2019-10-02,1580,A,44.740617615360001,3865.5893619671042,2026-08-20T00:09:10-04:00
02336000,2019-10-03,1540,A,43.607943751680004,3767.7263401451523,2026-08-20T00:09:10-04:00
02336000,2019-10-04,1710,A,48.42180767232,4183.6441828884481,2026-08-20T00:09:10-04:00
02336000,2019-10-05,1390,A,39.36041676288,3400.7400083128323,2026-08-20T00:09:10-04:00
02336000,2019-10-06,1100,A,31.148531251200001,2691.23310010368,2026-08-20T00:09:10-04:00
02336000,2019-10-07,1090,A,30.865362785280002,2666.7673446481922,2026-08-20T00:09:10-04:00
02336000,2019-10-08,1180,A,33.41387897856,2886.9591437475842,2026-08-20T00:09:10-04:00
02336000,2019-10-09,1380,A,39.077248296960001,3376.274252857344,2026-08-20T00:09:10-04:00
02336000,2019-10-10,1310,A,37.095069035519998,3205.0139646689281,2026-08-20T00:09:10-04:00
02336000,2019-10-11,1360,A,38.510911365120002,3327.3427419463683,2026-08-20T00:09:10-04:00
02336000,2019-10-12,1480,A,41.908932956160001,3620.9318074122243,2026-08-20T00:09:10-04:00
02336000,2019-10-13,1100,A,31.148531251200001,2691.23310010368,2026-08-20T00:09:10-04:00
02336000,2019-10-14,1080,A,30.582194319359999,2642.3015891927039,2026-08-20T00:09:10-04:00
02336000,2019-10-15,1480,A,41.908932956160001,3620.9318074122243,2026-08-20T00:09:10-04:00
02336000,2019-10-16,1760,A,49.837650001920004,4305.9729601658883,2026-08-20T00:09:10-04:00
02336000,2019-10-17,1410,A,39.926753694719999,3449.671519223808,2026-08-20T00:09:10-04:00
02336000,2019-10-18,1570,A,44.457449149440002,3841.1236065116163,2026-08-20T00:09:10-04:00
02336000,2019-10-19,1840,A,52.102997729279998,4501.699003809792,2026-08-20T00:09:10-04:00
02336000,2019-10-20,2170,A,61.447557104640005,5309.0689338408965,2026-08-20T00:09:10-04:00
02336000,2019-10-21,1500,A,42.475269888,3669.8633183232,2026-08-20T00:09:10-04:00
02336000,2019-10-22,2030,A,57.48319858176,4966.5483574640639,2026-08-20T00:09:10-04:00
02336000,2019-10-23,2270,A,64.279241763840005,5553.726488395776,2026-08-20T00:09:10-04:00
02336000,2019-10-24,1830,A,51.819829263359999,4477.2332483543041,2026-08-20T00:09:10-04:00
02336000,2019-10-25,1210,A,34.263384376319998,2960.3564101140482,2026-08-20T00:09:10-04:00
02336000,2019-10-26,1120,A,31.71486818304,2740.1646110146562,2026-08-20T00:09:10-04:00
02336000,2019-10-27,1470,A,41.625764490240002,3596.466051956736,2026-08-20T00:09:10-04:00
02336000,2019-10-28,1120,A,31.71486818304,2740.1646110146562,2026-08-20T00:09:10-04:00
02336000,2019-10-29,1500,A,42.475269888,3669.8633183232,2026-08-20T00:09:10-04:00
02336000,2019-10-30,2100,A,59.465377843200002,5137.8086456524798,2026-08-20T00:09:10-04:00
02336000,2019-10-31,3620,A,102.50698466304,8856.6034748866568,2026-08-20T00:09:10-04:00
02336000,2019-11-01,3020,A,85.516876707839998,7388.6581475573767,2026-08-20T00:09:10-04:00
02336000,2019-11-02,1620,A,45.873291479039999,3963.4523837890561,2026-08-20T00:09:10-04:00
02336000,2019-11-03,1260,A,35.679226705920001,3082.6851873914879,2026-08-20T00:09:10-04:00
02336000,2019-11-04,1280,A,36.24556363776,3131.6166983024641,2026-08-20T00:09:10-04:00
02336000,2019-11-05,1390,A,39.36041676288,3400.7400083128323,2026-08-20T00:09:10-04:00
02336000,2019-11-06,1460,A,41.342596024320002,3572.0002965012482,2026-08-20T00:09:10-04:00
02336000,2019-11-07,1440,A,40.776259092480004,3523.068785590272,2026-08-20T00:09:10-04:00
02336000,2019-11-08,2470,A,69.942611082240006,6043.0415975055366,2026-08-20T00:09:10-04:00
02336000,2019-11-09,1740,A,49.271313070079998,4257.0414492549125,2026-08-20T00:09:10-04:00
02336000,2019-11-10,1260,A,35.679226705920001,3082.6851873914879,2026-08-20T00:09:10-04:00
02336000,2019-11-11,988,A,27.977044432896001,2417.2166390022144,2026-08-20T00:09:10-04:00
02336000,2019-11-12,1170,A,33.13071051264,2862.4933882920959,2026-08-20T00:09:10-04:00
02336000,2019-11-13,2680,A,75.889148866560006,6556.8224620707842,2026-08-20T00:09:10-04:00
02336000,2019-11-14,2940,A,83.251528980480003,7192.932103913472,2026-08-20T00:09:10-04:00
02336000,2019-11-15,2480,A,70.225779548160006,6067.5073529610245,2026-08-20T00:09:10-04:00
02336000,2019-11-16,1690,A,47.855470740480001,4134.7126719774724,2026-08-20T00:09:10-04:00
02336000,2019-11-17,1280,A,36.24556363776,3131.6166983024641,2026-08-20T00:09:10-04:00
02336000,2019-11-18,1360,A,38.510911365120002,3327.3427419463683,2026-08-20T00:09:10-04:00
02336000,2019-11-19,1950,A,55.217850854399998,4770.8223138201602,2026-08-20T00:09:10-04:00
02336000,2019-11-20,1890,A,53.518840058880002,4624.0277810872321,2026-08-20T00:09:10-04:00
02336000,2019-11-21,1810,A,51.25349233152,4428.3017374433284,2026-08-20T00:09:10-04:00
02336000,2019-11-22,1670,A,47.289133808640003,4085.7811610664962,2026-08-20T00:09:10-04:00
02336000,2019-11-23,1760,A,49.837650001920004,4305.9729601658883,2026-08-20T00:09:10-04:00
02336000,2019-11-24,2600,A,73.623801139199998,6361.0964184268805,2026-08-20T00:09:10-04:00
02336000,2019-11-25,1540,A,43.607943751680004,3767.7263401451523,2026-08-20T00:09:10-04:00
02336000,2019-11-26,1890,A,53.518840058880002,4624.0277810872321,2026-08-20T00:09:10-04:00
02336000,2019-11-27,1510,A,42.758438353919999,3694.3290737786883,2026-08-20T00:09:10-04:00
02336000,2019-11-28,1910,A,54.085176990720001,4672.9592919982078,2026-08-20T00:09:10-04:00
02336000,2019-11-29,1740,A,49.271313070079998,4257.0414492549125,2026-08-20T00:09:10-04:00
02336000,2019-11-30,1800,A,50.970323865600001,4403.8359819878406,2026-08-20T00:09:10-04:00
02336000,2019-12-01,1160,A,32.847542046720001,2838.0276328366081,2026-08-20T00:09:10-04:00
02336000,2019-12-02,1280,A,36.24556363776,3131.6166983024641,2026-08-20T00:09:10-04:00
02336000,2019-12-03,1760,A,49.837650001920004,4305.9729601658883,2026-08-20T00:09:10-04:00
02336000,2019-12-04,1890,A,53.518840058880002,4624.0277810872321,2026-08-20T00:09:10-04:00
02336000,2019-12-05,1640,A,46.439628410880005,4012.3838947000322,2026-08-20T00:09:10-04:00
02336000,2019-12-06,1530,A,43.324775285759998,3743.260584689664,2026-08-20T00:09:10-04:00
02336000,2019-12-07,1170,A,33.13071051264,2862.4933882920959,2026-08-20T00:09:10-04:00
02336000,2019-12-08,1090,A,30.865362785280002,2666.7673446481922,2026-08-20T00:09:10-04:00
02336000,2019-12-09,1130,A,31.998036648959999,2764.6303664701441,2026-08-20T00:09:10-04:00
02336000,2019-12-10,1410,A,39.926753694719999,3449.671519223808,2026-08-20T00:09:10-04:00
02336000,2019-12-11,1660,A,47.005965342720003,4061.3154056110079,2026-08-20T00:09:10-04:00
02336000,2019-12-12,2180,A,61.730725570560004,5333.5346892963844,2026-08-20T00:09:10-04:00
02336000,2019-12-13,3660,A,103.63965852672,8954.4664967086082,2026-08-20T00:09:10-04:00
02336000,2019-12-14,3800,A,107.6040170496,9296.98707308544,2026-08-20T00:09:10-04:00
02336000,2019-12-15,1910,A,54.085176990720001,4672.9592919982078,2026-08-20T00:09:10-04:00
02336000,2019-12-16,1170,A,33.13071051264,2862.4933882920959,2026-08-20T00:09:10-04:00
02336000,2019-12-17,1910,A,54.085176990720001,4672.9592919982078,2026-08-20T00:09:10-04:00
02336000,2019-12-18,2860,A,80.986181253120009,6997.2060602695683,2026-08-20T00:09:10-04:00
02336000,2019-12-19,2430,A,68.809937218560009,5945.1785756835843,2026-08-20T00:09:10-04:00
02336000,2019-12-20,2100,A,59.465377843200002,5137.8086456524798,2026-08-20T00:09:10-04:00
02336000,2019-12-21,1610,A,45.590123013119999,3938.9866283335682,2026-08-20T00:09:10-04:00
02336000,2019-12-22,1360,A,38.510911365120002,3327.3427419463683,2026-08-20T00:09:10-04:00
02336000,2019-12-23,4070,A,115.24956562944,9957.5624703836165,2026-08-20T00:09:10-04:00
02336000,2019-12-24,3410,A,96.560446878720001,8342.8226103214074,2026-08-20T00:09:10-04:00
02336000,2019-12-25,1870,A,52.952503127040004,4575.0962701762564,2026-08-20T00:09:10-04:00
02336000,2019-12-26,1660,A,47.005965342720003,4061.3154056110079,2026-08-20T00:09:10-04:00
02336000,2019-12-27,1690,A,47.855470740480001,4134.7126719774724,2026-08-20T00:09:10-04:00
02336000,2019-12-28,1480,A,41.908932956160001,3620.9318074122243,2026-08-20T00:09:10-04:00
02336000,2019-12-29,1140,A,32.281205114880002,2789.0961219256319,2026-08-20T00:09:10-04:00
02336000,2019-12-30,1130,A,31.998036648959999,2764.6303664701441,2026-08-20T00:09:10-04:00
02336000,2019-12-31,1340,A,37.944574433280003,3278.4112310353921,2026-08-20T00:09:10-04:00
02336000,2020-01-01,1850,A,52.386166195200005,4526.1647592652798,2026-08-20T00:09:10-04:00
02336000,2020-01-02,3610,A,102.22381619712,8832.1377194311681,2026-08-20T00:09:10-04:00
02336000,2020-01-03,8650,A,244.94072302079999,21162.878468997122,2026-08-20T00:09:10-04:00
02336000,2020-01-04,5910,A,167.35256335872,14459.261474193409,2026-08-20T00:09:10-04:00
02336000,2020-01-05,2850,A,80.703012787199995,6972.7403048140804,2026-08-20T00:09:10-04:00
02336000,2020-01-06,1750,A,49.554481536000004,4281.5072047104004,2026-08-20T00:09:10-04:00
02336000,2020-01-07,1930,A,54.65151392256,4721.8908029091845,2026-08-20T00:09:10-04:00
02336000,2020-01-08,3250,A,92.029751423999997,7951.3705230336,2026-08-20T00:09:10-04:00
02336000,2020-01-09,2430,A,68.809937218560009,5945.1785756835843,2026-08-20T00:09:10-04:00
02336000,2020-01-10,1940,A,54.934682388479999,4746.3565583646723,2026-08-20T00:09:10-04:00
02336000,2020-01-11,2210,A,62.580230968320002,5406.9319556628479,2026-08-20T00:09:10-04:00
02336000,2020-01-12,5190,A,146.96443381248,12697.727081398272,2026-08-20T00:09:10-04:00
02336000,2020-01-13,3870,A,109.58619631104,9468.2473612738559,2026-08-20T00:09:10-04:00
02336000,2020-01-14,4000,A,113.267386368,9786.3021821952007,2026-08-20T00:09:10-04:00
02336000,2020-01-15,3280,A,92.879256821760009,8024.7677894000644,2026-08-20T00:09:10-04:00
02336000,2020-01-16,3200,A,90.6139090944,7829.0417457561598,2026-08-20T00:09:10-04:00
02336000,2020-01-17,3430,A,97.126783810559999,8391.7541212323849,2026-08-20T00:09:10-04:00
02336000,2020-01-18,1890,A,53.518840058880002,4624.0277810872321,2026-08-20T00:09:10-04:00
02336000,2020-01-19,2210,A,62.580230968320002,5406.9319556628479,2026-08-20T00:09:10-04:00
02336000,2020-01-20,1700,A,48.138639206400001,4159.1784274329602,2026-08-20T00:09:10-04:00
02336000,2020-01-21,3910,A,110.71887017472001,9566.1103830958091,2026-08-20T00:09:10-04:00
02336000,2020-01-22,7050,A,199.63376847360001,17248.35759611904,2026-08-20T00:09:10-04:00
02336000,2020-01-23,4790,A,135.63769517567999,11719.096863178753,2026-08-20T00:09:10-04:00
02336000,2020-01-24,6170,A,174.71494347264002,15095.371116036096,2026-08-20T00:09:10-04:00
02336000,2020-01-25,5100,A,144.4159176192,12477.535282298881,2026-08-20T00:09:10-04:00
02336000,2020-01-26,2100,A,59.465377843200002,5137.8086456524798,2026-08-20T00:09:10-04:00
02336000,2020-01-27,2420,A,68.526768752639995,5920.7128202280965,2026-08-20T00:09:10-04:00
02336000,2020-01-28,3210,A,90.89707756032,7853.5075012116486,2026-08-20T00:09:10-04:00
02336000,2020-01-29,3310,A,93.728762219520007,8098.165055766528,2026-08-20T00:09:10-04:00
02336000,2020-01-30,3430,A,97.126783810559999,8391.7541212323849,2026-08-20T00:09:10-04:00
02336000,2020-01-31,2940,A,83.251528980480003,7192.932103913472,2026-08-20T00:09:10-04:00
02336000,2020-02-01,2110,A,59.748546309120002,5162.2744011079685,2026-08-20T00:09:10-04:00
02336000,2020-02-02,1400,A,39.643585228799999,3425.2057637683201,2026-08-20T00:09:10-04:00
02336000,2020-02-03,2300,A,65.128747161600003,5627.1237547622404,2026-08-20T00:09:10-04:00
02336000,2020-02-04,2050,A,58.049535513599999,5015.4798683750405,2026-08-20T00:09:10-04:00
02336000,2020-02-05,1100,A,31.148531251200001,2691.23310010368,2026-08-20T00:09:10-04:00
02336000,2020-02-06,8870,A,251.17042927104001,21701.125089017856,2026-08-20T00:09:10-04:00
02336000,2020-02-07,9340,A,264.47934716928,22851.015595425793,2026-08-20T00:09:10-04:00
02336000,2020-02-08,7860,A,222.57041421312002,19230.08378801357,2026-08-20T00:09:10-04:00
02336000,2020-02-09,5680,A,160.83968864255999,13896.549098717185,2026-08-20T00:09:10-04:00
02336000,2020-02-10,5280,A,149.51295000576002,12917.918880497664,2026-08-20T00:09:10-04:00
02336000,2020-02-11,7310,A,206.99614858752,17884.46723796173,2026-08-20T00:09:10-04:00
02336000,2020-02-12,5310,A,150.36245540352002,12991.316146864128,2026-08-20T00:09:10-04:00
02336000,2020-02-13,8290,A,234.74665824768002,20282.111272599552,2026-08-20T00:09:10-04:00
02336000,2020-02-14,7210,A,204.16446392832,17639.809683406849,2026-08-20T00:09:10-04:00
02336000,2020-02-15,6010,A,170.18424801792,14703.919028748289,2026-08-20T00:09:10-04:00
02336000,2020-02-16,6750,A,191.13871449600001,16514.384932454399,2026-08-20T00:09:10-04:00
02336000,2020-02-17,6820,A,193.12089375744,16685.645220642815,2026-08-20T00:09:10-04:00
02336000,2020-02-18,8360,A,236.72883750912001,20453.371560787968,2026-08-20T00:09:10-04:00
02336000,2020-02-19,8290,A,234.74665824768002,20282.111272599552,2026-08-20T00:09:10-04:00
02336000,2020-02-20,7150,A,202.46545313280001,17493.01515067392,2026-08-20T00:09:10-04:00
02336000,2020-02-21,9840,A,278.63777046528003,24074.303368200191,2026-08-20T00:09:10-04:00
02336000,2020-02-22,9580,A,271.27539035135999,23438.193726357506,2026-08-20T00:09:10-04:00
02336000,2020-02-23,7480,A,211.81001250816001,18300.385080705026,2026-08-20T00:09:10-04:00
02336000,2020-02-24,6380,A,180.66148125696,15609.151980601344,2026-08-20T00:09:10-04:00
02336000,2020-02-25,8240,A,233.33081591808002,20159.782495322113,2026-08-20T00:09:10-04:00
02336000,2020-02-26,7790,A,220.58823495167999,19058.823499825154,2026-08-20T00:09:10-04:00
02336000,2020-02-27,9060,A,256.55063012352002,22165.97444267213,2026-08-20T00:09:10-04:00
02336000,2020-02-28,8070,A,228.51695199744,19743.864652578817,2026-08-20T00:09:10-04:00
02336000,2020-02-29,8560,A,242.39220682752,20942.686669897728,2026-08-20T00:09:10-04:00
02336000,2020-03-01,8830,A,250.03775540736001,21603.262067195905,2026-08-20T00:09:10-04:00
02336000,2020-03-02,9040,A,255.98429319168,22117.042931761152,2026-08-20T00:09:10-04:00
02336000,2020-03-03,9240,A,261.64766251008001,22606.358040870913,2026-08-20T00:09:10-04:00
02336000,2020-03-04,6410,A,181.51098665472,15682.549246967808,2026-08-20T00:09:10-04:00
02336000,2020-03-05,6810,A,192.83772529152,16661.179465187328,2026-08-20T00:09:10-04:00
02336000,2020-03-06,6670,A,188.87336676864001,16318.658888810496,2026-08-20T00:09:10-04:00
02336000,2020-03-07,8670,A,245.50705995264002,21211.809979908096,2026-08-20T00:09:10-04:00
02336000,2020-03-08,8610,A,243.80804915712,21065.01544717517,2026-08-20T00:09:10-04:00
02336000,2020-03-09,8320,A,235.59616364544001,20355.508538966016,2026-08-20T00:09:10-04:00
02336000,2020-03-10,8420,A,238.42784830464001,20600.166093520897,2026-08-20T00:09:10-04:00
02336000,2020-03-11,8500,A,240.693196032,20795.892137164799,2026-08-20T00:09:10-04:00
02336000,2020-03-12,8720,A,246.92290228224002,21334.138757185538,2026-08-20T00:09:10-04:00
02336000,2020-03-13,8930,A,252.86944006656,21847.919621750785,2026-08-20T00:09:10-04:00
02336000,2020-03-14,9050,A,256.26746165759999,22141.508687216639,2026-08-20T00:09:10-04:00
02336000,2020-03-15,8940,A,253.15260853248,21872.385377206272,2026-08-20T00:09:10-04:00
02336000,2020-03-16,9010,A,255.13478779392,22043.645665394688,2026-08-20T00:09:10-04:00
02336000,2020-03-17,8980,A,254.28528239616,21970.248399028224,2026-08-20T00:09:10-04:00
02336000,2020-03-18,8960,A,253.71894546432,21921.31688811725,2026-08-20T00:09:10-04:00
02336000,2020-03-19,8940,A,253.15260853248,21872.385377206272,2026-08-20T00:09:10-04:00
02336000,2020-03-20,8210,A,232.48131052031999,20086.385228955649,2026-08-20T00:09:10-04:00
02336000,2020-03-21,5440,A,154.04364546048001,13309.370967785473,2026-08-20T00:09:10-04:00
02336000,2020-03-22,5280,A,149.51295000576002,12917.918880497664,2026-08-20T00:09:10-04:00
02336000,2020-03-23,5790,A,163.95454176768001,14165.672408727552,2026-08-20T00:09:10-04:00
02336000,2020-03-24,8430,A,238.71101677056001,20624.631848976383,2026-08-20T00:09:10-04:00
02336000,2020-03-25,10300,A,291.6635198976,25199.728119152642,2026-08-20T00:09:10-04:00
02336000,2020-03-26,7020,A,198.78426307584002,17174.960329752575,2026-08-20T00:09:10-04:00
02336000,2020-03-27,8150,A,230.7822997248,19939.59069622272,2026-08-20T00:09:10-04:00
02336000,2020-03-28,8920,A,252.58627160064,21823.453866295298,2026-08-20T00:09:10-04:00
02336000,2020-03-29,8870,A,251.17042927104001,21701.125089017856,2026-08-20T00:09:10-04:00
02336000,2020-03-30,6960,A,197.08525228031999,17028.16579701965,2026-08-20T00:09:10-04:00
02336000,2020-03-31,6080,A,172.16642727935999,14875.179316936705,2026-08-20T00:09:10-04:00
02336000,2020-04-01,5980,A,169.33474262016,14630.521762381824,2026-08-20T00:09:10-04:00
02336000,2020-04-02,5340,A,151.21196080128001,13064.713413230593,2026-08-20T00:09:10-04:00
02336000,2020-04-03,4800,A,135.92086364159999,11743.56261863424,2026-08-20T00:09:10-04:00
02336000,2020-04-04,4720,A,133.65551591424,11547.836574990337,2026-08-20T00:09:10-04:00
02336000,2020-04-05,4300,A,121.7624403456,10520.27484585984,2026-08-20T00:09:10-04:00
02336000,2020-04-06,4110,A,116.38223949312,10055.425492205568,2026-08-20T00:09:10-04:00
02336000,2020-04-07,4170,A,118.08125028864001,10202.220024938497,2026-08-20T00:09:10-04:00
02336000,2020-04-08,3420,A,96.84361534464,8367.2883657768962,2026-08-20T00:09:10-04:00
02336000,2020-04-09,3800,A,107.6040170496,9296.98707308544,2026-08-20T00:09:10-04:00
02336000,2020-04-10,3450,A,97.693120742399998,8440.6856321433606,2026-08-20T00:09:10-04:00
02336000,2020-04-11,3180,A,90.047572162560002,7780.1102348451841,2026-08-20T00:09:10-04:00
02336000,2020-04-12,2940,A,83.251528980480003,7192.932103913472,2026-08-20T00:09:10-04:00
02336000,2020-04-13,6780,A,191.98821989376,16587.782198820863,2026-08-20T00:09:10-04:00
02336000,2020-04-14,6220,A,176.13078580224001,15217.699893313536,2026-08-20T00:09:10-04:00
02336000,2020-04-15,7610,A,215.49120256512001,18618.439901626367,2026-08-20T00:09:10-04:00
02336000,2020-04-16,6010,A,170.18424801792,14703.919028748289,2026-08-20T00:09:10-04:00
02336000,2020-04-17,6210,A,175.84761733632001,15193.234137858048,2026-08-20T00:09:10-04:00
02336000,2020-04-18,5580,A,158.00800398336,13651.891544162305,2026-08-20T00:09:10-04:00
02336000,2020-04-19,5060,A,143.28324375552,12379.672260476929,2026-08-20T00:09:10-04:00
02336000,2020-04-20,6900,A,195.3862414848,16881.371264286721,2026-08-20T00:09:10-04:00
02336000,2020-04-21,5120,A,144.98225455104,12526.466793209856,2026-08-20T00:09:10-04:00
02336000,2020-04-22,4150,A,117.51491335680001,10153.288514027521,2026-08-20T00:09:10-04:00
02336000,2020-04-23,4990,A,141.30106449408001,12208.411972288512,2026-08-20T00:09:10-04:00
02336000,2020-04-24,5110,A,144.69908608512,12502.001037754368,2026-08-20T00:09:10-04:00
02336000,2020-04-25,4290,A,121.47927187968,10495.809090404353,2026-08-20T00:09:10-04:00
02336000,2020-04-26,4870,A,137.90304290304002,11914.822906822656,2026-08-20T00:09:10-04:00
02336000,2020-04-27,5770,A,163.38820483584001,14116.740897816577,2026-08-20T00:09:10-04:00
02336000,2020-04-28,5360,A,151.77829773312001,13113.644924141568,2026-08-20T00:09:10-04:00
02336000,2020-04-29,4480,A,126.85947273216,10960.658444058625,2026-08-20T00:09:10-04:00
02336000,2020-04-30,5800,A,164.23771023360001,14190.138164183041,2026-08-20T00:09:10-04:00
02336000,2020-05-01,4550,A,128.84165199360001,11131.918732247041,2026-08-20T00:09:10-04:00
02336000,2020-05-02,4080,A,115.53273409536,9982.0282258391035,2026-08-20T00:09:10-04:00
02336000,2020-05-03,3960,A,112.13471250432001,9688.4391603732474,2026-08-20T00:09:10-04:00
02336000,2020-05-04,3730,A,105.62183778816001,9125.7267848970241,2026-08-20T00:09:10-04:00
02336000,2020-05-05,3800,A,107.6040170496,9296.98707308544,2026-08-20T00:09:10-04:00
02336000,2020-05-06,3770,A,106.75451165184001,9223.5898067189755,2026-08-20T00:09:10-04:00
02336000,2020-05-07,3500,A,99.108963072000009,8563.0144094208008,2026-08-20T00:09:10-04:00
02336000,2020-05-08,3050,A,86.366382105599996,7462.0554139238402,2026-08-20T00:09:10-04:00
02336000,2020-05-09,3160,A,89.481235230720003,7731.1787239342084,2026-08-20T00:09:10-04:00
02336000,2020-05-10,2750,A,77.871328128000002,6728.0827502592001,2026-08-20T00:09:10-04:00
02336000,2020-05-11,2670,A,75.605980400640007,6532.3567066152964,2026-08-20T00:09:10-04:00
02336000,2020-05-12,2710,A,76.738654264320004,6630.2197284372478,2026-08-20T00:09:10-04:00
02336000,2020-05-13,2850,A,80.703012787199995,6972.7403048140804,2026-08-20T00:09:10-04:00
02336000,2020-05-14,3650,A,103.3564900608,8930.0007412531195,2026-08-20T00:09:10-04:00
02336000,2020-05-15,3640,A,103.07332159488,8905.5349857976325,2026-08-20T00:09:10-04:00
02336000,2020-05-16,4410,A,124.87729347072001,10789.398155870209,2026-08-20T00:09:10-04:00
02336000,2020-05-17,3700,A,104.77233239040001,9052.3295185305597,2026-08-20T00:09:10-04:00
02336000,2020-05-18,4270,A,120.91293494784,10446.877579493377,2026-08-20T00:09:10-04:00
02336000,2020-05-19,5340,A,151.21196080128001,13064.713413230593,2026-08-20T00:09:10-04:00
02336000,2020-05-20,5100,A,144.4159176192,12477.535282298881,2026-08-20T00:09:10-04:00
02336000,2020-05-21,3860,A,109.30302784512,9443.7816058183689,2026-08-20T00:09:10-04:00
02336000,2020-05-22,3850,A,109.0198593792,9419.3158503628802,2026-08-20T00:09:10-04:00
02336000,2020-05-23,3870,A,109.58619631104,9468.2473612738559,2026-08-20T00:09:10-04:00
02336000,2020-05-24,2960,A,83.817865912320002,7241.8636148244486,2026-08-20T00:09:10-04:00
02336000,2020-05-25,3030,A,85.800045173759997,7413.1239030128645,2026-08-20T00:09:10-04:00
02336000,2020-05-26,3220,A,91.180246026239999,7877.9732566671364,2026-08-20T00:09:10-04:00
02336000,2020-05-27,4040,A,114.40006023168,9884.1652040171521,2026-08-20T00:09:10-04:00
02336000,2020-05-28,5100,A,144.4159176192,12477.535282298881,2026-08-20T00:09:10-04:00
02336000,2020-05-29,4960,A,140.45155909632001,12135.014705922049,2026-08-20T00:09:10-04:00
02336000,2020-05-30,5160,A,146.11492841472,12624.329815031808,2026-08-20T00:09:10-04:00
02336000,2020-05-31,2760,A,78.154496593920001,6752.548505714688,2026-08-20T00:09:10-04:00
02336000,2020-06-01,3200,A,90.6139090944,7829.0417457561598,2026-08-20T00:09:10-04:00
02336000,2020-06-02,3620,A,102.50698466304,8856.6034748866568,2026-08-20T00:09:10-04:00
02336000,2020-06-03,2790,A,79.004001991679999,6825.9457720811524,2026-08-20T00:09:10-04:00
02336000,2020-06-04,2670,A,75.605980400640007,6532.3567066152964,2026-08-20T00:09:10-04:00
02336000,2020-06-05,2820,A,79.853507389439997,6899.343038447616,2026-08-20T00:09:10-04:00
02336000,2020-06-06,2660,A,75.322811934720008,6507.8909511598085,2026-08-20T00:09:10-04:00
02336000,2020-06-07,1800,A,50.970323865600001,4403.8359819878406,2026-08-20T00:09:10-04:00
02336000,2020-06-08,2530,A,71.641621877760002,6189.8361302384646,2026-08-20T00:09:10-04:00
02336000,2020-06-09,3530,A,99.958468469760007,8636.4116757872634,2026-08-20T00:09:10-04:00
02336000,2020-06-10,4350,A,123.17828267520001,10642.60362313728,2026-08-20T00:09:10-04:00
02336000,2020-06-11,4400,A,124.59412500480001,10764.93240041472,2026-08-20T00:09:10-04:00
02336000,2020-06-12,3500,A,99.108963072000009,8563.0144094208008,2026-08-20T00:09:10-04:00
02336000,2020-06-13,3020,A,85.516876707839998,7388.6581475573767,2026-08-20T00:09:10-04:00
02336000,2020-06-14,1900,A,53.802008524800002,4648.49353654272,2026-08-20T00:09:10-04:00
02336000,2020-06-15,2290,A,64.845578695680004,5602.6579993067526,2026-08-20T00:09:10-04:00
02336000,2020-06-16,2460,A,69.659442616320007,6018.5758420500479,2026-08-20T00:09:10-04:00
02336000,2020-06-17,2190,A,62.013894036480004,5358.0004447518722,2026-08-20T00:09:10-04:00
02336000,2020-06-18,1880,A,53.235671592960003,4599.5620256317443,2026-08-20T00:09:10-04:00
02336000,2020-06-19,1780,A,50.403986933760002,4354.904471076864,2026-08-20T00:09:10-04:00
02336000,2020-06-20,1800,A,50.970323865600001,4403.8359819878406,2026-08-20T00:09:10-04:00
02336000,2020-06-21,1720,A,48.704976138239999,4208.1099383439359,2026-08-20T00:09:10-04:00
02336000,2020-06-22,2100,A,59.465377843200002,5137.8086456524798,2026-08-20T00:09:10-04:00
02336000,2020-06-23,2590,A,73.340632673279998,6336.6306629713918,2026-08-20T00:09:10-04:00
02336000,2020-06-24,4160,A,117.79808182272001,10177.754269483008,2026-08-20T00:09:10-04:00
02336000,2020-06-25,4500,A,127.425809664,11009.589954969601,2026-08-20T00:09:10-04:00
02336000,2020-06-26,3890,A,110.15253324288,9517.1788721848316,2026-08-20T00:09:10-04:00
02336000,2020-06-27,3770,A,106.75451165184001,9223.5898067189755,2026-08-20T00:09:10-04:00
02336000,2020-06-28,2220,A,62.863399434240002,5431.3977111183358,2026-08-20T00:09:10-04:00
02336000,2020-06-29,2090,A,59.182209377280003,5113.3428901969919,2026-08-20T00:09:10-04:00
02336000,2020-06-30,2980,A,84.384202844160001,7290.7951257354243,2026-08-20T00:09:10-04:00
02336000,2020-07-01,2250,A,63.712904832,5504.7949774848003,2026-08-20T00:09:10-04:00
02336000,2020-07-02,2410,A,68.243600286719996,5896.2470647726086,2026-08-20T00:09:10-04:00
02336000,2020-07-03,2290,A,64.845578695680004,5602.6579993067526,2026-08-20T00:09:10-04:00
02336000,2020-07-04,1640,A,46.439628410880005,4012.3838947000322,2026-08-20T00:09:10-04:00
02336000,2020-07-05,1800,A,50.970323865600001,4403.8359819878406,2026-08-20T00:09:10-04:00
02336000,2020-07-06,1910,A,54.085176990720001,4672.9592919982078,2026-08-20T00:09:10-04:00
02336000,2020-07-07,2160,A,61.164388638719998,5284.6031783854078,2026-08-20T00:09:10-04:00
02336000,2020-07-08,1830,A,51.819829263359999,4477.2332483543041,2026-08-20T00:09:10-04:00
02336000,2020-07-09,2540,A,71.924790343680002,6214.3018856939525,2026-08-20T00:09:10-04:00
02336000,2020-07-10,3190,A,90.330740628480001,7804.5759903006719,2026-08-20T00:09:10-04:00
02336000,2020-07-11,1810,A,51.25349233152,4428.3017374433284,2026-08-20T00:09:10-04:00
02336000,2020-07-12,1690,A,47.855470740480001,4134.7126719774724,2026-08-20T00:09:10-04:00
02336000,2020-07-13,1940,A,54.934682388479999,4746.3565583646723,2026-08-20T00:09:10-04:00
02336000,2020-07-14,1770,A,50.120818467840003,4330.4387156213761,2026-08-20T00:09:10-04:00
02336000,2020-07-15,1750,A,49.554481536000004,4281.5072047104004,2026-08-20T00:09:10-04:00
02336000,2020-07-16,1760,A,49.837650001920004,4305.9729601658883,2026-08-20T00:09:10-04:00
02336000,2020-07-17,1720,A,48.704976138239999,4208.1099383439359,2026-08-20T00:09:10-04:00
02336000,2020-07-18,1830,A,51.819829263359999,4477.2332483543041,2026-08-20T00:09:10-04:00
02336000,2020-07-19,1150,A,32.564373580800002,2813.5618773811202,2026-08-20T00:09:10-04:00
02336000,2020-07-20,1180,A,33.41387897856,2886.9591437475842,2026-08-20T00:09:10-04:00
02336000,2020-07-21,2090,A,59.182209377280003,5113.3428901969919,2026-08-20T00:09:10-04:00
02336000,2020-07-22,1910,A,54.085176990720001,4672.9592919982078,2026-08-20T00:09:10-04:00
02336000,2020-07-23,1540,A,43.607943751680004,3767.7263401451523,2026-08-20T00:09:10-04:00
02336000,2020-07-24,1650,A,46.722796876800004,4036.8496501555201,2026-08-20T00:09:10-04:00
02336000,2020-07-25,1320,A,37.378237501440005,3229.479720124416,2026-08-20T00:09:10-04:00
02336000,2020-07-26,976,A,27.637242273792001,2387.857732455629,2026-08-20T00:09:10-04:00
02336000,2020-07-27,975,A,27.608925427199999,2385.4111569100801,2026-08-20T00:09:10-04:00
02336000,2020-07-28,1550,A,43.891112217600003,3792.1920956006402,2026-08-20T00:09:10-04:00
02336000,2020-07-29,1280,A,36.24556363776,3131.6166983024641,2026-08-20T00:09:10-04:00
02336000,2020-07-30,1440,A,40.776259092480004,3523.068785590272,2026-08-20T00:09:10-04:00
02336000,2020-07-31,1330,A,37.661405967360004,3253.9454755799043,2026-08-20T00:09:10-04:00
02336000,2020-08-01,1250,A,35.396058240000002,3058.2194319360001,2026-08-20T00:09:10-04:00
02336000,2020-08-02,961,A,27.212489574912002,2351.1590992723968,2026-08-20T00:09:10-04:00
02336000,2020-08-03,1460,A,41.342596024320002,3572.0002965012482,2026-08-20T00:09:10-04:00
02336000,2020-08-04,3600,A,101.9406477312,8807.6719639756811,2026-08-20T00:09:10-04:00
02336000,2020-08-05,1540,A,43.607943751680004,3767.7263401451523,2026-08-20T00:09:10-04:00
02336000,2020-08-06,1270,A,35.962395171840001,3107.1509428469762,2026-08-20T00:09:10-04:00
02336000,2020-08-07,1170,A,33.13071051264,2862.4933882920959,2026-08-20T00:09:10-04:00
02336000,2020-08-08,2330,A,65.978252559360001,5700.521021128704,2026-08-20T00:09:10-04:00
02336000,2020-08-09,1220,A,34.546552842240004,2984.8221655695361,2026-08-20T00:09:10-04:00
02336000,2020-08-10,1090,A,30.865362785280002,2666.7673446481922,2026-08-20T00:09:10-04:00
02336000,2020-08-11,1320,A,37.378237501440005,3229.479720124416,2026-08-20T00:09:10-04:00
02336000,2020-08-12,1260,A,35.679226705920001,3082.6851873914879,2026-08-20T00:09:10-04:00
02336000,2020-08-13,1420,A,40.209922160639998,3474.1372746792963,2026-08-20T00:09:10-04:00
02336000,2020-08-14,1860,A,52.669334661120004,4550.6305147207686,2026-08-20T00:09:10-04:00
02336000,2020-08-15,1540,A,43.607943751680004,3767.7263401451523,2026-08-20T00:09:10-04:00
02336000,2020-08-16,1390,A,39.36041676288,3400.7400083128323,2026-08-20T00:09:10-04:00
02336000,2020-08-17,1310,A,37.095069035519998,3205.0139646689281,2026-08-20T00:09:10-04:00
02336000,2020-08-18,2190,A,62.013894036480004,5358.0004447518722,2026-08-20T00:09:10-04:00
02336000,2020-08-19,2560,A,72.49112727552,6263.2333966049282,2026-08-20T00:09:10-04:00
02336000,2020-08-20,4630,A,131.10699972096,11327.644775890943,2026-08-20T00:09:10-04:00
02336000,2020-08-21,4750,A,134.505021312,11621.2338413568,2026-08-20T00:09:10-04:00
02336000,2020-08-22,4030,A,114.11689176576,9859.6994485616651,2026-08-20T00:09:10-04:00
02336000,2020-08-23,1820,A,51.53666079744,4452.7674928988163,2026-08-20T00:09:10-04:00
02336000,2020-08-24,1700,A,48.138639206400001,4159.1784274329602,2026-08-20T00:09:10-04:00
02336000,2020-08-25,2390,A,67.677263354879997,5847.315553861632,2026-08-20T00:09:10-04:00
02336000,2020-08-26,2810,A,79.570338923519998,6874.8772829921281,2026-08-20T00:09:10-04:00
02336000,2020-08-27,2580,A,73.057464207359999,6312.1649075159039,2026-08-20T00:09:10-04:00
02336000,2020-08-28,2020,A,57.200030115840001,4942.082602008576,2026-08-20T00:09:10-04:00
02336000,2020-08-29,1330,A,37.661405967360004,3253.9454755799043,2026-08-20T00:09:10-04:00
02336000,2020-08-30,1240,A,35.112889774080003,3033.7536764805122,2026-08-20T00:09:10-04:00
02336000,2020-08-31,5140,A,145.54859148288,12575.398304120832,2026-08-20T00:09:10-04:00
02336000,2020-09-01,2270,A,64.279241763840005,5553.726488395776,2026-08-20T00:09:10-04:00
02336000,2020-09-02,1710,A,48.42180767232,4183.6441828884481,2026-08-20T00:09:10-04:00
02336000,2020-09-03,1790,A,50.687155399680002,4379.3702265323518,2026-08-20T00:09:10-04:00
02336000,2020-09-04,1540,A,43.607943751680004,3767.7263401451523,2026-08-20T00:09:10-04:00
02336000,2020-09-05,1640,A,46.439628410880005,4012.3838947000322,2026-08-20T00:09:10-04:00
02336000,2020-09-06,1010,A,28.60001505792,2471.041301004288,2026-08-20T00:09:10-04:00
02336000,2020-09-07,1010,A,28.60001505792,2471.041301004288,2026-08-20T00:09:10-04:00
02336000,2020-09-08,1010,A,28.60001505792,2471.041301004288,2026-08-20T00:09:10-04:00
02336000,2020-09-09,1010,A,28.60001505792,2471.041301004288,2026-08-20T00:09:10-04:00
02336000,2020-09-10,1230,A,34.829721308160003,3009.2879210250239,2026-08-20T00:09:10-04:00
02336000,2020-09-11,1910,A,54.085176990720001,4672.9592919982078,2026-08-20T00:09:10-04:00
02336000,2020-09-12,1100,A,31.148531251200001,2691.23310010368,2026-08-20T00:09:10-04:00
02336000,2020-09-13,1250,A,35.396058240000002,3058.2194319360001,2026-08-20T00:09:10-04:00
02336000,2020-09-14,1320,A,37.378237501440005,3229.479720124416,2026-08-20T00:09:10-04:00
02336000,2020-09-15,1320,A,37.378237501440005,3229.479720124416,2026-08-20T00:09:10-04:00
02336000,2020-09-16,2580,A,73.057464207359999,6312.1649075159039,2026-08-20T00:09:10-04:00
02336000,2020-09-17,10100,A,286.00015057920001,24710.413010042881,2026-08-20T00:09:10-04:00
02336000,2020-09-18,6370,A,180.37831279104,15584.686225145857,2026-08-20T00:09:10-04:00
02336000,2020-09-19,2480,A,70.225779548160006,6067.5073529610245,2026-08-20T00:09:10-04:00
02336000,2020-09-20,1170,A,33.13071051264,2862.4933882920959,2026-08-20T00:09:10-04:00
02336000,2020-09-21,1120,A,31.71486818304,2740.1646110146562,2026-08-20T00:09:10-04:00
02336000,2020-09-22,2200,A,62.297062502400003,5382.4662002073601,2026-08-20T00:09:10-04:00
02336000,2020-09-23,2820,A,79.853507389439997,6899.343038447616,2026-08-20T00:09:10-04:00
02336000,2020-09-24,2630,A,74.473306536959996,6434.4936847933441,2026-08-20T00:09:10-04:00
02336000,2020-09-25,3330,A,94.295099151360006,8147.0965666775046,2026-08-20T00:09:10-04:00
02336000,2020-09-26,2960,A,83.817865912320002,7241.8636148244486,2026-08-20T00:09:10-04:00
02336000,2020-09-27,1990,A,56.350524718080003,4868.6853356421125,2026-08-20T00:09:10-04:00
02336000,2020-09-28,2250,A,63.712904832,5504.7949774848003,2026-08-20T00:09:10-04:00
02336000,2020-09-29,4220,A,119.49709261824,10324.548802215937,2026-08-20T00:09:10-04:00
02336000,2020-09-30,3700,A,104.77233239040001,9052.3295185305597,2026-08-20T00:09:10-04:00
02336000,2020-10-01,3220,A,91.180246026239999,7877.9732566671364,2026-08-20T00:09:10-04:00
02336000,2020-10-02,3050,A,86.366382105599996,7462.0554139238402,2026-08-20T00:09:10-04:00
02336000,2020-10-03,2750,A,77.871328128000002,6728.0827502592001,2026-08-20T00:09:10-04:00
02336000,2020-10-04,2050,A,58.049535513599999,5015.4798683750405,2026-08-20T00:09:10-04:00
02336000,2020-10-05,2630,A,74.473306536959996,6434.4936847933441,2026-08-20T00:09:10-04:00
02336000,2020-10-06,2440,A,69.093105684480008,5969.6443311390722,2026-08-20T00:09:10-04:00
02336000,2020-10-07,2410,A,68.243600286719996,5896.2470647726086,2026-08-20T00:09:10-04:00
02336000,2020-10-08,2710,A,76.738654264320004,6630.2197284372478,2026-08-20T00:09:10-04:00
02336000,2020-10-09,2510,A,71.075284945920004,6140.904619327488,2026-08-20T00:09:10-04:00
02336000,2020-10-10,5360,A:e,151.77829773312001,13113.644924141568,2026-08-20T00:09:10-04:00
02336000,2020-10-11,18900,A:e,535.18840058880005,46240.277810872321,2026-08-20T00:09:10-04:00
02336000,2020-10-12,7200,A,203.8812954624,17615.343927951362,2026-08-20T00:09:10-04:00
02336000,2020-10-13,4450,A,126.0099673344,10887.26117769216,2026-08-20T00:09:10-04:00
02336000,2020-10-14,7260,A,205.58030625792,17762.138460684288,2026-08-20T00:09:10-04:00
02336000,2020-10-15,8530,A,241.54270142976,20869.289403531264,2026-08-20T00:09:10-04:00
02336000,2020-10-16,8600,A,243.5248806912,21040.54969171968,2026-08-20T00:09:10-04:00
02336000,2020-10-17,8580,A,242.95854375936,20991.618180808706,2026-08-20T00:09:10-04:00
02336000,2020-10-18,8150,A,230.7822997248,19939.59069622272,2026-08-20T00:09:10-04:00
02336000,2020-10-19,7740,A,219.17239262208,18936.494722547712,2026-08-20T00:09:10-04:00
02336000,2020-10-20,6670,A,188.87336676864001,16318.658888810496,2026-08-20T00:09:10-04:00
02336000,2020-10-21,7240,A,205.01396932608,17713.206949773314,2026-08-20T00:09:10-04:00
02336000,2020-10-22,7380,A,208.97832784895999,18055.727526150145,2026-08-20T00:09:10-04:00
02336000,2020-10-23,5170,A,146.39809688064,12648.795570487297,2026-08-20T00:09:10-04:00
02336000,2020-10-24,5260,A,148.94661307391999,12868.987369586688,2026-08-20T00:09:10-04:00
02336000,2020-10-25,7800,A,220.87140341759999,19083.289255280641,2026-08-20T00:09:10-04:00
02336000,2020-10-26,2560,A,72.49112727552,6263.2333966049282,2026-08-20T00:09:10-04:00
02336000,2020-10-27,1570,A,44.457449149440002,3841.1236065116163,2026-08-20T00:09:10-04:00
02336000,2020-10-28,4210,A,119.21392415232,10300.083046760448,2026-08-20T00:09:10-04:00
02336000,2020-10-29,3610,A,102.22381619712,8832.1377194311681,2026-08-20T00:09:10-04:00
02336000,2020-10-30,4060,A,114.96639716352,9933.0967149281278,2026-08-20T00:09:10-04:00
02336000,2020-10-31,6910,A,195.66940995072,16905.837019742208,2026-08-20T00:09:10-04:00
02336000,2020-11-01,6460,A,182.92682898432,15804.878024245249,2026-08-20T00:09:10-04:00
02336000,2020-11-02,5730,A,162.25553097216002,14018.877875994625,2026-08-20T00:09:10-04:00
02336000,2020-11-03,7020,A,198.78426307584002,17174.960329752575,2026-08-20T00:09:10-04:00
02336000,2020-11-04,5970,A,169.05157415424,14606.056006926336,2026-08-20T00:09:10-04:00
02336000,2020-11-05,6560,A,185.75851364352002,16049.535578800129,2026-08-20T00:09:10-04:00
02336000,2020-11-06,5880,A,166.50305796096001,14385.864207826944,2026-08-20T00:09:10-04:00
02336000,2020-11-07,5000,A,141.58423296000001,12232.877727744,2026-08-20T00:09:10-04:00
02336000,2020-11-08,5630,A,159.42384631295999,13774.220321439745,2026-08-20T00:09:10-04:00
02336000,2020-11-09,5520,A,156.30899318784,13505.097011429376,2026-08-20T00:09:10-04:00
02336000,2020-11-10,5620,A,159.14067784704,13749.754565984256,2026-08-20T00:09:10-04:00
02336000,2020-11-11,4550,A,128.84165199360001,11131.918732247041,2026-08-20T00:09:10-04:00
02336000,2020-11-12,7200,A,203.8812954624,17615.343927951362,2026-08-20T00:09:10-04:00
02336000,2020-11-13,5120,A,144.98225455104,12526.466793209856,2026-08-20T00:09:10-04:00
02336000,2020-11-14,3920,A,111.00203864064001,9590.576138551296,2026-08-20T00:09:10-04:00
02336000,2020-11-15,2830,A,80.136675855359996,6923.8087939031038,2026-08-20T00:09:10-04:00
02336000,2020-11-16,2960,A,83.817865912320002,7241.8636148244486,2026-08-20T00:09:10-04:00
02336000,2020-11-17,2640,A,74.756475002880009,6458.9594402488319,2026-08-20T00:09:10-04:00
02336000,2020-11-18,2560,A,72.49112727552,6263.2333966049282,2026-08-20T00:09:10-04:00
02336000,2020-11-19,2400,A,67.960431820799997,5871.7813093171198,2026-08-20T00:09:10-04:00
02336000,2020-11-20,2490,A,70.508948014080005,6091.9731084165123,2026-08-20T00:09:10-04:00
02336000,2020-11-21,2080,A,58.899040911360004,5088.8771347415041,2026-08-20T00:09:10-04:00
02336000,2020-11-22,2440,A,69.093105684480008,5969.6443311390722,2026-08-20T00:09:10-04:00
02336000,2020-11-23,2840,A,80.419844321279996,6948.2745493585926,2026-08-20T00:09:10-04:00
02336000,2020-11-24,2370,A,67.110926423039999,5798.3840429506563,2026-08-20T00:09:10-04:00
02336000,2020-11-25,1770,A,50.120818467840003,4330.4387156213761,2026-08-20T00:09:10-04:00
02336000,2020-11-26,3110,A,88.065392901120006,7608.8499466567682,2026-08-20T00:09:10-04:00
02336000,2020-11-27,2590,A,73.340632673279998,6336.6306629713918,2026-08-20T00:09:10-04:00
02336000,2020-11-28,2230,A,63.146567900160001,5455.8634665738246,2026-08-20T00:09:10-04:00
02336000,2020-11-29,2430,A,68.809937218560009,5945.1785756835843,2026-08-20T00:09:10-04:00
02336000,2020-11-30,4740,A,134.22185284608,11596.768085901313,2026-08-20T00:09:10-04:00
02336000,2020-12-01,3600,A,101.9406477312,8807.6719639756811,2026-08-20T00:09:10-04:00
02336000,2020-12-02,3090,A,87.499055969280008,7559.9184357457925,2026-08-20T00:09:10-04:00
02336000,2020-12-03,2400,A,67.960431820799997,5871.7813093171198,2026-08-20T00:09:10-04:00
02336000,2020-12-04,2330,A,65.978252559360001,5700.521021128704,2026-08-20T00:09:10-04:00
02336000,2020-12-05,2460,A,69.659442616320007,6018.5758420500479,2026-08-20T00:09:10-04:00
02336000,2020-12-06,2090,A,59.182209377280003,5113.3428901969919,2026-08-20T00:09:10-04:00
02336000,2020-12-07,2280,A,64.562410229760005,5578.1922438512638,2026-08-20T00:09:10-04:00
02336000,2020-12-08,2520,A,71.358453411840003,6165.3703747829759,2026-08-20T00:09:10-04:00
02336000,2020-12-09,2020,A,57.200030115840001,4942.082602008576,2026-08-20T00:09:10-04:00
02336000,2020-12-10,2460,A,69.659442616320007,6018.5758420500479,2026-08-20T00:09:10-04:00
02336000,2020-12-11,2390,A,67.677263354879997,5847.315553861632,2026-08-20T00:09:10-04:00
02336000,2020-12-12,2660,A,75.322811934720008,6507.8909511598085,2026-08-20T00:09:10-04:00
02336000,2020-12-13,2190,A,62.013894036480004,5358.0004447518722,2026-08-20T00:09:10-04:00
02336000,2020-12-14,2590,A,73.340632673279998,6336.6306629713918,2026-08-20T00:09:10-04:00
02336000,2020-12-15,3490,A,98.825794606080009,8538.548653965312,2026-08-20T00:09:10-04:00
02336000,2020-12-16,2840,A,80.419844321279996,6948.2745493585926,2026-08-20T00:09:10-04:00
02336000,2020-12-17,2680,A,75.889148866560006,6556.8224620707842,2026-08-20T00:09:10-04:00
02336000,2020-12-18,2550,A,72.207958809600001,6238.7676411494404,2026-08-20T00:09:10-04:00
02336000,2020-12-19,2490,A,70.508948014080005,6091.9731084165123,2026-08-20T00:09:10-04:00
02336000,2020-12-20,2250,A,63.712904832,5504.7949774848003,2026-08-20T00:09:10-04:00
02336000,2020-12-21,2510,A,71.075284945920004,6140.904619327488,2026-08-20T00:09:10-04:00
02336000,2020-12-22,2350,A,66.5445894912,5749.4525320396806,2026-08-20T00:09:10-04:00
02336000,2020-12-23,2180,A,61.730725570560004,5333.5346892963844,2026-08-20T00:09:10-04:00
02336000,2020-12-24,3460,A,97.976289208319997,8465.1513875988476,2026-08-20T00:09:10-04:00
02336000,2020-12-25,4960,A,140.45155909632001,12135.014705922049,2026-08-20T00:09:10-04:00
02336000,2020-12-26,2740,A,77.588159662080002,6703.6169948037123,2026-08-20T00:09:10-04:00
02336000,2020-12-27,2950,A,83.534697446400003,7217.3978593689599,2026-08-20T00:09:10-04:00
02336000,2020-12-28,2430,A,68.809937218560009,5945.1785756835843,2026-08-20T00:09:10-04:00
02336000,2020-12-29,4930,A,139.60205369856001,12061.617439555584,2026-08-20T00:09:10-04:00
02336000,2020-12-30,4620,A,130.82383125504001,11303.179020435457,2026-08-20T00:09:10-04:00
02336000,2020-12-31,4790,A,135.63769517567999,11719.096863178753,2026-08-20T00:09:10-04:00
02336000,2021-01-01,6950,A,196.80208381439999,17003.70004156416,2026-08-20T00:09:10-04:00
02336000,2021-01-02,6860,A,194.25356762112,16783.50824246477,2026-08-20T00:09:10-04:00
02336000,2021-01-03,4090,A,115.81590256128,10006.493981294592,2026-08-20T00:09:10-04:00
02336000,2021-01-04,3350,A,94.861436083200005,8196.0280775884803,2026-08-20T00:09:10-04:00
02336000,2021-01-05,6810,A,192.83772529152,16661.179465187328,2026-08-20T00:09:10-04:00
02336000,2021-01-06,6920,A,195.95257841663999,16930.302775197695,2026-08-20T00:09:10-04:00
02336000,2021-01-07,6320,A,178.96247046144001,15462.357447868417,2026-08-20T00:09:10-04:00
02336000,2021-01-08,5170,A,146.39809688064,12648.795570487297,2026-08-20T00:09:10-04:00
02336000,2021-01-09,5120,A,144.98225455104,12526.466793209856,2026-08-20T00:09:10-04:00
02336000,2021-01-10,2880,A,81.552518184960007,7046.137571180544,2026-08-20T00:09:10-04:00
02336000,2021-01-11,3010,A,85.233708241919999,7364.1923921018879,2026-08-20T00:09:10-04:00
02336000,2021-01-12,2910,A,82.402023582720005,7119.5348375470085,2026-08-20T00:09:10-04:00
02336000,2021-01-13,3010,A,85.233708241919999,7364.1923921018879,2026-08-20T00:09:10-04:00
02336000,2021-01-14,2960,A,83.817865912320002,7241.8636148244486,2026-08-20T00:09:10-04:00
02336000,2021-01-15,2900,A,82.118855116800006,7095.0690820915206,2026-08-20T00:09:10-04:00
02336000,2021-01-16,2690,A,76.172317332480006,6581.2882175262721,2026-08-20T00:09:10-04:00
02336000,2021-01-17,2630,A,74.473306536959996,6434.4936847933441,2026-08-20T00:09:10-04:00
02336000,2021-01-18,2490,A,70.508948014080005,6091.9731084165123,2026-08-20T00:09:10-04:00
02336000,2021-01-19,2920,A,82.685192048640005,7144.0005930024963,2026-08-20T00:09:10-04:00
02336000,2021-01-20,2640,A,74.756475002880009,6458.9594402488319,2026-08-20T00:09:10-04:00
02336000,2021-01-21,3040,A,86.083213639679997,7437.5896584683524,2026-08-20T00:09:10-04:00
02336000,2021-01-22,2800,A,79.287170457599998,6850.4115275366403,2026-08-20T00:09:10-04:00
02336000,2021-01-23,2060,A,58.332703979520005,5039.9456238305283,2026-08-20T00:09:10-04:00
02336000,2021-01-24,1940,A,54.934682388479999,4746.3565583646723,2026-08-20T00:09:10-04:00
02336000,2021-01-25,2030,A,57.48319858176,4966.5483574640639,2026-08-20T00:09:10-04:00
02336000,2021-01-26,4290,A,121.47927187968,10495.809090404353,2026-08-20T00:09:10-04:00
02336000,2021-01-27,4850,A,137.33670597119999,11865.89139591168,2026-08-20T00:09:10-04:00
02336000,2021-01-28,3910,A,110.71887017472001,9566.1103830958091,2026-08-20T00:09:10-04:00
02336000,2021-01-29,5310,A,150.36245540352002,12991.316146864128,2026-08-20T00:09:10-04:00
02336000,2021-01-30,4880,A,138.18621136896002,11939.288662278144,2026-08-20T00:09:10-04:00
02336000,2021-01-31,3840,A,108.73669091328,9394.8500949073932,2026-08-20T00:09:10-04:00
02336000,2021-02-01,4430,A,125.44363040256,10838.329666781185,2026-08-20T00:09:10-04:00
02336000,2021-02-02,4390,A,124.31095653888001,10740.466644959233,2026-08-20T00:09:10-04:00
02336000,2021-02-03,4300,A,121.7624403456,10520.27484585984,2026-08-20T00:09:10-04:00
02336000,2021-02-04,3120,A,88.348561367040006,7633.3157021122561,2026-08-20T00:09:10-04:00
02336000,2021-02-05,2950,A,83.534697446400003,7217.3978593689599,2026-08-20T00:09:10-04:00
02336000,2021-02-06,3150,A,89.198066764800004,7706.7129684787205,2026-08-20T00:09:10-04:00
02336000,2021-02-07,2980,A,84.384202844160001,7290.7951257354243,2026-08-20T00:09:10-04:00
02336000,2021-02-08,3150,A,89.198066764800004,7706.7129684787205,2026-08-20T00:09:10-04:00
02336000,2021-02-09,3220,A,91.180246026239999,7877.9732566671364,2026-08-20T00:09:10-04:00
02336000,2021-02-10,2940,A,83.251528980480003,7192.932103913472,2026-08-20T00:09:10-04:00
02336000,2021-02-11,3410,A,96.560446878720001,8342.8226103214074,2026-08-20T00:09:10-04:00
02336000,2021-02-12,4020,A,113.83372329984,9835.2336931061764,2026-08-20T00:09:10-04:00
02336000,2021-02-13,4230,A,119.78026108416,10349.014557671424,2026-08-20T00:09:10-04:00
02336000,2021-02-14,3930,A,111.28520710656001,9615.0418940067848,2026-08-20T00:09:10-04:00
02336000,2021-02-15,3740,A,105.90500625408001,9150.1925403525129,2026-08-20T00:09:10-04:00
02336000,2021-02-16,4950,A,140.16839063040001,12110.54895046656,2026-08-20T00:09:10-04:00
02336000,2021-02-17,6320,A,178.96247046144001,15462.357447868417,2026-08-20T00:09:10-04:00
02336000,2021-02-18,4830,A,136.77036903935999,11816.959885000704,2026-08-20T00:09:10-04:00
02336000,2021-02-19,6140,A,173.86543807488002,15021.973849669632,2026-08-20T00:09:10-04:00
02336000,2021-02-20,4960,A,140.45155909632001,12135.014705922049,2026-08-20T00:09:10-04:00
02336000,2021-02-21,4090,A,115.81590256128,10006.493981294592,2026-08-20T00:09:10-04:00
02336000,2021-02-22,3570,A,101.09114233344,8734.2746976092167,2026-08-20T00:09:10-04:00
02336000,2021-02-23,5100,A,144.4159176192,12477.535282298881,2026-08-20T00:09:10-04:00
02336000,2021-02-24,4230,A,119.78026108416,10349.014557671424,2026-08-20T00:09:10-04:00
02336000,2021-02-25,3560,A,100.80797386752,8709.8089421537279,2026-08-20T00:09:10-04:00
02336000,2021-02-26,3550,A,100.52480540160001,8685.343186698241,2026-08-20T00:09:10-04:00
02336000,2021-02-27,3780,A,107.03768011776,9248.0555621744643,2026-08-20T00:09:10-04:00
02336000,2021-02-28,2950,A,83.534697446400003,7217.3978593689599,2026-08-20T00:09:10-04:00
02336000,2021-03-01,4820,A,136.48720057343999,11792.494129545217,2026-08-20T00:09:10-04:00
02336000,2021-03-02,4340,A,122.89511420928001,10618.137867681793,2026-08-20T00:09:10-04:00
02336000,2021-03-03,4780,A,135.35452670975999,11694.631107723264,2026-08-20T00:09:10-04:00
02336000,2021-03-04,3230,A,91.463414492159998,7902.4390121226243,2026-08-20T00:09:10-04:00
02336000,2021-03-05,2720,A,77.021822730240004,6654.6854838927366,2026-08-20T00:09:10-04:00
02336000,2021-03-06,1660,A,47.005965342720003,4061.3154056110079,2026-08-20T00:09:10-04:00
02336000,2021-03-07,2290,A,64.845578695680004,5602.6579993067526,2026-08-20T00:09:10-04:00
02336000,2021-03-08,2560,A,72.49112727552,6263.2333966049282,2026-08-20T00:09:10-04:00
02336000,2021-03-09,3670,A,103.92282699264,8978.932252164097,2026-08-20T00:09:10-04:00
02336000,2021-03-10,2020,A,57.200030115840001,4942.082602008576,2026-08-20T00:09:10-04:00
02336000,2021-03-11,1530,A,43.324775285759998,3743.260584689664,2026-08-20T00:09:10-04:00
02336000,2021-03-12,2280,A,64.562410229760005,5578.1922438512638,2026-08-20T00:09:10-04:00
02336000,2021-03-13,2640,A,74.756475002880009,6458.9594402488319,2026-08-20T00:09:10-04:00
02336000,2021-03-14,2000,A,56.633693184000002,4893.1510910976003,2026-08-20T00:09:10-04:00
02336000,2021-03-15,2100,A,59.465377843200002,5137.8086456524798,2026-08-20T00:09:10-04:00
02336000,2021-03-16,3010,A,85.233708241919999,7364.1923921018879,2026-08-20T00:09:10-04:00
02336000,2021-03-17,2660,A,75.322811934720008,6507.8909511598085,2026-08-20T00:09:10-04:00
02336000,2021-03-18,2800,A,79.287170457599998,6850.4115275366403,2026-08-20T00:09:10-04:00
02336000,2021-03-19,4020,A,113.83372329984,9835.2336931061764,2026-08-20T00:09:10-04:00
02336000,2021-03-20,2320,A,65.695084093440002,5676.0552656732161,2026-08-20T00:09:10-04:00
02336000,2021-03-21,2170,A,61.447557104640005,5309.0689338408965,2026-08-20T00:09:10-04:00
02336000,2021-03-22,3460,A,97.976289208319997,8465.1513875988476,2026-08-20T00:09:10-04:00
02336000,2021-03-23,3560,A,100.80797386752,8709.8089421537279,2026-08-20T00:09:10-04:00
02336000,2021-03-24,4580,A,129.69115739136001,11205.315998613505,2026-08-20T00:09:10-04:00
02336000,2021-03-25,4870,A,137.90304290304002,11914.822906822656,2026-08-20T00:09:10-04:00
02336000,2021-03-26,7170,A,203.03179006464001,17541.946661584898,2026-08-20T00:09:10-04:00
02336000,2021-03-27,5410,A,153.19414006272001,13235.973701419009,2026-08-20T00:09:10-04:00
02336000,2021-03-28,4490,A,127.14264119808,10985.124199514112,2026-08-20T00:09:10-04:00
02336000,2021-03-29,6930,A,196.23574688255999,16954.768530653186,2026-08-20T00:09:10-04:00
02336000,2021-03-30,6520,A,184.62583977983999,15951.672556978176,2026-08-20T00:09:10-04:00
02336000,2021-03-31,8160,A,231.06546819072,19964.056451678207,2026-08-20T00:09:10-04:00
02336000,2021-04-01,8010,A,226.81794120192001,19597.070119845888,2026-08-20T00:09:10-04:00
02336000,2021-04-02,6490,A,183.77633438207999,15878.275290611713,2026-08-20T00:09:10-04:00
02336000,2021-04-03,6880,A,194.81990455296,16832.439753375744,2026-08-20T00:09:10-04:00
02336000,2021-04-04,4340,A,122.89511420928001,10618.137867681793,2026-08-20T00:09:10-04:00
02336000,2021-04-05,4900,A,138.75254830080002,11988.22017318912,2026-08-20T00:09:10-04:00
02336000,2021-04-06,5280,A,149.51295000576002,12917.918880497664,2026-08-20T00:09:10-04:00
02336000,2021-04-07,6120,A,173.29910114303999,14973.042338758656,2026-08-20T00:09:10-04:00
02336000,2021-04-08,5670,A,160.55652017663999,13872.083343261696,2026-08-20T00:09:10-04:00
02336000,2021-04-09,4700,A,133.0891789824,11498.905064079361,2026-08-20T00:09:10-04:00
02336000,2021-04-10,4570,A,129.40798892544001,11180.850243158016,2026-08-20T00:09:10-04:00
02336000,2021-04-11,2140,A,60.59805170688,5235.6716674744321,2026-08-20T00:09:10-04:00
02336000,2021-04-12,1610,A,45.590123013119999,3938.9866283335682,2026-08-20T00:09:10-04:00
02336000,2021-04-13,3910,A,110.71887017472001,9566.1103830958091,2026-08-20T00:09:10-04:00
02336000,2021-04-14,4250,A,120.346598016,10397.9460685824,2026-08-20T00:09:10-04:00
02336000,2021-04-15,3310,A,93.728762219520007,8098.165055766528,2026-08-20T00:09:10-04:00
02336000,2021-04-16,2720,A,77.021822730240004,6654.6854838927366,2026-08-20T00:09:10-04:00
02336000,2021-04-17,2730,A,77.304991196160003,6679.1512393482244,2026-08-20T00:09:10-04:00
02336000,2021-04-18,1890,A,53.518840058880002,4624.0277810872321,2026-08-20T00:09:10-04:00
02336000,2021-04-19,2020,A,57.200030115840001,4942.082602008576,2026-08-20T00:09:10-04:00
02336000,2021-04-20,2880,A,81.552518184960007,7046.137571180544,2026-08-20T00:09:10-04:00
02336000,2021-04-21,3560,A,100.80797386752,8709.8089421537279,2026-08-20T00:09:10-04:00
02336000,2021-04-22,4680,A,132.52284205056,11449.973553168384,2026-08-20T00:09:10-04:00
02336000,2021-04-23,4590,A,129.97432585728001,11229.781754068992,2026-08-20T00:09:10-04:00
02336000,2021-04-24,3900,A,110.4357017088,9541.6446276403203,2026-08-20T00:09:10-04:00
02336000,2021-04-25,3730,A,105.62183778816001,9125.7267848970241,2026-08-20T00:09:10-04:00
02336000,2021-04-26,1900,A,53.802008524800002,4648.49353654272,2026-08-20T00:09:10-04:00
02336000,2021-04-27,3810,A,107.88718551552,9321.4528285409287,2026-08-20T00:09:10-04:00
02336000,2021-04-28,3620,A,102.50698466304,8856.6034748866568,2026-08-20T00:09:10-04:00
02336000,2021-04-29,3660,A,103.63965852672,8954.4664967086082,2026-08-20T00:09:10-04:00
02336000,2021-04-30,3300,A,93.445593753600008,8073.6993003110401,2026-08-20T00:09:10-04:00
02336000,2021-05-01,2800,A,79.287170457599998,6850.4115275366403,2026-08-20T00:09:10-04:00
02336000,2021-05-02,1540,A,43.607943751680004,3767.7263401451523,2026-08-20T00:09:10-04:00
02336000,2021-05-03,5100,A,144.4159176192,12477.535282298881,2026-08-20T00:09:10-04:00
02336000,2021-05-04,8210,A,232.48131052031999,20086.385228955649,2026-08-20T00:09:10-04:00
02336000,2021-05-05,8010,A,226.81794120192001,19597.070119845888,2026-08-20T00:09:10-04:00
02336000,2021-05-06,4560,A,129.12482045952001,11156.384487702528,2026-08-20T00:09:10-04:00
02336000,2021-05-07,3770,A,106.75451165184001,9223.5898067189755,2026-08-20T00:09:10-04:00
02336000,2021-05-08,5220,A,147.81393921023999,12771.124347764737,2026-08-20T00:09:10-04:00
02336000,2021-05-09,2800,A,79.287170457599998,6850.4115275366403,2026-08-20T00:09:10-04:00
02336000,2021-05-10,3660,A,103.63965852672,8954.4664967086082,2026-08-20T00:09:10-04:00
02336000,2021-05-11,2870,A,81.269349719040008,7021.6718157250561,2026-08-20T00:09:10-04:00
02336000,2021-05-12,2910,A,82.402023582720005,7119.5348375470085,2026-08-20T00:09:10-04:00
02336000,2021-05-13,5630,A,159.42384631295999,13774.220321439745,2026-08-20T00:09:10-04:00
02336000,2021-05-14,5310,A,150.36245540352002,12991.316146864128,2026-08-20T00:09:10-04:00
02336000,2021-05-15,5610,A,158.85750938112,13725.288810528769,2026-08-20T00:09:10-04:00
02336000,2021-05-16,7360,A,208.41199091711999,18006.796015239168,2026-08-20T00:09:10-04:00
02336000,2021-05-17,4620,A,130.82383125504001,11303.179020435457,2026-08-20T00:09:10-04:00
02336000,2021-05-18,4390,A,124.31095653888001,10740.466644959233,2026-08-20T00:09:10-04:00
02336000,2021-05-19,3390,A,95.994109946880002,8293.8910994104317,2026-08-20T00:09:10-04:00
02336000,2021-05-20,2630,A,74.473306536959996,6434.4936847933441,2026-08-20T00:09:10-04:00
02336000,2021-05-21,3270,A,92.596088355839996,8000.3020339445766,2026-08-20T00:09:10-04:00
02336000,2021-05-22,3170,A,89.764403696640002,7755.6444793896962,2026-08-20T00:09:10-04:00
02336000,2021-05-23,1190,A,33.697047444479999,2911.4248992030721,2026-08-20T00:09:10-04:00
02336000,2021-05-24,3570,A,101.09114233344,8734.2746976092167,2026-08-20T00:09:10-04:00
02336000,2021-05-25,5490,A,155.45948779008,13431.699745062913,2026-08-20T00:09:10-04:00
02336000,2021-05-26,2860,A,80.986181253120009,6997.2060602695683,2026-08-20T00:09:10-04:00
02336000,2021-05-27,2750,A,77.871328128000002,6728.0827502592001,2026-08-20T00:09:10-04:00
02336000,2021-05-28,4620,A,130.82383125504001,11303.179020435457,2026-08-20T00:09:10-04:00
02336000,2021-05-29,3400,A,96.277278412800001,8318.3568548659205,2026-08-20T00:09:10-04:00
02336000,2021-05-30,2810,A,79.570338923519998,6874.8772829921281,2026-08-20T00:09:10-04:00
02336000,2021-05-31,2670,A,75.605980400640007,6532.3567066152964,2026-08-20T00:09:10-04:00
02336000,2021-06-01,4080,A,115.53273409536,9982.0282258391035,2026-08-20T00:09:10-04:00
02336000,2021-06-02,4460,A,126.29313580032,10911.726933147649,2026-08-20T00:09:10-04:00
02336000,2021-06-03,1210,A,34.263384376319998,2960.3564101140482,2026-08-20T00:09:10-04:00
02336000,2021-06-04,3340,A,94.578267617280005,8171.5623221329924,2026-08-20T00:09:10-04:00
02336000,2021-06-05,5740,A,162.53869943808002,14043.343631450112,2026-08-20T00:09:10-04:00
02336000,2021-06-06,2920,A,82.685192048640005,7144.0005930024963,2026-08-20T00:09:10-04:00
02336000,2021-06-07,3090,A,87.499055969280008,7559.9184357457925,2026-08-20T00:09:10-04:00
02336000,2021-06-08,3780,A,107.03768011776,9248.0555621744643,2026-08-20T00:09:10-04:00
02336000,2021-06-09,3660,A,103.63965852672,8954.4664967086082,2026-08-20T00:09:10-04:00
02336000,2021-06-10,3560,A,100.80797386752,8709.8089421537279,2026-08-20T00:09:10-04:00
02336000,2021-06-11,3190,A,90.330740628480001,7804.5759903006719,2026-08-20T00:09:10-04:00
02336000,2021-06-12,2050,A,58.049535513599999,5015.4798683750405,2026-08-20T00:09:10-04:00
02336000,2021-06-13,1480,A,41.908932956160001,3620.9318074122243,2026-08-20T00:09:10-04:00
02336000,2021-06-14,1630,A,46.156459944959998,3987.9181392445439,2026-08-20T00:09:10-04:00
02336000,2021-06-15,2530,A,71.641621877760002,6189.8361302384646,2026-08-20T00:09:10-04:00
02336000,2021-06-16,2430,A,68.809937218560009,5945.1785756835843,2026-08-20T00:09:10-04:00
02336000,2021-06-17,1830,A,51.819829263359999,4477.2332483543041,2026-08-20T00:09:10-04:00
02336000,2021-06-18,1960,A,55.501019320320005,4795.288069275648,2026-08-20T00:09:10-04:00
02336000,2021-06-19,1530,A,43.324775285759998,3743.260584689664,2026-08-20T00:09:10-04:00
02336000,2021-06-20,3940,A,111.56837557248001,9639.5076494622717,2026-08-20T00:09:10-04:00
02336000,2021-06-21,1620,A,45.873291479039999,3963.4523837890561,2026-08-20T00:09:10-04:00
02336000,2021-06-22,2940,A,83.251528980480003,7192.932103913472,2026-08-20T00:09:10-04:00
02336000,2021-06-23,2600,A,73.623801139199998,6361.0964184268805,2026-08-20T00:09:10-04:00
02336000,2021-06-24,1300,A,36.811900569599999,3180.5482092134403,2026-08-20T00:09:10-04:00
02336000,2021-06-25,1450,A,41.059427558400003,3547.5345410457603,2026-08-20T00:09:10-04:00
02336000,2021-06-26,1640,A,46.439628410880005,4012.3838947000322,2026-08-20T00:09:10-04:00
02336000,2021-06-27,1260,A,35.679226705920001,3082.6851873914879,2026-08-20T00:09:10-04:00
02336000,2021-06-28,1710,A,48.42180767232,4183.6441828884481,2026-08-20T00:09:10-04:00
02336000,2021-06-29,1440,A,40.776259092480004,3523.068785590272,2026-08-20T00:09:10-04:00
02336000,2021-06-30,1310,A,37.095069035519998,3205.0139646689281,2026-08-20T00:09:10-04:00
02336000,2021-07-01,2340,A,66.261421025280001,5724.9867765841918,2026-08-20T00:09:10-04:00
02336000,2021-07-02,1670,A,47.289133808640003,4085.7811610664962,2026-08-20T00:09:10-04:00
02336000,2021-07-03,1440,A,40.776259092480004,3523.068785590272,2026-08-20T00:09:10-04:00
02336000,2021-07-04,1300,A,36.811900569599999,3180.5482092134403,2026-08-20T00:09:10-04:00
02336000,2021-07-05,1100,A,31.148531251200001,2691.23310010368,2026-08-20T00:09:10-04:00
02336000,2021-07-06,1410,A,39.926753694719999,3449.671519223808,2026-08-20T00:09:10-04:00
02336000,2021-07-07,1280,A,36.24556363776,3131.6166983024641,2026-08-20T00:09:10-04:00
02336000,2021-07-08,1210,A,34.263384376319998,2960.3564101140482,2026-08-20T00:09:10-04:00
02336000,2021-07-09,2030,A,57.48319858176,4966.5483574640639,2026-08-20T00:09:10-04:00
02336000,2021-07-10,1930,A,54.65151392256,4721.8908029091845,2026-08-20T00:09:10-04:00
02336000,2021-07-11,1430,A,40.493090626560004,3498.6030301347841,2026-08-20T00:09:10-04:00
02336000,2021-07-12,1470,A,41.625764490240002,3596.466051956736,2026-08-20T00:09:10-04:00
02336000,2021-07-13,1750,A,49.554481536000004,4281.5072047104004,2026-08-20T00:09:10-04:00
02336000,2021-07-14,1810,A,51.25349233152,4428.3017374433284,2026-08-20T00:09:10-04:00
02336000,2021-07-15,1760,A,49.837650001920004,4305.9729601658883,2026-08-20T00:09:10-04:00
02336000,2021-07-16,1250,A,35.396058240000002,3058.2194319360001,2026-08-20T00:09:10-04:00
02336000,2021-07-17,1520,A,43.041606819839998,3718.7948292341762,2026-08-20T00:09:10-04:00
02336000,2021-07-18,1330,A,37.661405967360004,3253.9454755799043,2026-08-20T00:09:10-04:00
02336000,2021-07-19,2090,A,59.182209377280003,5113.3428901969919,2026-08-20T00:09:10-04:00
02336000,2021-07-20,2410,A,68.243600286719996,5896.2470647726086,2026-08-20T00:09:10-04:00
02336000,2021-07-21,2970,A,84.101034378240001,7266.3293702799365,2026-08-20T00:09:10-04:00
02336000,2021-07-22,3580,A,101.37431079936,8758.7404530647036,2026-08-20T00:09:10-04:00
02336000,2021-07-23,4240,A,120.06342955008,10373.480313126913,2026-08-20T00:09:10-04:00
02336000,2021-07-24,4900,A,138.75254830080002,11988.22017318912,2026-08-20T00:09:10-04:00
02336000,2021-07-25,2820,A,79.853507389439997,6899.343038447616,2026-08-20T00:09:10-04:00
02336000,2021-07-26,4580,A,129.69115739136001,11205.315998613505,2026-08-20T00:09:10-04:00
02336000,2021-07-27,4000,A,113.267386368,9786.3021821952007,2026-08-20T00:09:10-04:00
02336000,2021-07-28,3340,A,94.578267617280005,8171.5623221329924,2026-08-20T00:09:10-04:00
02336000,2021-07-29,3350,A,94.861436083200005,8196.0280775884803,2026-08-20T00:09:10-04:00
02336000,2021-07-30,3000,A,84.950539775999999,7339.7266366464,2026-08-20T00:09:10-04:00
02336000,2021-07-31,1540,A,43.607943751680004,3767.7263401451523,2026-08-20T00:09:10-04:00
02336000,2021-08-01,1380,A,39.077248296960001,3376.274252857344,2026-08-20T00:09:10-04:00
02336000,2021-08-02,1230,A,34.829721308160003,3009.2879210250239,2026-08-20T00:09:10-04:00
02336000,2021-08-03,1250,A,35.396058240000002,3058.2194319360001,2026-08-20T00:09:10-04:00
02336000,2021-08-04,1240,A,35.112889774080003,3033.7536764805122,2026-08-20T00:09:10-04:00
02336000,2021-08-05,1400,A,39.643585228799999,3425.2057637683201,2026-08-20T00:09:10-04:00
02336000,2021-08-06,1280,A:e,36.24556363776,3131.6166983024641,2026-08-20T00:09:10-04:00
02336000,2021-08-07,1320,A:e,37.378237501440005,3229.479720124416,2026-08-20T00:09:10-04:00
02336000,2021-08-08,1230,A,34.829721308160003,3009.2879210250239,2026-08-20T00:09:10-04:00
02336000,2021-08-09,1300,A,36.811900569599999,3180.5482092134403,2026-08-20T00:09:10-04:00
02336000,2021-08-10,1730,A,48.988144604159999,4232.5756937994238,2026-08-20T00:09:10-04:00
02336000,2021-08-11,2430,A,68.809937218560009,5945.1785756835843,2026-08-20T00:09:10-04:00
02336000,2021-08-12,2240,A,63.42973636608,5480.3292220293124,2026-08-20T00:09:10-04:00
02336000,2021-08-13,2360,A,66.827757957119999,5773.9182874951684,2026-08-20T00:09:10-04:00
02336000,2021-08-14,2660,A,75.322811934720008,6507.8909511598085,2026-08-20T00:09:10-04:00
02336000,2021-08-15,1300,A,36.811900569599999,3180.5482092134403,2026-08-20T00:09:10-04:00
02336000,2021-08-16,1260,A,35.679226705920001,3082.6851873914879,2026-08-20T00:09:10-04:00
02336000,2021-08-17,5440,A,154.04364546048001,13309.370967785473,2026-08-20T00:09:10-04:00
02336000,2021-08-18,3540,A,100.24163693568001,8660.8774312427522,2026-08-20T00:09:10-04:00
02336000,2021-08-19,2460,A,69.659442616320007,6018.5758420500479,2026-08-20T00:09:10-04:00
02336000,2021-08-20,2520,A,71.358453411840003,6165.3703747829759,2026-08-20T00:09:10-04:00
02336000,2021-08-21,2370,A,67.110926423039999,5798.3840429506563,2026-08-20T00:09:10-04:00
02336000,2021-08-22,2740,A,77.588159662080002,6703.6169948037123,2026-08-20T00:09:10-04:00
02336000,2021-08-23,3110,A,88.065392901120006,7608.8499466567682,2026-08-20T00:09:10-04:00
02336000,2021-08-24,4520,A,127.99214659584,11058.521465880576,2026-08-20T00:09:10-04:00
02336000,2021-08-25,5730,A,162.25553097216002,14018.877875994625,2026-08-20T00:09:10-04:00
02336000,2021-08-26,6370,A,180.37831279104,15584.686225145857,2026-08-20T00:09:10-04:00
02336000,2021-08-27,5250,A,148.66344460799999,12844.521614131201,2026-08-20T00:09:10-04:00
02336000,2021-08-28,6490,A,183.77633438207999,15878.275290611713,2026-08-20T00:09:10-04:00
02336000,2021-08-29,4360,A,123.46145114112001,10667.069378592769,2026-08-20T00:09:10-04:00
02336000,2021-08-30,3460,A,97.976289208319997,8465.1513875988476,2026-08-20T00:09:10-04:00
02336000,2021-08-31,4800,A,135.92086364159999,11743.56261863424,2026-08-20T00:09:10-04:00
02336000,2021-09-01,2390,A,67.677263354879997,5847.315553861632,2026-08-20T00:09:10-04:00
02336000,2021-09-02,3130,A,88.631729832960005,7657.7814575677439,2026-08-20T00:09:10-04:00
02336000,2021-09-03,4000,A,113.267386368,9786.3021821952007,2026-08-20T00:09:10-04:00
02336000,2021-09-04,1280,A,36.24556363776,3131.6166983024641,2026-08-20T00:09:10-04:00
02336000,2021-09-05,1260,A,35.679226705920001,3082.6851873914879,2026-08-20T00:09:10-04:00
02336000,2021-09-06,1260,A,35.679226705920001,3082.6851873914879,2026-08-20T00:09:10-04:00
02336000,2021-09-07,2510,A,71.075284945920004,6140.904619327488,2026-08-20T00:09:10-04:00
02336000,2021-09-08,12000,A,339.802159104,29358.9065465856,2026-08-20T00:09:10-04:00
02336000,2021-09-09,4830,A,136.77036903935999,11816.959885000704,2026-08-20T00:09:10-04:00
02336000,2021-09-10,3980,A,112.70104943616001,9737.370671284225,2026-08-20T00:09:10-04:00
02336000,2021-09-11,3410,A,96.560446878720001,8342.8226103214074,2026-08-20T00:09:10-04:00
02336000,2021-09-12,1270,A,35.962395171840001,3107.1509428469762,2026-08-20T00:09:10-04:00
02336000,2021-09-13,1260,A,35.679226705920001,3082.6851873914879,2026-08-20T00:09:10-04:00
02336000,2021-09-14,2790,A,79.004001991679999,6825.9457720811524,2026-08-20T00:09:10-04:00
02336000,2021-09-15,3300,A,93.445593753600008,8073.6993003110401,2026-08-20T00:09:10-04:00
02336000,2021-09-16,3410,A,96.560446878720001,8342.8226103214074,2026-08-20T00:09:10-04:00
02336000,2021-09-17,2970,A,84.101034378240001,7266.3293702799365,2026-08-20T00:09:10-04:00
02336000,2021-09-18,2630,A,74.473306536959996,6434.4936847933441,2026-08-20T00:09:10-04:00
02336000,2021-09-19,1630,A,46.156459944959998,3987.9181392445439,2026-08-20T00:09:10-04:00
02336000,2021-09-20,1900,A,53.802008524800002,4648.49353654272,2026-08-20T00:09:10-04:00
02336000,2021-09-21,5960,A,168.76840568832,14581.590251470849,2026-08-20T00:09:10-04:00
02336000,2021-09-22,4700,A,133.0891789824,11498.905064079361,2026-08-20T00:09:10-04:00
02336000,2021-09-23,3800,A,107.6040170496,9296.98707308544,2026-08-20T00:09:10-04:00
02336000,2021-09-24,3150,A,89.198066764800004,7706.7129684787205,2026-08-20T00:09:10-04:00
02336000,2021-09-25,3090,A,87.499055969280008,7559.9184357457925,2026-08-20T00:09:10-04:00
02336000,2021-09-26,1630,A,46.156459944959998,3987.9181392445439,2026-08-20T00:09:10-04:00
02336000,2021-09-27,1830,A,51.819829263359999,4477.2332483543041,2026-08-20T00:09:10-04:00
02336000,2021-09-28,3830,A,108.45352244736,9370.3843394519045,2026-08-20T00:09:10-04:00
02336000,2021-09-29,3310,A,93.728762219520007,8098.165055766528,2026-08-20T00:09:10-04:00
02336000,2021-09-30,2850,A,80.703012787199995,6972.7403048140804,2026-08-20T00:09:10-04:00
02336000,2021-10-01,2180,A,61.730725570560004,5333.5346892963844,2026-08-20T00:09:10-04:00
02336000,2021-10-02,2660,A,75.322811934720008,6507.8909511598085,2026-08-20T00:09:10-04:00
02336000,2021-10-03,2400,A,67.960431820799997,5871.7813093171198,2026-08-20T00:09:10-04:00
02336000,2021-10-04,2460,A,69.659442616320007,6018.5758420500479,2026-08-20T00:09:10-04:00
02336000,2021-10-05,3800,A,107.6040170496,9296.98707308544,2026-08-20T00:09:10-04:00
02336000,2021-10-06,3910,A,110.71887017472001,9566.1103830958091,2026-08-20T00:09:10-04:00
02336000,2021-10-07,2460,A,69.659442616320007,6018.5758420500479,2026-08-20T00:09:10-04:00
02336000,2021-10-08,4470,A,126.57630426624,10936.192688603136,2026-08-20T00:09:10-04:00
02336000,2021-10-09,3550,A,100.52480540160001,8685.343186698241,2026-08-20T00:09:10-04:00
02336000,2021-10-10,1720,A,48.704976138239999,4208.1099383439359,2026-08-20T00:09:10-04:00
02336000,2021-10-11,2150,A,60.881220172799999,5260.1374229299199,2026-08-20T00:09:10-04:00
02336000,2021-10-12,2770,A,78.43766505984,6777.0142611701758,2026-08-20T00:09:10-04:00
02336000,2021-10-13,5130,A,145.26542301696,12550.932548665345,2026-08-20T00:09:10-04:00
02336000,2021-10-14,6530,A,184.90900824575999,15976.138312433664,2026-08-20T00:09:10-04:00
02336000,2021-10-15,6700,A,189.72287216640001,16392.056155176961,2026-08-20T00:09:10-04:00
02336000,2021-10-16,5170,A,146.39809688064,12648.795570487297,2026-08-20T00:09:10-04:00
02336000,2021-10-17,3340,A,94.578267617280005,8171.5623221329924,2026-08-20T00:09:10-04:00
02336000,2021-10-18,3370,A,95.427773015040003,8244.959588499456,2026-08-20T00:09:10-04:00
02336000,2021-10-19,4550,A,128.84165199360001,11131.918732247041,2026-08-20T00:09:10-04:00
02336000,2021-10-20,3780,A,107.03768011776,9248.0555621744643,2026-08-20T00:09:10-04:00
02336000,2021-10-21,4170,A,118.08125028864001,10202.220024938497,2026-08-20T00:09:10-04:00
02336000,2021-10-22,4170,A,118.08125028864001,10202.220024938497,2026-08-20T00:09:10-04:00
02336000,2021-10-23,4060,A,114.96639716352,9933.0967149281278,2026-08-20T00:09:10-04:00
02336000,2021-10-24,2450,A,69.376274150400008,5994.11008659456,2026-08-20T00:09:10-04:00
02336000,2021-10-25,2890,A,81.835686650880007,7070.6033266360319,2026-08-20T00:09:10-04:00
02336000,2021-10-26,2660,A,75.322811934720008,6507.8909511598085,2026-08-20T00:09:10-04:00
02336000,2021-10-27,2500,A,70.792116480000004,6116.4388638720002,2026-08-20T00:09:10-04:00
02336000,2021-10-28,2810,A,79.570338923519998,6874.8772829921281,2026-08-20T00:09:10-04:00
02336000,2021-10-29,2580,A,73.057464207359999,6312.1649075159039,2026-08-20T00:09:10-04:00
02336000,2021-10-30,2630,A,74.473306536959996,6434.4936847933441,2026-08-20T00:09:10-04:00
02336000,2021-10-31,1490,A,42.19210142208,3645.3975628677122,2026-08-20T00:09:10-04:00
02336000,2021-11-01,1540,A,43.607943751680004,3767.7263401451523,2026-08-20T00:09:10-04:00
02336000,2021-11-02,2550,A,72.207958809600001,6238.7676411494404,2026-08-20T00:09:10-04:00
02336000,2021-11-03,2620,A,74.190138071039996,6410.0279293378562,2026-08-20T00:09:10-04:00
02336000,2021-11-04,2890,A,81.835686650880007,7070.6033266360319,2026-08-20T00:09:10-04:00
02336000,2021-11-05,2890,A,81.835686650880007,7070.6033266360319,2026-08-20T00:09:10-04:00
02336000,2021-11-06,1610,A,45.590123013119999,3938.9866283335682,2026-08-20T00:09:10-04:00
02336000,2021-11-07,1880,A,53.235671592960003,4599.5620256317443,2026-08-20T00:09:10-04:00
02336000,2021-11-08,2260,A,63.996073297919999,5529.2607329402881,2026-08-20T00:09:10-04:00
02336000,2021-11-09,2550,A,72.207958809600001,6238.7676411494404,2026-08-20T00:09:10-04:00
02336000,2021-11-10,2390,A,67.677263354879997,5847.315553861632,2026-08-20T00:09:10-04:00
02336000,2021-11-11,2620,A,74.190138071039996,6410.0279293378562,2026-08-20T00:09:10-04:00
02336000,2021-11-12,3720,A,105.33866932224001,9101.2610294415372,2026-08-20T00:09:10-04:00
02336000,2021-11-13,2450,A,69.376274150400008,5994.11008659456,2026-08-20T00:09:10-04:00
02336000,2021-11-14,2550,A,72.207958809600001,6238.7676411494404,2026-08-20T00:09:10-04:00
02336000,2021-11-15,2290,A,64.845578695680004,5602.6579993067526,2026-08-20T00:09:10-04:00
02336000,2021-11-16,2540,A,71.924790343680002,6214.3018856939525,2026-08-20T00:09:10-04:00
02336000,2021-11-17,2060,A,58.332703979520005,5039.9456238305283,2026-08-20T00:09:10-04:00
02336000,2021-11-18,2280,A,64.562410229760005,5578.1922438512638,2026-08-20T00:09:10-04:00
02336000,2021-11-19,1470,A,41.625764490240002,3596.466051956736,2026-08-20T00:09:10-04:00
02336000,2021-11-20,1500,A,42.475269888,3669.8633183232,2026-08-20T00:09:10-04:00
02336000,2021-11-21,1850,A,52.386166195200005,4526.1647592652798,2026-08-20T00:09:10-04:00
02336000,2021-11-22,2030,A,57.48319858176,4966.5483574640639,2026-08-20T00:09:10-04:00
02336000,2021-11-23,2500,A,70.792116480000004,6116.4388638720002,2026-08-20T00:09:10-04:00
02336000,2021-11-24,2690,A,76.172317332480006,6581.2882175262721,2026-08-20T00:09:10-04:00
02336000,2021-11-25,1960,A,55.501019320320005,4795.288069275648,2026-08-20T00:09:10-04:00
02336000,2021-11-26,1670,A,47.289133808640003,4085.7811610664962,2026-08-20T00:09:10-04:00
02336000,2021-11-27,2050,A,58.049535513599999,5015.4798683750405,2026-08-20T00:09:10-04:00
02336000,2021-11-28,1560,A,44.174280683520003,3816.657851056128,2026-08-20T00:09:10-04:00
02336000,2021-11-29,1790,A,50.687155399680002,4379.3702265323518,2026-08-20T00:09:10-04:00
02336000,2021-11-30,1950,A,55.217850854399998,4770.8223138201602,2026-08-20T00:09:10-04:00
02336000,2021-12-01,1930,A,54.65151392256,4721.8908029091845,2026-08-20T00:09:10-04:00
02336000,2021-12-02,1770,A,50.120818467840003,4330.4387156213761,2026-08-20T00:09:10-04:00
02336000,2021-12-03,1720,A,48.704976138239999,4208.1099383439359,2026-08-20T00:09:10-04:00
02336000,2021-12-04,1670,A,47.289133808640003,4085.7811610664962,2026-08-20T00:09:10-04:00
02336000,2021-12-05,1400,A,39.643585228799999,3425.2057637683201,2026-08-20T00:09:10-04:00
02336000,2021-12-06,2200,A,62.297062502400003,5382.4662002073601,2026-08-20T00:09:10-04:00
02336000,2021-12-07,2390,A,67.677263354879997,5847.315553861632,2026-08-20T00:09:10-04:00
02336000,2021-12-08,2100,A,59.465377843200002,5137.8086456524798,2026-08-20T00:09:10-04:00
02336000,2021-12-09,2030,A,57.48319858176,4966.5483574640639,2026-08-20T00:09:10-04:00
02336000,2021-12-10,2070,A,58.615872445440004,5064.4113792860162,2026-08-20T00:09:10-04:00
02336000,2021-12-11,1730,A,48.988144604159999,4232.5756937994238,2026-08-20T00:09:10-04:00
02336000,2021-12-12,1720,A,48.704976138239999,4208.1099383439359,2026-08-20T00:09:10-04:00
02336000,2021-12-13,2160,A,61.164388638719998,5284.6031783854078,2026-08-20T00:09:10-04:00
02336000,2021-12-14,2080,A,58.899040911360004,5088.8771347415041,2026-08-20T00:09:10-04:00
02336000,2021-12-15,1890,A,53.518840058880002,4624.0277810872321,2026-08-20T00:09:10-04:00
02336000,2021-12-16,1890,A,53.518840058880002,4624.0277810872321,2026-08-20T00:09:10-04:00
02336000,2021-12-17,1710,A,48.42180767232,4183.6441828884481,2026-08-20T00:09:10-04:00
02336000,2021-12-18,1860,A,52.669334661120004,4550.6305147207686,2026-08-20T00:09:10-04:00
02336000,2021-12-19,2290,A,64.845578695680004,5602.6579993067526,2026-08-20T00:09:10-04:00
02336000,2021-12-20,2370,A,67.110926423039999,5798.3840429506563,2026-08-20T00:09:10-04:00
02336000,2021-12-21,2280,A,64.562410229760005,5578.1922438512638,2026-08-20T00:09:10-04:00
02336000,2021-12-22,1820,A,51.53666079744,4452.7674928988163,2026-08-20T00:09:10-04:00
02336000,2021-12-23,1830,A,51.819829263359999,4477.2332483543041,2026-08-20T00:09:10-04:00
02336000,2021-12-24,1850,A,52.386166195200005,4526.1647592652798,2026-08-20T00:09:10-04:00
02336000,2021-12-25,1650,A,46.722796876800004,4036.8496501555201,2026-08-20T00:09:10-04:00
02336000,2021-12-26,1200,A,33.980215910399998,2935.8906546585599,2026-08-20T00:09:10-04:00
02336000,2021-12-27,1340,A,37.944574433280003,3278.4112310353921,2026-08-20T00:09:10-04:00
02336000,2021-12-28,1880,A,53.235671592960003,4599.5620256317443,2026-08-20T00:09:10-04:00
02336000,2021-12-29,2400,A,67.960431820799997,5871.7813093171198,2026-08-20T00:09:10-04:00
02336000,2021-12-30,6750,A,191.13871449600001,16514.384932454399,2026-08-20T00:09:10-04:00
02336000,2021-12-31,5100,A,144.4159176192,12477.535282298881,2026-08-20T00:09:10-04:00
02336000,2022-01-01,2940,A,83.251528980480003,7192.932103913472,2026-08-20T00:09:10-04:00
02336000,2022-01-02,4460,A,126.29313580032,10911.726933147649,2026-08-20T00:09:10-04:00
02336000,2022-01-03,6100,A,172.73276421119999,14924.11082784768,2026-08-20T00:09:10-04:00
02336000,2022-01-04,4520,A,127.99214659584,11058.521465880576,2026-08-20T00:09:10-04:00
02336000,2022-01-05,3350,A,94.861436083200005,8196.0280775884803,2026-08-20T00:09:10-04:00
02336000,2022-01-06,3250,A,92.029751423999997,7951.3705230336,2026-08-20T00:09:10-04:00
02336000,2022-01-07,3140,A,88.914898298880004,7682.2472130232327,2026-08-20T00:09:10-04:00
02336000,2022-01-08,2700,A,76.455485798400005,6605.7539729817599,2026-08-20T00:09:10-04:00
02336000,2022-01-09,2480,A,70.225779548160006,6067.5073529610245,2026-08-20T00:09:10-04:00
02336000,2022-01-10,3100,A,87.782224435200007,7584.3841912012804,2026-08-20T00:09:10-04:00
02336000,2022-01-11,4980,A,141.01789602816001,12183.946216833025,2026-08-20T00:09:10-04:00
02336000,2022-01-12,5080,A,143.84958068736,12428.603771387905,2026-08-20T00:09:10-04:00
02336000,2022-01-13,3800,A,107.6040170496,9296.98707308544,2026-08-20T00:09:10-04:00
02336000,2022-01-14,3000,A,84.950539775999999,7339.7266366464,2026-08-20T00:09:10-04:00
02336000,2022-01-15,3240,A,91.746582958079998,7926.9047675781121,2026-08-20T00:09:10-04:00
02336000,2022-01-16,4060,A,114.96639716352,9933.0967149281278,2026-08-20T00:09:10-04:00
02336000,2022-01-17,3900,A,110.4357017088,9541.6446276403203,2026-08-20T00:09:10-04:00
02336000,2022-01-18,4160,A,117.79808182272001,10177.754269483008,2026-08-20T00:09:10-04:00
02336000,2022-01-19,2920,A,82.685192048640005,7144.0005930024963,2026-08-20T00:09:10-04:00
02336000,2022-01-20,2920,A,82.685192048640005,7144.0005930024963,2026-08-20T00:09:10-04:00
02336000,2022-01-21,2650,A,75.039643468800008,6483.4251957043198,2026-08-20T00:09:10-04:00
02336000,2022-01-22,2880,A,81.552518184960007,7046.137571180544,2026-08-20T00:09:10-04:00
02336000,2022-01-23,2220,A,62.863399434240002,5431.3977111183358,2026-08-20T00:09:10-04:00
02336000,2022-01-24,2390,A,67.677263354879997,5847.315553861632,2026-08-20T00:09:10-04:00
02336000,2022-01-25,2960,A,83.817865912320002,7241.8636148244486,2026-08-20T00:09:10-04:00
02336000,2022-01-26,2930,A,82.968360514560004,7168.4663484579842,2026-08-20T00:09:10-04:00
02336000,2022-01-27,2510,A,71.075284945920004,6140.904619327488,2026-08-20T00:09:10-04:00
02336000,2022-01-28,1640,A,46.439628410880005,4012.3838947000322,2026-08-20T00:09:10-04:00
02336000,2022-01-29,1410,A,39.926753694719999,3449.671519223808,2026-08-20T00:09:10-04:00
02336000,2022-01-30,2030,A,57.48319858176,4966.5483574640639,2026-08-20T00:09:10-04:00
02336000,2022-01-31,2180,A,61.730725570560004,5333.5346892963844,2026-08-20T00:09:10-04:00
02336000,2022-02-01,2130,A,60.31488324096,5211.2059120189442,2026-08-20T00:09:10-04:00
02336000,2022-02-02,2070,A,58.615872445440004,5064.4113792860162,2026-08-20T00:09:10-04:00
02336000,2022-02-03,2590,A,73.340632673279998,6336.6306629713918,2026-08-20T00:09:10-04:00
02336000,2022-02-04,7760,A,219.73872955392,18985.426233458689,2026-08-20T00:09:10-04:00
02336000,2022-02-05,5630,A,159.42384631295999,13774.220321439745,2026-08-20T00:09:10-04:00
02336000,2022-02-06,2770,A,78.43766505984,6777.0142611701758,2026-08-20T00:09:10-04:00
02336000,2022-02-07,3100,A,87.782224435200007,7584.3841912012804,2026-08-20T00:09:10-04:00
02336000,2022-02-08,6110,A,173.01593267711999,14948.576583303169,2026-08-20T00:09:10-04:00
02336000,2022-02-09,6320,A,178.96247046144001,15462.357447868417,2026-08-20T00:09:10-04:00
02336000,2022-02-10,6620,A,187.45752443904001,16196.330111533056,2026-08-20T00:09:10-04:00
02336000,2022-02-11,6380,A,180.66148125696,15609.151980601344,2026-08-20T00:09:10-04:00
02336000,2022-02-12,6360,A,180.09514432512,15560.220469690368,2026-08-20T00:09:10-04:00
02336000,2022-02-13,5330,A,150.92879233536001,13040.247657775104,2026-08-20T00:09:10-04:00
02336000,2022-02-14,4800,A,135.92086364159999,11743.56261863424,2026-08-20T00:09:10-04:00
02336000,2022-02-15,6850,A,193.9703991552,16759.042487009279,2026-08-20T00:09:10-04:00
02336000,2022-02-16,3340,A,94.578267617280005,8171.5623221329924,2026-08-20T00:09:10-04:00
02336000,2022-02-17,3270,A,92.596088355839996,8000.3020339445766,2026-08-20T00:09:10-04:00
02336000,2022-02-18,4930,A,139.60205369856001,12061.617439555584,2026-08-20T00:09:10-04:00
02336000,2022-02-19,3800,A,107.6040170496,9296.98707308544,2026-08-20T00:09:10-04:00
02336000,2022-02-20,4440,A,125.72679886848,10862.795422236672,2026-08-20T00:09:10-04:00
02336000,2022-02-21,3100,A,87.782224435200007,7584.3841912012804,2026-08-20T00:09:10-04:00
02336000,2022-02-22,5380,A,152.34463466496001,13162.576435052544,2026-08-20T00:09:10-04:00
02336000,2022-02-23,4500,A,127.425809664,11009.589954969601,2026-08-20T00:09:10-04:00
02336000,2022-02-24,4260,A,120.62976648192,10422.411824037888,2026-08-20T00:09:10-04:00
02336000,2022-02-25,3770,A,106.75451165184001,9223.5898067189755,2026-08-20T00:09:10-04:00
02336000,2022-02-26,2920,A,82.685192048640005,7144.0005930024963,2026-08-20T00:09:10-04:00
02336000,2022-02-27,3900,A,110.4357017088,9541.6446276403203,2026-08-20T00:09:10-04:00
02336000,2022-02-28,5180,A,146.68126534656,12673.261325942784,2026-08-20T00:09:10-04:00
02336000,2022-03-01,4760,A,134.78818977792,11645.699596812288,2026-08-20T00:09:10-04:00
02336000,2022-03-02,5030,A,142.43373835776001,12306.274994110465,2026-08-20T00:09:10-04:00
02336000,2022-03-03,4120,A,116.66540795904001,10079.891247661057,2026-08-20T00:09:10-04:00
02336000,2022-03-04,3280,A,92.879256821760009,8024.7677894000644,2026-08-20T00:09:10-04:00
02336000,2022-03-05,2840,A,80.419844321279996,6948.2745493585926,2026-08-20T00:09:10-04:00
02336000,2022-03-06,2920,A,82.685192048640005,7144.0005930024963,2026-08-20T00:09:10-04:00
02336000,2022-03-07,3200,A,90.6139090944,7829.0417457561598,2026-08-20T00:09:10-04:00
02336000,2022-03-08,5100,A,144.4159176192,12477.535282298881,2026-08-20T00:09:10-04:00
02336000,2022-03-09,7650,A,216.6238764288,18716.302923448322,2026-08-20T00:09:10-04:00
02336000,2022-03-10,5670,A,160.55652017663999,13872.083343261696,2026-08-20T00:09:10-04:00
02336000,2022-03-11,5040,A,142.71690682368001,12330.740749565952,2026-08-20T00:09:10-04:00
02336000,2022-03-12,4650,A,131.6733366528,11376.576286801921,2026-08-20T00:09:10-04:00
02336000,2022-03-13,6260,A,177.26345966592001,15315.562915135488,2026-08-20T00:09:10-04:00
02336000,2022-03-14,4340,A,122.89511420928001,10618.137867681793,2026-08-20T00:09:10-04:00
02336000,2022-03-15,4150,A,117.51491335680001,10153.288514027521,2026-08-20T00:09:10-04:00
02336000,2022-03-16,5920,A,167.63573182464,14483.727229648897,2026-08-20T00:09:10-04:00
02336000,2022-03-17,6220,A,176.13078580224001,15217.699893313536,2026-08-20T00:09:10-04:00
02336000,2022-03-18,5900,A,167.06939489280001,14434.79571873792,2026-08-20T00:09:10-04:00
02336000,2022-03-19,5050,A,143.00007528960001,12355.206505021441,2026-08-20T00:09:10-04:00
02336000,2022-03-20,4580,A,129.69115739136001,11205.315998613505,2026-08-20T00:09:10-04:00
02336000,2022-03-21,5010,A,141.86740142592001,12257.343483199489,2026-08-20T00:09:10-04:00
02336000,2022-03-22,4740,A,134.22185284608,11596.768085901313,2026-08-20T00:09:10-04:00
02336000,2022-03-23,6590,A,186.60801904128002,16122.932845166593,2026-08-20T00:09:10-04:00
02336000,2022-03-24,6730,A,190.57237756416001,16465.453421543425,2026-08-20T00:09:10-04:00
02336000,2022-03-25,4860,A,137.61987443712002,11890.357151367169,2026-08-20T00:09:10-04:00
02336000,2022-03-26,2380,A,67.394094888959998,5822.8497984061441,2026-08-20T00:09:10-04:00
02336000,2022-03-27,5440,A,154.04364546048001,13309.370967785473,2026-08-20T00:09:10-04:00
02336000,2022-03-28,7090,A,200.76644233728001,17346.220617940991,2026-08-20T00:09:10-04:00
02336000,2022-03-29,7060,A,199.91693693952001,17272.823351574527,2026-08-20T00:09:10-04:00
02336000,2022-03-30,4950,A,140.16839063040001,12110.54895046656,2026-08-20T00:09:10-04:00
02336000,2022-03-31,5890,A,166.78622642688001,14410.329963282433,2026-08-20T00:09:10-04:00
02336000,2022-04-01,4920,A,139.31888523264001,12037.151684100096,2026-08-20T00:09:10-04:00
02336000,2022-04-02,3730,A,105.62183778816001,9125.7267848970241,2026-08-20T00:09:10-04:00
02336000,2022-04-03,4270,A,120.91293494784,10446.877579493377,2026-08-20T00:09:10-04:00
02336000,2022-04-04,4030,A,114.11689176576,9859.6994485616651,2026-08-20T00:09:10-04:00
02336000,2022-04-05,6190,A,175.28128040448001,15144.302626947072,2026-08-20T00:09:10-04:00
02336000,2022-04-06,6950,A,196.80208381439999,17003.70004156416,2026-08-20T00:09:10-04:00
02336000,2022-04-07,5470,A,154.89315085824001,13382.768234151936,2026-08-20T00:09:10-04:00
02336000,2022-04-08,4460,A,126.29313580032,10911.726933147649,2026-08-20T00:09:10-04:00
02336000,2022-04-09,4130,A,116.94857642496001,10104.357003116544,2026-08-20T00:09:10-04:00
02336000,2022-04-10,3920,A,111.00203864064001,9590.576138551296,2026-08-20T00:09:10-04:00
02336000,2022-04-11,4250,A,120.346598016,10397.9460685824,2026-08-20T00:09:10-04:00
02336000,2022-04-12,3790,A,107.32084858368,9272.521317629953,2026-08-20T00:09:10-04:00
02336000,2022-04-13,4670,A,132.23967358464,11425.507797712897,2026-08-20T00:09:10-04:00
02336000,2022-04-14,4280,A,121.19610341376,10471.343334948864,2026-08-20T00:09:10-04:00
02336000,2022-04-15,4170,A,118.08125028864001,10202.220024938497,2026-08-20T00:09:10-04:00
02336000,2022-04-16,4700,A,133.0891789824,11498.905064079361,2026-08-20T00:09:10-04:00
02336000,2022-04-17,3500,A,99.108963072000009,8563.0144094208008,2026-08-20T00:09:10-04:00
02336000,2022-04-18,2450,A,69.376274150400008,5994.11008659456,2026-08-20T00:09:10-04:00
02336000,2022-04-19,4410,A,124.87729347072001,10789.398155870209,2026-08-20T00:09:10-04:00
02336000,2022-04-20,3300,A,93.445593753600008,8073.6993003110401,2026-08-20T00:09:10-04:00
02336000,2022-04-21,2820,A,79.853507389439997,6899.343038447616,2026-08-20T00:09:10-04:00
02336000,2022-04-22,1830,A,51.819829263359999,4477.2332483543041,2026-08-20T00:09:10-04:00
02336000,2022-04-23,2180,A,61.730725570560004,5333.5346892963844,2026-08-20T00:09:10-04:00
02336000,2022-04-24,2200,A,62.297062502400003,5382.4662002073601,2026-08-20T00:09:10-04:00
02336000,2022-04-25,2490,A,70.508948014080005,6091.9731084165123,2026-08-20T00:09:10-04:00
02336000,2022-04-26,3650,A,103.3564900608,8930.0007412531195,2026-08-20T00:09:10-04:00
02336000,2022-04-27,2810,A,79.570338923519998,6874.8772829921281,2026-08-20T00:09:10-04:00
02336000,2022-04-28,2250,A,63.712904832,5504.7949774848003,2026-08-20T00:09:10-04:00
02336000,2022-04-29,2330,A,65.978252559360001,5700.521021128704,2026-08-20T00:09:10-04:00
02336000,2022-04-30,2420,A,68.526768752639995,5920.7128202280965,2026-08-20T00:09:10-04:00
02336000,2022-05-01,2090,A,59.182209377280003,5113.3428901969919,2026-08-20T00:09:10-04:00
02336000,2022-05-02,1740,A,49.271313070079998,4257.0414492549125,2026-08-20T00:09:10-04:00
02336000,2022-05-03,2910,A,82.402023582720005,7119.5348375470085,2026-08-20T00:09:10-04:00
02336000,2022-05-04,4630,A,131.10699972096,11327.644775890943,2026-08-20T00:09:10-04:00
02336000,2022-05-05,4210,A,119.21392415232,10300.083046760448,2026-08-20T00:09:10-04:00
02336000,2022-05-06,1880,A,53.235671592960003,4599.5620256317443,2026-08-20T00:09:10-04:00
02336000,2022-05-07,1980,A,56.067356252160003,4844.2195801866237,2026-08-20T00:09:10-04:00
02336000,2022-05-08,1730,A,48.988144604159999,4232.5756937994238,2026-08-20T00:09:10-04:00
02336000,2022-05-09,1830,A,51.819829263359999,4477.2332483543041,2026-08-20T00:09:10-04:00
02336000,2022-05-10,2140,A,60.59805170688,5235.6716674744321,2026-08-20T00:09:10-04:00
02336000,2022-05-11,2340,A,66.261421025280001,5724.9867765841918,2026-08-20T00:09:10-04:00
02336000,2022-05-12,2350,A,66.5445894912,5749.4525320396806,2026-08-20T00:09:10-04:00
02336000,2022-05-13,2470,A,69.942611082240006,6043.0415975055366,2026-08-20T00:09:10-04:00
02336000,2022-05-14,2380,A,67.394094888959998,5822.8497984061441,2026-08-20T00:09:10-04:00
02336000,2022-05-15,1700,A,48.138639206400001,4159.1784274329602,2026-08-20T00:09:10-04:00
02336000,2022-05-16,1860,A,52.669334661120004,4550.6305147207686,2026-08-20T00:09:10-04:00
02336000,2022-05-17,2020,A,57.200030115840001,4942.082602008576,2026-08-20T00:09:10-04:00
02336000,2022-05-18,2470,A,69.942611082240006,6043.0415975055366,2026-08-20T00:09:10-04:00
02336000,2022-05-19,2420,A,68.526768752639995,5920.7128202280965,2026-08-20T00:09:10-04:00
02336000,2022-05-20,2780,A,78.72083352576,6801.4800166256646,2026-08-20T00:09:10-04:00
02336000,2022-05-21,2780,A,78.72083352576,6801.4800166256646,2026-08-20T00:09:10-04:00
02336000,2022-05-22,1280,A,36.24556363776,3131.6166983024641,2026-08-20T00:09:10-04:00
02336000,2022-05-23,2510,A,71.075284945920004,6140.904619327488,2026-08-20T00:09:10-04:00
02336000,2022-05-24,2250,A,63.712904832,5504.7949774848003,2026-08-20T00:09:10-04:00
02336000,2022-05-25,1520,A,43.041606819839998,3718.7948292341762,2026-08-20T00:09:10-04:00
02336000,2022-05-26,2330,A,65.978252559360001,5700.521021128704,2026-08-20T00:09:10-04:00
02336000,2022-05-27,3100,A,87.782224435200007,7584.3841912012804,2026-08-20T00:09:10-04:00
02336000,2022-05-28,2950,A,83.534697446400003,7217.3978593689599,2026-08-20T00:09:10-04:00
02336000,2022-05-29,2770,A,78.43766505984,6777.0142611701758,2026-08-20T00:09:10-04:00
02336000,2022-05-30,2770,A,78.43766505984,6777.0142611701758,2026-08-20T00:09:10-04:00
02336000,2022-05-31,2860,A,80.986181253120009,6997.2060602695683,2026-08-20T00:09:10-04:00
02336000,2022-06-01,3810,A,107.88718551552,9321.4528285409287,2026-08-20T00:09:10-04:00
02336000,2022-06-02,4090,A,115.81590256128,10006.493981294592,2026-08-20T00:09:10-04:00
02336000,2022-06-03,3780,A,107.03768011776,9248.0555621744643,2026-08-20T00:09:10-04:00
02336000,2022-06-04,3140,A,88.914898298880004,7682.2472130232327,2026-08-20T00:09:10-04:00
02336000,2022-06-05,2200,A,62.297062502400003,5382.4662002073601,2026-08-20T00:09:10-04:00
02336000,2022-06-06,2250,A,63.712904832,5504.7949774848003,2026-08-20T00:09:10-04:00
02336000,2022-06-07,3410,A,96.560446878720001,8342.8226103214074,2026-08-20T00:09:10-04:00
02336000,2022-06-08,4260,A,120.62976648192,10422.411824037888,2026-08-20T00:09:10-04:00
02336000,2022-06-09,3410,A,96.560446878720001,8342.8226103214074,2026-08-20T00:09:10-04:00
02336000,2022-06-10,1440,A,40.776259092480004,3523.068785590272,2026-08-20T00:09:10-04:00
02336000,2022-06-11,1160,A,32.847542046720001,2838.0276328366081,2026-08-20T00:09:10-04:00
02336000,2022-06-12,1210,A,34.263384376319998,2960.3564101140482,2026-08-20T00:09:10-04:00
02336000,2022-06-13,1340,A,37.944574433280003,3278.4112310353921,2026-08-20T00:09:10-04:00
02336000,2022-06-14,1880,A,53.235671592960003,4599.5620256317443,2026-08-20T00:09:10-04:00
02336000,2022-06-15,2290,A,64.845578695680004,5602.6579993067526,2026-08-20T00:09:10-04:00
02336000,2022-06-16,1650,A,46.722796876800004,4036.8496501555201,2026-08-20T00:09:10-04:00
02336000,2022-06-17,1960,A,55.501019320320005,4795.288069275648,2026-08-20T00:09:10-04:00
02336000,2022-06-18,1780,A,50.403986933760002,4354.904471076864,2026-08-20T00:09:10-04:00
02336000,2022-06-19,1270,A,35.962395171840001,3107.1509428469762,2026-08-20T00:09:10-04:00
02336000,2022-06-20,1260,A,35.679226705920001,3082.6851873914879,2026-08-20T00:09:10-04:00
02336000,2022-06-21,1500,A,42.475269888,3669.8633183232,2026-08-20T00:09:10-04:00
02336000,2022-06-22,1820,A,51.53666079744,4452.7674928988163,2026-08-20T00:09:10-04:00
02336000,2022-06-23,1560,A,44.174280683520003,3816.657851056128,2026-08-20T00:09:10-04:00
02336000,2022-06-24,1940,A,54.934682388479999,4746.3565583646723,2026-08-20T00:09:10-04:00
02336000,2022-06-25,1630,A,46.156459944959998,3987.9181392445439,2026-08-20T00:09:10-04:00
02336000,2022-06-26,1010,A,28.60001505792,2471.041301004288,2026-08-20T00:09:10-04:00
02336000,2022-06-27,1220,A,34.546552842240004,2984.8221655695361,2026-08-20T00:09:10-04:00
02336000,2022-06-28,2200,A,62.297062502400003,5382.4662002073601,2026-08-20T00:09:10-04:00
02336000,2022-06-29,2530,A,71.641621877760002,6189.8361302384646,2026-08-20T00:09:10-04:00
02336000,2022-06-30,3130,A,88.631729832960005,7657.7814575677439,2026-08-20T00:09:10-04:00
02336000,2022-07-01,2920,A,82.685192048640005,7144.0005930024963,2026-08-20T00:09:10-04:00
02336000,2022-07-02,2580,A,73.057464207359999,6312.1649075159039,2026-08-20T00:09:10-04:00
02336000,2022-07-03,1790,A,50.687155399680002,4379.3702265323518,2026-08-20T00:09:10-04:00
02336000,2022-07-04,1620,A,45.873291479039999,3963.4523837890561,2026-08-20T00:09:10-04:00
02336000,2022-07-05,2830,A,80.136675855359996,6923.8087939031038,2026-08-20T00:09:10-04:00
02336000,2022-07-06,2640,A,74.756475002880009,6458.9594402488319,2026-08-20T00:09:10-04:00
02336000,2022-07-07,2710,A,76.738654264320004,6630.2197284372478,2026-08-20T00:09:10-04:00
02336000,2022-07-08,3690,A,104.48916392448,9027.8637630750727,2026-08-20T00:09:10-04:00
02336000,2022-07-09,3830,A,108.45352244736,9370.3843394519045,2026-08-20T00:09:10-04:00
02336000,2022-07-10,4320,A,122.32877727744,10569.206356770816,2026-08-20T00:09:10-04:00
02336000,2022-07-11,2430,A,68.809937218560009,5945.1785756835843,2026-08-20T00:09:10-04:00
02336000,2022-07-12,2660,A,75.322811934720008,6507.8909511598085,2026-08-20T00:09:10-04:00
02336000,2022-07-13,2230,A,63.146567900160001,5455.8634665738246,2026-08-20T00:09:10-04:00
02336000,2022-07-14,2470,A,69.942611082240006,6043.0415975055366,2026-08-20T00:09:10-04:00
02336000,2022-07-15,2440,A,69.093105684480008,5969.6443311390722,2026-08-20T00:09:10-04:00
02336000,2022-07-16,2020,A,57.200030115840001,4942.082602008576,2026-08-20T00:09:10-04:00
02336000,2022-07-17,2090,A,59.182209377280003,5113.3428901969919,2026-08-20T00:09:10-04:00
02336000,2022-07-18,1920,A,54.36834545664,4697.4250474536966,2026-08-20T00:09:10-04:00
02336000,2022-07-19,3810,A,107.88718551552,9321.4528285409287,2026-08-20T00:09:10-04:00
02336000,2022-07-20,2470,A,69.942611082240006,6043.0415975055366,2026-08-20T00:09:10-04:00
02336000,2022-07-21,4170,A,118.08125028864001,10202.220024938497,2026-08-20T00:09:10-04:00
02336000,2022-07-22,4250,A,120.346598016,10397.9460685824,2026-08-20T00:09:10-04:00
02336000,2022-07-23,2810,A,79.570338923519998,6874.8772829921281,2026-08-20T00:09:10-04:00
02336000,2022-07-24,1660,A,47.005965342720003,4061.3154056110079,2026-08-20T00:09:10-04:00
02336000,2022-07-25,1710,A,48.42180767232,4183.6441828884481,2026-08-20T00:09:10-04:00
02336000,2022-07-26,2800,A,79.287170457599998,6850.4115275366403,2026-08-20T00:09:10-04:00
02336000,2022-07-27,2130,A,60.31488324096,5211.2059120189442,2026-08-20T00:09:10-04:00
02336000,2022-07-28,2460,A,69.659442616320007,6018.5758420500479,2026-08-20T00:09:10-04:00
02336000,2022-07-29,2800,A,79.287170457599998,6850.4115275366403,2026-08-20T00:09:10-04:00
02336000,2022-07-30,4480,A,126.85947273216,10960.658444058625,2026-08-20T00:09:10-04:00
02336000,2022-07-31,2390,A,67.677263354879997,5847.315553861632,2026-08-20T00:09:10-04:00
02336000,2022-08-01,1860,A,52.669334661120004,4550.6305147207686,2026-08-20T00:09:10-04:00
02336000,2022-08-02,1530,A,43.324775285759998,3743.260584689664,2026-08-20T00:09:10-04:00
02336000,2022-08-03,1100,A,31.148531251200001,2691.23310010368,2026-08-20T00:09:10-04:00
02336000,2022-08-04,1710,A,48.42180767232,4183.6441828884481,2026-08-20T00:09:10-04:00
02336000,2022-08-05,1720,A,48.704976138239999,4208.1099383439359,2026-08-20T00:09:10-04:00
02336000,2022-08-06,2120,A,60.031714775040001,5186.7401565634564,2026-08-20T00:09:10-04:00
02336000,2022-08-07,1840,A,52.102997729279998,4501.699003809792,2026-08-20T00:09:10-04:00
02336000,2022-08-08,1620,A,45.873291479039999,3963.4523837890561,2026-08-20T00:09:10-04:00
02336000,2022-08-09,1850,A,52.386166195200005,4526.1647592652798,2026-08-20T00:09:10-04:00
02336000,2022-08-10,1750,A,49.554481536000004,4281.5072047104004,2026-08-20T00:09:10-04:00
02336000,2022-08-11,1960,A,55.501019320320005,4795.288069275648,2026-08-20T00:09:10-04:00
02336000,2022-08-12,1390,A,39.36041676288,3400.7400083128323,2026-08-20T00:09:10-04:00
02336000,2022-08-13,1460,A,41.342596024320002,3572.0002965012482,2026-08-20T00:09:10-04:00
02336000,2022-08-14,1300,A,36.811900569599999,3180.5482092134403,2026-08-20T00:09:10-04:00
02336000,2022-08-15,1670,A,47.289133808640003,4085.7811610664962,2026-08-20T00:09:10-04:00
02336000,2022-08-16,1760,A,49.837650001920004,4305.9729601658883,2026-08-20T00:09:10-04:00
02336000,2022-08-17,1430,A,40.493090626560004,3498.6030301347841,2026-08-20T00:09:10-04:00
02336000,2022-08-18,1210,A,34.263384376319998,2960.3564101140482,2026-08-20T00:09:10-04:00
02336000,2022-08-19,1240,A,35.112889774080003,3033.7536764805122,2026-08-20T00:09:10-04:00
02336000,2022-08-20,1110,A,31.431699717120001,2715.6988555591679,2026-08-20T00:09:10-04:00
02336000,2022-08-21,2100,A,59.465377843200002,5137.8086456524798,2026-08-20T00:09:10-04:00
02336000,2022-08-22,1640,A,46.439628410880005,4012.3838947000322,2026-08-20T00:09:10-04:00
02336000,2022-08-23,1720,A,48.704976138239999,4208.1099383439359,2026-08-20T00:09:10-04:00
02336000,2022-08-24,1410,A,39.926753694719999,3449.671519223808,2026-08-20T00:09:10-04:00
02336000,2022-08-25,1350,A,38.227742899200003,3302.87698649088,2026-08-20T00:09:10-04:00
02336000,2022-08-26,1230,A,34.829721308160003,3009.2879210250239,2026-08-20T00:09:10-04:00
02336000,2022-08-27,1290,A,36.528732103679999,3156.082453757952,2026-08-20T00:09:10-04:00
02336000,2022-08-28,2390,A,67.677263354879997,5847.315553861632,2026-08-20T00:09:10-04:00
02336000,2022-08-29,1410,A,39.926753694719999,3449.671519223808,2026-08-20T00:09:10-04:00
02336000,2022-08-30,1760,A,49.837650001920004,4305.9729601658883,2026-08-20T00:09:10-04:00
02336000,2022-08-31,2460,A,69.659442616320007,6018.5758420500479,2026-08-20T00:09:10-04:00
02336000,2022-09-01,1490,A,42.19210142208,3645.3975628677122,2026-08-20T00:09:10-04:00
02336000,2022-09-02,1530,A,43.324775285759998,3743.260584689664,2026-08-20T00:09:10-04:00
02336000,2022-09-03,1710,A,48.42180767232,4183.6441828884481,2026-08-20T00:09:10-04:00
02336000,2022-09-04,1320,A,37.378237501440005,3229.479720124416,2026-08-20T00:09:10-04:00
02336000,2022-09-05,1990,A,56.350524718080003,4868.6853356421125,2026-08-20T00:09:10-04:00
02336000,2022-09-06,2350,A,66.5445894912,5749.4525320396806,2026-08-20T00:09:10-04:00
02336000,2022-09-07,3440,A,97.409952276479999,8416.2198766878719,2026-08-20T00:09:10-04:00
02336000,2022-09-08,4260,A,120.62976648192,10422.411824037888,2026-08-20T00:09:10-04:00
02336000,2022-09-09,2140,A,60.59805170688,5235.6716674744321,2026-08-20T00:09:10-04:00
02336000,2022-09-10,1410,A,39.926753694719999,3449.671519223808,2026-08-20T00:09:10-04:00
02336000,2022-09-11,1130,A,31.998036648959999,2764.6303664701441,2026-08-20T00:09:10-04:00
02336000,2022-09-12,1560,A,44.174280683520003,3816.657851056128,2026-08-20T00:09:10-04:00
02336000,2022-09-13,2930,A,82.968360514560004,7168.4663484579842,2026-08-20T00:09:10-04:00
02336000,2022-09-14,1900,A,53.802008524800002,4648.49353654272,2026-08-20T00:09:10-04:00
02336000,2022-09-15,1270,A,35.962395171840001,3107.1509428469762,2026-08-20T00:09:10-04:00
02336000,2022-09-16,1220,A,34.546552842240004,2984.8221655695361,2026-08-20T00:09:10-04:00
02336000,2022-09-17,1500,A,42.475269888,3669.8633183232,2026-08-20T00:09:10-04:00
02336000,2022-09-18,1110,A,31.431699717120001,2715.6988555591679,2026-08-20T00:09:10-04:00
02336000,2022-09-19,1110,A,31.431699717120001,2715.6988555591679,2026-08-20T00:09:10-04:00
02336000,2022-09-20,1120,A,31.71486818304,2740.1646110146562,2026-08-20T00:09:10-04:00
02336000,2022-09-21,1100,A,31.148531251200001,2691.23310010368,2026-08-20T00:09:10-04:00
02336000,2022-09-22,1050,A,29.732688921600001,2568.9043228262399,2026-08-20T00:09:10-04:00
02336000,2022-09-23,1030,A,29.166351989760003,2519.9728119152642,2026-08-20T00:09:10-04:00
02336000,2022-09-24,1980,A,56.067356252160003,4844.2195801866237,2026-08-20T00:09:10-04:00
02336000,2022-09-25,1440,A,40.776259092480004,3523.068785590272,2026-08-20T00:09:10-04:00
02336000,2022-09-26,1940,A,54.934682388479999,4746.3565583646723,2026-08-20T00:09:10-04:00
02336000,2022-09-27,1410,A,39.926753694719999,3449.671519223808,2026-08-20T00:09:10-04:00
02336000,2022-09-28,1190,A,33.697047444479999,2911.4248992030721,2026-08-20T00:09:10-04:00
02336000,2022-09-29,1110,A,31.431699717120001,2715.6988555591679,2026-08-20T00:09:10-04:00
02336000,2022-09-30,1120,A,31.71486818304,2740.1646110146562,2026-08-20T00:09:10-04:00
02336000,2022-10-01,1080,A,30.582194319359999,2642.3015891927039,2026-08-20T00:09:10-04:00
02336000,2022-10-02,1070,A,30.29902585344,2617.835833737216,2026-08-20T00:09:10-04:00
02336000,2022-10-03,1050,A,29.732688921600001,2568.9043228262399,2026-08-20T00:09:10-04:00
02336000,2022-10-04,1030,A,29.166351989760003,2519.9728119152642,2026-08-20T00:09:10-04:00
02336000,2022-10-05,1040,A,29.449520455680002,2544.438567370752,2026-08-20T00:09:10-04:00
02336000,2022-10-06,1050,A,29.732688921600001,2568.9043228262399,2026-08-20T00:09:10-04:00
02336000,2022-10-07,1050,A,29.732688921600001,2568.9043228262399,2026-08-20T00:09:10-04:00
02336000,2022-10-08,1050,A,29.732688921600001,2568.9043228262399,2026-08-20T00:09:10-04:00
02336000,2022-10-09,1040,A,29.449520455680002,2544.438567370752,2026-08-20T00:09:10-04:00
02336000,2022-10-10,1060,A,30.015857387520001,2593.3700782817282,2026-08-20T00:09:10-04:00
02336000,2022-10-11,1040,A,29.449520455680002,2544.438567370752,2026-08-20T00:09:10-04:00
02336000,2022-10-12,1090,A,30.865362785280002,2666.7673446481922,2026-08-20T00:09:10-04:00
02336000,2022-10-13,2140,A,60.59805170688,5235.6716674744321,2026-08-20T00:09:10-04:00
02336000,2022-10-14,1570,A,44.457449149440002,3841.1236065116163,2026-08-20T00:09:10-04:00
02336000,2022-10-15,1340,A,37.944574433280003,3278.4112310353921,2026-08-20T00:09:10-04:00
02336000,2022-10-16,1110,A,31.431699717120001,2715.6988555591679,2026-08-20T00:09:10-04:00
02336000,2022-10-17,1030,A,29.166351989760003,2519.9728119152642,2026-08-20T00:09:10-04:00
02336000,2022-10-18,1010,A,28.60001505792,2471.041301004288,2026-08-20T00:09:10-04:00
02336000,2022-10-19,1270,A,35.962395171840001,3107.1509428469762,2026-08-20T00:09:10-04:00
02336000,2022-10-20,1180,A,33.41387897856,2886.9591437475842,2026-08-20T00:09:10-04:00
02336000,2022-10-21,1190,A,33.697047444479999,2911.4248992030721,2026-08-20T00:09:10-04:00
02336000,2022-10-22,1090,A,30.865362785280002,2666.7673446481922,2026-08-20T00:09:10-04:00
02336000,2022-10-23,1080,A,30.582194319359999,2642.3015891927039,2026-08-20T00:09:10-04:00
02336000,2022-10-24,1030,A,29.166351989760003,2519.9728119152642,2026-08-20T00:09:10-04:00
02336000,2022-10-25,1060,A,30.015857387520001,2593.3700782817282,2026-08-20T00:09:10-04:00
02336000,2022-10-26,1230,A,34.829721308160003,3009.2879210250239,2026-08-20T00:09:10-04:00
02336000,2022-10-27,1340,A,37.944574433280003,3278.4112310353921,2026-08-20T00:09:10-04:00
02336000,2022-10-28,1240,A,35.112889774080003,3033.7536764805122,2026-08-20T00:09:10-04:00
02336000,2022-10-29,1080,A,30.582194319359999,2642.3015891927039,2026-08-20T00:09:10-04:00
02336000,2022-10-30,1020,A,28.88318352384,2495.5070564597759,2026-08-20T00:09:10-04:00
02336000,2022-10-31,1380,A,39.077248296960001,3376.274252857344,2026-08-20T00:09:10-04:00
02336000,2022-11-01,1540,A,43.607943751680004,3767.7263401451523,2026-08-20T00:09:10-04:00
02336000,2022-11-02,1120,A,31.71486818304,2740.1646110146562,2026-08-20T00:09:10-04:00
02336000,2022-11-03,1470,A,41.625764490240002,3596.466051956736,2026-08-20T00:09:10-04:00
02336000,2022-11-04,1480,A,41.908932956160001,3620.9318074122243,2026-08-20T00:09:10-04:00
02336000,2022-11-05,1090,A,30.865362785280002,2666.7673446481922,2026-08-20T00:09:10-04:00
02336000,2022-11-06,1050,A,29.732688921600001,2568.9043228262399,2026-08-20T00:09:10-04:00
02336000,2022-11-07,1420,A,40.209922160639998,3474.1372746792963,2026-08-20T00:09:10-04:00
02336000,2022-11-08,1300,A,36.811900569599999,3180.5482092134403,2026-08-20T00:09:10-04:00
02336000,2022-11-09,1240,A,35.112889774080003,3033.7536764805122,2026-08-20T00:09:10-04:00
02336000,2022-11-10,1060,A,30.015857387520001,2593.3700782817282,2026-08-20T00:09:10-04:00
02336000,2022-11-11,2070,A,58.615872445440004,5064.4113792860162,2026-08-20T00:09:10-04:00
02336000,2022-11-12,2210,A,62.580230968320002,5406.9319556628479,2026-08-20T00:09:10-04:00
02336000,2022-11-13,1020,A,28.88318352384,2495.5070564597759,2026-08-20T00:09:10-04:00
02336000,2022-11-14,1240,A,35.112889774080003,3033.7536764805122,2026-08-20T00:09:10-04:00
02336000,2022-11-15,1560,A,44.174280683520003,3816.657851056128,2026-08-20T00:09:10-04:00
02336000,2022-11-16,1680,A,47.572302274560002,4110.2469165219845,2026-08-20T00:09:10-04:00
02336000,2022-11-17,1710,A,48.42180767232,4183.6441828884481,2026-08-20T00:09:10-04:00
02336000,2022-11-18,1790,A,50.687155399680002,4379.3702265323518,2026-08-20T00:09:10-04:00
02336000,2022-11-19,1350,A,38.227742899200003,3302.87698649088,2026-08-20T00:09:10-04:00
02336000,2022-11-20,1310,A,37.095069035519998,3205.0139646689281,2026-08-20T00:09:10-04:00
02336000,2022-11-21,1160,A,32.847542046720001,2838.0276328366081,2026-08-20T00:09:10-04:00
02336000,2022-11-22,1210,A,34.263384376319998,2960.3564101140482,2026-08-20T00:09:10-04:00
02336000,2022-11-23,1200,A,33.980215910399998,2935.8906546585599,2026-08-20T00:09:10-04:00
02336000,2022-11-24,1160,A,32.847542046720001,2838.0276328366081,2026-08-20T00:09:10-04:00
02336000,2022-11-25,1190,A,33.697047444479999,2911.4248992030721,2026-08-20T00:09:10-04:00
02336000,2022-11-26,1070,A,30.29902585344,2617.835833737216,2026-08-20T00:09:10-04:00
02336000,2022-11-27,1440,A,40.776259092480004,3523.068785590272,2026-08-20T00:09:10-04:00
02336000,2022-11-28,1450,A,41.059427558400003,3547.5345410457603,2026-08-20T00:09:10-04:00
02336000,2022-11-29,1570,A,44.457449149440002,3841.1236065116163,2026-08-20T00:09:10-04:00
02336000,2022-11-30,6550,A,185.47534517760002,16025.06982334464,2026-08-20T00:09:10-04:00
02336000,2022-12-01,4020,A,113.83372329984,9835.2336931061764,2026-08-20T00:09:10-04:00
02336000,2022-12-02,2070,A,58.615872445440004,5064.4113792860162,2026-08-20T00:09:10-04:00
02336000,2022-12-03,1610,A,45.590123013119999,3938.9866283335682,2026-08-20T00:09:10-04:00
02336000,2022-12-04,1200,A,33.980215910399998,2935.8906546585599,2026-08-20T00:09:10-04:00
02336000,2022-12-05,1990,A,56.350524718080003,4868.6853356421125,2026-08-20T00:09:10-04:00
02336000,2022-12-06,6710,A,190.00604063232001,16416.521910632448,2026-08-20T00:09:10-04:00
02336000,2022-12-07,4590,A,129.97432585728001,11229.781754068992,2026-08-20T00:09:10-04:00
02336000,2022-12-08,2600,A,73.623801139199998,6361.0964184268805,2026-08-20T00:09:10-04:00
02336000,2022-12-09,3220,A,91.180246026239999,7877.9732566671364,2026-08-20T00:09:10-04:00
02336000,2022-12-10,3650,A,103.3564900608,8930.0007412531195,2026-08-20T00:09:10-04:00
02336000,2022-12-11,2600,A,73.623801139199998,6361.0964184268805,2026-08-20T00:09:10-04:00
02336000,2022-12-12,2640,A,74.756475002880009,6458.9594402488319,2026-08-20T00:09:10-04:00
02336000,2022-12-13,3120,A,88.348561367040006,7633.3157021122561,2026-08-20T00:09:10-04:00
02336000,2022-12-14,2980,A,84.384202844160001,7290.7951257354243,2026-08-20T00:09:10-04:00
02336000,2022-12-15,6210,A,175.84761733632001,15193.234137858048,2026-08-20T00:09:10-04:00
02336000,2022-12-16,4220,A,119.49709261824,10324.548802215937,2026-08-20T00:09:10-04:00
02336000,2022-12-17,2210,A,62.580230968320002,5406.9319556628479,2026-08-20T00:09:10-04:00
02336000,2022-12-18,1500,A,42.475269888,3669.8633183232,2026-08-20T00:09:10-04:00
02336000,2022-12-19,1700,A,48.138639206400001,4159.1784274329602,2026-08-20T00:09:10-04:00
02336000,2022-12-20,1420,A,40.209922160639998,3474.1372746792963,2026-08-20T00:09:10-04:00
02336000,2022-12-21,1550,A,43.891112217600003,3792.1920956006402,2026-08-20T00:09:10-04:00
02336000,2022-12-22,1330,A,37.661405967360004,3253.9454755799043,2026-08-20T00:09:10-04:00
02336000,2022-12-23,2020,A,57.200030115840001,4942.082602008576,2026-08-20T00:09:10-04:00
02336000,2022-12-24,3680,A,104.20599545856,9003.398007619584,2026-08-20T00:09:10-04:00
02336000,2022-12-25,4250,A,120.346598016,10397.9460685824,2026-08-20T00:09:10-04:00
02336000,2022-12-26,2820,A,79.853507389439997,6899.343038447616,2026-08-20T00:09:10-04:00
02336000,2022-12-27,2050,A,58.049535513599999,5015.4798683750405,2026-08-20T00:09:10-04:00
02336000,2022-12-28,2170,A,61.447557104640005,5309.0689338408965,2026-08-20T00:09:10-04:00
02336000,2022-12-29,1720,A,48.704976138239999,4208.1099383439359,2026-08-20T00:09:10-04:00
02336000,2022-12-30,2450,A,69.376274150400008,5994.11008659456,2026-08-20T00:09:10-04:00
02336000,2022-12-31,2410,A,68.243600286719996,5896.2470647726086,2026-08-20T00:09:10-04:00
02336000,2023-01-01,2910,A,82.402023582720005,7119.5348375470085,2026-08-20T00:09:10-04:00
02336000,2023-01-02,3980,A,112.70104943616001,9737.370671284225,2026-08-20T00:09:10-04:00
02336000,2023-01-03,5740,A,162.53869943808002,14043.343631450112,2026-08-20T00:09:10-04:00
02336000,2023-01-04,11500,A,325.64373580800003,28135.618773811202,2026-08-20T00:09:10-04:00
02336000,2023-01-05,8820,A,249.75458694144001,21578.796311740418,2026-08-20T00:09:10-04:00
02336000,2023-01-06,3640,A,103.07332159488,8905.5349857976325,2026-08-20T00:09:10-04:00
02336000,2023-01-07,1690,A,47.855470740480001,4134.7126719774724,2026-08-20T00:09:10-04:00
02336000,2023-01-08,1540,A,43.607943751680004,3767.7263401451523,2026-08-20T00:09:10-04:00
02336000,2023-01-09,1860,A,52.669334661120004,4550.6305147207686,2026-08-20T00:09:10-04:00
02336000,2023-01-10,1700,A,48.138639206400001,4159.1784274329602,2026-08-20T00:09:10-04:00
02336000,2023-01-11,1430,A,40.493090626560004,3498.6030301347841,2026-08-20T00:09:10-04:00
02336000,2023-01-12,1710,A,48.42180767232,4183.6441828884481,2026-08-20T00:09:10-04:00
02336000,2023-01-13,2460,A,69.659442616320007,6018.5758420500479,2026-08-20T00:09:10-04:00
02336000,2023-01-14,2150,A,60.881220172799999,5260.1374229299199,2026-08-20T00:09:10-04:00
02336000,2023-01-15,2680,A,75.889148866560006,6556.8224620707842,2026-08-20T00:09:10-04:00
02336000,2023-01-16,1790,A,50.687155399680002,4379.3702265323518,2026-08-20T00:09:10-04:00
02336000,2023-01-17,1910,A,54.085176990720001,4672.9592919982078,2026-08-20T00:09:10-04:00
02336000,2023-01-18,2570,A,72.77429574144,6287.6991520604161,2026-08-20T00:09:10-04:00
02336000,2023-01-19,2880,A,81.552518184960007,7046.137571180544,2026-08-20T00:09:10-04:00
02336000,2023-01-20,3290,A,93.162425287680009,8049.2335448555523,2026-08-20T00:09:10-04:00
02336000,2023-01-21,3030,A,85.800045173759997,7413.1239030128645,2026-08-20T00:09:10-04:00
02336000,2023-01-22,3890,A,110.15253324288,9517.1788721848316,2026-08-20T00:09:10-04:00
02336000,2023-01-23,3920,A,111.00203864064001,9590.576138551296,2026-08-20T00:09:10-04:00
02336000,2023-01-24,2500,A,70.792116480000004,6116.4388638720002,2026-08-20T00:09:10-04:00
02336000,2023-01-25,3840,A,108.73669091328,9394.8500949073932,2026-08-20T00:09:10-04:00
02336000,2023-01-26,4110,A,116.38223949312,10055.425492205568,2026-08-20T00:09:10-04:00
02336000,2023-01-27,4680,A,132.52284205056,11449.973553168384,2026-08-20T00:09:10-04:00
02336000,2023-01-28,3170,A,89.764403696640002,7755.6444793896962,2026-08-20T00:09:10-04:00
02336000,2023-01-29,2720,A,77.021822730240004,6654.6854838927366,2026-08-20T00:09:10-04:00
02336000,2023-01-30,4020,A,113.83372329984,9835.2336931061764,2026-08-20T00:09:10-04:00
02336000,2023-01-31,2800,A,79.287170457599998,6850.4115275366403,2026-08-20T00:09:10-04:00
02336000,2023-02-01,2100,A,59.465377843200002,5137.8086456524798,2026-08-20T00:09:10-04:00
02336000,2023-02-02,2560,A,72.49112727552,6263.2333966049282,2026-08-20T00:09:10-04:00
02336000,2023-02-03,5090,A,144.13274915328,12453.069526843392,2026-08-20T00:09:10-04:00
02336000,2023-02-04,8560,A,242.39220682752,20942.686669897728,2026-08-20T00:09:10-04:00
02336000,2023-02-05,6400,A,181.2278181888,15658.08349151232,2026-08-20T00:09:10-04:00
02336000,2023-02-06,5180,A,146.68126534656,12673.261325942784,2026-08-20T00:09:10-04:00
02336000,2023-02-07,4210,A,119.21392415232,10300.083046760448,2026-08-20T00:09:10-04:00
02336000,2023-02-08,1900,A,53.802008524800002,4648.49353654272,2026-08-20T00:09:10-04:00
02336000,2023-02-09,2190,A,62.013894036480004,5358.0004447518722,2026-08-20T00:09:10-04:00
02336000,2023-02-10,3440,A,97.409952276479999,8416.2198766878719,2026-08-20T00:09:10-04:00
02336000,2023-02-11,2170,A,61.447557104640005,5309.0689338408965,2026-08-20T00:09:10-04:00
02336000,2023-02-12,2060,A,58.332703979520005,5039.9456238305283,2026-08-20T00:09:10-04:00
02336000,2023-02-13,1990,A,56.350524718080003,4868.6853356421125,2026-08-20T00:09:10-04:00
02336000,2023-02-14,2720,A,77.021822730240004,6654.6854838927366,2026-08-20T00:09:10-04:00
02336000,2023-02-15,4090,A,115.81590256128,10006.493981294592,2026-08-20T00:09:10-04:00
02336000,2023-02-16,3980,A,112.70104943616001,9737.370671284225,2026-08-20T00:09:10-04:00
02336000,2023-02-17,6460,A,182.92682898432,15804.878024245249,2026-08-20T00:09:10-04:00
02336000,2023-02-18,4580,A,129.69115739136001,11205.315998613505,2026-08-20T00:09:10-04:00
02336000,2023-02-19,2210,A,62.580230968320002,5406.9319556628479,2026-08-20T00:09:10-04:00
02336000,2023-02-20,2920,A,82.685192048640005,7144.0005930024963,2026-08-20T00:09:10-04:00
02336000,2023-02-21,2580,A,73.057464207359999,6312.1649075159039,2026-08-20T00:09:10-04:00
02336000,2023-02-22,5090,A,144.13274915328,12453.069526843392,2026-08-20T00:09:10-04:00
02336000,2023-02-23,5110,A,144.69908608512,12502.001037754368,2026-08-20T00:09:10-04:00
02336000,2023-02-24,5460,A,154.60998239232001,13358.302478696449,2026-08-20T00:09:10-04:00
02336000,2023-02-25,3230,A,91.463414492159998,7902.4390121226243,2026-08-20T00:09:10-04:00
02336000,2023-02-26,3770,A,106.75451165184001,9223.5898067189755,2026-08-20T00:09:10-04:00
02336000,2023-02-27,3340,A,94.578267617280005,8171.5623221329924,2026-08-20T00:09:10-04:00
02336000,2023-02-28,2840,A,80.419844321279996,6948.2745493585926,2026-08-20T00:09:10-04:00
02336000,2023-03-01,3760,A,106.47134318592001,9199.1240512634886,2026-08-20T00:09:10-04:00
02336000,2023-03-02,3790,A,107.32084858368,9272.521317629953,2026-08-20T00:09:10-04:00
02336000,2023-03-03,3330,A,94.295099151360006,8147.0965666775046,2026-08-20T00:09:10-04:00
02336000,2023-03-04,3830,A,108.45352244736,9370.3843394519045,2026-08-20T00:09:10-04:00
02336000,2023-03-05,2250,A,63.712904832,5504.7949774848003,2026-08-20T00:09:10-04:00
02336000,2023-03-06,2180,A,61.730725570560004,5333.5346892963844,2026-08-20T00:09:10-04:00
02336000,2023-03-07,2820,A,79.853507389439997,6899.343038447616,2026-08-20T00:09:10-04:00
02336000,2023-03-08,3680,A,104.20599545856,9003.398007619584,2026-08-20T00:09:10-04:00
02336000,2023-03-09,3460,A,97.976289208319997,8465.1513875988476,2026-08-20T00:09:10-04:00
02336000,2023-03-10,4440,A,125.72679886848,10862.795422236672,2026-08-20T00:09:10-04:00
02336000,2023-03-11,3180,A,90.047572162560002,7780.1102348451841,2026-08-20T00:09:10-04:00
02336000,2023-03-12,5330,A,150.92879233536001,13040.247657775104,2026-08-20T00:09:10-04:00
02336000,2023-03-13,5100,A,144.4159176192,12477.535282298881,2026-08-20T00:09:10-04:00
02336000,2023-03-14,4250,A,120.346598016,10397.9460685824,2026-08-20T00:09:10-04:00
02336000,2023-03-15,3790,A,107.32084858368,9272.521317629953,2026-08-20T00:09:10-04:00
02336000,2023-03-16,1870,A,52.952503127040004,4575.0962701762564,2026-08-20T00:09:10-04:00
02336000,2023-03-17,2200,A,62.297062502400003,5382.4662002073601,2026-08-20T00:09:10-04:00
02336000,2023-03-18,1980,A,56.067356252160003,4844.2195801866237,2026-08-20T00:09:10-04:00
02336000,2023-03-19,2230,A,63.146567900160001,5455.8634665738246,2026-08-20T00:09:10-04:00
02336000,2023-03-20,2280,A,64.562410229760005,5578.1922438512638,2026-08-20T00:09:10-04:00
02336000,2023-03-21,3130,A,88.631729832960005,7657.7814575677439,2026-08-20T00:09:10-04:00
02336000,2023-03-22,3940,A,111.56837557248001,9639.5076494622717,2026-08-20T00:09:10-04:00
02336000,2023-03-23,3850,A,109.0198593792,9419.3158503628802,2026-08-20T00:09:10-04:00
02336000,2023-03-24,3960,A,112.13471250432001,9688.4391603732474,2026-08-20T00:09:10-04:00
02336000,2023-03-25,3080,A,87.215887503360008,7535.4526802903047,2026-08-20T00:09:10-04:00
02336000,2023-03-26,3120,A,88.348561367040006,7633.3157021122561,2026-08-20T00:09:10-04:00
02336000,2023-03-27,6410,A,181.51098665472,15682.549246967808,2026-08-20T00:09:10-04:00
02336000,2023-03-28,3690,A,104.48916392448,9027.8637630750727,2026-08-20T00:09:10-04:00
02336000,2023-03-29,1560,A,44.174280683520003,3816.657851056128,2026-08-20T00:09:10-04:00
02336000,2023-03-30,2470,A,69.942611082240006,6043.0415975055366,2026-08-20T00:09:10-04:00
02336000,2023-03-31,2580,A,73.057464207359999,6312.1649075159039,2026-08-20T00:09:10-04:00
02336000,2023-04-01,3300,A,93.445593753600008,8073.6993003110401,2026-08-20T00:09:10-04:00
02336000,2023-04-02,4220,A,119.49709261824,10324.548802215937,2026-08-20T00:09:10-04:00
02336000,2023-04-03,3450,A,97.693120742399998,8440.6856321433606,2026-08-20T00:09:10-04:00
02336000,2023-04-04,2750,A,77.871328128000002,6728.0827502592001,2026-08-20T00:09:10-04:00
02336000,2023-04-05,3900,A,110.4357017088,9541.6446276403203,2026-08-20T00:09:10-04:00
02336000,2023-04-06,4660,A,131.95650511872,11401.042042257408,2026-08-20T00:09:10-04:00
02336000,2023-04-07,3440,A,97.409952276479999,8416.2198766878719,2026-08-20T00:09:10-04:00
02336000,2023-04-08,5950,A,168.4852372224,14557.12449601536,2026-08-20T00:09:10-04:00
02336000,2023-04-09,6570,A,186.04168210944002,16074.001334255616,2026-08-20T00:09:10-04:00
02336000,2023-04-10,4070,A,115.24956562944,9957.5624703836165,2026-08-20T00:09:10-04:00
02336000,2023-04-11,4570,A,129.40798892544001,11180.850243158016,2026-08-20T00:09:10-04:00
02336000,2023-04-12,2540,A,71.924790343680002,6214.3018856939525,2026-08-20T00:09:10-04:00
02336000,2023-04-13,4150,A,117.51491335680001,10153.288514027521,2026-08-20T00:09:10-04:00
02336000,2023-04-14,4160,A,117.79808182272001,10177.754269483008,2026-08-20T00:09:10-04:00
02336000,2023-04-15,3920,A,111.00203864064001,9590.576138551296,2026-08-20T00:09:10-04:00
02336000,2023-04-16,4230,A,119.78026108416,10349.014557671424,2026-08-20T00:09:10-04:00
02336000,2023-04-17,4160,A,117.79808182272001,10177.754269483008,2026-08-20T00:09:10-04:00
02336000,2023-04-18,3850,A,109.0198593792,9419.3158503628802,2026-08-20T00:09:10-04:00
02336000,2023-04-19,3770,A,106.75451165184001,9223.5898067189755,2026-08-20T00:09:10-04:00
02336000,2023-04-20,3830,A,108.45352244736,9370.3843394519045,2026-08-20T00:09:10-04:00
02336000,2023-04-21,4760,A,134.78818977792,11645.699596812288,2026-08-20T00:09:10-04:00
02336000,2023-04-22,4890,A,138.46937983488002,11963.754417733633,2026-08-20T00:09:10-04:00
02336000,2023-04-23,5080,A,143.84958068736,12428.603771387905,2026-08-20T00:09:10-04:00
02336000,2023-04-24,3860,A,109.30302784512,9443.7816058183689,2026-08-20T00:09:10-04:00
02336000,2023-04-25,3610,A,102.22381619712,8832.1377194311681,2026-08-20T00:09:10-04:00
02336000,2023-04-26,4150,A,117.51491335680001,10153.288514027521,2026-08-20T00:09:10-04:00
02336000,2023-04-27,4070,A,115.24956562944,9957.5624703836165,2026-08-20T00:09:10-04:00
02336000,2023-04-28,4070,A,115.24956562944,9957.5624703836165,2026-08-20T00:09:10-04:00
02336000,2023-04-29,3740,A,105.90500625408001,9150.1925403525129,2026-08-20T00:09:10-04:00
02336000,2023-04-30,5070,A,143.56641222144,12404.138015932416,2026-08-20T00:09:10-04:00
02336000,2023-05-01,3800,A,107.6040170496,9296.98707308544,2026-08-20T00:09:10-04:00
02336000,2023-05-02,3890,A,110.15253324288,9517.1788721848316,2026-08-20T00:09:10-04:00
02336000,2023-05-03,3430,A,97.126783810559999,8391.7541212323849,2026-08-20T00:09:10-04:00
02336000,2023-05-04,2900,A,82.118855116800006,7095.0690820915206,2026-08-20T00:09:10-04:00
02336000,2023-05-05,4070,A,115.24956562944,9957.5624703836165,2026-08-20T00:09:10-04:00
02336000,2023-05-06,3580,A,101.37431079936,8758.7404530647036,2026-08-20T00:09:10-04:00
02336000,2023-05-07,2780,A,78.72083352576,6801.4800166256646,2026-08-20T00:09:10-04:00
02336000,2023-05-08,3130,A,88.631729832960005,7657.7814575677439,2026-08-20T00:09:10-04:00
02336000,2023-05-09,5870,A,166.21988949504001,14361.398452371457,2026-08-20T00:09:10-04:00
02336000,2023-05-10,6880,A,194.81990455296,16832.439753375744,2026-08-20T00:09:10-04:00
02336000,2023-05-11,4500,A,127.425809664,11009.589954969601,2026-08-20T00:09:10-04:00
02336000,2023-05-12,5550,A,157.1584985856,13578.49427779584,2026-08-20T00:09:10-04:00
02336000,2023-05-13,4820,A,136.48720057343999,11792.494129545217,2026-08-20T00:09:10-04:00
02336000,2023-05-14,3120,A,88.348561367040006,7633.3157021122561,2026-08-20T00:09:10-04:00
02336000,2023-05-15,2880,A,81.552518184960007,7046.137571180544,2026-08-20T00:09:10-04:00
02336000,2023-05-16,3580,A,101.37431079936,8758.7404530647036,2026-08-20T00:09:10-04:00
02336000,2023-05-17,3500,A,99.108963072000009,8563.0144094208008,2026-08-20T00:09:10-04:00
02336000,2023-05-18,3600,A,101.9406477312,8807.6719639756811,2026-08-20T00:09:10-04:00
02336000,2023-05-19,3880,A,109.86936477696,9492.7131167293446,2026-08-20T00:09:10-04:00
02336000,2023-05-20,2440,A,69.093105684480008,5969.6443311390722,2026-08-20T00:09:10-04:00
02336000,2023-05-21,2800,A,79.287170457599998,6850.4115275366403,2026-08-20T00:09:10-04:00
02336000,2023-05-22,3210,A,90.89707756032,7853.5075012116486,2026-08-20T00:09:10-04:00
02336000,2023-05-23,5150,A,145.8317599488,12599.864059576321,2026-08-20T00:09:10-04:00
02336000,2023-05-24,3500,A,99.108963072000009,8563.0144094208008,2026-08-20T00:09:10-04:00
02336000,2023-05-25,2740,A,77.588159662080002,6703.6169948037123,2026-08-20T00:09:10-04:00
02336000,2023-05-26,2780,A,78.72083352576,6801.4800166256646,2026-08-20T00:09:10-04:00
02336000,2023-05-27,2630,A,74.473306536959996,6434.4936847933441,2026-08-20T00:09:10-04:00
02336000,2023-05-28,1700,A,48.138639206400001,4159.1784274329602,2026-08-20T00:09:10-04:00
02336000,2023-05-29,2110,A,59.748546309120002,5162.2744011079685,2026-08-20T00:09:10-04:00
02336000,2023-05-30,1920,A,54.36834545664,4697.4250474536966,2026-08-20T00:09:10-04:00
02336000,2023-05-31,2860,A,80.986181253120009,6997.2060602695683,2026-08-20T00:09:10-04:00
02336000,2023-06-01,2880,A,81.552518184960007,7046.137571180544,2026-08-20T00:09:10-04:00
02336000,2023-06-02,2940,A,83.251528980480003,7192.932103913472,2026-08-20T00:09:10-04:00
02336000,2023-06-03,2030,A,57.48319858176,4966.5483574640639,2026-08-20T00:09:10-04:00
02336000,2023-06-04,1680,A,47.572302274560002,4110.2469165219845,2026-08-20T00:09:10-04:00
02336000,2023-06-05,2260,A,63.996073297919999,5529.2607329402881,2026-08-20T00:09:10-04:00
02336000,2023-06-06,2980,A,84.384202844160001,7290.7951257354243,2026-08-20T00:09:10-04:00
02336000,2023-06-07,3290,A,93.162425287680009,8049.2335448555523,2026-08-20T00:09:10-04:00
02336000,2023-06-08,2620,A,74.190138071039996,6410.0279293378562,2026-08-20T00:09:10-04:00
02336000,2023-06-09,2970,A,84.101034378240001,7266.3293702799365,2026-08-20T00:09:10-04:00
02336000,2023-06-10,1690,A,47.855470740480001,4134.7126719774724,2026-08-20T00:09:10-04:00
02336000,2023-06-11,1740,A,49.271313070079998,4257.0414492549125,2026-08-20T00:09:10-04:00
02336000,2023-06-12,2380,A,67.394094888959998,5822.8497984061441,2026-08-20T00:09:10-04:00
02336000,2023-06-13,1710,A,48.42180767232,4183.6441828884481,2026-08-20T00:09:10-04:00
02336000,2023-06-14,1590,A,45.023786081280001,3890.055117422592,2026-08-20T00:09:10-04:00
02336000,2023-06-15,1580,A,44.740617615360001,3865.5893619671042,2026-08-20T00:09:10-04:00
02336000,2023-06-16,1500,A,42.475269888,3669.8633183232,2026-08-20T00:09:10-04:00
02336000,2023-06-17,1550,A,43.891112217600003,3792.1920956006402,2026-08-20T00:09:10-04:00
02336000,2023-06-18,1370,A,38.794079831040001,3351.8084974018561,2026-08-20T00:09:10-04:00
02336000,2023-06-19,2100,A,59.465377843200002,5137.8086456524798,2026-08-20T00:09:10-04:00
02336000,2023-06-20,1970,A,55.784187786240004,4819.7538247311359,2026-08-20T00:09:10-04:00
02336000,2023-06-21,2250,A,63.712904832,5504.7949774848003,2026-08-20T00:09:10-04:00
02336000,2023-06-22,2180,A,61.730725570560004,5333.5346892963844,2026-08-20T00:09:10-04:00
02336000,2023-06-23,1610,A,45.590123013119999,3938.9866283335682,2026-08-20T00:09:10-04:00
02336000,2023-06-24,1540,A,43.607943751680004,3767.7263401451523,2026-08-20T00:09:10-04:00
02336000,2023-06-25,1090,A,30.865362785280002,2666.7673446481922,2026-08-20T00:09:10-04:00
02336000,2023-06-26,2140,A,60.59805170688,5235.6716674744321,2026-08-20T00:09:10-04:00
02336000,2023-06-27,1870,A,52.952503127040004,4575.0962701762564,2026-08-20T00:09:10-04:00
02336000,2023-06-28,1120,A,31.71486818304,2740.1646110146562,2026-08-20T00:09:10-04:00
02336000,2023-06-29,1190,A,33.697047444479999,2911.4248992030721,2026-08-20T00:09:10-04:00
02336000,2023-06-30,1150,A,32.564373580800002,2813.5618773811202,2026-08-20T00:09:10-04:00
02336000,2023-07-01,1450,A,41.059427558400003,3547.5345410457603,2026-08-20T00:09:10-04:00
02336000,2023-07-02,1410,A,39.926753694719999,3449.671519223808,2026-08-20T00:09:10-04:00
02336000,2023-07-03,2610,A,73.906969605119997,6385.5621738823684,2026-08-20T00:09:10-04:00
02336000,2023-07-04,2410,A,68.243600286719996,5896.2470647726086,2026-08-20T00:09:10-04:00
02336000,2023-07-05,1910,A,54.085176990720001,4672.9592919982078,2026-08-20T00:09:10-04:00
02336000,2023-07-06,2050,A,58.049535513599999,5015.4798683750405,2026-08-20T00:09:10-04:00
02336000,2023-07-07,2030,A,57.48319858176,4966.5483574640639,2026-08-20T00:09:10-04:00
02336000,2023-07-08,1440,A,40.776259092480004,3523.068785590272,2026-08-20T00:09:10-04:00
02336000,2023-07-09,1410,A,39.926753694719999,3449.671519223808,2026-08-20T00:09:10-04:00
02336000,2023-07-10,1670,A,47.289133808640003,4085.7811610664962,2026-08-20T00:09:10-04:00
02336000,2023-07-11,1530,A,43.324775285759998,3743.260584689664,2026-08-20T00:09:10-04:00
02336000,2023-07-12,1360,A,38.510911365120002,3327.3427419463683,2026-08-20T00:09:10-04:00
02336000,2023-07-13,1270,A,35.962395171840001,3107.1509428469762,2026-08-20T00:09:10-04:00
02336000,2023-07-14,1260,A,35.679226705920001,3082.6851873914879,2026-08-20T00:09:10-04:00
02336000,2023-07-15,1470,A,41.625764490240002,3596.466051956736,2026-08-20T00:09:10-04:00
02336000,2023-07-16,1240,A,35.112889774080003,3033.7536764805122,2026-08-20T00:09:10-04:00
02336000,2023-07-17,1220,A,34.546552842240004,2984.8221655695361,2026-08-20T00:09:10-04:00
02336000,2023-07-18,1760,A,49.837650001920004,4305.9729601658883,2026-08-20T00:09:10-04:00
02336000,2023-07-19,1710,A,48.42180767232,4183.6441828884481,2026-08-20T00:09:10-04:00
02336000,2023-07-20,2690,A,76.172317332480006,6581.2882175262721,2026-08-20T00:09:10-04:00
02336000,2023-07-21,3330,A,94.295099151360006,8147.0965666775046,2026-08-20T00:09:10-04:00
02336000,2023-07-22,3000,A,84.950539775999999,7339.7266366464,2026-08-20T00:09:10-04:00
02336000,2023-07-23,1990,A,56.350524718080003,4868.6853356421125,2026-08-20T00:09:10-04:00
02336000,2023-07-24,1430,A,40.493090626560004,3498.6030301347841,2026-08-20T00:09:10-04:00
02336000,2023-07-25,1330,A,37.661405967360004,3253.9454755799043,2026-08-20T00:09:10-04:00
02336000,2023-07-26,1240,A,35.112889774080003,3033.7536764805122,2026-08-20T00:09:10-04:00
02336000,2023-07-27,1200,A,33.980215910399998,2935.8906546585599,2026-08-20T00:09:10-04:00
02336000,2023-07-28,1170,A,33.13071051264,2862.4933882920959,2026-08-20T00:09:10-04:00
02336000,2023-07-29,1780,A,50.403986933760002,4354.904471076864,2026-08-20T00:09:10-04:00
02336000,2023-07-30,1190,A,33.697047444479999,2911.4248992030721,2026-08-20T00:09:10-04:00
02336000,2023-07-31,1380,A,39.077248296960001,3376.274252857344,2026-08-20T00:09:10-04:00
02336000,2023-08-01,1700,A,48.138639206400001,4159.1784274329602,2026-08-20T00:09:10-04:00
02336000,2023-08-02,1930,A,54.65151392256,4721.8908029091845,2026-08-20T00:09:10-04:00
02336000,2023-08-03,3260,A,92.312919889919996,7975.8362784890878,2026-08-20T00:09:10-04:00
02336000,2023-08-04,3550,A,100.52480540160001,8685.343186698241,2026-08-20T00:09:10-04:00
02336000,2023-08-05,2210,A,62.580230968320002,5406.9319556628479,2026-08-20T00:09:10-04:00
02336000,2023-08-06,1680,A,47.572302274560002,4110.2469165219845,2026-08-20T00:09:10-04:00
02336000,2023-08-07,2230,A,63.146567900160001,5455.8634665738246,2026-08-20T00:09:10-04:00
02336000,2023-08-08,3630,A,102.79015312896,8881.0692303421438,2026-08-20T00:09:10-04:00
02336000,2023-08-09,2670,A,75.605980400640007,6532.3567066152964,2026-08-20T00:09:10-04:00
02336000,2023-08-10,2820,A,79.853507389439997,6899.343038447616,2026-08-20T00:09:10-04:00
02336000,2023-08-11,3310,A,93.728762219520007,8098.165055766528,2026-08-20T00:09:10-04:00
02336000,2023-08-12,3190,A,90.330740628480001,7804.5759903006719,2026-08-20T00:09:10-04:00
02336000,2023-08-13,2110,A,59.748546309120002,5162.2744011079685,2026-08-20T00:09:10-04:00
02336000,2023-08-14,2330,A,65.978252559360001,5700.521021128704,2026-08-20T00:09:10-04:00
02336000,2023-08-15,2510,A,71.075284945920004,6140.904619327488,2026-08-20T00:09:10-04:00
02336000,2023-08-16,1470,A,41.625764490240002,3596.466051956736,2026-08-20T00:09:10-04:00
02336000,2023-08-17,1130,A,31.998036648959999,2764.6303664701441,2026-08-20T00:09:10-04:00
02336000,2023-08-18,1320,A,37.378237501440005,3229.479720124416,2026-08-20T00:09:10-04:00
02336000,2023-08-19,1220,A,34.546552842240004,2984.8221655695361,2026-08-20T00:09:10-04:00
02336000,2023-08-20,1150,A,32.564373580800002,2813.5618773811202,2026-08-20T00:09:10-04:00
02336000,2023-08-21,1250,A,35.396058240000002,3058.2194319360001,2026-08-20T00:09:10-04:00
02336000,2023-08-22,1820,A,51.53666079744,4452.7674928988163,2026-08-20T00:09:10-04:00
02336000,2023-08-23,1610,A,45.590123013119999,3938.9866283335682,2026-08-20T00:09:10-04:00
02336000,2023-08-24,1530,A,43.324775285759998,3743.260584689664,2026-08-20T00:09:10-04:00
02336000,2023-08-25,1820,A,51.53666079744,4452.7674928988163,2026-08-20T00:09:10-04:00
02336000,2023-08-26,1580,A,44.740617615360001,3865.5893619671042,2026-08-20T00:09:10-04:00
02336000,2023-08-27,1080,A,30.582194319359999,2642.3015891927039,2026-08-20T00:09:10-04:00
02336000,2023-08-28,3460,A,97.976289208319997,8465.1513875988476,2026-08-20T00:09:10-04:00
02336000,2023-08-29,6000,A,169.901079552,14679.4532732928,2026-08-20T00:09:10-04:00
02336000,2023-08-30,7730,A,218.88922415616,18912.028967092225,2026-08-20T00:09:10-04:00
02336000,2023-08-31,5570,A,157.72483551744,13627.425788706816,2026-08-20T00:09:10-04:00
02336000,2023-09-01,3700,A,104.77233239040001,9052.3295185305597,2026-08-20T00:09:10-04:00
02336000,2023-09-02,1690,A,47.855470740480001,4134.7126719774724,2026-08-20T00:09:10-04:00
02336000,2023-09-03,1230,A,34.829721308160003,3009.2879210250239,2026-08-20T00:09:10-04:00
02336000,2023-09-04,1240,A,35.112889774080003,3033.7536764805122,2026-08-20T00:09:10-04:00
02336000,2023-09-05,2990,A,84.66737131008,7315.2608811909122,2026-08-20T00:09:10-04:00
02336000,2023-09-06,4000,A,113.267386368,9786.3021821952007,2026-08-20T00:09:10-04:00
02336000,2023-09-07,3750,A,106.18817472000001,9174.6582958079998,2026-08-20T00:09:10-04:00
02336000,2023-09-08,3800,A,107.6040170496,9296.98707308544,2026-08-20T00:09:10-04:00
02336000,2023-09-09,3410,A,96.560446878720001,8342.8226103214074,2026-08-20T00:09:10-04:00
02336000,2023-09-10,2290,A,64.845578695680004,5602.6579993067526,2026-08-20T00:09:10-04:00
02336000,2023-09-11,2240,A,63.42973636608,5480.3292220293124,2026-08-20T00:09:10-04:00
02336000,2023-09-12,3450,A,97.693120742399998,8440.6856321433606,2026-08-20T00:09:10-04:00
02336000,2023-09-13,3390,A,95.994109946880002,8293.8910994104317,2026-08-20T00:09:10-04:00
02336000,2023-09-14,3210,A,90.89707756032,7853.5075012116486,2026-08-20T00:09:10-04:00
02336000,2023-09-15,3040,A,86.083213639679997,7437.5896584683524,2026-08-20T00:09:10-04:00
02336000,2023-09-16,3230,A,91.463414492159998,7902.4390121226243,2026-08-20T00:09:10-04:00
02336000,2023-09-17,3870,A,109.58619631104,9468.2473612738559,2026-08-20T00:09:10-04:00
02336000,2023-09-18,3320,A,94.011930685440007,8122.6308112220158,2026-08-20T00:09:10-04:00
02336000,2023-09-19,2350,A,66.5445894912,5749.4525320396806,2026-08-20T00:09:10-04:00
02336000,2023-09-20,1550,A,43.891112217600003,3792.1920956006402,2026-08-20T00:09:10-04:00
02336000,2023-09-21,1340,A,37.944574433280003,3278.4112310353921,2026-08-20T00:09:10-04:00
02336000,2023-09-22,1530,A,43.324775285759998,3743.260584689664,2026-08-20T00:09:10-04:00
02336000,2023-09-23,1580,A,44.740617615360001,3865.5893619671042,2026-08-20T00:09:10-04:00
02336000,2023-09-24,1450,A,41.059427558400003,3547.5345410457603,2026-08-20T00:09:10-04:00
02336000,2023-09-25,1100,A,31.148531251200001,2691.23310010368,2026-08-20T00:09:10-04:00
02336000,2023-09-26,1580,A,44.740617615360001,3865.5893619671042,2026-08-20T00:09:10-04:00
02336000,2023-09-27,1530,A,43.324775285759998,3743.260584689664,2026-08-20T00:09:10-04:00
02336000,2023-09-28,1250,A,35.396058240000002,3058.2194319360001,2026-08-20T00:09:10-04:00
02336000,2023-09-29,1160,A,32.847542046720001,2838.0276328366081,2026-08-20T00:09:10-04:00
02336000,2023-09-30,1420,A,40.209922160639998,3474.1372746792963,2026-08-20T00:09:10-04:00
02336000,2023-10-01,1300,A,36.811900569599999,3180.5482092134403,2026-08-20T00:09:10-04:00
02336000,2023-10-02,1260,A,35.679226705920001,3082.6851873914879,2026-08-20T00:09:10-04:00
02336000,2023-10-03,1520,A,43.041606819839998,3718.7948292341762,2026-08-20T00:09:10-04:00
02336000,2023-10-04,1460,A,41.342596024320002,3572.0002965012482,2026-08-20T00:09:10-04:00
02336000,2023-10-05,1190,A,33.697047444479999,2911.4248992030721,2026-08-20T00:09:10-04:00
02336000,2023-10-06,1320,A,37.378237501440005,3229.479720124416,2026-08-20T00:09:10-04:00
02336000,2023-10-07,1420,A,40.209922160639998,3474.1372746792963,2026-08-20T00:09:10-04:00
02336000,2023-10-08,1210,A,34.263384376319998,2960.3564101140482,2026-08-20T00:09:10-04:00
02336000,2023-10-09,1200,A,33.980215910399998,2935.8906546585599,2026-08-20T00:09:10-04:00
02336000,2023-10-10,1370,A,38.794079831040001,3351.8084974018561,2026-08-20T00:09:10-04:00
02336000,2023-10-11,1180,A,33.41387897856,2886.9591437475842,2026-08-20T00:09:10-04:00
02336000,2023-10-12,2190,A,62.013894036480004,5358.0004447518722,2026-08-20T00:09:10-04:00
02336000,2023-10-13,1530,A,43.324775285759998,3743.260584689664,2026-08-20T00:09:10-04:00
02336000,2023-10-14,1280,A,36.24556363776,3131.6166983024641,2026-08-20T00:09:10-04:00
02336000,2023-10-15,1250,A,35.396058240000002,3058.2194319360001,2026-08-20T00:09:10-04:00
02336000,2023-10-16,1150,A,32.564373580800002,2813.5618773811202,2026-08-20T00:09:10-04:00
02336000,2023-10-17,1480,A,41.908932956160001,3620.9318074122243,2026-08-20T00:09:10-04:00
02336000,2023-10-18,1470,A,41.625764490240002,3596.466051956736,2026-08-20T00:09:10-04:00
02336000,2023-10-19,1050,A,29.732688921600001,2568.9043228262399,2026-08-20T00:09:10-04:00
02336000,2023-10-20,1380,A,39.077248296960001,3376.274252857344,2026-08-20T00:09:10-04:00
02336000,2023-10-21,1070,A,30.29902585344,2617.835833737216,2026-08-20T00:09:10-04:00
02336000,2023-10-22,990,A,28.033678126080002,2422.1097900933119,2026-08-20T00:09:10-04:00
02336000,2023-10-23,1010,A,28.60001505792,2471.041301004288,2026-08-20T00:09:10-04:00
02336000,2023-10-24,1160,A,32.847542046720001,2838.0276328366081,2026-08-20T00:09:10-04:00
02336000,2023-10-25,1380,A,39.077248296960001,3376.274252857344,2026-08-20T00:09:10-04:00
02336000,2023-10-26,1210,A,34.263384376319998,2960.3564101140482,2026-08-20T00:09:10-04:00
02336000,2023-10-27,1020,A,28.88318352384,2495.5070564597759,2026-08-20T00:09:10-04:00
02336000,2023-10-28,1140,A,32.281205114880002,2789.0961219256319,2026-08-20T00:09:10-04:00
02336000,2023-10-29,1160,A,32.847542046720001,2838.0276328366081,2026-08-20T00:09:10-04:00
02336000,2023-10-30,1140,A,32.281205114880002,2789.0961219256319,2026-08-20T00:09:10-04:00
02336000,2023-10-31,1110,A,31.431699717120001,2715.6988555591679,2026-08-20T00:09:10-04:00
02336000,2023-11-01,2110,A,59.748546309120002,5162.2744011079685,2026-08-20T00:09:10-04:00
02336000,2023-11-02,1720,A,48.704976138239999,4208.1099383439359,2026-08-20T00:09:10-04:00
02336000,2023-11-03,2080,A,58.899040911360004,5088.8771347415041,2026-08-20T00:09:10-04:00
02336000,2023-11-04,1810,A,51.25349233152,4428.3017374433284,2026-08-20T00:09:10-04:00
02336000,2023-11-05,1240,A,35.112889774080003,3033.7536764805122,2026-08-20T00:09:10-04:00
02336000,2023-11-06,1350,A,38.227742899200003,3302.87698649088,2026-08-20T00:09:10-04:00
02336000,2023-11-07,1830,A,51.819829263359999,4477.2332483543041,2026-08-20T00:09:10-04:00
02336000,2023-11-08,1730,A,48.988144604159999,4232.5756937994238,2026-08-20T00:09:10-04:00
02336000,2023-11-09,1440,A,40.776259092480004,3523.068785590272,2026-08-20T00:09:10-04:00
02336000,2023-11-10,1130,A,31.998036648959999,2764.6303664701441,2026-08-20T00:09:10-04:00
02336000,2023-11-11,1610,A,45.590123013119999,3938.9866283335682,2026-08-20T00:09:10-04:00
02336000,2023-11-12,1460,A,41.342596024320002,3572.0002965012482,2026-08-20T00:09:10-04:00
02336000,2023-11-13,1270,A,35.962395171840001,3107.1509428469762,2026-08-20T00:09:10-04:00
02336000,2023-11-14,1270,A,35.962395171840001,3107.1509428469762,2026-08-20T00:09:10-04:00
02336000,2023-11-15,1210,A,34.263384376319998,2960.3564101140482,2026-08-20T00:09:10-04:00
02336000,2023-11-16,1030,A,29.166351989760003,2519.9728119152642,2026-08-20T00:09:10-04:00
02336000,2023-11-17,1020,A,28.88318352384,2495.5070564597759,2026-08-20T00:09:10-04:00
02336000,2023-11-18,1210,A,34.263384376319998,2960.3564101140482,2026-08-20T00:09:10-04:00
02336000,2023-11-19,1380,A,39.077248296960001,3376.274252857344,2026-08-20T00:09:10-04:00
02336000,2023-11-20,1040,A,29.449520455680002,2544.438567370752,2026-08-20T00:09:10-04:00
02336000,2023-11-21,1120,A,31.71486818304,2740.1646110146562,2026-08-20T00:09:10-04:00
02336000,2023-11-22,1180,A,33.41387897856,2886.9591437475842,2026-08-20T00:09:10-04:00
02336000,2023-11-23,1020,A,28.88318352384,2495.5070564597759,2026-08-20T00:09:10-04:00
02336000,2023-11-24,1190,A,33.697047444479999,2911.4248992030721,2026-08-20T00:09:10-04:00
02336000,2023-11-25,1300,A,36.811900569599999,3180.5482092134403,2026-08-20T00:09:10-04:00
02336000,2023-11-26,980,A,27.750509660160002,2397.644034637824,2026-08-20T00:09:10-04:00
02336000,2023-11-27,965,A,27.32575696128,2360.9454014545922,2026-08-20T00:09:10-04:00
02336000,2023-11-28,1210,A,34.263384376319998,2960.3564101140482,2026-08-20T00:09:10-04:00
02336000,2023-11-29,1450,A,41.059427558400003,3547.5345410457603,2026-08-20T00:09:10-04:00
02336000,2023-11-30,1420,A,40.209922160639998,3474.1372746792963,2026-08-20T00:09:10-04:00
02336000,2023-12-01,1390,A,39.36041676288,3400.7400083128323,2026-08-20T00:09:10-04:00
02336000,2023-12-02,1020,A,28.88318352384,2495.5070564597759,2026-08-20T00:09:10-04:00
02336000,2023-12-03,1290,A,36.528732103679999,3156.082453757952,2026-08-20T00:09:10-04:00
02336000,2023-12-04,1870,A,52.952503127040004,4575.0962701762564,2026-08-20T00:09:10-04:00
02336000,2023-12-05,986,A,27.920410739712,2412.3234879111169,2026-08-20T00:09:10-04:00
02336000,2023-12-06,1250,A,35.396058240000002,3058.2194319360001,2026-08-20T00:09:10-04:00
02336000,2023-12-07,1010,A,28.60001505792,2471.041301004288,2026-08-20T00:09:10-04:00
02336000,2023-12-08,1100,A,31.148531251200001,2691.23310010368,2026-08-20T00:09:10-04:00
02336000,2023-12-09,1790,A,50.687155399680002,4379.3702265323518,2026-08-20T00:09:10-04:00
02336000,2023-12-10,3510,A,99.392131537920008,8587.4801648762877,2026-08-20T00:09:10-04:00
02336000,2023-12-11,2380,A,67.394094888959998,5822.8497984061441,2026-08-20T00:09:10-04:00
02336000,2023-12-12,1730,A,48.988144604159999,4232.5756937994238,2026-08-20T00:09:10-04:00
02336000,2023-12-13,1420,A,40.209922160639998,3474.1372746792963,2026-08-20T00:09:10-04:00
02336000,2023-12-14,1090,A,30.865362785280002,2666.7673446481922,2026-08-20T00:09:10-04:00
02336000,2023-12-15,1080,A,30.582194319359999,2642.3015891927039,2026-08-20T00:09:10-04:00
02336000,2023-12-16,1190,A,33.697047444479999,2911.4248992030721,2026-08-20T00:09:10-04:00
02336000,2023-12-17,959,A,27.155855881728002,2346.2659481812993,2026-08-20T00:09:10-04:00
02336000,2023-12-18,909,A,25.740013552128001,2223.9371709038592,2026-08-20T00:09:10-04:00
02336000,2023-12-19,924,A,26.164766251008,2260.6358040870914,2026-08-20T00:09:10-04:00
02336000,2023-12-20,1010,A,28.60001505792,2471.041301004288,2026-08-20T00:09:10-04:00
02336000,2023-12-21,1140,A,32.281205114880002,2789.0961219256319,2026-08-20T00:09:10-04:00
02336000,2023-12-22,1080,A,30.582194319359999,2642.3015891927039,2026-08-20T00:09:10-04:00
02336000,2023-12-23,968,A,27.410707501056002,2368.2851280912387,2026-08-20T00:09:10-04:00
02336000,2023-12-24,958,A,27.127539035136,2343.8193726357504,2026-08-20T00:09:10-04:00
02336000,2023-12-25,1180,A,33.41387897856,2886.9591437475842,2026-08-20T00:09:10-04:00
02336000,2023-12-26,4900,A,138.75254830080002,11988.22017318912,2026-08-20T00:09:10-04:00
02336000,2023-12-27,4100,A,116.0990710272,10030.959736750081,2026-08-20T00:09:10-04:00
02336000,2023-12-28,1960,A,55.501019320320005,4795.288069275648,2026-08-20T00:09:10-04:00
02336000,2023-12-29,1310,A,37.095069035519998,3205.0139646689281,2026-08-20T00:09:10-04:00
02336000,2023-12-30,1420,A,40.209922160639998,3474.1372746792963,2026-08-20T00:09:10-04:00
02336000,2023-12-31,1120,A,31.71486818304,2740.1646110146562,2026-08-20T00:09:10-04:00
02336000,2024-01-01,1100,A,31.148531251200001,2691.23310010368,2026-08-20T00:09:10-04:00
02336000,2024-01-02,1410,A,39.926753694719999,3449.671519223808,2026-08-20T00:09:10-04:00
02336000,2024-01-03,1350,A,38.227742899200003,3302.87698649088,2026-08-20T00:09:10-04:00
02336000,2024-01-04,1170,A,33.13071051264,2862.4933882920959,2026-08-20T00:09:10-04:00
02336000,2024-01-05,1110,A,31.431699717120001,2715.6988555591679,2026-08-20T00:09:10-04:00
02336000,2024-01-06,2620,A,74.190138071039996,6410.0279293378562,2026-08-20T00:09:10-04:00
02336000,2024-01-07,2020,A,57.200030115840001,4942.082602008576,2026-08-20T00:09:10-04:00
02336000,2024-01-08,1480,A,41.908932956160001,3620.9318074122243,2026-08-20T00:09:10-04:00
02336000,2024-01-09,8220,A,232.76447898623999,20110.850984411136,2026-08-20T00:09:10-04:00
02336000,2024-01-10,8350,A,236.44566904320001,20428.905805332481,2026-08-20T00:09:10-04:00
02336000,2024-01-11,3520,A,99.675300003840007,8611.9459203317765,2026-08-20T00:09:10-04:00
02336000,2024-01-12,2020,A,57.200030115840001,4942.082602008576,2026-08-20T00:09:10-04:00
02336000,2024-01-13,1920,A,54.36834545664,4697.4250474536966,2026-08-20T00:09:10-04:00
02336000,2024-01-14,1500,A,42.475269888,3669.8633183232,2026-08-20T00:09:10-04:00
02336000,2024-01-15,1150,A,32.564373580800002,2813.5618773811202,2026-08-20T00:09:10-04:00
02336000,2024-01-16,1500,A,42.475269888,3669.8633183232,2026-08-20T00:09:10-04:00
02336000,2024-01-17,1390,A,39.36041676288,3400.7400083128323,2026-08-20T00:09:10-04:00
02336000,2024-01-18,1420,A,40.209922160639998,3474.1372746792963,2026-08-20T00:09:10-04:00
02336000,2024-01-19,1220,A,34.546552842240004,2984.8221655695361,2026-08-20T00:09:10-04:00
02336000,2024-01-20,1120,A,31.71486818304,2740.1646110146562,2026-08-20T00:09:10-04:00
02336000,2024-01-21,983,A,27.835460199936001,2404.9837612744705,2026-08-20T00:09:10-04:00
02336000,2024-01-22,1280,A,36.24556363776,3131.6166983024641,2026-08-20T00:09:10-04:00
02336000,2024-01-23,1250,A,35.396058240000002,3058.2194319360001,2026-08-20T00:09:10-04:00
02336000,2024-01-24,1200,A,33.980215910399998,2935.8906546585599,2026-08-20T00:09:10-04:00
02336000,2024-01-25,6860,A,194.25356762112,16783.50824246477,2026-08-20T00:09:10-04:00
02336000,2024-01-26,6030,A,170.75058494976,14752.850539659265,2026-08-20T00:09:10-04:00
02336000,2024-01-27,3430,A,97.126783810559999,8391.7541212323849,2026-08-20T00:09:10-04:00
02336000,2024-01-28,2180,A,61.730725570560004,5333.5346892963844,2026-08-20T00:09:10-04:00
02336000,2024-01-29,2090,A,59.182209377280003,5113.3428901969919,2026-08-20T00:09:10-04:00
02336000,2024-01-30,1530,A,43.324775285759998,3743.260584689664,2026-08-20T00:09:10-04:00
02336000,2024-01-31,1330,A,37.661405967360004,3253.9454755799043,2026-08-20T00:09:10-04:00
02336000,2024-02-01,1470,A,41.625764490240002,3596.466051956736,2026-08-20T00:09:10-04:00
02336000,2024-02-02,1240,A,35.112889774080003,3033.7536764805122,2026-08-20T00:09:10-04:00
02336000,2024-02-03,1160,A,32.847542046720001,2838.0276328366081,2026-08-20T00:09:10-04:00
02336000,2024-02-04,957,A,27.099222188544001,2341.3727970902019,2026-08-20T00:09:10-04:00
02336000,2024-02-05,1490,A,42.19210142208,3645.3975628677122,2026-08-20T00:09:10-04:00
02336000,2024-02-06,1320,A,37.378237501440005,3229.479720124416,2026-08-20T00:09:10-04:00
02336000,2024-02-07,1430,A,40.493090626560004,3498.6030301347841,2026-08-20T00:09:10-04:00
02336000,2024-02-08,1210,A,34.263384376319998,2960.3564101140482,2026-08-20T00:09:10-04:00
02336000,2024-02-09,1130,A,31.998036648959999,2764.6303664701441,2026-08-20T00:09:10-04:00
02336000,2024-02-10,1320,A,37.378237501440005,3229.479720124416,2026-08-20T00:09:10-04:00
02336000,2024-02-11,1250,A,35.396058240000002,3058.2194319360001,2026-08-20T00:09:10-04:00
02336000,2024-02-12,6030,A,170.75058494976,14752.850539659265,2026-08-20T00:09:10-04:00
02336000,2024-02-13,6690,A,189.43970370048001,16367.590399721472,2026-08-20T00:09:10-04:00
02336000,2024-02-14,3460,A,97.976289208319997,8465.1513875988476,2026-08-20T00:09:10-04:00
02336000,2024-02-15,2870,A,81.269349719040008,7021.6718157250561,2026-08-20T00:09:10-04:00
02336000,2024-02-16,2670,A,75.605980400640007,6532.3567066152964,2026-08-20T00:09:10-04:00
02336000,2024-02-17,2080,A,58.899040911360004,5088.8771347415041,2026-08-20T00:09:10-04:00
02336000,2024-02-18,2890,A,81.835686650880007,7070.6033266360319,2026-08-20T00:09:10-04:00
02336000,2024-02-19,3110,A,88.065392901120006,7608.8499466567682,2026-08-20T00:09:10-04:00
02336000,2024-02-20,3200,A,90.6139090944,7829.0417457561598,2026-08-20T00:09:10-04:00
02336000,2024-02-21,2820,A,79.853507389439997,6899.343038447616,2026-08-20T00:09:10-04:00
02336000,2024-02-22,4560,A,129.12482045952001,11156.384487702528,2026-08-20T00:09:10-04:00
02336000,2024-02-23,4700,A,133.0891789824,11498.905064079361,2026-08-20T00:09:10-04:00
02336000,2024-02-24,4590,A,129.97432585728001,11229.781754068992,2026-08-20T00:09:10-04:00
02336000,2024-02-25,5010,A,141.86740142592001,12257.343483199489,2026-08-20T00:09:10-04:00
02336000,2024-02-26,4230,A,119.78026108416,10349.014557671424,2026-08-20T00:09:10-04:00
02336000,2024-02-27,3320,A,94.011930685440007,8122.6308112220158,2026-08-20T00:09:10-04:00
02336000,2024-02-28,4130,A,116.94857642496001,10104.357003116544,2026-08-20T00:09:10-04:00
02336000,2024-02-29,3730,A,105.62183778816001,9125.7267848970241,2026-08-20T00:09:10-04:00
02336000,2024-03-01,5150,A,145.8317599488,12599.864059576321,2026-08-20T00:09:10-04:00
02336000,2024-03-02,6350,A,179.8119758592,15535.754714234881,2026-08-20T00:09:10-04:00
02336000,2024-03-03,4480,A,126.85947273216,10960.658444058625,2026-08-20T00:09:10-04:00
02336000,2024-03-04,4190,A,118.64758722048001,10251.151535849473,2026-08-20T00:09:10-04:00
02336000,2024-03-05,5130,A,145.26542301696,12550.932548665345,2026-08-20T00:09:10-04:00
02336000,2024-03-06,10800,A,305.82194319360002,26423.01589192704,2026-08-20T00:09:10-04:00
02336000,2024-03-07,8120,A,229.93279432704,19866.193429856256,2026-08-20T00:09:10-04:00
02336000,2024-03-08,5870,A,166.21988949504001,14361.398452371457,2026-08-20T00:09:10-04:00
02336000,2024-03-09,6770,A,191.70505142784,16563.316443365376,2026-08-20T00:09:10-04:00
02336000,2024-03-10,4250,A,120.346598016,10397.9460685824,2026-08-20T00:09:10-04:00
02336000,2024-03-11,2920,A,82.685192048640005,7144.0005930024963,2026-08-20T00:09:10-04:00
02336000,2024-03-12,2620,A,74.190138071039996,6410.0279293378562,2026-08-20T00:09:10-04:00
02336000,2024-03-13,5790,A,163.95454176768001,14165.672408727552,2026-08-20T00:09:10-04:00
02336000,2024-03-14,6570,A,186.04168210944002,16074.001334255616,2026-08-20T00:09:10-04:00
02336000,2024-03-15,5730,A,162.25553097216002,14018.877875994625,2026-08-20T00:09:10-04:00
02336000,2024-03-16,4760,A,134.78818977792,11645.699596812288,2026-08-20T00:09:10-04:00
02336000,2024-03-17,2170,A,61.447557104640005,5309.0689338408965,2026-08-20T00:09:10-04:00
02336000,2024-03-18,2620,A,74.190138071039996,6410.0279293378562,2026-08-20T00:09:10-04:00
02336000,2024-03-19,6100,A,172.73276421119999,14924.11082784768,2026-08-20T00:09:10-04:00
02336000,2024-03-20,3450,A,97.693120742399998,8440.6856321433606,2026-08-20T00:09:10-04:00
02336000,2024-03-21,3520,A,99.675300003840007,8611.9459203317765,2026-08-20T00:09:10-04:00
02336000,2024-03-22,2650,A,75.039643468800008,6483.4251957043198,2026-08-20T00:09:10-04:00
02336000,2024-03-23,1620,A,45.873291479039999,3963.4523837890561,2026-08-20T00:09:10-04:00
02336000,2024-03-24,1700,A,48.138639206400001,4159.1784274329602,2026-08-20T00:09:10-04:00
02336000,2024-03-25,3610,A,102.22381619712,8832.1377194311681,2026-08-20T00:09:10-04:00
02336000,2024-03-26,3210,A,90.89707756032,7853.5075012116486,2026-08-20T00:09:10-04:00
02336000,2024-03-27,3850,A,109.0198593792,9419.3158503628802,2026-08-20T00:09:10-04:00
02336000,2024-03-28,4640,A,131.39016818688,11352.110531346432,2026-08-20T00:09:10-04:00
02336000,2024-03-29,4480,A,126.85947273216,10960.658444058625,2026-08-20T00:09:10-04:00
02336000,2024-03-30,3490,A,98.825794606080009,8538.548653965312,2026-08-20T00:09:10-04:00
02336000,2024-03-31,2160,A,61.164388638719998,5284.6031783854078,2026-08-20T00:09:10-04:00
02336000,2024-04-01,2120,A,60.031714775040001,5186.7401565634564,2026-08-20T00:09:10-04:00
02336000,2024-04-02,2220,A,62.863399434240002,5431.3977111183358,2026-08-20T00:09:10-04:00
02336000,2024-04-03,2530,A,71.641621877760002,6189.8361302384646,2026-08-20T00:09:10-04:00
02336000,2024-04-04,2850,A,80.703012787199995,6972.7403048140804,2026-08-20T00:09:10-04:00
02336000,2024-04-05,2950,A,83.534697446400003,7217.3978593689599,2026-08-20T00:09:10-04:00
02336000,2024-04-06,2380,A,67.394094888959998,5822.8497984061441,2026-08-20T00:09:10-04:00
02336000,2024-04-07,2890,A,81.835686650880007,7070.6033266360319,2026-08-20T00:09:10-04:00
02336000,2024-04-08,2300,A,65.128747161600003,5627.1237547622404,2026-08-20T00:09:10-04:00
02336000,2024-04-09,3530,A,99.958468469760007,8636.4116757872634,2026-08-20T00:09:10-04:00
02336000,2024-04-10,5550,A,157.1584985856,13578.49427779584,2026-08-20T00:09:10-04:00
02336000,2024-04-11,3700,A,104.77233239040001,9052.3295185305597,2026-08-20T00:09:10-04:00
02336000,2024-04-12,3390,A,95.994109946880002,8293.8910994104317,2026-08-20T00:09:10-04:00
02336000,2024-04-13,2550,A,72.207958809600001,6238.7676411494404,2026-08-20T00:09:10-04:00
02336000,2024-04-14,1730,A,48.988144604159999,4232.5756937994238,2026-08-20T00:09:10-04:00
02336000,2024-04-15,1700,A,48.138639206400001,4159.1784274329602,2026-08-20T00:09:10-04:00
02336000,2024-04-16,1440,A,40.776259092480004,3523.068785590272,2026-08-20T00:09:10-04:00
02336000,2024-04-17,2370,A,67.110926423039999,5798.3840429506563,2026-08-20T00:09:10-04:00
02336000,2024-04-18,2210,A,62.580230968320002,5406.9319556628479,2026-08-20T00:09:10-04:00
02336000,2024-04-19,2110,A,59.748546309120002,5162.2744011079685,2026-08-20T00:09:10-04:00
02336000,2024-04-20,2220,A,62.863399434240002,5431.3977111183358,2026-08-20T00:09:10-04:00
02336000,2024-04-21,1830,A,51.819829263359999,4477.2332483543041,2026-08-20T00:09:10-04:00
02336000,2024-04-22,2270,A,64.279241763840005,5553.726488395776,2026-08-20T00:09:10-04:00
02336000,2024-04-23,2270,A,64.279241763840005,5553.726488395776,2026-08-20T00:09:10-04:00
02336000,2024-04-24,2440,A,69.093105684480008,5969.6443311390722,2026-08-20T00:09:10-04:00
02336000,2024-04-25,2180,A,61.730725570560004,5333.5346892963844,2026-08-20T00:09:10-04:00
02336000,2024-04-26,1710,A,48.42180767232,4183.6441828884481,2026-08-20T00:09:10-04:00
02336000,2024-04-27,1670,A,47.289133808640003,4085.7811610664962,2026-08-20T00:09:10-04:00
02336000,2024-04-28,2800,A,79.287170457599998,6850.4115275366403,2026-08-20T00:09:10-04:00
02336000,2024-04-29,1380,A,39.077248296960001,3376.274252857344,2026-08-20T00:09:10-04:00
02336000,2024-04-30,2540,A,71.924790343680002,6214.3018856939525,2026-08-20T00:09:10-04:00
02336000,2024-05-01,3030,A,85.800045173759997,7413.1239030128645,2026-08-20T00:09:10-04:00
02336000,2024-05-02,2510,A,71.075284945920004,6140.904619327488,2026-08-20T00:09:10-04:00
02336000,2024-05-03,3030,A,85.800045173759997,7413.1239030128645,2026-08-20T00:09:10-04:00
02336000,2024-05-04,3150,A,89.198066764800004,7706.7129684787205,2026-08-20T00:09:10-04:00
02336000,2024-05-05,4710,A,133.37234744832,11523.370819534848,2026-08-20T00:09:10-04:00
02336000,2024-05-06,3650,A,103.3564900608,8930.0007412531195,2026-08-20T00:09:10-04:00
02336000,2024-05-07,1880,A,53.235671592960003,4599.5620256317443,2026-08-20T00:09:10-04:00
02336000,2024-05-08,1700,A,48.138639206400001,4159.1784274329602,2026-08-20T00:09:10-04:00
02336000,2024-05-09,2270,A,64.279241763840005,5553.726488395776,2026-08-20T00:09:10-04:00
02336000,2024-05-10,3560,A,100.80797386752,8709.8089421537279,2026-08-20T00:09:10-04:00
02336000,2024-05-11,3750,A,106.18817472000001,9174.6582958079998,2026-08-20T00:09:10-04:00
02336000,2024-05-12,4660,A,131.95650511872,11401.042042257408,2026-08-20T00:09:10-04:00
02336000,2024-05-13,4310,A,122.04560881152,10544.740601315329,2026-08-20T00:09:10-04:00
02336000,2024-05-14,4200,A,118.9307556864,10275.61729130496,2026-08-20T00:09:10-04:00
02336000,2024-05-15,2660,A,75.322811934720008,6507.8909511598085,2026-08-20T00:09:10-04:00
02336000,2024-05-16,2230,A,63.146567900160001,5455.8634665738246,2026-08-20T00:09:10-04:00
02336000,2024-05-17,2750,A:e,77.871328128000002,6728.0827502592001,2026-08-20T00:09:10-04:00
02336000,2024-05-18,2320,A,65.695084093440002,5676.0552656732161,2026-08-20T00:09:10-04:00
02336000,2024-05-19,2020,A,57.200030115840001,4942.082602008576,2026-08-20T00:09:10-04:00
02336000,2024-05-20,1980,A,56.067356252160003,4844.2195801866237,2026-08-20T00:09:10-04:00
02336000,2024-05-21,1550,A:e,43.891112217600003,3792.1920956006402,2026-08-20T00:09:10-04:00
02336000,2024-05-22,1460,A,41.342596024320002,3572.0002965012482,2026-08-20T00:09:10-04:00
02336000,2024-05-23,1570,A,44.457449149440002,3841.1236065116163,2026-08-20T00:09:10-04:00
02336000,2024-05-24,1340,A,37.944574433280003,3278.4112310353921,2026-08-20T00:09:10-04:00
02336000,2024-05-25,1650,A,46.722796876800004,4036.8496501555201,2026-08-20T00:09:10-04:00
02336000,2024-05-26,1350,A,38.227742899200003,3302.87698649088,2026-08-20T00:09:10-04:00
02336000,2024-05-27,2140,A,60.59805170688,5235.6716674744321,2026-08-20T00:09:10-04:00
02336000,2024-05-28,2740,A:e,77.588159662080002,6703.6169948037123,2026-08-20T00:09:10-04:00
02336000,2024-05-29,2300,A,65.128747161600003,5627.1237547622404,2026-08-20T00:09:10-04:00
02336000,2024-05-30,2290,A,64.845578695680004,5602.6579993067526,2026-08-20T00:09:10-04:00
02336000,2024-05-31,2320,A,65.695084093440002,5676.0552656732161,2026-08-20T00:09:10-04:00
02336000,2024-06-01,1170,A,33.13071051264,2862.4933882920959,2026-08-20T00:09:10-04:00
02336000,2024-06-02,1010,A,28.60001505792,2471.041301004288,2026-08-20T00:09:10-04:00
02336000,2024-06-03,1390,A,39.36041676288,3400.7400083128323,2026-08-20T00:09:10-04:00
02336000,2024-06-04,2090,A,59.182209377280003,5113.3428901969919,2026-08-20T00:09:10-04:00
02336000,2024-06-05,2600,A,73.623801139199998,6361.0964184268805,2026-08-20T00:09:10-04:00
02336000,2024-06-06,1660,A,47.005965342720003,4061.3154056110079,2026-08-20T00:09:10-04:00
02336000,2024-06-07,2210,A,62.580230968320002,5406.9319556628479,2026-08-20T00:09:10-04:00
02336000,2024-06-08,1890,A,53.518840058880002,4624.0277810872321,2026-08-20T00:09:10-04:00
02336000,2024-06-09,1210,A,34.263384376319998,2960.3564101140482,2026-08-20T00:09:10-04:00
02336000,2024-06-10,1700,A,48.138639206400001,4159.1784274329602,2026-08-20T00:09:10-04:00
02336000,2024-06-11,1940,A,54.934682388479999,4746.3565583646723,2026-08-20T00:09:10-04:00
02336000,2024-06-12,2390,A,67.677263354879997,5847.315553861632,2026-08-20T00:09:10-04:00
02336000,2024-06-13,2320,A,65.695084093440002,5676.0552656732161,2026-08-20T00:09:10-04:00
02336000,2024-06-14,2580,A,73.057464207359999,6312.1649075159039,2026-08-20T00:09:10-04:00
02336000,2024-06-15,2580,A,73.057464207359999,6312.1649075159039,2026-08-20T00:09:10-04:00
02336000,2024-06-16,2150,A,60.881220172799999,5260.1374229299199,2026-08-20T00:09:10-04:00
02336000,2024-06-17,2480,A,70.225779548160006,6067.5073529610245,2026-08-20T00:09:10-04:00
02336000,2024-06-18,1660,A,47.005965342720003,4061.3154056110079,2026-08-20T00:09:10-04:00
02336000,2024-06-19,1310,A,37.095069035519998,3205.0139646689281,2026-08-20T00:09:10-04:00
02336000,2024-06-20,1710,A,48.42180767232,4183.6441828884481,2026-08-20T00:09:10-04:00
02336000,2024-06-21,1380,A,39.077248296960001,3376.274252857344,2026-08-20T00:09:10-04:00
02336000,2024-06-22,1300,A,36.811900569599999,3180.5482092134403,2026-08-20T00:09:10-04:00
02336000,2024-06-23,1010,A,28.60001505792,2471.041301004288,2026-08-20T00:09:10-04:00
02336000,2024-06-24,1030,A,29.166351989760003,2519.9728119152642,2026-08-20T00:09:10-04:00
02336000,2024-06-25,1010,A,28.60001505792,2471.041301004288,2026-08-20T00:09:10-04:00
02336000,2024-06-26,1210,A,34.263384376319998,2960.3564101140482,2026-08-20T00:09:10-04:00
02336000,2024-06-27,1270,A,35.962395171840001,3107.1509428469762,2026-08-20T00:09:10-04:00
02336000,2024-06-28,1140,A,32.281205114880002,2789.0961219256319,2026-08-20T00:09:10-04:00
02336000,2024-06-29,1100,A,31.148531251200001,2691.23310010368,2026-08-20T00:09:10-04:00
02336000,2024-06-30,1050,A,29.732688921600001,2568.9043228262399,2026-08-20T00:09:10-04:00
02336000,2024-07-01,1000,A,28.316846592000001,2446.5755455488002,2026-08-20T00:09:10-04:00
02336000,2024-07-02,974,A,27.580608580608001,2382.9645813645311,2026-08-20T00:09:10-04:00
02336000,2024-07-03,1010,A,28.60001505792,2471.041301004288,2026-08-20T00:09:10-04:00
02336000,2024-07-04,991,A,28.061994972672,2424.5563656388608,2026-08-20T00:09:10-04:00
02336000,2024-07-05,1570,A,44.457449149440002,3841.1236065116163,2026-08-20T00:09:10-04:00
02336000,2024-07-06,1690,A,47.855470740480001,4134.7126719774724,2026-08-20T00:09:10-04:00
02336000,2024-07-07,1260,A,35.679226705920001,3082.6851873914879,2026-08-20T00:09:10-04:00
02336000,2024-07-08,2120,A,60.031714775040001,5186.7401565634564,2026-08-20T00:09:10-04:00
02336000,2024-07-09,2360,A,66.827757957119999,5773.9182874951684,2026-08-20T00:09:10-04:00
02336000,2024-07-10,1120,A,31.71486818304,2740.1646110146562,2026-08-20T00:09:10-04:00
02336000,2024-07-11,971,A,27.495658040832001,2375.6248547278847,2026-08-20T00:09:10-04:00
02336000,2024-07-12,972,A,27.523974887424,2378.0714302734336,2026-08-20T00:09:10-04:00
02336000,2024-07-13,975,A,27.608925427199999,2385.4111569100801,2026-08-20T00:09:10-04:00
02336000,2024-07-14,965,A,27.32575696128,2360.9454014545922,2026-08-20T00:09:10-04:00
02336000,2024-07-15,973,A,27.552291734016002,2380.5180058189826,2026-08-20T00:09:10-04:00
02336000,2024-07-16,1040,A,29.449520455680002,2544.438567370752,2026-08-20T00:09:10-04:00
02336000,2024-07-17,990,A,28.033678126080002,2422.1097900933119,2026-08-20T00:09:10-04:00
02336000,2024-07-18,1320,A,37.378237501440005,3229.479720124416,2026-08-20T00:09:10-04:00
02336000,2024-07-19,1410,A,39.926753694719999,3449.671519223808,2026-08-20T00:09:10-04:00
02336000,2024-07-20,2950,A,83.534697446400003,7217.3978593689599,2026-08-20T00:09:10-04:00
02336000,2024-07-21,1750,A,49.554481536000004,4281.5072047104004,2026-08-20T00:09:10-04:00
02336000,2024-07-22,1310,A,37.095069035519998,3205.0139646689281,2026-08-20T00:09:10-04:00
02336000,2024-07-23,1610,A,45.590123013119999,3938.9866283335682,2026-08-20T00:09:10-04:00
02336000,2024-07-24,3570,A,101.09114233344,8734.2746976092167,2026-08-20T00:09:10-04:00
02336000,2024-07-25,3380,A,95.710941480960003,8269.4253439549448,2026-08-20T00:09:10-04:00
02336000,2024-07-26,1690,A,47.855470740480001,4134.7126719774724,2026-08-20T00:09:10-04:00
02336000,2024-07-27,1300,A,36.811900569599999,3180.5482092134403,2026-08-20T00:09:10-04:00
02336000,2024-07-28,1480,A,41.908932956160001,3620.9318074122243,2026-08-20T00:09:10-04:00
02336000,2024-07-29,1600,A,45.3069545472,3914.5208728780799,2026-08-20T00:09:10-04:00
02336000,2024-07-30,1510,A,42.758438353919999,3694.3290737786883,2026-08-20T00:09:10-04:00
02336000,2024-07-31,1290,A,36.528732103679999,3156.082453757952,2026-08-20T00:09:10-04:00
02336000,2024-08-01,1070,A,30.29902585344,2617.835833737216,2026-08-20T00:09:10-04:00
02336000,2024-08-02,1030,A,29.166351989760003,2519.9728119152642,2026-08-20T00:09:10-04:00
02336000,2024-08-03,1610,A,45.590123013119999,3938.9866283335682,2026-08-20T00:09:10-04:00
02336000,2024-08-04,1290,A,36.528732103679999,3156.082453757952,2026-08-20T00:09:10-04:00
02336000,2024-08-05,1600,A,45.3069545472,3914.5208728780799,2026-08-20T00:09:10-04:00
02336000,2024-08-06,1610,A,45.590123013119999,3938.9866283335682,2026-08-20T00:09:10-04:00
02336000,2024-08-07,1320,A,37.378237501440005,3229.479720124416,2026-08-20T00:09:10-04:00
02336000,2024-08-08,1100,A,31.148531251200001,2691.23310010368,2026-08-20T00:09:10-04:00
02336000,2024-08-09,1330,A,37.661405967360004,3253.9454755799043,2026-08-20T00:09:10-04:00
02336000,2024-08-10,1240,A,35.112889774080003,3033.7536764805122,2026-08-20T00:09:10-04:00
02336000,2024-08-11,1150,A,32.564373580800002,2813.5618773811202,2026-08-20T00:09:10-04:00
02336000,2024-08-12,1110,A,31.431699717120001,2715.6988555591679,2026-08-20T00:09:10-04:00
02336000,2024-08-13,1530,A,43.324775285759998,3743.260584689664,2026-08-20T00:09:10-04:00
02336000,2024-08-14,1660,A,47.005965342720003,4061.3154056110079,2026-08-20T00:09:10-04:00
02336000,2024-08-15,2120,A,60.031714775040001,5186.7401565634564,2026-08-20T00:09:10-04:00
02336000,2024-08-16,3670,A,103.92282699264,8978.932252164097,2026-08-20T00:09:10-04:00
02336000,2024-08-17,4270,A,120.91293494784,10446.877579493377,2026-08-20T00:09:10-04:00
02336000,2024-08-18,2070,A,58.615872445440004,5064.4113792860162,2026-08-20T00:09:10-04:00
02336000,2024-08-19,1510,A,42.758438353919999,3694.3290737786883,2026-08-20T00:09:10-04:00
02336000,2024-08-20,1990,A,56.350524718080003,4868.6853356421125,2026-08-20T00:09:10-04:00
02336000,2024-08-21,1200,A,33.980215910399998,2935.8906546585599,2026-08-20T00:09:10-04:00
02336000,2024-08-22,1160,A,32.847542046720001,2838.0276328366081,2026-08-20T00:09:10-04:00
02336000,2024-08-23,1130,A,31.998036648959999,2764.6303664701441,2026-08-20T00:09:10-04:00
02336000,2024-08-24,1220,A,34.546552842240004,2984.8221655695361,2026-08-20T00:09:10-04:00
02336000,2024-08-25,1030,A,29.166351989760003,2519.9728119152642,2026-08-20T00:09:10-04:00
02336000,2024-08-26,1150,A,32.564373580800002,2813.5618773811202,2026-08-20T00:09:10-04:00
02336000,2024-08-27,1340,A,37.944574433280003,3278.4112310353921,2026-08-20T00:09:10-04:00
02336000,2024-08-28,1690,A,47.855470740480001,4134.7126719774724,2026-08-20T00:09:10-04:00
02336000,2024-08-29,1660,A,47.005965342720003,4061.3154056110079,2026-08-20T00:09:10-04:00
02336000,2024-08-30,2130,A,60.31488324096,5211.2059120189442,2026-08-20T00:09:10-04:00
02336000,2024-08-31,1280,A,36.24556363776,3131.6166983024641,2026-08-20T00:09:10-04:00
02336000,2024-09-01,1130,A,31.998036648959999,2764.6303664701441,2026-08-20T00:09:10-04:00
02336000,2024-09-02,1160,A,32.847542046720001,2838.0276328366081,2026-08-20T00:09:10-04:00
02336000,2024-09-03,1240,A,35.112889774080003,3033.7536764805122,2026-08-20T00:09:10-04:00
02336000,2024-09-04,1470,A,41.625764490240002,3596.466051956736,2026-08-20T00:09:10-04:00
02336000,2024-09-05,1260,A,35.679226705920001,3082.6851873914879,2026-08-20T00:09:10-04:00
02336000,2024-09-06,1540,A,43.607943751680004,3767.7263401451523,2026-08-20T00:09:10-04:00
02336000,2024-09-07,1150,A,32.564373580800002,2813.5618773811202,2026-08-20T00:09:10-04:00
02336000,2024-09-08,1010,A,28.60001505792,2471.041301004288,2026-08-20T00:09:10-04:00
02336000,2024-09-09,1030,A,29.166351989760003,2519.9728119152642,2026-08-20T00:09:10-04:00
02336000,2024-09-10,1240,A,35.112889774080003,3033.7536764805122,2026-08-20T00:09:10-04:00
02336000,2024-09-11,1230,A,34.829721308160003,3009.2879210250239,2026-08-20T00:09:10-04:00
02336000,2024-09-12,1240,A,35.112889774080003,3033.7536764805122,2026-08-20T00:09:10-04:00
02336000,2024-09-13,1090,A,30.865362785280002,2666.7673446481922,2026-08-20T00:09:10-04:00
02336000,2024-09-14,1080,A,30.582194319359999,2642.3015891927039,2026-08-20T00:09:10-04:00
02336000,2024-09-15,1010,A,28.60001505792,2471.041301004288,2026-08-20T00:09:10-04:00
02336000,2024-09-16,1010,A,28.60001505792,2471.041301004288,2026-08-20T00:09:10-04:00
02336000,2024-09-17,1020,A,28.88318352384,2495.5070564597759,2026-08-20T00:09:10-04:00
02336000,2024-09-18,1250,A,35.396058240000002,3058.2194319360001,2026-08-20T00:09:10-04:00
02336000,2024-09-19,1160,A,32.847542046720001,2838.0276328366081,2026-08-20T00:09:10-04:00
02336000,2024-09-20,1100,A,31.148531251200001,2691.23310010368,2026-08-20T00:09:10-04:00
02336000,2024-09-21,1080,A,30.582194319359999,2642.3015891927039,2026-08-20T00:09:10-04:00
02336000,2024-09-22,1120,A,31.71486818304,2740.1646110146562,2026-08-20T00:09:10-04:00
02336000,2024-09-23,1060,A,30.015857387520001,2593.3700782817282,2026-08-20T00:09:10-04:00
02336000,2024-09-24,1110,A,31.431699717120001,2715.6988555591679,2026-08-20T00:09:10-04:00
02336000,2024-09-25,2540,A,71.924790343680002,6214.3018856939525,2026-08-20T00:09:10-04:00
02336000,2024-09-26,6650,A,188.30702983680001,16269.72737789952,2026-08-20T00:09:10-04:00
02336000,2024-09-27,18000,A:e,509.703238656,44038.359819878402,2026-08-20T00:09:10-04:00
02336000,2024-09-28,8130,A,230.21596279296,19890.659185311746,2026-08-20T00:09:10-04:00
02336000,2024-09-29,3340,A,94.578267617280005,8171.5623221329924,2026-08-20T00:09:10-04:00
02336000,2024-09-30,1200,A,33.980215910399998,2935.8906546585599,2026-08-20T00:09:10-04:00
02336000,2024-10-01,1150,A,32.564373580800002,2813.5618773811202,2026-08-20T00:09:10-04:00
02336000,2024-10-02,1330,A,37.661405967360004,3253.9454755799043,2026-08-20T00:09:10-04:00
02336000,2024-10-03,2750,A,77.871328128000002,6728.0827502592001,2026-08-20T00:09:10-04:00
02336000,2024-10-04,1920,A,54.36834545664,4697.4250474536966,2026-08-20T00:09:10-04:00
02336000,2024-10-05,1900,A,53.802008524800002,4648.49353654272,2026-08-20T00:09:10-04:00
02336000,2024-10-06,1170,A,33.13071051264,2862.4933882920959,2026-08-20T00:09:10-04:00
02336000,2024-10-07,1240,A,35.112889774080003,3033.7536764805122,2026-08-20T00:09:10-04:00
02336000,2024-10-08,1240,A,35.112889774080003,3033.7536764805122,2026-08-20T00:09:10-04:00
02336000,2024-10-09,1260,A,35.679226705920001,3082.6851873914879,2026-08-20T00:09:10-04:00
02336000,2024-10-10,1290,A,36.528732103679999,3156.082453757952,2026-08-20T00:09:10-04:00
02336000,2024-10-11,2440,A,69.093105684480008,5969.6443311390722,2026-08-20T00:09:10-04:00
02336000,2024-10-12,1590,A,45.023786081280001,3890.055117422592,2026-08-20T00:09:10-04:00
02336000,2024-10-13,2250,A,63.712904832,5504.7949774848003,2026-08-20T00:09:10-04:00
02336000,2024-10-14,1980,A,56.067356252160003,4844.2195801866237,2026-08-20T00:09:10-04:00
02336000,2024-10-15,1740,A,49.271313070079998,4257.0414492549125,2026-08-20T00:09:10-04:00
02336000,2024-10-16,1550,A:e,43.891112217600003,3792.1920956006402,2026-08-20T00:09:10-04:00
02336000,2024-10-17,1170,A:e,33.13071051264,2862.4933882920959,2026-08-20T00:09:10-04:00
02336000,2024-10-18,1500,A:e,42.475269888,3669.8633183232,2026-08-20T00:09:10-04:00
02336000,2024-10-19,1850,A,52.386166195200005,4526.1647592652798,2026-08-20T00:09:10-04:00
02336000,2024-10-20,1670,A,47.289133808640003,4085.7811610664962,2026-08-20T00:09:10-04:00
02336000,2024-10-21,1730,A,48.988144604159999,4232.5756937994238,2026-08-20T00:09:10-04:00
02336000,2024-10-22,1760,A,49.837650001920004,4305.9729601658883,2026-08-20T00:09:10-04:00
02336000,2024-10-23,2780,A,78.72083352576,6801.4800166256646,2026-08-20T00:09:10-04:00
02336000,2024-10-24,2950,A,83.534697446400003,7217.3978593689599,2026-08-20T00:09:10-04:00
02336000,2024-10-25,2500,A,70.792116480000004,6116.4388638720002,2026-08-20T00:09:10-04:00
02336000,2024-10-26,2640,A,74.756475002880009,6458.9594402488319,2026-08-20T00:09:10-04:00
02336000,2024-10-27,3010,A,85.233708241919999,7364.1923921018879,2026-08-20T00:09:10-04:00
02336000,2024-10-28,2140,A,60.59805170688,5235.6716674744321,2026-08-20T00:09:10-04:00
02336000,2024-10-29,1440,A,40.776259092480004,3523.068785590272,2026-08-20T00:09:10-04:00
02336000,2024-10-30,1700,A,48.138639206400001,4159.1784274329602,2026-08-20T00:09:10-04:00
02336000,2024-10-31,1850,A,52.386166195200005,4526.1647592652798,2026-08-20T00:09:10-04:00
02336000,2024-11-01,2010,A,56.916861649920001,4917.6168465530882,2026-08-20T00:09:10-04:00
02336000,2024-11-02,1370,A,38.794079831040001,3351.8084974018561,2026-08-20T00:09:10-04:00
02336000,2024-11-03,1140,A,32.281205114880002,2789.0961219256319,2026-08-20T00:09:10-04:00
02336000,2024-11-04,1420,A,40.209922160639998,3474.1372746792963,2026-08-20T00:09:10-04:00
02336000,2024-11-05,1760,A,49.837650001920004,4305.9729601658883,2026-08-20T00:09:10-04:00
02336000,2024-11-06,1280,A,36.24556363776,3131.6166983024641,2026-08-20T00:09:10-04:00
02336000,2024-11-07,1520,A,43.041606819839998,3718.7948292341762,2026-08-20T00:09:10-04:00
02336000,2024-11-08,1440,A,40.776259092480004,3523.068785590272,2026-08-20T00:09:10-04:00
02336000,2024-11-09,1560,A,44.174280683520003,3816.657851056128,2026-08-20T00:09:10-04:00
02336000,2024-11-10,1540,A,43.607943751680004,3767.7263401451523,2026-08-20T00:09:10-04:00
02336000,2024-11-11,1480,A,41.908932956160001,3620.9318074122243,2026-08-20T00:09:10-04:00
02336000,2024-11-12,1570,A,44.457449149440002,3841.1236065116163,2026-08-20T00:09:10-04:00
02336000,2024-11-13,2020,A,57.200030115840001,4942.082602008576,2026-08-20T00:09:10-04:00
02336000,2024-11-14,3420,A,96.84361534464,8367.2883657768962,2026-08-20T00:09:10-04:00
02336000,2024-11-15,2480,A,70.225779548160006,6067.5073529610245,2026-08-20T00:09:10-04:00
02336000,2024-11-16,1690,A,47.855470740480001,4134.7126719774724,2026-08-20T00:09:10-04:00
02336000,2024-11-17,1440,A,40.776259092480004,3523.068785590272,2026-08-20T00:09:10-04:00
02336000,2024-11-18,1610,A,45.590123013119999,3938.9866283335682,2026-08-20T00:09:10-04:00
02336000,2024-11-19,2620,A,74.190138071039996,6410.0279293378562,2026-08-20T00:09:10-04:00
02336000,2024-11-20,3200,A,90.6139090944,7829.0417457561598,2026-08-20T00:09:10-04:00
02336000,2024-11-21,1860,A,52.669334661120004,4550.6305147207686,2026-08-20T00:09:10-04:00
02336000,2024-11-22,2220,A,62.863399434240002,5431.3977111183358,2026-08-20T00:09:10-04:00
02336000,2024-11-23,1530,A,43.324775285759998,3743.260584689664,2026-08-20T00:09:10-04:00
02336000,2024-11-24,1640,A,46.439628410880005,4012.3838947000322,2026-08-20T00:09:10-04:00
02336000,2024-11-25,1040,A,29.449520455680002,2544.438567370752,2026-08-20T00:09:10-04:00
02336000,2024-11-26,1730,A,48.988144604159999,4232.5756937994238,2026-08-20T00:09:10-04:00
02336000,2024-11-27,1460,A,41.342596024320002,3572.0002965012482,2026-08-20T00:09:10-04:00
02336000,2024-11-28,1550,A,43.891112217600003,3792.1920956006402,2026-08-20T00:09:10-04:00
02336000,2024-11-29,1880,A,53.235671592960003,4599.5620256317443,2026-08-20T00:09:10-04:00
02336000,2024-11-30,1390,A,39.36041676288,3400.7400083128323,2026-08-20T00:09:10-04:00
02336000,2024-12-01,1850,A,52.386166195200005,4526.1647592652798,2026-08-20T00:09:10-04:00
02336000,2024-12-02,1450,A,41.059427558400003,3547.5345410457603,2026-08-20T00:09:10-04:00
02336000,2024-12-03,1300,A,36.811900569599999,3180.5482092134403,2026-08-20T00:09:10-04:00
02336000,2024-12-04,2370,A,67.110926423039999,5798.3840429506563,2026-08-20T00:09:10-04:00
02336000,2024-12-05,2110,A,59.748546309120002,5162.2744011079685,2026-08-20T00:09:10-04:00
02336000,2024-12-06,1610,A,45.590123013119999,3938.9866283335682,2026-08-20T00:09:10-04:00
02336000,2024-12-07,1730,A,48.988144604159999,4232.5756937994238,2026-08-20T00:09:10-04:00
02336000,2024-12-08,972,A,27.523974887424,2378.0714302734336,2026-08-20T00:09:10-04:00
02336000,2024-12-09,2240,A,63.42973636608,5480.3292220293124,2026-08-20T00:09:10-04:00
02336000,2024-12-10,2300,A,65.128747161600003,5627.1237547622404,2026-08-20T00:09:10-04:00
02336000,2024-12-11,5100,A,144.4159176192,12477.535282298881,2026-08-20T00:09:10-04:00
02336000,2024-12-12,3130,A,88.631729832960005,7657.7814575677439,2026-08-20T00:09:10-04:00
02336000,2024-12-13,1810,A,51.25349233152,4428.3017374433284,2026-08-20T00:09:10-04:00
02336000,2024-12-14,1440,A,40.776259092480004,3523.068785590272,2026-08-20T00:09:10-04:00
02336000,2024-12-15,1220,A,34.546552842240004,2984.8221655695361,2026-08-20T00:09:10-04:00
02336000,2024-12-16,1060,A,30.015857387520001,2593.3700782817282,2026-08-20T00:09:10-04:00
02336000,2024-12-17,1270,A,35.962395171840001,3107.1509428469762,2026-08-20T00:09:10-04:00
02336000,2024-12-18,1270,A,35.962395171840001,3107.1509428469762,2026-08-20T00:09:10-04:00
02336000,2024-12-19,1150,A,32.564373580800002,2813.5618773811202,2026-08-20T00:09:10-04:00
02336000,2024-12-20,1110,A,31.431699717120001,2715.6988555591679,2026-08-20T00:09:10-04:00
02336000,2024-12-21,1200,A,33.980215910399998,2935.8906546585599,2026-08-20T00:09:10-04:00
02336000,2024-12-22,1100,A,31.148531251200001,2691.23310010368,2026-08-20T00:09:10-04:00
02336000,2024-12-23,1210,A,34.263384376319998,2960.3564101140482,2026-08-20T00:09:10-04:00
02336000,2024-12-24,1040,A,29.449520455680002,2544.438567370752,2026-08-20T00:09:10-04:00
02336000,2024-12-25,983,A,27.835460199936001,2404.9837612744705,2026-08-20T00:09:10-04:00
02336000,2024-12-26,1010,A,28.60001505792,2471.041301004288,2026-08-20T00:09:10-04:00
02336000,2024-12-27,1050,A,29.732688921600001,2568.9043228262399,2026-08-20T00:09:10-04:00
02336000,2024-12-28,1780,A,50.403986933760002,4354.904471076864,2026-08-20T00:09:10-04:00
02336000,2024-12-29,4320,A,122.32877727744,10569.206356770816,2026-08-20T00:09:10-04:00
02336000,2024-12-30,2600,A,73.623801139199998,6361.0964184268805,2026-08-20T00:09:10-04:00
02336000,2024-12-31,1520,A,43.041606819839998,3718.7948292341762,2026-08-20T00:09:10-04:00
02336000,2025-01-01,1420,A,40.209922160639998,3474.1372746792963,2026-08-20T00:09:10-04:00
02336000,2025-01-02,1380,A,39.077248296960001,3376.274252857344,2026-08-20T00:09:10-04:00
02336000,2025-01-03,1440,A,40.776259092480004,3523.068785590272,2026-08-20T00:09:10-04:00
02336000,2025-01-04,1170,A,33.13071051264,2862.4933882920959,2026-08-20T00:09:10-04:00
02336000,2025-01-05,1220,A,34.546552842240004,2984.8221655695361,2026-08-20T00:09:10-04:00
02336000,2025-01-06,2850,A,80.703012787199995,6972.7403048140804,2026-08-20T00:09:10-04:00
02336000,2025-01-07,2520,A,71.358453411840003,6165.3703747829759,2026-08-20T00:09:10-04:00
02336000,2025-01-08,1650,A,46.722796876800004,4036.8496501555201,2026-08-20T00:09:10-04:00
02336000,2025-01-09,1470,A,41.625764490240002,3596.466051956736,2026-08-20T00:09:10-04:00
02336000,2025-01-10,1280,A,36.24556363776,3131.6166983024641,2026-08-20T00:09:10-04:00
02336000,2025-01-11,2390,A,67.677263354879997,5847.315553861632,2026-08-20T00:09:10-04:00
02336000,2025-01-12,1500,A,42.475269888,3669.8633183232,2026-08-20T00:09:10-04:00
02336000,2025-01-13,1260,A,35.679226705920001,3082.6851873914879,2026-08-20T00:09:10-04:00
02336000,2025-01-14,1210,A,34.263384376319998,2960.3564101140482,2026-08-20T00:09:10-04:00
02336000,2025-01-15,1200,A,33.980215910399998,2935.8906546585599,2026-08-20T00:09:10-04:00
02336000,2025-01-16,1140,A,32.281205114880002,2789.0961219256319,2026-08-20T00:09:10-04:00
02336000,2025-01-17,1230,A,34.829721308160003,3009.2879210250239,2026-08-20T00:09:10-04:00
02336000,2025-01-18,1530,A,43.324775285759998,3743.260584689664,2026-08-20T00:09:10-04:00
02336000,2025-01-19,1400,A,39.643585228799999,3425.2057637683201,2026-08-20T00:09:10-04:00
02336000,2025-01-20,1180,A,33.41387897856,2886.9591437475842,2026-08-20T00:09:10-04:00
02336000,2025-01-21,1370,A,38.794079831040001,3351.8084974018561,2026-08-20T00:09:10-04:00
02336000,2025-01-22,1330,A,37.661405967360004,3253.9454755799043,2026-08-20T00:09:10-04:00
02336000,2025-01-23,1130,A,31.998036648959999,2764.6303664701441,2026-08-20T00:09:10-04:00
02336000,2025-01-24,1250,A,35.396058240000002,3058.2194319360001,2026-08-20T00:09:10-04:00
02336000,2025-01-25,1160,A,32.847542046720001,2838.0276328366081,2026-08-20T00:09:10-04:00
02336000,2025-01-26,939,A,26.589518949887999,2297.3344372703232,2026-08-20T00:09:10-04:00
02336000,2025-01-27,1080,A,30.582194319359999,2642.3015891927039,2026-08-20T00:09:10-04:00
02336000,2025-01-28,1380,A,39.077248296960001,3376.274252857344,2026-08-20T00:09:10-04:00
02336000,2025-01-29,1360,A,38.510911365120002,3327.3427419463683,2026-08-20T00:09:10-04:00
02336000,2025-01-30,1160,A,32.847542046720001,2838.0276328366081,2026-08-20T00:09:10-04:00
02336000,2025-01-31,1240,A,35.112889774080003,3033.7536764805122,2026-08-20T00:09:10-04:00
02336000,2025-02-01,1660,A,47.005965342720003,4061.3154056110079,2026-08-20T00:09:10-04:00
02336000,2025-02-02,1390,A,39.36041676288,3400.7400083128323,2026-08-20T00:09:10-04:00
02336000,2025-02-03,996,A,28.203579205632,2436.7892433666048,2026-08-20T00:09:10-04:00
02336000,2025-02-04,1140,A,32.281205114880002,2789.0961219256319,2026-08-20T00:09:10-04:00
02336000,2025-02-05,1420,A,40.209922160639998,3474.1372746792963,2026-08-20T00:09:10-04:00
02336000,2025-02-06,1220,A,34.546552842240004,2984.8221655695361,2026-08-20T00:09:10-04:00
02336000,2025-02-07,1140,A,32.281205114880002,2789.0961219256319,2026-08-20T00:09:10-04:00
02336000,2025-02-08,1080,A,30.582194319359999,2642.3015891927039,2026-08-20T00:09:10-04:00
02336000,2025-02-09,1130,A,31.998036648959999,2764.6303664701441,2026-08-20T00:09:10-04:00
02336000,2025-02-10,1370,A,38.794079831040001,3351.8084974018561,2026-08-20T00:09:10-04:00
02336000,2025-02-11,1780,A,50.403986933760002,4354.904471076864,2026-08-20T00:09:10-04:00
02336000,2025-02-12,4990,A,141.30106449408001,12208.411972288512,2026-08-20T00:09:10-04:00
02336000,2025-02-13,10600,A,300.15857387520003,25933.700782817279,2026-08-20T00:09:10-04:00
02336000,2025-02-14,7730,A,218.88922415616,18912.028967092225,2026-08-20T00:09:10-04:00
02336000,2025-02-15,4630,A,131.10699972096,11327.644775890943,2026-08-20T00:09:10-04:00
02336000,2025-02-16,5490,A,155.45948779008,13431.699745062913,2026-08-20T00:09:10-04:00
02336000,2025-02-17,4170,A,118.08125028864001,10202.220024938497,2026-08-20T00:09:10-04:00
02336000,2025-02-18,2900,A,82.118855116800006,7095.0690820915206,2026-08-20T00:09:10-04:00
02336000,2025-02-19,3150,A,89.198066764800004,7706.7129684787205,2026-08-20T00:09:10-04:00
02336000,2025-02-20,3330,A,94.295099151360006,8147.0965666775046,2026-08-20T00:09:10-04:00
02336000,2025-02-21,3250,A,92.029751423999997,7951.3705230336,2026-08-20T00:09:10-04:00
02336000,2025-02-22,2850,A,80.703012787199995,6972.7403048140804,2026-08-20T00:09:10-04:00
02336000,2025-02-23,3210,A,90.89707756032,7853.5075012116486,2026-08-20T00:09:10-04:00
02336000,2025-02-24,3670,A,103.92282699264,8978.932252164097,2026-08-20T00:09:10-04:00
02336000,2025-02-25,1950,A,55.217850854399998,4770.8223138201602,2026-08-20T00:09:10-04:00
02336000,2025-02-26,2310,A,65.411915627520003,5651.5895102177283,2026-08-20T00:09:10-04:00
02336000,2025-02-27,2210,A,62.580230968320002,5406.9319556628479,2026-08-20T00:09:10-04:00
02336000,2025-02-28,1630,A,46.156459944959998,3987.9181392445439,2026-08-20T00:09:10-04:00
02336000,2025-03-01,1810,A,51.25349233152,4428.3017374433284,2026-08-20T00:09:10-04:00
02336000,2025-03-02,1730,A,48.988144604159999,4232.5756937994238,2026-08-20T00:09:10-04:00
02336000,2025-03-03,2520,A,71.358453411840003,6165.3703747829759,2026-08-20T00:09:10-04:00
02336000,2025-03-04,2350,A,66.5445894912,5749.4525320396806,2026-08-20T00:09:10-04:00
02336000,2025-03-05,4640,A,131.39016818688,11352.110531346432,2026-08-20T00:09:10-04:00
02336000,2025-03-06,2180,A,61.730725570560004,5333.5346892963844,2026-08-20T00:09:10-04:00
02336000,2025-03-07,3300,A,93.445593753600008,8073.6993003110401,2026-08-20T00:09:10-04:00
02336000,2025-03-08,2540,A,71.924790343680002,6214.3018856939525,2026-08-20T00:09:10-04:00
02336000,2025-03-09,2450,A,69.376274150400008,5994.11008659456,2026-08-20T00:09:10-04:00
02336000,2025-03-10,2750,A,77.871328128000002,6728.0827502592001,2026-08-20T00:09:10-04:00
02336000,2025-03-11,2960,A,83.817865912320002,7241.8636148244486,2026-08-20T00:09:10-04:00
02336000,2025-03-12,2670,A,75.605980400640007,6532.3567066152964,2026-08-20T00:09:10-04:00
02336000,2025-03-13,2280,A,64.562410229760005,5578.1922438512638,2026-08-20T00:09:10-04:00
02336000,2025-03-14,2310,A,65.411915627520003,5651.5895102177283,2026-08-20T00:09:10-04:00
02336000,2025-03-15,1850,A,52.386166195200005,4526.1647592652798,2026-08-20T00:09:10-04:00
02336000,2025-03-16,3600,A,101.9406477312,8807.6719639756811,2026-08-20T00:09:10-04:00
02336000,2025-03-17,3080,A,87.215887503360008,7535.4526802903047,2026-08-20T00:09:10-04:00
02336000,2025-03-18,2680,A,75.889148866560006,6556.8224620707842,2026-08-20T00:09:10-04:00
02336000,2025-03-19,2320,A,65.695084093440002,5676.0552656732161,2026-08-20T00:09:10-04:00
02336000,2025-03-20,1780,A,50.403986933760002,4354.904471076864,2026-08-20T00:09:10-04:00
02336000,2025-03-21,1510,A,42.758438353919999,3694.3290737786883,2026-08-20T00:09:10-04:00
02336000,2025-03-22,1550,A,43.891112217600003,3792.1920956006402,2026-08-20T00:09:10-04:00
02336000,2025-03-23,1720,A,48.704976138239999,4208.1099383439359,2026-08-20T00:09:10-04:00
02336000,2025-03-24,1600,A,45.3069545472,3914.5208728780799,2026-08-20T00:09:10-04:00
02336000,2025-03-25,975,A,27.608925427199999,2385.4111569100801,2026-08-20T00:09:10-04:00
02336000,2025-03-26,1370,A,38.794079831040001,3351.8084974018561,2026-08-20T00:09:10-04:00
02336000,2025-03-27,1470,A,41.625764490240002,3596.466051956736,2026-08-20T00:09:10-04:00
02336000,2025-03-28,1530,A,43.324775285759998,3743.260584689664,2026-08-20T00:09:10-04:00
02336000,2025-03-29,1360,A,38.510911365120002,3327.3427419463683,2026-08-20T00:09:10-04:00
02336000,2025-03-30,1280,A,36.24556363776,3131.6166983024641,2026-08-20T00:09:10-04:00
02336000,2025-03-31,1730,A,48.988144604159999,4232.5756937994238,2026-08-20T00:09:10-04:00
02336000,2025-04-01,1900,A,53.802008524800002,4648.49353654272,2026-08-20T00:09:10-04:00
02336000,2025-04-02,1370,A,38.794079831040001,3351.8084974018561,2026-08-20T00:09:10-04:00
02336000,2025-04-03,1520,A,43.041606819839998,3718.7948292341762,2026-08-20T00:09:10-04:00
02336000,2025-04-04,1460,A,41.342596024320002,3572.0002965012482,2026-08-20T00:09:10-04:00
02336000,2025-04-05,1280,A,36.24556363776,3131.6166983024641,2026-08-20T00:09:10-04:00
02336000,2025-04-06,3120,A,88.348561367040006,7633.3157021122561,2026-08-20T00:09:10-04:00
02336000,2025-04-07,5430,A,153.76047699456001,13284.905212329984,2026-08-20T00:09:10-04:00
02336000,2025-04-08,3380,A,95.710941480960003,8269.4253439549448,2026-08-20T00:09:10-04:00
02336000,2025-04-09,2540,A,71.924790343680002,6214.3018856939525,2026-08-20T00:09:10-04:00
02336000,2025-04-10,2420,A,68.526768752639995,5920.7128202280965,2026-08-20T00:09:10-04:00
02336000,2025-04-11,2750,A,77.871328128000002,6728.0827502592001,2026-08-20T00:09:10-04:00
02336000,2025-04-12,2540,A,71.924790343680002,6214.3018856939525,2026-08-20T00:09:10-04:00
02336000,2025-04-13,1470,A,41.625764490240002,3596.466051956736,2026-08-20T00:09:10-04:00
02336000,2025-04-14,1140,A,32.281205114880002,2789.0961219256319,2026-08-20T00:09:10-04:00
02336000,2025-04-15,1910,A,54.085176990720001,4672.9592919982078,2026-08-20T00:09:10-04:00
02336000,2025-04-16,1890,A,53.518840058880002,4624.0277810872321,2026-08-20T00:09:10-04:00
02336000,2025-04-17,1840,A,52.102997729279998,4501.699003809792,2026-08-20T00:09:10-04:00
02336000,2025-04-18,1800,A,50.970323865600001,4403.8359819878406,2026-08-20T00:09:10-04:00
02336000,2025-04-19,1810,A,51.25349233152,4428.3017374433284,2026-08-20T00:09:10-04:00
02336000,2025-04-20,1740,A,49.271313070079998,4257.0414492549125,2026-08-20T00:09:10-04:00
02336000,2025-04-21,2170,A,61.447557104640005,5309.0689338408965,2026-08-20T00:09:10-04:00
02336000,2025-04-22,1740,A,49.271313070079998,4257.0414492549125,2026-08-20T00:09:10-04:00
02336000,2025-04-23,1930,A,54.65151392256,4721.8908029091845,2026-08-20T00:09:10-04:00
02336000,2025-04-24,2330,A,65.978252559360001,5700.521021128704,2026-08-20T00:09:10-04:00
02336000,2025-04-25,2370,A,67.110926423039999,5798.3840429506563,2026-08-20T00:09:10-04:00
02336000,2025-04-26,3800,A,107.6040170496,9296.98707308544,2026-08-20T00:09:10-04:00
02336000,2025-04-27,3510,A,99.392131537920008,8587.4801648762877,2026-08-20T00:09:10-04:00
02336000,2025-04-28,2600,A,73.623801139199998,6361.0964184268805,2026-08-20T00:09:10-04:00
02336000,2025-04-29,2550,A,72.207958809600001,6238.7676411494404,2026-08-20T00:09:10-04:00
02336000,2025-04-30,2960,A,83.817865912320002,7241.8636148244486,2026-08-20T00:09:10-04:00
02336000,2025-05-01,2710,A,76.738654264320004,6630.2197284372478,2026-08-20T00:09:10-04:00
02336000,2025-05-02,2900,A,82.118855116800006,7095.0690820915206,2026-08-20T00:09:10-04:00
02336000,2025-05-03,4180,A,118.36441875456001,10226.685780393984,2026-08-20T00:09:10-04:00
02336000,2025-05-04,4180,A,118.36441875456001,10226.685780393984,2026-08-20T00:09:10-04:00
02336000,2025-05-05,3410,A,96.560446878720001,8342.8226103214074,2026-08-20T00:09:10-04:00
02336000,2025-05-06,3140,A,88.914898298880004,7682.2472130232327,2026-08-20T00:09:10-04:00
02336000,2025-05-07,4040,A,114.40006023168,9884.1652040171521,2026-08-20T00:09:10-04:00
02336000,2025-05-08,2650,A,75.039643468800008,6483.4251957043198,2026-08-20T00:09:10-04:00
02336000,2025-05-09,2830,A,80.136675855359996,6923.8087939031038,2026-08-20T00:09:10-04:00
02336000,2025-05-10,2630,A,74.473306536959996,6434.4936847933441,2026-08-20T00:09:10-04:00
02336000,2025-05-11,1840,A,52.102997729279998,4501.699003809792,2026-08-20T00:09:10-04:00
02336000,2025-05-12,1940,A,54.934682388479999,4746.3565583646723,2026-08-20T00:09:10-04:00
02336000,2025-05-13,2670,A,75.605980400640007,6532.3567066152964,2026-08-20T00:09:10-04:00
02336000,2025-05-14,2400,A,67.960431820799997,5871.7813093171198,2026-08-20T00:09:10-04:00
02336000,2025-05-15,2120,A,60.031714775040001,5186.7401565634564,2026-08-20T00:09:10-04:00
02336000,2025-05-16,2680,A,75.889148866560006,6556.8224620707842,2026-08-20T00:09:10-04:00
02336000,2025-05-17,2460,A,69.659442616320007,6018.5758420500479,2026-08-20T00:09:10-04:00
02336000,2025-05-18,2150,A,60.881220172799999,5260.1374229299199,2026-08-20T00:09:10-04:00
02336000,2025-05-19,2260,A,63.996073297919999,5529.2607329402881,2026-08-20T00:09:10-04:00
02336000,2025-05-20,3130,A,88.631729832960005,7657.7814575677439,2026-08-20T00:09:10-04:00
02336000,2025-05-21,5280,A,149.51295000576002,12917.918880497664,2026-08-20T00:09:10-04:00
02336000,2025-05-22,5290,A,149.79611847168002,12942.384635953153,2026-08-20T00:09:10-04:00
02336000,2025-05-23,4360,A,123.46145114112001,10667.069378592769,2026-08-20T00:09:10-04:00
02336000,2025-05-24,4380,A,124.02778807296001,10716.000889503744,2026-08-20T00:09:10-04:00
02336000,2025-05-25,3070,A,86.932719037440009,7510.9869248348159,2026-08-20T00:09:10-04:00
02336000,2025-05-26,4140,A,117.23174489088001,10128.822758572032,2026-08-20T00:09:10-04:00
02336000,2025-05-27,7290,A,206.42981165568,17835.535727050752,2026-08-20T00:09:10-04:00
02336000,2025-05-28,6250,A,176.98029120000001,15291.097159680001,2026-08-20T00:09:10-04:00
02336000,2025-05-29,3090,A,87.499055969280008,7559.9184357457925,2026-08-20T00:09:10-04:00
02336000,2025-05-30,2790,A,79.004001991679999,6825.9457720811524,2026-08-20T00:09:10-04:00
02336000,2025-05-31,2530,A,71.641621877760002,6189.8361302384646,2026-08-20T00:09:10-04:00
02336000,2025-06-01,1870,A,52.952503127040004,4575.0962701762564,2026-08-20T00:09:10-04:00
02336000,2025-06-02,2140,A,60.59805170688,5235.6716674744321,2026-08-20T00:09:10-04:00
02336000,2025-06-03,2960,A,83.817865912320002,7241.8636148244486,2026-08-20T00:09:10-04:00
02336000,2025-06-04,1890,A,53.518840058880002,4624.0277810872321,2026-08-20T00:09:10-04:00
02336000,2025-06-05,3070,A,86.932719037440009,7510.9869248348159,2026-08-20T00:09:10-04:00
02336000,2025-06-06,2030,A,57.48319858176,4966.5483574640639,2026-08-20T00:09:10-04:00
02336000,2025-06-07,1870,A,52.952503127040004,4575.0962701762564,2026-08-20T00:09:10-04:00
02336000,2025-06-08,1870,A,52.952503127040004,4575.0962701762564,2026-08-20T00:09:10-04:00
02336000,2025-06-09,2570,A,72.77429574144,6287.6991520604161,2026-08-20T00:09:10-04:00
02336000,2025-06-10,2080,A,58.899040911360004,5088.8771347415041,2026-08-20T00:09:10-04:00
02336000,2025-06-11,2880,A,81.552518184960007,7046.137571180544,2026-08-20T00:09:10-04:00
02336000,2025-06-12,2410,A,68.243600286719996,5896.2470647726086,2026-08-20T00:09:10-04:00
02336000,2025-06-13,3760,A,106.47134318592001,9199.1240512634886,2026-08-20T00:09:10-04:00
02336000,2025-06-14,3160,A,89.481235230720003,7731.1787239342084,2026-08-20T00:09:10-04:00
02336000,2025-06-15,2040,A,57.766367047679999,4991.0141129195517,2026-08-20T00:09:10-04:00
02336000,2025-06-16,2880,A,81.552518184960007,7046.137571180544,2026-08-20T00:09:10-04:00
02336000,2025-06-17,2500,A,70.792116480000004,6116.4388638720002,2026-08-20T00:09:10-04:00
02336000,2025-06-18,3910,A,110.71887017472001,9566.1103830958091,2026-08-20T00:09:10-04:00
02336000,2025-06-19,3360,A,95.144604549120004,8220.4938330439691,2026-08-20T00:09:10-04:00
02336000,2025-06-20,2410,A,68.243600286719996,5896.2470647726086,2026-08-20T00:09:10-04:00
02336000,2025-06-21,2080,A,58.899040911360004,5088.8771347415041,2026-08-20T00:09:10-04:00
02336000,2025-06-22,1440,A,40.776259092480004,3523.068785590272,2026-08-20T00:09:10-04:00
02336000,2025-06-23,1520,A,43.041606819839998,3718.7948292341762,2026-08-20T00:09:10-04:00
02336000,2025-06-24,1660,A,47.005965342720003,4061.3154056110079,2026-08-20T00:09:10-04:00
02336000,2025-06-25,1990,A,56.350524718080003,4868.6853356421125,2026-08-20T00:09:10-04:00
02336000,2025-06-26,2970,A,84.101034378240001,7266.3293702799365,2026-08-20T00:09:10-04:00
02336000,2025-06-27,3640,A,103.07332159488,8905.5349857976325,2026-08-20T00:09:10-04:00
02336000,2025-06-28,4410,A,124.87729347072001,10789.398155870209,2026-08-20T00:09:10-04:00
02336000,2025-06-29,2410,A,68.243600286719996,5896.2470647726086,2026-08-20T00:09:10-04:00
02336000,2025-06-30,2270,A,64.279241763840005,5553.726488395776,2026-08-20T00:09:10-04:00
02336000,2025-07-01,2420,A,68.526768752639995,5920.7128202280965,2026-08-20T00:09:10-04:00
02336000,2025-07-02,2360,A,66.827757957119999,5773.9182874951684,2026-08-20T00:09:10-04:00
02336000,2025-07-03,2050,A,58.049535513599999,5015.4798683750405,2026-08-20T00:09:10-04:00
02336000,2025-07-04,1820,A,51.53666079744,4452.7674928988163,2026-08-20T00:09:10-04:00
02336000,2025-07-05,1340,A,37.944574433280003,3278.4112310353921,2026-08-20T00:09:10-04:00
02336000,2025-07-06,1720,A,48.704976138239999,4208.1099383439359,2026-08-20T00:09:10-04:00
02336000,2025-07-07,1840,A,52.102997729279998,4501.699003809792,2026-08-20T00:09:10-04:00
02336000,2025-07-08,2200,A,62.297062502400003,5382.4662002073601,2026-08-20T00:09:10-04:00
02336000,2025-07-09,3050,A,86.366382105599996,7462.0554139238402,2026-08-20T00:09:10-04:00
02336000,2025-07-10,3420,A,96.84361534464,8367.2883657768962,2026-08-20T00:09:10-04:00
02336000,2025-07-11,3440,A,97.409952276479999,8416.2198766878719,2026-08-20T00:09:10-04:00
02336000,2025-07-12,3150,A,89.198066764800004,7706.7129684787205,2026-08-20T00:09:10-04:00
02336000,2025-07-13,1920,A,54.36834545664,4697.4250474536966,2026-08-20T00:09:10-04:00
02336000,2025-07-14,2210,A,62.580230968320002,5406.9319556628479,2026-08-20T00:09:10-04:00
02336000,2025-07-15,1660,A,47.005965342720003,4061.3154056110079,2026-08-20T00:09:10-04:00
02336000,2025-07-16,1740,A,49.271313070079998,4257.0414492549125,2026-08-20T00:09:10-04:00
02336000,2025-07-17,1780,A,50.403986933760002,4354.904471076864,2026-08-20T00:09:10-04:00
02336000,2025-07-18,1630,A,46.156459944959998,3987.9181392445439,2026-08-20T00:09:10-04:00
02336000,2025-07-19,1720,A,48.704976138239999,4208.1099383439359,2026-08-20T00:09:10-04:00
02336000,2025-07-20,1520,A,43.041606819839998,3718.7948292341762,2026-08-20T00:09:10-04:00
02336000,2025-07-21,1590,A,45.023786081280001,3890.055117422592,2026-08-20T00:09:10-04:00
02336000,2025-07-22,1980,A,56.067356252160003,4844.2195801866237,2026-08-20T00:09:10-04:00
02336000,2025-07-23,2800,A,79.287170457599998,6850.4115275366403,2026-08-20T00:09:10-04:00
02336000,2025-07-24,3840,A,108.73669091328,9394.8500949073932,2026-08-20T00:09:10-04:00
02336000,2025-07-25,2840,A,80.419844321279996,6948.2745493585926,2026-08-20T00:09:10-04:00
02336000,2025-07-26,2480,A,70.225779548160006,6067.5073529610245,2026-08-20T00:09:10-04:00
02336000,2025-07-27,2470,A,69.942611082240006,6043.0415975055366,2026-08-20T00:09:10-04:00
02336000,2025-07-28,2630,A,74.473306536959996,6434.4936847933441,2026-08-20T00:09:10-04:00
02336000,2025-07-29,3130,A,88.631729832960005,7657.7814575677439,2026-08-20T00:09:10-04:00
02336000,2025-07-30,3930,A,111.28520710656001,9615.0418940067848,2026-08-20T00:09:10-04:00
02336000,2025-07-31,3660,A,103.63965852672,8954.4664967086082,2026-08-20T00:09:10-04:00
02336000,2025-08-01,3880,A,109.86936477696,9492.7131167293446,2026-08-20T00:09:10-04:00
02336000,2025-08-02,2850,A,80.703012787199995,6972.7403048140804,2026-08-20T00:09:10-04:00
02336000,2025-08-03,4130,A,116.94857642496001,10104.357003116544,2026-08-20T00:09:10-04:00
02336000,2025-08-04,3120,A,88.348561367040006,7633.3157021122561,2026-08-20T00:09:10-04:00
02336000,2025-08-05,2410,A,68.243600286719996,5896.2470647726086,2026-08-20T00:09:10-04:00
02336000,2025-08-06,2730,A,77.304991196160003,6679.1512393482244,2026-08-20T00:09:10-04:00
02336000,2025-08-07,1980,A,56.067356252160003,4844.2195801866237,2026-08-20T00:09:10-04:00
02336000,2025-08-08,2070,A,58.615872445440004,5064.4113792860162,2026-08-20T00:09:10-04:00
02336000,2025-08-09,2070,A,58.615872445440004,5064.4113792860162,2026-08-20T00:09:10-04:00
02336000,2025-08-10,1520,A,43.041606819839998,3718.7948292341762,2026-08-20T00:09:10-04:00
02336000,2025-08-11,1980,A,56.067356252160003,4844.2195801866237,2026-08-20T00:09:10-04:00
02336000,2025-08-12,1940,A,54.934682388479999,4746.3565583646723,2026-08-20T00:09:10-04:00
02336000,2025-08-13,2150,A,60.881220172799999,5260.1374229299199,2026-08-20T00:09:10-04:00
02336000,2025-08-14,2130,A,60.31488324096,5211.2059120189442,2026-08-20T00:09:10-04:00
02336000,2025-08-15,1820,A,51.53666079744,4452.7674928988163,2026-08-20T00:09:10-04:00
02336000,2025-08-16,2090,A,59.182209377280003,5113.3428901969919,2026-08-20T00:09:10-04:00
02336000,2025-08-17,1960,A,55.501019320320005,4795.288069275648,2026-08-20T00:09:10-04:00
02336000,2025-08-18,1940,A,54.934682388479999,4746.3565583646723,2026-08-20T00:09:10-04:00
02336000,2025-08-19,2170,A,61.447557104640005,5309.0689338408965,2026-08-20T00:09:10-04:00
02336000,2025-08-20,2560,A,72.49112727552,6263.2333966049282,2026-08-20T00:09:10-04:00
02336000,2025-08-21,2260,A,63.996073297919999,5529.2607329402881,2026-08-20T00:09:10-04:00
02336000,2025-08-22,1750,A,49.554481536000004,4281.5072047104004,2026-08-20T00:09:10-04:00
02336000,2025-08-23,1730,A,48.988144604159999,4232.5756937994238,2026-08-20T00:09:10-04:00
02336000,2025-08-24,1720,A,48.704976138239999,4208.1099383439359,2026-08-20T00:09:10-04:00
02336000,2025-08-25,1610,A,45.590123013119999,3938.9866283335682,2026-08-20T00:09:10-04:00
02336000,2025-08-26,1910,A,54.085176990720001,4672.9592919982078,2026-08-20T00:09:10-04:00
02336000,2025-08-27,1580,A,44.740617615360001,3865.5893619671042,2026-08-20T00:09:10-04:00
02336000,2025-08-28,1720,A,48.704976138239999,4208.1099383439359,2026-08-20T00:09:10-04:00
02336000,2025-08-29,1670,A,47.289133808640003,4085.7811610664962,2026-08-20T00:09:10-04:00
02336000,2025-08-30,1790,A,50.687155399680002,4379.3702265323518,2026-08-20T00:09:10-04:00
02336000,2025-08-31,1240,A,35.112889774080003,3033.7536764805122,2026-08-20T00:09:10-04:00
02336000,2025-09-01,1050,A,29.732688921600001,2568.9043228262399,2026-08-20T00:09:10-04:00
02336000,2025-09-02,1510,A,42.758438353919999,3694.3290737786883,2026-08-20T00:09:10-04:00
02336000,2025-09-03,2000,A,56.633693184000002,4893.1510910976003,2026-08-20T00:09:10-04:00
02336000,2025-09-04,1690,A,47.855470740480001,4134.7126719774724,2026-08-20T00:09:10-04:00
02336000,2025-09-05,2090,A,59.182209377280003,5113.3428901969919,2026-08-20T00:09:10-04:00
02336000,2025-09-06,1860,A,52.669334661120004,4550.6305147207686,2026-08-20T00:09:10-04:00
02336000,2025-09-07,2280,A,64.562410229760005,5578.1922438512638,2026-08-20T00:09:10-04:00
02336000,2025-09-08,1970,A,55.784187786240004,4819.7538247311359,2026-08-20T00:09:10-04:00
02336000,2025-09-09,1950,A,55.217850854399998,4770.8223138201602,2026-08-20T00:09:10-04:00
02336000,2025-09-10,1870,A,52.952503127040004,4575.0962701762564,2026-08-20T00:09:10-04:00
02336000,2025-09-11,1770,A,50.120818467840003,4330.4387156213761,2026-08-20T00:09:10-04:00
02336000,2025-09-12,1950,A,55.217850854399998,4770.8223138201602,2026-08-20T00:09:10-04:00
02336000,2025-09-13,1680,A,47.572302274560002,4110.2469165219845,2026-08-20T00:09:10-04:00
02336000,2025-09-14,1210,A,34.263384376319998,2960.3564101140482,2026-08-20T00:09:10-04:00
02336000,2025-09-15,1270,A,35.962395171840001,3107.1509428469762,2026-08-20T00:09:10-04:00
02336000,2025-09-16,2310,A,65.411915627520003,5651.5895102177283,2026-08-20T00:09:10-04:00
02336000,2025-09-17,1660,A,47.005965342720003,4061.3154056110079,2026-08-20T00:09:10-04:00
02336000,2025-09-18,1690,A,47.855470740480001,4134.7126719774724,2026-08-20T00:09:10-04:00
02336000,2025-09-19,1900,A,53.802008524800002,4648.49353654272,2026-08-20T00:09:10-04:00
02336000,2025-09-20,2100,A,59.465377843200002,5137.8086456524798,2026-08-20T00:09:10-04:00
02336000,2025-09-21,1910,A,54.085176990720001,4672.9592919982078,2026-08-20T00:09:10-04:00
02336000,2025-09-22,1070,A,30.29902585344,2617.835833737216,2026-08-20T00:09:10-04:00
02336000,2025-09-23,1010,A,28.60001505792,2471.041301004288,2026-08-20T00:09:10-04:00
02336000,2025-09-24,1870,A,52.952503127040004,4575.0962701762564,2026-08-20T00:09:10-04:00
02336000,2025-09-25,2950,A,83.534697446400003,7217.3978593689599,2026-08-20T00:09:10-04:00
02336000,2025-09-26,1700,A,48.138639206400001,4159.1784274329602,2026-08-20T00:09:10-04:00
02336000,2025-09-27,1550,A,43.891112217600003,3792.1920956006402,2026-08-20T00:09:10-04:00
02336000,2025-09-28,1510,A,42.758438353919999,3694.3290737786883,2026-08-20T00:09:10-04:00
02336000,2025-09-29,1340,A,37.944574433280003,3278.4112310353921,2026-08-20T00:09:10-04:00
02336000,2025-09-30,1410,A,39.926753694719999,3449.671519223808,2026-08-20T00:09:10-04:00
