month,pathway,beneficial,flow_mgd,beneficial_fraction,total_system_flow_mgd,valid_days,source_ids,source_locators,scientific_boundary
2018-01-01,91st Ave / Palo Verde,True,5.266127209902927,0.7294429525918052,32.52139346765045,30,MESA_OPEN_DATA_2026,"City of Mesa Water Resources (2026), dataset 5zhe-5nig; retrieved 2026-08-22",Municipal pathways are not allocated to individual data centers.
2018-01-01,Aquifer recharge,True,0.0,0.7294429525918052,32.52139346765045,30,MESA_OPEN_DATA_2026,"City of Mesa Water Resources (2026), dataset 5zhe-5nig; retrieved 2026-08-22",Municipal pathways are not allocated to individual data centers.
2018-01-01,Baseline sewer return,False,0.0,0.7294429525918052,32.52139346765045,30,MESA_OPEN_DATA_2026,"City of Mesa Water Resources (2026), dataset 5zhe-5nig; retrieved 2026-08-22",Municipal pathways are not allocated to individual data centers.
2018-01-01,East Maricopa Floodway,False,0.0,0.7294429525918052,32.52139346765045,30,MESA_OPEN_DATA_2026,"City of Mesa Water Resources (2026), dataset 5zhe-5nig; retrieved 2026-08-22",Municipal pathways are not allocated to individual data centers.
2018-01-01,GRIC exchange,True,7.925608629903634,0.7294429525918052,32.52139346765045,30,MESA_OPEN_DATA_2026,"City of Mesa Water Resources (2026), dataset 5zhe-5nig; retrieved 2026-08-22",Municipal pathways are not allocated to individual data centers.
2018-01-01,Local reuse,True,0.0,0.7294429525918052,32.52139346765045,30,MESA_OPEN_DATA_2026,"City of Mesa Water Resources (2026), dataset 5zhe-5nig; retrieved 2026-08-22",Municipal pathways are not allocated to individual data centers.
2018-01-01,Percolation recharge,True,0.0,0.7294429525918052,32.52139346765045,30,MESA_OPEN_DATA_2026,"City of Mesa Water Resources (2026), dataset 5zhe-5nig; retrieved 2026-08-22",Municipal pathways are not allocated to individual data centers.
2018-01-01,Salt River discharge,False,8.797403208038038,0.7294429525918052,32.52139346765045,30,MESA_OPEN_DATA_2026,"City of Mesa Water Resources (2026), dataset 5zhe-5nig; retrieved 2026-08-22",Municipal pathways are not allocated to individual data centers.
2018-02-01,91st Ave / Palo Verde,True,5.4391945239437,0.747322620141707,33.46781812913629,27,MESA_OPEN_DATA_2026,"City of Mesa Water Resources (2026), dataset 5zhe-5nig; retrieved 2026-08-22",Municipal pathways are not allocated to individual data centers.
2018-02-01,Aquifer recharge,True,0.1415881798586415,0.747322620141707,33.46781812913629,27,MESA_OPEN_DATA_2026,"City of Mesa Water Resources (2026), dataset 5zhe-5nig; retrieved 2026-08-22",Municipal pathways are not allocated to individual data centers.
2018-02-01,Baseline sewer return,False,0.0,0.747322620141707,33.46781812913629,27,MESA_OPEN_DATA_2026,"City of Mesa Water Resources (2026), dataset 5zhe-5nig; retrieved 2026-08-22",Municipal pathways are not allocated to individual data centers.
2018-02-01,East Maricopa Floodway,False,0.0,0.747322620141707,33.46781812913629,27,MESA_OPEN_DATA_2026,"City of Mesa Water Resources (2026), dataset 5zhe-5nig; retrieved 2026-08-22",Municipal pathways are not allocated to individual data centers.
2018-02-01,GRIC exchange,True,8.510808326862152,0.747322620141707,33.46781812913629,27,MESA_OPEN_DATA_2026,"City of Mesa Water Resources (2026), dataset 5zhe-5nig; retrieved 2026-08-22",Municipal pathways are not allocated to individual data centers.
2018-02-01,Local reuse,True,0.0,0.747322620141707,33.46781812913629,27,MESA_OPEN_DATA_2026,"City of Mesa Water Resources (2026), dataset 5zhe-5nig; retrieved 2026-08-22",Municipal pathways are not allocated to individual data centers.
2018-02-01,Percolation recharge,True,0.0,0.747322620141707,33.46781812913629,27,MESA_OPEN_DATA_2026,"City of Mesa Water Resources (2026), dataset 5zhe-5nig; retrieved 2026-08-22",Municipal pathways are not allocated to individual data centers.
2018-02-01,Salt River discharge,False,8.497838050584395,0.747322620141707,33.46781812913629,27,MESA_OPEN_DATA_2026,"City of Mesa Water Resources (2026), dataset 5zhe-5nig; retrieved 2026-08-22",Municipal pathways are not allocated to individual data centers.
2018-03-01,91st Ave / Palo Verde,True,5.42448232078951,0.7444526651721074,33.32217854853846,27,MESA_OPEN_DATA_2026,"City of Mesa Water Resources (2026), dataset 5zhe-5nig; retrieved 2026-08-22",Municipal pathways are not allocated to individual data centers.
2018-03-01,Aquifer recharge,True,0.0545163587870176,0.7444526651721074,33.32217854853846,27,MESA_OPEN_DATA_2026,"City of Mesa Water Resources (2026), dataset 5zhe-5nig; retrieved 2026-08-22",Municipal pathways are not allocated to individual data centers.
2018-03-01,Baseline sewer return,False,0.0,0.7444526651721074,33.32217854853846,27,MESA_OPEN_DATA_2026,"City of Mesa Water Resources (2026), dataset 5zhe-5nig; retrieved 2026-08-22",Municipal pathways are not allocated to individual data centers.
2018-03-01,East Maricopa Floodway,False,0.0,0.7444526651721074,33.32217854853846,27,MESA_OPEN_DATA_2026,"City of Mesa Water Resources (2026), dataset 5zhe-5nig; retrieved 2026-08-22",Municipal pathways are not allocated to individual data centers.
2018-03-01,GRIC exchange,True,8.481938406076374,0.7444526651721074,33.32217854853846,27,MESA_OPEN_DATA_2026,"City of Mesa Water Resources (2026), dataset 5zhe-5nig; retrieved 2026-08-22",Municipal pathways are not allocated to individual data centers.
2018-03-01,Local reuse,True,0.0,0.7444526651721074,33.32217854853846,27,MESA_OPEN_DATA_2026,"City of Mesa Water Resources (2026), dataset 5zhe-5nig; retrieved 2026-08-22",Municipal pathways are not allocated to individual data centers.
2018-03-01,Percolation recharge,True,0.0,0.7444526651721074,33.32217854853846,27,MESA_OPEN_DATA_2026,"City of Mesa Water Resources (2026), dataset 5zhe-5nig; retrieved 2026-08-22",Municipal pathways are not allocated to individual data centers.
2018-03-01,Salt River discharge,False,8.512276821306541,0.7444526651721074,33.32217854853846,27,MESA_OPEN_DATA_2026,"City of Mesa Water Resources (2026), dataset 5zhe-5nig; retrieved 2026-08-22",Municipal pathways are not allocated to individual data centers.
2018-08-01,91st Ave / Palo Verde,True,5.5588874404722945,0.9998744569673358,33.24004029993814,21,MESA_OPEN_DATA_2026,"City of Mesa Water Resources (2026), dataset 5zhe-5nig; retrieved 2026-08-22",Municipal pathways are not allocated to individual data centers.
2018-08-01,Aquifer recharge,True,9.101871828036703,0.9998744569673358,33.24004029993814,21,MESA_OPEN_DATA_2026,"City of Mesa Water Resources (2026), dataset 5zhe-5nig; retrieved 2026-08-22",Municipal pathways are not allocated to individual data centers.
2018-08-01,Baseline sewer return,False,0.0,0.9998744569673358,33.24004029993814,21,MESA_OPEN_DATA_2026,"City of Mesa Water Resources (2026), dataset 5zhe-5nig; retrieved 2026-08-22",Municipal pathways are not allocated to individual data centers.
2018-08-01,East Maricopa Floodway,False,0.0,0.9998744569673358,33.24004029993814,21,MESA_OPEN_DATA_2026,"City of Mesa Water Resources (2026), dataset 5zhe-5nig; retrieved 2026-08-22",Municipal pathways are not allocated to individual data centers.
2018-08-01,GRIC exchange,True,7.457479239023961,0.9998744569673358,33.24004029993814,21,MESA_OPEN_DATA_2026,"City of Mesa Water Resources (2026), dataset 5zhe-5nig; retrieved 2026-08-22",Municipal pathways are not allocated to individual data centers.
2018-08-01,Local reuse,True,0.0,0.9998744569673358,33.24004029993814,21,MESA_OPEN_DATA_2026,"City of Mesa Water Resources (2026), dataset 5zhe-5nig; retrieved 2026-08-22",Municipal pathways are not allocated to individual data centers.
2018-08-01,Percolation recharge,True,0.0,0.9998744569673358,33.24004029993814,21,MESA_OPEN_DATA_2026,"City of Mesa Water Resources (2026), dataset 5zhe-5nig; retrieved 2026-08-22",Municipal pathways are not allocated to individual data centers.
2018-08-01,Salt River discharge,False,0.0040269114605872,0.9998744569673358,33.24004029993814,21,MESA_OPEN_DATA_2026,"City of Mesa Water Resources (2026), dataset 5zhe-5nig; retrieved 2026-08-22",Municipal pathways are not allocated to individual data centers.
2018-09-01,91st Ave / Palo Verde,True,5.3037602536541755,0.9991960274999324,33.12652589773747,15,MESA_OPEN_DATA_2026,"City of Mesa Water Resources (2026), dataset 5zhe-5nig; retrieved 2026-08-22",Municipal pathways are not allocated to individual data centers.
2018-09-01,Aquifer recharge,True,8.546112760393708,0.9991960274999324,33.12652589773747,15,MESA_OPEN_DATA_2026,"City of Mesa Water Resources (2026), dataset 5zhe-5nig; retrieved 2026-08-22",Municipal pathways are not allocated to individual data centers.
2018-09-01,Baseline sewer return,False,0.0,0.9991960274999324,33.12652589773747,15,MESA_OPEN_DATA_2026,"City of Mesa Water Resources (2026), dataset 5zhe-5nig; retrieved 2026-08-22",Municipal pathways are not allocated to individual data centers.
2018-09-01,East Maricopa Floodway,False,0.0,0.9991960274999324,33.12652589773747,15,MESA_OPEN_DATA_2026,"City of Mesa Water Resources (2026), dataset 5zhe-5nig; retrieved 2026-08-22",Municipal pathways are not allocated to individual data centers.
2018-09-01,GRIC exchange,True,7.558939563668999,0.9991960274999324,33.12652589773747,15,MESA_OPEN_DATA_2026,"City of Mesa Water Resources (2026), dataset 5zhe-5nig; retrieved 2026-08-22",Municipal pathways are not allocated to individual data centers.
2018-09-01,Local reuse,True,1.0850283249591788,0.9991960274999324,33.12652589773747,15,MESA_OPEN_DATA_2026,"City of Mesa Water Resources (2026), dataset 5zhe-5nig; retrieved 2026-08-22",Municipal pathways are not allocated to individual data centers.
2018-09-01,Percolation recharge,True,0.0,0.9991960274999324,33.12652589773747,15,MESA_OPEN_DATA_2026,"City of Mesa Water Resources (2026), dataset 5zhe-5nig; retrieved 2026-08-22",Municipal pathways are not allocated to individual data centers.
2018-09-01,Salt River discharge,False,0.0251644877530634,0.9991960274999324,33.12652589773747,15,MESA_OPEN_DATA_2026,"City of Mesa Water Resources (2026), dataset 5zhe-5nig; retrieved 2026-08-22",Municipal pathways are not allocated to individual data centers.
2018-10-01,91st Ave / Palo Verde,True,6.414038031765949,0.8144099352691782,45.28631395785185,9,MESA_OPEN_DATA_2026,"City of Mesa Water Resources (2026), dataset 5zhe-5nig; retrieved 2026-08-22",Municipal pathways are not allocated to individual data centers.
2018-10-01,Aquifer recharge,True,8.733615705260524,0.8144099352691782,45.28631395785185,9,MESA_OPEN_DATA_2026,"City of Mesa Water Resources (2026), dataset 5zhe-5nig; retrieved 2026-08-22",Municipal pathways are not allocated to individual data centers.
2018-10-01,Baseline sewer return,False,2.2148967696894193,0.8144099352691782,45.28631395785185,9,MESA_OPEN_DATA_2026,"City of Mesa Water Resources (2026), dataset 5zhe-5nig; retrieved 2026-08-22",Municipal pathways are not allocated to individual data centers.
2018-10-01,East Maricopa Floodway,False,3.2662422526397825,0.8144099352691782,45.28631395785185,9,MESA_OPEN_DATA_2026,"City of Mesa Water Resources (2026), dataset 5zhe-5nig; retrieved 2026-08-22",Municipal pathways are not allocated to individual data centers.
2018-10-01,GRIC exchange,True,4.8821505875202185,0.8144099352691782,45.28631395785185,9,MESA_OPEN_DATA_2026,"City of Mesa Water Resources (2026), dataset 5zhe-5nig; retrieved 2026-08-22",Municipal pathways are not allocated to individual data centers.
2018-10-01,Local reuse,True,3.681052294801231,0.8144099352691782,45.28631395785185,9,MESA_OPEN_DATA_2026,"City of Mesa Water Resources (2026), dataset 5zhe-5nig; retrieved 2026-08-22",Municipal pathways are not allocated to individual data centers.
2018-10-01,Percolation recharge,True,0.0,0.8144099352691782,45.28631395785185,9,MESA_OPEN_DATA_2026,"City of Mesa Water Resources (2026), dataset 5zhe-5nig; retrieved 2026-08-22",Municipal pathways are not allocated to individual data centers.
2018-10-01,Salt River discharge,False,3.049022625599435e-12,0.8144099352691782,45.28631395785185,9,MESA_OPEN_DATA_2026,"City of Mesa Water Resources (2026), dataset 5zhe-5nig; retrieved 2026-08-22",Municipal pathways are not allocated to individual data centers.
2018-11-01,91st Ave / Palo Verde,True,5.358802966442236,0.961480129997208,39.416606081936685,6,MESA_OPEN_DATA_2026,"City of Mesa Water Resources (2026), dataset 5zhe-5nig; retrieved 2026-08-22",Municipal pathways are not allocated to individual data centers.
2018-11-01,Aquifer recharge,True,8.838664350907008,0.961480129997208,39.416606081936685,6,MESA_OPEN_DATA_2026,"City of Mesa Water Resources (2026), dataset 5zhe-5nig; retrieved 2026-08-22",Municipal pathways are not allocated to individual data centers.
2018-11-01,Baseline sewer return,False,0.062833330904444,0.961480129997208,39.416606081936685,6,MESA_OPEN_DATA_2026,"City of Mesa Water Resources (2026), dataset 5zhe-5nig; retrieved 2026-08-22",Municipal pathways are not allocated to individual data centers.
2018-11-01,East Maricopa Floodway,False,0.0,0.961480129997208,39.416606081936685,6,MESA_OPEN_DATA_2026,"City of Mesa Water Resources (2026), dataset 5zhe-5nig; retrieved 2026-08-22",Municipal pathways are not allocated to individual data centers.
2018-11-01,GRIC exchange,True,9.310127250107142,0.961480129997208,39.416606081936685,6,MESA_OPEN_DATA_2026,"City of Mesa Water Resources (2026), dataset 5zhe-5nig; retrieved 2026-08-22",Municipal pathways are not allocated to individual data centers.
2018-11-01,Local reuse,True,3.4495423298398102,0.961480129997208,39.416606081936685,6,MESA_OPEN_DATA_2026,"City of Mesa Water Resources (2026), dataset 5zhe-5nig; retrieved 2026-08-22",Municipal pathways are not allocated to individual data centers.
2018-11-01,Percolation recharge,True,0.0,0.961480129997208,39.416606081936685,6,MESA_OPEN_DATA_2026,"City of Mesa Water Resources (2026), dataset 5zhe-5nig; retrieved 2026-08-22",Municipal pathways are not allocated to individual data centers.
2018-11-01,Salt River discharge,False,1.6790299208515702,0.961480129997208,39.416606081936685,6,MESA_OPEN_DATA_2026,"City of Mesa Water Resources (2026), dataset 5zhe-5nig; retrieved 2026-08-22",Municipal pathways are not allocated to individual data centers.
2018-12-01,91st Ave / Palo Verde,True,5.1781257373555665,0.9987633871202204,36.47886731878744,14,MESA_OPEN_DATA_2026,"City of Mesa Water Resources (2026), dataset 5zhe-5nig; retrieved 2026-08-22",Municipal pathways are not allocated to individual data centers.
2018-12-01,Aquifer recharge,True,7.997562713308452,0.9987633871202204,36.47886731878744,14,MESA_OPEN_DATA_2026,"City of Mesa Water Resources (2026), dataset 5zhe-5nig; retrieved 2026-08-22",Municipal pathways are not allocated to individual data centers.
2018-12-01,Baseline sewer return,False,0.0,0.9987633871202204,36.47886731878744,14,MESA_OPEN_DATA_2026,"City of Mesa Water Resources (2026), dataset 5zhe-5nig; retrieved 2026-08-22",Municipal pathways are not allocated to individual data centers.
2018-12-01,East Maricopa Floodway,False,0.0,0.9987633871202204,36.47886731878744,14,MESA_OPEN_DATA_2026,"City of Mesa Water Resources (2026), dataset 5zhe-5nig; retrieved 2026-08-22",Municipal pathways are not allocated to individual data centers.
2018-12-01,GRIC exchange,True,9.200047905834834,0.9987633871202204,36.47886731878744,14,MESA_OPEN_DATA_2026,"City of Mesa Water Resources (2026), dataset 5zhe-5nig; retrieved 2026-08-22",Municipal pathways are not allocated to individual data centers.
2018-12-01,Local reuse,True,3.7018294492410977,0.9987633871202204,36.47886731878744,14,MESA_OPEN_DATA_2026,"City of Mesa Water Resources (2026), dataset 5zhe-5nig; retrieved 2026-08-22",Municipal pathways are not allocated to individual data centers.
2018-12-01,Percolation recharge,True,0.0,0.9987633871202204,36.47886731878744,14,MESA_OPEN_DATA_2026,"City of Mesa Water Resources (2026), dataset 5zhe-5nig; retrieved 2026-08-22",Municipal pathways are not allocated to individual data centers.
2018-12-01,Salt River discharge,False,0.0450500383363597,0.9987633871202204,36.47886731878744,14,MESA_OPEN_DATA_2026,"City of Mesa Water Resources (2026), dataset 5zhe-5nig; retrieved 2026-08-22",Municipal pathways are not allocated to individual data centers.
2019-01-01,91st Ave / Palo Verde,True,5.38918993602558,0.9883497399858868,35.71964918383553,18,MESA_OPEN_DATA_2026,"City of Mesa Water Resources (2026), dataset 5zhe-5nig; retrieved 2026-08-22",Municipal pathways are not allocated to individual data centers.
2019-01-01,Aquifer recharge,True,8.29952820426089,0.9883497399858868,35.71964918383553,18,MESA_OPEN_DATA_2026,"City of Mesa Water Resources (2026), dataset 5zhe-5nig; retrieved 2026-08-22",Municipal pathways are not allocated to individual data centers.
2019-01-01,Baseline sewer return,False,0.0,0.9883497399858868,35.71964918383553,18,MESA_OPEN_DATA_2026,"City of Mesa Water Resources (2026), dataset 5zhe-5nig; retrieved 2026-08-22",Municipal pathways are not allocated to individual data centers.
2019-01-01,East Maricopa Floodway,False,0.1797039992371459,0.9883497399858868,35.71964918383553,18,MESA_OPEN_DATA_2026,"City of Mesa Water Resources (2026), dataset 5zhe-5nig; retrieved 2026-08-22",Municipal pathways are not allocated to individual data centers.
2019-01-01,GRIC exchange,True,8.935856661438626,0.9883497399858868,35.71964918383553,18,MESA_OPEN_DATA_2026,"City of Mesa Water Resources (2026), dataset 5zhe-5nig; retrieved 2026-08-22",Municipal pathways are not allocated to individual data centers.
2019-01-01,Local reuse,True,1.8671803083448064,0.9883497399858868,35.71964918383553,18,MESA_OPEN_DATA_2026,"City of Mesa Water Resources (2026), dataset 5zhe-5nig; retrieved 2026-08-22",Municipal pathways are not allocated to individual data centers.
2019-01-01,Percolation recharge,True,0.0,0.9883497399858868,35.71964918383553,18,MESA_OPEN_DATA_2026,"City of Mesa Water Resources (2026), dataset 5zhe-5nig; retrieved 2026-08-22",Municipal pathways are not allocated to individual data centers.
2019-01-01,Salt River discharge,False,0.0901062032401794,0.9883497399858868,35.71964918383553,18,MESA_OPEN_DATA_2026,"City of Mesa Water Resources (2026), dataset 5zhe-5nig; retrieved 2026-08-22",Municipal pathways are not allocated to individual data centers.
2019-02-01,91st Ave / Palo Verde,True,5.926434234481859,0.997425239497642,34.9330741110254,12,MESA_OPEN_DATA_2026,"City of Mesa Water Resources (2026), dataset 5zhe-5nig; retrieved 2026-08-22",Municipal pathways are not allocated to individual data centers.
2019-02-01,Aquifer recharge,True,6.8708355813459585,0.997425239497642,34.9330741110254,12,MESA_OPEN_DATA_2026,"City of Mesa Water Resources (2026), dataset 5zhe-5nig; retrieved 2026-08-22",Municipal pathways are not allocated to individual data centers.
2019-02-01,Baseline sewer return,False,0.0,0.997425239497642,34.9330741110254,12,MESA_OPEN_DATA_2026,"City of Mesa Water Resources (2026), dataset 5zhe-5nig; retrieved 2026-08-22",Municipal pathways are not allocated to individual data centers.
2019-02-01,East Maricopa Floodway,False,0.0269549770280718,0.997425239497642,34.9330741110254,12,MESA_OPEN_DATA_2026,"City of Mesa Water Resources (2026), dataset 5zhe-5nig; retrieved 2026-08-22",Municipal pathways are not allocated to individual data centers.
2019-02-01,GRIC exchange,True,8.582466467703336,0.997425239497642,34.9330741110254,12,MESA_OPEN_DATA_2026,"City of Mesa Water Resources (2026), dataset 5zhe-5nig; retrieved 2026-08-22",Municipal pathways are not allocated to individual data centers.
2019-02-01,Local reuse,True,1.6086278696719905,0.997425239497642,34.9330741110254,12,MESA_OPEN_DATA_2026,"City of Mesa Water Resources (2026), dataset 5zhe-5nig; retrieved 2026-08-22",Municipal pathways are not allocated to individual data centers.
2019-02-01,Percolation recharge,True,0.0,0.997425239497642,34.9330741110254,12,MESA_OPEN_DATA_2026,"City of Mesa Water Resources (2026), dataset 5zhe-5nig; retrieved 2026-08-22",Municipal pathways are not allocated to individual data centers.
2019-02-01,Salt River discharge,False,0.0379315348023923,0.997425239497642,34.9330741110254,12,MESA_OPEN_DATA_2026,"City of Mesa Water Resources (2026), dataset 5zhe-5nig; retrieved 2026-08-22",Municipal pathways are not allocated to individual data centers.
2019-03-01,91st Ave / Palo Verde,True,5.881320629751836,0.994131020237846,34.93357977521543,24,MESA_OPEN_DATA_2026,"City of Mesa Water Resources (2026), dataset 5zhe-5nig; retrieved 2026-08-22",Municipal pathways are not allocated to individual data centers.
2019-03-01,Aquifer recharge,True,7.292833868700028,0.994131020237846,34.93357977521543,24,MESA_OPEN_DATA_2026,"City of Mesa Water Resources (2026), dataset 5zhe-5nig; retrieved 2026-08-22",Municipal pathways are not allocated to individual data centers.
2019-03-01,Baseline sewer return,False,0.0,0.994131020237846,34.93357977521543,24,MESA_OPEN_DATA_2026,"City of Mesa Water Resources (2026), dataset 5zhe-5nig; retrieved 2026-08-22",Municipal pathways are not allocated to individual data centers.
2019-03-01,East Maricopa Floodway,False,0.0921874990065892,0.994131020237846,34.93357977521543,24,MESA_OPEN_DATA_2026,"City of Mesa Water Resources (2026), dataset 5zhe-5nig; retrieved 2026-08-22",Municipal pathways are not allocated to individual data centers.
2019-03-01,GRIC exchange,True,9.54935541356626,0.994131020237846,34.93357977521543,24,MESA_OPEN_DATA_2026,"City of Mesa Water Resources (2026), dataset 5zhe-5nig; retrieved 2026-08-22",Municipal pathways are not allocated to individual data centers.
2019-03-01,Local reuse,True,0.2363596262026014,0.994131020237846,34.93357977521543,24,MESA_OPEN_DATA_2026,"City of Mesa Water Resources (2026), dataset 5zhe-5nig; retrieved 2026-08-22",Municipal pathways are not allocated to individual data centers.
2019-03-01,Percolation recharge,True,0.0,0.994131020237846,34.93357977521543,24,MESA_OPEN_DATA_2026,"City of Mesa Water Resources (2026), dataset 5zhe-5nig; retrieved 2026-08-22",Municipal pathways are not allocated to individual data centers.
2019-03-01,Salt River discharge,False,0.026693979477855,0.994131020237846,34.93357977521543,24,MESA_OPEN_DATA_2026,"City of Mesa Water Resources (2026), dataset 5zhe-5nig; retrieved 2026-08-22",Municipal pathways are not allocated to individual data centers.
2019-04-01,91st Ave / Palo Verde,True,5.778379631016196,0.9260756658805872,34.957866972639785,14,MESA_OPEN_DATA_2026,"City of Mesa Water Resources (2026), dataset 5zhe-5nig; retrieved 2026-08-22",Municipal pathways are not allocated to individual data centers.
2019-04-01,Aquifer recharge,True,5.843104479639303,0.9260756658805872,34.957866972639785,14,MESA_OPEN_DATA_2026,"City of Mesa Water Resources (2026), dataset 5zhe-5nig; retrieved 2026-08-22",Municipal pathways are not allocated to individual data centers.
2019-04-01,Baseline sewer return,False,0.0,0.9260756658805872,34.957866972639785,14,MESA_OPEN_DATA_2026,"City of Mesa Water Resources (2026), dataset 5zhe-5nig; retrieved 2026-08-22",Municipal pathways are not allocated to individual data centers.
2019-04-01,East Maricopa Floodway,False,0.1050714254379272,0.9260756658805872,34.957866972639785,14,MESA_OPEN_DATA_2026,"City of Mesa Water Resources (2026), dataset 5zhe-5nig; retrieved 2026-08-22",Municipal pathways are not allocated to individual data centers.
2019-04-01,GRIC exchange,True,8.271018685521023,0.9260756658805872,34.957866972639785,14,MESA_OPEN_DATA_2026,"City of Mesa Water Resources (2026), dataset 5zhe-5nig; retrieved 2026-08-22",Municipal pathways are not allocated to individual data centers.
2019-04-01,Local reuse,True,0.9764430232013442,0.9260756658805872,34.957866972639785,14,MESA_OPEN_DATA_2026,"City of Mesa Water Resources (2026), dataset 5zhe-5nig; retrieved 2026-08-22",Municipal pathways are not allocated to individual data centers.
2019-04-01,Percolation recharge,True,0.0,0.9260756658805872,34.957866972639785,14,MESA_OPEN_DATA_2026,"City of Mesa Water Resources (2026), dataset 5zhe-5nig; retrieved 2026-08-22",Municipal pathways are not allocated to individual data centers.
2019-04-01,Salt River discharge,False,2.322019040353674,0.9260756658805872,34.957866972639785,14,MESA_OPEN_DATA_2026,"City of Mesa Water Resources (2026), dataset 5zhe-5nig; retrieved 2026-08-22",Municipal pathways are not allocated to individual data centers.
2019-05-01,91st Ave / Palo Verde,True,5.472431675871676,0.9988802880449196,33.937599547813676,15,MESA_OPEN_DATA_2026,"City of Mesa Water Resources (2026), dataset 5zhe-5nig; retrieved 2026-08-22",Municipal pathways are not allocated to individual data centers.
2019-05-01,Aquifer recharge,True,7.941517926801987,0.9988802880449196,33.937599547813676,15,MESA_OPEN_DATA_2026,"City of Mesa Water Resources (2026), dataset 5zhe-5nig; retrieved 2026-08-22",Municipal pathways are not allocated to individual data centers.
2019-05-01,Baseline sewer return,False,0.0,0.9988802880449196,33.937599547813676,15,MESA_OPEN_DATA_2026,"City of Mesa Water Resources (2026), dataset 5zhe-5nig; retrieved 2026-08-22",Municipal pathways are not allocated to individual data centers.
2019-05-01,East Maricopa Floodway,False,0.0,0.9988802880449196,33.937599547813676,15,MESA_OPEN_DATA_2026,"City of Mesa Water Resources (2026), dataset 5zhe-5nig; retrieved 2026-08-22",Municipal pathways are not allocated to individual data centers.
2019-05-01,GRIC exchange,True,8.277446450671041,0.9988802880449196,33.937599547813676,15,MESA_OPEN_DATA_2026,"City of Mesa Water Resources (2026), dataset 5zhe-5nig; retrieved 2026-08-22",Municipal pathways are not allocated to individual data centers.
2019-05-01,Local reuse,True,1.2639398923457712,0.9988802880449196,33.937599547813676,15,MESA_OPEN_DATA_2026,"City of Mesa Water Resources (2026), dataset 5zhe-5nig; retrieved 2026-08-22",Municipal pathways are not allocated to individual data centers.
2019-05-01,Percolation recharge,True,0.0,0.9988802880449196,33.937599547813676,15,MESA_OPEN_DATA_2026,"City of Mesa Water Resources (2026), dataset 5zhe-5nig; retrieved 2026-08-22",Municipal pathways are not allocated to individual data centers.
2019-05-01,Salt River discharge,False,0.0374002503798457,0.9988802880449196,33.937599547813676,15,MESA_OPEN_DATA_2026,"City of Mesa Water Resources (2026), dataset 5zhe-5nig; retrieved 2026-08-22",Municipal pathways are not allocated to individual data centers.
2019-06-01,91st Ave / Palo Verde,True,5.482357373637807,0.9791977255216636,31.571796944019532,29,MESA_OPEN_DATA_2026,"City of Mesa Water Resources (2026), dataset 5zhe-5nig; retrieved 2026-08-22",Municipal pathways are not allocated to individual data centers.
2019-06-01,Aquifer recharge,True,6.982787391406367,0.9791977255216636,31.571796944019532,29,MESA_OPEN_DATA_2026,"City of Mesa Water Resources (2026), dataset 5zhe-5nig; retrieved 2026-08-22",Municipal pathways are not allocated to individual data centers.
2019-06-01,Baseline sewer return,False,0.029551724036192,0.9791977255216636,31.571796944019532,29,MESA_OPEN_DATA_2026,"City of Mesa Water Resources (2026), dataset 5zhe-5nig; retrieved 2026-08-22",Municipal pathways are not allocated to individual data centers.
2019-06-01,East Maricopa Floodway,False,0.0,0.9791977255216636,31.571796944019532,29,MESA_OPEN_DATA_2026,"City of Mesa Water Resources (2026), dataset 5zhe-5nig; retrieved 2026-08-22",Municipal pathways are not allocated to individual data centers.
2019-06-01,GRIC exchange,True,7.498097658596309,0.9791977255216636,31.571796944019532,29,MESA_OPEN_DATA_2026,"City of Mesa Water Resources (2026), dataset 5zhe-5nig; retrieved 2026-08-22",Municipal pathways are not allocated to individual data centers.
2019-06-01,Local reuse,True,0.0010116336611384,0.9791977255216636,31.571796944019532,29,MESA_OPEN_DATA_2026,"City of Mesa Water Resources (2026), dataset 5zhe-5nig; retrieved 2026-08-22",Municipal pathways are not allocated to individual data centers.
2019-06-01,Percolation recharge,True,0.0,0.9791977255216636,31.571796944019532,29,MESA_OPEN_DATA_2026,"City of Mesa Water Resources (2026), dataset 5zhe-5nig; retrieved 2026-08-22",Municipal pathways are not allocated to individual data centers.
2019-06-01,Salt River discharge,False,0.6132764154061086,0.9791977255216636,31.571796944019532,29,MESA_OPEN_DATA_2026,"City of Mesa Water Resources (2026), dataset 5zhe-5nig; retrieved 2026-08-22",Municipal pathways are not allocated to individual data centers.
2019-07-01,91st Ave / Palo Verde,True,5.465758945151968,0.8951759661841115,32.234475404582646,28,MESA_OPEN_DATA_2026,"City of Mesa Water Resources (2026), dataset 5zhe-5nig; retrieved 2026-08-22",Municipal pathways are not allocated to individual data centers.
2019-07-01,Aquifer recharge,True,4.93498729602212,0.8951759661841115,32.234475404582646,28,MESA_OPEN_DATA_2026,"City of Mesa Water Resources (2026), dataset 5zhe-5nig; retrieved 2026-08-22",Municipal pathways are not allocated to individual data centers.
2019-07-01,Baseline sewer return,False,0.0,0.8951759661841115,32.234475404582646,28,MESA_OPEN_DATA_2026,"City of Mesa Water Resources (2026), dataset 5zhe-5nig; retrieved 2026-08-22",Municipal pathways are not allocated to individual data centers.
2019-07-01,East Maricopa Floodway,False,0.3795150715517738,0.8951759661841115,32.234475404582646,28,MESA_OPEN_DATA_2026,"City of Mesa Water Resources (2026), dataset 5zhe-5nig; retrieved 2026-08-22",Municipal pathways are not allocated to individual data centers.
2019-07-01,GRIC exchange,True,7.434211696523319,0.8951759661841115,32.234475404582646,28,MESA_OPEN_DATA_2026,"City of Mesa Water Resources (2026), dataset 5zhe-5nig; retrieved 2026-08-22",Municipal pathways are not allocated to individual data centers.
2019-07-01,Local reuse,True,0.0031991487965069,0.8951759661841115,32.234475404582646,28,MESA_OPEN_DATA_2026,"City of Mesa Water Resources (2026), dataset 5zhe-5nig; retrieved 2026-08-22",Municipal pathways are not allocated to individual data centers.
2019-07-01,Percolation recharge,True,0.0,0.8951759661841115,32.234475404582646,28,MESA_OPEN_DATA_2026,"City of Mesa Water Resources (2026), dataset 5zhe-5nig; retrieved 2026-08-22",Municipal pathways are not allocated to individual data centers.
2019-07-01,Salt River discharge,False,2.705770284681242,0.8951759661841115,32.234475404582646,28,MESA_OPEN_DATA_2026,"City of Mesa Water Resources (2026), dataset 5zhe-5nig; retrieved 2026-08-22",Municipal pathways are not allocated to individual data centers.
2019-08-01,91st Ave / Palo Verde,True,2.8032944906456665,0.8839435463417075,25.385058243522145,29,MESA_OPEN_DATA_2026,"City of Mesa Water Resources (2026), dataset 5zhe-5nig; retrieved 2026-08-22",Municipal pathways are not allocated to individual data centers.
2019-08-01,Aquifer recharge,True,6.121219715814998,0.8839435463417075,25.385058243522145,29,MESA_OPEN_DATA_2026,"City of Mesa Water Resources (2026), dataset 5zhe-5nig; retrieved 2026-08-22",Municipal pathways are not allocated to individual data centers.
2019-08-01,Baseline sewer return,False,0.0,0.8839435463417075,25.385058243522145,29,MESA_OPEN_DATA_2026,"City of Mesa Water Resources (2026), dataset 5zhe-5nig; retrieved 2026-08-22",Municipal pathways are not allocated to individual data centers.
2019-08-01,East Maricopa Floodway,False,0.9052835241505176,0.8839435463417075,25.385058243522145,29,MESA_OPEN_DATA_2026,"City of Mesa Water Resources (2026), dataset 5zhe-5nig; retrieved 2026-08-22",Municipal pathways are not allocated to individual data centers.
2019-08-01,GRIC exchange,True,7.509458395898848,0.8839435463417075,25.385058243522145,29,MESA_OPEN_DATA_2026,"City of Mesa Water Resources (2026), dataset 5zhe-5nig; retrieved 2026-08-22",Municipal pathways are not allocated to individual data centers.
2019-08-01,Local reuse,True,0.0071288869021869,0.8839435463417075,25.385058243522145,29,MESA_OPEN_DATA_2026,"City of Mesa Water Resources (2026), dataset 5zhe-5nig; retrieved 2026-08-22",Municipal pathways are not allocated to individual data centers.
2019-08-01,Percolation recharge,True,0.0,0.8839435463417075,25.385058243522145,29,MESA_OPEN_DATA_2026,"City of Mesa Water Resources (2026), dataset 5zhe-5nig; retrieved 2026-08-22",Municipal pathways are not allocated to individual data centers.
2019-08-01,Salt River discharge,False,1.5268007246680753,0.8839435463417075,25.385058243522145,29,MESA_OPEN_DATA_2026,"City of Mesa Water Resources (2026), dataset 5zhe-5nig; retrieved 2026-08-22",Municipal pathways are not allocated to individual data centers.
2019-09-01,91st Ave / Palo Verde,True,6.607042395633948,0.9235850063247424,34.66288883804436,29,MESA_OPEN_DATA_2026,"City of Mesa Water Resources (2026), dataset 5zhe-5nig; retrieved 2026-08-22",Municipal pathways are not allocated to individual data centers.
2019-09-01,Aquifer recharge,True,4.345859791719797,0.9235850063247424,34.66288883804436,29,MESA_OPEN_DATA_2026,"City of Mesa Water Resources (2026), dataset 5zhe-5nig; retrieved 2026-08-22",Municipal pathways are not allocated to individual data centers.
2019-09-01,Baseline sewer return,False,0.0028620688565846,0.9235850063247424,34.66288883804436,29,MESA_OPEN_DATA_2026,"City of Mesa Water Resources (2026), dataset 5zhe-5nig; retrieved 2026-08-22",Municipal pathways are not allocated to individual data centers.
2019-09-01,East Maricopa Floodway,False,0.0,0.9235850063247424,34.66288883804436,29,MESA_OPEN_DATA_2026,"City of Mesa Water Resources (2026), dataset 5zhe-5nig; retrieved 2026-08-22",Municipal pathways are not allocated to individual data centers.
2019-09-01,GRIC exchange,True,8.065077034620405,0.9235850063247424,34.66288883804436,29,MESA_OPEN_DATA_2026,"City of Mesa Water Resources (2026), dataset 5zhe-5nig; retrieved 2026-08-22",Municipal pathways are not allocated to individual data centers.
2019-09-01,Local reuse,True,0.0057974555913598,0.9235850063247424,34.66288883804436,29,MESA_OPEN_DATA_2026,"City of Mesa Water Resources (2026), dataset 5zhe-5nig; retrieved 2026-08-22",Municipal pathways are not allocated to individual data centers.
2019-09-01,Percolation recharge,True,0.2503075931064242,0.9235850063247424,34.66288883804436,29,MESA_OPEN_DATA_2026,"City of Mesa Water Resources (2026), dataset 5zhe-5nig; retrieved 2026-08-22",Municipal pathways are not allocated to individual data centers.
2019-09-01,Salt River discharge,False,2.171857707247947,0.9235850063247424,34.66288883804436,29,MESA_OPEN_DATA_2026,"City of Mesa Water Resources (2026), dataset 5zhe-5nig; retrieved 2026-08-22",Municipal pathways are not allocated to individual data centers.
2019-10-01,91st Ave / Palo Verde,True,6.886492796180868,0.7966416165708058,35.645101680659224,29,MESA_OPEN_DATA_2026,"City of Mesa Water Resources (2026), dataset 5zhe-5nig; retrieved 2026-08-22",Municipal pathways are not allocated to individual data centers.
2019-10-01,Aquifer recharge,True,0.0,0.7966416165708058,35.645101680659224,29,MESA_OPEN_DATA_2026,"City of Mesa Water Resources (2026), dataset 5zhe-5nig; retrieved 2026-08-22",Municipal pathways are not allocated to individual data centers.
2019-10-01,Baseline sewer return,False,0.0,0.7966416165708058,35.645101680659224,29,MESA_OPEN_DATA_2026,"City of Mesa Water Resources (2026), dataset 5zhe-5nig; retrieved 2026-08-22",Municipal pathways are not allocated to individual data centers.
2019-10-01,East Maricopa Floodway,False,0.5955344721161085,0.7966416165708058,35.645101680659224,29,MESA_OPEN_DATA_2026,"City of Mesa Water Resources (2026), dataset 5zhe-5nig; retrieved 2026-08-22",Municipal pathways are not allocated to individual data centers.
2019-10-01,GRIC exchange,True,7.374281489607077,0.7966416165708058,35.645101680659224,29,MESA_OPEN_DATA_2026,"City of Mesa Water Resources (2026), dataset 5zhe-5nig; retrieved 2026-08-22",Municipal pathways are not allocated to individual data centers.
2019-10-01,Local reuse,True,0.0058585585526817,0.7966416165708058,35.645101680659224,29,MESA_OPEN_DATA_2026,"City of Mesa Water Resources (2026), dataset 5zhe-5nig; retrieved 2026-08-22",Municipal pathways are not allocated to individual data centers.
2019-10-01,Percolation recharge,True,0.1015627057589519,0.7966416165708058,35.645101680659224,29,MESA_OPEN_DATA_2026,"City of Mesa Water Resources (2026), dataset 5zhe-5nig; retrieved 2026-08-22",Municipal pathways are not allocated to individual data centers.
2019-10-01,Salt River discharge,False,6.3128515939656875,0.7966416165708058,35.645101680659224,29,MESA_OPEN_DATA_2026,"City of Mesa Water Resources (2026), dataset 5zhe-5nig; retrieved 2026-08-22",Municipal pathways are not allocated to individual data centers.
2019-11-01,91st Ave / Palo Verde,True,6.9141059760701715,0.7891124750815747,37.87294158484656,29,MESA_OPEN_DATA_2026,"City of Mesa Water Resources (2026), dataset 5zhe-5nig; retrieved 2026-08-22",Municipal pathways are not allocated to individual data centers.
2019-11-01,Aquifer recharge,True,0.0,0.7891124750815747,37.87294158484656,29,MESA_OPEN_DATA_2026,"City of Mesa Water Resources (2026), dataset 5zhe-5nig; retrieved 2026-08-22",Municipal pathways are not allocated to individual data centers.
2019-11-01,Baseline sewer return,False,0.0,0.7891124750815747,37.87294158484656,29,MESA_OPEN_DATA_2026,"City of Mesa Water Resources (2026), dataset 5zhe-5nig; retrieved 2026-08-22",Municipal pathways are not allocated to individual data centers.
2019-11-01,East Maricopa Floodway,False,0.1428017266865434,0.7891124750815747,37.87294158484656,29,MESA_OPEN_DATA_2026,"City of Mesa Water Resources (2026), dataset 5zhe-5nig; retrieved 2026-08-22",Municipal pathways are not allocated to individual data centers.
2019-11-01,GRIC exchange,True,8.808765340115189,0.7891124750815747,37.87294158484656,29,MESA_OPEN_DATA_2026,"City of Mesa Water Resources (2026), dataset 5zhe-5nig; retrieved 2026-08-22",Municipal pathways are not allocated to individual data centers.
2019-11-01,Local reuse,True,0.0030842015164685,0.7891124750815747,37.87294158484656,29,MESA_OPEN_DATA_2026,"City of Mesa Water Resources (2026), dataset 5zhe-5nig; retrieved 2026-08-22",Municipal pathways are not allocated to individual data centers.
2019-11-01,Percolation recharge,True,0.2902379849240526,0.7891124750815747,37.87294158484656,29,MESA_OPEN_DATA_2026,"City of Mesa Water Resources (2026), dataset 5zhe-5nig; retrieved 2026-08-22",Municipal pathways are not allocated to individual data centers.
2019-11-01,Salt River discharge,False,7.742932676707246,0.7891124750815747,37.87294158484656,29,MESA_OPEN_DATA_2026,"City of Mesa Water Resources (2026), dataset 5zhe-5nig; retrieved 2026-08-22",Municipal pathways are not allocated to individual data centers.
2019-12-01,91st Ave / Palo Verde,True,6.2232982046636725,0.780289278331082,34.635735150284056,30,MESA_OPEN_DATA_2026,"City of Mesa Water Resources (2026), dataset 5zhe-5nig; retrieved 2026-08-22",Municipal pathways are not allocated to individual data centers.
2019-12-01,Aquifer recharge,True,0.0,0.780289278331082,34.635735150284056,30,MESA_OPEN_DATA_2026,"City of Mesa Water Resources (2026), dataset 5zhe-5nig; retrieved 2026-08-22",Municipal pathways are not allocated to individual data centers.
2019-12-01,Baseline sewer return,False,0.001333333303531,0.780289278331082,34.635735150284056,30,MESA_OPEN_DATA_2026,"City of Mesa Water Resources (2026), dataset 5zhe-5nig; retrieved 2026-08-22",Municipal pathways are not allocated to individual data centers.
2019-12-01,East Maricopa Floodway,False,0.0394333334930706,0.780289278331082,34.635735150284056,30,MESA_OPEN_DATA_2026,"City of Mesa Water Resources (2026), dataset 5zhe-5nig; retrieved 2026-08-22",Municipal pathways are not allocated to individual data centers.
2019-12-01,GRIC exchange,True,8.11229314146977,0.780289278331082,34.635735150284056,30,MESA_OPEN_DATA_2026,"City of Mesa Water Resources (2026), dataset 5zhe-5nig; retrieved 2026-08-22",Municipal pathways are not allocated to individual data centers.
2019-12-01,Local reuse,True,0.0016416889367402,0.780289278331082,34.635735150284056,30,MESA_OPEN_DATA_2026,"City of Mesa Water Resources (2026), dataset 5zhe-5nig; retrieved 2026-08-22",Municipal pathways are not allocated to individual data centers.
2019-12-01,Percolation recharge,True,0.2487620193414666,0.780289278331082,34.635735150284056,30,MESA_OPEN_DATA_2026,"City of Mesa Water Resources (2026), dataset 5zhe-5nig; retrieved 2026-08-22",Municipal pathways are not allocated to individual data centers.
2019-12-01,Salt River discharge,False,7.522943686255387,0.780289278331082,34.635735150284056,30,MESA_OPEN_DATA_2026,"City of Mesa Water Resources (2026), dataset 5zhe-5nig; retrieved 2026-08-22",Municipal pathways are not allocated to individual data centers.
2020-01-01,91st Ave / Palo Verde,True,5.678140030876087,0.7608730013792645,32.82670090504794,30,MESA_OPEN_DATA_2026,"City of Mesa Water Resources (2026), dataset 5zhe-5nig; retrieved 2026-08-22",Municipal pathways are not allocated to individual data centers.
2020-01-01,Aquifer recharge,True,0.0,0.7608730013792645,32.82670090504794,30,MESA_OPEN_DATA_2026,"City of Mesa Water Resources (2026), dataset 5zhe-5nig; retrieved 2026-08-22",Municipal pathways are not allocated to individual data centers.
2020-01-01,Baseline sewer return,False,0.0,0.7608730013792645,32.82670090504794,30,MESA_OPEN_DATA_2026,"City of Mesa Water Resources (2026), dataset 5zhe-5nig; retrieved 2026-08-22",Municipal pathways are not allocated to individual data centers.
2020-01-01,East Maricopa Floodway,False,0.0299374997615814,0.7608730013792645,32.82670090504794,30,MESA_OPEN_DATA_2026,"City of Mesa Water Resources (2026), dataset 5zhe-5nig; retrieved 2026-08-22",Municipal pathways are not allocated to individual data centers.
2020-01-01,GRIC exchange,True,7.949422254796209,0.7608730013792645,32.82670090504794,30,MESA_OPEN_DATA_2026,"City of Mesa Water Resources (2026), dataset 5zhe-5nig; retrieved 2026-08-22",Municipal pathways are not allocated to individual data centers.
2020-01-01,Local reuse,True,0.0020164401655926,0.7608730013792645,32.82670090504794,30,MESA_OPEN_DATA_2026,"City of Mesa Water Resources (2026), dataset 5zhe-5nig; retrieved 2026-08-22",Municipal pathways are not allocated to individual data centers.
2020-01-01,Percolation recharge,True,0.0,0.7608730013792645,32.82670090504794,30,MESA_OPEN_DATA_2026,"City of Mesa Water Resources (2026), dataset 5zhe-5nig; retrieved 2026-08-22",Municipal pathways are not allocated to individual data centers.
2020-01-01,Salt River discharge,False,7.780967117934717,0.7608730013792645,32.82670090504794,30,MESA_OPEN_DATA_2026,"City of Mesa Water Resources (2026), dataset 5zhe-5nig; retrieved 2026-08-22",Municipal pathways are not allocated to individual data centers.
2020-02-01,91st Ave / Palo Verde,True,6.400918106130147,0.7407389306564147,40.55777333416992,9,MESA_OPEN_DATA_2026,"City of Mesa Water Resources (2026), dataset 5zhe-5nig; retrieved 2026-08-22",Municipal pathways are not allocated to individual data centers.
2020-02-01,Aquifer recharge,True,0.0,0.7407389306564147,40.55777333416992,9,MESA_OPEN_DATA_2026,"City of Mesa Water Resources (2026), dataset 5zhe-5nig; retrieved 2026-08-22",Municipal pathways are not allocated to individual data centers.
2020-02-01,Baseline sewer return,False,0.0896272689270798,0.7407389306564147,40.55777333416992,9,MESA_OPEN_DATA_2026,"City of Mesa Water Resources (2026), dataset 5zhe-5nig; retrieved 2026-08-22",Municipal pathways are not allocated to individual data centers.
2020-02-01,East Maricopa Floodway,False,1.480479988238371,0.7407389306564147,40.55777333416992,9,MESA_OPEN_DATA_2026,"City of Mesa Water Resources (2026), dataset 5zhe-5nig; retrieved 2026-08-22",Municipal pathways are not allocated to individual data centers.
2020-02-01,GRIC exchange,True,7.899699468486269,0.7407389306564147,40.55777333416992,9,MESA_OPEN_DATA_2026,"City of Mesa Water Resources (2026), dataset 5zhe-5nig; retrieved 2026-08-22",Municipal pathways are not allocated to individual data centers.
2020-02-01,Local reuse,True,0.0039823835860077,0.7407389306564147,40.55777333416992,9,MESA_OPEN_DATA_2026,"City of Mesa Water Resources (2026), dataset 5zhe-5nig; retrieved 2026-08-22",Municipal pathways are not allocated to individual data centers.
2020-02-01,Percolation recharge,True,2.420736507078012,0.7407389306564147,40.55777333416992,9,MESA_OPEN_DATA_2026,"City of Mesa Water Resources (2026), dataset 5zhe-5nig; retrieved 2026-08-22",Municipal pathways are not allocated to individual data centers.
2020-02-01,Salt River discharge,False,7.980013411225361,0.7407389306564147,40.55777333416992,9,MESA_OPEN_DATA_2026,"City of Mesa Water Resources (2026), dataset 5zhe-5nig; retrieved 2026-08-22",Municipal pathways are not allocated to individual data centers.
2020-03-01,91st Ave / Palo Verde,True,6.393669336545914,0.7491044593035454,36.29371834614117,26,MESA_OPEN_DATA_2026,"City of Mesa Water Resources (2026), dataset 5zhe-5nig; retrieved 2026-08-22",Municipal pathways are not allocated to individual data centers.
2020-03-01,Aquifer recharge,True,0.0,0.7491044593035454,36.29371834614117,26,MESA_OPEN_DATA_2026,"City of Mesa Water Resources (2026), dataset 5zhe-5nig; retrieved 2026-08-22",Municipal pathways are not allocated to individual data centers.
2020-03-01,Baseline sewer return,False,0.2291923153858918,0.7491044593035454,36.29371834614117,26,MESA_OPEN_DATA_2026,"City of Mesa Water Resources (2026), dataset 5zhe-5nig; retrieved 2026-08-22",Municipal pathways are not allocated to individual data centers.
2020-03-01,East Maricopa Floodway,False,0.6411558907180293,0.7491044593035454,36.29371834614117,26,MESA_OPEN_DATA_2026,"City of Mesa Water Resources (2026), dataset 5zhe-5nig; retrieved 2026-08-22",Municipal pathways are not allocated to individual data centers.
2020-03-01,GRIC exchange,True,7.759655194542035,0.7491044593035454,36.29371834614117,26,MESA_OPEN_DATA_2026,"City of Mesa Water Resources (2026), dataset 5zhe-5nig; retrieved 2026-08-22",Municipal pathways are not allocated to individual data centers.
2020-03-01,Local reuse,True,0.0054137906797032,0.7491044593035454,36.29371834614117,26,MESA_OPEN_DATA_2026,"City of Mesa Water Resources (2026), dataset 5zhe-5nig; retrieved 2026-08-22",Municipal pathways are not allocated to individual data centers.
2020-03-01,Percolation recharge,True,0.0,0.7491044593035454,36.29371834614117,26,MESA_OPEN_DATA_2026,"City of Mesa Water Resources (2026), dataset 5zhe-5nig; retrieved 2026-08-22",Municipal pathways are not allocated to individual data centers.
2020-03-01,Salt River discharge,False,7.836137254459735,0.7491044593035454,36.29371834614117,26,MESA_OPEN_DATA_2026,"City of Mesa Water Resources (2026), dataset 5zhe-5nig; retrieved 2026-08-22",Municipal pathways are not allocated to individual data centers.
2020-04-01,91st Ave / Palo Verde,True,5.83239022993746,0.7771874789065994,33.60818610505359,25,MESA_OPEN_DATA_2026,"City of Mesa Water Resources (2026), dataset 5zhe-5nig; retrieved 2026-08-22",Municipal pathways are not allocated to individual data centers.
2020-04-01,Aquifer recharge,True,0.0,0.7771874789065994,33.60818610505359,25,MESA_OPEN_DATA_2026,"City of Mesa Water Resources (2026), dataset 5zhe-5nig; retrieved 2026-08-22",Municipal pathways are not allocated to individual data centers.
2020-04-01,Baseline sewer return,False,0.0,0.7771874789065994,33.60818610505359,25,MESA_OPEN_DATA_2026,"City of Mesa Water Resources (2026), dataset 5zhe-5nig; retrieved 2026-08-22",Municipal pathways are not allocated to individual data centers.
2020-04-01,East Maricopa Floodway,False,0.0,0.7771874789065994,33.60818610505359,25,MESA_OPEN_DATA_2026,"City of Mesa Water Resources (2026), dataset 5zhe-5nig; retrieved 2026-08-22",Municipal pathways are not allocated to individual data centers.
2020-04-01,GRIC exchange,True,8.623505597378747,0.7771874789065994,33.60818610505359,25,MESA_OPEN_DATA_2026,"City of Mesa Water Resources (2026), dataset 5zhe-5nig; retrieved 2026-08-22",Municipal pathways are not allocated to individual data centers.
2020-04-01,Local reuse,True,0.0038776674243638,0.7771874789065994,33.60818610505359,25,MESA_OPEN_DATA_2026,"City of Mesa Water Resources (2026), dataset 5zhe-5nig; retrieved 2026-08-22",Municipal pathways are not allocated to individual data centers.
2020-04-01,Percolation recharge,True,0.0,0.7771874789065994,33.60818610505359,25,MESA_OPEN_DATA_2026,"City of Mesa Water Resources (2026), dataset 5zhe-5nig; retrieved 2026-08-22",Municipal pathways are not allocated to individual data centers.
2020-04-01,Salt River discharge,False,7.483632150438097,0.7771874789065994,33.60818610505359,25,MESA_OPEN_DATA_2026,"City of Mesa Water Resources (2026), dataset 5zhe-5nig; retrieved 2026-08-22",Municipal pathways are not allocated to individual data centers.
2020-05-01,91st Ave / Palo Verde,True,5.787946043095844,0.7644417403035447,34.91021571155484,29,MESA_OPEN_DATA_2026,"City of Mesa Water Resources (2026), dataset 5zhe-5nig; retrieved 2026-08-22",Municipal pathways are not allocated to individual data centers.
2020-05-01,Aquifer recharge,True,0.0,0.7644417403035447,34.91021571155484,29,MESA_OPEN_DATA_2026,"City of Mesa Water Resources (2026), dataset 5zhe-5nig; retrieved 2026-08-22",Municipal pathways are not allocated to individual data centers.
2020-05-01,Baseline sewer return,False,0.0,0.7644417403035447,34.91021571155484,29,MESA_OPEN_DATA_2026,"City of Mesa Water Resources (2026), dataset 5zhe-5nig; retrieved 2026-08-22",Municipal pathways are not allocated to individual data centers.
2020-05-01,East Maricopa Floodway,False,0.4112499952316284,0.7644417403035447,34.91021571155484,29,MESA_OPEN_DATA_2026,"City of Mesa Water Resources (2026), dataset 5zhe-5nig; retrieved 2026-08-22",Municipal pathways are not allocated to individual data centers.
2020-05-01,GRIC exchange,True,7.909356290452293,0.7644417403035447,34.91021571155484,29,MESA_OPEN_DATA_2026,"City of Mesa Water Resources (2026), dataset 5zhe-5nig; retrieved 2026-08-22",Municipal pathways are not allocated to individual data centers.
2020-05-01,Local reuse,True,0.0013421237235888,0.7644417403035447,34.91021571155484,29,MESA_OPEN_DATA_2026,"City of Mesa Water Resources (2026), dataset 5zhe-5nig; retrieved 2026-08-22",Municipal pathways are not allocated to individual data centers.
2020-05-01,Percolation recharge,True,1.300137916218732,0.7644417403035447,34.91021571155484,29,MESA_OPEN_DATA_2026,"City of Mesa Water Resources (2026), dataset 5zhe-5nig; retrieved 2026-08-22",Municipal pathways are not allocated to individual data centers.
2020-05-01,Salt River discharge,False,7.513041261409434,0.7644417403035447,34.91021571155484,29,MESA_OPEN_DATA_2026,"City of Mesa Water Resources (2026), dataset 5zhe-5nig; retrieved 2026-08-22",Municipal pathways are not allocated to individual data centers.
2020-06-01,91st Ave / Palo Verde,True,5.441922863988733,0.7572365026293164,31.878754596621818,29,MESA_OPEN_DATA_2026,"City of Mesa Water Resources (2026), dataset 5zhe-5nig; retrieved 2026-08-22",Municipal pathways are not allocated to individual data centers.
2020-06-01,Aquifer recharge,True,0.0,0.7572365026293164,31.878754596621818,29,MESA_OPEN_DATA_2026,"City of Mesa Water Resources (2026), dataset 5zhe-5nig; retrieved 2026-08-22",Municipal pathways are not allocated to individual data centers.
2020-06-01,Baseline sewer return,False,0.0193793106952617,0.7572365026293164,31.878754596621818,29,MESA_OPEN_DATA_2026,"City of Mesa Water Resources (2026), dataset 5zhe-5nig; retrieved 2026-08-22",Municipal pathways are not allocated to individual data centers.
2020-06-01,East Maricopa Floodway,False,0.0,0.7572365026293164,31.878754596621818,29,MESA_OPEN_DATA_2026,"City of Mesa Water Resources (2026), dataset 5zhe-5nig; retrieved 2026-08-22",Municipal pathways are not allocated to individual data centers.
2020-06-01,GRIC exchange,True,7.815663863761851,0.7572365026293164,31.878754596621818,29,MESA_OPEN_DATA_2026,"City of Mesa Water Resources (2026), dataset 5zhe-5nig; retrieved 2026-08-22",Municipal pathways are not allocated to individual data centers.
2020-06-01,Local reuse,True,0.0013421237235888,0.7572365026293164,31.878754596621818,29,MESA_OPEN_DATA_2026,"City of Mesa Water Resources (2026), dataset 5zhe-5nig; retrieved 2026-08-22",Municipal pathways are not allocated to individual data centers.
2020-06-01,Percolation recharge,True,0.0,0.7572365026293164,31.878754596621818,29,MESA_OPEN_DATA_2026,"City of Mesa Water Resources (2026), dataset 5zhe-5nig; retrieved 2026-08-22",Municipal pathways are not allocated to individual data centers.
2020-06-01,Salt River discharge,False,7.716600706474916,0.7572365026293164,31.878754596621818,29,MESA_OPEN_DATA_2026,"City of Mesa Water Resources (2026), dataset 5zhe-5nig; retrieved 2026-08-22",Municipal pathways are not allocated to individual data centers.
2020-07-01,91st Ave / Palo Verde,True,5.276988026776449,0.7515235876193392,31.14947658807819,30,MESA_OPEN_DATA_2026,"City of Mesa Water Resources (2026), dataset 5zhe-5nig; retrieved 2026-08-22",Municipal pathways are not allocated to individual data centers.
2020-07-01,Aquifer recharge,True,0.0,0.7515235876193392,31.14947658807819,30,MESA_OPEN_DATA_2026,"City of Mesa Water Resources (2026), dataset 5zhe-5nig; retrieved 2026-08-22",Municipal pathways are not allocated to individual data centers.
2020-07-01,Baseline sewer return,False,0.0129333333345129,0.7515235876193392,31.14947658807819,30,MESA_OPEN_DATA_2026,"City of Mesa Water Resources (2026), dataset 5zhe-5nig; retrieved 2026-08-22",Municipal pathways are not allocated to individual data centers.
2020-07-01,East Maricopa Floodway,False,0.0,0.7515235876193392,31.14947658807819,30,MESA_OPEN_DATA_2026,"City of Mesa Water Resources (2026), dataset 5zhe-5nig; retrieved 2026-08-22",Municipal pathways are not allocated to individual data centers.
2020-07-01,GRIC exchange,True,7.577955242583757,0.7515235876193392,31.14947658807819,30,MESA_OPEN_DATA_2026,"City of Mesa Water Resources (2026), dataset 5zhe-5nig; retrieved 2026-08-22",Municipal pathways are not allocated to individual data centers.
2020-07-01,Local reuse,True,0.0013421237235888,0.7515235876193392,31.14947658807819,30,MESA_OPEN_DATA_2026,"City of Mesa Water Resources (2026), dataset 5zhe-5nig; retrieved 2026-08-22",Municipal pathways are not allocated to individual data centers.
2020-07-01,Percolation recharge,True,0.0,0.7515235876193392,31.14947658807819,30,MESA_OPEN_DATA_2026,"City of Mesa Water Resources (2026), dataset 5zhe-5nig; retrieved 2026-08-22",Municipal pathways are not allocated to individual data centers.
2020-07-01,Salt River discharge,False,7.726281808106988,0.7515235876193392,31.14947658807819,30,MESA_OPEN_DATA_2026,"City of Mesa Water Resources (2026), dataset 5zhe-5nig; retrieved 2026-08-22",Municipal pathways are not allocated to individual data centers.
2020-08-01,91st Ave / Palo Verde,True,5.326627835737246,0.7491215223181978,31.964014810536483,30,MESA_OPEN_DATA_2026,"City of Mesa Water Resources (2026), dataset 5zhe-5nig; retrieved 2026-08-22",Municipal pathways are not allocated to individual data centers.
2020-08-01,Aquifer recharge,True,0.0,0.7491215223181978,31.964014810536483,30,MESA_OPEN_DATA_2026,"City of Mesa Water Resources (2026), dataset 5zhe-5nig; retrieved 2026-08-22",Municipal pathways are not allocated to individual data centers.
2020-08-01,Baseline sewer return,False,0.002133333372573,0.7491215223181978,31.964014810536483,30,MESA_OPEN_DATA_2026,"City of Mesa Water Resources (2026), dataset 5zhe-5nig; retrieved 2026-08-22",Municipal pathways are not allocated to individual data centers.
2020-08-01,East Maricopa Floodway,False,0.0,0.7491215223181978,31.964014810536483,30,MESA_OPEN_DATA_2026,"City of Mesa Water Resources (2026), dataset 5zhe-5nig; retrieved 2026-08-22",Municipal pathways are not allocated to individual data centers.
2020-08-01,GRIC exchange,True,7.445410631116067,0.7491215223181978,31.964014810536483,30,MESA_OPEN_DATA_2026,"City of Mesa Water Resources (2026), dataset 5zhe-5nig; retrieved 2026-08-22",Municipal pathways are not allocated to individual data centers.
2020-08-01,Local reuse,True,0.0013421237235888,0.7491215223181978,31.964014810536483,30,MESA_OPEN_DATA_2026,"City of Mesa Water Resources (2026), dataset 5zhe-5nig; retrieved 2026-08-22",Municipal pathways are not allocated to individual data centers.
2020-08-01,Percolation recharge,True,0.5382197292976909,0.7491215223181978,31.964014810536483,30,MESA_OPEN_DATA_2026,"City of Mesa Water Resources (2026), dataset 5zhe-5nig; retrieved 2026-08-22",Municipal pathways are not allocated to individual data centers.
2020-08-01,Salt River discharge,False,7.997025485814828,0.7491215223181978,31.964014810536483,30,MESA_OPEN_DATA_2026,"City of Mesa Water Resources (2026), dataset 5zhe-5nig; retrieved 2026-08-22",Municipal pathways are not allocated to individual data centers.
2020-09-01,91st Ave / Palo Verde,True,5.316253412673167,0.747319935461405,32.34074206515169,29,MESA_OPEN_DATA_2026,"City of Mesa Water Resources (2026), dataset 5zhe-5nig; retrieved 2026-08-22",Municipal pathways are not allocated to individual data centers.
2020-09-01,Aquifer recharge,True,0.0,0.747319935461405,32.34074206515169,29,MESA_OPEN_DATA_2026,"City of Mesa Water Resources (2026), dataset 5zhe-5nig; retrieved 2026-08-22",Municipal pathways are not allocated to individual data centers.
2020-09-01,Baseline sewer return,False,0.01220617017249,0.747319935461405,32.34074206515169,29,MESA_OPEN_DATA_2026,"City of Mesa Water Resources (2026), dataset 5zhe-5nig; retrieved 2026-08-22",Municipal pathways are not allocated to individual data centers.
2020-09-01,East Maricopa Floodway,False,0.0,0.747319935461405,32.34074206515169,29,MESA_OPEN_DATA_2026,"City of Mesa Water Resources (2026), dataset 5zhe-5nig; retrieved 2026-08-22",Municipal pathways are not allocated to individual data centers.
2020-09-01,GRIC exchange,True,8.221443056193012,0.747319935461405,32.34074206515169,29,MESA_OPEN_DATA_2026,"City of Mesa Water Resources (2026), dataset 5zhe-5nig; retrieved 2026-08-22",Municipal pathways are not allocated to individual data centers.
2020-09-01,Local reuse,True,0.0013421237235888,0.747319935461405,32.34074206515169,29,MESA_OPEN_DATA_2026,"City of Mesa Water Resources (2026), dataset 5zhe-5nig; retrieved 2026-08-22",Municipal pathways are not allocated to individual data centers.
2020-09-01,Percolation recharge,True,0.0,0.747319935461405,32.34074206515169,29,MESA_OPEN_DATA_2026,"City of Mesa Water Resources (2026), dataset 5zhe-5nig; retrieved 2026-08-22",Municipal pathways are not allocated to individual data centers.
2020-09-01,Salt River discharge,False,8.156990477043093,0.747319935461405,32.34074206515169,29,MESA_OPEN_DATA_2026,"City of Mesa Water Resources (2026), dataset 5zhe-5nig; retrieved 2026-08-22",Municipal pathways are not allocated to individual data centers.
2020-10-01,91st Ave / Palo Verde,True,5.238728898414485,0.7639519770886689,33.3098982339611,30,MESA_OPEN_DATA_2026,"City of Mesa Water Resources (2026), dataset 5zhe-5nig; retrieved 2026-08-22",Municipal pathways are not allocated to individual data centers.
2020-10-01,Aquifer recharge,True,0.0,0.7639519770886689,33.3098982339611,30,MESA_OPEN_DATA_2026,"City of Mesa Water Resources (2026), dataset 5zhe-5nig; retrieved 2026-08-22",Municipal pathways are not allocated to individual data centers.
2020-10-01,Baseline sewer return,False,0.0081683795402303,0.7639519770886689,33.3098982339611,30,MESA_OPEN_DATA_2026,"City of Mesa Water Resources (2026), dataset 5zhe-5nig; retrieved 2026-08-22",Municipal pathways are not allocated to individual data centers.
2020-10-01,East Maricopa Floodway,False,0.0,0.7639519770886689,33.3098982339611,30,MESA_OPEN_DATA_2026,"City of Mesa Water Resources (2026), dataset 5zhe-5nig; retrieved 2026-08-22",Municipal pathways are not allocated to individual data centers.
2020-10-01,GRIC exchange,True,8.532573412346812,0.7639519770886689,33.3098982339611,30,MESA_OPEN_DATA_2026,"City of Mesa Water Resources (2026), dataset 5zhe-5nig; retrieved 2026-08-22",Municipal pathways are not allocated to individual data centers.
2020-10-01,Local reuse,True,0.0013421237235888,0.7639519770886689,33.3098982339611,30,MESA_OPEN_DATA_2026,"City of Mesa Water Resources (2026), dataset 5zhe-5nig; retrieved 2026-08-22",Municipal pathways are not allocated to individual data centers.
2020-10-01,Percolation recharge,True,1.2380828969346152,0.7639519770886689,33.3098982339611,30,MESA_OPEN_DATA_2026,"City of Mesa Water Resources (2026), dataset 5zhe-5nig; retrieved 2026-08-22",Municipal pathways are not allocated to individual data centers.
2020-10-01,Salt River discharge,False,7.813544726172395,0.7639519770886689,33.3098982339611,30,MESA_OPEN_DATA_2026,"City of Mesa Water Resources (2026), dataset 5zhe-5nig; retrieved 2026-08-22",Municipal pathways are not allocated to individual data centers.
2020-11-01,91st Ave / Palo Verde,True,5.336561487098036,0.7634253059215619,34.0194637161389,28,MESA_OPEN_DATA_2026,"City of Mesa Water Resources (2026), dataset 5zhe-5nig; retrieved 2026-08-22",Municipal pathways are not allocated to individual data centers.
2020-11-01,Aquifer recharge,True,0.0,0.7634253059215619,34.0194637161389,28,MESA_OPEN_DATA_2026,"City of Mesa Water Resources (2026), dataset 5zhe-5nig; retrieved 2026-08-22",Municipal pathways are not allocated to individual data centers.
2020-11-01,Baseline sewer return,False,0.0085714283798422,0.7634253059215619,34.0194637161389,28,MESA_OPEN_DATA_2026,"City of Mesa Water Resources (2026), dataset 5zhe-5nig; retrieved 2026-08-22",Municipal pathways are not allocated to individual data centers.
2020-11-01,East Maricopa Floodway,False,0.1060714289945151,0.7634253059215619,34.0194637161389,28,MESA_OPEN_DATA_2026,"City of Mesa Water Resources (2026), dataset 5zhe-5nig; retrieved 2026-08-22",Municipal pathways are not allocated to individual data centers.
2020-11-01,GRIC exchange,True,9.301899423018211,0.7634253059215619,34.0194637161389,28,MESA_OPEN_DATA_2026,"City of Mesa Water Resources (2026), dataset 5zhe-5nig; retrieved 2026-08-22",Municipal pathways are not allocated to individual data centers.
2020-11-01,Local reuse,True,0.0013421237235888,0.7634253059215619,34.0194637161389,28,MESA_OPEN_DATA_2026,"City of Mesa Water Resources (2026), dataset 5zhe-5nig; retrieved 2026-08-22",Municipal pathways are not allocated to individual data centers.
2020-11-01,Percolation recharge,True,0.6835028257694037,0.7634253059215619,34.0194637161389,28,MESA_OPEN_DATA_2026,"City of Mesa Water Resources (2026), dataset 5zhe-5nig; retrieved 2026-08-22",Municipal pathways are not allocated to individual data centers.
2020-11-01,Salt River discharge,False,7.80232059596471,0.7634253059215619,34.0194637161389,28,MESA_OPEN_DATA_2026,"City of Mesa Water Resources (2026), dataset 5zhe-5nig; retrieved 2026-08-22",Municipal pathways are not allocated to individual data centers.
2020-12-01,91st Ave / Palo Verde,True,5.265083804450839,0.7625971234874173,32.951198833250636,30,MESA_OPEN_DATA_2026,"City of Mesa Water Resources (2026), dataset 5zhe-5nig; retrieved 2026-08-22",Municipal pathways are not allocated to individual data centers.
2020-12-01,Aquifer recharge,True,0.0,0.7625971234874173,32.951198833250636,30,MESA_OPEN_DATA_2026,"City of Mesa Water Resources (2026), dataset 5zhe-5nig; retrieved 2026-08-22",Municipal pathways are not allocated to individual data centers.
2020-12-01,Baseline sewer return,False,0.0287666665390133,0.7625971234874173,32.951198833250636,30,MESA_OPEN_DATA_2026,"City of Mesa Water Resources (2026), dataset 5zhe-5nig; retrieved 2026-08-22",Municipal pathways are not allocated to individual data centers.
2020-12-01,East Maricopa Floodway,False,0.0,0.7625971234874173,32.951198833250636,30,MESA_OPEN_DATA_2026,"City of Mesa Water Resources (2026), dataset 5zhe-5nig; retrieved 2026-08-22",Municipal pathways are not allocated to individual data centers.
2020-12-01,GRIC exchange,True,9.33334709095084,0.7625971234874173,32.951198833250636,30,MESA_OPEN_DATA_2026,"City of Mesa Water Resources (2026), dataset 5zhe-5nig; retrieved 2026-08-22",Municipal pathways are not allocated to individual data centers.
2020-12-01,Local reuse,True,0.0013421237235888,0.7625971234874173,32.951198833250636,30,MESA_OPEN_DATA_2026,"City of Mesa Water Resources (2026), dataset 5zhe-5nig; retrieved 2026-08-22",Municipal pathways are not allocated to individual data centers.
2020-12-01,Percolation recharge,True,0.0,0.7625971234874173,32.951198833250636,30,MESA_OPEN_DATA_2026,"City of Mesa Water Resources (2026), dataset 5zhe-5nig; retrieved 2026-08-22",Municipal pathways are not allocated to individual data centers.
2020-12-01,Salt River discharge,False,7.7924915386846765,0.7625971234874173,32.951198833250636,30,MESA_OPEN_DATA_2026,"City of Mesa Water Resources (2026), dataset 5zhe-5nig; retrieved 2026-08-22",Municipal pathways are not allocated to individual data centers.
2021-01-01,91st Ave / Palo Verde,True,4.353977530753529,0.7749036174807303,31.743843854594747,28,MESA_OPEN_DATA_2026,"City of Mesa Water Resources (2026), dataset 5zhe-5nig; retrieved 2026-08-22",Municipal pathways are not allocated to individual data centers.
2021-01-01,Aquifer recharge,True,0.0,0.7749036174807303,31.743843854594747,28,MESA_OPEN_DATA_2026,"City of Mesa Water Resources (2026), dataset 5zhe-5nig; retrieved 2026-08-22",Municipal pathways are not allocated to individual data centers.
2021-01-01,Baseline sewer return,False,0.0087697545419417,0.7749036174807303,31.743843854594747,28,MESA_OPEN_DATA_2026,"City of Mesa Water Resources (2026), dataset 5zhe-5nig; retrieved 2026-08-22",Municipal pathways are not allocated to individual data centers.
2021-01-01,East Maricopa Floodway,False,0.3715192065359834,0.7749036174807303,31.743843854594747,28,MESA_OPEN_DATA_2026,"City of Mesa Water Resources (2026), dataset 5zhe-5nig; retrieved 2026-08-22",Municipal pathways are not allocated to individual data centers.
2021-01-01,GRIC exchange,True,8.623647035975237,0.7749036174807303,31.743843854594747,28,MESA_OPEN_DATA_2026,"City of Mesa Water Resources (2026), dataset 5zhe-5nig; retrieved 2026-08-22",Municipal pathways are not allocated to individual data centers.
2021-01-01,Local reuse,True,0.0004313969111535,0.7749036174807303,31.743843854594747,28,MESA_OPEN_DATA_2026,"City of Mesa Water Resources (2026), dataset 5zhe-5nig; retrieved 2026-08-22",Municipal pathways are not allocated to individual data centers.
2021-01-01,Percolation recharge,True,2.8540638124598954,0.7749036174807303,31.743843854594747,28,MESA_OPEN_DATA_2026,"City of Mesa Water Resources (2026), dataset 5zhe-5nig; retrieved 2026-08-22",Municipal pathways are not allocated to individual data centers.
2021-01-01,Salt River discharge,False,6.451960849373963,0.7749036174807303,31.743843854594747,28,MESA_OPEN_DATA_2026,"City of Mesa Water Resources (2026), dataset 5zhe-5nig; retrieved 2026-08-22",Municipal pathways are not allocated to individual data centers.
2021-02-01,91st Ave / Palo Verde,True,5.170912483461339,0.7275344272776139,34.5128022581241,27,MESA_OPEN_DATA_2026,"City of Mesa Water Resources (2026), dataset 5zhe-5nig; retrieved 2026-08-22",Municipal pathways are not allocated to individual data centers.
2021-02-01,Aquifer recharge,True,0.0,0.7275344272776139,34.5128022581241,27,MESA_OPEN_DATA_2026,"City of Mesa Water Resources (2026), dataset 5zhe-5nig; retrieved 2026-08-22",Municipal pathways are not allocated to individual data centers.
2021-02-01,Baseline sewer return,False,1.6315679225016757,0.7275344272776139,34.5128022581241,27,MESA_OPEN_DATA_2026,"City of Mesa Water Resources (2026), dataset 5zhe-5nig; retrieved 2026-08-22",Municipal pathways are not allocated to individual data centers.
2021-02-01,East Maricopa Floodway,False,0.0,0.7275344272776139,34.5128022581241,27,MESA_OPEN_DATA_2026,"City of Mesa Water Resources (2026), dataset 5zhe-5nig; retrieved 2026-08-22",Municipal pathways are not allocated to individual data centers.
2021-02-01,GRIC exchange,True,7.765764778530626,0.7275344272776139,34.5128022581241,27,MESA_OPEN_DATA_2026,"City of Mesa Water Resources (2026), dataset 5zhe-5nig; retrieved 2026-08-22",Municipal pathways are not allocated to individual data centers.
2021-02-01,Local reuse,True,0.0,0.7275344272776139,34.5128022581241,27,MESA_OPEN_DATA_2026,"City of Mesa Water Resources (2026), dataset 5zhe-5nig; retrieved 2026-08-22",Municipal pathways are not allocated to individual data centers.
2021-02-01,Percolation recharge,True,1.9487389552372472,0.7275344272776139,34.5128022581241,27,MESA_OPEN_DATA_2026,"City of Mesa Water Resources (2026), dataset 5zhe-5nig; retrieved 2026-08-22",Municipal pathways are not allocated to individual data centers.
2021-02-01,Salt River discharge,False,7.653993151470527,0.7275344272776139,34.5128022581241,27,MESA_OPEN_DATA_2026,"City of Mesa Water Resources (2026), dataset 5zhe-5nig; retrieved 2026-08-22",Municipal pathways are not allocated to individual data centers.
2021-03-01,91st Ave / Palo Verde,True,5.732804543789685,0.7682600111010814,34.72932529636647,30,MESA_OPEN_DATA_2026,"City of Mesa Water Resources (2026), dataset 5zhe-5nig; retrieved 2026-08-22",Municipal pathways are not allocated to individual data centers.
2021-03-01,Aquifer recharge,True,0.0,0.7682600111010814,34.72932529636647,30,MESA_OPEN_DATA_2026,"City of Mesa Water Resources (2026), dataset 5zhe-5nig; retrieved 2026-08-22",Municipal pathways are not allocated to individual data centers.
2021-03-01,Baseline sewer return,False,0.0339000007680676,0.7682600111010814,34.72932529636647,30,MESA_OPEN_DATA_2026,"City of Mesa Water Resources (2026), dataset 5zhe-5nig; retrieved 2026-08-22",Municipal pathways are not allocated to individual data centers.
2021-03-01,East Maricopa Floodway,False,0.8480121610189478,0.7682600111010814,34.72932529636647,30,MESA_OPEN_DATA_2026,"City of Mesa Water Resources (2026), dataset 5zhe-5nig; retrieved 2026-08-22",Municipal pathways are not allocated to individual data centers.
2021-03-01,GRIC exchange,True,9.218926399026437,0.7682600111010814,34.72932529636647,30,MESA_OPEN_DATA_2026,"City of Mesa Water Resources (2026), dataset 5zhe-5nig; retrieved 2026-08-22",Municipal pathways are not allocated to individual data centers.
2021-03-01,Local reuse,True,0.0,0.7682600111010814,34.72932529636647,30,MESA_OPEN_DATA_2026,"City of Mesa Water Resources (2026), dataset 5zhe-5nig; retrieved 2026-08-22",Municipal pathways are not allocated to individual data centers.
2021-03-01,Percolation recharge,True,0.2112719913875615,0.7682600111010814,34.72932529636647,30,MESA_OPEN_DATA_2026,"City of Mesa Water Resources (2026), dataset 5zhe-5nig; retrieved 2026-08-22",Municipal pathways are not allocated to individual data centers.
2021-03-01,Salt River discharge,False,6.3707889517774525,0.7682600111010814,34.72932529636647,30,MESA_OPEN_DATA_2026,"City of Mesa Water Resources (2026), dataset 5zhe-5nig; retrieved 2026-08-22",Municipal pathways are not allocated to individual data centers.
2021-04-01,91st Ave / Palo Verde,True,6.251461381143416,0.8400431598725231,33.002536397744265,29,MESA_OPEN_DATA_2026,"City of Mesa Water Resources (2026), dataset 5zhe-5nig; retrieved 2026-08-22",Municipal pathways are not allocated to individual data centers.
2021-04-01,Aquifer recharge,True,0.0,0.8400431598725231,33.002536397744265,29,MESA_OPEN_DATA_2026,"City of Mesa Water Resources (2026), dataset 5zhe-5nig; retrieved 2026-08-22",Municipal pathways are not allocated to individual data centers.
2021-04-01,Baseline sewer return,False,0.0055517242771821,0.8400431598725231,33.002536397744265,29,MESA_OPEN_DATA_2026,"City of Mesa Water Resources (2026), dataset 5zhe-5nig; retrieved 2026-08-22",Municipal pathways are not allocated to individual data centers.
2021-04-01,East Maricopa Floodway,False,0.4882551873066003,0.8400431598725231,33.002536397744265,29,MESA_OPEN_DATA_2026,"City of Mesa Water Resources (2026), dataset 5zhe-5nig; retrieved 2026-08-22",Municipal pathways are not allocated to individual data centers.
2021-04-01,GRIC exchange,True,8.810434877900363,0.8400431598725231,33.002536397744265,29,MESA_OPEN_DATA_2026,"City of Mesa Water Resources (2026), dataset 5zhe-5nig; retrieved 2026-08-22",Municipal pathways are not allocated to individual data centers.
2021-04-01,Local reuse,True,0.0,0.8400431598725231,33.002536397744265,29,MESA_OPEN_DATA_2026,"City of Mesa Water Resources (2026), dataset 5zhe-5nig; retrieved 2026-08-22",Municipal pathways are not allocated to individual data centers.
2021-04-01,Percolation recharge,True,0.0,0.8400431598725231,33.002536397744265,29,MESA_OPEN_DATA_2026,"City of Mesa Water Resources (2026), dataset 5zhe-5nig; retrieved 2026-08-22",Municipal pathways are not allocated to individual data centers.
2021-04-01,Salt River discharge,False,4.455655277523272,0.8400431598725231,33.002536397744265,29,MESA_OPEN_DATA_2026,"City of Mesa Water Resources (2026), dataset 5zhe-5nig; retrieved 2026-08-22",Municipal pathways are not allocated to individual data centers.
2021-05-01,91st Ave / Palo Verde,True,5.672297663730456,0.8885206045988785,31.486260758157925,30,MESA_OPEN_DATA_2026,"City of Mesa Water Resources (2026), dataset 5zhe-5nig; retrieved 2026-08-22",Municipal pathways are not allocated to individual data centers.
2021-05-01,Aquifer recharge,True,2.346159452199936,0.8885206045988785,31.486260758157925,30,MESA_OPEN_DATA_2026,"City of Mesa Water Resources (2026), dataset 5zhe-5nig; retrieved 2026-08-22",Municipal pathways are not allocated to individual data centers.
2021-05-01,Baseline sewer return,False,0.0042999999597668,0.8885206045988785,31.486260758157925,30,MESA_OPEN_DATA_2026,"City of Mesa Water Resources (2026), dataset 5zhe-5nig; retrieved 2026-08-22",Municipal pathways are not allocated to individual data centers.
2021-05-01,East Maricopa Floodway,False,0.0011750925534094,0.8885206045988785,31.486260758157925,30,MESA_OPEN_DATA_2026,"City of Mesa Water Resources (2026), dataset 5zhe-5nig; retrieved 2026-08-22",Municipal pathways are not allocated to individual data centers.
2021-05-01,GRIC exchange,True,8.614645673534314,0.8885206045988785,31.486260758157925,30,MESA_OPEN_DATA_2026,"City of Mesa Water Resources (2026), dataset 5zhe-5nig; retrieved 2026-08-22",Municipal pathways are not allocated to individual data centers.
2021-05-01,Local reuse,True,0.0,0.8885206045988785,31.486260758157925,30,MESA_OPEN_DATA_2026,"City of Mesa Water Resources (2026), dataset 5zhe-5nig; retrieved 2026-08-22",Municipal pathways are not allocated to individual data centers.
2021-05-01,Percolation recharge,True,0.0,0.8885206045988785,31.486260758157925,30,MESA_OPEN_DATA_2026,"City of Mesa Water Resources (2026), dataset 5zhe-5nig; retrieved 2026-08-22",Municipal pathways are not allocated to individual data centers.
2021-05-01,Salt River discharge,False,3.501912456165721,0.8885206045988785,31.486260758157925,30,MESA_OPEN_DATA_2026,"City of Mesa Water Resources (2026), dataset 5zhe-5nig; retrieved 2026-08-22",Municipal pathways are not allocated to individual data centers.
2021-06-01,91st Ave / Palo Verde,True,5.1014479008479245,0.9995867591767004,33.275409595291514,29,MESA_OPEN_DATA_2026,"City of Mesa Water Resources (2026), dataset 5zhe-5nig; retrieved 2026-08-22",Municipal pathways are not allocated to individual data centers.
2021-06-01,Aquifer recharge,True,7.8425912791266,0.9995867591767004,33.275409595291514,29,MESA_OPEN_DATA_2026,"City of Mesa Water Resources (2026), dataset 5zhe-5nig; retrieved 2026-08-22",Municipal pathways are not allocated to individual data centers.
2021-06-01,Baseline sewer return,False,0.0096551724548997,0.9995867591767004,33.275409595291514,29,MESA_OPEN_DATA_2026,"City of Mesa Water Resources (2026), dataset 5zhe-5nig; retrieved 2026-08-22",Municipal pathways are not allocated to individual data centers.
2021-06-01,East Maricopa Floodway,False,0.0,0.9995867591767004,33.275409595291514,29,MESA_OPEN_DATA_2026,"City of Mesa Water Resources (2026), dataset 5zhe-5nig; retrieved 2026-08-22",Municipal pathways are not allocated to individual data centers.
2021-06-01,GRIC exchange,True,8.610020193492012,0.9995867591767004,33.275409595291514,29,MESA_OPEN_DATA_2026,"City of Mesa Water Resources (2026), dataset 5zhe-5nig; retrieved 2026-08-22",Municipal pathways are not allocated to individual data centers.
2021-06-01,Local reuse,True,0.0,0.9995867591767004,33.275409595291514,29,MESA_OPEN_DATA_2026,"City of Mesa Water Resources (2026), dataset 5zhe-5nig; retrieved 2026-08-22",Municipal pathways are not allocated to individual data centers.
2021-06-01,Percolation recharge,True,1.5048348187486786,0.9995867591767004,33.275409595291514,29,MESA_OPEN_DATA_2026,"City of Mesa Water Resources (2026), dataset 5zhe-5nig; retrieved 2026-08-22",Municipal pathways are not allocated to individual data centers.
2021-06-01,Salt River discharge,False,0.0039644289255512,0.9995867591767004,33.275409595291514,29,MESA_OPEN_DATA_2026,"City of Mesa Water Resources (2026), dataset 5zhe-5nig; retrieved 2026-08-22",Municipal pathways are not allocated to individual data centers.
2021-07-01,91st Ave / Palo Verde,True,5.061744316917847,0.9888624205040972,37.6844739651042,30,MESA_OPEN_DATA_2026,"City of Mesa Water Resources (2026), dataset 5zhe-5nig; retrieved 2026-08-22",Municipal pathways are not allocated to individual data centers.
2021-07-01,Aquifer recharge,True,8.195649940106604,0.9888624205040972,37.6844739651042,30,MESA_OPEN_DATA_2026,"City of Mesa Water Resources (2026), dataset 5zhe-5nig; retrieved 2026-08-22",Municipal pathways are not allocated to individual data centers.
2021-07-01,Baseline sewer return,False,0.0002000000017384,0.9888624205040972,37.6844739651042,30,MESA_OPEN_DATA_2026,"City of Mesa Water Resources (2026), dataset 5zhe-5nig; retrieved 2026-08-22",Municipal pathways are not allocated to individual data centers.
2021-07-01,East Maricopa Floodway,False,0.0,0.9888624205040972,37.6844739651042,30,MESA_OPEN_DATA_2026,"City of Mesa Water Resources (2026), dataset 5zhe-5nig; retrieved 2026-08-22",Municipal pathways are not allocated to individual data centers.
2021-07-01,GRIC exchange,True,9.07659179738503,0.9888624205040972,37.6844739651042,30,MESA_OPEN_DATA_2026,"City of Mesa Water Resources (2026), dataset 5zhe-5nig; retrieved 2026-08-22",Municipal pathways are not allocated to individual data centers.
2021-07-01,Local reuse,True,0.0,0.9888624205040972,37.6844739651042,30,MESA_OPEN_DATA_2026,"City of Mesa Water Resources (2026), dataset 5zhe-5nig; retrieved 2026-08-22",Municipal pathways are not allocated to individual data centers.
2021-07-01,Percolation recharge,True,4.804832226380154,0.9888624205040972,37.6844739651042,30,MESA_OPEN_DATA_2026,"City of Mesa Water Resources (2026), dataset 5zhe-5nig; retrieved 2026-08-22",Municipal pathways are not allocated to individual data centers.
2021-07-01,Salt River discharge,False,0.421967050477138,0.9888624205040972,37.6844739651042,30,MESA_OPEN_DATA_2026,"City of Mesa Water Resources (2026), dataset 5zhe-5nig; retrieved 2026-08-22",Municipal pathways are not allocated to individual data centers.
2021-08-01,91st Ave / Palo Verde,True,4.04456682486089,0.9183259768614666,35.70387354278065,28,MESA_OPEN_DATA_2026,"City of Mesa Water Resources (2026), dataset 5zhe-5nig; retrieved 2026-08-22",Municipal pathways are not allocated to individual data centers.
2021-08-01,Aquifer recharge,True,8.355256274276682,0.9183259768614666,35.70387354278065,28,MESA_OPEN_DATA_2026,"City of Mesa Water Resources (2026), dataset 5zhe-5nig; retrieved 2026-08-22",Municipal pathways are not allocated to individual data centers.
2021-08-01,Baseline sewer return,False,0.0003928571407284,0.9183259768614666,35.70387354278065,28,MESA_OPEN_DATA_2026,"City of Mesa Water Resources (2026), dataset 5zhe-5nig; retrieved 2026-08-22",Municipal pathways are not allocated to individual data centers.
2021-08-01,East Maricopa Floodway,False,1.2629717252754349,0.9183259768614666,35.70387354278065,28,MESA_OPEN_DATA_2026,"City of Mesa Water Resources (2026), dataset 5zhe-5nig; retrieved 2026-08-22",Municipal pathways are not allocated to individual data centers.
2021-08-01,GRIC exchange,True,9.53823809139729,0.9183259768614666,35.70387354278065,28,MESA_OPEN_DATA_2026,"City of Mesa Water Resources (2026), dataset 5zhe-5nig; retrieved 2026-08-22",Municipal pathways are not allocated to individual data centers.
2021-08-01,Local reuse,True,0.0,0.9183259768614666,35.70387354278065,28,MESA_OPEN_DATA_2026,"City of Mesa Water Resources (2026), dataset 5zhe-5nig; retrieved 2026-08-22",Municipal pathways are not allocated to individual data centers.
2021-08-01,Percolation recharge,True,2.5305138234699527,0.9183259768614666,35.70387354278065,28,MESA_OPEN_DATA_2026,"City of Mesa Water Resources (2026), dataset 5zhe-5nig; retrieved 2026-08-22",Municipal pathways are not allocated to individual data centers.
2021-08-01,Salt River discharge,False,0.6198285713624561,0.9183259768614666,35.70387354278065,28,MESA_OPEN_DATA_2026,"City of Mesa Water Resources (2026), dataset 5zhe-5nig; retrieved 2026-08-22",Municipal pathways are not allocated to individual data centers.
2021-09-01,91st Ave / Palo Verde,True,3.836493421794516,0.9634555880831204,30.69041730403282,29,MESA_OPEN_DATA_2026,"City of Mesa Water Resources (2026), dataset 5zhe-5nig; retrieved 2026-08-22",Municipal pathways are not allocated to individual data centers.
2021-09-01,Aquifer recharge,True,9.045915062400116,0.9634555880831204,30.69041730403282,29,MESA_OPEN_DATA_2026,"City of Mesa Water Resources (2026), dataset 5zhe-5nig; retrieved 2026-08-22",Municipal pathways are not allocated to individual data centers.
2021-09-01,Baseline sewer return,False,0.0027586206279877,0.9634555880831204,30.69041730403282,29,MESA_OPEN_DATA_2026,"City of Mesa Water Resources (2026), dataset 5zhe-5nig; retrieved 2026-08-22",Municipal pathways are not allocated to individual data centers.
2021-09-01,East Maricopa Floodway,False,0.596750426682552,0.9634555880831204,30.69041730403282,29,MESA_OPEN_DATA_2026,"City of Mesa Water Resources (2026), dataset 5zhe-5nig; retrieved 2026-08-22",Municipal pathways are not allocated to individual data centers.
2021-09-01,GRIC exchange,True,8.58938810738506,0.9634555880831204,30.69041730403282,29,MESA_OPEN_DATA_2026,"City of Mesa Water Resources (2026), dataset 5zhe-5nig; retrieved 2026-08-22",Municipal pathways are not allocated to individual data centers.
2021-09-01,Local reuse,True,0.0,0.9634555880831204,30.69041730403282,29,MESA_OPEN_DATA_2026,"City of Mesa Water Resources (2026), dataset 5zhe-5nig; retrieved 2026-08-22",Municipal pathways are not allocated to individual data centers.
2021-09-01,Percolation recharge,True,0.3435287313214664,0.9634555880831204,30.69041730403282,29,MESA_OPEN_DATA_2026,"City of Mesa Water Resources (2026), dataset 5zhe-5nig; retrieved 2026-08-22",Municipal pathways are not allocated to individual data centers.
2021-09-01,Salt River discharge,False,0.0058456635495363,0.9634555880831204,30.69041730403282,29,MESA_OPEN_DATA_2026,"City of Mesa Water Resources (2026), dataset 5zhe-5nig; retrieved 2026-08-22",Municipal pathways are not allocated to individual data centers.
2021-10-01,91st Ave / Palo Verde,True,5.134328485887807,0.916776812388756,32.860981470321356,30,MESA_OPEN_DATA_2026,"City of Mesa Water Resources (2026), dataset 5zhe-5nig; retrieved 2026-08-22",Municipal pathways are not allocated to individual data centers.
2021-10-01,Aquifer recharge,True,5.936349693663117,0.916776812388756,32.860981470321356,30,MESA_OPEN_DATA_2026,"City of Mesa Water Resources (2026), dataset 5zhe-5nig; retrieved 2026-08-22",Municipal pathways are not allocated to individual data centers.
2021-10-01,Baseline sewer return,False,0.0010999999940395,0.916776812388756,32.860981470321356,30,MESA_OPEN_DATA_2026,"City of Mesa Water Resources (2026), dataset 5zhe-5nig; retrieved 2026-08-22",Municipal pathways are not allocated to individual data centers.
2021-10-01,East Maricopa Floodway,False,0.0,0.916776812388756,32.860981470321356,30,MESA_OPEN_DATA_2026,"City of Mesa Water Resources (2026), dataset 5zhe-5nig; retrieved 2026-08-22",Municipal pathways are not allocated to individual data centers.
2021-10-01,GRIC exchange,True,8.785961217360637,0.916776812388756,32.860981470321356,30,MESA_OPEN_DATA_2026,"City of Mesa Water Resources (2026), dataset 5zhe-5nig; retrieved 2026-08-22",Municipal pathways are not allocated to individual data centers.
2021-10-01,Local reuse,True,0.002304857806923,0.916776812388756,32.860981470321356,30,MESA_OPEN_DATA_2026,"City of Mesa Water Resources (2026), dataset 5zhe-5nig; retrieved 2026-08-22",Municipal pathways are not allocated to individual data centers.
2021-10-01,Percolation recharge,True,0.0,0.916776812388756,32.860981470321356,30,MESA_OPEN_DATA_2026,"City of Mesa Water Resources (2026), dataset 5zhe-5nig; retrieved 2026-08-22",Municipal pathways are not allocated to individual data centers.
2021-10-01,Salt River discharge,False,2.732280243833216,0.916776812388756,32.860981470321356,30,MESA_OPEN_DATA_2026,"City of Mesa Water Resources (2026), dataset 5zhe-5nig; retrieved 2026-08-22",Municipal pathways are not allocated to individual data centers.
2021-11-01,91st Ave / Palo Verde,True,5.427643037963041,0.9998677602907854,34.99431242139193,29,MESA_OPEN_DATA_2026,"City of Mesa Water Resources (2026), dataset 5zhe-5nig; retrieved 2026-08-22",Municipal pathways are not allocated to individual data centers.
2021-11-01,Aquifer recharge,True,7.921372257429978,0.9998677602907854,34.99431242139193,29,MESA_OPEN_DATA_2026,"City of Mesa Water Resources (2026), dataset 5zhe-5nig; retrieved 2026-08-22",Municipal pathways are not allocated to individual data centers.
2021-11-01,Baseline sewer return,False,0.0,0.9998677602907854,34.99431242139193,29,MESA_OPEN_DATA_2026,"City of Mesa Water Resources (2026), dataset 5zhe-5nig; retrieved 2026-08-22",Municipal pathways are not allocated to individual data centers.
2021-11-01,East Maricopa Floodway,False,0.0,0.9998677602907854,34.99431242139193,29,MESA_OPEN_DATA_2026,"City of Mesa Water Resources (2026), dataset 5zhe-5nig; retrieved 2026-08-22",Municipal pathways are not allocated to individual data centers.
2021-11-01,GRIC exchange,True,9.238842637134908,0.9998677602907854,34.99431242139193,29,MESA_OPEN_DATA_2026,"City of Mesa Water Resources (2026), dataset 5zhe-5nig; retrieved 2026-08-22",Municipal pathways are not allocated to individual data centers.
2021-11-01,Local reuse,True,0.0026594367809593,0.9998677602907854,34.99431242139193,29,MESA_OPEN_DATA_2026,"City of Mesa Water Resources (2026), dataset 5zhe-5nig; retrieved 2026-08-22",Municipal pathways are not allocated to individual data centers.
2021-11-01,Percolation recharge,True,1.5438617527827452,0.9998677602907854,34.99431242139193,29,MESA_OPEN_DATA_2026,"City of Mesa Water Resources (2026), dataset 5zhe-5nig; retrieved 2026-08-22",Municipal pathways are not allocated to individual data centers.
2021-11-01,Salt River discharge,False,0.0046472233742202,0.9998677602907854,34.99431242139193,29,MESA_OPEN_DATA_2026,"City of Mesa Water Resources (2026), dataset 5zhe-5nig; retrieved 2026-08-22",Municipal pathways are not allocated to individual data centers.
2021-12-01,91st Ave / Palo Verde,True,5.409859544079887,0.956562737347004,37.27336872238379,27,MESA_OPEN_DATA_2026,"City of Mesa Water Resources (2026), dataset 5zhe-5nig; retrieved 2026-08-22",Municipal pathways are not allocated to individual data centers.
2021-12-01,Aquifer recharge,True,7.861911340260212,0.956562737347004,37.27336872238379,27,MESA_OPEN_DATA_2026,"City of Mesa Water Resources (2026), dataset 5zhe-5nig; retrieved 2026-08-22",Municipal pathways are not allocated to individual data centers.
2021-12-01,Baseline sewer return,False,0.0802649396130577,0.956562737347004,37.27336872238379,27,MESA_OPEN_DATA_2026,"City of Mesa Water Resources (2026), dataset 5zhe-5nig; retrieved 2026-08-22",Municipal pathways are not allocated to individual data centers.
2021-12-01,East Maricopa Floodway,False,1.1439962829459351,0.956562737347004,37.27336872238379,27,MESA_OPEN_DATA_2026,"City of Mesa Water Resources (2026), dataset 5zhe-5nig; retrieved 2026-08-22",Municipal pathways are not allocated to individual data centers.
2021-12-01,GRIC exchange,True,8.818053425561235,0.956562737347004,37.27336872238379,27,MESA_OPEN_DATA_2026,"City of Mesa Water Resources (2026), dataset 5zhe-5nig; retrieved 2026-08-22",Municipal pathways are not allocated to individual data centers.
2021-12-01,Local reuse,True,0.0026594367809593,0.956562737347004,37.27336872238379,27,MESA_OPEN_DATA_2026,"City of Mesa Water Resources (2026), dataset 5zhe-5nig; retrieved 2026-08-22",Municipal pathways are not allocated to individual data centers.
2021-12-01,Percolation recharge,True,1.983564661835692,0.956562737347004,37.27336872238379,27,MESA_OPEN_DATA_2026,"City of Mesa Water Resources (2026), dataset 5zhe-5nig; retrieved 2026-08-22",Municipal pathways are not allocated to individual data centers.
2021-12-01,Salt River discharge,False,0.0093437202011067,0.956562737347004,37.27336872238379,27,MESA_OPEN_DATA_2026,"City of Mesa Water Resources (2026), dataset 5zhe-5nig; retrieved 2026-08-22",Municipal pathways are not allocated to individual data centers.
2022-01-01,91st Ave / Palo Verde,True,5.408938726733611,0.8154746295525309,40.56135273419035,28,MESA_OPEN_DATA_2026,"City of Mesa Water Resources (2026), dataset 5zhe-5nig; retrieved 2026-08-22",Municipal pathways are not allocated to individual data centers.
2022-01-01,Aquifer recharge,True,7.774019067486128,0.8154746295525309,40.56135273419035,28,MESA_OPEN_DATA_2026,"City of Mesa Water Resources (2026), dataset 5zhe-5nig; retrieved 2026-08-22",Municipal pathways are not allocated to individual data centers.
2022-01-01,Baseline sewer return,False,0.145840739050006,0.8154746295525309,40.56135273419035,28,MESA_OPEN_DATA_2026,"City of Mesa Water Resources (2026), dataset 5zhe-5nig; retrieved 2026-08-22",Municipal pathways are not allocated to individual data centers.
2022-01-01,East Maricopa Floodway,False,4.2347692555913605,0.8154746295525309,40.56135273419035,28,MESA_OPEN_DATA_2026,"City of Mesa Water Resources (2026), dataset 5zhe-5nig; retrieved 2026-08-22",Municipal pathways are not allocated to individual data centers.
2022-01-01,GRIC exchange,True,6.763461585989125,0.8154746295525309,40.56135273419035,28,MESA_OPEN_DATA_2026,"City of Mesa Water Resources (2026), dataset 5zhe-5nig; retrieved 2026-08-22",Municipal pathways are not allocated to individual data centers.
2022-01-01,Local reuse,True,0.0026594367809593,0.8154746295525309,40.56135273419035,28,MESA_OPEN_DATA_2026,"City of Mesa Water Resources (2026), dataset 5zhe-5nig; retrieved 2026-08-22",Municipal pathways are not allocated to individual data centers.
2022-01-01,Percolation recharge,True,1.1743961760567294,0.8154746295525309,40.56135273419035,28,MESA_OPEN_DATA_2026,"City of Mesa Water Resources (2026), dataset 5zhe-5nig; retrieved 2026-08-22",Municipal pathways are not allocated to individual data centers.
2022-01-01,Salt River discharge,False,0.004621037443853,0.8154746295525309,40.56135273419035,28,MESA_OPEN_DATA_2026,"City of Mesa Water Resources (2026), dataset 5zhe-5nig; retrieved 2026-08-22",Municipal pathways are not allocated to individual data centers.
2022-02-01,91st Ave / Palo Verde,True,5.546588832445639,0.9992477504031788,36.01338841655583,27,MESA_OPEN_DATA_2026,"City of Mesa Water Resources (2026), dataset 5zhe-5nig; retrieved 2026-08-22",Municipal pathways are not allocated to individual data centers.
2022-02-01,Aquifer recharge,True,7.816671758154292,0.9992477504031788,36.01338841655583,27,MESA_OPEN_DATA_2026,"City of Mesa Water Resources (2026), dataset 5zhe-5nig; retrieved 2026-08-22",Municipal pathways are not allocated to individual data centers.
2022-02-01,Baseline sewer return,False,0.0233735354261444,0.9992477504031788,36.01338841655583,27,MESA_OPEN_DATA_2026,"City of Mesa Water Resources (2026), dataset 5zhe-5nig; retrieved 2026-08-22",Municipal pathways are not allocated to individual data centers.
2022-02-01,East Maricopa Floodway,False,0.0,0.9992477504031788,36.01338841655583,27,MESA_OPEN_DATA_2026,"City of Mesa Water Resources (2026), dataset 5zhe-5nig; retrieved 2026-08-22",Municipal pathways are not allocated to individual data centers.
2022-02-01,GRIC exchange,True,11.155883135599062,0.9992477504031788,36.01338841655583,27,MESA_OPEN_DATA_2026,"City of Mesa Water Resources (2026), dataset 5zhe-5nig; retrieved 2026-08-22",Municipal pathways are not allocated to individual data centers.
2022-02-01,Local reuse,True,0.0026594367809593,0.9992477504031788,36.01338841655583,27,MESA_OPEN_DATA_2026,"City of Mesa Water Resources (2026), dataset 5zhe-5nig; retrieved 2026-08-22",Municipal pathways are not allocated to individual data centers.
2022-02-01,Percolation recharge,True,0.3707235060110995,0.9992477504031788,36.01338841655583,27,MESA_OPEN_DATA_2026,"City of Mesa Water Resources (2026), dataset 5zhe-5nig; retrieved 2026-08-22",Municipal pathways are not allocated to individual data centers.
2022-02-01,Salt River discharge,False,0.0043105472473536,0.9992477504031788,36.01338841655583,27,MESA_OPEN_DATA_2026,"City of Mesa Water Resources (2026), dataset 5zhe-5nig; retrieved 2026-08-22",Municipal pathways are not allocated to individual data centers.
2022-03-01,91st Ave / Palo Verde,True,5.475515074911511,0.9932854833681156,39.934990022932325,30,MESA_OPEN_DATA_2026,"City of Mesa Water Resources (2026), dataset 5zhe-5nig; retrieved 2026-08-22",Municipal pathways are not allocated to individual data centers.
2022-03-01,Aquifer recharge,True,7.529073360231188,0.9932854833681156,39.934990022932325,30,MESA_OPEN_DATA_2026,"City of Mesa Water Resources (2026), dataset 5zhe-5nig; retrieved 2026-08-22",Municipal pathways are not allocated to individual data centers.
2022-03-01,Baseline sewer return,False,0.0018333333233992,0.9932854833681156,39.934990022932325,30,MESA_OPEN_DATA_2026,"City of Mesa Water Resources (2026), dataset 5zhe-5nig; retrieved 2026-08-22",Municipal pathways are not allocated to individual data centers.
2022-03-01,East Maricopa Floodway,False,0.096421525152745,0.9932854833681156,39.934990022932325,30,MESA_OPEN_DATA_2026,"City of Mesa Water Resources (2026), dataset 5zhe-5nig; retrieved 2026-08-22",Municipal pathways are not allocated to individual data centers.
2022-03-01,GRIC exchange,True,11.552094426534364,0.9932854833681156,39.934990022932325,30,MESA_OPEN_DATA_2026,"City of Mesa Water Resources (2026), dataset 5zhe-5nig; retrieved 2026-08-22",Municipal pathways are not allocated to individual data centers.
2022-03-01,Local reuse,True,0.0026594367809593,0.9932854833681156,39.934990022932325,30,MESA_OPEN_DATA_2026,"City of Mesa Water Resources (2026), dataset 5zhe-5nig; retrieved 2026-08-22",Municipal pathways are not allocated to individual data centers.
2022-03-01,Percolation recharge,True,4.139061624060075,0.9932854833681156,39.934990022932325,30,MESA_OPEN_DATA_2026,"City of Mesa Water Resources (2026), dataset 5zhe-5nig; retrieved 2026-08-22",Municipal pathways are not allocated to individual data centers.
2022-03-01,Salt River discharge,False,0.0908795669623133,0.9932854833681156,39.934990022932325,30,MESA_OPEN_DATA_2026,"City of Mesa Water Resources (2026), dataset 5zhe-5nig; retrieved 2026-08-22",Municipal pathways are not allocated to individual data centers.
2022-04-01,91st Ave / Palo Verde,True,5.329096133798832,0.9239841052894008,37.29728290443692,29,MESA_OPEN_DATA_2026,"City of Mesa Water Resources (2026), dataset 5zhe-5nig; retrieved 2026-08-22",Municipal pathways are not allocated to individual data centers.
2022-04-01,Aquifer recharge,True,8.23996206090368,0.9239841052894008,37.29728290443692,29,MESA_OPEN_DATA_2026,"City of Mesa Water Resources (2026), dataset 5zhe-5nig; retrieved 2026-08-22",Municipal pathways are not allocated to individual data centers.
2022-04-01,Baseline sewer return,False,0.0,0.9239841052894008,37.29728290443692,29,MESA_OPEN_DATA_2026,"City of Mesa Water Resources (2026), dataset 5zhe-5nig; retrieved 2026-08-22",Municipal pathways are not allocated to individual data centers.
2022-04-01,East Maricopa Floodway,False,1.5438855454925149,0.9239841052894008,37.29728290443692,29,MESA_OPEN_DATA_2026,"City of Mesa Water Resources (2026), dataset 5zhe-5nig; retrieved 2026-08-22",Municipal pathways are not allocated to individual data centers.
2022-04-01,GRIC exchange,True,5.282782205079544,0.9239841052894008,37.29728290443692,29,MESA_OPEN_DATA_2026,"City of Mesa Water Resources (2026), dataset 5zhe-5nig; retrieved 2026-08-22",Municipal pathways are not allocated to individual data centers.
2022-04-01,Local reuse,True,0.0016999642402077,0.9239841052894008,37.29728290443692,29,MESA_OPEN_DATA_2026,"City of Mesa Water Resources (2026), dataset 5zhe-5nig; retrieved 2026-08-22",Municipal pathways are not allocated to individual data centers.
2022-04-01,Percolation recharge,True,4.692753929716189,0.9239841052894008,37.29728290443692,29,MESA_OPEN_DATA_2026,"City of Mesa Water Resources (2026), dataset 5zhe-5nig; retrieved 2026-08-22",Municipal pathways are not allocated to individual data centers.
2022-04-01,Salt River discharge,False,0.0050252521157681,0.9239841052894008,37.29728290443692,29,MESA_OPEN_DATA_2026,"City of Mesa Water Resources (2026), dataset 5zhe-5nig; retrieved 2026-08-22",Municipal pathways are not allocated to individual data centers.
2022-05-01,91st Ave / Palo Verde,True,5.157435032799361,0.9995922323873206,30.71397354376841,26,MESA_OPEN_DATA_2026,"City of Mesa Water Resources (2026), dataset 5zhe-5nig; retrieved 2026-08-22",Municipal pathways are not allocated to individual data centers.
2022-05-01,Aquifer recharge,True,7.905795013293242,0.9995922323873206,30.71397354376841,26,MESA_OPEN_DATA_2026,"City of Mesa Water Resources (2026), dataset 5zhe-5nig; retrieved 2026-08-22",Municipal pathways are not allocated to individual data centers.
2022-05-01,Baseline sewer return,False,0.0088846156230339,0.9995922323873206,30.71397354376841,26,MESA_OPEN_DATA_2026,"City of Mesa Water Resources (2026), dataset 5zhe-5nig; retrieved 2026-08-22",Municipal pathways are not allocated to individual data centers.
2022-05-01,East Maricopa Floodway,False,0.0,0.9995922323873206,30.71397354376841,26,MESA_OPEN_DATA_2026,"City of Mesa Water Resources (2026), dataset 5zhe-5nig; retrieved 2026-08-22",Municipal pathways are not allocated to individual data centers.
2022-05-01,GRIC exchange,True,5.4359864852467314,0.9995922323873206,30.71397354376841,26,MESA_OPEN_DATA_2026,"City of Mesa Water Resources (2026), dataset 5zhe-5nig; retrieved 2026-08-22",Municipal pathways are not allocated to individual data centers.
2022-05-01,Local reuse,True,0.0,0.9995922323873206,30.71397354376841,26,MESA_OPEN_DATA_2026,"City of Mesa Water Resources (2026), dataset 5zhe-5nig; retrieved 2026-08-22",Municipal pathways are not allocated to individual data centers.
2022-05-01,Percolation recharge,True,1.886684339474409,0.9995922323873206,30.71397354376841,26,MESA_OPEN_DATA_2026,"City of Mesa Water Resources (2026), dataset 5zhe-5nig; retrieved 2026-08-22",Municipal pathways are not allocated to individual data centers.
2022-05-01,Salt River discharge,False,0.0043179917329092,0.9995922323873206,30.71397354376841,26,MESA_OPEN_DATA_2026,"City of Mesa Water Resources (2026), dataset 5zhe-5nig; retrieved 2026-08-22",Municipal pathways are not allocated to individual data centers.
2022-06-01,91st Ave / Palo Verde,True,4.879256354775164,0.9943055926522044,32.79835285613871,29,MESA_OPEN_DATA_2026,"City of Mesa Water Resources (2026), dataset 5zhe-5nig; retrieved 2026-08-22",Municipal pathways are not allocated to individual data centers.
2022-06-01,Aquifer recharge,True,8.27049266675423,0.9943055926522044,32.79835285613871,29,MESA_OPEN_DATA_2026,"City of Mesa Water Resources (2026), dataset 5zhe-5nig; retrieved 2026-08-22",Municipal pathways are not allocated to individual data centers.
2022-06-01,Baseline sewer return,False,0.016793103053652,0.9943055926522044,32.79835285613871,29,MESA_OPEN_DATA_2026,"City of Mesa Water Resources (2026), dataset 5zhe-5nig; retrieved 2026-08-22",Municipal pathways are not allocated to individual data centers.
2022-06-01,East Maricopa Floodway,False,0.0,0.9943055926522044,32.79835285613871,29,MESA_OPEN_DATA_2026,"City of Mesa Water Resources (2026), dataset 5zhe-5nig; retrieved 2026-08-22",Municipal pathways are not allocated to individual data centers.
2022-06-01,GRIC exchange,True,9.673590178485876,0.9943055926522044,32.79835285613871,29,MESA_OPEN_DATA_2026,"City of Mesa Water Resources (2026), dataset 5zhe-5nig; retrieved 2026-08-22",Municipal pathways are not allocated to individual data centers.
2022-06-01,Local reuse,True,0.0,0.9943055926522044,32.79835285613871,29,MESA_OPEN_DATA_2026,"City of Mesa Water Resources (2026), dataset 5zhe-5nig; retrieved 2026-08-22",Municipal pathways are not allocated to individual data centers.
2022-06-01,Percolation recharge,True,0.0279501919873715,0.9943055926522044,32.79835285613871,29,MESA_OPEN_DATA_2026,"City of Mesa Water Resources (2026), dataset 5zhe-5nig; retrieved 2026-08-22",Municipal pathways are not allocated to individual data centers.
2022-06-01,Salt River discharge,False,0.1717576515320929,0.9943055926522044,32.79835285613871,29,MESA_OPEN_DATA_2026,"City of Mesa Water Resources (2026), dataset 5zhe-5nig; retrieved 2026-08-22",Municipal pathways are not allocated to individual data centers.
2022-07-01,91st Ave / Palo Verde,True,4.9197187025136575,0.9998506432334224,33.309600490651626,30,MESA_OPEN_DATA_2026,"City of Mesa Water Resources (2026), dataset 5zhe-5nig; retrieved 2026-08-22",Municipal pathways are not allocated to individual data centers.
2022-07-01,Aquifer recharge,True,8.287460665901502,0.9998506432334224,33.309600490651626,30,MESA_OPEN_DATA_2026,"City of Mesa Water Resources (2026), dataset 5zhe-5nig; retrieved 2026-08-22",Municipal pathways are not allocated to individual data centers.
2022-07-01,Baseline sewer return,False,0.0,0.9998506432334224,33.309600490651626,30,MESA_OPEN_DATA_2026,"City of Mesa Water Resources (2026), dataset 5zhe-5nig; retrieved 2026-08-22",Municipal pathways are not allocated to individual data centers.
2022-07-01,East Maricopa Floodway,False,0.0,0.9998506432334224,33.309600490651626,30,MESA_OPEN_DATA_2026,"City of Mesa Water Resources (2026), dataset 5zhe-5nig; retrieved 2026-08-22",Municipal pathways are not allocated to individual data centers.
2022-07-01,GRIC exchange,True,9.672348670201766,0.9998506432334224,33.309600490651626,30,MESA_OPEN_DATA_2026,"City of Mesa Water Resources (2026), dataset 5zhe-5nig; retrieved 2026-08-22",Municipal pathways are not allocated to individual data centers.
2022-07-01,Local reuse,True,0.0,0.9998506432334224,33.309600490651626,30,MESA_OPEN_DATA_2026,"City of Mesa Water Resources (2026), dataset 5zhe-5nig; retrieved 2026-08-22",Municipal pathways are not allocated to individual data centers.
2022-07-01,Percolation recharge,True,0.585671663041468,0.9998506432334224,33.309600490651626,30,MESA_OPEN_DATA_2026,"City of Mesa Water Resources (2026), dataset 5zhe-5nig; retrieved 2026-08-22",Municipal pathways are not allocated to individual data centers.
2022-07-01,Salt River discharge,False,0.0049633839659185,0.9998506432334224,33.309600490651626,30,MESA_OPEN_DATA_2026,"City of Mesa Water Resources (2026), dataset 5zhe-5nig; retrieved 2026-08-22",Municipal pathways are not allocated to individual data centers.
2022-08-01,91st Ave / Palo Verde,True,5.590472121660422,0.9831794127681356,34.78687654731889,29,MESA_OPEN_DATA_2026,"City of Mesa Water Resources (2026), dataset 5zhe-5nig; retrieved 2026-08-22",Municipal pathways are not allocated to individual data centers.
2022-08-01,Aquifer recharge,True,7.441427167804762,0.9831794127681356,34.78687654731889,29,MESA_OPEN_DATA_2026,"City of Mesa Water Resources (2026), dataset 5zhe-5nig; retrieved 2026-08-22",Municipal pathways are not allocated to individual data centers.
2022-08-01,Baseline sewer return,False,0.0049308816664174,0.9831794127681356,34.78687654731889,29,MESA_OPEN_DATA_2026,"City of Mesa Water Resources (2026), dataset 5zhe-5nig; retrieved 2026-08-22",Municipal pathways are not allocated to individual data centers.
2022-08-01,East Maricopa Floodway,False,0.3247865208435332,0.9831794127681356,34.78687654731889,29,MESA_OPEN_DATA_2026,"City of Mesa Water Resources (2026), dataset 5zhe-5nig; retrieved 2026-08-22",Municipal pathways are not allocated to individual data centers.
2022-08-01,GRIC exchange,True,9.907255943823063,0.9831794127681356,34.78687654731889,29,MESA_OPEN_DATA_2026,"City of Mesa Water Resources (2026), dataset 5zhe-5nig; retrieved 2026-08-22",Municipal pathways are not allocated to individual data centers.
2022-08-01,Local reuse,True,0.0,0.9831794127681356,34.78687654731889,29,MESA_OPEN_DATA_2026,"City of Mesa Water Resources (2026), dataset 5zhe-5nig; retrieved 2026-08-22",Municipal pathways are not allocated to individual data centers.
2022-08-01,Percolation recharge,True,0.0,0.9831794127681356,34.78687654731889,29,MESA_OPEN_DATA_2026,"City of Mesa Water Resources (2026), dataset 5zhe-5nig; retrieved 2026-08-22",Municipal pathways are not allocated to individual data centers.
2022-08-01,Salt River discharge,False,0.0122731473563163,0.9831794127681356,34.78687654731889,29,MESA_OPEN_DATA_2026,"City of Mesa Water Resources (2026), dataset 5zhe-5nig; retrieved 2026-08-22",Municipal pathways are not allocated to individual data centers.
2022-09-01,91st Ave / Palo Verde,True,5.15589927599292,0.9994808800203584,33.55884542869565,29,MESA_OPEN_DATA_2026,"City of Mesa Water Resources (2026), dataset 5zhe-5nig; retrieved 2026-08-22",Municipal pathways are not allocated to individual data centers.
2022-09-01,Aquifer recharge,True,8.80389598046226,0.9994808800203584,33.55884542869565,29,MESA_OPEN_DATA_2026,"City of Mesa Water Resources (2026), dataset 5zhe-5nig; retrieved 2026-08-22",Municipal pathways are not allocated to individual data centers.
2022-09-01,Baseline sewer return,False,0.000794061299028,0.9994808800203584,33.55884542869565,29,MESA_OPEN_DATA_2026,"City of Mesa Water Resources (2026), dataset 5zhe-5nig; retrieved 2026-08-22",Municipal pathways are not allocated to individual data centers.
2022-09-01,East Maricopa Floodway,False,0.0,0.9994808800203584,33.55884542869565,29,MESA_OPEN_DATA_2026,"City of Mesa Water Resources (2026), dataset 5zhe-5nig; retrieved 2026-08-22",Municipal pathways are not allocated to individual data centers.
2022-09-01,GRIC exchange,True,9.063918716150758,0.9994808800203584,33.55884542869565,29,MESA_OPEN_DATA_2026,"City of Mesa Water Resources (2026), dataset 5zhe-5nig; retrieved 2026-08-22",Municipal pathways are not allocated to individual data centers.
2022-09-01,Local reuse,True,0.0,0.9994808800203584,33.55884542869565,29,MESA_OPEN_DATA_2026,"City of Mesa Water Resources (2026), dataset 5zhe-5nig; retrieved 2026-08-22",Municipal pathways are not allocated to individual data centers.
2022-09-01,Percolation recharge,True,0.2058962186862682,0.9994808800203584,33.55884542869565,29,MESA_OPEN_DATA_2026,"City of Mesa Water Resources (2026), dataset 5zhe-5nig; retrieved 2026-08-22",Municipal pathways are not allocated to individual data centers.
2022-09-01,Salt River discharge,False,0.0166426241185767,0.9994808800203584,33.55884542869565,29,MESA_OPEN_DATA_2026,"City of Mesa Water Resources (2026), dataset 5zhe-5nig; retrieved 2026-08-22",Municipal pathways are not allocated to individual data centers.
2022-10-01,91st Ave / Palo Verde,True,5.105479936047776,0.9459115029584596,36.02468343505146,30,MESA_OPEN_DATA_2026,"City of Mesa Water Resources (2026), dataset 5zhe-5nig; retrieved 2026-08-22",Municipal pathways are not allocated to individual data centers.
2022-10-01,Aquifer recharge,True,6.609508191214668,0.9459115029584596,36.02468343505146,30,MESA_OPEN_DATA_2026,"City of Mesa Water Resources (2026), dataset 5zhe-5nig; retrieved 2026-08-22",Municipal pathways are not allocated to individual data centers.
2022-10-01,Baseline sewer return,False,0.0084337814130014,0.9459115029584596,36.02468343505146,30,MESA_OPEN_DATA_2026,"City of Mesa Water Resources (2026), dataset 5zhe-5nig; retrieved 2026-08-22",Municipal pathways are not allocated to individual data centers.
2022-10-01,East Maricopa Floodway,False,0.0,0.9459115029584596,36.02468343505146,30,MESA_OPEN_DATA_2026,"City of Mesa Water Resources (2026), dataset 5zhe-5nig; retrieved 2026-08-22",Municipal pathways are not allocated to individual data centers.
2022-10-01,GRIC exchange,True,8.901462726257984,0.9459115029584596,36.02468343505146,30,MESA_OPEN_DATA_2026,"City of Mesa Water Resources (2026), dataset 5zhe-5nig; retrieved 2026-08-22",Municipal pathways are not allocated to individual data centers.
2022-10-01,Local reuse,True,0.0,0.9459115029584596,36.02468343505146,30,MESA_OPEN_DATA_2026,"City of Mesa Water Resources (2026), dataset 5zhe-5nig; retrieved 2026-08-22",Municipal pathways are not allocated to individual data centers.
2022-10-01,Percolation recharge,True,3.1470037839589295,0.9459115029584596,36.02468343505146,30,MESA_OPEN_DATA_2026,"City of Mesa Water Resources (2026), dataset 5zhe-5nig; retrieved 2026-08-22",Municipal pathways are not allocated to individual data centers.
2022-10-01,Salt River discharge,False,2.0418351440635485,0.9459115029584596,36.02468343505146,30,MESA_OPEN_DATA_2026,"City of Mesa Water Resources (2026), dataset 5zhe-5nig; retrieved 2026-08-22",Municipal pathways are not allocated to individual data centers.
2022-11-01,91st Ave / Palo Verde,True,5.225777376971253,0.991553493743886,35.54202324515531,29,MESA_OPEN_DATA_2026,"City of Mesa Water Resources (2026), dataset 5zhe-5nig; retrieved 2026-08-22",Municipal pathways are not allocated to individual data centers.
2022-11-01,Aquifer recharge,True,8.166341731044783,0.991553493743886,35.54202324515531,29,MESA_OPEN_DATA_2026,"City of Mesa Water Resources (2026), dataset 5zhe-5nig; retrieved 2026-08-22",Municipal pathways are not allocated to individual data centers.
2022-11-01,Baseline sewer return,False,0.001189655142617,0.991553493743886,35.54202324515531,29,MESA_OPEN_DATA_2026,"City of Mesa Water Resources (2026), dataset 5zhe-5nig; retrieved 2026-08-22",Municipal pathways are not allocated to individual data centers.
2022-11-01,East Maricopa Floodway,False,0.0,0.991553493743886,35.54202324515531,29,MESA_OPEN_DATA_2026,"City of Mesa Water Resources (2026), dataset 5zhe-5nig; retrieved 2026-08-22",Municipal pathways are not allocated to individual data centers.
2022-11-01,GRIC exchange,True,9.5575682536132,0.991553493743886,35.54202324515531,29,MESA_OPEN_DATA_2026,"City of Mesa Water Resources (2026), dataset 5zhe-5nig; retrieved 2026-08-22",Municipal pathways are not allocated to individual data centers.
2022-11-01,Local reuse,True,0.0,0.991553493743886,35.54202324515531,29,MESA_OPEN_DATA_2026,"City of Mesa Water Resources (2026), dataset 5zhe-5nig; retrieved 2026-08-22",Municipal pathways are not allocated to individual data centers.
2022-11-01,Percolation recharge,True,1.8445355851659944,0.991553493743886,35.54202324515531,29,MESA_OPEN_DATA_2026,"City of Mesa Water Resources (2026), dataset 5zhe-5nig; retrieved 2026-08-22",Municipal pathways are not allocated to individual data centers.
2022-11-01,Salt River discharge,False,0.2950558892749608,0.991553493743886,35.54202324515531,29,MESA_OPEN_DATA_2026,"City of Mesa Water Resources (2026), dataset 5zhe-5nig; retrieved 2026-08-22",Municipal pathways are not allocated to individual data centers.
2022-12-01,91st Ave / Palo Verde,True,5.130468298887272,0.9590531991377044,36.46045045364964,28,MESA_OPEN_DATA_2026,"City of Mesa Water Resources (2026), dataset 5zhe-5nig; retrieved 2026-08-22",Municipal pathways are not allocated to individual data centers.
2022-12-01,Aquifer recharge,True,7.914359671019372,0.9590531991377044,36.46045045364964,28,MESA_OPEN_DATA_2026,"City of Mesa Water Resources (2026), dataset 5zhe-5nig; retrieved 2026-08-22",Municipal pathways are not allocated to individual data centers.
2022-12-01,Baseline sewer return,False,0.0037857142410107,0.9590531991377044,36.46045045364964,28,MESA_OPEN_DATA_2026,"City of Mesa Water Resources (2026), dataset 5zhe-5nig; retrieved 2026-08-22",Municipal pathways are not allocated to individual data centers.
2022-12-01,East Maricopa Floodway,False,0.7702792842236776,0.9590531991377044,36.46045045364964,28,MESA_OPEN_DATA_2026,"City of Mesa Water Resources (2026), dataset 5zhe-5nig; retrieved 2026-08-22",Municipal pathways are not allocated to individual data centers.
2022-12-01,GRIC exchange,True,8.742147288023396,0.9590531991377044,36.46045045364964,28,MESA_OPEN_DATA_2026,"City of Mesa Water Resources (2026), dataset 5zhe-5nig; retrieved 2026-08-22",Municipal pathways are not allocated to individual data centers.
2022-12-01,Local reuse,True,0.0,0.9590531991377044,36.46045045364964,28,MESA_OPEN_DATA_2026,"City of Mesa Water Resources (2026), dataset 5zhe-5nig; retrieved 2026-08-22",Municipal pathways are not allocated to individual data centers.
2022-12-01,Percolation recharge,True,2.425811486815413,0.9590531991377044,36.46045045364964,28,MESA_OPEN_DATA_2026,"City of Mesa Water Resources (2026), dataset 5zhe-5nig; retrieved 2026-08-22",Municipal pathways are not allocated to individual data centers.
2022-12-01,Salt River discharge,False,0.4423828284412766,0.9590531991377044,36.46045045364964,28,MESA_OPEN_DATA_2026,"City of Mesa Water Resources (2026), dataset 5zhe-5nig; retrieved 2026-08-22",Municipal pathways are not allocated to individual data centers.
2023-01-01,91st Ave / Palo Verde,True,5.437161984087497,0.9951502572742832,34.32584733024203,30,MESA_OPEN_DATA_2026,"City of Mesa Water Resources (2026), dataset 5zhe-5nig; retrieved 2026-08-22",Municipal pathways are not allocated to individual data centers.
2023-01-01,Aquifer recharge,True,7.864141802924703,0.9951502572742832,34.32584733024203,30,MESA_OPEN_DATA_2026,"City of Mesa Water Resources (2026), dataset 5zhe-5nig; retrieved 2026-08-22",Municipal pathways are not allocated to individual data centers.
2023-01-01,Baseline sewer return,False,0.1330661495015554,0.9951502572742832,34.32584733024203,30,MESA_OPEN_DATA_2026,"City of Mesa Water Resources (2026), dataset 5zhe-5nig; retrieved 2026-08-22",Municipal pathways are not allocated to individual data centers.
2023-01-01,East Maricopa Floodway,False,0.0,0.9951502572742832,34.32584733024203,30,MESA_OPEN_DATA_2026,"City of Mesa Water Resources (2026), dataset 5zhe-5nig; retrieved 2026-08-22",Municipal pathways are not allocated to individual data centers.
2023-01-01,GRIC exchange,True,9.487847412191066,0.9951502572742832,34.32584733024203,30,MESA_OPEN_DATA_2026,"City of Mesa Water Resources (2026), dataset 5zhe-5nig; retrieved 2026-08-22",Municipal pathways are not allocated to individual data centers.
2023-01-01,Local reuse,True,0.0,0.9951502572742832,34.32584733024203,30,MESA_OPEN_DATA_2026,"City of Mesa Water Resources (2026), dataset 5zhe-5nig; retrieved 2026-08-22",Municipal pathways are not allocated to individual data centers.
2023-01-01,Percolation recharge,True,0.4949972634587471,0.9951502572742832,34.32584733024203,30,MESA_OPEN_DATA_2026,"City of Mesa Water Resources (2026), dataset 5zhe-5nig; retrieved 2026-08-22",Municipal pathways are not allocated to individual data centers.
2023-01-01,Salt River discharge,False,0.0343087499034607,0.9951502572742832,34.32584733024203,30,MESA_OPEN_DATA_2026,"City of Mesa Water Resources (2026), dataset 5zhe-5nig; retrieved 2026-08-22",Municipal pathways are not allocated to individual data centers.
2023-02-01,91st Ave / Palo Verde,True,5.610954103142484,0.9990949976224084,33.75344788870523,27,MESA_OPEN_DATA_2026,"City of Mesa Water Resources (2026), dataset 5zhe-5nig; retrieved 2026-08-22",Municipal pathways are not allocated to individual data centers.
2023-02-01,Aquifer recharge,True,7.093118706235179,0.9990949976224084,33.75344788870523,27,MESA_OPEN_DATA_2026,"City of Mesa Water Resources (2026), dataset 5zhe-5nig; retrieved 2026-08-22",Municipal pathways are not allocated to individual data centers.
2023-02-01,Baseline sewer return,False,0.0028148147932909,0.9990949976224084,33.75344788870523,27,MESA_OPEN_DATA_2026,"City of Mesa Water Resources (2026), dataset 5zhe-5nig; retrieved 2026-08-22",Municipal pathways are not allocated to individual data centers.
2023-02-01,East Maricopa Floodway,False,0.0,0.9990949976224084,33.75344788870523,27,MESA_OPEN_DATA_2026,"City of Mesa Water Resources (2026), dataset 5zhe-5nig; retrieved 2026-08-22",Municipal pathways are not allocated to individual data centers.
2023-02-01,GRIC exchange,True,9.778877921717294,0.9990949976224084,33.75344788870523,27,MESA_OPEN_DATA_2026,"City of Mesa Water Resources (2026), dataset 5zhe-5nig; retrieved 2026-08-22",Municipal pathways are not allocated to individual data centers.
2023-02-01,Local reuse,True,0.0,0.9990949976224084,33.75344788870523,27,MESA_OPEN_DATA_2026,"City of Mesa Water Resources (2026), dataset 5zhe-5nig; retrieved 2026-08-22",Municipal pathways are not allocated to individual data centers.
2023-02-01,Percolation recharge,True,0.0179084355571142,0.9990949976224084,33.75344788870523,27,MESA_OPEN_DATA_2026,"City of Mesa Water Resources (2026), dataset 5zhe-5nig; retrieved 2026-08-22",Municipal pathways are not allocated to individual data centers.
2023-02-01,Salt River discharge,False,0.0278657009748936,0.9990949976224084,33.75344788870523,27,MESA_OPEN_DATA_2026,"City of Mesa Water Resources (2026), dataset 5zhe-5nig; retrieved 2026-08-22",Municipal pathways are not allocated to individual data centers.
2023-03-01,91st Ave / Palo Verde,True,5.822612254122885,0.8931094003658777,33.744622663043046,30,MESA_OPEN_DATA_2026,"City of Mesa Water Resources (2026), dataset 5zhe-5nig; retrieved 2026-08-22",Municipal pathways are not allocated to individual data centers.
2023-03-01,Aquifer recharge,True,2.9427047305636935,0.8931094003658777,33.744622663043046,30,MESA_OPEN_DATA_2026,"City of Mesa Water Resources (2026), dataset 5zhe-5nig; retrieved 2026-08-22",Municipal pathways are not allocated to individual data centers.
2023-03-01,Baseline sewer return,False,3.3330326783233334e-05,0.8931094003658777,33.744622663043046,30,MESA_OPEN_DATA_2026,"City of Mesa Water Resources (2026), dataset 5zhe-5nig; retrieved 2026-08-22",Municipal pathways are not allocated to individual data centers.
2023-03-01,East Maricopa Floodway,False,0.0,0.8931094003658777,33.744622663043046,30,MESA_OPEN_DATA_2026,"City of Mesa Water Resources (2026), dataset 5zhe-5nig; retrieved 2026-08-22",Municipal pathways are not allocated to individual data centers.
2023-03-01,GRIC exchange,True,9.657116602610262,0.8931094003658777,33.744622663043046,30,MESA_OPEN_DATA_2026,"City of Mesa Water Resources (2026), dataset 5zhe-5nig; retrieved 2026-08-22",Municipal pathways are not allocated to individual data centers.
2023-03-01,Local reuse,True,0.0,0.8931094003658777,33.744622663043046,30,MESA_OPEN_DATA_2026,"City of Mesa Water Resources (2026), dataset 5zhe-5nig; retrieved 2026-08-22",Municipal pathways are not allocated to individual data centers.
2023-03-01,Percolation recharge,True,0.0623437499999999,0.8931094003658777,33.744622663043046,30,MESA_OPEN_DATA_2026,"City of Mesa Water Resources (2026), dataset 5zhe-5nig; retrieved 2026-08-22",Municipal pathways are not allocated to individual data centers.
2023-03-01,Salt River discharge,False,3.614587487173655,0.8931094003658777,33.744622663043046,30,MESA_OPEN_DATA_2026,"City of Mesa Water Resources (2026), dataset 5zhe-5nig; retrieved 2026-08-22",Municipal pathways are not allocated to individual data centers.
2023-04-01,91st Ave / Palo Verde,True,5.669274299803836,0.7684848956542133,35.27563812538752,28,MESA_OPEN_DATA_2026,"City of Mesa Water Resources (2026), dataset 5zhe-5nig; retrieved 2026-08-22",Municipal pathways are not allocated to individual data centers.
2023-04-01,Aquifer recharge,True,0.0,0.7684848956542133,35.27563812538752,28,MESA_OPEN_DATA_2026,"City of Mesa Water Resources (2026), dataset 5zhe-5nig; retrieved 2026-08-22",Municipal pathways are not allocated to individual data centers.
2023-04-01,Baseline sewer return,False,0.0,0.7684848956542133,35.27563812538752,28,MESA_OPEN_DATA_2026,"City of Mesa Water Resources (2026), dataset 5zhe-5nig; retrieved 2026-08-22",Municipal pathways are not allocated to individual data centers.
2023-04-01,East Maricopa Floodway,False,0.5220684592227732,0.7684848956542133,35.27563812538752,28,MESA_OPEN_DATA_2026,"City of Mesa Water Resources (2026), dataset 5zhe-5nig; retrieved 2026-08-22",Municipal pathways are not allocated to individual data centers.
2023-04-01,GRIC exchange,True,8.839028646632405,0.7684848956542133,35.27563812538752,28,MESA_OPEN_DATA_2026,"City of Mesa Water Resources (2026), dataset 5zhe-5nig; retrieved 2026-08-22",Municipal pathways are not allocated to individual data centers.
2023-04-01,Local reuse,True,0.0,0.7684848956542133,35.27563812538752,28,MESA_OPEN_DATA_2026,"City of Mesa Water Resources (2026), dataset 5zhe-5nig; retrieved 2026-08-22",Municipal pathways are not allocated to individual data centers.
2023-04-01,Percolation recharge,True,1.171450754503409,0.7684848956542133,35.27563812538752,28,MESA_OPEN_DATA_2026,"City of Mesa Water Resources (2026), dataset 5zhe-5nig; retrieved 2026-08-22",Municipal pathways are not allocated to individual data centers.
2023-04-01,Salt River discharge,False,7.213198906394659,0.7684848956542133,35.27563812538752,28,MESA_OPEN_DATA_2026,"City of Mesa Water Resources (2026), dataset 5zhe-5nig; retrieved 2026-08-22",Municipal pathways are not allocated to individual data centers.
2023-05-01,91st Ave / Palo Verde,True,5.22155179769799,0.7597497351210311,33.0888191555283,30,MESA_OPEN_DATA_2026,"City of Mesa Water Resources (2026), dataset 5zhe-5nig; retrieved 2026-08-22",Municipal pathways are not allocated to individual data centers.
2023-05-01,Aquifer recharge,True,0.0,0.7597497351210311,33.0888191555283,30,MESA_OPEN_DATA_2026,"City of Mesa Water Resources (2026), dataset 5zhe-5nig; retrieved 2026-08-22",Municipal pathways are not allocated to individual data centers.
2023-05-01,Baseline sewer return,False,0.1069999992847442,0.7597497351210311,33.0888191555283,30,MESA_OPEN_DATA_2026,"City of Mesa Water Resources (2026), dataset 5zhe-5nig; retrieved 2026-08-22",Municipal pathways are not allocated to individual data centers.
2023-05-01,East Maricopa Floodway,False,0.0,0.7597497351210311,33.0888191555283,30,MESA_OPEN_DATA_2026,"City of Mesa Water Resources (2026), dataset 5zhe-5nig; retrieved 2026-08-22",Municipal pathways are not allocated to individual data centers.
2023-05-01,GRIC exchange,True,9.475147837424652,0.7597497351210311,33.0888191555283,30,MESA_OPEN_DATA_2026,"City of Mesa Water Resources (2026), dataset 5zhe-5nig; retrieved 2026-08-22",Municipal pathways are not allocated to individual data centers.
2023-05-01,Local reuse,True,0.0,0.7597497351210311,33.0888191555283,30,MESA_OPEN_DATA_2026,"City of Mesa Water Resources (2026), dataset 5zhe-5nig; retrieved 2026-08-22",Municipal pathways are not allocated to individual data centers.
2023-05-01,Percolation recharge,True,0.0,0.7597497351210311,33.0888191555283,30,MESA_OPEN_DATA_2026,"City of Mesa Water Resources (2026), dataset 5zhe-5nig; retrieved 2026-08-22",Municipal pathways are not allocated to individual data centers.
2023-05-01,Salt River discharge,False,7.842015925724933,0.7597497351210311,33.0888191555283,30,MESA_OPEN_DATA_2026,"City of Mesa Water Resources (2026), dataset 5zhe-5nig; retrieved 2026-08-22",Municipal pathways are not allocated to individual data centers.
2023-06-01,91st Ave / Palo Verde,True,4.984670715626757,0.7478235565087666,32.15480760112071,29,MESA_OPEN_DATA_2026,"City of Mesa Water Resources (2026), dataset 5zhe-5nig; retrieved 2026-08-22",Municipal pathways are not allocated to individual data centers.
2023-06-01,Aquifer recharge,True,0.0,0.7478235565087666,32.15480760112071,29,MESA_OPEN_DATA_2026,"City of Mesa Water Resources (2026), dataset 5zhe-5nig; retrieved 2026-08-22",Municipal pathways are not allocated to individual data centers.
2023-06-01,Baseline sewer return,False,0.0504457396948201,0.7478235565087666,32.15480760112071,29,MESA_OPEN_DATA_2026,"City of Mesa Water Resources (2026), dataset 5zhe-5nig; retrieved 2026-08-22",Municipal pathways are not allocated to individual data centers.
2023-06-01,East Maricopa Floodway,False,0.0,0.7478235565087666,32.15480760112071,29,MESA_OPEN_DATA_2026,"City of Mesa Water Resources (2026), dataset 5zhe-5nig; retrieved 2026-08-22",Municipal pathways are not allocated to individual data centers.
2023-06-01,GRIC exchange,True,9.091447629035978,0.7478235565087666,32.15480760112071,29,MESA_OPEN_DATA_2026,"City of Mesa Water Resources (2026), dataset 5zhe-5nig; retrieved 2026-08-22",Municipal pathways are not allocated to individual data centers.
2023-06-01,Local reuse,True,0.0,0.7478235565087666,32.15480760112071,29,MESA_OPEN_DATA_2026,"City of Mesa Water Resources (2026), dataset 5zhe-5nig; retrieved 2026-08-22",Municipal pathways are not allocated to individual data centers.
2023-06-01,Percolation recharge,True,0.0,0.7478235565087666,32.15480760112071,29,MESA_OPEN_DATA_2026,"City of Mesa Water Resources (2026), dataset 5zhe-5nig; retrieved 2026-08-22",Municipal pathways are not allocated to individual data centers.
2023-06-01,Salt River discharge,False,8.058902085509638,0.7478235565087666,32.15480760112071,29,MESA_OPEN_DATA_2026,"City of Mesa Water Resources (2026), dataset 5zhe-5nig; retrieved 2026-08-22",Municipal pathways are not allocated to individual data centers.
2023-07-01,91st Ave / Palo Verde,True,5.915740786341151,0.8426463084235518,32.10443443031226,30,MESA_OPEN_DATA_2026,"City of Mesa Water Resources (2026), dataset 5zhe-5nig; retrieved 2026-08-22",Municipal pathways are not allocated to individual data centers.
2023-07-01,Aquifer recharge,True,0.0,0.8426463084235518,32.10443443031226,30,MESA_OPEN_DATA_2026,"City of Mesa Water Resources (2026), dataset 5zhe-5nig; retrieved 2026-08-22",Municipal pathways are not allocated to individual data centers.
2023-07-01,Baseline sewer return,False,0.0056851736196161,0.8426463084235518,32.10443443031226,30,MESA_OPEN_DATA_2026,"City of Mesa Water Resources (2026), dataset 5zhe-5nig; retrieved 2026-08-22",Municipal pathways are not allocated to individual data centers.
2023-07-01,East Maricopa Floodway,False,0.0,0.8426463084235518,32.10443443031226,30,MESA_OPEN_DATA_2026,"City of Mesa Water Resources (2026), dataset 5zhe-5nig; retrieved 2026-08-22",Municipal pathways are not allocated to individual data centers.
2023-07-01,GRIC exchange,True,9.285014035098532,0.8426463084235518,32.10443443031226,30,MESA_OPEN_DATA_2026,"City of Mesa Water Resources (2026), dataset 5zhe-5nig; retrieved 2026-08-22",Municipal pathways are not allocated to individual data centers.
2023-07-01,Local reuse,True,0.0,0.8426463084235518,32.10443443031226,30,MESA_OPEN_DATA_2026,"City of Mesa Water Resources (2026), dataset 5zhe-5nig; retrieved 2026-08-22",Municipal pathways are not allocated to individual data centers.
2023-07-01,Percolation recharge,True,0.0,0.8426463084235518,32.10443443031226,30,MESA_OPEN_DATA_2026,"City of Mesa Water Resources (2026), dataset 5zhe-5nig; retrieved 2026-08-22",Municipal pathways are not allocated to individual data centers.
2023-07-01,Salt River discharge,False,5.066512862570657,0.8426463084235518,32.10443443031226,30,MESA_OPEN_DATA_2026,"City of Mesa Water Resources (2026), dataset 5zhe-5nig; retrieved 2026-08-22",Municipal pathways are not allocated to individual data centers.
2023-08-01,91st Ave / Palo Verde,True,6.035404167580153,0.8355941286607387,34.23207003058435,30,MESA_OPEN_DATA_2026,"City of Mesa Water Resources (2026), dataset 5zhe-5nig; retrieved 2026-08-22",Municipal pathways are not allocated to individual data centers.
2023-08-01,Aquifer recharge,True,0.0,0.8355941286607387,34.23207003058435,30,MESA_OPEN_DATA_2026,"City of Mesa Water Resources (2026), dataset 5zhe-5nig; retrieved 2026-08-22",Municipal pathways are not allocated to individual data centers.
2023-08-01,Baseline sewer return,False,6.689815178373334e-06,0.8355941286607387,34.23207003058435,30,MESA_OPEN_DATA_2026,"City of Mesa Water Resources (2026), dataset 5zhe-5nig; retrieved 2026-08-22",Municipal pathways are not allocated to individual data centers.
2023-08-01,East Maricopa Floodway,False,0.0,0.8355941286607387,34.23207003058435,30,MESA_OPEN_DATA_2026,"City of Mesa Water Resources (2026), dataset 5zhe-5nig; retrieved 2026-08-22",Municipal pathways are not allocated to individual data centers.
2023-08-01,GRIC exchange,True,9.843635423376227,0.8355941286607387,34.23207003058435,30,MESA_OPEN_DATA_2026,"City of Mesa Water Resources (2026), dataset 5zhe-5nig; retrieved 2026-08-22",Municipal pathways are not allocated to individual data centers.
2023-08-01,Local reuse,True,0.0,0.8355941286607387,34.23207003058435,30,MESA_OPEN_DATA_2026,"City of Mesa Water Resources (2026), dataset 5zhe-5nig; retrieved 2026-08-22",Municipal pathways are not allocated to individual data centers.
2023-08-01,Percolation recharge,True,0.6794574037083873,0.8355941286607387,34.23207003058435,30,MESA_OPEN_DATA_2026,"City of Mesa Water Resources (2026), dataset 5zhe-5nig; retrieved 2026-08-22",Municipal pathways are not allocated to individual data centers.
2023-08-01,Salt River discharge,False,5.602758010944099,0.8355941286607387,34.23207003058435,30,MESA_OPEN_DATA_2026,"City of Mesa Water Resources (2026), dataset 5zhe-5nig; retrieved 2026-08-22",Municipal pathways are not allocated to individual data centers.
2023-09-01,91st Ave / Palo Verde,True,6.109437582323264,0.8333739795927851,32.52655965846758,29,MESA_OPEN_DATA_2026,"City of Mesa Water Resources (2026), dataset 5zhe-5nig; retrieved 2026-08-22",Municipal pathways are not allocated to individual data centers.
2023-09-01,Aquifer recharge,True,0.0,0.8333739795927851,32.52655965846758,29,MESA_OPEN_DATA_2026,"City of Mesa Water Resources (2026), dataset 5zhe-5nig; retrieved 2026-08-22",Municipal pathways are not allocated to individual data centers.
2023-09-01,Baseline sewer return,False,0.001551724199591,0.8333739795927851,32.52655965846758,29,MESA_OPEN_DATA_2026,"City of Mesa Water Resources (2026), dataset 5zhe-5nig; retrieved 2026-08-22",Municipal pathways are not allocated to individual data centers.
2023-09-01,East Maricopa Floodway,False,0.0,0.8333739795927851,32.52655965846758,29,MESA_OPEN_DATA_2026,"City of Mesa Water Resources (2026), dataset 5zhe-5nig; retrieved 2026-08-22",Municipal pathways are not allocated to individual data centers.
2023-09-01,GRIC exchange,True,8.778111135075147,0.8333739795927851,32.52655965846758,29,MESA_OPEN_DATA_2026,"City of Mesa Water Resources (2026), dataset 5zhe-5nig; retrieved 2026-08-22",Municipal pathways are not allocated to individual data centers.
2023-09-01,Local reuse,True,0.0,0.8333739795927851,32.52655965846758,29,MESA_OPEN_DATA_2026,"City of Mesa Water Resources (2026), dataset 5zhe-5nig; retrieved 2026-08-22",Municipal pathways are not allocated to individual data centers.
2023-09-01,Percolation recharge,True,0.0,0.8333739795927851,32.52655965846758,29,MESA_OPEN_DATA_2026,"City of Mesa Water Resources (2026), dataset 5zhe-5nig; retrieved 2026-08-22",Municipal pathways are not allocated to individual data centers.
2023-09-01,Salt River discharge,False,5.418584052223051,0.8333739795927851,32.52655965846758,29,MESA_OPEN_DATA_2026,"City of Mesa Water Resources (2026), dataset 5zhe-5nig; retrieved 2026-08-22",Municipal pathways are not allocated to individual data centers.
2023-10-01,91st Ave / Palo Verde,True,6.253206082310146,0.8574425772680515,34.53357749859969,30,MESA_OPEN_DATA_2026,"City of Mesa Water Resources (2026), dataset 5zhe-5nig; retrieved 2026-08-22",Municipal pathways are not allocated to individual data centers.
2023-10-01,Aquifer recharge,True,0.0,0.8574425772680515,34.53357749859969,30,MESA_OPEN_DATA_2026,"City of Mesa Water Resources (2026), dataset 5zhe-5nig; retrieved 2026-08-22",Municipal pathways are not allocated to individual data centers.
2023-10-01,Baseline sewer return,False,0.0,0.8574425772680515,34.53357749859969,30,MESA_OPEN_DATA_2026,"City of Mesa Water Resources (2026), dataset 5zhe-5nig; retrieved 2026-08-22",Municipal pathways are not allocated to individual data centers.
2023-10-01,East Maricopa Floodway,False,0.0,0.8574425772680515,34.53357749859969,30,MESA_OPEN_DATA_2026,"City of Mesa Water Resources (2026), dataset 5zhe-5nig; retrieved 2026-08-22",Municipal pathways are not allocated to individual data centers.
2023-10-01,GRIC exchange,True,8.76808384468576,0.8574425772680515,34.53357749859969,30,MESA_OPEN_DATA_2026,"City of Mesa Water Resources (2026), dataset 5zhe-5nig; retrieved 2026-08-22",Municipal pathways are not allocated to individual data centers.
2023-10-01,Local reuse,True,0.0,0.8574425772680515,34.53357749859969,30,MESA_OPEN_DATA_2026,"City of Mesa Water Resources (2026), dataset 5zhe-5nig; retrieved 2026-08-22",Municipal pathways are not allocated to individual data centers.
2023-10-01,Percolation recharge,True,2.1028108257827935,0.8574425772680515,34.53357749859969,30,MESA_OPEN_DATA_2026,"City of Mesa Water Resources (2026), dataset 5zhe-5nig; retrieved 2026-08-22",Municipal pathways are not allocated to individual data centers.
2023-10-01,Salt River discharge,False,4.903064581200701,0.8574425772680515,34.53357749859969,30,MESA_OPEN_DATA_2026,"City of Mesa Water Resources (2026), dataset 5zhe-5nig; retrieved 2026-08-22",Municipal pathways are not allocated to individual data centers.
2023-11-01,91st Ave / Palo Verde,True,9.22304580301091,0.8869646829673814,41.772104132882035,29,MESA_OPEN_DATA_2026,"City of Mesa Water Resources (2026), dataset 5zhe-5nig; retrieved 2026-08-22",Municipal pathways are not allocated to individual data centers.
2023-11-01,Aquifer recharge,True,0.0,0.8869646829673814,41.772104132882035,29,MESA_OPEN_DATA_2026,"City of Mesa Water Resources (2026), dataset 5zhe-5nig; retrieved 2026-08-22",Municipal pathways are not allocated to individual data centers.
2023-11-01,Baseline sewer return,False,0.0795543824675781,0.8869646829673814,41.772104132882035,29,MESA_OPEN_DATA_2026,"City of Mesa Water Resources (2026), dataset 5zhe-5nig; retrieved 2026-08-22",Municipal pathways are not allocated to individual data centers.
2023-11-01,East Maricopa Floodway,False,0.0,0.8869646829673814,41.772104132882035,29,MESA_OPEN_DATA_2026,"City of Mesa Water Resources (2026), dataset 5zhe-5nig; retrieved 2026-08-22",Municipal pathways are not allocated to individual data centers.
2023-11-01,GRIC exchange,True,9.625682407176402,0.8869646829673814,41.772104132882035,29,MESA_OPEN_DATA_2026,"City of Mesa Water Resources (2026), dataset 5zhe-5nig; retrieved 2026-08-22",Municipal pathways are not allocated to individual data centers.
2023-11-01,Local reuse,True,0.0047267732563717,0.8869646829673814,41.772104132882035,29,MESA_OPEN_DATA_2026,"City of Mesa Water Resources (2026), dataset 5zhe-5nig; retrieved 2026-08-22",Municipal pathways are not allocated to individual data centers.
2023-11-01,Percolation recharge,True,0.0,0.8869646829673814,41.772104132882035,29,MESA_OPEN_DATA_2026,"City of Mesa Water Resources (2026), dataset 5zhe-5nig; retrieved 2026-08-22",Municipal pathways are not allocated to individual data centers.
2023-11-01,Salt River discharge,False,4.393003160948954,0.8869646829673814,41.772104132882035,29,MESA_OPEN_DATA_2026,"City of Mesa Water Resources (2026), dataset 5zhe-5nig; retrieved 2026-08-22",Municipal pathways are not allocated to individual data centers.
2023-12-01,91st Ave / Palo Verde,True,9.319995068499322,0.8547743423749784,41.91173730735078,30,MESA_OPEN_DATA_2026,"City of Mesa Water Resources (2026), dataset 5zhe-5nig; retrieved 2026-08-22",Municipal pathways are not allocated to individual data centers.
2023-12-01,Aquifer recharge,True,0.0,0.8547743423749784,41.91173730735078,30,MESA_OPEN_DATA_2026,"City of Mesa Water Resources (2026), dataset 5zhe-5nig; retrieved 2026-08-22",Municipal pathways are not allocated to individual data centers.
2023-12-01,Baseline sewer return,False,0.0379411820746641,0.8547743423749784,41.91173730735078,30,MESA_OPEN_DATA_2026,"City of Mesa Water Resources (2026), dataset 5zhe-5nig; retrieved 2026-08-22",Municipal pathways are not allocated to individual data centers.
2023-12-01,East Maricopa Floodway,False,0.0,0.8547743423749784,41.91173730735078,30,MESA_OPEN_DATA_2026,"City of Mesa Water Resources (2026), dataset 5zhe-5nig; retrieved 2026-08-22",Municipal pathways are not allocated to individual data centers.
2023-12-01,GRIC exchange,True,8.315626728622883,0.8547743423749784,41.91173730735078,30,MESA_OPEN_DATA_2026,"City of Mesa Water Resources (2026), dataset 5zhe-5nig; retrieved 2026-08-22",Municipal pathways are not allocated to individual data centers.
2023-12-01,Local reuse,True,0.0,0.8547743423749784,41.91173730735078,30,MESA_OPEN_DATA_2026,"City of Mesa Water Resources (2026), dataset 5zhe-5nig; retrieved 2026-08-22",Municipal pathways are not allocated to individual data centers.
2023-12-01,Percolation recharge,True,0.0,0.8547743423749784,41.91173730735078,30,MESA_OPEN_DATA_2026,"City of Mesa Water Resources (2026), dataset 5zhe-5nig; retrieved 2026-08-22",Municipal pathways are not allocated to individual data centers.
2023-12-01,Salt River discharge,False,5.598184191155268,0.8547743423749784,41.91173730735078,30,MESA_OPEN_DATA_2026,"City of Mesa Water Resources (2026), dataset 5zhe-5nig; retrieved 2026-08-22",Municipal pathways are not allocated to individual data centers.
2024-01-01,91st Ave / Palo Verde,True,6.337563496911794,0.7827961557414614,38.79594995628433,23,MESA_OPEN_DATA_2026,"City of Mesa Water Resources (2026), dataset 5zhe-5nig; retrieved 2026-08-22",Municipal pathways are not allocated to individual data centers.
2024-01-01,Aquifer recharge,True,0.0,0.7827961557414614,38.79594995628433,23,MESA_OPEN_DATA_2026,"City of Mesa Water Resources (2026), dataset 5zhe-5nig; retrieved 2026-08-22",Municipal pathways are not allocated to individual data centers.
2024-01-01,Baseline sewer return,False,0.0174347827939883,0.7827961557414614,38.79594995628433,23,MESA_OPEN_DATA_2026,"City of Mesa Water Resources (2026), dataset 5zhe-5nig; retrieved 2026-08-22",Municipal pathways are not allocated to individual data centers.
2024-01-01,East Maricopa Floodway,False,2.0246505762085967,0.7827961557414614,38.79594995628433,23,MESA_OPEN_DATA_2026,"City of Mesa Water Resources (2026), dataset 5zhe-5nig; retrieved 2026-08-22",Municipal pathways are not allocated to individual data centers.
2024-01-01,GRIC exchange,True,9.77733071699804,0.7827961557414614,38.79594995628433,23,MESA_OPEN_DATA_2026,"City of Mesa Water Resources (2026), dataset 5zhe-5nig; retrieved 2026-08-22",Municipal pathways are not allocated to individual data centers.
2024-01-01,Local reuse,True,0.0,0.7827961557414614,38.79594995628433,23,MESA_OPEN_DATA_2026,"City of Mesa Water Resources (2026), dataset 5zhe-5nig; retrieved 2026-08-22",Municipal pathways are not allocated to individual data centers.
2024-01-01,Percolation recharge,True,0.914791969249502,0.7827961557414614,38.79594995628433,23,MESA_OPEN_DATA_2026,"City of Mesa Water Resources (2026), dataset 5zhe-5nig; retrieved 2026-08-22",Municipal pathways are not allocated to individual data centers.
2024-01-01,Salt River discharge,False,5.024400844090226,0.7827961557414614,38.79594995628433,23,MESA_OPEN_DATA_2026,"City of Mesa Water Resources (2026), dataset 5zhe-5nig; retrieved 2026-08-22",Municipal pathways are not allocated to individual data centers.
2024-02-01,91st Ave / Palo Verde,True,6.50116584783195,0.8468931858245305,34.834055432092256,28,MESA_OPEN_DATA_2026,"City of Mesa Water Resources (2026), dataset 5zhe-5nig; retrieved 2026-08-22",Municipal pathways are not allocated to individual data centers.
2024-02-01,Aquifer recharge,True,0.0,0.8468931858245305,34.834055432092256,28,MESA_OPEN_DATA_2026,"City of Mesa Water Resources (2026), dataset 5zhe-5nig; retrieved 2026-08-22",Municipal pathways are not allocated to individual data centers.
2024-02-01,Baseline sewer return,False,0.0005000000154333,0.8468931858245305,34.834055432092256,28,MESA_OPEN_DATA_2026,"City of Mesa Water Resources (2026), dataset 5zhe-5nig; retrieved 2026-08-22",Municipal pathways are not allocated to individual data centers.
2024-02-01,East Maricopa Floodway,False,0.1370892838707992,0.8468931858245305,34.834055432092256,28,MESA_OPEN_DATA_2026,"City of Mesa Water Resources (2026), dataset 5zhe-5nig; retrieved 2026-08-22",Municipal pathways are not allocated to individual data centers.
2024-02-01,GRIC exchange,True,9.99581354508447,0.8468931858245305,34.834055432092256,28,MESA_OPEN_DATA_2026,"City of Mesa Water Resources (2026), dataset 5zhe-5nig; retrieved 2026-08-22",Municipal pathways are not allocated to individual data centers.
2024-02-01,Local reuse,True,0.0,0.8468931858245305,34.834055432092256,28,MESA_OPEN_DATA_2026,"City of Mesa Water Resources (2026), dataset 5zhe-5nig; retrieved 2026-08-22",Municipal pathways are not allocated to individual data centers.
2024-02-01,Percolation recharge,True,0.0,0.8468931858245305,34.834055432092256,28,MESA_OPEN_DATA_2026,"City of Mesa Water Resources (2026), dataset 5zhe-5nig; retrieved 2026-08-22",Municipal pathways are not allocated to individual data centers.
2024-02-01,Salt River discharge,False,5.060065775754906,0.8468931858245305,34.834055432092256,28,MESA_OPEN_DATA_2026,"City of Mesa Water Resources (2026), dataset 5zhe-5nig; retrieved 2026-08-22",Municipal pathways are not allocated to individual data centers.
2024-03-01,91st Ave / Palo Verde,True,6.648702503722569,0.8547565207988114,37.44891655576536,29,MESA_OPEN_DATA_2026,"City of Mesa Water Resources (2026), dataset 5zhe-5nig; retrieved 2026-08-22",Municipal pathways are not allocated to individual data centers.
2024-03-01,Aquifer recharge,True,0.0,0.8547565207988114,37.44891655576536,29,MESA_OPEN_DATA_2026,"City of Mesa Water Resources (2026), dataset 5zhe-5nig; retrieved 2026-08-22",Municipal pathways are not allocated to individual data centers.
2024-03-01,Baseline sewer return,False,0.0009651820221291,0.8547565207988114,37.44891655576536,29,MESA_OPEN_DATA_2026,"City of Mesa Water Resources (2026), dataset 5zhe-5nig; retrieved 2026-08-22",Municipal pathways are not allocated to individual data centers.
2024-03-01,East Maricopa Floodway,False,0.1725814097114906,0.8547565207988114,37.44891655576536,29,MESA_OPEN_DATA_2026,"City of Mesa Water Resources (2026), dataset 5zhe-5nig; retrieved 2026-08-22",Municipal pathways are not allocated to individual data centers.
2024-03-01,GRIC exchange,True,11.87763652097304,0.8547565207988114,37.44891655576536,29,MESA_OPEN_DATA_2026,"City of Mesa Water Resources (2026), dataset 5zhe-5nig; retrieved 2026-08-22",Municipal pathways are not allocated to individual data centers.
2024-03-01,Local reuse,True,0.0,0.8547565207988114,37.44891655576536,29,MESA_OPEN_DATA_2026,"City of Mesa Water Resources (2026), dataset 5zhe-5nig; retrieved 2026-08-22",Municipal pathways are not allocated to individual data centers.
2024-03-01,Percolation recharge,True,0.155411877394636,0.8547565207988114,37.44891655576536,29,MESA_OPEN_DATA_2026,"City of Mesa Water Resources (2026), dataset 5zhe-5nig; retrieved 2026-08-22",Municipal pathways are not allocated to individual data centers.
2024-03-01,Salt River discharge,False,5.123632644784862,0.8547565207988114,37.44891655576536,29,MESA_OPEN_DATA_2026,"City of Mesa Water Resources (2026), dataset 5zhe-5nig; retrieved 2026-08-22",Municipal pathways are not allocated to individual data centers.
2024-04-01,91st Ave / Palo Verde,True,6.74354715234182,0.8688610698878564,37.17433327865373,29,MESA_OPEN_DATA_2026,"City of Mesa Water Resources (2026), dataset 5zhe-5nig; retrieved 2026-08-22",Municipal pathways are not allocated to individual data centers.
2024-04-01,Aquifer recharge,True,0.0,0.8688610698878564,37.17433327865373,29,MESA_OPEN_DATA_2026,"City of Mesa Water Resources (2026), dataset 5zhe-5nig; retrieved 2026-08-22",Municipal pathways are not allocated to individual data centers.
2024-04-01,Baseline sewer return,False,0.0040695402189373,0.8688610698878564,37.17433327865373,29,MESA_OPEN_DATA_2026,"City of Mesa Water Resources (2026), dataset 5zhe-5nig; retrieved 2026-08-22",Municipal pathways are not allocated to individual data centers.
2024-04-01,East Maricopa Floodway,False,0.0,0.8688610698878564,37.17433327865373,29,MESA_OPEN_DATA_2026,"City of Mesa Water Resources (2026), dataset 5zhe-5nig; retrieved 2026-08-22",Municipal pathways are not allocated to individual data centers.
2024-04-01,GRIC exchange,True,12.068496446982673,0.8688610698878564,37.17433327865373,29,MESA_OPEN_DATA_2026,"City of Mesa Water Resources (2026), dataset 5zhe-5nig; retrieved 2026-08-22",Municipal pathways are not allocated to individual data centers.
2024-04-01,Local reuse,True,0.0,0.8688610698878564,37.17433327865373,29,MESA_OPEN_DATA_2026,"City of Mesa Water Resources (2026), dataset 5zhe-5nig; retrieved 2026-08-22",Municipal pathways are not allocated to individual data centers.
2024-04-01,Percolation recharge,True,0.0,0.8688610698878564,37.17433327865373,29,MESA_OPEN_DATA_2026,"City of Mesa Water Resources (2026), dataset 5zhe-5nig; retrieved 2026-08-22",Municipal pathways are not allocated to individual data centers.
2024-04-01,Salt River discharge,False,4.871125834426661,0.8688610698878564,37.17433327865373,29,MESA_OPEN_DATA_2026,"City of Mesa Water Resources (2026), dataset 5zhe-5nig; retrieved 2026-08-22",Municipal pathways are not allocated to individual data centers.
2024-05-01,91st Ave / Palo Verde,True,6.403671335346893,0.8639992998776601,34.5010248458512,30,MESA_OPEN_DATA_2026,"City of Mesa Water Resources (2026), dataset 5zhe-5nig; retrieved 2026-08-22",Municipal pathways are not allocated to individual data centers.
2024-05-01,Aquifer recharge,True,0.0,0.8639992998776601,34.5010248458512,30,MESA_OPEN_DATA_2026,"City of Mesa Water Resources (2026), dataset 5zhe-5nig; retrieved 2026-08-22",Municipal pathways are not allocated to individual data centers.
2024-05-01,Baseline sewer return,False,0.029066874735247,0.8639992998776601,34.5010248458512,30,MESA_OPEN_DATA_2026,"City of Mesa Water Resources (2026), dataset 5zhe-5nig; retrieved 2026-08-22",Municipal pathways are not allocated to individual data centers.
2024-05-01,East Maricopa Floodway,False,0.0,0.8639992998776601,34.5010248458512,30,MESA_OPEN_DATA_2026,"City of Mesa Water Resources (2026), dataset 5zhe-5nig; retrieved 2026-08-22",Municipal pathways are not allocated to individual data centers.
2024-05-01,GRIC exchange,True,9.53486032270675,0.8639992998776601,34.5010248458512,30,MESA_OPEN_DATA_2026,"City of Mesa Water Resources (2026), dataset 5zhe-5nig; retrieved 2026-08-22",Municipal pathways are not allocated to individual data centers.
2024-05-01,Local reuse,True,0.0,0.8639992998776601,34.5010248458512,30,MESA_OPEN_DATA_2026,"City of Mesa Water Resources (2026), dataset 5zhe-5nig; retrieved 2026-08-22",Municipal pathways are not allocated to individual data centers.
2024-05-01,Percolation recharge,True,1.0826120165901052,0.8639992998776601,34.5010248458512,30,MESA_OPEN_DATA_2026,"City of Mesa Water Resources (2026), dataset 5zhe-5nig; retrieved 2026-08-22",Municipal pathways are not allocated to individual data centers.
2024-05-01,Salt River discharge,False,4.643471625778409,0.8639992998776601,34.5010248458512,30,MESA_OPEN_DATA_2026,"City of Mesa Water Resources (2026), dataset 5zhe-5nig; retrieved 2026-08-22",Municipal pathways are not allocated to individual data centers.
2024-06-01,91st Ave / Palo Verde,True,0.7306653128172018,0.6961159941841146,16.731266358710105,28,MESA_OPEN_DATA_2026,"City of Mesa Water Resources (2026), dataset 5zhe-5nig; retrieved 2026-08-22",Municipal pathways are not allocated to individual data centers.
2024-06-01,Aquifer recharge,True,0.0,0.6961159941841146,16.731266358710105,28,MESA_OPEN_DATA_2026,"City of Mesa Water Resources (2026), dataset 5zhe-5nig; retrieved 2026-08-22",Municipal pathways are not allocated to individual data centers.
2024-06-01,Baseline sewer return,False,0.007142857249294,0.6961159941841146,16.731266358710105,28,MESA_OPEN_DATA_2026,"City of Mesa Water Resources (2026), dataset 5zhe-5nig; retrieved 2026-08-22",Municipal pathways are not allocated to individual data centers.
2024-06-01,East Maricopa Floodway,False,0.1941981381425937,0.6961159941841146,16.731266358710105,28,MESA_OPEN_DATA_2026,"City of Mesa Water Resources (2026), dataset 5zhe-5nig; retrieved 2026-08-22",Municipal pathways are not allocated to individual data centers.
2024-06-01,GRIC exchange,True,9.394917292541768,0.6961159941841146,16.731266358710105,28,MESA_OPEN_DATA_2026,"City of Mesa Water Resources (2026), dataset 5zhe-5nig; retrieved 2026-08-22",Municipal pathways are not allocated to individual data centers.
2024-06-01,Local reuse,True,0.0,0.6961159941841146,16.731266358710105,28,MESA_OPEN_DATA_2026,"City of Mesa Water Resources (2026), dataset 5zhe-5nig; retrieved 2026-08-22",Municipal pathways are not allocated to individual data centers.
2024-06-01,Percolation recharge,True,0.0,0.6961159941841146,16.731266358710105,28,MESA_OPEN_DATA_2026,"City of Mesa Water Resources (2026), dataset 5zhe-5nig; retrieved 2026-08-22",Municipal pathways are not allocated to individual data centers.
2024-06-01,Salt River discharge,False,4.748813994182248,0.6961159941841146,16.731266358710105,28,MESA_OPEN_DATA_2026,"City of Mesa Water Resources (2026), dataset 5zhe-5nig; retrieved 2026-08-22",Municipal pathways are not allocated to individual data centers.
2024-07-01,91st Ave / Palo Verde,True,4.764492059677424,0.814256154557134,29.384331967403345,28,MESA_OPEN_DATA_2026,"City of Mesa Water Resources (2026), dataset 5zhe-5nig; retrieved 2026-08-22",Municipal pathways are not allocated to individual data centers.
2024-07-01,Aquifer recharge,True,0.0,0.814256154557134,29.384331967403345,28,MESA_OPEN_DATA_2026,"City of Mesa Water Resources (2026), dataset 5zhe-5nig; retrieved 2026-08-22",Municipal pathways are not allocated to individual data centers.
2024-07-01,Baseline sewer return,False,0.0003214285575917,0.814256154557134,29.384331967403345,28,MESA_OPEN_DATA_2026,"City of Mesa Water Resources (2026), dataset 5zhe-5nig; retrieved 2026-08-22",Municipal pathways are not allocated to individual data centers.
2024-07-01,East Maricopa Floodway,False,0.0,0.814256154557134,29.384331967403345,28,MESA_OPEN_DATA_2026,"City of Mesa Water Resources (2026), dataset 5zhe-5nig; retrieved 2026-08-22",Municipal pathways are not allocated to individual data centers.
2024-07-01,GRIC exchange,True,9.163720029302334,0.814256154557134,29.384331967403345,28,MESA_OPEN_DATA_2026,"City of Mesa Water Resources (2026), dataset 5zhe-5nig; retrieved 2026-08-22",Municipal pathways are not allocated to individual data centers.
2024-07-01,Local reuse,True,0.0,0.814256154557134,29.384331967403345,28,MESA_OPEN_DATA_2026,"City of Mesa Water Resources (2026), dataset 5zhe-5nig; retrieved 2026-08-22",Municipal pathways are not allocated to individual data centers.
2024-07-01,Percolation recharge,True,1.0873106352984905,0.814256154557134,29.384331967403345,28,MESA_OPEN_DATA_2026,"City of Mesa Water Resources (2026), dataset 5zhe-5nig; retrieved 2026-08-22",Municipal pathways are not allocated to individual data centers.
2024-07-01,Salt River discharge,False,4.839503695212659,0.814256154557134,29.384331967403345,28,MESA_OPEN_DATA_2026,"City of Mesa Water Resources (2026), dataset 5zhe-5nig; retrieved 2026-08-22",Municipal pathways are not allocated to individual data centers.
2024-08-01,91st Ave / Palo Verde,True,3.5759458394009047,0.8044006314672406,26.352657225822472,30,MESA_OPEN_DATA_2026,"City of Mesa Water Resources (2026), dataset 5zhe-5nig; retrieved 2026-08-22",Municipal pathways are not allocated to individual data centers.
2024-08-01,Aquifer recharge,True,0.0,0.8044006314672406,26.352657225822472,30,MESA_OPEN_DATA_2026,"City of Mesa Water Resources (2026), dataset 5zhe-5nig; retrieved 2026-08-22",Municipal pathways are not allocated to individual data centers.
2024-08-01,Baseline sewer return,False,0.039527708288903,0.8044006314672406,26.352657225822472,30,MESA_OPEN_DATA_2026,"City of Mesa Water Resources (2026), dataset 5zhe-5nig; retrieved 2026-08-22",Municipal pathways are not allocated to individual data centers.
2024-08-01,East Maricopa Floodway,False,0.0,0.8044006314672406,26.352657225822472,30,MESA_OPEN_DATA_2026,"City of Mesa Water Resources (2026), dataset 5zhe-5nig; retrieved 2026-08-22",Municipal pathways are not allocated to individual data centers.
2024-08-01,GRIC exchange,True,9.983839603746004,0.8044006314672406,26.352657225822472,30,MESA_OPEN_DATA_2026,"City of Mesa Water Resources (2026), dataset 5zhe-5nig; retrieved 2026-08-22",Municipal pathways are not allocated to individual data centers.
2024-08-01,Local reuse,True,0.0,0.8044006314672406,26.352657225822472,30,MESA_OPEN_DATA_2026,"City of Mesa Water Resources (2026), dataset 5zhe-5nig; retrieved 2026-08-22",Municipal pathways are not allocated to individual data centers.
2024-08-01,Percolation recharge,True,0.7756789435280693,0.8044006314672406,26.352657225822472,30,MESA_OPEN_DATA_2026,"City of Mesa Water Resources (2026), dataset 5zhe-5nig; retrieved 2026-08-22",Municipal pathways are not allocated to individual data centers.
2024-08-01,Salt River discharge,False,4.8257734520567785,0.8044006314672406,26.352657225822472,30,MESA_OPEN_DATA_2026,"City of Mesa Water Resources (2026), dataset 5zhe-5nig; retrieved 2026-08-22",Municipal pathways are not allocated to individual data centers.
2024-09-01,91st Ave / Palo Verde,True,2.078290887787544,0.8714237078405375,19.354378143586786,29,MESA_OPEN_DATA_2026,"City of Mesa Water Resources (2026), dataset 5zhe-5nig; retrieved 2026-08-22",Municipal pathways are not allocated to individual data centers.
2024-09-01,Aquifer recharge,True,2.089188228735978,0.8714237078405375,19.354378143586786,29,MESA_OPEN_DATA_2026,"City of Mesa Water Resources (2026), dataset 5zhe-5nig; retrieved 2026-08-22",Municipal pathways are not allocated to individual data centers.
2024-09-01,Baseline sewer return,False,0.0865978443545514,0.8714237078405375,19.354378143586786,29,MESA_OPEN_DATA_2026,"City of Mesa Water Resources (2026), dataset 5zhe-5nig; retrieved 2026-08-22",Municipal pathways are not allocated to individual data centers.
2024-09-01,East Maricopa Floodway,False,2.693965624289655e-06,0.8714237078405375,19.354378143586786,29,MESA_OPEN_DATA_2026,"City of Mesa Water Resources (2026), dataset 5zhe-5nig; retrieved 2026-08-22",Municipal pathways are not allocated to individual data centers.
2024-09-01,GRIC exchange,True,8.100582131607291,0.8714237078405375,19.354378143586786,29,MESA_OPEN_DATA_2026,"City of Mesa Water Resources (2026), dataset 5zhe-5nig; retrieved 2026-08-22",Municipal pathways are not allocated to individual data centers.
2024-09-01,Local reuse,True,0.0,0.8714237078405375,19.354378143586786,29,MESA_OPEN_DATA_2026,"City of Mesa Water Resources (2026), dataset 5zhe-5nig; retrieved 2026-08-22",Municipal pathways are not allocated to individual data centers.
2024-09-01,Percolation recharge,True,0.1651206909925088,0.8714237078405375,19.354378143586786,29,MESA_OPEN_DATA_2026,"City of Mesa Water Resources (2026), dataset 5zhe-5nig; retrieved 2026-08-22",Municipal pathways are not allocated to individual data centers.
2024-09-01,Salt River discharge,False,2.678011196602575,0.8714237078405375,19.354378143586786,29,MESA_OPEN_DATA_2026,"City of Mesa Water Resources (2026), dataset 5zhe-5nig; retrieved 2026-08-22",Municipal pathways are not allocated to individual data centers.
2024-10-01,91st Ave / Palo Verde,True,5.612188910859428,0.9573836646697588,32.33648145542394,30,MESA_OPEN_DATA_2026,"City of Mesa Water Resources (2026), dataset 5zhe-5nig; retrieved 2026-08-22",Municipal pathways are not allocated to individual data centers.
2024-10-01,Aquifer recharge,True,3.090101319139502,0.9573836646697588,32.33648145542394,30,MESA_OPEN_DATA_2026,"City of Mesa Water Resources (2026), dataset 5zhe-5nig; retrieved 2026-08-22",Municipal pathways are not allocated to individual data centers.
2024-10-01,Baseline sewer return,False,0.0055692316094783,0.9573836646697588,32.33648145542394,30,MESA_OPEN_DATA_2026,"City of Mesa Water Resources (2026), dataset 5zhe-5nig; retrieved 2026-08-22",Municipal pathways are not allocated to individual data centers.
2024-10-01,East Maricopa Floodway,False,0.0015000000596046,0.9573836646697588,32.33648145542394,30,MESA_OPEN_DATA_2026,"City of Mesa Water Resources (2026), dataset 5zhe-5nig; retrieved 2026-08-22",Municipal pathways are not allocated to individual data centers.
2024-10-01,GRIC exchange,True,9.965070025092874,0.9573836646697588,32.33648145542394,30,MESA_OPEN_DATA_2026,"City of Mesa Water Resources (2026), dataset 5zhe-5nig; retrieved 2026-08-22",Municipal pathways are not allocated to individual data centers.
2024-10-01,Local reuse,True,0.0,0.9573836646697588,32.33648145542394,30,MESA_OPEN_DATA_2026,"City of Mesa Water Resources (2026), dataset 5zhe-5nig; retrieved 2026-08-22",Municipal pathways are not allocated to individual data centers.
2024-10-01,Percolation recharge,True,0.8697277871878059,0.9573836646697588,32.33648145542394,30,MESA_OPEN_DATA_2026,"City of Mesa Water Resources (2026), dataset 5zhe-5nig; retrieved 2026-08-22",Municipal pathways are not allocated to individual data centers.
2024-10-01,Salt River discharge,False,1.566446359696788,0.9573836646697588,32.33648145542394,30,MESA_OPEN_DATA_2026,"City of Mesa Water Resources (2026), dataset 5zhe-5nig; retrieved 2026-08-22",Municipal pathways are not allocated to individual data centers.
2024-11-01,91st Ave / Palo Verde,True,6.510314466609011,0.8488418054137671,35.319687177125296,28,MESA_OPEN_DATA_2026,"City of Mesa Water Resources (2026), dataset 5zhe-5nig; retrieved 2026-08-22",Municipal pathways are not allocated to individual data centers.
2024-11-01,Aquifer recharge,True,0.0,0.8488418054137671,35.319687177125296,28,MESA_OPEN_DATA_2026,"City of Mesa Water Resources (2026), dataset 5zhe-5nig; retrieved 2026-08-22",Municipal pathways are not allocated to individual data centers.
2024-11-01,Baseline sewer return,False,0.018906250483604,0.8488418054137671,35.319687177125296,28,MESA_OPEN_DATA_2026,"City of Mesa Water Resources (2026), dataset 5zhe-5nig; retrieved 2026-08-22",Municipal pathways are not allocated to individual data centers.
2024-11-01,East Maricopa Floodway,False,0.0,0.8488418054137671,35.319687177125296,28,MESA_OPEN_DATA_2026,"City of Mesa Water Resources (2026), dataset 5zhe-5nig; retrieved 2026-08-22",Municipal pathways are not allocated to individual data centers.
2024-11-01,GRIC exchange,True,10.45783900871953,0.8488418054137671,35.319687177125296,28,MESA_OPEN_DATA_2026,"City of Mesa Water Resources (2026), dataset 5zhe-5nig; retrieved 2026-08-22",Municipal pathways are not allocated to individual data centers.
2024-11-01,Local reuse,True,0.0,0.8488418054137671,35.319687177125296,28,MESA_OPEN_DATA_2026,"City of Mesa Water Resources (2026), dataset 5zhe-5nig; retrieved 2026-08-22",Municipal pathways are not allocated to individual data centers.
2024-11-01,Percolation recharge,True,0.0,0.8488418054137671,35.319687177125296,28,MESA_OPEN_DATA_2026,"City of Mesa Water Resources (2026), dataset 5zhe-5nig; retrieved 2026-08-22",Municipal pathways are not allocated to individual data centers.
2024-11-01,Salt River discharge,False,5.31199851809513,0.8488418054137671,35.319687177125296,28,MESA_OPEN_DATA_2026,"City of Mesa Water Resources (2026), dataset 5zhe-5nig; retrieved 2026-08-22",Municipal pathways are not allocated to individual data centers.
2024-12-01,91st Ave / Palo Verde,True,6.680944471683371,0.7573250747453931,35.17055153120846,30,MESA_OPEN_DATA_2026,"City of Mesa Water Resources (2026), dataset 5zhe-5nig; retrieved 2026-08-22",Municipal pathways are not allocated to individual data centers.
2024-12-01,Aquifer recharge,True,0.0,0.7573250747453931,35.17055153120846,30,MESA_OPEN_DATA_2026,"City of Mesa Water Resources (2026), dataset 5zhe-5nig; retrieved 2026-08-22",Municipal pathways are not allocated to individual data centers.
2024-12-01,Baseline sewer return,False,3.2694700096728697,0.7573250747453931,35.17055153120846,30,MESA_OPEN_DATA_2026,"City of Mesa Water Resources (2026), dataset 5zhe-5nig; retrieved 2026-08-22",Municipal pathways are not allocated to individual data centers.
2024-12-01,East Maricopa Floodway,False,0.0,0.7573250747453931,35.17055153120846,30,MESA_OPEN_DATA_2026,"City of Mesa Water Resources (2026), dataset 5zhe-5nig; retrieved 2026-08-22",Municipal pathways are not allocated to individual data centers.
2024-12-01,GRIC exchange,True,6.57903177425562,0.7573250747453931,35.17055153120846,30,MESA_OPEN_DATA_2026,"City of Mesa Water Resources (2026), dataset 5zhe-5nig; retrieved 2026-08-22",Municipal pathways are not allocated to individual data centers.
2024-12-01,Local reuse,True,0.0,0.7573250747453931,35.17055153120846,30,MESA_OPEN_DATA_2026,"City of Mesa Water Resources (2026), dataset 5zhe-5nig; retrieved 2026-08-22",Municipal pathways are not allocated to individual data centers.
2024-12-01,Percolation recharge,True,0.0,0.7573250747453931,35.17055153120846,30,MESA_OPEN_DATA_2026,"City of Mesa Water Resources (2026), dataset 5zhe-5nig; retrieved 2026-08-22",Municipal pathways are not allocated to individual data centers.
2024-12-01,Salt River discharge,False,5.279216332229852,0.7573250747453931,35.17055153120846,30,MESA_OPEN_DATA_2026,"City of Mesa Water Resources (2026), dataset 5zhe-5nig; retrieved 2026-08-22",Municipal pathways are not allocated to individual data centers.
2025-01-01,91st Ave / Palo Verde,True,6.773136891484167,0.7550268079959088,36.08666623743851,27,MESA_OPEN_DATA_2026,"City of Mesa Water Resources (2026), dataset 5zhe-5nig; retrieved 2026-08-22",Municipal pathways are not allocated to individual data centers.
2025-01-01,Aquifer recharge,True,0.0,0.7550268079959088,36.08666623743851,27,MESA_OPEN_DATA_2026,"City of Mesa Water Resources (2026), dataset 5zhe-5nig; retrieved 2026-08-22",Municipal pathways are not allocated to individual data centers.
2025-01-01,Baseline sewer return,False,3.628243447580529,0.7550268079959088,36.08666623743851,27,MESA_OPEN_DATA_2026,"City of Mesa Water Resources (2026), dataset 5zhe-5nig; retrieved 2026-08-22",Municipal pathways are not allocated to individual data centers.
2025-01-01,East Maricopa Floodway,False,0.0263230687321811,0.7550268079959088,36.08666623743851,27,MESA_OPEN_DATA_2026,"City of Mesa Water Resources (2026), dataset 5zhe-5nig; retrieved 2026-08-22",Municipal pathways are not allocated to individual data centers.
2025-01-01,GRIC exchange,True,6.745642546414614,0.7550268079959088,36.08666623743851,27,MESA_OPEN_DATA_2026,"City of Mesa Water Resources (2026), dataset 5zhe-5nig; retrieved 2026-08-22",Municipal pathways are not allocated to individual data centers.
2025-01-01,Local reuse,True,0.0,0.7550268079959088,36.08666623743851,27,MESA_OPEN_DATA_2026,"City of Mesa Water Resources (2026), dataset 5zhe-5nig; retrieved 2026-08-22",Municipal pathways are not allocated to individual data centers.
2025-01-01,Percolation recharge,True,0.1863433705067928,0.7550268079959088,36.08666623743851,27,MESA_OPEN_DATA_2026,"City of Mesa Water Resources (2026), dataset 5zhe-5nig; retrieved 2026-08-22",Municipal pathways are not allocated to individual data centers.
2025-01-01,Salt River discharge,False,5.154380061019701,0.7550268079959088,36.08666623743851,27,MESA_OPEN_DATA_2026,"City of Mesa Water Resources (2026), dataset 5zhe-5nig; retrieved 2026-08-22",Municipal pathways are not allocated to individual data centers.
2025-02-01,91st Ave / Palo Verde,True,5.8236281710890925,0.8362651990672294,34.356870999011356,22,MESA_OPEN_DATA_2026,"City of Mesa Water Resources (2026), dataset 5zhe-5nig; retrieved 2026-08-22",Municipal pathways are not allocated to individual data centers.
2025-02-01,Aquifer recharge,True,0.0,0.8362651990672294,34.356870999011356,22,MESA_OPEN_DATA_2026,"City of Mesa Water Resources (2026), dataset 5zhe-5nig; retrieved 2026-08-22",Municipal pathways are not allocated to individual data centers.
2025-02-01,Baseline sewer return,False,0.0737219975402058,0.8362651990672294,34.356870999011356,22,MESA_OPEN_DATA_2026,"City of Mesa Water Resources (2026), dataset 5zhe-5nig; retrieved 2026-08-22",Municipal pathways are not allocated to individual data centers.
2025-02-01,East Maricopa Floodway,False,0.4292433776638724,0.8362651990672294,34.356870999011356,22,MESA_OPEN_DATA_2026,"City of Mesa Water Resources (2026), dataset 5zhe-5nig; retrieved 2026-08-22",Municipal pathways are not allocated to individual data centers.
2025-02-01,GRIC exchange,True,11.104436769058536,0.8362651990672294,34.356870999011356,22,MESA_OPEN_DATA_2026,"City of Mesa Water Resources (2026), dataset 5zhe-5nig; retrieved 2026-08-22",Municipal pathways are not allocated to individual data centers.
2025-02-01,Local reuse,True,0.0,0.8362651990672294,34.356870999011356,22,MESA_OPEN_DATA_2026,"City of Mesa Water Resources (2026), dataset 5zhe-5nig; retrieved 2026-08-22",Municipal pathways are not allocated to individual data centers.
2025-02-01,Percolation recharge,True,0.0,0.8362651990672294,34.356870999011356,22,MESA_OPEN_DATA_2026,"City of Mesa Water Resources (2026), dataset 5zhe-5nig; retrieved 2026-08-22",Municipal pathways are not allocated to individual data centers.
2025-02-01,Salt River discharge,False,4.849340963817587,0.8362651990672294,34.356870999011356,22,MESA_OPEN_DATA_2026,"City of Mesa Water Resources (2026), dataset 5zhe-5nig; retrieved 2026-08-22",Municipal pathways are not allocated to individual data centers.
2025-03-01,91st Ave / Palo Verde,True,6.3935464854667,0.8512416815838516,36.26613760747168,30,MESA_OPEN_DATA_2026,"City of Mesa Water Resources (2026), dataset 5zhe-5nig; retrieved 2026-08-22",Municipal pathways are not allocated to individual data centers.
2025-03-01,Aquifer recharge,True,0.5691009802950753,0.8512416815838516,36.26613760747168,30,MESA_OPEN_DATA_2026,"City of Mesa Water Resources (2026), dataset 5zhe-5nig; retrieved 2026-08-22",Municipal pathways are not allocated to individual data centers.
2025-03-01,Baseline sewer return,False,0.1054316131111492,0.8512416815838516,36.26613760747168,30,MESA_OPEN_DATA_2026,"City of Mesa Water Resources (2026), dataset 5zhe-5nig; retrieved 2026-08-22",Municipal pathways are not allocated to individual data centers.
2025-03-01,East Maricopa Floodway,False,0.4962949599302661,0.8512416815838516,36.26613760747168,30,MESA_OPEN_DATA_2026,"City of Mesa Water Resources (2026), dataset 5zhe-5nig; retrieved 2026-08-22",Municipal pathways are not allocated to individual data centers.
2025-03-01,GRIC exchange,True,10.311734669763776,0.8512416815838516,36.26613760747168,30,MESA_OPEN_DATA_2026,"City of Mesa Water Resources (2026), dataset 5zhe-5nig; retrieved 2026-08-22",Municipal pathways are not allocated to individual data centers.
2025-03-01,Local reuse,True,0.0,0.8512416815838516,36.26613760747168,30,MESA_OPEN_DATA_2026,"City of Mesa Water Resources (2026), dataset 5zhe-5nig; retrieved 2026-08-22",Municipal pathways are not allocated to individual data centers.
2025-03-01,Percolation recharge,True,0.8527870454308059,0.8512416815838516,36.26613760747168,30,MESA_OPEN_DATA_2026,"City of Mesa Water Resources (2026), dataset 5zhe-5nig; retrieved 2026-08-22",Municipal pathways are not allocated to individual data centers.
2025-03-01,Salt River discharge,False,4.253853922610246,0.8512416815838516,36.26613760747168,30,MESA_OPEN_DATA_2026,"City of Mesa Water Resources (2026), dataset 5zhe-5nig; retrieved 2026-08-22",Municipal pathways are not allocated to individual data centers.
2025-04-01,91st Ave / Palo Verde,True,6.004165335608059,0.9997698752949996,32.94218459511318,29,MESA_OPEN_DATA_2026,"City of Mesa Water Resources (2026), dataset 5zhe-5nig; retrieved 2026-08-22",Municipal pathways are not allocated to individual data centers.
2025-04-01,Aquifer recharge,True,4.928852862216732,0.9997698752949996,32.94218459511318,29,MESA_OPEN_DATA_2026,"City of Mesa Water Resources (2026), dataset 5zhe-5nig; retrieved 2026-08-22",Municipal pathways are not allocated to individual data centers.
2025-04-01,Baseline sewer return,False,0.0,0.9997698752949996,32.94218459511318,29,MESA_OPEN_DATA_2026,"City of Mesa Water Resources (2026), dataset 5zhe-5nig; retrieved 2026-08-22",Municipal pathways are not allocated to individual data centers.
2025-04-01,East Maricopa Floodway,False,0.0,0.9997698752949996,32.94218459511318,29,MESA_OPEN_DATA_2026,"City of Mesa Water Resources (2026), dataset 5zhe-5nig; retrieved 2026-08-22",Municipal pathways are not allocated to individual data centers.
2025-04-01,GRIC exchange,True,9.912781645598075,0.9997698752949996,32.94218459511318,29,MESA_OPEN_DATA_2026,"City of Mesa Water Resources (2026), dataset 5zhe-5nig; retrieved 2026-08-22",Municipal pathways are not allocated to individual data centers.
2025-04-01,Local reuse,True,0.0,0.9997698752949996,32.94218459511318,29,MESA_OPEN_DATA_2026,"City of Mesa Water Resources (2026), dataset 5zhe-5nig; retrieved 2026-08-22",Municipal pathways are not allocated to individual data centers.
2025-04-01,Percolation recharge,True,0.080563216191142,0.9997698752949996,32.94218459511318,29,MESA_OPEN_DATA_2026,"City of Mesa Water Resources (2026), dataset 5zhe-5nig; retrieved 2026-08-22",Municipal pathways are not allocated to individual data centers.
2025-04-01,Salt River discharge,False,0.0074908642830604,0.9997698752949996,32.94218459511318,29,MESA_OPEN_DATA_2026,"City of Mesa Water Resources (2026), dataset 5zhe-5nig; retrieved 2026-08-22",Municipal pathways are not allocated to individual data centers.
2025-05-01,91st Ave / Palo Verde,True,5.664900617535992,0.9805744957321956,31.281137530652895,30,MESA_OPEN_DATA_2026,"City of Mesa Water Resources (2026), dataset 5zhe-5nig; retrieved 2026-08-22",Municipal pathways are not allocated to individual data centers.
2025-05-01,Aquifer recharge,True,4.586595768870055,0.9805744957321956,31.281137530652895,30,MESA_OPEN_DATA_2026,"City of Mesa Water Resources (2026), dataset 5zhe-5nig; retrieved 2026-08-22",Municipal pathways are not allocated to individual data centers.
2025-05-01,Baseline sewer return,False,0.0543681733931104,0.9805744957321956,31.281137530652895,30,MESA_OPEN_DATA_2026,"City of Mesa Water Resources (2026), dataset 5zhe-5nig; retrieved 2026-08-22",Municipal pathways are not allocated to individual data centers.
2025-05-01,East Maricopa Floodway,False,0.1753333330154419,0.9805744957321956,31.281137530652895,30,MESA_OPEN_DATA_2026,"City of Mesa Water Resources (2026), dataset 5zhe-5nig; retrieved 2026-08-22",Municipal pathways are not allocated to individual data centers.
2025-05-01,GRIC exchange,True,8.68045070432613,0.9805744957321956,31.281137530652895,30,MESA_OPEN_DATA_2026,"City of Mesa Water Resources (2026), dataset 5zhe-5nig; retrieved 2026-08-22",Municipal pathways are not allocated to individual data centers.
2025-05-01,Local reuse,True,0.0,0.9805744957321956,31.281137530652895,30,MESA_OPEN_DATA_2026,"City of Mesa Water Resources (2026), dataset 5zhe-5nig; retrieved 2026-08-22",Municipal pathways are not allocated to individual data centers.
2025-05-01,Percolation recharge,True,0.3412909755716962,0.9805744957321956,31.281137530652895,30,MESA_OPEN_DATA_2026,"City of Mesa Water Resources (2026), dataset 5zhe-5nig; retrieved 2026-08-22",Municipal pathways are not allocated to individual data centers.
2025-05-01,Salt River discharge,False,0.2730633898530416,0.9805744957321956,31.281137530652895,30,MESA_OPEN_DATA_2026,"City of Mesa Water Resources (2026), dataset 5zhe-5nig; retrieved 2026-08-22",Municipal pathways are not allocated to individual data centers.
2025-06-01,91st Ave / Palo Verde,True,5.606602844272339,0.935455396862904,31.28159395386051,29,MESA_OPEN_DATA_2026,"City of Mesa Water Resources (2026), dataset 5zhe-5nig; retrieved 2026-08-22",Municipal pathways are not allocated to individual data centers.
2025-06-01,Aquifer recharge,True,2.733282364647964,0.935455396862904,31.28159395386051,29,MESA_OPEN_DATA_2026,"City of Mesa Water Resources (2026), dataset 5zhe-5nig; retrieved 2026-08-22",Municipal pathways are not allocated to individual data centers.
2025-06-01,Baseline sewer return,False,0.0304827592496214,0.935455396862904,31.28159395386051,29,MESA_OPEN_DATA_2026,"City of Mesa Water Resources (2026), dataset 5zhe-5nig; retrieved 2026-08-22",Municipal pathways are not allocated to individual data centers.
2025-06-01,East Maricopa Floodway,False,0.0,0.935455396862904,31.28159395386051,29,MESA_OPEN_DATA_2026,"City of Mesa Water Resources (2026), dataset 5zhe-5nig; retrieved 2026-08-22",Municipal pathways are not allocated to individual data centers.
2025-06-01,GRIC exchange,True,9.095009377032378,0.935455396862904,31.28159395386051,29,MESA_OPEN_DATA_2026,"City of Mesa Water Resources (2026), dataset 5zhe-5nig; retrieved 2026-08-22",Municipal pathways are not allocated to individual data centers.
2025-06-01,Local reuse,True,2.4057113389497724e-10,0.935455396862904,31.28159395386051,29,MESA_OPEN_DATA_2026,"City of Mesa Water Resources (2026), dataset 5zhe-5nig; retrieved 2026-08-22",Municipal pathways are not allocated to individual data centers.
2025-06-01,Percolation recharge,True,0.5260128059347295,0.935455396862904,31.28159395386051,29,MESA_OPEN_DATA_2026,"City of Mesa Water Resources (2026), dataset 5zhe-5nig; retrieved 2026-08-22",Municipal pathways are not allocated to individual data centers.
2025-06-01,Salt River discharge,False,2.0769981139382323,0.935455396862904,31.28159395386051,29,MESA_OPEN_DATA_2026,"City of Mesa Water Resources (2026), dataset 5zhe-5nig; retrieved 2026-08-22",Municipal pathways are not allocated to individual data centers.
2025-07-01,91st Ave / Palo Verde,True,6.0046017198271695,0.8544455610645567,31.96828260394022,30,MESA_OPEN_DATA_2026,"City of Mesa Water Resources (2026), dataset 5zhe-5nig; retrieved 2026-08-22",Municipal pathways are not allocated to individual data centers.
2025-07-01,Aquifer recharge,True,0.0,0.8544455610645567,31.96828260394022,30,MESA_OPEN_DATA_2026,"City of Mesa Water Resources (2026), dataset 5zhe-5nig; retrieved 2026-08-22",Municipal pathways are not allocated to individual data centers.
2025-07-01,Baseline sewer return,False,0.0,0.8544455610645567,31.96828260394022,30,MESA_OPEN_DATA_2026,"City of Mesa Water Resources (2026), dataset 5zhe-5nig; retrieved 2026-08-22",Municipal pathways are not allocated to individual data centers.
2025-07-01,East Maricopa Floodway,False,0.0,0.8544455610645567,31.96828260394022,30,MESA_OPEN_DATA_2026,"City of Mesa Water Resources (2026), dataset 5zhe-5nig; retrieved 2026-08-22",Municipal pathways are not allocated to individual data centers.
2025-07-01,GRIC exchange,True,9.114587657825286,0.8544455610645567,31.96828260394022,30,MESA_OPEN_DATA_2026,"City of Mesa Water Resources (2026), dataset 5zhe-5nig; retrieved 2026-08-22",Municipal pathways are not allocated to individual data centers.
2025-07-01,Local reuse,True,4.024831451646629e-05,0.8544455610645567,31.96828260394022,30,MESA_OPEN_DATA_2026,"City of Mesa Water Resources (2026), dataset 5zhe-5nig; retrieved 2026-08-22",Municipal pathways are not allocated to individual data centers.
2025-07-01,Percolation recharge,True,0.1879825219740073,0.8544455610645567,31.96828260394022,30,MESA_OPEN_DATA_2026,"City of Mesa Water Resources (2026), dataset 5zhe-5nig; retrieved 2026-08-22",Municipal pathways are not allocated to individual data centers.
2025-07-01,Salt River discharge,False,4.651867016344906,0.8544455610645567,31.96828260394022,30,MESA_OPEN_DATA_2026,"City of Mesa Water Resources (2026), dataset 5zhe-5nig; retrieved 2026-08-22",Municipal pathways are not allocated to individual data centers.
2025-08-01,91st Ave / Palo Verde,True,6.108719667197237,0.857428125453847,32.89422868273167,30,MESA_OPEN_DATA_2026,"City of Mesa Water Resources (2026), dataset 5zhe-5nig; retrieved 2026-08-22",Municipal pathways are not allocated to individual data centers.
2025-08-01,Aquifer recharge,True,0.0117365717887878,0.857428125453847,32.89422868273167,30,MESA_OPEN_DATA_2026,"City of Mesa Water Resources (2026), dataset 5zhe-5nig; retrieved 2026-08-22",Municipal pathways are not allocated to individual data centers.
2025-08-01,Baseline sewer return,False,0.0202507087353611,0.857428125453847,32.89422868273167,30,MESA_OPEN_DATA_2026,"City of Mesa Water Resources (2026), dataset 5zhe-5nig; retrieved 2026-08-22",Municipal pathways are not allocated to individual data centers.
2025-08-01,East Maricopa Floodway,False,0.0,0.857428125453847,32.89422868273167,30,MESA_OPEN_DATA_2026,"City of Mesa Water Resources (2026), dataset 5zhe-5nig; retrieved 2026-08-22",Municipal pathways are not allocated to individual data centers.
2025-08-01,GRIC exchange,True,9.67442584143813,0.857428125453847,32.89422868273167,30,MESA_OPEN_DATA_2026,"City of Mesa Water Resources (2026), dataset 5zhe-5nig; retrieved 2026-08-22",Municipal pathways are not allocated to individual data centers.
2025-08-01,Local reuse,True,8.2308477431e-05,0.857428125453847,32.89422868273167,30,MESA_OPEN_DATA_2026,"City of Mesa Water Resources (2026), dataset 5zhe-5nig; retrieved 2026-08-22",Municipal pathways are not allocated to individual data centers.
2025-08-01,Percolation recharge,True,0.1942481437652518,0.857428125453847,32.89422868273167,30,MESA_OPEN_DATA_2026,"City of Mesa Water Resources (2026), dataset 5zhe-5nig; retrieved 2026-08-22",Municipal pathways are not allocated to individual data centers.
2025-08-01,Salt River discharge,False,4.667326106935004,0.857428125453847,32.89422868273167,30,MESA_OPEN_DATA_2026,"City of Mesa Water Resources (2026), dataset 5zhe-5nig; retrieved 2026-08-22",Municipal pathways are not allocated to individual data centers.
2025-09-01,91st Ave / Palo Verde,True,6.409503364227959,0.8835264494378879,33.83815967492121,29,MESA_OPEN_DATA_2026,"City of Mesa Water Resources (2026), dataset 5zhe-5nig; retrieved 2026-08-22",Municipal pathways are not allocated to individual data centers.
2025-09-01,Aquifer recharge,True,0.0,0.8835264494378879,33.83815967492121,29,MESA_OPEN_DATA_2026,"City of Mesa Water Resources (2026), dataset 5zhe-5nig; retrieved 2026-08-22",Municipal pathways are not allocated to individual data centers.
2025-09-01,Baseline sewer return,False,0.0314482750435327,0.8835264494378879,33.83815967492121,29,MESA_OPEN_DATA_2026,"City of Mesa Water Resources (2026), dataset 5zhe-5nig; retrieved 2026-08-22",Municipal pathways are not allocated to individual data centers.
2025-09-01,East Maricopa Floodway,False,0.0,0.8835264494378879,33.83815967492121,29,MESA_OPEN_DATA_2026,"City of Mesa Water Resources (2026), dataset 5zhe-5nig; retrieved 2026-08-22",Municipal pathways are not allocated to individual data centers.
2025-09-01,GRIC exchange,True,9.700559524562031,0.8835264494378879,33.83815967492121,29,MESA_OPEN_DATA_2026,"City of Mesa Water Resources (2026), dataset 5zhe-5nig; retrieved 2026-08-22",Municipal pathways are not allocated to individual data centers.
2025-09-01,Local reuse,True,8.2308477431e-05,0.8835264494378879,33.83815967492121,29,MESA_OPEN_DATA_2026,"City of Mesa Water Resources (2026), dataset 5zhe-5nig; retrieved 2026-08-22",Municipal pathways are not allocated to individual data centers.
2025-09-01,Percolation recharge,True,1.025807472389509,0.8835264494378879,33.83815967492121,29,MESA_OPEN_DATA_2026,"City of Mesa Water Resources (2026), dataset 5zhe-5nig; retrieved 2026-08-22",Municipal pathways are not allocated to individual data centers.
2025-09-01,Salt River discharge,False,3.851752001764828,0.8835264494378879,33.83815967492121,29,MESA_OPEN_DATA_2026,"City of Mesa Water Resources (2026), dataset 5zhe-5nig; retrieved 2026-08-22",Municipal pathways are not allocated to individual data centers.
2025-10-01,91st Ave / Palo Verde,True,7.860091803178816,0.8887714486369628,38.50398063443348,28,MESA_OPEN_DATA_2026,"City of Mesa Water Resources (2026), dataset 5zhe-5nig; retrieved 2026-08-22",Municipal pathways are not allocated to individual data centers.
2025-10-01,Aquifer recharge,True,0.0,0.8887714486369628,38.50398063443348,28,MESA_OPEN_DATA_2026,"City of Mesa Water Resources (2026), dataset 5zhe-5nig; retrieved 2026-08-22",Municipal pathways are not allocated to individual data centers.
2025-10-01,Baseline sewer return,False,0.0051785714126058,0.8887714486369628,38.50398063443348,28,MESA_OPEN_DATA_2026,"City of Mesa Water Resources (2026), dataset 5zhe-5nig; retrieved 2026-08-22",Municipal pathways are not allocated to individual data centers.
2025-10-01,East Maricopa Floodway,False,0.5483521791677627,0.8887714486369628,38.50398063443348,28,MESA_OPEN_DATA_2026,"City of Mesa Water Resources (2026), dataset 5zhe-5nig; retrieved 2026-08-22",Municipal pathways are not allocated to individual data centers.
2025-10-01,GRIC exchange,True,8.094535661037128,0.8887714486369628,38.50398063443348,28,MESA_OPEN_DATA_2026,"City of Mesa Water Resources (2026), dataset 5zhe-5nig; retrieved 2026-08-22",Municipal pathways are not allocated to individual data centers.
2025-10-01,Local reuse,True,4.11542387155e-05,0.8887714486369628,38.50398063443348,28,MESA_OPEN_DATA_2026,"City of Mesa Water Resources (2026), dataset 5zhe-5nig; retrieved 2026-08-22",Municipal pathways are not allocated to individual data centers.
2025-10-01,Percolation recharge,True,2.229868818159559,0.8887714486369628,38.50398063443348,28,MESA_OPEN_DATA_2026,"City of Mesa Water Resources (2026), dataset 5zhe-5nig; retrieved 2026-08-22",Municipal pathways are not allocated to individual data centers.
2025-10-01,Salt River discharge,False,3.497376661713494,0.8887714486369628,38.50398063443348,28,MESA_OPEN_DATA_2026,"City of Mesa Water Resources (2026), dataset 5zhe-5nig; retrieved 2026-08-22",Municipal pathways are not allocated to individual data centers.
2025-11-01,91st Ave / Palo Verde,True,7.489869421828457,0.8911561429394771,37.131775971793424,29,MESA_OPEN_DATA_2026,"City of Mesa Water Resources (2026), dataset 5zhe-5nig; retrieved 2026-08-22",Municipal pathways are not allocated to individual data centers.
2025-11-01,Aquifer recharge,True,0.572737543062232,0.8911561429394771,37.131775971793424,29,MESA_OPEN_DATA_2026,"City of Mesa Water Resources (2026), dataset 5zhe-5nig; retrieved 2026-08-22",Municipal pathways are not allocated to individual data centers.
2025-11-01,Baseline sewer return,False,0.0,0.8911561429394771,37.131775971793424,29,MESA_OPEN_DATA_2026,"City of Mesa Water Resources (2026), dataset 5zhe-5nig; retrieved 2026-08-22",Municipal pathways are not allocated to individual data centers.
2025-11-01,East Maricopa Floodway,False,0.0,0.8911561429394771,37.131775971793424,29,MESA_OPEN_DATA_2026,"City of Mesa Water Resources (2026), dataset 5zhe-5nig; retrieved 2026-08-22",Municipal pathways are not allocated to individual data centers.
2025-11-01,GRIC exchange,True,9.984506256195358,0.8911561429394771,37.131775971793424,29,MESA_OPEN_DATA_2026,"City of Mesa Water Resources (2026), dataset 5zhe-5nig; retrieved 2026-08-22",Municipal pathways are not allocated to individual data centers.
2025-11-01,Local reuse,True,0.0,0.8911561429394771,37.131775971793424,29,MESA_OPEN_DATA_2026,"City of Mesa Water Resources (2026), dataset 5zhe-5nig; retrieved 2026-08-22",Municipal pathways are not allocated to individual data centers.
2025-11-01,Percolation recharge,True,0.0373472227661431,0.8911561429394771,37.131775971793424,29,MESA_OPEN_DATA_2026,"City of Mesa Water Resources (2026), dataset 5zhe-5nig; retrieved 2026-08-22",Municipal pathways are not allocated to individual data centers.
2025-11-01,Salt River discharge,False,4.06757668428432,0.8911561429394771,37.131775971793424,29,MESA_OPEN_DATA_2026,"City of Mesa Water Resources (2026), dataset 5zhe-5nig; retrieved 2026-08-22",Municipal pathways are not allocated to individual data centers.
2025-12-01,91st Ave / Palo Verde,True,6.892107494161131,0.9873380076164416,33.840285191172164,19,MESA_OPEN_DATA_2026,"City of Mesa Water Resources (2026), dataset 5zhe-5nig; retrieved 2026-08-22",Municipal pathways are not allocated to individual data centers.
2025-12-01,Aquifer recharge,True,4.577956678745407,0.9873380076164416,33.840285191172164,19,MESA_OPEN_DATA_2026,"City of Mesa Water Resources (2026), dataset 5zhe-5nig; retrieved 2026-08-22",Municipal pathways are not allocated to individual data centers.
2025-12-01,Baseline sewer return,False,0.4553024107775492,0.9873380076164416,33.840285191172164,19,MESA_OPEN_DATA_2026,"City of Mesa Water Resources (2026), dataset 5zhe-5nig; retrieved 2026-08-22",Municipal pathways are not allocated to individual data centers.
2025-12-01,East Maricopa Floodway,False,0.0,0.9873380076164416,33.840285191172164,19,MESA_OPEN_DATA_2026,"City of Mesa Water Resources (2026), dataset 5zhe-5nig; retrieved 2026-08-22",Municipal pathways are not allocated to individual data centers.
2025-12-01,GRIC exchange,True,7.910669286508833,0.9873380076164416,33.840285191172164,19,MESA_OPEN_DATA_2026,"City of Mesa Water Resources (2026), dataset 5zhe-5nig; retrieved 2026-08-22",Municipal pathways are not allocated to individual data centers.
2025-12-01,Local reuse,True,0.0,0.9873380076164416,33.840285191172164,19,MESA_OPEN_DATA_2026,"City of Mesa Water Resources (2026), dataset 5zhe-5nig; retrieved 2026-08-22",Municipal pathways are not allocated to individual data centers.
2025-12-01,Percolation recharge,True,0.2076366942528395,0.9873380076164416,33.840285191172164,19,MESA_OPEN_DATA_2026,"City of Mesa Water Resources (2026), dataset 5zhe-5nig; retrieved 2026-08-22",Municipal pathways are not allocated to individual data centers.
2025-12-01,Salt River discharge,False,0.0123976384041428,0.9873380076164416,33.840285191172164,19,MESA_OPEN_DATA_2026,"City of Mesa Water Resources (2026), dataset 5zhe-5nig; retrieved 2026-08-22",Municipal pathways are not allocated to individual data centers.
2026-01-01,91st Ave / Palo Verde,True,6.521545802959871,0.9238932430536758,36.14940436612645,25,MESA_OPEN_DATA_2026,"City of Mesa Water Resources (2026), dataset 5zhe-5nig; retrieved 2026-08-22",Municipal pathways are not allocated to individual data centers.
2026-01-01,Aquifer recharge,True,4.143880221855283,0.9238932430536758,36.14940436612645,25,MESA_OPEN_DATA_2026,"City of Mesa Water Resources (2026), dataset 5zhe-5nig; retrieved 2026-08-22",Municipal pathways are not allocated to individual data centers.
2026-01-01,Baseline sewer return,False,2.355405388169073,0.9238932430536758,36.14940436612645,25,MESA_OPEN_DATA_2026,"City of Mesa Water Resources (2026), dataset 5zhe-5nig; retrieved 2026-08-22",Municipal pathways are not allocated to individual data centers.
2026-01-01,East Maricopa Floodway,False,0.0,0.9238932430536758,36.14940436612645,25,MESA_OPEN_DATA_2026,"City of Mesa Water Resources (2026), dataset 5zhe-5nig; retrieved 2026-08-22",Municipal pathways are not allocated to individual data centers.
2026-01-01,GRIC exchange,True,9.522696409205718,0.9238932430536758,36.14940436612645,25,MESA_OPEN_DATA_2026,"City of Mesa Water Resources (2026), dataset 5zhe-5nig; retrieved 2026-08-22",Municipal pathways are not allocated to individual data centers.
2026-01-01,Local reuse,True,1.72441002632695e-08,0.9238932430536758,36.14940436612645,25,MESA_OPEN_DATA_2026,"City of Mesa Water Resources (2026), dataset 5zhe-5nig; retrieved 2026-08-22",Municipal pathways are not allocated to individual data centers.
2026-01-01,Percolation recharge,True,0.0341880009174346,0.9238932430536758,36.14940436612645,25,MESA_OPEN_DATA_2026,"City of Mesa Water Resources (2026), dataset 5zhe-5nig; retrieved 2026-08-22",Municipal pathways are not allocated to individual data centers.
2026-01-01,Salt River discharge,False,0.5285969198552318,0.9238932430536758,36.14940436612645,25,MESA_OPEN_DATA_2026,"City of Mesa Water Resources (2026), dataset 5zhe-5nig; retrieved 2026-08-22",Municipal pathways are not allocated to individual data centers.
2026-02-01,91st Ave / Palo Verde,True,5.661574700218405,0.9970274539955356,38.51355688325269,27,MESA_OPEN_DATA_2026,"City of Mesa Water Resources (2026), dataset 5zhe-5nig; retrieved 2026-08-22",Municipal pathways are not allocated to individual data centers.
2026-02-01,Aquifer recharge,True,4.671135872976525,0.9970274539955356,38.51355688325269,27,MESA_OPEN_DATA_2026,"City of Mesa Water Resources (2026), dataset 5zhe-5nig; retrieved 2026-08-22",Municipal pathways are not allocated to individual data centers.
2026-02-01,Baseline sewer return,False,0.0971255177333849,0.9970274539955356,38.51355688325269,27,MESA_OPEN_DATA_2026,"City of Mesa Water Resources (2026), dataset 5zhe-5nig; retrieved 2026-08-22",Municipal pathways are not allocated to individual data centers.
2026-02-01,East Maricopa Floodway,False,0.0,0.9970274539955356,38.51355688325269,27,MESA_OPEN_DATA_2026,"City of Mesa Water Resources (2026), dataset 5zhe-5nig; retrieved 2026-08-22",Municipal pathways are not allocated to individual data centers.
2026-02-01,GRIC exchange,True,16.743735587922263,0.9970274539955356,38.51355688325269,27,MESA_OPEN_DATA_2026,"City of Mesa Water Resources (2026), dataset 5zhe-5nig; retrieved 2026-08-22",Municipal pathways are not allocated to individual data centers.
2026-02-01,Local reuse,True,1.1596331750741817e-07,0.9970274539955356,38.51355688325269,27,MESA_OPEN_DATA_2026,"City of Mesa Water Resources (2026), dataset 5zhe-5nig; retrieved 2026-08-22",Municipal pathways are not allocated to individual data centers.
2026-02-01,Percolation recharge,True,0.0,0.9970274539955356,38.51355688325269,27,MESA_OPEN_DATA_2026,"City of Mesa Water Resources (2026), dataset 5zhe-5nig; retrieved 2026-08-22",Municipal pathways are not allocated to individual data centers.
2026-02-01,Salt River discharge,False,0.016835688001979,0.9970274539955356,38.51355688325269,27,MESA_OPEN_DATA_2026,"City of Mesa Water Resources (2026), dataset 5zhe-5nig; retrieved 2026-08-22",Municipal pathways are not allocated to individual data centers.
2026-03-01,91st Ave / Palo Verde,True,5.739677823954555,0.9359024338934188,45.18341240733181,30,MESA_OPEN_DATA_2026,"City of Mesa Water Resources (2026), dataset 5zhe-5nig; retrieved 2026-08-22",Municipal pathways are not allocated to individual data centers.
2026-03-01,Aquifer recharge,True,5.437350314075549,0.9359024338934188,45.18341240733181,30,MESA_OPEN_DATA_2026,"City of Mesa Water Resources (2026), dataset 5zhe-5nig; retrieved 2026-08-22",Municipal pathways are not allocated to individual data centers.
2026-03-01,Baseline sewer return,False,1.4705000170778173,0.9359024338934188,45.18341240733181,30,MESA_OPEN_DATA_2026,"City of Mesa Water Resources (2026), dataset 5zhe-5nig; retrieved 2026-08-22",Municipal pathways are not allocated to individual data centers.
2026-03-01,East Maricopa Floodway,False,0.0,0.9359024338934188,45.18341240733181,30,MESA_OPEN_DATA_2026,"City of Mesa Water Resources (2026), dataset 5zhe-5nig; retrieved 2026-08-22",Municipal pathways are not allocated to individual data centers.
2026-03-01,GRIC exchange,True,19.463826153586233,0.9359024338934188,45.18341240733181,30,MESA_OPEN_DATA_2026,"City of Mesa Water Resources (2026), dataset 5zhe-5nig; retrieved 2026-08-22",Municipal pathways are not allocated to individual data centers.
2026-03-01,Local reuse,True,0.0050787833038933,0.9359024338934188,45.18341240733181,30,MESA_OPEN_DATA_2026,"City of Mesa Water Resources (2026), dataset 5zhe-5nig; retrieved 2026-08-22",Municipal pathways are not allocated to individual data centers.
2026-03-01,Percolation recharge,True,0.0419233797297433,0.9359024338934188,45.18341240733181,30,MESA_OPEN_DATA_2026,"City of Mesa Water Resources (2026), dataset 5zhe-5nig; retrieved 2026-08-22",Municipal pathways are not allocated to individual data centers.
2026-03-01,Salt River discharge,False,1.5457002876949075,0.9359024338934188,45.18341240733181,30,MESA_OPEN_DATA_2026,"City of Mesa Water Resources (2026), dataset 5zhe-5nig; retrieved 2026-08-22",Municipal pathways are not allocated to individual data centers.
2026-04-01,91st Ave / Palo Verde,True,5.4808711551370255,0.9879335872130464,43.71880388894776,29,MESA_OPEN_DATA_2026,"City of Mesa Water Resources (2026), dataset 5zhe-5nig; retrieved 2026-08-22",Municipal pathways are not allocated to individual data centers.
2026-04-01,Aquifer recharge,True,7.781635271142471,0.9879335872130464,43.71880388894776,29,MESA_OPEN_DATA_2026,"City of Mesa Water Resources (2026), dataset 5zhe-5nig; retrieved 2026-08-22",Municipal pathways are not allocated to individual data centers.
2026-04-01,Baseline sewer return,False,0.4412664989088001,0.9879335872130464,43.71880388894776,29,MESA_OPEN_DATA_2026,"City of Mesa Water Resources (2026), dataset 5zhe-5nig; retrieved 2026-08-22",Municipal pathways are not allocated to individual data centers.
2026-04-01,East Maricopa Floodway,False,0.0,0.9879335872130464,43.71880388894776,29,MESA_OPEN_DATA_2026,"City of Mesa Water Resources (2026), dataset 5zhe-5nig; retrieved 2026-08-22",Municipal pathways are not allocated to individual data centers.
2026-04-01,GRIC exchange,True,18.93347263238113,0.9879335872130464,43.71880388894776,29,MESA_OPEN_DATA_2026,"City of Mesa Water Resources (2026), dataset 5zhe-5nig; retrieved 2026-08-22",Municipal pathways are not allocated to individual data centers.
2026-04-01,Local reuse,True,6.2141703277371435e-09,0.9879335872130464,43.71880388894776,29,MESA_OPEN_DATA_2026,"City of Mesa Water Resources (2026), dataset 5zhe-5nig; retrieved 2026-08-22",Municipal pathways are not allocated to individual data centers.
2026-04-01,Percolation recharge,True,0.0,0.9879335872130464,43.71880388894776,29,MESA_OPEN_DATA_2026,"City of Mesa Water Resources (2026), dataset 5zhe-5nig; retrieved 2026-08-22",Municipal pathways are not allocated to individual data centers.
2026-04-01,Salt River discharge,False,0.1198160148901193,0.9879335872130464,43.71880388894776,29,MESA_OPEN_DATA_2026,"City of Mesa Water Resources (2026), dataset 5zhe-5nig; retrieved 2026-08-22",Municipal pathways are not allocated to individual data centers.
2026-05-01,91st Ave / Palo Verde,True,5.0944987470454866,0.9990309567948148,41.142478511175774,30,MESA_OPEN_DATA_2026,"City of Mesa Water Resources (2026), dataset 5zhe-5nig; retrieved 2026-08-22",Municipal pathways are not allocated to individual data centers.
2026-05-01,Aquifer recharge,True,7.789135234257506,0.9990309567948148,41.142478511175774,30,MESA_OPEN_DATA_2026,"City of Mesa Water Resources (2026), dataset 5zhe-5nig; retrieved 2026-08-22",Municipal pathways are not allocated to individual data centers.
2026-05-01,Baseline sewer return,False,0.0061331566976213,0.9990309567948148,41.142478511175774,30,MESA_OPEN_DATA_2026,"City of Mesa Water Resources (2026), dataset 5zhe-5nig; retrieved 2026-08-22",Municipal pathways are not allocated to individual data centers.
2026-05-01,East Maricopa Floodway,False,0.0,0.9990309567948148,41.142478511175774,30,MESA_OPEN_DATA_2026,"City of Mesa Water Resources (2026), dataset 5zhe-5nig; retrieved 2026-08-22",Municipal pathways are not allocated to individual data centers.
2026-05-01,GRIC exchange,True,18.004019298641424,0.9990309567948148,41.142478511175774,30,MESA_OPEN_DATA_2026,"City of Mesa Water Resources (2026), dataset 5zhe-5nig; retrieved 2026-08-22",Municipal pathways are not allocated to individual data centers.
2026-05-01,Local reuse,True,0.0003392997790998,0.9990309567948148,41.142478511175774,30,MESA_OPEN_DATA_2026,"City of Mesa Water Resources (2026), dataset 5zhe-5nig; retrieved 2026-08-22",Municipal pathways are not allocated to individual data centers.
2026-05-01,Percolation recharge,True,0.0258839816355611,0.9990309567948148,41.142478511175774,30,MESA_OPEN_DATA_2026,"City of Mesa Water Resources (2026), dataset 5zhe-5nig; retrieved 2026-08-22",Municipal pathways are not allocated to individual data centers.
2026-05-01,Salt River discharge,False,0.0334712990280969,0.9990309567948148,41.142478511175774,30,MESA_OPEN_DATA_2026,"City of Mesa Water Resources (2026), dataset 5zhe-5nig; retrieved 2026-08-22",Municipal pathways are not allocated to individual data centers.
2026-06-01,91st Ave / Palo Verde,True,5.0920565678272345,0.9980136975006006,40.63513941257123,29,MESA_OPEN_DATA_2026,"City of Mesa Water Resources (2026), dataset 5zhe-5nig; retrieved 2026-08-22",Municipal pathways are not allocated to individual data centers.
2026-06-01,Aquifer recharge,True,7.724874142770044,0.9980136975006006,40.63513941257123,29,MESA_OPEN_DATA_2026,"City of Mesa Water Resources (2026), dataset 5zhe-5nig; retrieved 2026-08-22",Municipal pathways are not allocated to individual data centers.
2026-06-01,Baseline sewer return,False,0.0,0.9980136975006006,40.63513941257123,29,MESA_OPEN_DATA_2026,"City of Mesa Water Resources (2026), dataset 5zhe-5nig; retrieved 2026-08-22",Municipal pathways are not allocated to individual data centers.
2026-06-01,East Maricopa Floodway,False,0.0217241377666078,0.9980136975006006,40.63513941257123,29,MESA_OPEN_DATA_2026,"City of Mesa Water Resources (2026), dataset 5zhe-5nig; retrieved 2026-08-22",Municipal pathways are not allocated to individual data centers.
2026-06-01,GRIC exchange,True,17.550322774866842,0.9980136975006006,40.63513941257123,29,MESA_OPEN_DATA_2026,"City of Mesa Water Resources (2026), dataset 5zhe-5nig; retrieved 2026-08-22",Municipal pathways are not allocated to individual data centers.
2026-06-01,Local reuse,True,0.0007371927967982,0.9980136975006006,40.63513941257123,29,MESA_OPEN_DATA_2026,"City of Mesa Water Resources (2026), dataset 5zhe-5nig; retrieved 2026-08-22",Municipal pathways are not allocated to individual data centers.
2026-06-01,Percolation recharge,True,0.000358955930674,0.9980136975006006,40.63513941257123,29,MESA_OPEN_DATA_2026,"City of Mesa Water Resources (2026), dataset 5zhe-5nig; retrieved 2026-08-22",Municipal pathways are not allocated to individual data centers.
2026-06-01,Salt River discharge,False,0.0392283671919482,0.9980136975006006,40.63513941257123,29,MESA_OPEN_DATA_2026,"City of Mesa Water Resources (2026), dataset 5zhe-5nig; retrieved 2026-08-22",Municipal pathways are not allocated to individual data centers.
2026-07-01,91st Ave / Palo Verde,True,5.249099798657311,0.9867130441007316,42.20269154731427,28,MESA_OPEN_DATA_2026,"City of Mesa Water Resources (2026), dataset 5zhe-5nig; retrieved 2026-08-22",Municipal pathways are not allocated to individual data centers.
2026-07-01,Aquifer recharge,True,7.507749964083944,0.9867130441007316,42.20269154731427,28,MESA_OPEN_DATA_2026,"City of Mesa Water Resources (2026), dataset 5zhe-5nig; retrieved 2026-08-22",Municipal pathways are not allocated to individual data centers.
2026-07-01,Baseline sewer return,False,0.2271070897862499,0.9867130441007316,42.20269154731427,28,MESA_OPEN_DATA_2026,"City of Mesa Water Resources (2026), dataset 5zhe-5nig; retrieved 2026-08-22",Municipal pathways are not allocated to individual data centers.
2026-07-01,East Maricopa Floodway,False,0.0,0.9867130441007316,42.20269154731427,28,MESA_OPEN_DATA_2026,"City of Mesa Water Resources (2026), dataset 5zhe-5nig; retrieved 2026-08-22",Municipal pathways are not allocated to individual data centers.
2026-07-01,GRIC exchange,True,18.063509537930106,0.9867130441007316,42.20269154731427,28,MESA_OPEN_DATA_2026,"City of Mesa Water Resources (2026), dataset 5zhe-5nig; retrieved 2026-08-22",Municipal pathways are not allocated to individual data centers.
2026-07-01,Local reuse,True,0.0001063519375748,0.9867130441007316,42.20269154731427,28,MESA_OPEN_DATA_2026,"City of Mesa Water Resources (2026), dataset 5zhe-5nig; retrieved 2026-08-22",Municipal pathways are not allocated to individual data centers.
2026-07-01,Percolation recharge,True,0.3064340291488897,0.9867130441007316,42.20269154731427,28,MESA_OPEN_DATA_2026,"City of Mesa Water Resources (2026), dataset 5zhe-5nig; retrieved 2026-08-22",Municipal pathways are not allocated to individual data centers.
2026-07-01,Salt River discharge,False,0.3504851784555717,0.9867130441007316,42.20269154731427,28,MESA_OPEN_DATA_2026,"City of Mesa Water Resources (2026), dataset 5zhe-5nig; retrieved 2026-08-22",Municipal pathways are not allocated to individual data centers.
2026-08-01,91st Ave / Palo Verde,True,5.267145826767421,0.9892649670678262,42.70208432846732,2,MESA_OPEN_DATA_2026,"City of Mesa Water Resources (2026), dataset 5zhe-5nig; retrieved 2026-08-22",Municipal pathways are not allocated to individual data centers.
2026-08-01,Aquifer recharge,True,7.343569030364354,0.9892649670678262,42.70208432846732,2,MESA_OPEN_DATA_2026,"City of Mesa Water Resources (2026), dataset 5zhe-5nig; retrieved 2026-08-22",Municipal pathways are not allocated to individual data centers.
2026-08-01,Baseline sewer return,False,0.0,0.9892649670678262,42.70208432846732,2,MESA_OPEN_DATA_2026,"City of Mesa Water Resources (2026), dataset 5zhe-5nig; retrieved 2026-08-22",Municipal pathways are not allocated to individual data centers.
2026-08-01,East Maricopa Floodway,False,0.0,0.9892649670678262,42.70208432846732,2,MESA_OPEN_DATA_2026,"City of Mesa Water Resources (2026), dataset 5zhe-5nig; retrieved 2026-08-22",Municipal pathways are not allocated to individual data centers.
2026-08-01,GRIC exchange,True,18.62528108198211,0.9892649670678262,42.70208432846732,2,MESA_OPEN_DATA_2026,"City of Mesa Water Resources (2026), dataset 5zhe-5nig; retrieved 2026-08-22",Municipal pathways are not allocated to individual data centers.
2026-08-01,Local reuse,True,0.0001063519375748,0.9892649670678262,42.70208432846732,2,MESA_OPEN_DATA_2026,"City of Mesa Water Resources (2026), dataset 5zhe-5nig; retrieved 2026-08-22",Municipal pathways are not allocated to individual data centers.
2026-08-01,Percolation recharge,True,0.4687291749714252,0.9892649670678262,42.70208432846732,2,MESA_OPEN_DATA_2026,"City of Mesa Water Resources (2026), dataset 5zhe-5nig; retrieved 2026-08-22",Municipal pathways are not allocated to individual data centers.
2026-08-01,Salt River discharge,False,0.4629612089095947,0.9892649670678262,42.70208432846732,2,MESA_OPEN_DATA_2026,"City of Mesa Water Resources (2026), dataset 5zhe-5nig; retrieved 2026-08-22",Municipal pathways are not allocated to individual data centers.
