date,npdes_outfall_005,reuse,ponds,gric,me01_southern_ave,me02_baseline,me03_8th_street,azpdes_outfall_003,outfall_001_gwrp,outfall_001_sewrp,effluent_to_baseline,valid_meter_records,beneficial_reuse_mgd,total_system_flow_mgd,complete_day,beneficial_fraction,month,source_id,source_url,source_locator,value_status
2018-01-02,0.0,0.0,0.0,7.751509373411326,11.746944727007724,0.5243750009685755,3.492958363559511,8.738703302542369,0.0,0.0,0.0,11,23.515787464947138,32.25449076748951,True,0.7290701823341006,2018-01-01,MESA_OPEN_DATA_2026,https://data.mesaaz.gov/d/5zhe-5nig,dataset 5zhe-5nig; retrieved 2026-08-22,study-derived after declared sensor and completeness QA
2018-01-03,0.0,0.0,0.0,7.4547817422633855,11.38125443989852,0.6760624945163727,3.319605433783269,8.313152293364206,0.0,0.0,0.0,11,22.831704110461548,31.144856403825756,True,0.7330810524352573,2018-01-01,MESA_OPEN_DATA_2026,https://data.mesaaz.gov/d/5zhe-5nig,dataset 5zhe-5nig; retrieved 2026-08-22,study-derived after declared sensor and completeness QA
2018-01-04,0.0,0.0,0.0,7.616440192286154,11.572866620620092,0.6403124984353781,3.465489663183689,8.58324329080405,0.0,0.0,0.0,11,23.295108974525313,31.87835226532936,True,0.730750095884375,2018-01-01,MESA_OPEN_DATA_2026,https://data.mesaaz.gov/d/5zhe-5nig,dataset 5zhe-5nig; retrieved 2026-08-22,study-derived after declared sensor and completeness QA
2018-01-05,0.0,0.0,0.0,7.535172800612188,11.467073618703418,0.6448124814778566,3.446069543560346,8.613650755087535,0.0,0.0,0.0,11,23.09312844435381,31.706779199441343,True,0.7283340984933815,2018-01-01,MESA_OPEN_DATA_2026,https://data.mesaaz.gov/d/5zhe-5nig,dataset 5zhe-5nig; retrieved 2026-08-22,study-derived after declared sensor and completeness QA
2018-01-06,0.0,0.0,0.0,7.253499304412231,11.51596576637692,0.6566250044852495,3.4549686743153467,8.435398654143016,0.0,0.0,0.0,11,22.881058749589748,31.316457403732763,True,0.7306400738310344,2018-01-01,MESA_OPEN_DATA_2026,https://data.mesaaz.gov/d/5zhe-5nig,dataset 5zhe-5nig; retrieved 2026-08-22,study-derived after declared sensor and completeness QA
2018-01-07,0.0,0.0,0.0,7.660174710716738,11.53398789630996,0.7732500098645687,3.4131459395090737,8.211556243896485,0.0,0.0,0.0,11,23.38055855640034,31.592114800296827,True,0.7400757658737258,2018-01-01,MESA_OPEN_DATA_2026,https://data.mesaaz.gov/d/5zhe-5nig,dataset 5zhe-5nig; retrieved 2026-08-22,study-derived after declared sensor and completeness QA
2018-01-08,0.0,0.0,0.0,8.931162381173937,12.081619223621155,0.6433124989271164,3.458840388390753,8.786471792614018,0.0,0.0,0.0,11,25.114934492112965,33.90140628472698,True,0.7408227930481918,2018-01-01,MESA_OPEN_DATA_2026,https://data.mesaaz.gov/d/5zhe-5nig,dataset 5zhe-5nig; retrieved 2026-08-22,study-derived after declared sensor and completeness QA
2018-01-09,0.0,0.0,0.0,8.103212269705422,12.373796817991469,0.5556277518471082,3.601503470705615,9.119912944678909,0.0,0.0,0.0,11,24.634140310249617,33.75405325492852,True,0.7298128057154949,2018-01-01,MESA_OPEN_DATA_2026,https://data.mesaaz.gov/d/5zhe-5nig,dataset 5zhe-5nig; retrieved 2026-08-22,study-derived after declared sensor and completeness QA
2018-01-10,0.0,0.0,0.0,7.730814467164433,11.71146214107949,0.6149999834597111,3.42673549379811,8.705816952387492,0.0,0.0,0.0,11,23.484012085501742,32.18982903788923,True,0.7295475865329929,2018-01-01,MESA_OPEN_DATA_2026,https://data.mesaaz.gov/d/5zhe-5nig,dataset 5zhe-5nig; retrieved 2026-08-22,study-derived after declared sensor and completeness QA
2018-01-11,0.0,0.0,0.0,8.045776633767172,11.450182072277176,0.7652187310159206,3.4887813321418233,8.701315323222346,0.0,0.0,0.0,11,23.74995876920209,32.45127409242444,True,0.7318652174198109,2018-01-01,MESA_OPEN_DATA_2026,https://data.mesaaz.gov/d/5zhe-5nig,dataset 5zhe-5nig; retrieved 2026-08-22,study-derived after declared sensor and completeness QA
2018-01-12,0.0,0.0,0.0,7.953003181552771,11.70881977279981,0.7167187239974737,3.4919896862573094,8.859131783136615,0.0,0.0,0.0,11,23.870531364607363,32.72966314774398,True,0.7293240769651103,2018-01-01,MESA_OPEN_DATA_2026,https://data.mesaaz.gov/d/5zhe-5nig,dataset 5zhe-5nig; retrieved 2026-08-22,study-derived after declared sensor and completeness QA
2018-01-13,0.0,0.0,0.0,7.843226476404557,11.270305318302578,0.6868861001398828,3.4611076050334506,8.687058267438854,0.0,0.0,0.0,11,23.26152549988047,31.948583767319324,True,0.7280925398538332,2018-01-01,MESA_OPEN_DATA_2026,https://data.mesaaz.gov/d/5zhe-5nig,dataset 5zhe-5nig; retrieved 2026-08-22,study-derived after declared sensor and completeness QA
2018-01-14,0.0,0.0,0.0,8.092090999599302,11.641741865211063,0.6908437348902225,3.388304177920024,8.516010886209983,0.0,0.0,0.0,11,23.812980777620613,32.32899166383059,True,0.7365828487704544,2018-01-01,MESA_OPEN_DATA_2026,https://data.mesaaz.gov/d/5zhe-5nig,dataset 5zhe-5nig; retrieved 2026-08-22,study-derived after declared sensor and completeness QA
2018-01-15,0.0,0.0,0.0,8.05494632535337,12.296544437779836,0.6251250244677067,3.55529999434948,8.90653730818519,0.0,0.0,0.0,11,24.531915781950392,33.43845309013558,True,0.7336438595356961,2018-01-01,MESA_OPEN_DATA_2026,https://data.mesaaz.gov/d/5zhe-5nig,dataset 5zhe-5nig; retrieved 2026-08-22,study-derived after declared sensor and completeness QA
2018-01-16,0.0,0.0,0.0,8.680887733263688,12.184078487422733,0.5735937766730785,3.536083346605301,8.907809634561891,0.0,0.0,0.0,11,24.9746433439648,33.88245297852669,True,0.7370966724219378,2018-01-01,MESA_OPEN_DATA_2026,https://data.mesaaz.gov/d/5zhe-5nig,dataset 5zhe-5nig; retrieved 2026-08-22,study-derived after declared sensor and completeness QA
2018-01-17,0.0,0.0,0.0,7.557097337900179,12.431827217298904,0.6476166443692313,3.6775055444672247,9.284199372927349,0.0,0.0,0.0,11,24.31404674403554,33.59824611696289,True,0.7236701183565651,2018-01-01,MESA_OPEN_DATA_2026,https://data.mesaaz.gov/d/5zhe-5nig,dataset 5zhe-5nig; retrieved 2026-08-22,study-derived after declared sensor and completeness QA
2018-01-18,0.0,0.0,0.0,7.3491822622132466,11.979314674933752,0.707156240940094,3.508708230654398,8.859470369197703,0.0,0.0,0.0,11,23.54436140874149,32.403831777939196,True,0.7265918910482275,2018-01-01,MESA_OPEN_DATA_2026,https://data.mesaaz.gov/d/5zhe-5nig,dataset 5zhe-5nig; retrieved 2026-08-22,study-derived after declared sensor and completeness QA
2018-01-19,0.0,0.0,0.0,7.759145515014906,11.746162095334794,0.6964062303304672,3.4791209240754446,8.892363214382419,0.0,0.0,0.0,11,23.680834764755613,32.57319797913803,True,0.7270036789117956,2018-01-01,MESA_OPEN_DATA_2026,https://data.mesaaz.gov/d/5zhe-5nig,dataset 5zhe-5nig; retrieved 2026-08-22,study-derived after declared sensor and completeness QA
2018-01-20,0.0,0.0,0.0,7.800048351611077,10.893592834472656,0.659161103102896,3.44016255736351,8.852082388158198,0.0,0.0,0.0,11,22.792964846550138,31.645047234708336,True,0.7202695789169428,2018-01-01,MESA_OPEN_DATA_2026,https://data.mesaaz.gov/d/5zhe-5nig,dataset 5zhe-5nig; retrieved 2026-08-22,study-derived after declared sensor and completeness QA
2018-01-21,0.0,0.0,0.0,8.531574420924098,11.530556465223205,0.7258124854415655,3.414090312189526,8.658434630102581,0.0,0.0,0.0,11,24.202033683778392,32.86046831388097,True,0.7365090920982076,2018-01-01,MESA_OPEN_DATA_2026,https://data.mesaaz.gov/d/5zhe-5nig,dataset 5zhe-5nig; retrieved 2026-08-22,study-derived after declared sensor and completeness QA
2018-01-22,0.0,0.0,0.0,9.49125393565029,11.72186748319202,0.6611562296748161,3.4179833163817723,8.832222198888108,0.0,0.0,0.0,11,25.292260964898897,34.124483163787005,True,0.7411763818811214,2018-01-01,MESA_OPEN_DATA_2026,https://data.mesaaz.gov/d/5zhe-5nig,dataset 5zhe-5nig; retrieved 2026-08-22,study-derived after declared sensor and completeness QA
2018-01-23,0.0,0.0,0.0,8.277689214348882,12.09474087888906,0.5078750196844339,3.634095823764801,9.475869393348692,0.0,0.0,0.0,11,24.514400936687178,33.99027033003587,True,0.7212181809282276,2018-01-01,MESA_OPEN_DATA_2026,https://data.mesaaz.gov/d/5zhe-5nig,dataset 5zhe-5nig; retrieved 2026-08-22,study-derived after declared sensor and completeness QA
2018-01-24,0.0,0.0,0.0,8.181020973118608,11.505410406619353,0.5524416867229673,3.567283837431906,9.091017989317576,0.0,0.0,0.0,11,23.806156903892834,32.89717489321041,True,0.7236535350275972,2018-01-01,MESA_OPEN_DATA_2026,https://data.mesaaz.gov/d/5zhe-5nig,dataset 5zhe-5nig; retrieved 2026-08-22,study-derived after declared sensor and completeness QA
2018-01-25,0.0,0.0,0.0,8.142596324242902,11.35410495267974,0.6721874997019768,3.6406916985909143,9.055650343718352,0.0,0.0,0.0,11,23.809580475215533,32.86523081893388,True,0.7244610757913398,2018-01-01,MESA_OPEN_DATA_2026,https://data.mesaaz.gov/d/5zhe-5nig,dataset 5zhe-5nig; retrieved 2026-08-22,study-derived after declared sensor and completeness QA
2018-01-26,0.0,0.0,0.0,7.253092535051384,11.504893476006677,0.6963326529426089,3.6061482520426735,8.631570576738428,0.0,0.0,0.0,11,23.060466916043342,31.692037492781772,True,0.727642295680599,2018-01-01,MESA_OPEN_DATA_2026,https://data.mesaaz.gov/d/5zhe-5nig,dataset 5zhe-5nig; retrieved 2026-08-22,study-derived after declared sensor and completeness QA
2018-01-27,0.0,0.0,0.0,7.24495989628971,11.637907173898483,0.640812499448657,3.565142417947451,8.734741926193237,0.0,0.0,0.0,11,23.088821987584303,31.82356391377754,True,0.7255259671776844,2018-01-01,MESA_OPEN_DATA_2026,https://data.mesaaz.gov/d/5zhe-5nig,dataset 5zhe-5nig; retrieved 2026-08-22,study-derived after declared sensor and completeness QA
2018-01-28,0.0,0.0,0.0,7.610132464073627,11.62900595996115,0.4859375059604645,3.505250114202499,8.588479642073313,0.0,0.0,0.0,11,23.230326044197742,31.818805686271055,True,0.7300816464717591,2018-01-01,MESA_OPEN_DATA_2026,https://data.mesaaz.gov/d/5zhe-5nig,dataset 5zhe-5nig; retrieved 2026-08-22,study-derived after declared sensor and completeness QA
2018-01-29,0.0,0.0,0.0,8.21866377323112,12.071691911088095,0.5769062340259552,3.5727166215578716,9.037378152211508,0.0,0.0,0.0,11,24.439978539903045,33.477356692114554,True,0.7300450499922467,2018-01-01,MESA_OPEN_DATA_2026,https://data.mesaaz.gov/d/5zhe-5nig,dataset 5zhe-5nig; retrieved 2026-08-22,study-derived after declared sensor and completeness QA
2018-01-30,0.0,0.0,0.0,8.291721342799418,12.3787865155273,0.7244471949007776,1.592731103704902,8.931494522094727,0.0,0.0,0.0,11,22.987686156932398,31.919180679027125,True,0.7201840920696542,2018-01-01,MESA_OPEN_DATA_2026,https://data.mesaaz.gov/d/5zhe-5nig,dataset 5zhe-5nig; retrieved 2026-08-22,study-derived after declared sensor and completeness QA
2018-01-31,0.0,0.0,0.0,7.353381958952881,11.63183323391323,0.5894687557592988,2.949114741162609,8.911352089515944,0.0,0.0,0.0,11,22.52379868978802,31.435150779303964,True,0.7165163242867939,2018-01-01,MESA_OPEN_DATA_2026,https://data.mesaaz.gov/d/5zhe-5nig,dataset 5zhe-5nig; retrieved 2026-08-22,study-derived after declared sensor and completeness QA
2018-02-02,0.0,0.0,0.0,7.263254746122461,11.4629725197951,0.6252812370657921,3.5011415948470432,8.866586641236736,0.0,0.0,0.0,11,22.8526500978304,31.719236739067135,True,0.7204665826553082,2018-02-01,MESA_OPEN_DATA_2026,https://data.mesaaz.gov/d/5zhe-5nig,dataset 5zhe-5nig; retrieved 2026-08-22,study-derived after declared sensor and completeness QA
2018-02-03,0.0,0.0,0.0,7.280515249609059,11.540946199496586,0.5853124912828207,3.471124956011772,8.736935387386216,0.0,0.0,0.0,11,22.877898896400236,31.61483428378645,True,0.7236444351104215,2018-02-01,MESA_OPEN_DATA_2026,https://data.mesaaz.gov/d/5zhe-5nig,dataset 5zhe-5nig; retrieved 2026-08-22,study-derived after declared sensor and completeness QA
2018-02-04,0.0,0.0,0.0,8.41047497072671,11.572977732287512,0.5762499757111073,3.43415418167909,8.820114394691256,0.0,0.0,0.0,11,23.99385686040442,32.81397125509568,True,0.731208565823267,2018-02-01,MESA_OPEN_DATA_2026,https://data.mesaaz.gov/d/5zhe-5nig,dataset 5zhe-5nig; retrieved 2026-08-22,study-derived after declared sensor and completeness QA
2018-02-05,0.0,0.0,0.0,8.29260856535167,11.775859050618278,0.6234687492251396,3.524620928366979,9.32593658765157,0.0,0.0,0.0,11,24.21655729356207,33.54249388121364,True,0.7219665114741273,2018-02-01,MESA_OPEN_DATA_2026,https://data.mesaaz.gov/d/5zhe-5nig,dataset 5zhe-5nig; retrieved 2026-08-22,study-derived after declared sensor and completeness QA
2018-02-06,0.0,0.0,0.0,7.269811834329691,11.948880219459534,0.5281249769032001,3.630558375517527,9.400912602742514,0.0,0.0,0.0,11,23.377375406209953,32.778288008952465,True,0.7131969613490822,2018-02-01,MESA_OPEN_DATA_2026,https://data.mesaaz.gov/d/5zhe-5nig,dataset 5zhe-5nig; retrieved 2026-08-22,study-derived after declared sensor and completeness QA
2018-02-07,0.0,0.0,0.0,7.841095167365382,11.60723917777312,4.272125121206045,3.593158709969693,7.699539045492808,0.0,0.0,0.0,11,27.31361817631424,35.01315722180705,True,0.7800958366388807,2018-02-01,MESA_OPEN_DATA_2026,https://data.mesaaz.gov/d/5zhe-5nig,dataset 5zhe-5nig; retrieved 2026-08-22,study-derived after declared sensor and completeness QA
2018-02-08,0.0,0.0,0.0,8.436003413952605,11.422128403849072,4.082999959588051,3.508354063828786,7.53750007947286,0.0,0.0,0.0,11,27.449485841218515,34.986985920691374,True,0.7845627486586328,2018-02-01,MESA_OPEN_DATA_2026,https://data.mesaaz.gov/d/5zhe-5nig,dataset 5zhe-5nig; retrieved 2026-08-22,study-derived after declared sensor and completeness QA
2018-02-09,0.0,0.0,0.0,8.37565321150216,11.416004532575608,2.491031304001808,3.466175200957404,7.377815483013789,0.0,0.0,0.0,11,25.74886424903698,33.12667973205077,True,0.7772847884940429,2018-02-01,MESA_OPEN_DATA_2026,https://data.mesaaz.gov/d/5zhe-5nig,dataset 5zhe-5nig; retrieved 2026-08-22,study-derived after declared sensor and completeness QA
2018-02-10,0.0,0.0,0.0,8.66444201827842,11.86768614186181,2.484562560915947,3.54865419169267,7.432665914352293,0.0,0.0,0.0,11,26.56534491274885,33.99801082710114,True,0.7813793885721272,2018-02-01,MESA_OPEN_DATA_2026,https://data.mesaaz.gov/d/5zhe-5nig,dataset 5zhe-5nig; retrieved 2026-08-22,study-derived after declared sensor and completeness QA
2018-02-11,0.0,0.0,0.0,9.647551997062315,11.456286836897382,0.9544062241911888,3.461366632580757,5.183757670941176,0.0,0.0,0.0,11,25.519611690731644,30.70336936167282,True,0.8311664882808566,2018-02-01,MESA_OPEN_DATA_2026,https://data.mesaaz.gov/d/5zhe-5nig,dataset 5zhe-5nig; retrieved 2026-08-22,study-derived after declared sensor and completeness QA
2018-02-12,0.0,0.0,0.0,10.296288178529409,11.920676161748808,0.8207187671214342,3.5795040905475615,8.836775412162146,0.0,0.0,0.0,11,26.617187197947214,35.45396261010936,True,0.750753519166785,2018-02-01,MESA_OPEN_DATA_2026,https://data.mesaaz.gov/d/5zhe-5nig,dataset 5zhe-5nig; retrieved 2026-08-22,study-derived after declared sensor and completeness QA
2018-02-13,0.0,0.0,0.0,7.641244473689051,12.140847016043134,0.5729062482714653,3.6357665846745175,9.617223862806956,0.0,0.0,0.0,11,23.990764322678167,33.60798818548513,True,0.7138411317651998,2018-02-01,MESA_OPEN_DATA_2026,https://data.mesaaz.gov/d/5zhe-5nig,dataset 5zhe-5nig; retrieved 2026-08-22,study-derived after declared sensor and completeness QA
2018-02-14,0.0,0.0,0.0,7.447283652283567,11.63035670877418,0.4623240334231679,3.5194906188756914,9.16592032512029,0.0,0.0,0.0,11,23.059455013356605,32.225375338476894,True,0.7155682368677879,2018-02-01,MESA_OPEN_DATA_2026,https://data.mesaaz.gov/d/5zhe-5nig,dataset 5zhe-5nig; retrieved 2026-08-22,study-derived after declared sensor and completeness QA
2018-02-15,0.0,0.0,0.0,7.288432082781909,11.470111378033955,0.595593772828579,3.511033251881599,8.956558418273925,0.0,0.0,0.0,11,22.865170485526043,31.82172890379997,True,0.7185395411622533,2018-02-01,MESA_OPEN_DATA_2026,https://data.mesaaz.gov/d/5zhe-5nig,dataset 5zhe-5nig; retrieved 2026-08-22,study-derived after declared sensor and completeness QA
2018-02-16,0.0,0.0,0.0,8.801206426723297,11.53095771739148,0.5932187456637621,3.497058312098185,9.216248361269631,0.0,0.0,0.0,11,24.422441201876726,33.63868956314636,True,0.726022372424201,2018-02-01,MESA_OPEN_DATA_2026,https://data.mesaaz.gov/d/5zhe-5nig,dataset 5zhe-5nig; retrieved 2026-08-22,study-derived after declared sensor and completeness QA
2018-02-17,0.0,0.0,0.0,9.366775752223422,11.510014832434305,0.5580999818113115,3.496999979019165,9.11101497290311,0.0,0.0,0.0,11,24.9318905454882,34.04290551839131,True,0.732366705069255,2018-02-01,MESA_OPEN_DATA_2026,https://data.mesaaz.gov/d/5zhe-5nig,dataset 5zhe-5nig; retrieved 2026-08-22,study-derived after declared sensor and completeness QA
2018-02-18,0.0,0.0,0.0,10.05517780273354,11.688874603822557,0.5046875197440386,3.447208359837532,9.080922242005666,0.0,0.0,0.0,11,25.695948286137668,34.776870528143334,True,0.7388804080385298,2018-02-01,MESA_OPEN_DATA_2026,https://data.mesaaz.gov/d/5zhe-5nig,dataset 5zhe-5nig; retrieved 2026-08-22,study-derived after declared sensor and completeness QA
2018-02-19,0.0,0.0,0.0,8.528028191809044,12.254605964033717,0.610531272366643,3.573470715681712,9.65042014795321,0.0,0.0,0.0,11,24.966636143891115,34.61705629184432,True,0.7212235475311973,2018-02-01,MESA_OPEN_DATA_2026,https://data.mesaaz.gov/d/5zhe-5nig,dataset 5zhe-5nig; retrieved 2026-08-22,study-derived after declared sensor and completeness QA
2018-02-20,0.0,0.0,0.0,7.981569290679753,12.078123327749353,0.5558750201016665,3.5829624444246293,9.691132915019988,0.0,0.0,0.0,11,24.1985300829554,33.88966299797539,True,0.7140386755808416,2018-02-01,MESA_OPEN_DATA_2026,https://data.mesaaz.gov/d/5zhe-5nig,dataset 5zhe-5nig; retrieved 2026-08-22,study-derived after declared sensor and completeness QA
2018-02-21,0.0,0.0,0.0,8.327511972141505,12.179929175303736,0.688752796418137,3.655694885174212,9.76417756566295,0.0,0.0,0.0,11,24.85188882903759,34.61606639470054,True,0.7179293148352127,2018-02-01,MESA_OPEN_DATA_2026,https://data.mesaaz.gov/d/5zhe-5nig,dataset 5zhe-5nig; retrieved 2026-08-22,study-derived after declared sensor and completeness QA
2018-02-22,0.0,0.0,0.0,8.662595571330835,11.51945908135838,0.6174375098198652,3.767533220847448,9.291840454273752,0.0,0.0,0.0,11,24.56702538335653,33.85886583763028,True,0.7255714205303673,2018-02-01,MESA_OPEN_DATA_2026,https://data.mesaaz.gov/d/5zhe-5nig,dataset 5zhe-5nig; retrieved 2026-08-22,study-derived after declared sensor and completeness QA
2018-02-23,2.3000571906438987,0.0,0.0,9.002222627900423,11.617930992876635,0.6159687470644712,3.998037571708361,7.145147786434503,0.0,0.0,0.0,11,27.53421713019379,34.679364916628295,True,0.7939654372676098,2018-02-01,MESA_OPEN_DATA_2026,https://data.mesaaz.gov/d/5zhe-5nig,dataset 5zhe-5nig; retrieved 2026-08-22,study-derived after declared sensor and completeness QA
2018-02-24,1.5156690835124915,0.0,0.0,8.91515309631596,11.229273649878309,0.5917812697589397,3.750041739145914,1.8287368744812231,0.0,0.0,0.0,11,26.001918838611616,27.83065571309284,True,0.9342905573862962,2018-02-01,MESA_OPEN_DATA_2026,https://data.mesaaz.gov/d/5zhe-5nig,dataset 5zhe-5nig; retrieved 2026-08-22,study-derived after declared sensor and completeness QA
2018-02-25,0.0071545820269319,0.0,0.0,9.287736772514052,11.488816963432535,0.566781235858798,3.708170778552691,8.885241578602129,0.0,0.0,0.0,11,25.05866033238501,33.94390191098714,True,0.7382374718763223,2018-02-01,MESA_OPEN_DATA_2026,https://data.mesaaz.gov/d/5zhe-5nig,dataset 5zhe-5nig; retrieved 2026-08-22,study-derived after declared sensor and completeness QA
2018-02-26,0.0,0.0,0.0,9.373842767181555,11.826763631245278,0.6851562596857548,3.75679580271244,9.719880293475256,0.0,0.0,0.0,11,25.64255846082503,35.362438754300285,True,0.7251354647509072,2018-02-01,MESA_OPEN_DATA_2026,https://data.mesaaz.gov/d/5zhe-5nig,dataset 5zhe-5nig; retrieved 2026-08-22,study-derived after declared sensor and completeness QA
2018-02-27,0.0,0.0,0.0,8.801210213790101,12.139779920309362,0.5078437253832817,3.734095800916354,9.922734236717224,0.0,0.0,0.0,11,25.1829296603991,35.10566389711632,True,0.7173466291423047,2018-02-01,MESA_OPEN_DATA_2026,https://data.mesaaz.gov/d/5zhe-5nig,dataset 5zhe-5nig; retrieved 2026-08-22,study-derived after declared sensor and completeness QA
2018-02-28,0.0,0.0,0.0,8.53413477835024,11.733192581325051,0.8187031392008066,3.6009462829019405,9.17588811163549,0.0,0.0,0.0,11,24.68697678177804,33.86286489341353,True,0.7290280033742733,2018-02-01,MESA_OPEN_DATA_2026,https://data.mesaaz.gov/d/5zhe-5nig,dataset 5zhe-5nig; retrieved 2026-08-22,study-derived after declared sensor and completeness QA
2018-03-02,1.4647871052225432,0.0,0.0,8.482518779488466,11.604987737205294,0.9487499948590994,3.4622415602207184,6.226040449738503,0.0,0.0,0.0,11,25.96328517699612,32.18932562673462,True,0.806580587554543,2018-03-01,MESA_OPEN_DATA_2026,https://data.mesaaz.gov/d/5zhe-5nig,dataset 5zhe-5nig; retrieved 2026-08-22,study-derived after declared sensor and completeness QA
2018-03-03,0.0071545820269319,0.0,0.0,9.914417745578143,11.654965010616516,1.0302499923855066,3.4570208499828974,8.11381839149528,0.0,0.0,0.0,11,26.063808180589994,34.17762657208527,True,0.7625985416400366,2018-03-01,MESA_OPEN_DATA_2026,https://data.mesaaz.gov/d/5zhe-5nig,dataset 5zhe-5nig; retrieved 2026-08-22,study-derived after declared sensor and completeness QA
2018-03-04,0.0,0.0,0.0,8.8613601352212,11.734944101174673,0.8518437650054693,3.3803209473689395,8.252133448918661,0.0,0.0,0.0,11,24.828468948770283,33.08060239768894,True,0.7505446439664846,2018-03-01,MESA_OPEN_DATA_2026,https://data.mesaaz.gov/d/5zhe-5nig,dataset 5zhe-5nig; retrieved 2026-08-22,study-derived after declared sensor and completeness QA
2018-03-05,0.0,0.0,0.0,9.792767881763876,12.201675358745788,1.4107812698930502,3.5243959287802378,8.090047318405576,0.0,0.0,0.0,11,26.92962043918295,35.01966775758853,True,0.7689856061911804,2018-03-01,MESA_OPEN_DATA_2026,https://data.mesaaz.gov/d/5zhe-5nig,dataset 5zhe-5nig; retrieved 2026-08-22,study-derived after declared sensor and completeness QA
2018-03-06,0.0,0.0,0.0,8.713416059880084,12.349897603193918,1.290468763560057,3.611637489000956,8.003464145792854,0.0,0.0,0.0,11,25.965419915635014,33.96888406142787,True,0.7643883699176065,2018-03-01,MESA_OPEN_DATA_2026,https://data.mesaaz.gov/d/5zhe-5nig,dataset 5zhe-5nig; retrieved 2026-08-22,study-derived after declared sensor and completeness QA
2018-03-07,0.0,0.0,0.0,9.018521441644078,11.958273163744998,1.186147192120552,3.528351825513127,8.239838875443848,0.0,0.0,0.0,11,25.69129362302275,33.931132498466596,True,0.7571599216201753,2018-03-01,MESA_OPEN_DATA_2026,https://data.mesaaz.gov/d/5zhe-5nig,dataset 5zhe-5nig; retrieved 2026-08-22,study-derived after declared sensor and completeness QA
2018-03-08,0.0,0.0,0.0,8.978840308364177,11.70717408458392,1.0638436935842035,3.505095947782199,8.15598453713788,0.0,0.0,0.0,11,25.254954034314498,33.41093857145238,True,0.7558887931359499,2018-03-01,MESA_OPEN_DATA_2026,https://data.mesaaz.gov/d/5zhe-5nig,dataset 5zhe-5nig; retrieved 2026-08-22,study-derived after declared sensor and completeness QA
2018-03-09,0.0,0.0,0.0,8.882573668852796,11.778950281937917,1.0348125360906124,3.5079873979091643,8.2515766898791,0.0,0.0,0.0,11,25.20432388479049,33.45590057466959,True,0.7533596003054062,2018-03-01,MESA_OPEN_DATA_2026,https://data.mesaaz.gov/d/5zhe-5nig,dataset 5zhe-5nig; retrieved 2026-08-22,study-derived after declared sensor and completeness QA
2018-03-10,0.0,0.0,0.0,9.28711921235417,11.697056494818794,0.8683437276631594,3.474141643444697,8.25960187514623,0.0,0.0,0.0,11,25.32666107828082,33.58626295342705,True,0.7540779726937902,2018-03-01,MESA_OPEN_DATA_2026,https://data.mesaaz.gov/d/5zhe-5nig,dataset 5zhe-5nig; retrieved 2026-08-22,study-derived after declared sensor and completeness QA
2018-03-11,0.0,0.0,0.0,8.728923814015742,11.854889207046126,0.829099868346193,3.4919246834749615,8.476620282729467,0.0,0.0,0.0,11,24.904837572883025,33.381457855612496,True,0.7460680022006805,2018-03-01,MESA_OPEN_DATA_2026,https://data.mesaaz.gov/d/5zhe-5nig,dataset 5zhe-5nig; retrieved 2026-08-22,study-derived after declared sensor and completeness QA
2018-03-12,0.0,0.0,0.0,8.384885011900355,12.005712065431808,0.6389583493272464,3.525858356555303,8.613230411873923,0.0,0.0,0.0,11,24.555413783214714,33.16864419508864,True,0.7403200938448576,2018-03-01,MESA_OPEN_DATA_2026,https://data.mesaaz.gov/d/5zhe-5nig,dataset 5zhe-5nig; retrieved 2026-08-22,study-derived after declared sensor and completeness QA
2018-03-13,0.0,0.0,0.0,8.875802055707549,11.894000053405762,0.5186055421829223,3.6016833315292995,8.661835128068924,0.0,0.0,0.0,11,24.890090982825534,33.551926110894456,True,0.7418379171603985,2018-03-01,MESA_OPEN_DATA_2026,https://data.mesaaz.gov/d/5zhe-5nig,dataset 5zhe-5nig; retrieved 2026-08-22,study-derived after declared sensor and completeness QA
2018-03-14,0.0,0.0,0.0,8.209063165026611,11.880000114440918,0.5886777972181638,3.6029957447317833,8.78779682583279,0.0,0.0,0.0,11,24.280736821417477,33.06853364725027,True,0.7342550196034011,2018-03-01,MESA_OPEN_DATA_2026,https://data.mesaaz.gov/d/5zhe-5nig,dataset 5zhe-5nig; retrieved 2026-08-22,study-derived after declared sensor and completeness QA
2018-03-15,0.0,0.0,0.0,7.3460750293003825,11.75009027785725,0.6656472062071165,3.518354054292043,8.645645335647796,0.0,0.0,0.0,11,23.280166567656792,31.925811903304588,True,0.7291957566550438,2018-03-01,MESA_OPEN_DATA_2026,https://data.mesaaz.gov/d/5zhe-5nig,dataset 5zhe-5nig; retrieved 2026-08-22,study-derived after declared sensor and completeness QA
2018-03-16,0.0,0.0,0.0,7.388016611944939,11.63700008392334,0.5759027906590037,3.5150126039981844,8.52182111773226,0.0,0.0,0.0,11,23.115932090525465,31.637753208257728,True,0.730643922100385,2018-03-01,MESA_OPEN_DATA_2026,https://data.mesaaz.gov/d/5zhe-5nig,dataset 5zhe-5nig; retrieved 2026-08-22,study-derived after declared sensor and completeness QA
2018-03-17,0.0,0.0,0.0,7.247375058891581,11.555999755859377,0.6108083226614528,3.468195769190788,8.572176981634565,0.0,0.0,0.0,11,22.8823789066032,31.454555888237763,True,0.7274742326010689,2018-03-01,MESA_OPEN_DATA_2026,https://data.mesaaz.gov/d/5zhe-5nig,dataset 5zhe-5nig; retrieved 2026-08-22,study-derived after declared sensor and completeness QA
2018-03-18,0.0,0.0,0.0,9.018020515048162,11.52602085603608,0.5916416861944729,3.465012414256732,8.586391891373529,0.0,0.0,0.0,11,24.600695471535445,33.187087362908976,True,0.7412731103070535,2018-03-01,MESA_OPEN_DATA_2026,https://data.mesaaz.gov/d/5zhe-5nig,dataset 5zhe-5nig; retrieved 2026-08-22,study-derived after declared sensor and completeness QA
2018-03-19,0.0,0.0,0.0,8.467991260076928,11.943831494119433,0.6830972126788564,3.499854166309039,8.883763474888271,0.0,0.0,0.0,11,24.594774133184256,33.47853760807253,True,0.7346430247674208,2018-03-01,MESA_OPEN_DATA_2026,https://data.mesaaz.gov/d/5zhe-5nig,dataset 5zhe-5nig; retrieved 2026-08-22,study-derived after declared sensor and completeness QA
2018-03-20,0.0,0.0,0.0,8.95779670143569,12.119000434875488,0.5765113125076402,3.6344279566053617,9.068053701188829,0.0,0.0,0.0,11,25.28773640542418,34.35579010661301,True,0.7360545726630413,2018-03-01,MESA_OPEN_DATA_2026,https://data.mesaaz.gov/d/5zhe-5nig,dataset 5zhe-5nig; retrieved 2026-08-22,study-derived after declared sensor and completeness QA
2018-03-21,0.0,0.0,0.0,8.124359778783939,12.020813975161497,0.6088437642902136,3.5324310268817087,9.000256241250922,0.0,0.0,0.0,11,24.28644854511736,33.28670478636828,True,0.729614081687751,2018-03-01,MESA_OPEN_DATA_2026,https://data.mesaaz.gov/d/5zhe-5nig,dataset 5zhe-5nig; retrieved 2026-08-22,study-derived after declared sensor and completeness QA
2018-03-22,0.0,0.0,0.0,7.57943851146985,11.753999710083008,0.6254999879747629,3.594737528761228,8.7865777834698,0.0,0.0,0.0,11,23.55367573828885,32.34025352175865,True,0.7283083208497994,2018-03-01,MESA_OPEN_DATA_2026,https://data.mesaaz.gov/d/5zhe-5nig,dataset 5zhe-5nig; retrieved 2026-08-22,study-derived after declared sensor and completeness QA
2018-03-23,0.0,0.0,0.0,7.202952662364201,12.150914606120852,0.5717499926686287,3.5452084094285965,8.612716019153595,0.0,0.0,0.0,11,23.47082567058228,32.083541689735874,True,0.7315534518463414,2018-03-01,MESA_OPEN_DATA_2026,https://data.mesaaz.gov/d/5zhe-5nig,dataset 5zhe-5nig; retrieved 2026-08-22,study-derived after declared sensor and completeness QA
2018-03-24,0.0,0.0,0.0,7.9796361988426305,12.424769635332956,0.6087500136345625,3.669479242960612,8.875045285291142,0.0,0.0,0.0,11,24.68263509077076,33.5576803760619,True,0.7355286424498493,2018-03-01,MESA_OPEN_DATA_2026,https://data.mesaaz.gov/d/5zhe-5nig,dataset 5zhe-5nig; retrieved 2026-08-22,study-derived after declared sensor and completeness QA
2018-03-25,0.0,0.0,0.0,8.599020805171458,12.093000411987305,0.7504687458276749,3.653070949514707,8.830437811877992,0.0,0.0,0.0,11,25.095560912501142,33.925998724379134,True,0.7397147278222214,2018-03-01,MESA_OPEN_DATA_2026,https://data.mesaaz.gov/d/5zhe-5nig,dataset 5zhe-5nig; retrieved 2026-08-22,study-derived after declared sensor and completeness QA
2018-03-26,0.0,0.0,0.0,8.999766019665532,12.268970886866253,0.6397187281399965,3.7585583964983624,9.086625713772245,0.0,0.0,0.0,11,25.667014031170144,34.75363974494239,True,0.7385417533110442,2018-03-01,MESA_OPEN_DATA_2026,https://data.mesaaz.gov/d/5zhe-5nig,dataset 5zhe-5nig; retrieved 2026-08-22,study-derived after declared sensor and completeness QA
2018-03-27,0.0,0.0,0.0,8.0690414942839,12.40280473894543,0.5565625187009573,3.890450032552083,9.177075499296189,0.0,0.0,0.0,11,24.918858784482367,34.095934283778554,True,0.7308454602558797,2018-03-01,MESA_OPEN_DATA_2026,https://data.mesaaz.gov/d/5zhe-5nig,dataset 5zhe-5nig; retrieved 2026-08-22,study-derived after declared sensor and completeness QA
2018-03-28,0.0,0.0,0.0,7.902637036985673,12.121817289288662,0.7070625126361847,3.8402130065854214,9.052898938236414,0.0,0.0,0.0,11,24.57172984549594,33.624628783732355,True,0.7307658324954885,2018-03-01,MESA_OPEN_DATA_2026,https://data.mesaaz.gov/d/5zhe-5nig,dataset 5zhe-5nig; retrieved 2026-08-22,study-derived after declared sensor and completeness QA
2018-08-11,9.157371494174004,0.0,0.0,8.440307740414255,9.58199977874756,0.7792064286093,9.771069231960508,0.0021387577056884,0.0,0.0,0.0,11,37.72995467390563,37.73209343161132,True,0.9999433172795047,2018-08-01,MESA_OPEN_DATA_2026,https://data.mesaaz.gov/d/5zhe-5nig,dataset 5zhe-5nig; retrieved 2026-08-22,study-derived after declared sensor and completeness QA
2018-08-12,10.306939840316772,0.0,0.0,7.103831177696762,11.879403037495084,0.7934347387817171,6.312382049030727,0.0,0.0,0.0,0.0,11,36.39599084332106,36.39599084332106,True,1.0,2018-08-01,MESA_OPEN_DATA_2026,https://data.mesaaz.gov/d/5zhe-5nig,dataset 5zhe-5nig; retrieved 2026-08-22,study-derived after declared sensor and completeness QA
2018-08-13,9.713057285547256,0.0,0.0,8.243064843711316,10.725803158680598,0.7254499908950593,6.009944342904621,0.0,0.0,0.0,0.0,11,35.417319621738855,35.417319621738855,True,1.0,2018-08-01,MESA_OPEN_DATA_2026,https://data.mesaaz.gov/d/5zhe-5nig,dataset 5zhe-5nig; retrieved 2026-08-22,study-derived after declared sensor and completeness QA
2018-08-14,9.239604383707048,0.0,0.0,8.443448901619004,10.019490331411362,0.8195972352392144,6.2026388843854265,0.0,0.0,0.0,0.0,11,34.72477973636206,34.72477973636206,True,1.0,2018-08-01,MESA_OPEN_DATA_2026,https://data.mesaaz.gov/d/5zhe-5nig,dataset 5zhe-5nig; retrieved 2026-08-22,study-derived after declared sensor and completeness QA
2018-08-15,9.151705926656724,0.0,0.0,7.319976332364518,9.421489082007025,0.7737354314161672,5.905113642805078,0.0,0.0,0.0,0.0,11,32.57202041524951,32.57202041524951,True,1.0,2018-08-01,MESA_OPEN_DATA_2026,https://data.mesaaz.gov/d/5zhe-5nig,dataset 5zhe-5nig; retrieved 2026-08-22,study-derived after declared sensor and completeness QA
2018-08-16,9.145239943265915,0.0,0.0,7.361773350910247,9.52600974506802,0.7179055758648448,5.875194443596734,1.0572252177876162e-09,0.0,0.0,0.0,11,32.62612305870576,32.62612305976298,True,0.9999999999675958,2018-08-01,MESA_OPEN_DATA_2026,https://data.mesaaz.gov/d/5zhe-5nig,dataset 5zhe-5nig; retrieved 2026-08-22,study-derived after declared sensor and completeness QA
2018-08-17,9.071106576919556,0.0,0.0,7.217795861796492,9.540013851059808,0.7034423705604341,5.7945626477400465,6.649215206211423e-12,0.0,0.0,0.0,11,32.32692130807634,32.32692130808299,True,0.9999999999997943,2018-08-01,MESA_OPEN_DATA_2026,https://data.mesaaz.gov/d/5zhe-5nig,dataset 5zhe-5nig; retrieved 2026-08-22,study-derived after declared sensor and completeness QA
2018-08-18,8.914656341075897,0.0,0.0,7.036929861426357,9.559989307986363,0.7194215557227532,5.872451533873876,0.0,0.0,0.0,0.0,11,32.10344860008525,32.10344860008525,True,1.0,2018-08-01,MESA_OPEN_DATA_2026,https://data.mesaaz.gov/d/5zhe-5nig,dataset 5zhe-5nig; retrieved 2026-08-22,study-derived after declared sensor and completeness QA
2018-08-19,9.011354279518129,0.0,0.0,7.297000115739394,9.544314255317053,0.7142041547430886,5.875979095697403,0.0,0.0,0.0,0.0,11,32.442851901015075,32.442851901015075,True,1.0,2018-08-01,MESA_OPEN_DATA_2026,https://data.mesaaz.gov/d/5zhe-5nig,dataset 5zhe-5nig; retrieved 2026-08-22,study-derived after declared sensor and completeness QA
2018-08-20,9.02396382689476,0.0,0.0,7.675106771413066,9.997085852093166,0.7709923624992371,6.088514039913814,0.0,0.0,0.0,0.0,11,33.55566285281404,33.55566285281404,True,1.0,2018-08-01,MESA_OPEN_DATA_2026,https://data.mesaaz.gov/d/5zhe-5nig,dataset 5zhe-5nig; retrieved 2026-08-22,study-derived after declared sensor and completeness QA
2018-08-21,9.16242349743843,0.0,0.0,7.448276910891803,10.120785706573065,0.7063479130466779,6.257826215691036,0.0,0.0,0.0,0.0,11,33.695660243641015,33.695660243641015,True,1.0,2018-08-01,MESA_OPEN_DATA_2026,https://data.mesaaz.gov/d/5zhe-5nig,dataset 5zhe-5nig; retrieved 2026-08-22,study-derived after declared sensor and completeness QA
2018-08-22,9.153201633691788,0.0,0.0,7.269565075730234,9.812000274658203,0.7522986188117001,6.0306070732287305,0.0,0.0,0.0,0.0,11,33.017672676120654,33.017672676120654,True,1.0,2018-08-01,MESA_OPEN_DATA_2026,https://data.mesaaz.gov/d/5zhe-5nig,dataset 5zhe-5nig; retrieved 2026-08-22,study-derived after declared sensor and completeness QA
2018-08-23,8.973363476991654,0.0,0.0,7.253123187312584,9.512208417389129,0.7578639048255152,6.02006247970793,0.0,0.0,0.0,0.0,11,32.516621466226816,32.516621466226816,True,1.0,2018-08-01,MESA_OPEN_DATA_2026,https://data.mesaaz.gov/d/5zhe-5nig,dataset 5zhe-5nig; retrieved 2026-08-22,study-derived after declared sensor and completeness QA
2018-08-24,8.93741570711136,0.0,0.0,7.094504331894175,9.26117398540179,0.7744215052988794,6.095472415288289,0.0,0.0,0.0,0.0,11,32.16298794499449,32.16298794499449,True,1.0,2018-08-01,MESA_OPEN_DATA_2026,https://data.mesaaz.gov/d/5zhe-5nig,dataset 5zhe-5nig; retrieved 2026-08-22,study-derived after declared sensor and completeness QA
2018-08-25,8.84899395108223,0.0,0.0,7.251159173855062,9.35793244043986,0.744088859980305,6.020527760187785,0.0,0.0,0.0,0.0,11,32.222702185545245,32.222702185545245,True,1.0,2018-08-01,MESA_OPEN_DATA_2026,https://data.mesaaz.gov/d/5zhe-5nig,dataset 5zhe-5nig; retrieved 2026-08-22,study-derived after declared sensor and completeness QA
2018-08-26,8.768519455194474,0.0,0.0,7.323674712387174,9.357023266951243,0.686007652638687,6.043833480940925,0.0203474885900504,0.0,0.0,0.0,11,32.1790585681125,32.19940605670255,True,0.9993680787603902,2018-08-01,MESA_OPEN_DATA_2026,https://data.mesaaz.gov/d/5zhe-5nig,dataset 5zhe-5nig; retrieved 2026-08-22,study-derived after declared sensor and completeness QA
2018-08-27,8.910480952262878,0.0,0.0,7.302689756301234,9.389143688811195,0.7129791542887688,6.251548396216498,0.0001279716263525,0.0,0.0,0.0,11,32.566841947880576,32.56696991950693,True,0.9999960705086574,2018-08-01,MESA_OPEN_DATA_2026,https://data.mesaaz.gov/d/5zhe-5nig,dataset 5zhe-5nig; retrieved 2026-08-22,study-derived after declared sensor and completeness QA
2018-08-28,9.053891319036484,0.0,0.0,7.556219098321232,9.595918467972014,0.6618375248793099,6.4416803949409065,0.0,0.0,0.0,0.0,11,33.30954680514995,33.30954680514995,True,1.0,2018-08-01,MESA_OPEN_DATA_2026,https://data.mesaaz.gov/d/5zhe-5nig,dataset 5zhe-5nig; retrieved 2026-08-22,study-derived after declared sensor and completeness QA
2018-08-29,9.081039309501648,0.0,0.0,7.342427864357241,9.479000091552734,0.7295499944438537,5.9514542451207655,0.0,0.0,0.0,0.0,11,32.583471504976245,32.583471504976245,True,1.0,2018-08-01,MESA_OPEN_DATA_2026,https://data.mesaaz.gov/d/5zhe-5nig,dataset 5zhe-5nig; retrieved 2026-08-22,study-derived after declared sensor and completeness QA
2018-08-30,8.809639853239059,0.0,0.0,7.372797023862303,9.270145596398248,0.725238217247857,5.820889059040281,0.0,0.0,0.0,0.0,11,31.998709749787743,31.998709749787743,True,1.0,2018-08-01,MESA_OPEN_DATA_2026,https://data.mesaaz.gov/d/5zhe-5nig,dataset 5zhe-5nig; retrieved 2026-08-22,study-derived after declared sensor and completeness QA
2018-08-31,8.705339335144686,0.0,0.0,7.253391927498745,9.332473939326075,0.7436256830477053,5.773104169302517,0.0619509216863662,0.0,0.0,0.0,11,31.807935054319724,31.869885976006092,True,0.9980561297981108,2018-08-01,MESA_OPEN_DATA_2026,https://data.mesaaz.gov/d/5zhe-5nig,dataset 5zhe-5nig; retrieved 2026-08-22,study-derived after declared sensor and completeness QA
2018-09-02,7.705550816655159,0.0,0.0,7.482488195214095,9.242071154382494,0.6909736205306318,5.788013994693756,0.3163349476642906,0.0,0.0,0.0,11,30.909097781476135,31.225432729140426,True,0.9898693174116021,2018-09-01,MESA_OPEN_DATA_2026,https://data.mesaaz.gov/d/5zhe-5nig,dataset 5zhe-5nig; retrieved 2026-08-22,study-derived after declared sensor and completeness QA
2018-09-03,8.657505151629447,0.0,0.0,7.542052082939492,9.113089499208662,0.7015576604339812,5.837652600473827,0.0019846269860863,0.0,0.0,0.0,11,31.85185699468541,31.853841621671496,True,0.9999376958355711,2018-09-01,MESA_OPEN_DATA_2026,https://data.mesaaz.gov/d/5zhe-5nig,dataset 5zhe-5nig; retrieved 2026-08-22,study-derived after declared sensor and completeness QA
2018-09-04,8.355967748165131,0.0,0.0,8.171611863308764,8.836566413773431,0.6063687364674277,5.692020816935433,0.0,0.0,0.0,0.0,11,31.66253557865019,31.66253557865019,True,1.0,2018-09-01,MESA_OPEN_DATA_2026,https://data.mesaaz.gov/d/5zhe-5nig,dataset 5zhe-5nig; retrieved 2026-08-22,study-derived after declared sensor and completeness QA
2018-09-05,8.898555731773376,0.0,0.0,7.967424132529424,9.374356141661536,0.7295423868629668,6.173615644237125,0.0,0.0,0.0,0.0,11,33.14349403706443,33.14349403706443,True,1.0,2018-09-01,MESA_OPEN_DATA_2026,https://data.mesaaz.gov/d/5zhe-5nig,dataset 5zhe-5nig; retrieved 2026-08-22,study-derived after declared sensor and completeness QA
2018-09-06,9.067550748586656,0.0,0.0,7.254525052679178,9.886613568994736,0.6760416915433274,4.950576302078035,0.0,0.0,0.0,0.0,11,31.83530736388193,31.83530736388193,True,1.0,2018-09-01,MESA_OPEN_DATA_2026,https://data.mesaaz.gov/d/5zhe-5nig,dataset 5zhe-5nig; retrieved 2026-08-22,study-derived after declared sensor and completeness QA
2018-09-07,8.721752494573593,0.0,0.0,7.409112703694916,10.77005045745108,0.6672381911426782,4.062153008249071,0.0587780682602897,0.0,0.0,0.0,11,31.630306855111336,31.689084923371624,True,0.998145163598052,2018-09-01,MESA_OPEN_DATA_2026,https://data.mesaaz.gov/d/5zhe-5nig,dataset 5zhe-5nig; retrieved 2026-08-22,study-derived after declared sensor and completeness QA
2018-09-08,8.838977372646331,0.0,0.0,7.158790913954376,10.842000007629396,0.6641020587748951,3.9189583179023537,0.0003696733852848,0.0,0.0,0.0,11,31.422828670907354,31.42319834429264,True,0.9999882356537602,2018-09-01,MESA_OPEN_DATA_2026,https://data.mesaaz.gov/d/5zhe-5nig,dataset 5zhe-5nig; retrieved 2026-08-22,study-derived after declared sensor and completeness QA
2018-09-09,8.710747343301772,0.0,0.0,7.272882003620627,10.843998473882674,0.6862173376811875,3.805784788396624,0.0,0.0,0.0,0.0,11,31.319629946882888,31.319629946882888,True,1.0,2018-09-01,MESA_OPEN_DATA_2026,https://data.mesaaz.gov/d/5zhe-5nig,dataset 5zhe-5nig; retrieved 2026-08-22,study-derived after declared sensor and completeness QA
2018-09-10,8.802131640911103,0.0,0.0,8.055249797617828,11.18385279311074,0.7208090297463867,3.922180652618408,0.0,0.0,0.0,0.0,11,32.68422391400446,32.68422391400446,True,1.0,2018-09-01,MESA_OPEN_DATA_2026,https://data.mesaaz.gov/d/5zhe-5nig,dataset 5zhe-5nig; retrieved 2026-08-22,study-derived after declared sensor and completeness QA
2018-09-11,9.006022644042968,0.0,0.0,7.243712153312356,11.312000274658203,0.6543852670716642,4.029256120013263,0.0,0.0,0.0,0.0,11,32.24537645909845,32.24537645909845,True,1.0,2018-09-01,MESA_OPEN_DATA_2026,https://data.mesaaz.gov/d/5zhe-5nig,dataset 5zhe-5nig; retrieved 2026-08-22,study-derived after declared sensor and completeness QA
2018-09-12,9.004403221607209,0.0,0.0,7.293623580958622,11.081000328063965,0.7514507692993609,4.031986138282712,0.0,0.0,0.0,0.0,11,32.162464038211866,32.162464038211866,True,1.0,2018-09-01,MESA_OPEN_DATA_2026,https://data.mesaaz.gov/d/5zhe-5nig,dataset 5zhe-5nig; retrieved 2026-08-22,study-derived after declared sensor and completeness QA
2018-09-17,9.027707841661242,7.915696372174555,0.0,8.113577082505518,11.232222572962444,0.6737750114666091,3.755319486061732,0.0,0.0,0.0,0.0,11,40.7182983668321,40.7182983668321,True,1.0,2018-09-01,MESA_OPEN_DATA_2026,https://data.mesaaz.gov/d/5zhe-5nig,dataset 5zhe-5nig; retrieved 2026-08-22,study-derived after declared sensor and completeness QA
2018-09-18,9.078402724530962,0.2156231380585167,0.0,7.445510618559681,11.552000045776367,0.6257354295088186,3.8801319864061146,0.0,0.0,0.0,0.0,11,32.79740394284046,32.79740394284046,True,1.0,2018-09-01,MESA_OPEN_DATA_2026,https://data.mesaaz.gov/d/5zhe-5nig,dataset 5zhe-5nig; retrieved 2026-08-22,study-derived after declared sensor and completeness QA
2018-09-24,7.2030751837624445,8.037151299623979,0.0,7.624386949991425,11.297066597806085,2.258022203213639,3.7597173520260383,0.0,0.0,0.0,0.0,11,40.17941958642361,40.17941958642361,True,1.0,2018-09-01,MESA_OPEN_DATA_2026,https://data.mesaaz.gov/d/5zhe-5nig,dataset 5zhe-5nig; retrieved 2026-08-22,study-derived after declared sensor and completeness QA
2018-09-25,7.113340742058224,0.1069540645306309,0.0,7.349146324148686,11.392999649047852,2.180164626903004,3.8155722070071434,0.0,0.0,0.0,0.0,11,31.95817761369554,31.95817761369554,True,1.0,2018-09-01,MESA_OPEN_DATA_2026,https://data.mesaaz.gov/d/5zhe-5nig,dataset 5zhe-5nig; retrieved 2026-08-22,study-derived after declared sensor and completeness QA
2018-10-02,9.131368226475184,0.2119777233650287,0.0,6.077125000800814,11.941728166739146,0.6983764072259268,3.8547749479611713,0.0,0.0,0.0,0.0,11,31.91535047256727,31.91535047256727,True,1.0,2018-10-01,MESA_OPEN_DATA_2026,https://data.mesaaz.gov/d/5zhe-5nig,dataset 5zhe-5nig; retrieved 2026-08-22,study-derived after declared sensor and completeness QA
2018-10-08,8.678813907835218,8.213138884968227,0.0,3.6040347792050382,10.852148152722252,0.7612562733391921,4.079741589228312,2.744120363039491e-11,13.631527741750082,0.0,0.0,11,36.18913358729824,49.82066132907576,True,0.726388061135149,2018-10-01,MESA_OPEN_DATA_2026,https://data.mesaaz.gov/d/5zhe-5nig,dataset 5zhe-5nig; retrieved 2026-08-22,study-derived after declared sensor and completeness QA
2018-10-09,8.718138966295454,0.1757432153034541,0.0,3.2888743251870456,11.06520791384909,0.6221354018896819,4.38146649201711,0.0,14.25326383113861,0.0,0.0538500013968182,11,28.251566314541837,42.55868014707726,True,0.6638261857958964,2018-10-01,MESA_OPEN_DATA_2026,https://data.mesaaz.gov/d/5zhe-5nig,dataset 5zhe-5nig; retrieved 2026-08-22,study-derived after declared sensor and completeness QA
2018-10-15,8.488775902324253,8.010111460048291,0.0,3.3225398720855286,16.452953713470034,2.451185198583537,4.52794584557414,0.0,11.206111119853126,0.0,2.440202804406484,11,43.253511992085784,56.89982591634539,True,0.760169496048678,2018-10-01,MESA_OPEN_DATA_2026,https://data.mesaaz.gov/d/5zhe-5nig,dataset 5zhe-5nig; retrieved 2026-08-22,study-derived after declared sensor and completeness QA
2018-10-16,8.277365465958914,0.2926336336467001,0.0,3.6557841434057896,15.263740217023424,1.306898439178864,4.095601488318708,0.0,9.28715247578091,0.0,2.7840611967775555,11,32.8920233875324,44.96323706009086,True,0.7315314807867156,2018-10-01,MESA_OPEN_DATA_2026,https://data.mesaaz.gov/d/5zhe-5nig,dataset 5zhe-5nig; retrieved 2026-08-22,study-derived after declared sensor and completeness QA
2018-10-22,8.838053074147966,7.872010971729954,0.0,3.059876244355616,15.94952480925454,0.8053166807939609,3.975924998521805,0.0,3.5555555158191257,0.0,3.745593696832657,11,40.50070677880384,47.80185599145562,True,0.8472622231664639,2018-10-01,MESA_OPEN_DATA_2026,https://data.mesaaz.gov/d/5zhe-5nig,dataset 5zhe-5nig; retrieved 2026-08-22,study-derived after declared sensor and completeness QA
2018-10-23,8.878727621502346,0.1448105996888544,0.0,5.597708623920017,15.265862988763386,0.6720291630675396,4.124758261442184,0.0,6.858749863174227,0.0,3.155312418937683,11,34.68389725838433,44.697959540496235,True,0.7759615341492447,2018-10-01,MESA_OPEN_DATA_2026,https://data.mesaaz.gov/d/5zhe-5nig,dataset 5zhe-5nig; retrieved 2026-08-22,study-derived after declared sensor and completeness QA
2018-10-29,8.766120658980476,7.948501069926554,0.0,7.425295631152053,15.240121299028395,0.7020958181470632,3.984191562732061,0.0,0.0,0.0,3.897023685442077,11,44.0663260399666,47.963349725408676,True,0.9187499683038688,2018-10-01,MESA_OPEN_DATA_2026,https://data.mesaaz.gov/d/5zhe-5nig,dataset 5zhe-5nig; retrieved 2026-08-22,study-derived after declared sensor and completeness QA
2018-10-30,8.825177523824904,0.260543094534013,0.0,7.908116667570058,15.41318076840694,0.6037187724063794,4.087141487995783,0.0,0.0,0.0,3.858027123411497,11,37.09787831473808,40.95590543814958,True,0.9058004680365869,2018-10-01,MESA_OPEN_DATA_2026,https://data.mesaaz.gov/d/5zhe-5nig,dataset 5zhe-5nig; retrieved 2026-08-22,study-derived after declared sensor and completeness QA
2018-11-05,8.834787805875143,8.255299307405949,0.0,9.465152863650632,11.28625407636746,0.6040458430846533,3.970999884605407,7.054078174961938,0.0,0.0,0.0,11,42.41653978098925,49.470617955951184,True,0.8574087313555915,2018-11-01,MESA_OPEN_DATA_2026,https://data.mesaaz.gov/d/5zhe-5nig,dataset 5zhe-5nig; retrieved 2026-08-22,study-derived after declared sensor and completeness QA
2018-11-06,9.023032446702322,0.2359352712002065,0.0,9.720420080260254,11.650663217571047,0.6723791785538197,4.128683445851008,2.8939890762170157,0.0,0.0,0.0,11,35.431113640138655,38.32510271635567,True,0.9244884195709676,2018-11-01,MESA_OPEN_DATA_2026,https://data.mesaaz.gov/d/5zhe-5nig,dataset 5zhe-5nig; retrieved 2026-08-22,study-derived after declared sensor and completeness QA
2018-11-19,8.78159638841947,5.717775619236959,0.0,10.194081750710806,11.419063560830224,0.6301041694978873,4.352924946943919,0.0312342530064698,0.0,0.0,0.0379736098900644,11,41.095546435639264,41.1647542985358,True,0.9983187592377055,2018-11-01,MESA_OPEN_DATA_2026,https://data.mesaaz.gov/d/5zhe-5nig,dataset 5zhe-5nig; retrieved 2026-08-22,study-derived after declared sensor and completeness QA
2018-11-20,8.97643435663647,0.2909833763001693,0.0,9.9211516024314,11.510691346724828,0.6127791557461023,4.3897165338198345,0.0312025346469858,0.0,0.0,2.63888880403e-05,11,35.70175637165881,35.732985295193835,True,0.9991260477321713,2018-11-01,MESA_OPEN_DATA_2026,https://data.mesaaz.gov/d/5zhe-5nig,dataset 5zhe-5nig; retrieved 2026-08-22,study-derived after declared sensor and completeness QA
2018-11-26,8.63370346095827,5.881876597098178,0.0,8.645536110373559,10.975064270363914,0.6850250215580066,3.882025063037872,0.0324856467286331,0.0,0.0,0.3387645699911647,11,38.7032305233898,39.07448074010959,True,0.9904989085027377,2018-11-01,MESA_OPEN_DATA_2026,https://data.mesaaz.gov/d/5zhe-5nig,dataset 5zhe-5nig; retrieved 2026-08-22,study-derived after declared sensor and completeness QA
2018-11-27,8.782431646850373,0.3153838077973988,0.0,7.914421093216192,11.066825388537511,0.5954000081866979,4.025808284680049,0.0311898395483795,0.0,0.0,0.0002354166573948,11,32.70027022926822,32.731695485474,True,0.9990399135840755,2018-11-01,MESA_OPEN_DATA_2026,https://data.mesaaz.gov/d/5zhe-5nig,dataset 5zhe-5nig; retrieved 2026-08-22,study-derived after declared sensor and completeness QA
2018-12-03,8.656172043747372,5.468491520194544,0.0,9.05546281910937,11.160127625200484,0.6020764004853036,3.633600062131882,0.0347369553236704,0.0,0.0,0.0,11,38.575930470868954,38.61066742619263,True,0.9991003275094875,2018-12-01,MESA_OPEN_DATA_2026,https://data.mesaaz.gov/d/5zhe-5nig,dataset 5zhe-5nig; retrieved 2026-08-22,study-derived after declared sensor and completeness QA
2018-12-04,8.808441432317098,0.3017092117418845,0.0,7.81162048631144,11.343691529168025,0.5952125279853742,3.735150061051051,0.0303485280006296,0.0,0.0,0.0,11,32.595825248574876,32.626173776575506,True,0.9990698103857211,2018-12-01,MESA_OPEN_DATA_2026,https://data.mesaaz.gov/d/5zhe-5nig,dataset 5zhe-5nig; retrieved 2026-08-22,study-derived after declared sensor and completeness QA
2018-12-09,8.323416777451833,8.808221335916055,0.0,10.118979875650446,10.854277869065603,0.553266666084528,3.705908421675365,0.0418675914717217,0.0,0.0,0.0,11,42.36407094584383,42.40593853731555,True,0.9990126950866828,2018-12-01,MESA_OPEN_DATA_2026,https://data.mesaaz.gov/d/5zhe-5nig,dataset 5zhe-5nig; retrieved 2026-08-22,study-derived after declared sensor and completeness QA
2018-12-10,8.513616299135697,0.4363303373831668,0.0,11.026388079170829,11.254104571210014,0.6127333424985408,3.887474940220515,0.036305114935331,0.0,0.0,0.0,11,35.73064756961876,35.76695268455409,True,0.9989849536454637,2018-12-01,MESA_OPEN_DATA_2026,https://data.mesaaz.gov/d/5zhe-5nig,dataset 5zhe-5nig; retrieved 2026-08-22,study-derived after declared sensor and completeness QA
2018-12-11,8.381655983792411,0.2818217910205324,0.0,8.505651765625085,11.404783760839038,0.8465000187357267,3.9564333498477935,0.0845854038191545,0.0,0.0,0.0,11,33.37684666986059,33.461432073679745,True,0.9974721523085771,2018-12-01,MESA_OPEN_DATA_2026,https://data.mesaaz.gov/d/5zhe-5nig,dataset 5zhe-5nig; retrieved 2026-08-22,study-derived after declared sensor and completeness QA
2018-12-16,8.192197146018346,9.097952955381738,0.0,8.758829254370491,10.672298542658488,0.5151604277392229,3.5833999454975127,0.0312988357010504,0.0,0.0,0.0,11,40.8198382716658,40.85113710736685,True,0.9992338319587337,2018-12-01,MESA_OPEN_DATA_2026,https://data.mesaaz.gov/d/5zhe-5nig,dataset 5zhe-5nig; retrieved 2026-08-22,study-derived after declared sensor and completeness QA
2018-12-17,8.36256072057618,0.7341502055525779,0.0,9.186467244986355,11.102035702186765,0.6277854451288779,3.6543999711672464,0.0353504287596378,0.0,0.0,0.0,11,33.667399289598,33.70274971835764,True,0.9989511114358607,2018-12-01,MESA_OPEN_DATA_2026,https://data.mesaaz.gov/d/5zhe-5nig,dataset 5zhe-5nig; retrieved 2026-08-22,study-derived after declared sensor and completeness QA
2018-12-18,8.521929034921857,0.2722167918665542,0.0,8.138928964204576,11.152829027242408,0.5779833104461432,3.77102507352829,0.0331229416032632,0.0,0.0,0.0,11,32.43491220220983,32.46803514381309,True,0.9989798291933422,2018-12-01,MESA_OPEN_DATA_2026,https://data.mesaaz.gov/d/5zhe-5nig,dataset 5zhe-5nig; retrieved 2026-08-22,study-derived after declared sensor and completeness QA
2018-12-20,6.754443547656042,10.260653394568449,0.0,7.561650245855881,10.75594455153165,1.3508708531657854,4.313649801413218,0.0337589432813113,0.0,0.0,0.0,11,40.997212394191024,41.03097133747234,True,0.9991772326566766,2018-12-01,MESA_OPEN_DATA_2026,https://data.mesaaz.gov/d/5zhe-5nig,dataset 5zhe-5nig; retrieved 2026-08-22,study-derived after declared sensor and completeness QA
2018-12-24,7.805626835425695,9.14114987589419,0.0,10.690018718860768,11.166816483603585,0.8818472445838981,3.668451371292273,0.1017290760193848,0.0,0.0,0.0,11,43.3539105296604,43.455639605679785,True,0.9976590132617428,2018-12-01,MESA_OPEN_DATA_2026,https://data.mesaaz.gov/d/5zhe-5nig,dataset 5zhe-5nig; retrieved 2026-08-22,study-derived after declared sensor and completeness QA
2018-12-25,7.924969436062707,0.1722448919796281,0.0,10.417776326438211,10.903188767035802,0.8003374796360732,3.635297907061047,0.0349646826429913,0.0,0.0,0.0,11,33.85381480821347,33.888779490856464,True,0.9989682519356465,2018-12-01,MESA_OPEN_DATA_2026,https://data.mesaaz.gov/d/5zhe-5nig,dataset 5zhe-5nig; retrieved 2026-08-22,study-derived after declared sensor and completeness QA
2018-12-26,6.978800514671538,1.2397390531169044,0.0,8.900459374708825,11.174101165410203,1.740397892892361,3.745985344976498,0.0695567338830894,0.0,0.0,0.0,11,33.77948334577633,33.84904007965942,True,0.9979450899133506,2018-12-01,MESA_OPEN_DATA_2026,https://data.mesaaz.gov/d/5zhe-5nig,dataset 5zhe-5nig; retrieved 2026-08-22,study-derived after declared sensor and completeness QA
2018-12-27,6.793227700392405,0.94559961160024,0.0,8.593578906992123,9.88437899152438,1.3091063025097052,3.2326853427622053,0.0329018742053045,0.0,0.0,0.0,11,30.75857685578106,30.791478729986366,True,0.9989314617042648,2018-12-01,MESA_OPEN_DATA_2026,https://data.mesaaz.gov/d/5zhe-5nig,dataset 5zhe-5nig; retrieved 2026-08-22,study-derived after declared sensor and completeness QA
2018-12-31,7.948820514149136,4.665331313158903,0.0,10.034858619403288,10.788016364367092,0.880017703336974,3.447928810036845,0.03017342706249715,0.0,0.0,0.0,11,37.764973324452235,37.795146751514736,True,0.9992016586875326,2018-12-01,MESA_OPEN_DATA_2026,https://data.mesaaz.gov/d/5zhe-5nig,dataset 5zhe-5nig; retrieved 2026-08-22,study-derived after declared sensor and completeness QA
2019-01-02,8.048342754443487,1.6180007449868652,0.0,9.789639235340651,10.88164481611969,1.1083666966607173,3.6917399222728102,0.032450821224807,0.0,0.0,0.0,11,35.13773416982422,35.17018499104903,True,0.9990773201439497,2019-01-01,MESA_OPEN_DATA_2026,https://data.mesaaz.gov/d/5zhe-5nig,dataset 5zhe-5nig; retrieved 2026-08-22,study-derived after declared sensor and completeness QA
2019-01-03,7.774597376585007,1.2324053997794786,0.0,9.401248205887535,10.372214323944515,0.8083687423417966,3.321394521991412,0.0323833923812748,0.0,0.0,0.0,11,32.910228570529746,32.94261196291102,True,0.9990169755689763,2019-01-01,MESA_OPEN_DATA_2026,https://data.mesaaz.gov/d/5zhe-5nig,dataset 5zhe-5nig; retrieved 2026-08-22,study-derived after declared sensor and completeness QA
2019-01-07,7.906838208105829,9.522407292077938,0.0,11.268345808939214,11.22268901069959,0.9526062735666831,3.635970916516251,0.0395891541382297,0.0,0.0,0.0,11,44.5088575099055,44.54844666404373,True,0.9991113235790962,2019-01-01,MESA_OPEN_DATA_2026,https://data.mesaaz.gov/d/5zhe-5nig,dataset 5zhe-5nig; retrieved 2026-08-22,study-derived after declared sensor and completeness QA
2019-01-08,8.650002251399888,0.2128118524741795,0.0,9.55798553911511,12.213291415241027,1.1548811938613652,4.190953571266598,0.0383888722061076,0.0,0.0,0.0,11,35.979925823358165,36.01831469556427,True,0.9989341846632588,2019-01-01,MESA_OPEN_DATA_2026,https://data.mesaaz.gov/d/5zhe-5nig,dataset 5zhe-5nig; retrieved 2026-08-22,study-derived after declared sensor and completeness QA
2019-01-09,8.430183974901835,1.18096162016607,0.0,10.3047615158677,11.193931903466686,0.7044583538340198,3.7629617090172016,0.0505712885099152,0.0,0.0,0.0,11,35.577259077253515,35.62783036576343,True,0.9985805678316435,2019-01-01,MESA_OPEN_DATA_2026,https://data.mesaaz.gov/d/5zhe-5nig,dataset 5zhe-5nig; retrieved 2026-08-22,study-derived after declared sensor and completeness QA
2019-01-10,8.484762618939081,0.9481778723498184,0.0,9.709764177208696,11.096214003745027,0.5712013625436358,3.768909775714079,0.1322236099306287,0.0,0.0,0.0,11,34.57902981050034,34.711253420430964,True,0.996190756688354,2019-01-01,MESA_OPEN_DATA_2026,https://data.mesaaz.gov/d/5zhe-5nig,dataset 5zhe-5nig; retrieved 2026-08-22,study-derived after declared sensor and completeness QA
2019-01-14,8.079202308919694,8.502608942654398,0.0,10.095157349394563,12.172435347239176,1.1807403239525027,3.679043120642503,0.0385591746152689,0.0,0.0,0.0,11,43.709187392802846,43.74774656741811,True,0.9991186020391738,2019-01-01,MESA_OPEN_DATA_2026,https://data.mesaaz.gov/d/5zhe-5nig,dataset 5zhe-5nig; retrieved 2026-08-22,study-derived after declared sensor and completeness QA
2019-01-15,8.144409875075022,0.6869761967410644,0.0,11.187236604088987,12.379837065935137,1.190340334673723,3.9198152103357846,0.0383722909700332,0.0,0.0,0.0,11,37.50861528684971,37.54698757781974,True,0.9989780194512142,2019-01-01,MESA_OPEN_DATA_2026,https://data.mesaaz.gov/d/5zhe-5nig,dataset 5zhe-5nig; retrieved 2026-08-22,study-derived after declared sensor and completeness QA
2019-01-16,8.374445373482175,0.7527282295541631,0.0,8.77882879112999,11.82233027390545,0.8229305598056978,3.6276905917124465,0.0439599471813481,0.0,0.0,0.0,11,34.17895381958992,34.22291376677127,True,0.9987154820457155,2019-01-01,MESA_OPEN_DATA_2026,https://data.mesaaz.gov/d/5zhe-5nig,dataset 5zhe-5nig; retrieved 2026-08-22,study-derived after declared sensor and completeness QA
2019-01-17,8.393288768662346,0.1424389714478618,0.0,7.769216927464753,11.50203556974395,0.6786278018107017,3.5368034854531287,0.0473291538138356,0.0,0.0,0.0,11,32.02241152458274,32.06974067839658,True,0.9985241803390784,2019-01-01,MESA_OPEN_DATA_2026,https://data.mesaaz.gov/d/5zhe-5nig,dataset 5zhe-5nig; retrieved 2026-08-22,study-derived after declared sensor and completeness QA
2019-01-20,8.616155338287353,2.1477650789750946,0.0,8.885067419872357,11.719019398910588,0.5061854446306825,3.4517402531372174,0.045067724906322,0.0,0.0,0.0,11,35.32593293381329,35.371000658719616,True,0.9987258566603426,2019-01-01,MESA_OPEN_DATA_2026,https://data.mesaaz.gov/d/5zhe-5nig,dataset 5zhe-5nig; retrieved 2026-08-22,study-derived after declared sensor and completeness QA
2019-01-21,8.312124015225304,0.6516441031462616,0.0,8.983842707006751,12.20065229733785,0.5630263875755999,3.6006368034415774,0.3077496032851438,0.0,0.0,0.0,11,34.311926313733345,34.61967591701849,True,0.9911105579375495,2019-01-01,MESA_OPEN_DATA_2026,https://data.mesaaz.gov/d/5zhe-5nig,dataset 5zhe-5nig; retrieved 2026-08-22,study-derived after declared sensor and completeness QA
2019-01-22,8.353997520605724,0.233278785749442,0.0,10.404619344851612,12.034469145536423,0.5418166748765442,3.566324984861745,0.2431166433004869,0.0,0.0,0.0,11,35.13450645648149,35.37762309978198,True,0.9931279542830003,2019-01-01,MESA_OPEN_DATA_2026,https://data.mesaaz.gov/d/5zhe-5nig,dataset 5zhe-5nig; retrieved 2026-08-22,study-derived after declared sensor and completeness QA
2019-01-23,8.434163259135353,0.9495904407360488,0.0,3.3342083918568313,12.257722741365432,0.5371361118637853,3.7423930138349535,0.3367310751850406,0.0,0.0,0.0,11,29.255213958792403,29.591945033977442,True,0.9886208535870689,2019-01-01,MESA_OPEN_DATA_2026,https://data.mesaaz.gov/d/5zhe-5nig,dataset 5zhe-5nig; retrieved 2026-08-22,study-derived after declared sensor and completeness QA
2019-01-27,8.286956898640009,2.7882296949887206,0.0,7.374678326771385,11.676190567814656,0.5707617865668403,3.4017312736974823,0.0889396315696814,1.9950000047683716,4.089004391431809,0.0,11,34.09854854847909,40.271492576248946,True,0.8467167807082845,2019-01-01,MESA_OPEN_DATA_2026,https://data.mesaaz.gov/d/5zhe-5nig,dataset 5zhe-5nig; retrieved 2026-08-22,study-derived after declared sensor and completeness QA
2019-01-28,8.200358262437362,0.6765494308537907,0.0,8.926084316336567,12.244394183158876,0.6985083414034711,3.571447177065743,0.0350249836540401,0.3824999928474426,0.0028395834896299,0.0,11,34.317341711255814,34.73770627124693,True,0.9878988970455123,2019-01-01,MESA_OPEN_DATA_2026,https://data.mesaaz.gov/d/5zhe-5nig,dataset 5zhe-5nig; retrieved 2026-08-22,study-derived after declared sensor and completeness QA
2019-01-29,8.501178001371,0.1971966295894053,0.0,7.836194965372604,12.43246836264928,0.5127409050584505,3.7028173569175937,0.034810855657794,0.0,0.0,0.0,11,33.18259622095833,33.21740707661613,True,0.9989520297120873,2019-01-01,MESA_OPEN_DATA_2026,https://data.mesaaz.gov/d/5zhe-5nig,dataset 5zhe-5nig; retrieved 2026-08-22,study-derived after declared sensor and completeness QA
2019-01-30,8.400500870479561,1.1654742639359184,0.0,7.238540279389935,12.177409224523474,0.5948055452770658,3.5474303658626205,0.0366434357932719,0.0,0.0,0.0,11,33.12416054946858,33.16080398526185,True,0.9988949774616575,2019-01-01,MESA_OPEN_DATA_2026,https://data.mesaaz.gov/d/5zhe-5nig,dataset 5zhe-5nig; retrieved 2026-08-22,study-derived after declared sensor and completeness QA
2019-02-03,7.040996500849724,2.4966658061577216,0.0,7.50048466521055,11.920376755793887,0.5811319603688188,4.578668123152521,0.0411811483558267,0.0,0.0,0.0,11,34.11832381153322,34.15950495988905,True,0.9987944453994816,2019-02-01,MESA_OPEN_DATA_2026,https://data.mesaaz.gov/d/5zhe-5nig,dataset 5zhe-5nig; retrieved 2026-08-22,study-derived after declared sensor and completeness QA
2019-02-04,7.31333795559627,0.3580539455430375,0.0,8.829220515327917,12.580477007230122,0.6244722103907002,4.7157451470692955,0.0439690224283064,0.0,0.0,0.0,11,34.42130678115734,34.46527580358565,True,0.9987242515429476,2019-02-01,MESA_OPEN_DATA_2026,https://data.mesaaz.gov/d/5zhe-5nig,dataset 5zhe-5nig; retrieved 2026-08-22,study-derived after declared sensor and completeness QA
2019-02-05,7.593352387348811,0.2391579070645902,0.0,9.02067667927731,12.807660432656606,0.544916662077109,4.941950463917521,0.0411409854845799,0.0,0.0,0.0,11,35.14771453234194,35.188855517826525,True,0.9988308518455867,2019-02-01,MESA_OPEN_DATA_2026,https://data.mesaaz.gov/d/5zhe-5nig,dataset 5zhe-5nig; retrieved 2026-08-22,study-derived after declared sensor and completeness QA
2019-02-06,7.373287359045611,0.8569873974348108,0.0,8.700007349538312,12.16488423102091,0.6491458304226398,4.843913642747915,0.0400525937119878,0.0,0.0,0.0,11,34.588225810210204,34.628278403922195,True,0.9988433559056908,2019-02-01,MESA_OPEN_DATA_2026,https://data.mesaaz.gov/d/5zhe-5nig,dataset 5zhe-5nig; retrieved 2026-08-22,study-derived after declared sensor and completeness QA
2019-02-07,7.156281248618055,1.0771606273949146,0.0,8.675440161509647,11.631806936648692,0.603770831392871,4.813271409778833,0.0376443280295158,0.0,0.0,0.0,11,33.95773121534302,33.99537554337253,True,0.9988926632688176,2019-02-01,MESA_OPEN_DATA_2026,https://data.mesaaz.gov/d/5zhe-5nig,dataset 5zhe-5nig; retrieved 2026-08-22,study-derived after declared sensor and completeness QA
2019-02-10,7.13639210164547,2.2048330441117288,0.0,8.465468750805767,11.704241734743118,0.5211250057650937,4.528318005137973,0.0334918089176493,0.0,0.0,0.0,11,34.56037864220915,34.593870451126804,True,0.9990318571330442,2019-02-01,MESA_OPEN_DATA_2026,https://data.mesaaz.gov/d/5zhe-5nig,dataset 5zhe-5nig; retrieved 2026-08-22,study-derived after declared sensor and completeness QA
2019-02-11,7.307310366740933,0.2419089927855465,0.0,9.540799854762025,12.29936853647232,0.4774583441515763,4.762851256132126,0.0316687908657412,0.0,0.0,0.0,11,34.62969735104453,34.66136614191027,True,0.999086337487793,2019-02-01,MESA_OPEN_DATA_2026,https://data.mesaaz.gov/d/5zhe-5nig,dataset 5zhe-5nig; retrieved 2026-08-22,study-derived after declared sensor and completeness QA
2019-02-12,7.420117766272139,0.5100949181036817,0.0,9.584594240933656,12.47527691523234,0.5841111110316383,4.894817269179556,0.0334089487437503,0.0,0.0,0.0,11,35.469012220753015,35.50242116949676,True,0.9990589670325793,2019-02-01,MESA_OPEN_DATA_2026,https://data.mesaaz.gov/d/5zhe-5nig,dataset 5zhe-5nig; retrieved 2026-08-22,study-derived after declared sensor and completeness QA
2019-02-13,6.936238635358987,1.1035314451489184,0.0,7.857651823682503,12.12833837607308,0.891097231871552,4.710697734489122,0.0300429252562699,0.0,0.0,0.0,11,33.62755524662416,33.65759817188043,True,0.9991073954504167,2019-02-01,MESA_OPEN_DATA_2026,https://data.mesaaz.gov/d/5zhe-5nig,dataset 5zhe-5nig; retrieved 2026-08-22,study-derived after declared sensor and completeness QA
2019-02-14,6.975079493638455,0.315059720738729,0.0,7.8328286016090285,11.811950274308522,0.7659577846359436,4.578191807534959,0.0358885865620058,0.0,0.0,0.0,11,32.27906768246564,32.31495626902764,True,0.9988894124979398,2019-02-01,MESA_OPEN_DATA_2026,https://data.mesaaz.gov/d/5zhe-5nig,dataset 5zhe-5nig; retrieved 2026-08-22,study-derived after declared sensor and completeness QA
2019-02-17,4.3170834235019155,7.077339318063524,0.0,8.90663599535823,11.950021191438038,3.0017985569106207,4.53841538462374,0.0444727285795293,0.0,0.0,0.0,11,39.791293869896066,39.835766598475594,True,0.9988835980231586,2019-02-01,MESA_OPEN_DATA_2026,https://data.mesaaz.gov/d/5zhe-5nig,dataset 5zhe-5nig; retrieved 2026-08-22,study-derived after declared sensor and completeness QA
2019-02-28,5.880549737535141,2.82274131351668,0.0,8.07578897442508,12.24127121071021,1.7928611702389188,4.691271895998055,0.0422165506935454,0.0,0.6469194486737251,0.0,11,35.50448430242408,36.193620301791356,True,0.9809597383842488,2019-02-01,MESA_OPEN_DATA_2026,https://data.mesaaz.gov/d/5zhe-5nig,dataset 5zhe-5nig; retrieved 2026-08-22,study-derived after declared sensor and completeness QA
2019-03-02,6.9682971468678225,0.3387085314633117,0.0,9.476168865738533,12.118206280469895,0.9699399043702416,4.706806367635727,5.61713247508e-05,0.0,0.0,0.0,11,34.57812709654553,34.57818326787028,True,0.9999983755270103,2019-03-01,MESA_OPEN_DATA_2026,https://data.mesaaz.gov/d/5zhe-5nig,dataset 5zhe-5nig; retrieved 2026-08-22,study-derived after declared sensor and completeness QA
2019-03-03,7.071731978323725,0.0681954982483552,0.0,9.802377747886744,12.218095841010411,0.7393040794051355,4.5883651695317695,3.187516903793605e-09,0.0,0.0,0.0,11,34.488070314406144,34.48807031759366,True,0.9999999999075763,2019-03-01,MESA_OPEN_DATA_2026,https://data.mesaaz.gov/d/5zhe-5nig,dataset 5zhe-5nig; retrieved 2026-08-22,study-derived after declared sensor and completeness QA
2019-03-04,7.20409952600797,0.0001035546926964,0.0,10.64671319421852,12.74333752989769,0.6703362337003151,4.759018486738205,4.106506200543022e-12,0.0,0.0,0.0,11,36.0236085252554,36.023608525259505,True,0.999999999999886,2019-03-01,MESA_OPEN_DATA_2026,https://data.mesaaz.gov/d/5zhe-5nig,dataset 5zhe-5nig; retrieved 2026-08-22,study-derived after declared sensor and completeness QA
2019-03-05,7.326960809804775,6.2543401207e-06,0.0,9.928553065264456,12.90411431590716,0.6834066807395882,4.938949986630016,0.0,0.0,0.0,0.0,11,35.781991112686114,35.781991112686114,True,1.0,2019-03-01,MESA_OPEN_DATA_2026,https://data.mesaaz.gov/d/5zhe-5nig,dataset 5zhe-5nig; retrieved 2026-08-22,study-derived after declared sensor and completeness QA
2019-03-06,7.345265375188103,0.737739602216217,0.0,9.159717212146212,12.479296482653876,0.8390296114401685,4.848072911105225,0.0,0.0,0.0,0.0,11,35.4091211947498,35.4091211947498,True,1.0,2019-03-01,MESA_OPEN_DATA_2026,https://data.mesaaz.gov/d/5zhe-5nig,dataset 5zhe-5nig; retrieved 2026-08-22,study-derived after declared sensor and completeness QA
2019-03-07,7.092597825604456,0.8879487483037842,0.0,10.011387440297414,12.142957983414332,0.7275241580895252,4.783728882835971,0.0,0.0,0.0,0.0,11,35.646145038545484,35.646145038545484,True,1.0,2019-03-01,MESA_OPEN_DATA_2026,https://data.mesaaz.gov/d/5zhe-5nig,dataset 5zhe-5nig; retrieved 2026-08-22,study-derived after declared sensor and completeness QA
2019-03-08,7.031604062645098,0.6050243490210994,0.0,7.074352286259215,12.12293139497439,0.7412954006758001,4.8146356120705605,0.0,0.0,0.0,0.0,11,32.389843105646165,32.389843105646165,True,1.0,2019-03-01,MESA_OPEN_DATA_2026,https://data.mesaaz.gov/d/5zhe-5nig,dataset 5zhe-5nig; retrieved 2026-08-22,study-derived after declared sensor and completeness QA
2019-03-09,6.346205511026913,0.0008397526211208,0.0,8.23208100979842,12.089716030694648,1.243679593751828,4.779409808417161,0.0,0.0,3.2787214267585014,0.0,11,32.69193170631009,35.970653133068595,True,0.9088501002573038,2019-03-01,MESA_OPEN_DATA_2026,https://data.mesaaz.gov/d/5zhe-5nig,dataset 5zhe-5nig; retrieved 2026-08-22,study-derived after declared sensor and completeness QA
2019-03-10,6.209546964587989,0.0,0.0,10.491847295023296,11.955006722609202,0.8007999930944708,4.7078197790516745,0.6397663914219097,0.0,1.1454840810762512,0.0,11,34.16502075436663,35.950271226864785,True,0.9503411125542752,2019-03-01,MESA_OPEN_DATA_2026,https://data.mesaaz.gov/d/5zhe-5nig,dataset 5zhe-5nig; retrieved 2026-08-22,study-derived after declared sensor and completeness QA
2019-03-11,6.960582920964117,0.0,0.0,10.994339348592089,12.436594023307164,0.8446266691510876,4.8552915397617555,0.0008242166963302,0.0,0.0007944444815317,0.0,11,36.09143450177621,36.09305316295408,True,0.9999551531101967,2019-03-01,MESA_OPEN_DATA_2026,https://data.mesaaz.gov/d/5zhe-5nig,dataset 5zhe-5nig; retrieved 2026-08-22,study-derived after declared sensor and completeness QA
2019-03-12,6.887436980726542,0.0,0.0,9.597888397569832,12.241481521999605,0.847000002861023,4.835250591900613,0.0,0.0,0.0,0.0,11,34.40905749505761,34.40905749505761,True,1.0,2019-03-01,MESA_OPEN_DATA_2026,https://data.mesaaz.gov/d/5zhe-5nig,dataset 5zhe-5nig; retrieved 2026-08-22,study-derived after declared sensor and completeness QA
2019-03-13,6.631250810899116,0.0,0.0,9.739755390532563,11.993891950774424,0.9712162606625092,4.771730320604625,0.0,0.0,0.0,0.0,11,34.107844733473236,34.107844733473236,True,1.0,2019-03-01,MESA_OPEN_DATA_2026,https://data.mesaaz.gov/d/5zhe-5nig,dataset 5zhe-5nig; retrieved 2026-08-22,study-derived after declared sensor and completeness QA
2019-03-14,6.715414865425339,0.0,0.0,9.83876122838369,11.941566452694868,0.971185432229605,4.7502393318266405,2.1250113283425256e-08,0.0,0.0,0.0,11,34.21716731056014,34.21716733181026,True,0.9999999993789633,2019-03-01,MESA_OPEN_DATA_2026,https://data.mesaaz.gov/d/5zhe-5nig,dataset 5zhe-5nig; retrieved 2026-08-22,study-derived after declared sensor and completeness QA
2019-03-15,6.716373302759948,0.0,0.0,9.500161951625788,11.734108539422351,0.8265624812907643,4.686728760765659,2.737670877032509e-11,0.0,0.0,0.0,11,33.46393503586451,33.463935035891886,True,0.9999999999991819,2019-03-01,MESA_OPEN_DATA_2026,https://data.mesaaz.gov/d/5zhe-5nig,dataset 5zhe-5nig; retrieved 2026-08-22,study-derived after declared sensor and completeness QA
2019-03-16,6.245556956529617,0.0,0.0,9.428934807247586,11.785910667975743,1.6250354333884187,4.135343794359101,0.0,0.0,0.0,0.0,11,33.22078165950047,33.22078165950047,True,1.0,2019-03-01,MESA_OPEN_DATA_2026,https://data.mesaaz.gov/d/5zhe-5nig,dataset 5zhe-5nig; retrieved 2026-08-22,study-derived after declared sensor and completeness QA
2019-03-17,7.320799428390132,0.0,0.0,9.693510070890188,11.744387531280518,1.030104207744201,4.150749469134543,0.0,0.0,0.0,0.0,11,33.93955070743959,33.93955070743959,True,1.0,2019-03-01,MESA_OPEN_DATA_2026,https://data.mesaaz.gov/d/5zhe-5nig,dataset 5zhe-5nig; retrieved 2026-08-22,study-derived after declared sensor and completeness QA
2019-03-18,7.814850772420566,0.0,0.0,10.543935070068196,12.409597057294778,0.7171249730926421,4.301268862684568,0.0,0.0,0.0,0.0,11,35.78677673556075,35.78677673556075,True,1.0,2019-03-01,MESA_OPEN_DATA_2026,https://data.mesaaz.gov/d/5zhe-5nig,dataset 5zhe-5nig; retrieved 2026-08-22,study-derived after declared sensor and completeness QA
2019-03-19,8.153411387790133,0.0,0.0,8.948654137722192,12.694635113080343,0.623189170161883,4.467109308309025,0.0,0.0,0.0,0.0,11,34.886999117063574,34.886999117063574,True,1.0,2019-03-01,MESA_OPEN_DATA_2026,https://data.mesaaz.gov/d/5zhe-5nig,dataset 5zhe-5nig; retrieved 2026-08-22,study-derived after declared sensor and completeness QA
2019-03-20,7.946664000882043,0.0,0.0,9.282391867926137,12.519260931281403,0.9011716672943698,4.330597767833213,2.124793659229339e-09,0.0,0.0,0.0,11,34.980086235217165,34.98008623734196,True,0.999999999939257,2019-03-01,MESA_OPEN_DATA_2026,https://data.mesaaz.gov/d/5zhe-5nig,dataset 5zhe-5nig; retrieved 2026-08-22,study-derived after declared sensor and completeness QA
2019-03-21,8.079241972499423,0.0,0.0,8.941147511496546,12.166885234912236,0.7184537743528684,4.223218731747734,8.6893463067e-06,0.0,0.0,0.0,11,34.12894722500881,34.12895591435512,True,0.9999997453966558,2019-03-01,MESA_OPEN_DATA_2026,https://data.mesaaz.gov/d/5zhe-5nig,dataset 5zhe-5nig; retrieved 2026-08-22,study-derived after declared sensor and completeness QA
2019-03-22,8.317562777466245,0.0,0.0,8.115619885488456,12.11210671464602,0.6744091464827459,4.1647008687257765,1.2085317596049413e-08,0.0,0.0,0.0,11,33.384399392809236,33.38439940489455,True,0.9999999996379951,2019-03-01,MESA_OPEN_DATA_2026,https://data.mesaaz.gov/d/5zhe-5nig,dataset 5zhe-5nig; retrieved 2026-08-22,study-derived after declared sensor and completeness QA
2019-03-25,8.350188787778219,1.517034403483073,0.0,10.727143049846765,12.732989384730656,0.6678170906172858,4.238006021579107,0.0,0.0,0.0,0.0,11,38.23317873803511,38.23317873803511,True,1.0,2019-03-01,MESA_OPEN_DATA_2026,https://data.mesaaz.gov/d/5zhe-5nig,dataset 5zhe-5nig; retrieved 2026-08-22,study-derived after declared sensor and completeness QA
2019-03-26,8.324211498101553,0.0,0.0,10.226207204027052,12.727097604672114,0.5995587530649371,4.276552864909172,0.0,0.0,0.0,0.0,11,36.153627924774824,36.153627924774824,True,1.0,2019-03-01,MESA_OPEN_DATA_2026,https://data.mesaaz.gov/d/5zhe-5nig,dataset 5zhe-5nig; retrieved 2026-08-22,study-derived after declared sensor and completeness QA
2019-03-28,7.9681571861108145,1.5170303344726563,0.0,8.782881887540366,12.046179242928822,0.7467849973382221,4.1015798363420695,0.0,0.0,0.0,0.0,11,35.16261348473295,35.16261348473295,True,1.0,2019-03-01,MESA_OPEN_DATA_2026,https://data.mesaaz.gov/d/5zhe-5nig,dataset 5zhe-5nig; retrieved 2026-08-22,study-derived after declared sensor and completeness QA
2019-04-02,8.209633135795594,0.0,0.0,8.903184015085323,13.346249574422837,0.5808949762748348,3.9510453194379807,0.0,0.0,0.0,0.0,11,34.991007021016564,34.991007021016564,True,1.0,2019-04-01,MESA_OPEN_DATA_2026,https://data.mesaaz.gov/d/5zhe-5nig,dataset 5zhe-5nig; retrieved 2026-08-22,study-derived after declared sensor and completeness QA
2019-04-04,8.223138950268428,2.27555414835612,0.0,8.110341780920168,12.46701875726382,0.7046724875974987,3.868096695923143,0.0,0.0,0.0,0.0,11,35.64882282032918,35.64882282032918,True,1.0,2019-04-01,MESA_OPEN_DATA_2026,https://data.mesaaz.gov/d/5zhe-5nig,dataset 5zhe-5nig; retrieved 2026-08-22,study-derived after declared sensor and completeness QA
2019-04-08,8.210311629374822,2.057465744018555,0.0,8.103388137843172,12.767381447553635,0.7923287546469105,3.846589051269823,0.0,0.0,0.0,0.0,11,35.77746476470691,35.77746476470691,True,1.0,2019-04-01,MESA_OPEN_DATA_2026,https://data.mesaaz.gov/d/5zhe-5nig,dataset 5zhe-5nig; retrieved 2026-08-22,study-derived after declared sensor and completeness QA
2019-04-09,8.319383629163106,0.0,0.0,9.301221619981208,12.94914654199868,0.5841583095904853,3.986296165651745,0.0,0.0,0.0,0.0,11,35.14020626638522,35.14020626638522,True,1.0,2019-04-01,MESA_OPEN_DATA_2026,https://data.mesaaz.gov/d/5zhe-5nig,dataset 5zhe-5nig; retrieved 2026-08-22,study-derived after declared sensor and completeness QA
2019-04-10,8.284288714329401,0.0,0.0,8.295033072475974,12.540264000925983,0.813840429070923,3.876372085446173,0.0,0.0,0.0,0.0,11,33.80979830224845,33.80979830224845,True,1.0,2019-04-01,MESA_OPEN_DATA_2026,https://data.mesaaz.gov/d/5zhe-5nig,dataset 5zhe-5nig; retrieved 2026-08-22,study-derived after declared sensor and completeness QA
2019-04-11,8.144906957944235,0.0,0.0,8.1179067713206,12.189622497558592,0.6958949858115779,3.8661086878014936,0.0,0.0,0.0,0.0,11,33.0144399004365,33.0144399004365,True,1.0,2019-04-01,MESA_OPEN_DATA_2026,https://data.mesaaz.gov/d/5zhe-5nig,dataset 5zhe-5nig; retrieved 2026-08-22,study-derived after declared sensor and completeness QA
2019-04-15,0.0,2.275538380940755,0.0,6.399137731948447,12.359383539358776,0.6573374855021635,3.844175372521083,8.190808679660162,0.0,0.0,0.0,11,25.535572510271223,33.72638118993139,True,0.7571394145866609,2019-04-01,MESA_OPEN_DATA_2026,https://data.mesaaz.gov/d/5zhe-5nig,dataset 5zhe-5nig; retrieved 2026-08-22,study-derived after declared sensor and completeness QA
2019-04-16,0.0,0.0,0.0,6.834165392446454,12.542773137489954,0.5480791945424345,3.984308393134011,8.13655238946279,0.0974999964237213,1.905675640122758,0.0,11,23.909326117612853,34.04905414362212,True,0.7022023583022617,2019-04-01,MESA_OPEN_DATA_2026,https://data.mesaaz.gov/d/5zhe-5nig,dataset 5zhe-5nig; retrieved 2026-08-22,study-derived after declared sensor and completeness QA
2019-04-17,0.0,0.0,0.0,9.814969502137984,12.43386004230106,0.8078391856617397,3.9336422880213906,8.106225144863128,0.0324999988079071,0.9056958047052224,0.0,11,26.99031101812217,36.034731966498434,True,0.7490082358102488,2019-04-01,MESA_OPEN_DATA_2026,https://data.mesaaz.gov/d/5zhe-5nig,dataset 5zhe-5nig; retrieved 2026-08-22,study-derived after declared sensor and completeness QA
2019-04-18,0.0,0.0,0.0,8.22097586847909,12.36737046043078,0.643712107423279,3.96757702032725,7.953805468479792,0.0,0.000628472202354,0.0,11,25.199635456660403,33.154069397342546,True,0.7600766938938806,2019-04-01,MESA_OPEN_DATA_2026,https://data.mesaaz.gov/d/5zhe-5nig,dataset 5zhe-5nig; retrieved 2026-08-22,study-derived after declared sensor and completeness QA
2019-04-22,8.210872487227123,2.275528717041015,0.0,7.928507205137845,13.290956616401672,0.712215301891168,3.861369504200088,0.0364398048880199,0.0,0.0,0.0,11,36.279449831898916,36.315889636786935,True,0.9989965878503192,2019-04-01,MESA_OPEN_DATA_2026,https://data.mesaaz.gov/d/5zhe-5nig,dataset 5zhe-5nig; retrieved 2026-08-22,study-derived after declared sensor and completeness QA
2019-04-23,7.971268633008004,0.0,0.0,8.503257031698418,13.26907753944397,0.6743194241490629,3.863970915145344,0.0366190120577812,0.0,0.0,0.0,11,34.281893543444795,34.31851255550258,True,0.9989329662234468,2019-04-01,MESA_OPEN_DATA_2026,https://data.mesaaz.gov/d/5zhe-5nig,dataset 5zhe-5nig; retrieved 2026-08-22,study-derived after declared sensor and completeness QA
2019-04-25,8.187884507576625,2.275549570719401,0.0,8.225247974238856,12.452645901838938,0.813166672984759,3.885623674591382,0.0190779500679733,0.0,0.0,0.0,11,35.84011830194996,35.85919625201793,True,0.9994679760825119,2019-04-01,MESA_OPEN_DATA_2026,https://data.mesaaz.gov/d/5zhe-5nig,dataset 5zhe-5nig; retrieved 2026-08-22,study-derived after declared sensor and completeness QA
2019-04-29,8.041774070262909,2.5105657637429735,0.0,9.036925493580762,13.058368360996246,0.9828333217236732,3.911358274353875,0.0287381154717877,0.0,0.0,0.0,11,37.54182528466044,37.57056340013223,True,0.9992350895788885,2019-04-01,MESA_OPEN_DATA_2026,https://data.mesaaz.gov/d/5zhe-5nig,dataset 5zhe-5nig; retrieved 2026-08-22,study-derived after declared sensor and completeness QA
2019-05-02,8.254921579360962,2.30106220037754,0.0,9.635746904424902,12.084350037574769,0.6104514126976331,3.9531459006998273,0.0235860966107187,0.0,0.0,0.0,11,36.839678035135634,36.863264131746355,True,0.9993601734093208,2019-05-01,MESA_OPEN_DATA_2026,https://data.mesaaz.gov/d/5zhe-5nig,dataset 5zhe-5nig; retrieved 2026-08-22,study-derived after declared sensor and completeness QA
2019-05-06,8.270757166544596,2.275550842285156,0.0,8.794147657701014,12.13810578584671,0.7201458149486117,4.018629147277938,0.0478771689115092,0.0,0.0,0.0,11,36.21733641460402,36.26521358351553,True,0.9986798045790836,2019-05-01,MESA_OPEN_DATA_2026,https://data.mesaaz.gov/d/5zhe-5nig,dataset 5zhe-5nig; retrieved 2026-08-22,study-derived after declared sensor and completeness QA
2019-05-07,8.307377781470617,0.0,0.0,9.229739726878076,12.188195963700611,0.6466041600538625,4.032873603370454,0.0505531039399405,0.0,0.0,0.0,11,34.404791235473624,34.455344339413564,True,0.9985327935358315,2019-05-01,MESA_OPEN_DATA_2026,https://data.mesaaz.gov/d/5zhe-5nig,dataset 5zhe-5nig; retrieved 2026-08-22,study-derived after declared sensor and completeness QA
2019-05-09,8.033850646018982,2.275542449951172,0.0,8.519605555078607,11.514998259147008,0.7868680680791537,3.898631946908103,0.0186033269778514,0.0,0.0,0.0,11,35.029496925183025,35.04810025216088,True,0.9994692058387186,2019-05-01,MESA_OPEN_DATA_2026,https://data.mesaaz.gov/d/5zhe-5nig,dataset 5zhe-5nig; retrieved 2026-08-22,study-derived after declared sensor and completeness QA
2019-05-13,8.21449071963628,2.275552876790365,0.0,9.177658360345823,12.00985231200854,0.7309722411963675,3.96480424536599,0.0491172722113939,0.0,0.0,0.0,11,36.37333075534337,36.422448027554765,True,0.9986514560423221,2019-05-01,MESA_OPEN_DATA_2026,https://data.mesaaz.gov/d/5zhe-5nig,dataset 5zhe-5nig; retrieved 2026-08-22,study-derived after declared sensor and completeness QA
2019-05-14,8.139573534329733,0.0342597274963433,0.0,8.211645573618702,11.938679295778275,0.60354858967993,3.907573676109314,0.045021148220015,0.0,0.0,0.0,11,32.8352803970123,32.880301545232314,True,0.9986307562247237,2019-05-01,MESA_OPEN_DATA_2026,https://data.mesaaz.gov/d/5zhe-5nig,dataset 5zhe-5nig; retrieved 2026-08-22,study-derived after declared sensor and completeness QA
2019-05-16,8.321734052896499,2.2755399068196613,0.0,8.02457713991883,11.768207983175914,0.7798680410616927,3.9734958840741057,0.0256500699518558,0.0,0.0,0.0,11,35.1434230079467,35.16907307789856,True,0.9992706640321443,2019-05-01,MESA_OPEN_DATA_2026,https://data.mesaaz.gov/d/5zhe-5nig,dataset 5zhe-5nig; retrieved 2026-08-22,study-derived after declared sensor and completeness QA
2019-05-20,8.178428729375204,2.2755399068196613,0.0,8.799707714971156,12.006927053133646,0.7929861268235577,3.92595004538695,0.0389060414978303,0.0,0.0,0.0,11,35.97953957651017,36.018445618008,True,0.9989198300806634,2019-05-01,MESA_OPEN_DATA_2026,https://data.mesaaz.gov/d/5zhe-5nig,dataset 5zhe-5nig; retrieved 2026-08-22,study-derived after declared sensor and completeness QA
2019-05-21,8.214461647167486,0.0,0.0,7.923093432046428,11.97113970518112,0.5652638715174463,4.012163900666767,0.0504283880962678,0.0,0.0,0.0,11,32.68612255657925,32.736550944675514,True,0.9984595692997259,2019-05-01,MESA_OPEN_DATA_2026,https://data.mesaaz.gov/d/5zhe-5nig,dataset 5zhe-5nig; retrieved 2026-08-22,study-derived after declared sensor and completeness QA
2019-05-23,8.021011644601822,2.4763063087748987,0.0,7.4013891785616845,11.421354242165885,0.7057500212556787,3.94972782433033,0.0158557932688078,0.0,0.0,0.0,11,33.9755392196903,33.9913950129591,True,0.9995335350825478,2019-05-01,MESA_OPEN_DATA_2026,https://data.mesaaz.gov/d/5zhe-5nig,dataset 5zhe-5nig; retrieved 2026-08-22,study-derived after declared sensor and completeness QA
2019-05-27,7.744016194343567,2.7206033040458957,0.0,7.471210734394435,11.77012907465299,0.7242569472226832,3.825495879848798,0.0236882379724799,0.0,0.0,0.0,11,34.25571213450837,34.27940037248085,True,0.9993089658011785,2019-05-01,MESA_OPEN_DATA_2026,https://data.mesaaz.gov/d/5zhe-5nig,dataset 5zhe-5nig; retrieved 2026-08-22,study-derived after declared sensor and completeness QA
2019-05-28,7.498711306404602,0.0009317222702469,0.0,8.14687074568985,11.353949687878291,0.5395624927348561,3.6942834112379286,0.0150762705267264,0.0,0.0,0.0,11,31.234309366215776,31.249385636742502,True,0.9995175498583563,2019-05-01,MESA_OPEN_DATA_2026,https://data.mesaaz.gov/d/5zhe-5nig,dataset 5zhe-5nig; retrieved 2026-08-22,study-derived after declared sensor and completeness QA
2019-05-29,7.869687341650328,0.0,0.0,7.708251822800548,11.808550224144588,0.5609930327369107,3.9029345583733206,0.0341035084954152,0.0,0.0,0.0,11,31.850416979705695,31.88452048820111,True,0.9989304054766,2019-05-01,MESA_OPEN_DATA_2026,https://data.mesaaz.gov/d/5zhe-5nig,dataset 5zhe-5nig; retrieved 2026-08-22,study-derived after declared sensor and completeness QA
2019-05-30,7.930665693680445,0.0358036930672824,0.0,7.718141319175009,11.593847779432933,0.7647083467907376,3.903020948171616,0.0210082009357089,0.0,0.0,0.0,11,31.946187780318024,31.96719598125373,True,0.9993428200287562,2019-05-01,MESA_OPEN_DATA_2026,https://data.mesaaz.gov/d/5zhe-5nig,dataset 5zhe-5nig; retrieved 2026-08-22,study-derived after declared sensor and completeness QA
2019-05-31,6.123080864548683,0.0124054464883455,0.0,7.399910894460563,11.523978292942047,0.7911527802546818,3.8812967985868454,0.10152912808116521,0.0,0.0,0.0,11,29.731825077281165,29.83335420536233,True,0.9965967913838225,2019-05-01,MESA_OPEN_DATA_2026,https://data.mesaaz.gov/d/5zhe-5nig,dataset 5zhe-5nig; retrieved 2026-08-22,study-derived after declared sensor and completeness QA
2019-06-02,7.782179125812319,0.0081693615363393,0.0,7.207393517552129,11.500769820100574,0.7929652610586749,3.769802135725816,0.0203040460409182,0.0,0.0,0.0,11,31.06127922178585,31.08158326782677,True,0.9993467499430141,2019-06-01,MESA_OPEN_DATA_2026,https://data.mesaaz.gov/d/5zhe-5nig,dataset 5zhe-5nig; retrieved 2026-08-22,study-derived after declared sensor and completeness QA
2019-06-03,7.701788551277584,1.14359674616e-05,0.0,8.322671991946672,11.868812673778296,0.6916458552910222,3.782854159673055,0.0206780465319752,0.0,0.0,0.19386528349585,11,32.36778466793409,32.58232799796192,True,0.9934153468088207,2019-06-01,MESA_OPEN_DATA_2026,https://data.mesaaz.gov/d/5zhe-5nig,dataset 5zhe-5nig; retrieved 2026-08-22,study-derived after declared sensor and completeness QA
2019-06-04,7.822338132725822,1.9107106001096482e-08,0.0,7.483716299721946,11.778679002143743,0.5403125261267027,3.827531317869822,0.0245942942047905,0.0,0.0,0.0001347222261958,11,31.452577297695143,31.47730631412613,True,0.9992143858758369,2019-06-01,MESA_OPEN_DATA_2026,https://data.mesaaz.gov/d/5zhe-5nig,dataset 5zhe-5nig; retrieved 2026-08-22,study-derived after declared sensor and completeness QA
2019-06-05,7.756765246391296,1.7559781621853985e-07,0.0,7.590089427845432,11.624787203957208,0.7135764174163342,3.97643198285784,0.0119920718186121,0.0,0.0,0.0,11,31.661650454065928,31.67364252588454,True,0.9996213864001019,2019-06-01,MESA_OPEN_DATA_2026,https://data.mesaaz.gov/d/5zhe-5nig,dataset 5zhe-5nig; retrieved 2026-08-22,study-derived after declared sensor and completeness QA
2019-06-06,7.391970516575707,3.629178912352889e-07,0.0,7.630072395984699,11.522945596774418,1.1968472103277843,4.011645915607612,0.0088106532464735,0.0,0.0,0.0,11,31.753481998188114,31.76229265143459,True,0.9997226065088196,2019-06-01,MESA_OPEN_DATA_2026,https://data.mesaaz.gov/d/5zhe-5nig,dataset 5zhe-5nig; retrieved 2026-08-22,study-derived after declared sensor and completeness QA
2019-06-07,6.919936814573076,0.021121250876794,0.0,7.461571742082606,11.49701849023501,1.2574374452233317,3.984291635453701,0.0142078356558663,0.0,0.0,0.0,11,31.14137737844452,31.155585214100388,True,0.9995439714722664,2019-06-01,MESA_OPEN_DATA_2026,https://data.mesaaz.gov/d/5zhe-5nig,dataset 5zhe-5nig; retrieved 2026-08-22,study-derived after declared sensor and completeness QA
2019-06-08,7.593838918209076,2.97744685244e-05,0.0,7.419701531644365,11.506114149093628,0.7445069530771838,3.960250037411849,0.0118355461900743,0.0,0.0,0.0,11,31.224441363904628,31.236276910094702,True,0.9996210961304979,2019-06-01,MESA_OPEN_DATA_2026,https://data.mesaaz.gov/d/5zhe-5nig,dataset 5zhe-5nig; retrieved 2026-08-22,study-derived after declared sensor and completeness QA
2019-06-09,7.552066124810112,1.660492038979555e-07,0.0,7.637441087252928,11.5613936205705,0.6864236137933202,4.0599477887153625,0.0119821932697151,0.0,0.0,0.0539625013997364,11,31.497272401191427,31.56321709586088,True,0.9979107106075666,2019-06-01,MESA_OPEN_DATA_2026,https://data.mesaaz.gov/d/5zhe-5nig,dataset 5zhe-5nig; retrieved 2026-08-22,study-derived after declared sensor and completeness QA
2019-06-10,7.65882084303432,3.651008601224248e-07,0.0,7.813294993892223,11.750506250063578,0.7467777902881304,3.955114578207334,0.0191163200264175,0.0,0.0,3.75000009727e-05,11,31.924514820586445,31.943668640613833,True,0.9994003875934577,2019-06-01,MESA_OPEN_DATA_2026,https://data.mesaaz.gov/d/5zhe-5nig,dataset 5zhe-5nig; retrieved 2026-08-22,study-derived after declared sensor and completeness QA
2019-06-11,7.759054220385021,5.7902642256222084e-08,0.0,7.397203183338339,11.9922937810421,0.592625012414323,3.993583291769028,0.0221360895291177,0.0,0.0,0.2648159579270416,11,31.734759546851457,32.02171159430762,True,0.9910388285582095,2019-06-01,MESA_OPEN_DATA_2026,https://data.mesaaz.gov/d/5zhe-5nig,dataset 5zhe-5nig; retrieved 2026-08-22,study-derived after declared sensor and completeness QA
2019-06-12,6.784112015035418,4.375152024079417e-07,0.0,7.161642563184211,11.654319032033284,0.7752291721602281,3.970250549794239,0.9269186742759,0.0,0.0,0.0001840277678436,11,30.345553769722585,31.27265647176633,True,0.9703542069449471,2019-06-01,MESA_OPEN_DATA_2026,https://data.mesaaz.gov/d/5zhe-5nig,dataset 5zhe-5nig; retrieved 2026-08-22,study-derived after declared sensor and completeness QA
2019-06-13,7.756614916192161,4.229054524055679e-07,0.0,7.656429918329808,11.806652243932088,0.9538194239139556,3.873020812869072,0.0324911302421242,0.0,0.0,0.1259125020251505,11,32.04653773814253,32.204941370409806,True,0.995081387342229,2019-06-01,MESA_OPEN_DATA_2026,https://data.mesaaz.gov/d/5zhe-5nig,dataset 5zhe-5nig; retrieved 2026-08-22,study-derived after declared sensor and completeness QA
2019-06-14,7.201492838727104,3.797225682136387e-07,0.0,7.61246478374668,11.639977425336838,1.4532569013535976,3.920489586889744,0.0780817116352005,0.0,0.0,8.75000014073e-05,11,31.82768191577653,31.905851127413136,True,0.9975500038746986,2019-06-01,MESA_OPEN_DATA_2026,https://data.mesaaz.gov/d/5zhe-5nig,dataset 5zhe-5nig; retrieved 2026-08-22,study-derived after declared sensor and completeness QA
2019-06-15,7.635673209031423,5.637463521187177e-08,0.0,7.458484839392897,11.629020543893178,0.6987777799367905,3.874489655097326,0.0613202755442923,0.0,0.0,0.0,11,31.29644608372625,31.357766359270542,True,0.9980444947882532,2019-06-01,MESA_OPEN_DATA_2026,https://data.mesaaz.gov/d/5zhe-5nig,dataset 5zhe-5nig; retrieved 2026-08-22,study-derived after declared sensor and completeness QA
2019-06-16,7.534251493215561,2.9632502642268973e-07,0.0,7.531193779448534,11.639560355742772,0.6806527723868688,3.806708328425884,0.0509604255358378,0.0,0.0,0.0,11,31.192367025544645,31.243327451080482,True,0.998368918111695,2019-06-01,MESA_OPEN_DATA_2026,https://data.mesaaz.gov/d/5zhe-5nig,dataset 5zhe-5nig; retrieved 2026-08-22,study-derived after declared sensor and completeness QA
2019-06-17,7.574283038907581,1.0673654567447707e-09,0.0,7.549631888028924,11.907916659116744,0.694513881786002,3.8920936385790506,0.0638694059931569,0.0,0.0,0.0,11,31.618439107485667,31.682308513478823,True,0.9979840671658764,2019-06-01,MESA_OPEN_DATA_2026,https://data.mesaaz.gov/d/5zhe-5nig,dataset 5zhe-5nig; retrieved 2026-08-22,study-derived after declared sensor and completeness QA
2019-06-18,7.59509918557273,9.114583316489128e-13,0.0,7.427899450524748,11.868675031264624,0.5202847205930285,3.844510515530904,0.0638007757564385,0.0,0.0,0.0,11,31.256468903486947,31.320269679243385,True,0.9979629557341034,2019-06-01,MESA_OPEN_DATA_2026,https://data.mesaaz.gov/d/5zhe-5nig,dataset 5zhe-5nig; retrieved 2026-08-22,study-derived after declared sensor and completeness QA
2019-06-19,7.780112478468153,4.825133185843495e-07,0.0,7.295934693413459,12.191230568998549,0.6655486147436831,3.890508743944068,0.0629335110800133,0.0,0.0,0.0829423579542587,11,31.82333558208123,31.969211451115505,True,0.9954369888272867,2019-06-01,MESA_OPEN_DATA_2026,https://data.mesaaz.gov/d/5zhe-5nig,dataset 5zhe-5nig; retrieved 2026-08-22,study-derived after declared sensor and completeness QA
2019-06-20,7.62252064148585,8.271323158245045e-08,0.0,7.399408941446843,11.82252220716198,0.6883750102586217,3.882093720138073,0.0516088179260906,0.0,0.0,0.1349638942473878,11,31.414920603204596,31.601493315378075,True,0.9940960792481699,2019-06-01,MESA_OPEN_DATA_2026,https://data.mesaaz.gov/d/5zhe-5nig,dataset 5zhe-5nig; retrieved 2026-08-22,study-derived after declared sensor and completeness QA
2019-06-21,7.672318511539036,3.422570083147195e-07,0.0,7.49202300282787,11.593841528892517,0.6851388915545411,3.869135374824206,0.05743556369303,0.0,0.0,9.37500037252e-05,11,31.31245765189518,31.369986965591934,True,0.9981661033598817,2019-06-01,MESA_OPEN_DATA_2026,https://data.mesaaz.gov/d/5zhe-5nig,dataset 5zhe-5nig; retrieved 2026-08-22,study-derived after declared sensor and completeness QA
2019-06-22,7.578394011656443,9.921041690890637e-08,0.0,7.546225405621932,11.518191315730412,0.9185972089568774,3.8205103501677513,0.0676536640204075,0.0,0.0,0.0,11,31.381918391343834,31.449572055364243,True,0.9978488208392372,2019-06-01,MESA_OPEN_DATA_2026,https://data.mesaaz.gov/d/5zhe-5nig,dataset 5zhe-5nig; retrieved 2026-08-22,study-derived after declared sensor and completeness QA
2019-06-23,7.83060311542617,4.0415976888160305e-07,0.0,7.3248068581347,11.610930907726289,0.639347229566839,3.8041665678222976,0.0653669649010731,0.0,0.0,0.0,11,31.20985508283606,31.275222047737135,True,0.997909944018901,2019-06-01,MESA_OPEN_DATA_2026,https://data.mesaaz.gov/d/5zhe-5nig,dataset 5zhe-5nig; retrieved 2026-08-22,study-derived after declared sensor and completeness QA
2019-06-24,7.769547037945854,4.1275425262357306e-07,0.0,6.825707350312128,12.059427243471143,0.6550625177721182,3.792125053703785,0.0752605017171137,0.0,0.0,0.0,11,31.101869615959284,31.1771301176764,True,0.997586034973936,2019-06-01,MESA_OPEN_DATA_2026,https://data.mesaaz.gov/d/5zhe-5nig,dataset 5zhe-5nig; retrieved 2026-08-22,study-derived after declared sensor and completeness QA
2019-06-25,7.727139208051893,5.732855770348681e-10,0.0,7.5057999518002365,13.220055754559429,0.5054166672958268,3.887989523510138,0.080597931270798,0.0,0.0,0.0,11,32.846401105790804,32.9269990370616,True,0.9975522235968095,2019-06-01,MESA_OPEN_DATA_2026,https://data.mesaaz.gov/d/5zhe-5nig,dataset 5zhe-5nig; retrieved 2026-08-22,study-derived after declared sensor and completeness QA
2019-06-26,7.395889761050542,5.140288386150537e-07,0.0,7.5376530312118595,12.289076562711456,0.9942221881614792,3.85634417460923,0.0752217543725338,0.0,0.0,0.0,11,32.073186231773406,32.14840798614594,True,0.9976601717134811,2019-06-01,MESA_OPEN_DATA_2026,https://data.mesaaz.gov/d/5zhe-5nig,dataset 5zhe-5nig; retrieved 2026-08-22,study-derived after declared sensor and completeness QA
2019-06-27,1.6651537896858322,1.2230156884760233e-08,0.0,7.5480507898438916,11.844742583212618,0.937673612187306,3.8114688570300737,5.456934834023317,0.0,0.0,0.0,11,25.80708964418988,31.264024478213194,True,0.8254564175566693,2019-06-01,MESA_OPEN_DATA_2026,https://data.mesaaz.gov/d/5zhe-5nig,dataset 5zhe-5nig; retrieved 2026-08-22,study-derived after declared sensor and completeness QA
2019-06-28,0.0023016444510883,1.7972291933689e-08,0.0,7.534852256946998,10.626756250858309,1.0817222342722943,3.867406281332175,7.131544777419832,0.0,0.0,0.0,11,23.113038685833157,30.24458346325299,True,0.7642042322690732,2019-06-01,MESA_OPEN_DATA_2026,https://data.mesaaz.gov/d/5zhe-5nig,dataset 5zhe-5nig; retrieved 2026-08-22,study-derived after declared sensor and completeness QA
2019-06-29,4.089263244469961,4.400192638895659e-07,0.0,7.491399105153687,11.46814832687378,1.0609374451968403,3.8066458279887834,3.208851969242096,0.0,0.0,0.0,11,27.916394389702315,31.125246358944413,True,0.8969051704125717,2019-06-01,MESA_OPEN_DATA_2026,https://data.mesaaz.gov/d/5zhe-5nig,dataset 5zhe-5nig; retrieved 2026-08-22,study-derived after declared sensor and completeness QA
2019-06-30,7.347305716077487,4.305381993203245e-09,0.0,7.582067318662184,11.611757078766821,1.1290000047948625,3.8668645309905214,0.00850626161393135,0.0,0.0,0.0,11,31.536994653597258,31.54550091521119,True,0.9997303494518348,2019-06-01,MESA_OPEN_DATA_2026,https://data.mesaaz.gov/d/5zhe-5nig,dataset 5zhe-5nig; retrieved 2026-08-22,study-derived after declared sensor and completeness QA
2019-07-02,7.378926557964749,5.441926974633946e-10,0.0,7.588729688785372,11.785652335484825,0.997430564628707,3.9002917607625327,0.0095235198289932,0.0,0.0,0.0,11,31.65103090817038,31.660554427999372,True,0.999699199208572,2019-07-01,MESA_OPEN_DATA_2026,https://data.mesaaz.gov/d/5zhe-5nig,dataset 5zhe-5nig; retrieved 2026-08-22,study-derived after declared sensor and completeness QA
2019-07-03,7.497240205605824,4.373924422888192e-07,0.0,7.333543895370973,11.61869708663749,0.8268680365549194,4.054367293366501,0.0135026143812057,0.0,0.0,0.0,11,31.330716954928146,31.344219569309352,True,0.9995692151673661,2019-07-01,MESA_OPEN_DATA_2026,https://data.mesaaz.gov/d/5zhe-5nig,dataset 5zhe-5nig; retrieved 2026-08-22,study-derived after declared sensor and completeness QA
2019-07-04,7.56190389196078,1.8030977545614573e-08,0.0,7.452320371765419,11.47380205988884,0.7621180456545618,3.8313645819822946,0.0073045658018802,0.0,0.0,0.0,11,31.081508969282872,31.088813535084753,True,0.9997650419887,2019-07-01,MESA_OPEN_DATA_2026,https://data.mesaaz.gov/d/5zhe-5nig,dataset 5zhe-5nig; retrieved 2026-08-22,study-derived after declared sensor and completeness QA
2019-07-05,7.390602068106333,3.790127527726463e-07,0.0,7.400701620654587,11.378585127989451,0.7213889161745707,3.7834791590770087,0.0078123963716077,0.0,0.0,0.0,11,30.674757271014705,30.682569667386314,True,0.9997453799842615,2019-07-01,MESA_OPEN_DATA_2026,https://data.mesaaz.gov/d/5zhe-5nig,dataset 5zhe-5nig; retrieved 2026-08-22,study-derived after declared sensor and completeness QA
2019-07-06,7.332447970575757,1.991264328241963e-08,0.0,7.035877634361257,11.179375304778416,0.683319427486923,3.746385467549165,0.0107184371380652,0.0,0.0,0.0,11,29.977405824664157,29.988124261802223,True,0.9996425772734402,2019-07-01,MESA_OPEN_DATA_2026,https://data.mesaaz.gov/d/5zhe-5nig,dataset 5zhe-5nig; retrieved 2026-08-22,study-derived after declared sensor and completeness QA
2019-07-07,7.298432817061742,4.605520805661061e-07,0.0,7.631050203483588,10.880908447504044,0.7804583128955629,3.65792714804411,0.0091761362544881,0.0,0.0,0.0,11,30.248777389541125,30.257953525795614,True,0.9996967363887758,2019-07-01,MESA_OPEN_DATA_2026,https://data.mesaaz.gov/d/5zhe-5nig,dataset 5zhe-5nig; retrieved 2026-08-22,study-derived after declared sensor and completeness QA
2019-07-08,7.389874053001404,2.320599874730236e-08,0.0,7.132394039119757,11.316516651709874,0.7164305419557624,3.74309370915095,0.0110260101216327,0.0,0.0,0.0,11,30.298309018143748,30.30933502826538,True,0.999636217353124,2019-07-01,MESA_OPEN_DATA_2026,https://data.mesaaz.gov/d/5zhe-5nig,dataset 5zhe-5nig; retrieved 2026-08-22,study-derived after declared sensor and completeness QA
2019-07-09,7.695242254601585,2.690186630867804e-09,0.0,8.791968230515248,11.563977213700612,0.5780916795134544,3.8122812137007713,0.0218380553001124,0.0,0.0,0.0,11,32.44156059472186,32.46339865002197,True,0.9993273022478162,2019-07-01,MESA_OPEN_DATA_2026,https://data.mesaaz.gov/d/5zhe-5nig,dataset 5zhe-5nig; retrieved 2026-08-22,study-derived after declared sensor and completeness QA
2019-07-10,2.2886474082867303,4.3496333014999185e-08,0.0,7.563716406979306,11.552912582413422,0.7486805514329009,3.873362884714078,5.106992653508981,0.0,0.0,0.0,11,26.027319877322775,31.134312530831757,True,0.8359689924596337,2019-07-01,MESA_OPEN_DATA_2026,https://data.mesaaz.gov/d/5zhe-5nig,dataset 5zhe-5nig; retrieved 2026-08-22,study-derived after declared sensor and completeness QA
2019-07-11,0.0031682322422663,4.705530243528008e-07,0.0,7.816043084982144,11.510943116422473,0.7453611155351003,3.8670730193456015,7.525875245862537,0.0,0.0,0.0,11,23.94258903908061,31.468464284943146,True,0.7608438982685445,2019-07-01,MESA_OPEN_DATA_2026,https://data.mesaaz.gov/d/5zhe-5nig,dataset 5zhe-5nig; retrieved 2026-08-22,study-derived after declared sensor and completeness QA
2019-07-12,0.0,1.7309332184862254e-08,0.0,7.327284489609808,11.484027326024126,0.7565833615760008,3.893718803922335,7.413065825568305,0.0,0.0,0.0,11,23.461613998441607,30.87467982400991,True,0.7598982121329245,2019-07-01,MESA_OPEN_DATA_2026,https://data.mesaaz.gov/d/5zhe-5nig,dataset 5zhe-5nig; retrieved 2026-08-22,study-derived after declared sensor and completeness QA
2019-07-13,0.0,4.239242159630329e-07,0.0,7.505275724305835,11.49718958877224,0.7251916456553671,3.915770724415779,7.3492777744929,0.0,0.0,0.0,11,23.643428107073436,30.992705881566337,True,0.7628707282746789,2019-07-01,MESA_OPEN_DATA_2026,https://data.mesaaz.gov/d/5zhe-5nig,dataset 5zhe-5nig; retrieved 2026-08-22,study-derived after declared sensor and completeness QA
2019-07-14,0.0,4.4305541363106234e-07,0.0,7.415511256427513,11.58861279686292,0.7721944330467119,3.8783958529432616,7.382033444113201,0.0,0.0,0.0,11,23.654714782335816,31.036748226449017,True,0.7621518404488538,2019-07-01,MESA_OPEN_DATA_2026,https://data.mesaaz.gov/d/5zhe-5nig,dataset 5zhe-5nig; retrieved 2026-08-22,study-derived after declared sensor and completeness QA
2019-07-15,0.0,1.5756832162495806e-08,0.0,7.784564959564924,11.882022885481517,0.8346812615378035,3.962055614259508,7.359823186530007,0.0,0.0,0.0,11,24.463324736600583,31.82314792313059,True,0.7687273677541958,2019-07-01,MESA_OPEN_DATA_2026,https://data.mesaaz.gov/d/5zhe-5nig,dataset 5zhe-5nig; retrieved 2026-08-22,study-derived after declared sensor and completeness QA
2019-07-16,0.0,2.1059028595023695e-11,0.0,7.775822221574118,11.892937149604162,0.7050423500852452,3.97882231341468,7.554196343157027,0.0,0.0,0.0,11,24.352624034699268,31.906820377856295,True,0.7632419572462404,2019-07-01,MESA_OPEN_DATA_2026,https://data.mesaaz.gov/d/5zhe-5nig,dataset 5zhe-5nig; retrieved 2026-08-22,study-derived after declared sensor and completeness QA
2019-07-17,0.0,0.0076495751369899,0.0,7.534712461249486,11.86267446377347,0.8233777860800425,4.051185541405671,7.470450427797106,0.0,0.0,0.0,11,24.279599827645654,31.75005025544276,True,0.7647105951740508,2019-07-01,MESA_OPEN_DATA_2026,https://data.mesaaz.gov/d/5zhe-5nig,dataset 5zhe-5nig; retrieved 2026-08-22,study-derived after declared sensor and completeness QA
2019-07-18,0.0,0.0094149861995699,0.0,7.616211612675127,11.7070414463679,0.8607486004216803,3.976791736980279,7.423325591617161,0.0,0.0,0.0,11,24.170208382644553,31.593533974261714,True,0.7650365547056333,2019-07-01,MESA_OPEN_DATA_2026,https://data.mesaaz.gov/d/5zhe-5nig,dataset 5zhe-5nig; retrieved 2026-08-22,study-derived after declared sensor and completeness QA
2019-07-19,0.0,0.0107029529456566,0.0,7.395569377386381,11.726918985446297,0.8427361180384954,4.0086560770869255,7.4746013879776,0.0,0.0,0.0,11,23.984583510903754,31.459184898881354,True,0.7624032087289272,2019-07-01,MESA_OPEN_DATA_2026,https://data.mesaaz.gov/d/5zhe-5nig,dataset 5zhe-5nig; retrieved 2026-08-22,study-derived after declared sensor and completeness QA
2019-07-20,4.980633105172052,0.0093265401018369,0.0,7.510594011546076,11.688087224960327,0.7745764034075869,3.919011092185974,2.720060145523813,0.0,0.0,0.0,11,28.882228377373853,31.602288522897666,True,0.9139283807388514,2019-07-01,MESA_OPEN_DATA_2026,https://data.mesaaz.gov/d/5zhe-5nig,dataset 5zhe-5nig; retrieved 2026-08-22,study-derived after declared sensor and completeness QA
2019-07-21,7.738863517178429,0.0101625701645389,0.0,8.041289294541246,11.730274544159572,0.8124541773150364,3.8883333444595336,0.0546784793595886,0.0,0.0,0.0,11,32.221377447818355,32.27605592717794,True,0.9983059119898988,2019-07-01,MESA_OPEN_DATA_2026,https://data.mesaaz.gov/d/5zhe-5nig,dataset 5zhe-5nig; retrieved 2026-08-22,study-derived after declared sensor and completeness QA
2019-07-22,7.601057581106821,1.44895428311e-05,0.0,9.536647193645708,11.862183797359467,0.8140000104904175,3.910744457774692,0.0508632578421384,0.0,0.0,0.0,11,33.724647529919935,33.77551078776207,True,0.998494078796861,2019-07-01,MESA_OPEN_DATA_2026,https://data.mesaaz.gov/d/5zhe-5nig,dataset 5zhe-5nig; retrieved 2026-08-22,study-derived after declared sensor and completeness QA
2019-07-23,7.914734127786424,0.0015888756695002,0.0,9.080532582182162,11.95017481048902,0.6261771007130543,4.049444561534457,0.0612907070563071,0.0,0.0,0.0,11,33.62265205837462,33.68394276543093,True,0.9981804176701307,2019-07-01,MESA_OPEN_DATA_2026,https://data.mesaaz.gov/d/5zhe-5nig,dataset 5zhe-5nig; retrieved 2026-08-22,study-derived after declared sensor and completeness QA
2019-07-24,7.96134153869417,0.0099824029531899,0.0,7.763197944946409,12.033929166847102,0.8183812267664407,4.136039860998927,0.0707789325258798,0.0,0.0,0.0,11,32.72287214120624,32.79365107373212,True,0.997841687942378,2019-07-01,MESA_OPEN_DATA_2026,https://data.mesaaz.gov/d/5zhe-5nig,dataset 5zhe-5nig; retrieved 2026-08-22,study-derived after declared sensor and completeness QA
2019-07-25,8.056251219908397,0.007865793384715,0.0,7.53750454313596,11.999831073351274,0.8250368315393741,4.111289251418341,0.0387859543992413,0.0,0.0,0.0,11,32.53777871273806,32.576564667137305,True,0.9988093908981639,2019-07-01,MESA_OPEN_DATA_2026,https://data.mesaaz.gov/d/5zhe-5nig,dataset 5zhe-5nig; retrieved 2026-08-22,study-derived after declared sensor and completeness QA
2019-07-26,7.529801327652401,0.0073385094441214,0.0,7.295171557386952,11.91917259698996,0.8384944077382304,4.095177579209773,0.4930584384749333,0.0,0.0,0.0,11,31.68515597842144,32.178214416896374,True,0.9846772592137358,2019-07-01,MESA_OPEN_DATA_2026,https://data.mesaaz.gov/d/5zhe-5nig,dataset 5zhe-5nig; retrieved 2026-08-22,study-derived after declared sensor and completeness QA
2019-07-27,8.273168391651577,0.0073157022435528,0.0,5.739739640465715,12.001887355248131,0.7262250022755729,4.060388829973009,0.0444997225370672,0.0,0.0,0.0,11,30.80872492185756,30.85322464439463,True,0.9985576962197644,2019-07-01,MESA_OPEN_DATA_2026,https://data.mesaaz.gov/d/5zhe-5nig,dataset 5zhe-5nig; retrieved 2026-08-22,study-derived after declared sensor and completeness QA
2019-07-29,7.9852735850546095,1.23265804747e-05,0.0,0.7335429680762388,12.09006265203158,0.8538805739747153,3.9369888305664062,0.0443878966306025,11.162500262260435,3.672877823478646,0.0,11,25.599760936284024,40.479526918653704,True,0.6324125523435203,2019-07-01,MESA_OPEN_DATA_2026,https://data.mesaaz.gov/d/5zhe-5nig,dataset 5zhe-5nig; retrieved 2026-08-22,study-derived after declared sensor and completeness QA
2019-07-31,8.302034435007307,0.008198686477731351,0.0,8.81841048791562,11.968665319226602,0.8284972392850452,4.135821851218422,0.03262082090239135,3.809999942779541,2.6074659783807066,0.0,11,34.06162801913073,40.511714761193375,True,0.8407846525360794,2019-07-01,MESA_OPEN_DATA_2026,https://data.mesaaz.gov/d/5zhe-5nig,dataset 5zhe-5nig; retrieved 2026-08-22,study-derived after declared sensor and completeness QA
2019-08-02,8.582346040010453,0.0095682863301287,0.0,10.00172931243976,12.11548767487208,0.8255384488031268,4.303124957945612,0.0419469803028429,0.0,0.002194444504049,0.0,11,35.837794720401156,35.88193614520805,True,0.9987698148553561,2019-08-01,MESA_OPEN_DATA_2026,https://data.mesaaz.gov/d/5zhe-5nig,dataset 5zhe-5nig; retrieved 2026-08-22,study-derived after declared sensor and completeness QA
2019-08-03,8.368986187378566,0.0049888691360441,0.0,8.827100174592557,11.870241888706806,0.7336933507273594,4.127411526441574,0.0096426835012001,0.0,0.0,0.0,11,33.93242199698291,33.94206468048411,True,0.9997159075739214,2019-08-01,MESA_OPEN_DATA_2026,https://data.mesaaz.gov/d/5zhe-5nig,dataset 5zhe-5nig; retrieved 2026-08-22,study-derived after declared sensor and completeness QA
2019-08-04,8.333817491928736,0.0066739234889003,0.0,0.5133532410242414,11.986497978369394,0.7511535870739156,4.019441651966837,1.99484134403e-05,2.662499964237213,0.0,0.0,11,25.610937873852023,28.27345778650268,True,0.9058297031528382,2019-08-01,MESA_OPEN_DATA_2026,https://data.mesaaz.gov/d/5zhe-5nig,dataset 5zhe-5nig; retrieved 2026-08-22,study-derived after declared sensor and completeness QA
2019-08-05,8.175891453027726,1.40731306951e-05,0.0,6.062600636624616,12.2255128800869,0.855845012764136,4.107774232659075,0.0025788233397179,12.557500302791595,3.4122542219029532,0.0,11,31.427638288293146,47.399971636327415,True,0.6630307403856536,2019-08-01,MESA_OPEN_DATA_2026,https://data.mesaaz.gov/d/5zhe-5nig,dataset 5zhe-5nig; retrieved 2026-08-22,study-derived after declared sensor and completeness QA
2019-08-06,8.51383065978686,0.0011134894606822,0.0,7.620375579474208,12.4705803868502,0.6811558577128582,4.196800929804643,0.0084206757916642,3.890000104904175,2.159748603569137,0.0,11,33.48385690308945,39.542026287354425,True,0.8467916302457575,2019-08-01,MESA_OPEN_DATA_2026,https://data.mesaaz.gov/d/5zhe-5nig,dataset 5zhe-5nig; retrieved 2026-08-22,study-derived after declared sensor and completeness QA
2019-08-07,8.461962785323461,0.0074994993626508,0.0,7.720675264627999,12.264079039930746,0.8451519435478582,4.225552387646042,0.0026109224592801,0.0,3.6129763984017904,0.0,11,33.52492092043875,37.14050824129983,True,0.9026511081277939,2019-08-01,MESA_OPEN_DATA_2026,https://data.mesaaz.gov/d/5zhe-5nig,dataset 5zhe-5nig; retrieved 2026-08-22,study-derived after declared sensor and completeness QA
2019-08-08,8.385052798191706,0.0078471624680484,0.0,7.696707580964144,4.575189741074362,0.825077223053409,4.182592933542199,5.4141002086e-06,0.0,0.9646861363616256,0.0,11,25.672467439293868,26.6371589897557,True,0.9637839924733399,2019-08-01,MESA_OPEN_DATA_2026,https://data.mesaaz.gov/d/5zhe-5nig,dataset 5zhe-5nig; retrieved 2026-08-22,study-derived after declared sensor and completeness QA
2019-08-09,8.429622727632523,0.007848803778567,0.0,7.520755759334262,0.4492744422574949,0.8614995599827833,4.260922307107184,0.0,0.0,0.0013347222573227,0.0,11,21.52992360009281,21.531258322350133,True,0.9999380100207178,2019-08-01,MESA_OPEN_DATA_2026,https://data.mesaaz.gov/d/5zhe-5nig,dataset 5zhe-5nig; retrieved 2026-08-22,study-derived after declared sensor and completeness QA
2019-08-10,8.469315826892853,0.0075418777016845,0.0,7.437100580630035,0.5807062334070603,0.830308050952024,4.182091480659114,0.0,0.0,0.0,0.0,11,21.50706405024277,21.50706405024277,True,1.0,2019-08-01,MESA_OPEN_DATA_2026,https://data.mesaaz.gov/d/5zhe-5nig,dataset 5zhe-5nig; retrieved 2026-08-22,study-derived after declared sensor and completeness QA
2019-08-11,8.294955132404963,0.006980784542975,0.0,8.545608535265007,0.9189354461928207,0.809769458985991,3.994546354644828,0.0,0.0,0.0019972223170851,0.0,11,22.57079571203658,22.572792934353668,True,0.999911520815218,2019-08-01,MESA_OPEN_DATA_2026,https://data.mesaaz.gov/d/5zhe-5nig,dataset 5zhe-5nig; retrieved 2026-08-22,study-derived after declared sensor and completeness QA
2019-08-12,8.292166050275167,1.47181247188e-05,0.0,9.274451360416656,0.8879833447436492,0.846499574287898,4.055138008627627,0.0,0.0,2.7777779097e-06,0.0,11,23.356253056475715,23.356255834253624,True,0.9999998810692121,2019-08-01,MESA_OPEN_DATA_2026,https://data.mesaaz.gov/d/5zhe-5nig,dataset 5zhe-5nig; retrieved 2026-08-22,study-derived after declared sensor and completeness QA
2019-08-13,8.613951273759206,0.0010332685802715,0.0,8.512732001845444,0.8801145785798629,0.6739634676939912,4.1842484863268,0.0,0.0,0.0,0.0,11,22.866043076785576,22.866043076785576,True,1.0,2019-08-01,MESA_OPEN_DATA_2026,https://data.mesaaz.gov/d/5zhe-5nig,dataset 5zhe-5nig; retrieved 2026-08-22,study-derived after declared sensor and completeness QA
2019-08-14,8.355253014961878,0.0074771754123503,0.0,8.596440721184697,0.9349791110392068,0.817959861871269,4.074528684010898,0.0003964234104084,0.0,0.0,0.0,11,22.786638568480303,22.78703499189071,True,0.9999826031157389,2019-08-01,MESA_OPEN_DATA_2026,https://data.mesaaz.gov/d/5zhe-5nig,dataset 5zhe-5nig; retrieved 2026-08-22,study-derived after declared sensor and completeness QA
2019-08-15,8.112275537744269,0.0101739445981289,0.0,7.930579246782629,0.9239062619085112,0.781692750317355,4.102595994538731,8.333937413143841e-07,0.0,0.0,0.0,11,21.861223735889624,21.861224569283365,True,0.9999999618779937,2019-08-01,MESA_OPEN_DATA_2026,https://data.mesaaz.gov/d/5zhe-5nig,dataset 5zhe-5nig; retrieved 2026-08-22,study-derived after declared sensor and completeness QA
2019-08-16,7.875317200024923,0.0120251169408826,0.0,7.818284461838312,0.4000000059604645,0.8030766848267781,4.057619882457786,0.2247880955847601,0.0,0.0,0.0,11,20.966323352049145,21.191111447633904,True,0.989392340456505,2019-08-01,MESA_OPEN_DATA_2026,https://data.mesaaz.gov/d/5zhe-5nig,dataset 5zhe-5nig; retrieved 2026-08-22,study-derived after declared sensor and completeness QA
2019-08-17,8.24038957754771,0.0120033802115358,0.0,7.502264729235246,0.0,0.8001539011175434,4.016552160183589,0.0004724930258021,0.0,0.0,0.0,11,20.571363748295624,20.571836241321428,True,0.999977032044186,2019-08-01,MESA_OPEN_DATA_2026,https://data.mesaaz.gov/d/5zhe-5nig,dataset 5zhe-5nig; retrieved 2026-08-22,study-derived after declared sensor and completeness QA
2019-08-18,8.324637645483017,0.012571754673263,0.0,7.464957552585816,0.0,0.78461553628246,3.963714083366924,6.694809447556811e-09,0.0,0.0,0.0,11,20.55049657239148,20.55049657908629,True,0.9999999996742265,2019-08-01,MESA_OPEN_DATA_2026,https://data.mesaaz.gov/d/5zhe-5nig,dataset 5zhe-5nig; retrieved 2026-08-22,study-derived after declared sensor and completeness QA
2019-08-19,8.209053426980972,0.0004350172637714,0.0,7.417967623599704,0.0,0.7955383362041579,4.1021005077494515,0.0,0.0,0.0,0.0,11,20.525094911798057,20.525094911798057,True,1.0,2019-08-01,MESA_OPEN_DATA_2026,https://data.mesaaz.gov/d/5zhe-5nig,dataset 5zhe-5nig; retrieved 2026-08-22,study-derived after declared sensor and completeness QA
2019-08-20,8.470788486798604,0.0012576946119831,0.0,7.68127300392417,0.0,0.6181173626333475,4.17897594306204,0.0022211870324099,0.0,0.0,0.0,11,20.95041249103015,20.95263367806256,True,0.9998939900794077,2019-08-01,MESA_OPEN_DATA_2026,https://data.mesaaz.gov/d/5zhe-5nig,dataset 5zhe-5nig; retrieved 2026-08-22,study-derived after declared sensor and completeness QA
2019-08-21,8.319033054510752,0.0082274018306634,0.0,7.608504268125436,0.0,0.7609983521824082,4.199729802630059,4.6371336793e-06,0.0,0.0,0.0,11,20.896492879279318,20.896497516412996,True,0.999999778090387,2019-08-01,MESA_OPEN_DATA_2026,https://data.mesaaz.gov/d/5zhe-5nig,dataset 5zhe-5nig; retrieved 2026-08-22,study-derived after declared sensor and completeness QA
2019-08-22,8.34552032550176,0.0113489797144817,0.0,6.949860012972042,0.0,0.8102687282901672,4.1496872463160095,0.0,0.0,0.0,0.0,11,20.26668529279446,20.26668529279446,True,1.0,2019-08-01,MESA_OPEN_DATA_2026,https://data.mesaaz.gov/d/5zhe-5nig,dataset 5zhe-5nig; retrieved 2026-08-22,study-derived after declared sensor and completeness QA
2019-08-23,2.336363774041335,0.0116203764162492,0.0,7.2288318004326015,0.0,0.8677686148012678,4.132228999998834,5.5606824338436125,0.0,0.0,0.0,11,14.576813565690287,20.1374959995339,True,0.7238642563120896,2019-08-01,MESA_OPEN_DATA_2026,https://data.mesaaz.gov/d/5zhe-5nig,dataset 5zhe-5nig; retrieved 2026-08-22,study-derived after declared sensor and completeness QA
2019-08-24,0.0048412884275118,0.0124032017153998,0.0,7.835749594795467,0.0,3.5536240408404005,4.0836603191163805,5.673285402854284,0.0,0.0,0.0,11,15.49027844489516,21.163563847749444,True,0.7319314722384251,2019-08-01,MESA_OPEN_DATA_2026,https://data.mesaaz.gov/d/5zhe-5nig,dataset 5zhe-5nig; retrieved 2026-08-22,study-derived after declared sensor and completeness QA
2019-08-25,0.0,0.0119093225861433,0.0,7.835889555705103,0.0,5.192713930209478,4.0662290152576235,4.582058677077294,0.0,0.0,0.0,11,17.106741823758348,21.68880050083564,True,0.7887361877434969,2019-08-01,MESA_OPEN_DATA_2026,https://data.mesaaz.gov/d/5zhe-5nig,dataset 5zhe-5nig; retrieved 2026-08-22,study-derived after declared sensor and completeness QA
2019-08-26,0.0,2.50562672269e-05,0.0,7.935327430139441,0.0,3.035755449616247,4.211019406219323,5.599746891856194,0.0,0.0,0.0,11,15.18212734224224,20.78187423409843,True,0.7305465893606337,2019-08-01,MESA_OPEN_DATA_2026,https://data.mesaaz.gov/d/5zhe-5nig,dataset 5zhe-5nig; retrieved 2026-08-22,study-derived after declared sensor and completeness QA
2019-08-27,0.0,0.0012279345913497,0.0,8.776950867287777,0.0,3.0652678535216387,4.322504464122984,5.801744908094406,0.0,0.0,0.0,11,16.165951119523747,21.967696027618153,True,0.7358965227486599,2019-08-01,MESA_OPEN_DATA_2026,https://data.mesaaz.gov/d/5zhe-5nig,dataset 5zhe-5nig; retrieved 2026-08-22,study-derived after declared sensor and completeness QA
2019-08-28,0.0,0.0105071925204053,0.0,5.960339959758232,0.0,3.1305761483808356,4.203646034789848,5.472524269421895,0.0,0.0,0.0,11,13.305069335449321,18.777593604871218,True,0.7085609378614822,2019-08-01,MESA_OPEN_DATA_2026,https://data.mesaaz.gov/d/5zhe-5nig,dataset 5zhe-5nig; retrieved 2026-08-22,study-derived after declared sensor and completeness QA
2019-08-30,0.0,0.0116651067820688,0.0,5.770167882291323,0.0,3.1987039580113357,4.125743954545921,5.409232297539711,20.209999561309814,0.0,0.0,11,13.10628090163065,38.72551276048017,True,0.33844047418284307,2019-08-01,MESA_OPEN_DATA_2026,https://data.mesaaz.gov/d/5zhe-5nig,dataset 5zhe-5nig; retrieved 2026-08-22,study-derived after declared sensor and completeness QA
2019-08-31,0.0,0.01073430792215125,0.0,7.727714743169648,0.0,1.9073162031670412,4.1091466685964,5.884837010502816,3.0312499403953552,0.0,0.0,11,13.754911922855241,22.670998873753412,True,0.6067183894036327,2019-08-01,MESA_OPEN_DATA_2026,https://data.mesaaz.gov/d/5zhe-5nig,dataset 5zhe-5nig; retrieved 2026-08-22,study-derived after declared sensor and completeness QA
2019-09-02,0.0,2.01396624712e-05,0.0,7.354601929031956,0.0,1.5348079522450766,3.9333202034235,6.850195458531379,0.0,0.0,0.0,11,12.822750224363004,19.672945682894383,True,0.6517961484289757,2019-09-01,MESA_OPEN_DATA_2026,https://data.mesaaz.gov/d/5zhe-5nig,dataset 5zhe-5nig; retrieved 2026-08-22,study-derived after declared sensor and completeness QA
2019-09-03,0.0,0.0011560819014751,0.0,9.081398407162816,0.0,1.437847238406539,3.834333694312307,6.817672402660052,0.0,0.0,0.0,11,14.354735421783136,21.172407824443187,True,0.6779925807593238,2019-09-01,MESA_OPEN_DATA_2026,https://data.mesaaz.gov/d/5zhe-5nig,dataset 5zhe-5nig; retrieved 2026-08-22,study-derived after declared sensor and completeness QA
2019-09-04,0.0,0.0087300021822253,0.0,7.744802719848867,0.0,2.0513008100705012,4.167410538650773,6.784750388065974,0.0,0.0,0.0,11,13.972244070752367,20.75699445881834,True,0.6731342583567748,2019-09-01,MESA_OPEN_DATA_2026,https://data.mesaaz.gov/d/5zhe-5nig,dataset 5zhe-5nig; retrieved 2026-08-22,study-derived after declared sensor and completeness QA
2019-09-05,0.0,0.0091163194292069,0.0,7.617452170213505,3.997388776143392,0.8719858579751518,4.10294328795539,6.30141536295414,0.0,0.0,0.0,11,16.598886411716645,22.900301774670787,True,0.7248326495887528,2019-09-01,MESA_OPEN_DATA_2026,https://data.mesaaz.gov/d/5zhe-5nig,dataset 5zhe-5nig; retrieved 2026-08-22,study-derived after declared sensor and completeness QA
2019-09-06,4.983765191833178,0.0099695224004487,0.0,7.474967476951472,15.72964765628179,0.8623841892513964,4.047740907801522,3.5443042437235515,0.0,0.0,0.0828847190675636,11,33.108474944519806,36.73566390731092,True,0.9012624633124092,2019-09-01,MESA_OPEN_DATA_2026,https://data.mesaaz.gov/d/5zhe-5nig,dataset 5zhe-5nig; retrieved 2026-08-22,study-derived after declared sensor and completeness QA
2019-09-07,8.187278732657433,0.010571150444836,0.0,8.561434614365693,15.125859722826217,0.8380387627830108,4.018390817774667,0.0073719799518585,0.0,0.0,0.0001152777733902,11,36.74157380085185,36.7490610585771,True,0.9997962598904687,2019-09-01,MESA_OPEN_DATA_2026,https://data.mesaaz.gov/d/5zhe-5nig,dataset 5zhe-5nig; retrieved 2026-08-22,study-derived after declared sensor and completeness QA
2019-09-08,8.298684801657995,0.0102791082657252,0.0,7.469503588665835,14.950242865085604,0.8216377590265539,4.0012289580371645,9.32018933326e-05,0.0,0.0,0.0,11,35.55157708073888,35.551670282632216,True,0.9999973784102801,2019-09-01,MESA_OPEN_DATA_2026,https://data.mesaaz.gov/d/5zhe-5nig,dataset 5zhe-5nig; retrieved 2026-08-22,study-derived after declared sensor and completeness QA
2019-09-09,6.315512970089912,2.16801454065e-05,0.0,8.148040913911595,15.433327792750465,2.3892517113023333,4.100639537970225,1.9457597772998269e-07,0.0,0.0,0.0,11,36.386794606169936,36.38679480074591,True,0.9999999946525663,2019-09-01,MESA_OPEN_DATA_2026,https://data.mesaaz.gov/d/5zhe-5nig,dataset 5zhe-5nig; retrieved 2026-08-22,study-derived after declared sensor and completeness QA
2019-09-10,6.348933958013853,0.0012919086635428,0.0,7.641773958027183,15.768534775575002,2.557615308711926,4.1957201684514684,0.0,0.0,0.0,0.0,11,36.513870077442974,36.513870077442974,True,1.0,2019-09-01,MESA_OPEN_DATA_2026,https://data.mesaaz.gov/d/5zhe-5nig,dataset 5zhe-5nig; retrieved 2026-08-22,study-derived after declared sensor and completeness QA
2019-09-11,6.502985894680023,0.0090857531055614,0.0,7.453987875758294,15.292664162627831,2.232672459632158,4.237417060572927,0.0,0.0,0.0,0.0,11,35.7288132063768,35.7288132063768,True,1.0,2019-09-01,MESA_OPEN_DATA_2026,https://data.mesaaz.gov/d/5zhe-5nig,dataset 5zhe-5nig; retrieved 2026-08-22,study-derived after declared sensor and completeness QA
2019-09-12,6.139437242348989,0.008540362144898,0.0,7.673621108130257,15.140211453702715,2.4811180195874636,4.289263294471635,0.2406925334284703,0.0,0.0,0.0,11,35.73219148038596,35.97288401381443,True,0.993309056528911,2019-09-01,MESA_OPEN_DATA_2026,https://data.mesaaz.gov/d/5zhe-5nig,dataset 5zhe-5nig; retrieved 2026-08-22,study-derived after declared sensor and completeness QA
2019-09-13,6.424391313393911,0.0082410679004775,0.0,7.554148348777337,15.027157371573978,2.322055475744936,4.226906500756741,0.0005024896313746,0.0,0.0,0.0,11,35.56290007814738,35.56340256777875,True,0.9999858705974375,2019-09-01,MESA_OPEN_DATA_2026,https://data.mesaaz.gov/d/5zhe-5nig,dataset 5zhe-5nig; retrieved 2026-08-22,study-derived after declared sensor and completeness QA
2019-09-14,6.492024184266726,0.0076526739333833,0.0,7.731089553518061,15.054961362369204,2.073044967485799,4.168821882373757,0.0,0.0,0.0,0.0,11,35.52759462394693,35.52759462394693,True,1.0,2019-09-01,MESA_OPEN_DATA_2026,https://data.mesaaz.gov/d/5zhe-5nig,dataset 5zhe-5nig; retrieved 2026-08-22,study-derived after declared sensor and completeness QA
2019-09-15,6.427695396542549,0.0092012592504033,0.0,8.132793749702891,14.94315539598465,2.2233432113296456,4.0477283401621715,0.0,0.0,0.0,0.0,11,35.78391735297231,35.78391735297231,True,1.0,2019-09-01,MESA_OPEN_DATA_2026,https://data.mesaaz.gov/d/5zhe-5nig,dataset 5zhe-5nig; retrieved 2026-08-22,study-derived after declared sensor and completeness QA
2019-09-16,6.284529813483202,1.92283325609e-05,0.0,8.250455167042237,15.42632688832714,2.338495633006096,4.139653963678413,0.0,0.0,0.0,0.0,11,36.43948069386965,36.43948069386965,True,1.0,2019-09-01,MESA_OPEN_DATA_2026,https://data.mesaaz.gov/d/5zhe-5nig,dataset 5zhe-5nig; retrieved 2026-08-22,study-derived after declared sensor and completeness QA
2019-09-17,6.351475807306943,0.0009973149167338,0.0,7.742428833544141,15.812462869041983,2.476459411034982,4.36576995568143,0.0,0.0,0.0,0.0,11,36.749594191526214,36.749594191526214,True,1.0,2019-09-01,MESA_OPEN_DATA_2026,https://data.mesaaz.gov/d/5zhe-5nig,dataset 5zhe-5nig; retrieved 2026-08-22,study-derived after declared sensor and completeness QA
2019-09-18,6.427595738569895,0.009313679706247,0.0,7.509502691078631,15.522425129465812,2.401354162796684,4.184767513116028,0.0,0.0,0.0,0.0,11,36.0549589147333,36.0549589147333,True,1.0,2019-09-01,MESA_OPEN_DATA_2026,https://data.mesaaz.gov/d/5zhe-5nig,dataset 5zhe-5nig; retrieved 2026-08-22,study-derived after declared sensor and completeness QA
2019-09-19,6.417886830369631,0.0068124046995459,0.0,7.992291195589867,15.180999755859377,2.354793678720792,4.044000148773193,0.0,0.0,0.0,0.0,11,35.996784014012405,35.996784014012405,True,1.0,2019-09-01,MESA_OPEN_DATA_2026,https://data.mesaaz.gov/d/5zhe-5nig,dataset 5zhe-5nig; retrieved 2026-08-22,study-derived after declared sensor and completeness QA
2019-09-20,6.499529106418292,0.0077461898423886,0.0,7.569145427828749,15.18499486313926,2.199387109114064,3.971052646057473,0.0,0.0,0.0,0.0,11,35.431855342400226,35.431855342400226,True,1.0,2019-09-01,MESA_OPEN_DATA_2026,https://data.mesaaz.gov/d/5zhe-5nig,dataset 5zhe-5nig; retrieved 2026-08-22,study-derived after declared sensor and completeness QA
2019-09-21,5.379935520887375,0.0052370507842473,0.0,8.0257901305748,14.997260852654774,3.135287436842918,3.982846567696995,0.0,0.0,0.0,0.0,11,35.52635755944111,35.52635755944111,True,1.0,2019-09-01,MESA_OPEN_DATA_2026,https://data.mesaaz.gov/d/5zhe-5nig,dataset 5zhe-5nig; retrieved 2026-08-22,study-derived after declared sensor and completeness QA
2019-09-22,6.429584124684334,0.0063532931206282,0.0,7.881776244039718,14.92310311264462,2.165224927663803,3.8831923314266734,0.0006497741633211,0.0,0.0,0.0,11,35.289234033579774,35.289883807743095,True,0.999981587523301,2019-09-01,MESA_OPEN_DATA_2026,https://data.mesaaz.gov/d/5zhe-5nig,dataset 5zhe-5nig; retrieved 2026-08-22,study-derived after declared sensor and completeness QA
2019-09-23,6.426036904255549,1.3244856178e-05,0.0,7.498920716493389,15.536146925555336,2.1211875468492507,4.05691043138504,8.00895375202e-05,0.0,0.0,0.0,11,35.639215769394745,35.639295858932265,True,0.999997752774414,2019-09-01,MESA_OPEN_DATA_2026,https://data.mesaaz.gov/d/5zhe-5nig,dataset 5zhe-5nig; retrieved 2026-08-22,study-derived after declared sensor and completeness QA
2019-09-24,6.400350288550059,0.0009427129808829,0.0,9.388066616959511,15.725737331973182,2.279812514781952,4.087657461894883,0.0030410765984015,0.0,0.0,0.0,11,37.88256692714047,37.885608003738874,True,0.9999197300305145,2019-09-01,MESA_OPEN_DATA_2026,https://data.mesaaz.gov/d/5zhe-5nig,dataset 5zhe-5nig; retrieved 2026-08-22,study-derived after declared sensor and completeness QA
2019-09-25,3.285468960305055,0.0098077387404676,0.5958770610392093,10.413361724527428,19.385896289581044,3.1503250151872635,4.574179463197393,3.1103242671180245,0.0,0.0,0.0,11,41.41491625257787,44.52524051969589,True,0.9301446947660583,2019-09-01,MESA_OPEN_DATA_2026,https://data.mesaaz.gov/d/5zhe-5nig,dataset 5zhe-5nig; retrieved 2026-08-22,study-derived after declared sensor and completeness QA
2019-09-26,0.0068311795592308,0.0061917191031776,2.753619475166003,9.31350694940876,15.318671493105828,2.309087592363358,4.045386838581827,6.268018447359403,0.0,0.0,0.0,11,33.75329524728818,40.02131369464758,True,0.8433829909936794,2019-09-01,MESA_OPEN_DATA_2026,https://data.mesaaz.gov/d/5zhe-5nig,dataset 5zhe-5nig; retrieved 2026-08-22,study-derived after declared sensor and completeness QA
2019-09-27,0.0,0.0063375003664987,2.962722274992201,8.699790324569236,15.20814601580302,2.031487575173378,3.964885403878159,6.318103561798732,0.0,0.0,0.0,11,32.87336909478249,39.19147265658122,True,0.8387888197730747,2019-09-01,MESA_OPEN_DATA_2026,https://data.mesaaz.gov/d/5zhe-5nig,dataset 5zhe-5nig; retrieved 2026-08-22,study-derived after declared sensor and completeness QA
2019-09-28,0.0,0.0071138069256752,0.9467013888888888,7.618498784058827,15.162063592010076,4.373387649655342,4.03910273992353,5.832205653190613,0.0,0.0,0.0,11,32.14686796146234,37.979073614652954,True,0.8464363372217575,2019-09-01,MESA_OPEN_DATA_2026,https://data.mesaaz.gov/d/5zhe-5nig,dataset 5zhe-5nig; retrieved 2026-08-22,study-derived after declared sensor and completeness QA
2019-09-29,0.0,0.0068293203095284,0.0,7.64561582857122,15.132041635778217,4.401475167274475,3.940192253225379,5.358305160204569,0.0,0.0,0.0,11,31.126154205158823,36.48445936536339,True,0.8531345878927429,2019-09-01,MESA_OPEN_DATA_2026,https://data.mesaaz.gov/d/5zhe-5nig,dataset 5zhe-5nig; retrieved 2026-08-22,study-derived after declared sensor and completeness QA
2019-09-30,0.0,0.0005339780346157,0.0,8.698466955639482,15.722485466135872,2.9702750340104105,4.054167774899138,5.546147224803766,0.0,0.0,0.0,11,31.44592920871952,36.99207643352329,True,0.8500720219160856,2019-09-01,MESA_OPEN_DATA_2026,https://data.mesaaz.gov/d/5zhe-5nig,dataset 5zhe-5nig; retrieved 2026-08-22,study-derived after declared sensor and completeness QA
2019-10-02,0.0,0.0099040165870974,0.0,0.1633211214715244,15.389674033959263,3.016124913096428,4.004901160089873,5.396226068337758,0.0,0.0,0.0,11,22.583925245204185,27.980151313541942,True,0.8071409261562473,2019-10-01,MESA_OPEN_DATA_2026,https://data.mesaaz.gov/d/5zhe-5nig,dataset 5zhe-5nig; retrieved 2026-08-22,study-derived after declared sensor and completeness QA
2019-10-04,0.0,0.0106492680290506,0.0,0.0051362678260509,14.956152622822428,2.994336753255791,3.8969292405578826,5.291307546032799,18.4399995803833,0.0,0.0,11,21.863204152491203,45.594511278907305,True,0.479513948921423,2019-10-01,MESA_OPEN_DATA_2026,https://data.mesaaz.gov/d/5zhe-5nig,dataset 5zhe-5nig; retrieved 2026-08-22,study-derived after declared sensor and completeness QA
2019-10-05,0.0,0.0107971814461052,0.0,8.626619328254902,14.9071016728878,2.601965242789851,3.85055476774772,5.544910032219357,13.012499809265137,0.0,0.0,11,29.99703819312638,48.55444803461087,True,0.6178020636079254,2019-10-01,MESA_OPEN_DATA_2026,https://data.mesaaz.gov/d/5zhe-5nig,dataset 5zhe-5nig; retrieved 2026-08-22,study-derived after declared sensor and completeness QA
2019-10-06,0.0,0.0105400079835413,0.0,7.659003154743227,14.870076968272526,2.798558951252037,3.8203540995717047,5.4910030550426905,2.8324999809265137,0.0,0.0,11,29.15853318182304,37.48203621779224,True,0.7779335416143122,2019-10-01,MESA_OPEN_DATA_2026,https://data.mesaaz.gov/d/5zhe-5nig,dataset 5zhe-5nig; retrieved 2026-08-22,study-derived after declared sensor and completeness QA
2019-10-07,0.0,2.92779696569e-05,0.0,7.423422569073586,15.11548767487208,2.625218776365122,3.8496457383036615,5.507200000021193,0.0,0.0,0.0,11,29.01380403658411,34.521004036605305,True,0.8404681395077187,2019-10-01,MESA_OPEN_DATA_2026,https://data.mesaaz.gov/d/5zhe-5nig,dataset 5zhe-5nig; retrieved 2026-08-22,study-derived after declared sensor and completeness QA
2019-10-08,0.0,0.0008400640227707,0.0,7.514693922109264,15.138952022790908,2.7574618177281485,3.8747048599852456,5.450881128840976,0.0,0.0,0.0,11,29.28665268663634,34.73753381547732,True,0.8430838194272635,2019-10-01,MESA_OPEN_DATA_2026,https://data.mesaaz.gov/d/5zhe-5nig,dataset 5zhe-5nig; retrieved 2026-08-22,study-derived after declared sensor and completeness QA
2019-10-09,0.0,0.0075004629323504,0.0,7.905734751795848,14.93941853934252,2.681246502531899,3.927369021234058,5.277483468585544,0.0,0.0,0.0,11,29.461269277836674,34.73875274642222,True,0.8480808016594931,2019-10-01,MESA_OPEN_DATA_2026,https://data.mesaaz.gov/d/5zhe-5nig,dataset 5zhe-5nig; retrieved 2026-08-22,study-derived after declared sensor and completeness QA
2019-10-10,0.0,0.0075626183003704,0.0,6.862247240700461,14.582743529478709,2.634718649917178,3.822263292140431,5.2549651741981505,0.0,0.0,0.0,11,27.90953533053715,33.1645005047353,True,0.8415484902765885,2019-10-01,MESA_OPEN_DATA_2026,https://data.mesaaz.gov/d/5zhe-5nig,dataset 5zhe-5nig; retrieved 2026-08-22,study-derived after declared sensor and completeness QA
2019-10-11,0.0,0.0076783315964146,0.0,7.783878877746067,14.53709345261256,1.8212361401981776,3.8071652016705935,3.0604699194431304,0.0,0.0,0.0,11,27.95705200382381,31.01752192326694,True,0.9013309339471313,2019-10-01,MESA_OPEN_DATA_2026,https://data.mesaaz.gov/d/5zhe-5nig,dataset 5zhe-5nig; retrieved 2026-08-22,study-derived after declared sensor and completeness QA
2019-10-12,0.0,0.0077549153072242,0.0,7.404066434627715,14.604857875903448,2.0506112169888286,3.813917252752516,6.094186489449607,0.0,0.0,0.0,11,27.881207695579732,33.97539418502934,True,0.8206294103238131,2019-10-01,MESA_OPEN_DATA_2026,https://data.mesaaz.gov/d/5zhe-5nig,dataset 5zhe-5nig; retrieved 2026-08-22,study-derived after declared sensor and completeness QA
2019-10-13,0.0,0.0078231204663299,0.0,7.5370684613221535,14.686829439798991,0.8116146108756462,3.7981889837318,7.387923196951548,0.0,0.255644456586904,0.0,11,26.841524616194924,34.48509226973338,True,0.7783515382892855,2019-10-01,MESA_OPEN_DATA_2026,https://data.mesaaz.gov/d/5zhe-5nig,dataset 5zhe-5nig; retrieved 2026-08-22,study-derived after declared sensor and completeness QA
2019-10-14,0.0,2.18418835706e-05,0.0,7.764903673094911,14.9644203822481,0.7225676212080411,3.852349945021289,7.770204430156284,0.0,0.0003555555724435,0.0,11,27.304263463455907,35.074823449184635,True,0.7784576165583132,2019-10-01,MESA_OPEN_DATA_2026,https://data.mesaaz.gov/d/5zhe-5nig,dataset 5zhe-5nig; retrieved 2026-08-22,study-derived after declared sensor and completeness QA
2019-10-15,0.0,0.0008329697715008,0.0,7.9573100382205295,15.349465658929612,0.8364937616323065,3.944902180466387,7.9078018029530845,0.0,0.0,0.0,11,28.089004609020336,35.996806411973424,True,0.7803193507654401,2019-10-01,MESA_OPEN_DATA_2026,https://data.mesaaz.gov/d/5zhe-5nig,dataset 5zhe-5nig; retrieved 2026-08-22,study-derived after declared sensor and completeness QA
2019-10-16,0.0,0.0077259722075218,0.0,7.6245697621565425,15.41990258368277,0.8063500076532364,4.028016533668864,8.221213997734917,0.0,0.0,0.0,11,27.886564859368935,36.10777885710385,True,0.7723146020620575,2019-10-01,MESA_OPEN_DATA_2026,https://data.mesaaz.gov/d/5zhe-5nig,dataset 5zhe-5nig; retrieved 2026-08-22,study-derived after declared sensor and completeness QA
2019-10-17,0.0,0.0076400766291448,0.0,7.450478907341921,14.942664277553558,0.7742000021040439,3.894605442053742,7.911154913902283,0.0,0.0,0.0,11,27.06958870568241,34.98074361958469,True,0.7738425746480398,2019-10-01,MESA_OPEN_DATA_2026,https://data.mesaaz.gov/d/5zhe-5nig,dataset 5zhe-5nig; retrieved 2026-08-22,study-derived after declared sensor and completeness QA
2019-10-18,0.0,0.0077038959095564,0.0,7.502615161723855,14.89706281291114,0.7441249720752239,3.875212498671478,7.97169365617964,0.0,0.0,0.0,11,27.02671934129125,34.99841299747089,True,0.7722269962139224,2019-10-01,MESA_OPEN_DATA_2026,https://data.mesaaz.gov/d/5zhe-5nig,dataset 5zhe-5nig; retrieved 2026-08-22,study-derived after declared sensor and completeness QA
2019-10-19,0.0,0.0075370581199725,0.0,7.971709056774346,14.789149767168706,0.7141249984502792,3.842389590872658,7.9135768400298225,0.0,0.0,0.0,11,27.324910471385962,35.23848731141578,True,0.7754280207860638,2019-10-01,MESA_OPEN_DATA_2026,https://data.mesaaz.gov/d/5zhe-5nig,dataset 5zhe-5nig; retrieved 2026-08-22,study-derived after declared sensor and completeness QA
2019-10-20,0.0,0.0075628635719315,0.0,8.419578572980612,14.952771655696347,0.7823000252246857,3.811366079747677,7.834831264283922,0.0,0.0,0.0,11,27.973579197221255,35.808410461505176,True,0.7812013668490945,2019-10-01,MESA_OPEN_DATA_2026,https://data.mesaaz.gov/d/5zhe-5nig,dataset 5zhe-5nig; retrieved 2026-08-22,study-derived after declared sensor and completeness QA
2019-10-21,0.0,2.13457048897e-05,0.0,8.614799261376653,15.30850419360615,0.8899124950170517,3.858433302574688,7.831840606530507,0.0,0.0,0.0,11,28.671670598279434,36.50351120480994,True,0.7854496636614362,2019-10-01,MESA_OPEN_DATA_2026,https://data.mesaaz.gov/d/5zhe-5nig,dataset 5zhe-5nig; retrieved 2026-08-22,study-derived after declared sensor and completeness QA
2019-10-22,0.0,0.0007738560368906,0.0,8.388437702828725,15.57063613013719,0.9007374640587872,3.997346929924725,7.98907159169515,0.0,0.0,0.0,11,28.857932082986316,36.84700367468147,True,0.7831825984487132,2019-10-01,MESA_OPEN_DATA_2026,https://data.mesaaz.gov/d/5zhe-5nig,dataset 5zhe-5nig; retrieved 2026-08-22,study-derived after declared sensor and completeness QA
2019-10-23,0.0,0.0067832379954375,0.0,8.144347395904926,15.2806085203482,0.6778611404200395,3.8764669458818006,8.186241512828403,0.0,0.0,0.0,11,27.9860672405504,36.1723087533788,True,0.7736876136759245,2019-10-01,MESA_OPEN_DATA_2026,https://data.mesaaz.gov/d/5zhe-5nig,dataset 5zhe-5nig; retrieved 2026-08-22,study-derived after declared sensor and completeness QA
2019-10-24,0.0,0.006734482359348,0.0,7.962650376197702,14.879835126797358,0.8151944263113869,3.8532596487138,7.882858970430163,0.0,0.0,0.0,11,27.517674060379594,35.400533030809754,True,0.7773237209855128,2019-10-01,MESA_OPEN_DATA_2026,https://data.mesaaz.gov/d/5zhe-5nig,dataset 5zhe-5nig; retrieved 2026-08-22,study-derived after declared sensor and completeness QA
2019-10-25,0.0,0.0068990645943106,0.0,8.1900878171519,15.04465400186821,2.4531388764086492,3.868810937502386,6.128451674514347,0.0,0.0,0.0,11,29.563590697525456,35.6920423720398,True,0.8282964137878752,2019-10-01,MESA_OPEN_DATA_2026,https://data.mesaaz.gov/d/5zhe-5nig,dataset 5zhe-5nig; retrieved 2026-08-22,study-derived after declared sensor and completeness QA
2019-10-26,0.0,0.0069385508747978,0.0,8.297934722792572,15.110908394389682,2.0088374599814416,3.8324368220236567,6.331081283092499,0.0,0.0,0.0,11,29.25705595006215,35.58813723315465,True,0.8221013580560679,2019-10-01,MESA_OPEN_DATA_2026,https://data.mesaaz.gov/d/5zhe-5nig,dataset 5zhe-5nig; retrieved 2026-08-22,study-derived after declared sensor and completeness QA
2019-10-27,0.0,0.0069625740625067,0.0,8.28492332034489,15.100015658802455,1.9976625233888623,3.7618381135993535,6.38755677541097,0.0,0.0,0.0,11,29.151402190198066,35.538958965609034,True,0.8202660696507124,2019-10-01,MESA_OPEN_DATA_2026,https://data.mesaaz.gov/d/5zhe-5nig,dataset 5zhe-5nig; retrieved 2026-08-22,study-derived after declared sensor and completeness QA
2019-10-28,0.0,1.93406685462e-05,0.0,7.999055208089148,15.774062119589912,2.172202965314597,3.89737076262633,6.307447852028741,0.0,0.0,0.0,11,29.84271039628853,36.15015824831727,True,0.8255208785338488,2019-10-01,MESA_OPEN_DATA_2026,https://data.mesaaz.gov/d/5zhe-5nig,dataset 5zhe-5nig; retrieved 2026-08-22,study-derived after declared sensor and completeness QA
2019-10-29,0.0,0.0007700118147315,0.0,8.124692561585706,16.101529798627382,2.5154323614593115,4.015560154881709,6.029514447848002,0.0,0.0,0.0,11,30.75798488836884,36.78749933621684,True,0.8360988227891853,2019-10-01,MESA_OPEN_DATA_2026,https://data.mesaaz.gov/d/5zhe-5nig,dataset 5zhe-5nig; retrieved 2026-08-22,study-derived after declared sensor and completeness QA
2019-10-30,0.0,0.0070282820636445,0.6782611227697797,8.07599603523331,15.793439893019244,0.8690428792348196,3.9102881434662744,4.62890451086892,0.0,0.0,0.0,11,29.33405635578707,33.96296086665599,True,0.8637072742555415,2019-10-01,MESA_OPEN_DATA_2026,https://data.mesaaz.gov/d/5zhe-5nig,dataset 5zhe-5nig; retrieved 2026-08-22,study-derived after declared sensor and completeness QA
2019-10-31,0.0,0.0068635091185569,2.2670573442398263,8.194881495136215,15.521675450272028,0.6763512326197492,3.8589025723023545,0.08269401539453405,0.0,0.0,0.0,11,30.52573160368873,30.608425619083263,True,0.9972983250944153,2019-10-01,MESA_OPEN_DATA_2026,https://data.mesaaz.gov/d/5zhe-5nig,dataset 5zhe-5nig; retrieved 2026-08-22,study-derived after declared sensor and completeness QA
2019-11-02,0.0,0.0064790716019666,2.8281125901680855,8.382312182314328,15.31233339872625,0.6280537621428569,3.702657615310616,3.7662564642701506,0.0,0.0,0.0,11,30.859948620264106,34.626205084534256,True,0.8912310357119573,2019-11-01,MESA_OPEN_DATA_2026,https://data.mesaaz.gov/d/5zhe-5nig,dataset 5zhe-5nig; retrieved 2026-08-22,study-derived after declared sensor and completeness QA
2019-11-03,0.0,0.0067857564646854,4.295538982417848,8.207507696356059,15.371895574861105,0.604756918321881,3.7513803003562822,7.855573574701945,0.0,0.0,0.0,11,32.23786522877786,40.093438803479806,True,0.8040683511033696,2019-11-01,MESA_OPEN_DATA_2026,https://data.mesaaz.gov/d/5zhe-5nig,dataset 5zhe-5nig; retrieved 2026-08-22,study-derived after declared sensor and completeness QA
2019-11-04,0.0,1.9774955489e-05,1.2932499902115928,8.072862845059259,15.957980536752276,0.4827687347307801,3.925861085868544,8.177755497561561,0.0,0.0,0.0,11,29.73274296757794,37.910498465139504,True,0.7842878403437139,2019-11-01,MESA_OPEN_DATA_2026,https://data.mesaaz.gov/d/5zhe-5nig,dataset 5zhe-5nig; retrieved 2026-08-22,study-derived after declared sensor and completeness QA
2019-11-05,0.0,0.000137216605565,0.0,9.248865597121476,16.444290944602756,0.6146651429227656,4.091040560603142,8.335015487670898,0.0,0.0,0.0,11,30.398999461855702,38.734014949526596,True,0.7848140581725891,2019-11-01,MESA_OPEN_DATA_2026,https://data.mesaaz.gov/d/5zhe-5nig,dataset 5zhe-5nig; retrieved 2026-08-22,study-derived after declared sensor and completeness QA
2019-11-06,0.0,0.0037463426243145,0.0,8.538878326806897,15.87000461768572,0.7710579959261749,3.9853320202514446,7.990461972024706,0.0,0.0,0.0,11,29.169019303294547,37.15948127531925,True,0.7849684199619911,2019-11-01,MESA_OPEN_DATA_2026,https://data.mesaaz.gov/d/5zhe-5nig,dataset 5zhe-5nig; retrieved 2026-08-22,study-derived after declared sensor and completeness QA
2019-11-07,0.0,0.0038946229686391,0.0,8.3981405671453,15.52659550971455,1.2763572957159743,3.9375712159607144,7.1733311547173395,0.0,0.0,0.0,11,29.14255921150518,36.31589036622252,True,0.8024740387092569,2019-11-01,MESA_OPEN_DATA_2026,https://data.mesaaz.gov/d/5zhe-5nig,dataset 5zhe-5nig; retrieved 2026-08-22,study-derived after declared sensor and completeness QA
2019-11-08,0.0,0.0039611376925475,0.0,9.67560318230252,15.533986507190598,2.062835701637798,3.927121573438247,6.401023040877448,0.0,0.0,0.0,11,31.203508102261708,37.604531143139155,True,0.8297805385071183,2019-11-01,MESA_OPEN_DATA_2026,https://data.mesaaz.gov/d/5zhe-5nig,dataset 5zhe-5nig; retrieved 2026-08-22,study-derived after declared sensor and completeness QA
2019-11-09,0.0,0.0039219685856045,0.0,10.063747222990884,15.52102247873942,0.875876742373738,3.8845226321783337,7.536249577999115,0.0,0.0,0.0,11,30.349091044867983,37.8853406228671,True,0.8010774232434819,2019-11-01,MESA_OPEN_DATA_2026,https://data.mesaaz.gov/d/5zhe-5nig,dataset 5zhe-5nig; retrieved 2026-08-22,study-derived after declared sensor and completeness QA
2019-11-10,0.0,0.0037607040741325,0.0,10.399843170809907,15.505027891861069,0.6230614678520295,3.807935687402884,7.820944033728706,0.0,0.0,0.0,11,30.339628922000024,38.16057295572873,True,0.7950517136416682,2019-11-01,MESA_OPEN_DATA_2026,https://data.mesaaz.gov/d/5zhe-5nig,dataset 5zhe-5nig; retrieved 2026-08-22,study-derived after declared sensor and completeness QA
2019-11-11,0.0,1.10167392146e-05,0.0,10.82406122624874,16.051050393117798,0.627508006658819,3.990739612529675,8.025480152501,0.0,0.0,0.0,11,31.493370255294245,39.51885040779524,True,0.796920202139333,2019-11-01,MESA_OPEN_DATA_2026,https://data.mesaaz.gov/d/5zhe-5nig,dataset 5zhe-5nig; retrieved 2026-08-22,study-derived after declared sensor and completeness QA
2019-11-12,0.0,0.0001415998383284,0.0,8.988983709219788,16.03602707717154,0.5173524423605866,3.96830375575357,8.11390056345198,0.0,0.0,0.0,11,29.510808584343813,37.62470914779579,True,0.7843464907175948,2019-11-01,MESA_OPEN_DATA_2026,https://data.mesaaz.gov/d/5zhe-5nig,dataset 5zhe-5nig; retrieved 2026-08-22,study-derived after declared sensor and completeness QA
2019-11-13,0.0,0.0039383558232253,0.0,9.086736783133697,16.160781679711302,0.737181589855916,4.165561193373145,8.040874491797553,0.0,0.0,0.0,11,30.154199601897282,38.195074093694835,True,0.7894787565518842,2019-11-01,MESA_OPEN_DATA_2026,https://data.mesaaz.gov/d/5zhe-5nig,dataset 5zhe-5nig; retrieved 2026-08-22,study-derived after declared sensor and completeness QA
2019-11-14,0.0,0.003829107974242,0.0,8.256669589492823,15.659871922598946,0.9451656334102154,4.081070114954882,7.781256392267015,0.0,0.0,0.0,11,28.946606368431105,36.72786276069812,True,0.7881375117586855,2019-11-01,MESA_OPEN_DATA_2026,https://data.mesaaz.gov/d/5zhe-5nig,dataset 5zhe-5nig; retrieved 2026-08-22,study-derived after declared sensor and completeness QA
2019-11-15,0.0,0.0039589290662358,0.0,8.497531109798604,15.593117296562554,0.9106669212287848,3.9041695008903736,7.736138031217787,0.0,0.0,0.0,11,28.90944375754655,36.64558178876434,True,0.788893021925232,2019-11-01,MESA_OPEN_DATA_2026,https://data.mesaaz.gov/d/5zhe-5nig,dataset 5zhe-5nig; retrieved 2026-08-22,study-derived after declared sensor and completeness QA
2019-11-16,0.0,0.003880206530448,0.0,8.26962158470123,15.617947947978973,0.7339513862712516,3.912862604856491,7.73299153248469,0.0,0.0,0.0,11,28.538263730338393,36.27125526282308,True,0.7868011052705207,2019-11-01,MESA_OPEN_DATA_2026,https://data.mesaaz.gov/d/5zhe-5nig,dataset 5zhe-5nig; retrieved 2026-08-22,study-derived after declared sensor and completeness QA
2019-11-17,0.0,0.0040514823683123,0.0,7.676925027592779,15.484237497382694,0.6654244324399365,3.804340599891212,7.702833710776435,0.0,0.0,0.0,11,27.634979039674935,35.33781275045137,True,0.7820229065909563,2019-11-01,MESA_OPEN_DATA_2026,https://data.mesaaz.gov/d/5zhe-5nig,dataset 5zhe-5nig; retrieved 2026-08-22,study-derived after declared sensor and completeness QA
2019-11-18,0.0,1.17319735169e-05,0.0,9.460917363176888,16.09073238968849,0.9957846676309904,3.935325035452842,7.751901565657722,0.0,0.0,0.0,11,30.482771187922726,38.23467275358045,True,0.7972546642253712,2019-11-01,MESA_OPEN_DATA_2026,https://data.mesaaz.gov/d/5zhe-5nig,dataset 5zhe-5nig; retrieved 2026-08-22,study-derived after declared sensor and completeness QA
2019-11-19,0.0,0.0001484880487838,0.0,9.024666637817406,16.46422306696574,1.004190920541684,4.0802275597221325,7.844847603638967,0.0,0.0,0.0,11,30.573456673095745,38.41830427673471,True,0.7958044283492847,2019-11-01,MESA_OPEN_DATA_2026,https://data.mesaaz.gov/d/5zhe-5nig,dataset 5zhe-5nig; retrieved 2026-08-22,study-derived after declared sensor and completeness QA
2019-11-20,0.0,0.0041168052089715,0.0,9.631207454910983,15.79440412083044,0.8799270813663801,3.9773287577217338,8.077177066128353,0.0,0.0,0.0,11,30.286984220038505,38.36416128616686,True,0.7894603506152816,2019-11-01,MESA_OPEN_DATA_2026,https://data.mesaaz.gov/d/5zhe-5nig,dataset 5zhe-5nig; retrieved 2026-08-22,study-derived after declared sensor and completeness QA
2019-11-21,0.0,0.0040408400715225,0.0,10.535765680107806,15.78801052371661,1.0029201544821262,3.953287568688393,7.702391499943204,0.0,0.0,0.0,11,31.28402476706646,38.98641626700966,True,0.8024339696372408,2019-11-01,MESA_OPEN_DATA_2026,https://data.mesaaz.gov/d/5zhe-5nig,dataset 5zhe-5nig; retrieved 2026-08-22,study-derived after declared sensor and completeness QA
2019-11-22,0.0,0.0040915557868882,0.0,9.663910734424435,16.445627586046854,0.9772222333898148,4.178150230646134,8.169138582547506,0.0,0.0,0.0,11,31.269002340294122,39.438140922841626,True,0.7928619759605318,2019-11-01,MESA_OPEN_DATA_2026,https://data.mesaaz.gov/d/5zhe-5nig,dataset 5zhe-5nig; retrieved 2026-08-22,study-derived after declared sensor and completeness QA
2019-11-23,0.0,0.0038574724923819,0.0,9.279966232486018,16.97390038172404,0.901940962092744,4.312337630987168,8.158125850889418,0.0,0.0,0.0,11,31.47200267978235,39.63012853067177,True,0.7941433411053554,2019-11-01,MESA_OPEN_DATA_2026,https://data.mesaaz.gov/d/5zhe-5nig,dataset 5zhe-5nig; retrieved 2026-08-22,study-derived after declared sensor and completeness QA
2019-11-24,0.0,0.004089893210524,0.0,8.441515450808737,15.749558075269062,0.7287604189995263,3.892337584495544,7.867176734076606,0.0,0.0,0.0,11,28.816261422783395,36.68343815686,True,0.7855387300275343,2019-11-01,MESA_OPEN_DATA_2026,https://data.mesaaz.gov/d/5zhe-5nig,dataset 5zhe-5nig; retrieved 2026-08-22,study-derived after declared sensor and completeness QA
2019-11-25,0.0,1.15818260382e-05,0.0,9.207282435820886,16.757889811197916,0.692190627895254,4.054875159263611,8.146744789017571,0.0,0.0,0.0,11,30.71224961600371,38.85899440502128,True,0.7903511165496124,2019-11-01,MESA_OPEN_DATA_2026,https://data.mesaaz.gov/d/5zhe-5nig,dataset 5zhe-5nig; retrieved 2026-08-22,study-derived after declared sensor and completeness QA
2019-11-26,0.0,0.0001504725623344,0.0,8.605711545408877,16.68116434017817,0.6919617247929659,4.061937302350998,8.258645476235284,0.0,0.0,0.0,11,30.040925385293345,38.29957086152863,True,0.7843671537183992,2019-11-01,MESA_OPEN_DATA_2026,https://data.mesaaz.gov/d/5zhe-5nig,dataset 5zhe-5nig; retrieved 2026-08-22,study-derived after declared sensor and completeness QA
2019-11-27,0.0,0.0040952839140421,0.0,8.539594358098995,15.81481309587909,0.7718298371053405,3.936590755160019,8.06067480246226,0.0,0.0,0.0,11,29.066923330157486,37.127598132619745,True,0.782892640303056,2019-11-01,MESA_OPEN_DATA_2026,https://data.mesaaz.gov/d/5zhe-5nig,dataset 5zhe-5nig; retrieved 2026-08-22,study-derived after declared sensor and completeness QA
2019-11-28,0.0,0.0041409983079777,0.0,8.58830549675573,15.717200285204594,0.7759618266589112,3.850074976682663,8.094403031799528,0.0,0.0,0.0,11,28.935683583609876,37.0300866154094,True,0.7814100972577476,2019-11-01,MESA_OPEN_DATA_2026,https://data.mesaaz.gov/d/5zhe-5nig,dataset 5zhe-5nig; retrieved 2026-08-22,study-derived after declared sensor and completeness QA
2019-11-29,0.0,0.0040854991931054,0.0,4.992222068674391,16.04131608658051,0.7683055628505018,3.884549990296364,8.027704395188225,0.0,0.0,0.0,11,25.69047920759487,33.71818360278309,True,0.7619176498426321,2019-11-01,MESA_OPEN_DATA_2026,https://data.mesaaz.gov/d/5zhe-5nig,dataset 5zhe-5nig; retrieved 2026-08-22,study-derived after declared sensor and completeness QA
2019-11-30,0.0,0.0040839274685519,0.0,6.8948395837550525,16.495962471395103,0.9180872174393799,3.9229863745884765,8.196030548877186,8.282500147819519,0.0,0.0,11,28.23595957464656,44.714490271343266,True,0.6314722454242645,2019-11-01,MESA_OPEN_DATA_2026,https://data.mesaaz.gov/d/5zhe-5nig,dataset 5zhe-5nig; retrieved 2026-08-22,study-derived after declared sensor and completeness QA
2019-12-02,0.0,1.42898802491e-05,0.0,9.521437788409076,16.088010732610744,0.6735410304119189,3.7902427849670257,7.929888342817624,2.365000009536743,0.0,0.0,11,30.073246626279015,40.368134978633385,True,0.7449748828425342,2019-12-01,MESA_OPEN_DATA_2026,https://data.mesaaz.gov/d/5zhe-5nig,dataset 5zhe-5nig; retrieved 2026-08-22,study-derived after declared sensor and completeness QA
2019-12-03,0.0,0.0001516681136889,0.0,8.30018700831844,16.3715035709498,0.6738107888648908,3.9656874373555184,8.085906460881233,0.0,0.0,0.0,11,29.31134047360234,37.397246934483576,True,0.7837833764863232,2019-12-01,MESA_OPEN_DATA_2026,https://data.mesaaz.gov/d/5zhe-5nig,dataset 5zhe-5nig; retrieved 2026-08-22,study-derived after declared sensor and completeness QA
2019-12-04,0.0,0.0023305084239634,0.0,8.159833507033111,15.967877212699795,1.1137038607564238,3.906799202513611,7.6908401648203535,0.0,0.0,0.0,11,29.150544291426904,36.841384456247255,True,0.7912445398474649,2019-12-01,MESA_OPEN_DATA_2026,https://data.mesaaz.gov/d/5zhe-5nig,dataset 5zhe-5nig; retrieved 2026-08-22,study-derived after declared sensor and completeness QA
2019-12-05,0.0,0.0023516278088209,0.0,8.0854653077337,15.802397268017131,0.8307198681972093,3.839841750595305,7.871204841468069,0.0,0.0,0.0,11,28.560775822352166,36.431980663820234,True,0.7839479298668826,2019-12-01,MESA_OPEN_DATA_2026,https://data.mesaaz.gov/d/5zhe-5nig,dataset 5zhe-5nig; retrieved 2026-08-22,study-derived after declared sensor and completeness QA
2019-12-06,0.0,0.0023608720778914,0.0,8.135049420218323,16.36564039323065,0.8026433896894256,3.925869489461184,7.75760351618131,0.0,0.0,0.0,11,29.231563564677476,36.989167080858785,True,0.7902736360831513,2019-12-01,MESA_OPEN_DATA_2026,https://data.mesaaz.gov/d/5zhe-5nig,dataset 5zhe-5nig; retrieved 2026-08-22,study-derived after declared sensor and completeness QA
2019-12-07,0.0,0.002395939708448,0.0,8.166214784345982,15.92606426609887,0.6653743302656545,3.891462532596456,7.859006464481354,0.0,0.0,0.0,11,28.65151185301541,36.51051831749676,True,0.7847467845802913,2019-12-01,MESA_OPEN_DATA_2026,https://data.mesaaz.gov/d/5zhe-5nig,dataset 5zhe-5nig; retrieved 2026-08-22,study-derived after declared sensor and completeness QA
2019-12-08,0.0,0.0023658738387489,0.0,7.893837037538049,15.764387532075244,0.7302371349599627,3.8051176108419895,7.818760716252857,0.0,0.0,0.0,11,28.195945189253994,36.01470590550685,True,0.7829008867442306,2019-12-01,MESA_OPEN_DATA_2026,https://data.mesaaz.gov/d/5zhe-5nig,dataset 5zhe-5nig; retrieved 2026-08-22,study-derived after declared sensor and completeness QA
2019-12-09,0.0,9.2197998533e-06,0.0,8.778408188904162,16.321647743384045,0.6531412957650092,3.8820398276050887,8.090865448117256,0.0,0.0,0.0,11,29.635246275458158,37.726111723575414,True,0.7855367256662924,2019-12-01,MESA_OPEN_DATA_2026,https://data.mesaaz.gov/d/5zhe-5nig,dataset 5zhe-5nig; retrieved 2026-08-22,study-derived after declared sensor and completeness QA
2019-12-10,0.0,7.137090188408086e-09,0.0,8.102718259525169,16.528503404061,0.6442270764667127,3.956100710150269,3.3891089441497333,0.0,0.0,0.0,11,29.23154945734024,32.620658401489976,True,0.8961054402263402,2019-12-01,MESA_OPEN_DATA_2026,https://data.mesaaz.gov/d/5zhe-5nig,dataset 5zhe-5nig; retrieved 2026-08-22,study-derived after declared sensor and completeness QA
2019-12-11,0.0,0.0023943642610295,0.0,8.07765168261656,16.958958601885186,0.809490262861881,3.974780546672497,3.650179288453526,0.0,0.0,0.0,11,29.823275458297157,33.47345474675068,True,0.8909530158727386,2019-12-01,MESA_OPEN_DATA_2026,https://data.mesaaz.gov/d/5zhe-5nig,dataset 5zhe-5nig; retrieved 2026-08-22,study-derived after declared sensor and completeness QA
2019-12-12,0.0,0.0024079360750295,0.0,8.010136314011325,16.28164559006691,0.5754617902967665,3.849543450607194,7.856833161624174,0.0,0.0,0.0399444435516165,11,28.719195081057222,36.615972686233015,True,0.7843351678011042,2019-12-01,MESA_OPEN_DATA_2026,https://data.mesaaz.gov/d/5zhe-5nig,dataset 5zhe-5nig; retrieved 2026-08-22,study-derived after declared sensor and completeness QA
2019-12-13,0.0,0.0024016842782859,0.1331250052899122,7.996554542298147,15.938827019267611,0.7967527716937992,3.829243874218729,8.212026151021321,0.0,0.0009986111585425,5.55555543137e-05,11,28.696904897046487,36.90998521478066,True,0.7774835110352406,2019-12-01,MESA_OPEN_DATA_2026,https://data.mesaaz.gov/d/5zhe-5nig,dataset 5zhe-5nig; retrieved 2026-08-22,study-derived after declared sensor and completeness QA
2019-12-14,0.0,0.0024216023661817,0.1558333395255936,8.003686834693552,15.793350972400772,0.6126084730029107,3.74108212168018,7.778760028547711,0.0,1.3888889548e-06,0.0,11,28.308983343669187,36.08774476110585,True,0.7844486689614267,2019-12-01,MESA_OPEN_DATA_2026,https://data.mesaaz.gov/d/5zhe-5nig,dataset 5zhe-5nig; retrieved 2026-08-22,study-derived after declared sensor and completeness QA
2019-12-15,0.0,0.0024051853067552,0.0,7.774115652596185,15.90572679274612,0.7570192362699244,3.658009225047297,7.57564910252889,0.0,0.0,0.0,11,28.097276091966286,35.67292519449518,True,0.7876358874069033,2019-12-01,MESA_OPEN_DATA_2026,https://data.mesaaz.gov/d/5zhe-5nig,dataset 5zhe-5nig; retrieved 2026-08-22,study-derived after declared sensor and completeness QA
2019-12-16,0.0,3.9669096926e-06,0.0,8.11773631292301,16.28009175790036,0.6263800505134794,3.7824513741665418,7.993111867374844,0.0,0.0,0.0,11,28.806663462413084,36.79977532978793,True,0.7827945470932062,2019-12-01,MESA_OPEN_DATA_2026,https://data.mesaaz.gov/d/5zhe-5nig,dataset 5zhe-5nig; retrieved 2026-08-22,study-derived after declared sensor and completeness QA
2019-12-17,0.0,3.5722747678453476e-08,0.0,8.000380933547767,16.401707730028363,0.5969472081090014,3.9094514647291767,8.051351463132434,0.0,0.0,0.0,11,28.908487372137056,36.959838835269494,True,0.7821594542384933,2019-12-01,MESA_OPEN_DATA_2026,https://data.mesaaz.gov/d/5zhe-5nig,dataset 5zhe-5nig; retrieved 2026-08-22,study-derived after declared sensor and completeness QA
2019-12-18,0.0,0.0024553005117581,0.0,7.911252311370238,13.682612154809211,0.7951572144817974,3.764813433222561,7.723133834203084,0.0,0.0,0.0,11,26.156290414395567,33.87942424859865,True,0.77204058199063,2019-12-01,MESA_OPEN_DATA_2026,https://data.mesaaz.gov/d/5zhe-5nig,dataset 5zhe-5nig; retrieved 2026-08-22,study-derived after declared sensor and completeness QA
2019-12-19,0.0,0.0024209945291254,0.0,8.011172598075047,11.625971295436225,0.8058854101432694,3.6780750453472137,7.569680335786607,0.0,0.0,0.0,11,24.12352534353088,31.693205679317487,True,0.7611576306802418,2019-12-01,MESA_OPEN_DATA_2026,https://data.mesaaz.gov/d/5zhe-5nig,dataset 5zhe-5nig; retrieved 2026-08-22,study-derived after declared sensor and completeness QA
2019-12-20,0.0,0.0024271025788038,0.0,8.002310561326201,11.561145010259416,0.7790709288793413,3.65131795141432,7.544258846176995,0.0,0.0,0.0,11,23.996271554458083,31.540530400635078,True,0.7608074832493911,2019-12-01,MESA_OPEN_DATA_2026,https://data.mesaaz.gov/d/5zhe-5nig,dataset 5zhe-5nig; retrieved 2026-08-22,study-derived after declared sensor and completeness QA
2019-12-21,0.0,0.0024189531644676,3.757508412996928,8.002908101533949,11.642801293068462,0.6645069695595238,3.6342125624418258,7.56524833507008,0.0,0.0,0.0,11,27.704356292765155,35.269604627835236,True,0.785502320910638,2019-12-01,MESA_OPEN_DATA_2026,https://data.mesaaz.gov/d/5zhe-5nig,dataset 5zhe-5nig; retrieved 2026-08-22,study-derived after declared sensor and completeness QA
2019-12-22,0.0,0.0024290128704807,3.4163938224315644,7.948644127440321,11.53625908129745,0.7561805473847522,3.592525008320808,7.644659739070469,0.0,0.0,0.0,11,27.252431599745375,34.89709133881584,True,0.7809370510324637,2019-12-01,MESA_OPEN_DATA_2026,https://data.mesaaz.gov/d/5zhe-5nig,dataset 5zhe-5nig; retrieved 2026-08-22,study-derived after declared sensor and completeness QA
2019-12-23,0.0,3.6820033429e-06,0.0,8.08111137079498,11.99089657233821,0.5897604204300377,3.681862586736679,7.942081362671322,0.0,0.0,0.0,11,24.34363463230325,32.285715994974574,True,0.7540063424981021,2019-12-01,MESA_OPEN_DATA_2026,https://data.mesaaz.gov/d/5zhe-5nig,dataset 5zhe-5nig; retrieved 2026-08-22,study-derived after declared sensor and completeness QA
2019-12-24,0.0,5.073140360146845e-08,0.0,8.066320719128637,11.86829998327626,0.5541458078142669,3.650412595272064,7.876704642507765,0.0,0.0,0.0,11,24.13917915622263,32.0158837987304,True,0.7539750989844571,2019-12-01,MESA_OPEN_DATA_2026,https://data.mesaaz.gov/d/5zhe-5nig,dataset 5zhe-5nig; retrieved 2026-08-22,study-derived after declared sensor and completeness QA
2019-12-25,0.0,0.0023580432081582,0.0,8.076230846238964,11.708388839306693,0.7395902565783925,3.6450626128401784,7.592585297425588,0.0,0.0,0.0,11,24.171630598172385,31.76421589559797,True,0.760970479410518,2019-12-01,MESA_OPEN_DATA_2026,https://data.mesaaz.gov/d/5zhe-5nig,dataset 5zhe-5nig; retrieved 2026-08-22,study-derived after declared sensor and completeness QA
2019-12-26,0.0,0.0023738648926761,0.0,8.007699477909778,12.43723185426659,0.7556562322295375,3.819787526130676,8.191397788127263,0.0,0.0,0.0,11,25.022748955429254,33.21414674355652,True,0.7533762390052552,2019-12-01,MESA_OPEN_DATA_2026,https://data.mesaaz.gov/d/5zhe-5nig,dataset 5zhe-5nig; retrieved 2026-08-22,study-derived after declared sensor and completeness QA
2019-12-27,0.0,0.00239086629493,0.0,8.023212297399667,11.345651614997122,0.7627326492220163,3.324300077557564,7.188565470774969,0.0,0.0,0.0,11,23.458287505471297,30.646852976246265,True,0.7654387066643784,2019-12-01,MESA_OPEN_DATA_2026,https://data.mesaaz.gov/d/5zhe-5nig,dataset 5zhe-5nig; retrieved 2026-08-22,study-derived after declared sensor and completeness QA
2019-12-28,0.0,0.0023967742105014,0.0,7.999171846102173,11.482661145925524,0.6455756802939706,3.5668484767278037,7.647869704829322,0.0,0.0,0.0,11,23.696653923259973,31.344523628089295,True,0.7560061912066927,2019-12-01,MESA_OPEN_DATA_2026,https://data.mesaaz.gov/d/5zhe-5nig,dataset 5zhe-5nig; retrieved 2026-08-22,study-derived after declared sensor and completeness QA
2019-12-29,0.0,0.0023956303209868,0.0,8.016799363941596,12.30305185953776,0.7285237714855207,3.7042993006606895,7.925437102715175,0.0,0.0,0.0,11,24.755069925946554,32.68050702866173,True,0.757487327361098,2019-12-01,MESA_OPEN_DATA_2026,https://data.mesaaz.gov/d/5zhe-5nig,dataset 5zhe-5nig; retrieved 2026-08-22,study-derived after declared sensor and completeness QA
2019-12-30,0.0,3.4103337672e-06,0.0,8.083179021009629,12.08837452199724,0.5905133297873868,3.6200879631770984,7.85533885161082,0.0,0.0,0.0,11,24.38215824630512,32.23749709791594,True,0.7563291335009179,2019-12-01,MESA_OPEN_DATA_2026,https://data.mesaaz.gov/d/5zhe-5nig,dataset 5zhe-5nig; retrieved 2026-08-22,study-derived after declared sensor and completeness QA
2019-12-31,0.0,0.0011622007433304427,0.0,8.015368027109359,12.082070667708035,0.6331093873621689,3.641286221249212,7.8102533148394695,0.0,0.0,0.0,11,24.3729965041721,32.18324981901157,True,0.7573193086850499,2019-12-01,MESA_OPEN_DATA_2026,https://data.mesaaz.gov/d/5zhe-5nig,dataset 5zhe-5nig; retrieved 2026-08-22,study-derived after declared sensor and completeness QA
2020-01-02,0.0,0.0023625041658912,0.0,8.050194559625945,12.148753557933702,0.7495870552336176,3.6749990611440606,7.88079906768269,0.0,0.0,0.0,11,24.62589673810322,32.50669580578591,True,0.7575638227038758,2020-01-01,MESA_OPEN_DATA_2026,https://data.mesaaz.gov/d/5zhe-5nig,dataset 5zhe-5nig; retrieved 2026-08-22,study-derived after declared sensor and completeness QA
2020-01-03,0.0,0.0023631526661726,0.0,8.52639459123766,11.606936370664172,0.7490378596095575,3.409092281013727,7.272194131215413,0.0,0.0,0.0,11,24.29382425519129,31.566018386406704,True,0.7696195306549323,2020-01-01,MESA_OPEN_DATA_2026,https://data.mesaaz.gov/d/5zhe-5nig,dataset 5zhe-5nig; retrieved 2026-08-22,study-derived after declared sensor and completeness QA
2020-01-04,0.0,0.0028682960003303,0.0,8.074065307141153,11.9264464692937,0.6614193392089671,3.644982226275736,7.734775681628121,0.0,0.0,0.0,11,24.309781637919883,32.044557319548005,True,0.7586243553157244,2020-01-01,MESA_OPEN_DATA_2026,https://data.mesaaz.gov/d/5zhe-5nig,dataset 5zhe-5nig; retrieved 2026-08-22,study-derived after declared sensor and completeness QA
2020-01-05,0.0,0.0028566684700005,0.0,7.9934193302863665,12.035812276932928,0.4800017261877656,3.6459995612502096,7.687796072165171,0.0,0.0,0.0,11,24.158089563127273,31.845885635292444,True,0.7585937423688618,2020-01-01,MESA_OPEN_DATA_2026,https://data.mesaaz.gov/d/5zhe-5nig,dataset 5zhe-5nig; retrieved 2026-08-22,study-derived after declared sensor and completeness QA
2020-01-06,0.0,4.1469761519e-06,0.0,8.038869357815182,12.344467385278808,0.6230958407537804,3.689984779391024,7.8490574101607,0.0,0.0,0.0,11,24.69642151021495,32.54547892037565,True,0.7588280255649683,2020-01-01,MESA_OPEN_DATA_2026,https://data.mesaaz.gov/d/5zhe-5nig,dataset 5zhe-5nig; retrieved 2026-08-22,study-derived after declared sensor and completeness QA
2020-01-07,0.0,9.363513107590254e-07,0.0,8.133687645531943,12.723346378074751,0.7271395896044043,3.863939665340715,8.015893951389526,0.0,0.0,0.0,11,25.44811421490313,33.46400816629266,True,0.760462228207806,2020-01-01,MESA_OPEN_DATA_2026,https://data.mesaaz.gov/d/5zhe-5nig,dataset 5zhe-5nig; retrieved 2026-08-22,study-derived after declared sensor and completeness QA
2020-01-08,0.0,0.0028459472236114,0.0,8.003261719543321,12.408546464024813,0.8118208312739928,3.756037672637647,7.848105466365814,0.0,0.0,0.0,11,24.982512634703387,32.8306181010692,True,0.7609516384307665,2020-01-01,MESA_OPEN_DATA_2026,https://data.mesaaz.gov/d/5zhe-5nig,dataset 5zhe-5nig; retrieved 2026-08-22,study-derived after declared sensor and completeness QA
2020-01-09,0.0,0.0028636808749676,0.0,8.024998531090034,10.860672834515572,0.8073027597947253,2.761345404138168,7.648382121986813,0.0,0.0,0.0,11,22.457183210413472,30.105565332400285,True,0.7459478990831157,2020-01-01,MESA_OPEN_DATA_2026,https://data.mesaaz.gov/d/5zhe-5nig,dataset 5zhe-5nig; retrieved 2026-08-22,study-derived after declared sensor and completeness QA
2020-01-10,0.0,0.0028707930731315,0.0,8.15999205431608,10.422746782832675,0.790643422719505,2.2171888964871567,7.717864630357274,0.0,0.0,0.0,11,21.593441949428552,29.31130657978583,True,0.7366932583046365,2020-01-01,MESA_OPEN_DATA_2026,https://data.mesaaz.gov/d/5zhe-5nig,dataset 5zhe-5nig; retrieved 2026-08-22,study-derived after declared sensor and completeness QA
2020-01-11,0.0,0.0027589109703613,0.0,8.27559071221398,12.077159831258983,1.8204655698397096,2.179013095299403,6.449470943212509,0.0,0.0,0.0,11,24.354988119582433,30.80445906279494,True,0.7906319039699659,2020-01-01,MESA_OPEN_DATA_2026,https://data.mesaaz.gov/d/5zhe-5nig,dataset 5zhe-5nig; retrieved 2026-08-22,study-derived after declared sensor and completeness QA
2020-01-12,0.0,0.0028000288762591,0.0,8.033533352874494,13.13517724805408,0.7930168256991439,2.155008443610536,7.666043472952313,0.0,0.0,0.0,11,24.119535899114513,31.785579372066827,True,0.7588200805397546,2020-01-01,MESA_OPEN_DATA_2026,https://data.mesaaz.gov/d/5zhe-5nig,dataset 5zhe-5nig; retrieved 2026-08-22,study-derived after declared sensor and completeness QA
2020-01-13,0.0,3.9054929845e-06,0.0,8.036162665266058,13.583228766587045,0.5951321741566062,2.234971654415131,7.9328945166534846,0.0,0.0,0.0,11,24.449499165917825,32.38239368257131,True,0.7550244557454352,2020-01-01,MESA_OPEN_DATA_2026,https://data.mesaaz.gov/d/5zhe-5nig,dataset 5zhe-5nig; retrieved 2026-08-22,study-derived after declared sensor and completeness QA
2020-01-14,0.0,2.1266277751132003e-10,0.0,8.014497511848614,13.879478049210526,0.4831638325730131,2.389944025375665,8.29696139295896,0.0,0.0,0.0,11,24.76708341922048,33.06404481217944,True,0.7490639321326259,2020-01-01,MESA_OPEN_DATA_2026,https://data.mesaaz.gov/d/5zhe-5nig,dataset 5zhe-5nig; retrieved 2026-08-22,study-derived after declared sensor and completeness QA
2020-01-15,0.0,0.0027445555476446,0.0,8.00875581417437,13.493669285415606,0.6521999803475208,2.268033894512296,7.885455960697598,0.0,0.0,0.0,11,24.42540352999744,32.31085949069504,True,0.7559502877672297,2020-01-01,MESA_OPEN_DATA_2026,https://data.mesaaz.gov/d/5zhe-5nig,dataset 5zhe-5nig; retrieved 2026-08-22,study-derived after declared sensor and completeness QA
2020-01-16,0.0,0.0027696027378422,0.0,8.000085359814408,13.101676791367511,0.7253857315207521,3.440545175638464,7.683100962638855,0.0,0.0,0.0,11,25.27046266107898,32.953563623717834,True,0.7668506796300156,2020-01-01,MESA_OPEN_DATA_2026,https://data.mesaaz.gov/d/5zhe-5nig,dataset 5zhe-5nig; retrieved 2026-08-22,study-derived after declared sensor and completeness QA
2020-01-17,0.0,0.0027738062354425,0.0,8.014086630970716,13.082032571644795,0.7424316554847691,4.01077914941642,7.704931024710337,0.0,0.0,0.0,11,25.852103813752144,33.557034838462485,True,0.7703929723886366,2020-01-01,MESA_OPEN_DATA_2026,https://data.mesaaz.gov/d/5zhe-5nig,dataset 5zhe-5nig; retrieved 2026-08-22,study-derived after declared sensor and completeness QA
2020-01-18,0.0,0.0027886846005761,0.0,8.017322250687867,13.06603331764539,0.7564653046429157,3.7801603881849184,7.711221956599641,0.0,0.0,0.0,11,25.622769945761668,33.33399190236131,True,0.7686679117464658,2020-01-01,MESA_OPEN_DATA_2026,https://data.mesaaz.gov/d/5zhe-5nig,dataset 5zhe-5nig; retrieved 2026-08-22,study-derived after declared sensor and completeness QA
2020-01-19,0.0,0.0028036387624322,0.0,8.526783563320237,13.311487774054209,0.752189617541929,3.679043153176705,7.814268655467917,0.0,0.0,0.0,11,26.27230774685551,34.08657640232343,True,0.7707523171809276,2020-01-01,MESA_OPEN_DATA_2026,https://data.mesaaz.gov/d/5zhe-5nig,dataset 5zhe-5nig; retrieved 2026-08-22,study-derived after declared sensor and completeness QA
2020-01-20,0.0,4.1079037319e-06,0.0,8.006979268076721,13.71815194686254,0.6115763938675324,3.805911799768607,8.085823724170526,0.0,0.0,0.0,11,26.142623516479134,34.22844724064966,True,0.7637689005486696,2020-01-01,MESA_OPEN_DATA_2026,https://data.mesaaz.gov/d/5zhe-5nig,dataset 5zhe-5nig; retrieved 2026-08-22,study-derived after declared sensor and completeness QA
2020-01-21,0.0,1.549115677808762e-07,0.0,8.18104159363338,13.621204455693563,0.5030868181751834,3.814993807176749,8.1322467447431,0.0,0.0,0.0,11,26.120326829590443,34.25257357433354,True,0.7625799787833512,2020-01-01,MESA_OPEN_DATA_2026,https://data.mesaaz.gov/d/5zhe-5nig,dataset 5zhe-5nig; retrieved 2026-08-22,study-derived after declared sensor and completeness QA
2020-01-22,0.0,0.0027209274438422,0.0,8.0148691926608,13.787651221400184,0.7546971698462124,3.9678932406746026,8.144175805868926,0.0,0.0,0.0,11,26.52783175202564,34.67200755789457,True,0.7651080401886173,2020-01-01,MESA_OPEN_DATA_2026,https://data.mesaaz.gov/d/5zhe-5nig,dataset 5zhe-5nig; retrieved 2026-08-22,study-derived after declared sensor and completeness QA
2020-01-23,0.0,0.0027575246035768,0.0,8.036203270225453,13.148348839721038,0.7419256624382977,3.777133891492204,8.041064289212226,0.0,0.0,0.0,11,25.706369188480572,33.747433477692795,True,0.7617281238726672,2020-01-01,MESA_OPEN_DATA_2026,https://data.mesaaz.gov/d/5zhe-5nig,dataset 5zhe-5nig; retrieved 2026-08-22,study-derived after declared sensor and completeness QA
2020-01-24,0.0,0.00277350487983,0.0,8.001039177223888,13.155981387694675,0.8208298619008727,3.750018749965562,7.997664325029517,0.0,0.0,0.0,11,25.73064268166483,33.728307006694344,True,0.7628797578413244,2020-01-01,MESA_OPEN_DATA_2026,https://data.mesaaz.gov/d/5zhe-5nig,dataset 5zhe-5nig; retrieved 2026-08-22,study-derived after declared sensor and completeness QA
2020-01-25,0.0,0.0027306747202399,0.0,8.056848985360832,13.1799503048261,0.7970694481498666,3.7290146748224897,7.812630460659663,0.0,0.0,0.0,11,25.765614087879527,33.57824454853919,True,0.7673305866432035,2020-01-01,MESA_OPEN_DATA_2026,https://data.mesaaz.gov/d/5zhe-5nig,dataset 5zhe-5nig; retrieved 2026-08-22,study-derived after declared sensor and completeness QA
2020-01-26,0.0,0.0027714046116064,0.0,8.107496527947122,13.26681869650086,0.7613749909732077,3.676036923792627,7.710757073428896,0.0,0.0,0.0,11,25.814498543825422,33.52525561725432,True,0.7700015426739826,2020-01-01,MESA_OPEN_DATA_2026,https://data.mesaaz.gov/d/5zhe-5nig,dataset 5zhe-5nig; retrieved 2026-08-22,study-derived after declared sensor and completeness QA
2020-01-27,0.0,4.1376423891e-06,0.0,8.004628702717994,13.69041109614902,0.5828999757766724,3.7449519690540103,7.75720854451265,0.0,0.0,0.0,11,26.022895881340087,33.78010442585274,True,0.7703616173970181,2020-01-01,MESA_OPEN_DATA_2026,https://data.mesaaz.gov/d/5zhe-5nig,dataset 5zhe-5nig; retrieved 2026-08-22,study-derived after declared sensor and completeness QA
2020-01-28,0.0,1.352969230576188e-07,0.0,8.007375029335995,13.930666422843933,0.5009249951690435,3.9178798438774214,7.8063795154293985,0.0,0.0,0.0,11,26.35684642652332,34.16322594195272,True,0.7714975884100248,2020-01-01,MESA_OPEN_DATA_2026,https://data.mesaaz.gov/d/5zhe-5nig,dataset 5zhe-5nig; retrieved 2026-08-22,study-derived after declared sensor and completeness QA
2020-01-29,0.0,0.0027953413674643,0.0,8.001943605206524,13.535564381489335,0.7299541533614199,3.816074618894464,7.867201553358789,0.0,0.0,0.0,11,26.086332100319208,33.953533653677994,True,0.7682950577809277,2020-01-01,MESA_OPEN_DATA_2026,https://data.mesaaz.gov/d/5zhe-5nig,dataset 5zhe-5nig; retrieved 2026-08-22,study-derived after declared sensor and completeness QA
2020-01-30,0.0,0.0027135482096734,0.0,8.157906453754324,13.257395733065076,0.7572868567167057,3.746051093108124,7.694359532329771,0.0,0.0,0.0,11,25.921353684853905,33.615713217183675,True,0.7711082468303374,2020-01-01,MESA_OPEN_DATA_2026,https://data.mesaaz.gov/d/5zhe-5nig,dataset 5zhe-5nig; retrieved 2026-08-22,study-derived after declared sensor and completeness QA
2020-01-31,0.0,0.00274248413916205,0.0,3.97463487998482,13.197031467490726,0.8035796024940081,3.703020485324992,7.5802845504548815,1.7962499856948853,0.0,0.0,11,21.681008919433708,31.057543455583474,True,0.6980915586720666,2020-01-01,MESA_OPEN_DATA_2026,https://data.mesaaz.gov/d/5zhe-5nig,dataset 5zhe-5nig; retrieved 2026-08-22,study-derived after declared sensor and completeness QA
2020-02-21,0.0,0.0050384030599767,8.041449388199382,3.880888107067666,15.1347229997317,0.7618020619783137,4.011028628547987,7.822686145702998,17.06784767574734,0.004993547342073,0.7950398649244259,11,31.834929588585027,57.52549682230186,True,0.5534055566164715,2020-02-01,MESA_OPEN_DATA_2026,https://data.mesaaz.gov/d/5zhe-5nig,dataset 5zhe-5nig; retrieved 2026-08-22,study-derived after declared sensor and completeness QA
2020-02-22,0.0,0.0050566636433359,7.8488749563694,8.15032592836996,13.59821276664734,0.9610555372718308,3.985017950832843,7.621462699770928,8.277222520775265,0.001005162084335,0.0011055555608537,11,34.54854380313471,50.44933974132609,True,0.6848165700538181,2020-02-01,MESA_OPEN_DATA_2026,https://data.mesaaz.gov/d/5zhe-5nig,dataset 5zhe-5nig; retrieved 2026-08-22,study-derived after declared sensor and completeness QA
2020-02-23,0.0,0.0050472957877597,5.0213111661374565,8.733653819396055,13.489221153656642,0.7121979370713234,3.870079746676816,7.707399276892344,1.297569493452708,1.3888889548e-06,0.0,11,31.831511118726052,40.836481277960054,True,0.7794871184434273,2020-02-01,MESA_OPEN_DATA_2026,https://data.mesaaz.gov/d/5zhe-5nig,dataset 5zhe-5nig; retrieved 2026-08-22,study-derived after declared sensor and completeness QA
2020-02-24,0.0,1.05448582073e-05,0.8749930529958672,9.382146527368674,16.15643190542857,0.757784713887506,4.380645180741946,9.031550107399624,0.0,0.0,0.0,11,31.552011925280773,40.5835620326804,True,0.7774579249567384,2020-02-01,MESA_OPEN_DATA_2026,https://data.mesaaz.gov/d/5zhe-5nig,dataset 5zhe-5nig; retrieved 2026-08-22,study-derived after declared sensor and completeness QA
2020-02-25,0.0,0.0005909695920975,0.0,8.460492331821643,15.5642476439476,0.4849236173969176,4.115184621897068,8.468841431538264,0.0,0.0,0.0,11,28.625439184655324,37.094280616193586,True,0.7716941455432573,2020-02-01,MESA_OPEN_DATA_2026,https://data.mesaaz.gov/d/5zhe-5nig,dataset 5zhe-5nig; retrieved 2026-08-22,study-derived after declared sensor and completeness QA
2020-02-26,0.0,0.0050744846219458,0.0,8.096080466541009,14.42760077172758,0.686708656574289,4.020067885164769,8.01354703704516,0.0,0.0,0.0,11,27.235532264629597,35.249079301674755,True,0.7726593943500698,2020-02-01,MESA_OPEN_DATA_2026,https://data.mesaaz.gov/d/5zhe-5nig,dataset 5zhe-5nig; retrieved 2026-08-22,study-derived after declared sensor and completeness QA
2020-02-27,0.0,0.0049857045417108,0.0,8.100942006509694,13.86479063199626,0.7950982180320554,3.952048305587636,7.761924029390017,0.0,0.0,0.0,11,26.717864866667355,34.47978889605737,True,0.7748848157745664,2020-02-01,MESA_OPEN_DATA_2026,https://data.mesaaz.gov/d/5zhe-5nig,dataset 5zhe-5nig; retrieved 2026-08-22,study-derived after declared sensor and completeness QA
2020-02-28,0.0,0.0049684292316669,0.0,8.092589438932746,13.880975626771738,0.7941876161843539,3.9260186250838967,7.704973720510801,0.0,0.0,0.0,11,26.698739736204402,34.4037134567152,True,0.7760423818723883,2020-02-01,MESA_OPEN_DATA_2026,https://data.mesaaz.gov/d/5zhe-5nig,dataset 5zhe-5nig; retrieved 2026-08-22,study-derived after declared sensor and completeness QA
2020-02-29,0.0,0.0050689569373692,0.0,8.200176590368976,13.874979999827014,0.7392273552301857,3.880528707619802,7.687736252778107,0.0,0.0,0.010499999858438901,11,26.699981609983347,34.398217862619894,True,0.776202468296995,2020-02-01,MESA_OPEN_DATA_2026,https://data.mesaaz.gov/d/5zhe-5nig,dataset 5zhe-5nig; retrieved 2026-08-22,study-derived after declared sensor and completeness QA
2020-03-02,0.0,1.11120110554e-05,0.0,7.982030904068077,15.007429164648055,0.6394923211385807,3.9968894928693777,8.163518032431602,0.0,0.0,0.0,11,27.625852994735144,35.789371027166744,True,0.7719010477654136,2020-03-01,MESA_OPEN_DATA_2026,https://data.mesaaz.gov/d/5zhe-5nig,dataset 5zhe-5nig; retrieved 2026-08-22,study-derived after declared sensor and completeness QA
2020-03-03,0.0,0.0005926652575597,0.0,8.108132322294857,15.24259378015995,0.5465197743020124,4.126864438503981,8.229686025778452,0.0,0.0,0.0,11,28.024702980518363,36.25438900629682,True,0.7730016626580277,2020-03-01,MESA_OPEN_DATA_2026,https://data.mesaaz.gov/d/5zhe-5nig,dataset 5zhe-5nig; retrieved 2026-08-22,study-derived after declared sensor and completeness QA
2020-03-04,0.0,0.007670922597875,0.0,7.998323553240415,14.415442803443971,0.7248468679272466,4.029102387498162,8.120770192146301,0.0,0.0,0.0,11,27.175386534707673,35.29615672685397,True,0.7699248035702463,2020-03-01,MESA_OPEN_DATA_2026,https://data.mesaaz.gov/d/5zhe-5nig,dataset 5zhe-5nig; retrieved 2026-08-22,study-derived after declared sensor and completeness QA
2020-03-05,0.0,0.007774349557197,0.0,8.06339933203158,14.15844443606006,0.7801076436829236,4.008021771907806,8.075070897738138,0.0,0.0,0.0,11,27.017747533239568,35.09281843097771,True,0.7698939196456794,2020-03-01,MESA_OPEN_DATA_2026,https://data.mesaaz.gov/d/5zhe-5nig,dataset 5zhe-5nig; retrieved 2026-08-22,study-derived after declared sensor and completeness QA
2020-03-06,0.0,0.0077939801015115,0.0,8.514503217972296,14.12106452551153,0.7483246327895258,4.026980158686638,7.951601579785347,0.0,0.0,0.0,11,27.4186665150615,35.37026809484685,True,0.775189671775662,2020-03-01,MESA_OPEN_DATA_2026,https://data.mesaaz.gov/d/5zhe-5nig,dataset 5zhe-5nig; retrieved 2026-08-22,study-derived after declared sensor and completeness QA
2020-03-07,0.0,0.0077835507409569,0.0,8.74526005196424,14.02217218776544,0.7960697697682513,3.9810478632648785,8.077230855822563,0.0,0.0,0.0,11,27.552333423503768,35.62956427932633,True,0.7732997576815923,2020-03-01,MESA_OPEN_DATA_2026,https://data.mesaaz.gov/d/5zhe-5nig,dataset 5zhe-5nig; retrieved 2026-08-22,study-derived after declared sensor and completeness QA
2020-03-08,0.0,0.0078153941498991,0.0,8.667730644207255,14.23562853369448,0.8172430726182129,3.910074044018984,8.03924439549446,0.0,0.0,0.0,11,27.63849168868883,35.677736084183294,True,0.7746705571080662,2020-03-01,MESA_OPEN_DATA_2026,https://data.mesaaz.gov/d/5zhe-5nig,dataset 5zhe-5nig; retrieved 2026-08-22,study-derived after declared sensor and completeness QA
2020-03-09,0.0,1.63180000195e-05,0.0,8.1012330701743,15.00166866183281,0.6438503713243537,3.981925112505754,8.092146889368694,0.0,0.0,0.0,11,27.728693533837237,35.82084042320593,True,0.7740938851862803,2020-03-01,MESA_OPEN_DATA_2026,https://data.mesaaz.gov/d/5zhe-5nig,dataset 5zhe-5nig; retrieved 2026-08-22,study-derived after declared sensor and completeness QA
2020-03-10,0.0,0.0009055182956406,0.0,7.993096729219461,14.746446470419563,0.5571413396340278,3.971011414627234,8.078951956828435,0.0,0.0,0.0,11,27.26860147219593,35.347553429024366,True,0.7714424005879089,2020-03-01,MESA_OPEN_DATA_2026,https://data.mesaaz.gov/d/5zhe-5nig,dataset 5zhe-5nig; retrieved 2026-08-22,study-derived after declared sensor and completeness QA
2020-03-11,0.0,0.0078064397998484,0.0,8.117751527570405,14.05321163838136,0.9561798646218248,3.9869832521203175,7.493657306830088,0.0,0.0,0.0,11,27.121932722493753,34.61559002932384,True,0.7835178513357132,2020-03-01,MESA_OPEN_DATA_2026,https://data.mesaaz.gov/d/5zhe-5nig,dataset 5zhe-5nig; retrieved 2026-08-22,study-derived after declared sensor and completeness QA
2020-03-12,0.0,0.0078085280072021,0.0,8.122856249026254,13.916239624884394,0.8286426986050275,3.952037171357208,7.800301125645637,0.0,0.0,0.0,11,26.827584271880085,34.62788539752572,True,0.7747393167067893,2020-03-01,MESA_OPEN_DATA_2026,https://data.mesaaz.gov/d/5zhe-5nig,dataset 5zhe-5nig; retrieved 2026-08-22,study-derived after declared sensor and completeness QA
2020-03-13,0.0,0.0078288636703897,0.0,8.146799700387438,15.49222201605638,0.9365312821335264,4.318608980460299,8.63889184296131,0.0,0.0,0.0,11,28.90199084270803,37.540882685669345,True,0.769880428350741,2020-03-01,MESA_OPEN_DATA_2026,https://data.mesaaz.gov/d/5zhe-5nig,dataset 5zhe-5nig; retrieved 2026-08-22,study-derived after declared sensor and completeness QA
2020-03-14,0.0,0.0078445532592013,0.0,8.22341464071914,13.812964770529003,0.8640296304184529,4.042294770479202,7.811681433518728,0.0,0.0,0.0,11,26.950548365405,34.76222979892373,True,0.7752824983119874,2020-03-01,MESA_OPEN_DATA_2026,https://data.mesaaz.gov/d/5zhe-5nig,dataset 5zhe-5nig; retrieved 2026-08-22,study-derived after declared sensor and completeness QA
2020-03-15,0.0,0.0078188596933614,0.0,8.093036892482472,14.232240948743293,0.8388784718182352,4.099919348955154,8.205445504188537,0.0,0.0,0.0,11,27.271894521692516,35.477340025881055,True,0.7687130574557566,2020-03-01,MESA_OPEN_DATA_2026,https://data.mesaaz.gov/d/5zhe-5nig,dataset 5zhe-5nig; retrieved 2026-08-22,study-derived after declared sensor and completeness QA
2020-03-16,0.0,1.67701865594e-05,0.0,7.934488397935531,15.117408755425783,0.6138319049030543,3.988123149818807,7.873279999693235,0.0,0.0,0.0,11,27.653868978269735,35.527148977962966,True,0.7783869455841524,2020-03-01,MESA_OPEN_DATA_2026,https://data.mesaaz.gov/d/5zhe-5nig,dataset 5zhe-5nig; retrieved 2026-08-22,study-derived after declared sensor and completeness QA
2020-03-17,0.0,0.0009124326097537,0.0,7.966164352985117,15.255753449504995,0.4703472263904081,4.0459362304872935,8.049180427193642,0.0,0.0,0.0,11,27.73911369197757,35.78829411917121,True,0.7750890165261656,2020-03-01,MESA_OPEN_DATA_2026,https://data.mesaaz.gov/d/5zhe-5nig,dataset 5zhe-5nig; retrieved 2026-08-22,study-derived after declared sensor and completeness QA
2020-03-18,0.0,0.0078843671407715,0.0,8.374353171444959,14.64627869857405,0.6967951105907559,4.073960775769622,7.817680437366168,0.0,0.0,0.0,11,27.79927212352016,35.61695256088633,True,0.7805067566069267,2020-03-01,MESA_OPEN_DATA_2026,https://data.mesaaz.gov/d/5zhe-5nig,dataset 5zhe-5nig; retrieved 2026-08-22,study-derived after declared sensor and completeness QA
2020-03-19,0.0,0.0077949172186587,0.0,0.23211707325185,14.006333448489508,0.8194805011775832,4.04903450873163,7.541978814204534,1.3851063936314685,0.0,0.0,11,19.11476044886923,28.04184565670523,True,0.6816512965257906,2020-03-01,MESA_OPEN_DATA_2026,https://data.mesaaz.gov/d/5zhe-5nig,dataset 5zhe-5nig; retrieved 2026-08-22,study-derived after declared sensor and completeness QA
2020-03-24,0.0,0.0009049687077956,0.0,5.068354686636899,14.145292123158772,0.5006284809981784,4.031922287080023,7.750626159707705,22.25250005722046,0.0,0.0,11,23.747102546581665,53.75022876350983,True,0.44180467865660866,2020-03-01,MESA_OPEN_DATA_2026,https://data.mesaaz.gov/d/5zhe-5nig,dataset 5zhe-5nig; retrieved 2026-08-22,study-derived after declared sensor and completeness QA
2020-03-25,0.0,0.007829676727124,0.0,8.6750241425916,13.415526718150277,0.7268588334239077,4.009031925347828,7.723931569523281,8.652499914169312,0.0,0.0,11,26.834271296240733,43.21070277993333,True,0.6210098325154372,2020-03-01,MESA_OPEN_DATA_2026,https://data.mesaaz.gov/d/5zhe-5nig,dataset 5zhe-5nig; retrieved 2026-08-22,study-derived after declared sensor and completeness QA
2020-03-26,0.0,0.0078454051477213,0.0,7.99244945556406,14.411612606048584,0.8341041662626796,3.953077846103244,7.437013452582889,1.0499999523162842,0.0,1.3511208780937725,11,27.19908947912629,37.03722376211923,True,0.7343717135447083,2020-03-01,MESA_OPEN_DATA_2026,https://data.mesaaz.gov/d/5zhe-5nig,dataset 5zhe-5nig; retrieved 2026-08-22,study-derived after declared sensor and completeness QA
2020-03-27,0.0,0.0078936718481903,0.0,8.049636920248028,16.755674562189313,0.8399249168733756,3.911059562034077,7.3209216594696045,0.0,0.0,2.864897325138251,11,29.564189633192985,39.75000861780084,True,0.7437530370736463,2020-03-01,MESA_OPEN_DATA_2026,https://data.mesaaz.gov/d/5zhe-5nig,dataset 5zhe-5nig; retrieved 2026-08-22,study-derived after declared sensor and completeness QA
2020-03-28,0.0,0.0079162129977097,0.0,8.102746479385107,15.239161395230775,0.6917794449461832,3.8700580165618,7.373745225535499,0.0,0.0,1.4419820017284817,11,27.911661549121572,36.72738877638555,True,0.7599685814600522,2020-03-01,MESA_OPEN_DATA_2026,https://data.mesaaz.gov/d/5zhe-5nig,dataset 5zhe-5nig; retrieved 2026-08-22,study-derived after declared sensor and completeness QA
2020-03-29,0.0,0.0078668183854056,0.0,8.039337487753828,13.172930719123949,0.7745473348225157,3.803094967371888,7.1940016097492645,0.0,0.0,0.3005847173018588,11,25.797777327457585,33.292363654508705,True,0.7748857244013629,2020-03-01,MESA_OPEN_DATA_2026,https://data.mesaaz.gov/d/5zhe-5nig,dataset 5zhe-5nig; retrieved 2026-08-22,study-derived after declared sensor and completeness QA
2020-03-30,0.0,2.22283367209e-05,0.0,8.118755122059019,13.785928522547088,0.6606173784368568,3.8959030335148177,7.510543321238624,0.0,0.0,0.0004152777708239,11,26.4612262848945,33.97218488390395,True,0.7789085799256866,2020-03-01,MESA_OPEN_DATA_2026,https://data.mesaaz.gov/d/5zhe-5nig,dataset 5zhe-5nig; retrieved 2026-08-22,study-derived after declared sensor and completeness QA
2020-03-31,0.0,0.0044000332241565,0.0,8.32003893287872,13.436295647158857,0.581004565845554,3.9095019273198073,7.368467901150385,0.0,0.0,0.0,11,26.251241106427095,33.619709007577484,True,0.7808289209317777,2020-03-01,MESA_OPEN_DATA_2026,https://data.mesaaz.gov/d/5zhe-5nig,dataset 5zhe-5nig; retrieved 2026-08-22,study-derived after declared sensor and completeness QA
2020-04-02,0.0,0.0077743168777993,0.0,9.07936464200497,12.728422111272812,0.7638426818574469,3.787108274300893,7.325829634401534,0.0,0.0,0.0,11,26.36651202631392,33.692341660715456,True,0.7825669195637033,2020-04-01,MESA_OPEN_DATA_2026,https://data.mesaaz.gov/d/5zhe-5nig,dataset 5zhe-5nig; retrieved 2026-08-22,study-derived after declared sensor and completeness QA
2020-04-03,0.0,0.0078080885940127,0.0,8.007269243524906,12.690115368250185,0.7246274198922846,3.812972880403201,7.365774239434137,0.0,0.0,0.0,11,25.24279300066459,32.60856724009873,True,0.7741153671303763,2020-04-01,MESA_OPEN_DATA_2026,https://data.mesaaz.gov/d/5zhe-5nig,dataset 5zhe-5nig; retrieved 2026-08-22,study-derived after declared sensor and completeness QA
2020-04-04,0.0,0.0117506444441258,0.0,8.002019878796547,12.85248818058349,0.7008741164639738,3.796017786199578,7.279607298639085,0.0,0.0,0.0,11,25.363150606487718,32.6427579051268,True,0.77699165861547,2020-04-01,MESA_OPEN_DATA_2026,https://data.mesaaz.gov/d/5zhe-5nig,dataset 5zhe-5nig; retrieved 2026-08-22,study-derived after declared sensor and completeness QA
2020-04-05,0.0,0.0117797737216783,0.0,8.355307608456636,12.774247041344642,0.6807569508751233,4.019766647617022,7.441786385907067,0.0,0.0,0.0,11,25.841858022015103,33.28364440792217,True,0.7764131146607319,2020-04-01,MESA_OPEN_DATA_2026,https://data.mesaaz.gov/d/5zhe-5nig,dataset 5zhe-5nig; retrieved 2026-08-22,study-derived after declared sensor and completeness QA
2020-04-06,0.0,3.32853242637e-05,0.0,8.176222887033681,13.459849894046783,0.6107249814603064,3.973049007852872,7.469038698408339,0.0,0.0,0.0,11,26.21988005571791,33.68891875412625,True,0.7782939027245116,2020-04-01,MESA_OPEN_DATA_2026,https://data.mesaaz.gov/d/5zhe-5nig,dataset 5zhe-5nig; retrieved 2026-08-22,study-derived after declared sensor and completeness QA
2020-04-07,0.0,0.0013052955272038,0.0,8.797667274508406,13.55470967888832,0.4848444333817396,4.061907089749972,7.505538566907247,0.0,0.0,0.0,11,26.900433772055642,34.40597233896289,True,0.7818536127110806,2020-04-01,MESA_OPEN_DATA_2026,https://data.mesaaz.gov/d/5zhe-5nig,dataset 5zhe-5nig; retrieved 2026-08-22,study-derived after declared sensor and completeness QA
2020-04-08,0.0,0.011618912798844,0.0,8.103211283279752,13.3855337019246,0.6483767081776427,4.016047844149608,7.449607525931464,0.0,0.0,0.0,11,26.164788450330448,33.61439597626191,True,0.7783804435697048,2020-04-01,MESA_OPEN_DATA_2026,https://data.mesaaz.gov/d/5zhe-5nig,dataset 5zhe-5nig; retrieved 2026-08-22,study-derived after declared sensor and completeness QA
2020-04-09,0.0,0.0117724237549636,0.0,7.996755902206259,12.745006281137467,0.7646854096195764,3.923096971958876,7.350926184654236,0.0,0.0,0.0,11,25.441316988677144,32.79224317333138,True,0.7758333839561043,2020-04-01,MESA_OPEN_DATA_2026,https://data.mesaaz.gov/d/5zhe-5nig,dataset 5zhe-5nig; retrieved 2026-08-22,study-derived after declared sensor and completeness QA
2020-04-10,0.0,0.0116286929024176,0.0,8.221510098524627,12.627362355589868,0.7208923434424731,3.904019835591316,7.398106948534648,0.0,0.0,0.0,11,25.4854133260507,32.88352027458535,True,0.7750208345469504,2020-04-01,MESA_OPEN_DATA_2026,https://data.mesaaz.gov/d/5zhe-5nig,dataset 5zhe-5nig; retrieved 2026-08-22,study-derived after declared sensor and completeness QA
2020-04-14,0.0,0.0013383958099547,0.0,8.633075216961819,13.436741175254186,0.5148109986964199,3.962961309154829,7.735777122444577,0.0,0.0,0.0,11,26.548927095877204,34.28470421832178,True,0.7743665200322607,2020-04-01,MESA_OPEN_DATA_2026,https://data.mesaaz.gov/d/5zhe-5nig,dataset 5zhe-5nig; retrieved 2026-08-22,study-derived after declared sensor and completeness QA
2020-04-15,0.0,0.0013421237235888,0.0,8.187802934944996,12.802224353039064,0.7302534934133291,3.9819736316228993,7.5262736585405134,0.0,0.0,0.0,11,25.703596536743877,33.22987019528439,True,0.7735087854899728,2020-04-01,MESA_OPEN_DATA_2026,https://data.mesaaz.gov/d/5zhe-5nig,dataset 5zhe-5nig; retrieved 2026-08-22,study-derived after declared sensor and completeness QA
2020-04-17,0.0,0.0013421237235888,0.0,7.976657749646204,12.517309225267834,0.7385451644659042,3.9799555745389728,7.528369651900397,0.0,0.0,0.0,11,25.213809837642504,32.7421794895429,True,0.7700712118353397,2020-04-01,MESA_OPEN_DATA_2026,https://data.mesaaz.gov/d/5zhe-5nig,dataset 5zhe-5nig; retrieved 2026-08-22,study-derived after declared sensor and completeness QA
2020-04-18,0.0,0.0013421237235888,0.0,8.165131509265414,12.505041781398983,0.6349340118467808,3.9829958733585142,7.401525739828745,0.0,0.0,0.0,11,25.289445299593282,32.690971039422024,True,0.7735911322149701,2020-04-01,MESA_OPEN_DATA_2026,https://data.mesaaz.gov/d/5zhe-5nig,dataset 5zhe-5nig; retrieved 2026-08-22,study-derived after declared sensor and completeness QA
2020-04-19,0.0,0.0013421237235888,0.0,8.469040449102074,12.420296864136636,0.634847212375866,3.9780069090134607,7.471936756372452,0.0,0.0,0.0,11,25.503533558351627,32.97547031472408,True,0.7734092437481896,2020-04-01,MESA_OPEN_DATA_2026,https://data.mesaaz.gov/d/5zhe-5nig,dataset 5zhe-5nig; retrieved 2026-08-22,study-derived after declared sensor and completeness QA
2020-04-20,0.0,0.0013421237235888,0.0,8.136193577095028,13.207256982723871,0.5715208384725783,3.9730069938633177,7.651834758122762,0.0,0.0,0.0,11,25.889320515878385,33.54115527400115,True,0.771867286752226,2020-04-01,MESA_OPEN_DATA_2026,https://data.mesaaz.gov/d/5zhe-5nig,dataset 5zhe-5nig; retrieved 2026-08-22,study-derived after declared sensor and completeness QA
2020-04-21,0.0,0.0013421237235888,0.0,7.999691692700737,13.291715095440546,0.5286041765163342,4.020933241976632,7.689622169733047,0.0,0.0,0.0,11,25.842286330357837,33.531908500090886,True,0.7706774677107268,2020-04-01,MESA_OPEN_DATA_2026,https://data.mesaaz.gov/d/5zhe-5nig,dataset 5zhe-5nig; retrieved 2026-08-22,study-derived after declared sensor and completeness QA
2020-04-22,0.0,0.0013421237235888,0.0,7.828585807663131,12.963916730747911,0.7377874925732613,4.0439681150122935,7.462385153108173,0.0,0.0,0.0,11,25.575600269720187,33.037985422828356,True,0.7741271128489614,2020-04-01,MESA_OPEN_DATA_2026,https://data.mesaaz.gov/d/5zhe-5nig,dataset 5zhe-5nig; retrieved 2026-08-22,study-derived after declared sensor and completeness QA
2020-04-23,0.0,0.0013421237235888,0.0,9.524254892512603,12.503285747435358,0.8730208299346476,4.024028177062671,7.551031359699038,0.0,0.0,0.0,11,26.92593177066887,34.476963130367906,True,0.780983280599678,2020-04-01,MESA_OPEN_DATA_2026,https://data.mesaaz.gov/d/5zhe-5nig,dataset 5zhe-5nig; retrieved 2026-08-22,study-derived after declared sensor and completeness QA
2020-04-24,0.0,0.0013421237235888,0.0,8.489058073668016,12.435187304682202,0.7961884680514534,4.050962305896812,7.340451513396369,0.0,0.0,0.0,11,25.772738276022075,33.11318978941844,True,0.7783224280089724,2020-04-01,MESA_OPEN_DATA_2026,https://data.mesaaz.gov/d/5zhe-5nig,dataset 5zhe-5nig; retrieved 2026-08-22,study-derived after declared sensor and completeness QA
2020-04-25,0.0,0.0013421237235888,0.0,8.470429891452055,12.395112031698227,0.6900137276906106,4.024037980205483,7.307433343595928,0.0,0.0,0.0,11,25.580935754769968,32.8883690983659,True,0.7778110151421582,2020-04-01,MESA_OPEN_DATA_2026,https://data.mesaaz.gov/d/5zhe-5nig,dataset 5zhe-5nig; retrieved 2026-08-22,study-derived after declared sensor and completeness QA
2020-04-26,0.0,0.0013421237235888,0.0,8.409151938541068,12.399985500507883,0.6340275276038382,3.964086098058356,7.699371660417981,0.0,0.0,0.0,11,25.408593188434736,33.10796484885272,True,0.7674465435864812,2020-04-01,MESA_OPEN_DATA_2026,https://data.mesaaz.gov/d/5zhe-5nig,dataset 5zhe-5nig; retrieved 2026-08-22,study-derived after declared sensor and completeness QA
2020-04-27,0.0,0.0013421237235888,0.0,8.83145381881959,12.959416134489906,0.5078434935046567,4.003942779203256,7.541284890969594,0.0,0.0,0.0,11,26.303998349740997,33.84528324071059,True,0.7771835786589427,2020-04-01,MESA_OPEN_DATA_2026,https://data.mesaaz.gov/d/5zhe-5nig,dataset 5zhe-5nig; retrieved 2026-08-22,study-derived after declared sensor and completeness QA
2020-04-28,0.0,0.0013421237235888,0.0,9.515186225567705,13.141434574127198,0.5713128489338689,4.03694288763735,7.589563626713223,0.0,0.0,0.0,11,27.26621865998971,34.85578228670293,True,0.7822581182001315,2020-04-01,MESA_OPEN_DATA_2026,https://data.mesaaz.gov/d/5zhe-5nig,dataset 5zhe-5nig; retrieved 2026-08-22,study-derived after declared sensor and completeness QA
2020-04-29,0.0,0.0013421237235888,0.0,11.720738772767008,12.710235124851373,0.7597502329697211,4.0759432477325035,7.571280729108387,0.0,0.0,0.0,11,29.268009502044194,36.83929023115258,True,0.7944781052620322,2020-04-01,MESA_OPEN_DATA_2026,https://data.mesaaz.gov/d/5zhe-5nig,dataset 5zhe-5nig; retrieved 2026-08-22,study-derived after declared sensor and completeness QA
2020-04-30,0.0,0.0013421237235888,0.0,10.491858565425444,12.554382914304732,0.9001724000502791,4.04700166773465,7.436446144183477,0.0,0.0,0.0,11,27.994757671238695,35.43120381542217,True,0.7901159050953102,2020-04-01,MESA_OPEN_DATA_2026,https://data.mesaaz.gov/d/5zhe-5nig,dataset 5zhe-5nig; retrieved 2026-08-22,study-derived after declared sensor and completeness QA
2020-05-02,0.0,0.0013421237235888,0.0,8.2867917816808,12.443069139122963,0.8226492981322937,4.018097347683376,7.420123584402932,0.0,0.0,0.0,11,25.571949690343022,32.992073274745955,True,0.7750937468339486,2020-05-01,MESA_OPEN_DATA_2026,https://data.mesaaz.gov/d/5zhe-5nig,dataset 5zhe-5nig; retrieved 2026-08-22,study-derived after declared sensor and completeness QA
2020-05-03,0.0,0.0013421237235888,0.0,8.292513975110475,12.253590884804726,0.7401413081627753,4.028980708784527,7.390934713681539,0.0,0.0,0.0,11,25.316569000586096,32.70750371426764,True,0.7740293854814277,2020-05-01,MESA_OPEN_DATA_2026,https://data.mesaaz.gov/d/5zhe-5nig,dataset 5zhe-5nig; retrieved 2026-08-22,study-derived after declared sensor and completeness QA
2020-05-04,0.0,0.0013421237235888,0.0,8.414139324122047,12.769381159543991,0.6850437766354945,3.988071096440157,7.448927750190099,0.0,0.0,0.0,11,25.85797748046528,33.30690523065538,True,0.776354851986243,2020-05-01,MESA_OPEN_DATA_2026,https://data.mesaaz.gov/d/5zhe-5nig,dataset 5zhe-5nig; retrieved 2026-08-22,study-derived after declared sensor and completeness QA
2020-05-05,0.0,0.0013421237235888,0.0,7.535936637548385,13.010249680280683,0.5704281113834845,4.047895692288876,7.53055484228664,0.0,0.0,0.0,11,25.165852245225018,32.69640708751166,True,0.7696824968525999,2020-05-01,MESA_OPEN_DATA_2026,https://data.mesaaz.gov/d/5zhe-5nig,dataset 5zhe-5nig; retrieved 2026-08-22,study-derived after declared sensor and completeness QA
2020-05-06,0.0,0.0013421237235888,0.0,2.112033826139156,12.50558849828821,0.8180840359172887,4.086931996192773,7.635209597481621,0.0,0.0,0.0,11,19.523980480261017,27.159190077742636,True,0.7188719702013946,2020-05-01,MESA_OPEN_DATA_2026,https://data.mesaaz.gov/d/5zhe-5nig,dataset 5zhe-5nig; retrieved 2026-08-22,study-derived after declared sensor and completeness QA
2020-05-08,0.0,0.0013421237235888,0.0,6.373765722710345,12.140345513143323,0.6706552156350679,4.092888823813862,7.472517058584425,18.449999809265137,0.0,0.0,11,23.27899739902619,49.20151426687575,True,0.4731357915684814,2020-05-01,MESA_OPEN_DATA_2026,https://data.mesaaz.gov/d/5zhe-5nig,dataset 5zhe-5nig; retrieved 2026-08-22,study-derived after declared sensor and completeness QA
2020-05-09,0.0,0.0013421237235888,0.0,8.307045544421783,12.105109932356411,0.6390605437465839,4.047081123458015,7.379933120807012,5.279999911785126,0.0,0.0,11,25.099639267706383,37.75957230029852,True,0.6647225521542242,2020-05-01,MESA_OPEN_DATA_2026,https://data.mesaaz.gov/d/5zhe-5nig,dataset 5zhe-5nig; retrieved 2026-08-22,study-derived after declared sensor and completeness QA
2020-05-10,0.0,0.0013421237235888,0.0,8.195290625478163,12.24655188123385,0.7601897146759762,4.031028377678659,7.326425406005647,0.1225000023841857,0.0,0.0,11,25.23440272279024,32.683328131180076,True,0.7720879165520625,2020-05-01,MESA_OPEN_DATA_2026,https://data.mesaaz.gov/d/5zhe-5nig,dataset 5zhe-5nig; retrieved 2026-08-22,study-derived after declared sensor and completeness QA
2020-05-11,0.0,0.0013421237235888,0.0,8.376180932369332,13.064410563138662,0.5841207381544842,4.008040493561162,7.522863302628199,0.0,0.0,0.0,11,26.03409485094723,33.55695815357543,True,0.7758180801668804,2020-05-01,MESA_OPEN_DATA_2026,https://data.mesaaz.gov/d/5zhe-5nig,dataset 5zhe-5nig; retrieved 2026-08-22,study-derived after declared sensor and completeness QA
2020-05-12,0.0,0.0013421237235888,0.0,8.170749623617636,12.825840089056229,0.7924444443649716,3.960100037852923,7.325482611523734,0.0,0.0,0.0,11,25.75047631861535,33.07595893013908,True,0.7785254653690874,2020-05-01,MESA_OPEN_DATA_2026,https://data.mesaaz.gov/d/5zhe-5nig,dataset 5zhe-5nig; retrieved 2026-08-22,study-derived after declared sensor and completeness QA
2020-05-13,0.0,0.0013421237235888,0.0,7.998620108720584,12.856888773052264,0.5893403650364942,4.109729227371748,7.586629150311152,0.0,0.0,0.0,11,25.55592059790468,33.142549748215835,True,0.7710909628876829,2020-05-01,MESA_OPEN_DATA_2026,https://data.mesaaz.gov/d/5zhe-5nig,dataset 5zhe-5nig; retrieved 2026-08-22,study-derived after declared sensor and completeness QA
2020-05-14,0.0,0.0013421237235888,0.0,8.315829658620512,12.649663409259585,0.7628348242698444,4.048111445042822,7.608540130323834,0.0,0.0,0.0,11,25.77778146091635,33.38632159124018,True,0.7721060671649391,2020-05-01,MESA_OPEN_DATA_2026,https://data.mesaaz.gov/d/5zhe-5nig,dataset 5zhe-5nig; retrieved 2026-08-22,study-derived after declared sensor and completeness QA
2020-05-15,0.0,0.0013421237235888,0.0,8.52884270902453,12.655975831879507,0.7738472109453546,4.009081074595452,7.4304602166016895,0.0,0.0,0.0,11,25.969088950168434,33.39954916677012,True,0.7775281283139474,2020-05-01,MESA_OPEN_DATA_2026,https://data.mesaaz.gov/d/5zhe-5nig,dataset 5zhe-5nig; retrieved 2026-08-22,study-derived after declared sensor and completeness QA
2020-05-16,0.0,0.0013421237235888,0.0,8.897796151397008,12.589233524884198,0.6778381253070791,4.004010653712079,7.535548096232944,0.0,0.0,0.0,11,26.170220579023955,33.7057686752569,True,0.776431501419378,2020-05-01,MESA_OPEN_DATA_2026,https://data.mesaaz.gov/d/5zhe-5nig,dataset 5zhe-5nig; retrieved 2026-08-22,study-derived after declared sensor and completeness QA
2020-05-17,0.0,0.0013421237235888,0.0,8.312922745291834,12.498316115803188,0.5306909502380424,4.014984589152866,7.623701241281298,0.0,0.0,0.0,11,25.35825652420952,32.98195776549082,True,0.7688523739103803,2020-05-01,MESA_OPEN_DATA_2026,https://data.mesaaz.gov/d/5zhe-5nig,dataset 5zhe-5nig; retrieved 2026-08-22,study-derived after declared sensor and completeness QA
2020-05-18,0.0,0.0013421237235888,0.0,8.702008826776787,12.93746887975269,0.7673750087204907,3.990034731560283,7.460389470391803,0.0,0.0,0.0,11,26.39822957053384,33.858619040925646,True,0.7796605507928639,2020-05-01,MESA_OPEN_DATA_2026,https://data.mesaaz.gov/d/5zhe-5nig,dataset 5zhe-5nig; retrieved 2026-08-22,study-derived after declared sensor and completeness QA
2020-05-19,0.0,0.0013421237235888,0.0,8.158268506019889,13.188132074144152,0.5836770598673158,4.070831348995368,7.586399457852045,0.0,0.0,0.0,11,26.002251112750315,33.58865057060236,True,0.774138010042837,2020-05-01,MESA_OPEN_DATA_2026,https://data.mesaaz.gov/d/5zhe-5nig,dataset 5zhe-5nig; retrieved 2026-08-22,study-derived after declared sensor and completeness QA
2020-05-20,0.0,0.0013421237235888,0.0,7.701998823753701,12.872107531698964,0.7972152713272307,4.109945778065858,7.53306583099895,0.0,0.0,0.0,11,25.48260952856934,33.01567535956829,True,0.7718336593464296,2020-05-01,MESA_OPEN_DATA_2026,https://data.mesaaz.gov/d/5zhe-5nig,dataset 5zhe-5nig; retrieved 2026-08-22,study-derived after declared sensor and completeness QA
2020-05-21,0.0,0.0013421237235888,0.0,8.177371911580948,12.570048855410684,0.7684896019183927,4.095031040906906,7.509442656570011,0.0,0.0,0.0,11,25.61228353354052,33.12172619011053,True,0.7732774368863609,2020-05-01,MESA_OPEN_DATA_2026,https://data.mesaaz.gov/d/5zhe-5nig,dataset 5zhe-5nig; retrieved 2026-08-22,study-derived after declared sensor and completeness QA
2020-05-22,0.0,0.0013421237235888,0.0,8.220746302831962,12.48031054949064,0.6679357924188177,4.065063077542517,7.447126705778969,0.0,0.0,0.0,11,25.435397846007525,32.882524551786496,True,0.773523267836369,2020-05-01,MESA_OPEN_DATA_2026,https://data.mesaaz.gov/d/5zhe-5nig,dataset 5zhe-5nig; retrieved 2026-08-22,study-derived after declared sensor and completeness QA
2020-05-23,0.0,0.0013421237235888,0.0,8.04918592721716,12.417175909876825,0.6976868923339579,4.0280519094732075,7.594889049397574,0.0,0.0,0.0,11,25.19344276262474,32.788331812022314,True,0.7683661037426491,2020-05-01,MESA_OPEN_DATA_2026,https://data.mesaaz.gov/d/5zhe-5nig,dataset 5zhe-5nig; retrieved 2026-08-22,study-derived after declared sensor and completeness QA
2020-05-24,0.0,0.0013421237235888,2.667291709780693,8.319958913829113,12.511732345819471,0.6970751067623496,4.026002881427606,7.546664072242048,0.0,0.0,0.0,11,28.22340308134282,35.77006715358487,True,0.7890229269115107,2020-05-01,MESA_OPEN_DATA_2026,https://data.mesaaz.gov/d/5zhe-5nig,dataset 5zhe-5nig; retrieved 2026-08-22,study-derived after declared sensor and completeness QA
2020-05-25,0.0,0.0013421237235888,6.683077843983968,8.29241024302186,12.647616477476229,0.5747676387843158,3.9600943783919016,7.534202789818799,0.0,0.0,0.0,11,32.15930870538186,39.69351149520066,True,0.8101905700449364,2020-05-01,MESA_OPEN_DATA_2026,https://data.mesaaz.gov/d/5zhe-5nig,dataset 5zhe-5nig; retrieved 2026-08-22,study-derived after declared sensor and completeness QA
2020-05-26,0.0,0.0013421237235888,7.450954296191534,8.123703674673727,12.43759493165546,0.7576795866505968,3.91406578661667,7.230507013422471,0.0,0.0,0.0,11,32.685340399511574,39.91584741293404,True,0.8188562317462025,2020-05-01,MESA_OPEN_DATA_2026,https://data.mesaaz.gov/d/5zhe-5nig,dataset 5zhe-5nig; retrieved 2026-08-22,study-derived after declared sensor and completeness QA
2020-05-27,0.0,0.0013421237235888,7.449777921040853,7.8598275850341475,12.967335051720928,0.6033583355446657,4.0657353608721145,7.766630474671169,0.0,0.0,0.0,11,32.947376377936294,40.71400685260746,True,0.8092393484436974,2020-05-01,MESA_OPEN_DATA_2026,https://data.mesaaz.gov/d/5zhe-5nig,dataset 5zhe-5nig; retrieved 2026-08-22,study-derived after declared sensor and completeness QA
2020-05-28,0.0,0.0013421237235888,7.617408283551534,7.594332176777749,12.635046699643135,0.7673491735839182,4.1728140951858625,7.643947042414435,0.0,0.0,0.0,11,32.78829255246579,40.43223959488023,True,0.8109442583689487,2020-05-01,MESA_OPEN_DATA_2026,https://data.mesaaz.gov/d/5zhe-5nig,dataset 5zhe-5nig; retrieved 2026-08-22,study-derived after declared sensor and completeness QA
2020-05-29,0.0,0.0013421237235888,4.939253394802411,7.994424977347089,12.639981526364847,0.808634657410175,4.156029712349156,7.621838195511589,0.0,0.0,0.0,11,30.53966639199727,38.16150458750886,True,0.8002741695355903,2020-05-01,MESA_OPEN_DATA_2026,https://data.mesaaz.gov/d/5zhe-5nig,dataset 5zhe-5nig; retrieved 2026-08-22,study-derived after declared sensor and completeness QA
2020-05-30,0.0,0.0013421237235888,0.8962361209922367,8.090183944260799,12.304053574800491,0.7994163433917695,4.134038019511435,7.537031782997979,0.0,0.0,0.0,11,26.22527012668032,33.7623019096783,True,0.7767619102761055,2020-05-01,MESA_OPEN_DATA_2026,https://data.mesaaz.gov/d/5zhe-5nig,dataset 5zhe-5nig; retrieved 2026-08-22,study-derived after declared sensor and completeness QA
2020-05-31,0.0,0.0013421237235888,0.0,7.968451243738981,12.591218757629395,0.6554172042757274,4.091050443883619,7.628211216462983,0.0,0.0,0.0,11,25.30747977325131,32.93569098971429,True,0.7683907339656166,2020-05-01,MESA_OPEN_DATA_2026,https://data.mesaaz.gov/d/5zhe-5nig,dataset 5zhe-5nig; retrieved 2026-08-22,study-derived after declared sensor and completeness QA
2020-06-02,0.0,0.0013421237235888,0.0,5.2968328905979245,13.091096884012222,0.7882791706257396,4.108942914340231,7.554678857988781,0.0,0.0,0.0,11,23.286493983299707,30.84117284128849,True,0.7550456690844458,2020-06-01,MESA_OPEN_DATA_2026,https://data.mesaaz.gov/d/5zhe-5nig,dataset 5zhe-5nig; retrieved 2026-08-22,study-derived after declared sensor and completeness QA
2020-06-03,0.0,0.0013421237235888,0.0,7.429630515015047,12.614503054439274,0.6086510523532828,4.200839711167308,7.81439316868782,0.0,0.0,0.0,11,24.854966456698502,32.66935962538632,True,0.760803601347132,2020-06-01,MESA_OPEN_DATA_2026,https://data.mesaaz.gov/d/5zhe-5nig,dataset 5zhe-5nig; retrieved 2026-08-22,study-derived after declared sensor and completeness QA
2020-06-04,0.0,0.0013421237235888,0.0,7.979150115683091,12.398671638965606,0.6770100767413775,4.147093586623669,7.595617873469989,0.0,0.0,0.0219541665477057,11,25.203267541737333,32.82083958175503,True,0.7679044126509099,2020-06-01,MESA_OPEN_DATA_2026,https://data.mesaaz.gov/d/5zhe-5nig,dataset 5zhe-5nig; retrieved 2026-08-22,study-derived after declared sensor and completeness QA
2020-06-05,0.0,0.0013421237235888,0.0,8.843048149830185,11.484868149956068,0.8654263386709823,4.1210451025101875,7.620916953682899,0.0,0.0,4.58333330849e-05,11,25.31572986469101,32.93669265170699,True,0.7686178491688657,2020-06-01,MESA_OPEN_DATA_2026,https://data.mesaaz.gov/d/5zhe-5nig,dataset 5zhe-5nig; retrieved 2026-08-22,study-derived after declared sensor and completeness QA
2020-06-06,0.0,0.0013421237235888,0.0,8.029138889179492,11.296581856078571,0.7384970887046721,4.140964956084887,7.643421509861947,0.0,0.0,0.0,11,24.20652491377121,31.84994642363316,True,0.7600177592703764,2020-06-01,MESA_OPEN_DATA_2026,https://data.mesaaz.gov/d/5zhe-5nig,dataset 5zhe-5nig; retrieved 2026-08-22,study-derived after declared sensor and completeness QA
2020-06-07,0.0,0.0013421237235888,0.0,8.539126852119656,11.332883485489422,0.7185889698771967,4.096079620884525,7.857551433642706,0.0,0.0,0.0,11,24.688021052094385,32.54557248573709,True,0.7585677303084396,2020-06-01,MESA_OPEN_DATA_2026,https://data.mesaaz.gov/d/5zhe-5nig,dataset 5zhe-5nig; retrieved 2026-08-22,study-derived after declared sensor and completeness QA
2020-06-08,0.0,0.0013421237235888,0.0,8.81309312470047,11.626072599159349,0.6007903505530622,4.163880011439323,7.74643965959549,0.0,0.0,0.0,11,25.20517820957579,32.95161786917128,True,0.7649147398361018,2020-06-01,MESA_OPEN_DATA_2026,https://data.mesaaz.gov/d/5zhe-5nig,dataset 5zhe-5nig; retrieved 2026-08-22,study-derived after declared sensor and completeness QA
2020-06-09,0.0,0.0013421237235888,0.0,9.106986263016356,11.662886564268009,0.7518125161942508,4.1799715879890655,7.61446941892306,0.0,0.0,0.0,11,25.70299905519127,33.31746847411433,True,0.7714571434249561,2020-06-01,MESA_OPEN_DATA_2026,https://data.mesaaz.gov/d/5zhe-5nig,dataset 5zhe-5nig; retrieved 2026-08-22,study-derived after declared sensor and completeness QA
2020-06-10,0.0,0.0013421237235888,0.0,8.091564759892353,11.500520474390129,0.5524708623687427,4.177005459671233,7.892626272638639,0.0,0.0,0.0,11,24.322903680046046,32.21552995268468,True,0.755005542847483,2020-06-01,MESA_OPEN_DATA_2026,https://data.mesaaz.gov/d/5zhe-5nig,dataset 5zhe-5nig; retrieved 2026-08-22,study-derived after declared sensor and completeness QA
2020-06-11,0.0,0.0013421237235888,0.0,7.940738071453016,11.2179023977783,0.7102011485439208,4.095147371623251,7.697629583875338,0.0,0.0,0.0,11,23.965331113122076,31.662960696997416,True,0.7568885090204056,2020-06-01,MESA_OPEN_DATA_2026,https://data.mesaaz.gov/d/5zhe-5nig,dataset 5zhe-5nig; retrieved 2026-08-22,study-derived after declared sensor and completeness QA
2020-06-12,0.0,0.0013421237235888,0.0,7.973202429501477,11.17115925086869,0.6267208583652973,4.11894995768865,7.75940603658005,0.0,0.0,0.0,11,23.8913746201477,31.65078065672775,True,0.7548431389185752,2020-06-01,MESA_OPEN_DATA_2026,https://data.mesaaz.gov/d/5zhe-5nig,dataset 5zhe-5nig; retrieved 2026-08-22,study-derived after declared sensor and completeness QA
2020-06-13,0.0,0.0013421237235888,0.0,8.388464475786012,11.780874990754658,0.5480875170479218,4.116006425023079,7.728308053811391,0.0,0.0,0.4889791761835416,11,24.834775532335257,33.05206276233019,True,0.7513835281905532,2020-06-01,MESA_OPEN_DATA_2026,https://data.mesaaz.gov/d/5zhe-5nig,dataset 5zhe-5nig; retrieved 2026-08-22,study-derived after declared sensor and completeness QA
2020-06-14,0.0,0.0013421237235888,0.0,8.529812704032897,11.434214890003204,0.772618755698204,4.116000175476074,7.692846761147181,0.0,0.0,0.0509166674300407,11,24.85398864893397,32.59775207751119,True,0.762444863984362,2020-06-01,MESA_OPEN_DATA_2026,https://data.mesaaz.gov/d/5zhe-5nig,dataset 5zhe-5nig; retrieved 2026-08-22,study-derived after declared sensor and completeness QA
2020-06-15,0.0,0.0013421237235888,0.0,8.492198264646738,11.438979294564987,1.0163416888564825,4.100033238530159,7.503445106744766,0.0,0.0,0.0001041666682188,11,25.048894610321955,32.55244388373494,True,0.7694935194355044,2020-06-01,MESA_OPEN_DATA_2026,https://data.mesaaz.gov/d/5zhe-5nig,dataset 5zhe-5nig; retrieved 2026-08-22,study-derived after declared sensor and completeness QA
2020-06-16,0.0,0.0013421237235888,0.0,7.461644906274548,11.419069238745648,0.5938434553561003,4.137920706873355,7.710532475511233,0.0,0.0,0.0,11,23.61382043097324,31.324352906484474,True,0.7538486270241493,2020-06-01,MESA_OPEN_DATA_2026,https://data.mesaaz.gov/d/5zhe-5nig,dataset 5zhe-5nig; retrieved 2026-08-22,study-derived after declared sensor and completeness QA
2020-06-17,0.0,0.0013421237235888,0.0,7.395610822850881,11.27251214901385,0.6307437645892302,4.19488092446427,7.9247560431559885,0.0,0.0,0.0,11,23.49508978464182,31.419845827797808,True,0.7477786464456555,2020-06-01,MESA_OPEN_DATA_2026,https://data.mesaaz.gov/d/5zhe-5nig,dataset 5zhe-5nig; retrieved 2026-08-22,study-derived after declared sensor and completeness QA
2020-06-18,0.0,0.0013421237235888,0.0,7.36044938052569,11.1642995595932,0.7396833509206772,4.14909600118796,7.740293296178182,0.0,0.0,0.0,11,23.414870415951118,31.1551637121293,True,0.7515566482751385,2020-06-01,MESA_OPEN_DATA_2026,https://data.mesaaz.gov/d/5zhe-5nig,dataset 5zhe-5nig; retrieved 2026-08-22,study-derived after declared sensor and completeness QA
2020-06-19,0.0,0.0013421237235888,0.0,7.680781875985551,11.104166756735909,0.75745557182365,4.168958482146263,7.8279355029265085,0.0,0.0,0.0,11,23.71270481041496,31.540640313341466,True,0.7518143124185293,2020-06-01,MESA_OPEN_DATA_2026,https://data.mesaaz.gov/d/5zhe-5nig,dataset 5zhe-5nig; retrieved 2026-08-22,study-derived after declared sensor and completeness QA
2020-06-20,0.0,0.0013421237235888,0.0,8.535948401420923,11.075080365604824,0.5753889073928197,4.148043514291445,7.724185486634572,0.0,0.0,0.0,11,24.3358033124336,32.05998879906817,True,0.7590708613454327,2020-06-01,MESA_OPEN_DATA_2026,https://data.mesaaz.gov/d/5zhe-5nig,dataset 5zhe-5nig; retrieved 2026-08-22,study-derived after declared sensor and completeness QA
2020-06-21,0.0,0.0013421237235888,0.0,7.3991008106244545,11.282416195670764,0.7967375530964799,4.20787344608042,7.703196022907893,0.0,0.0,0.0,11,23.68747012919571,31.390666152103602,True,0.7546023398935842,2020-06-01,MESA_OPEN_DATA_2026,https://data.mesaaz.gov/d/5zhe-5nig,dataset 5zhe-5nig; retrieved 2026-08-22,study-derived after declared sensor and completeness QA
2020-06-22,0.0,0.0013421237235888,0.0,7.391305468755735,11.277025598949855,0.7521793979323572,4.093242846594917,7.75501676996549,0.0,0.0,0.0,11,23.515095435956454,31.270112205921944,True,0.7519990744229935,2020-06-01,MESA_OPEN_DATA_2026,https://data.mesaaz.gov/d/5zhe-5nig,dataset 5zhe-5nig; retrieved 2026-08-22,study-derived after declared sensor and completeness QA
2020-06-23,0.0,0.0013421237235888,0.0,7.40613624796989,11.293928350011509,0.6308257978202568,4.169837431278494,7.859971981247266,0.0,0.0,0.0,11,23.50206995080374,31.362041932051007,True,0.7493794569155707,2020-06-01,MESA_OPEN_DATA_2026,https://data.mesaaz.gov/d/5zhe-5nig,dataset 5zhe-5nig; retrieved 2026-08-22,study-derived after declared sensor and completeness QA
2020-06-24,0.0,0.0013421237235888,0.0,7.457112269125851,11.210380259330558,0.8104666840285063,4.236835888001033,7.979458724459012,0.0,0.0,0.0,11,23.716137224209533,31.695595948668544,True,0.7482470833682429,2020-06-01,MESA_OPEN_DATA_2026,https://data.mesaaz.gov/d/5zhe-5nig,dataset 5zhe-5nig; retrieved 2026-08-22,study-derived after declared sensor and completeness QA
2020-06-25,0.0,0.0013421237235888,0.0,7.580870018532237,11.070591941807006,0.7468825061081185,4.221039082937771,7.697500969966253,0.0,0.0,0.0,11,23.620725673108723,31.318226643074976,True,0.7542165762546996,2020-06-01,MESA_OPEN_DATA_2026,https://data.mesaaz.gov/d/5zhe-5nig,dataset 5zhe-5nig; retrieved 2026-08-22,study-derived after declared sensor and completeness QA
2020-06-26,0.0,0.0013421237235888,0.0,7.48757243820642,11.229276316222297,0.573944765329361,4.253919978605376,7.916842509309451,0.0,0.0,0.0,11,23.546055622087046,31.462898131396496,True,0.7483752934568568,2020-06-01,MESA_OPEN_DATA_2026,https://data.mesaaz.gov/d/5zhe-5nig,dataset 5zhe-5nig; retrieved 2026-08-22,study-derived after declared sensor and completeness QA
2020-06-27,0.0,0.0013421237235888,0.0,7.45093553227103,11.420132557773057,0.7975833143624994,4.2101077308187955,7.602137968937556,0.0,0.0,0.0,11,23.88010125894897,31.482239227886524,True,0.7585261355169525,2020-06-01,MESA_OPEN_DATA_2026,https://data.mesaaz.gov/d/5zhe-5nig,dataset 5zhe-5nig; retrieved 2026-08-22,study-derived after declared sensor and completeness QA
2020-06-28,0.0,0.0013421237235888,0.0,7.512517940618553,11.077557502190272,0.728217383287847,4.134184547265371,7.41057054400444,0.0,0.0,0.0,11,23.453819497085632,30.864390041090072,True,0.7598990119636684,2020-06-01,MESA_OPEN_DATA_2026,https://data.mesaaz.gov/d/5zhe-5nig,dataset 5zhe-5nig; retrieved 2026-08-22,study-derived after declared sensor and completeness QA
2020-06-29,0.0,0.0013421237235888,0.0,7.5054291095817245,11.353740170266892,0.5664739615594347,4.122029383149412,7.619888221224149,0.0,0.0,0.0,11,23.549014748281053,31.1689029695052,True,0.7555291493999889,2020-06-01,MESA_OPEN_DATA_2026,https://data.mesaaz.gov/d/5zhe-5nig,dataset 5zhe-5nig; retrieved 2026-08-22,study-derived after declared sensor and completeness QA
2020-06-30,0.0,0.0013421237235888,0.0,7.575849320895493,11.250030752694604,0.6660879938035376,4.22392503692245,7.5873832806944845,0.0,0.0,0.0,11,23.717235228039677,31.304618508734162,True,0.7576273520606053,2020-06-01,MESA_OPEN_DATA_2026,https://data.mesaaz.gov/d/5zhe-5nig,dataset 5zhe-5nig; retrieved 2026-08-22,study-derived after declared sensor and completeness QA
2020-07-02,0.0,0.0013421237235888,0.0,7.532003091123642,10.932853285802736,0.711663895058963,4.1211529385712415,7.64718570013841,0.0,0.0,0.0,11,23.29901533428017,30.94620103441858,True,0.7528877392209417,2020-07-01,MESA_OPEN_DATA_2026,https://data.mesaaz.gov/d/5zhe-5nig,dataset 5zhe-5nig; retrieved 2026-08-22,study-derived after declared sensor and completeness QA
2020-07-03,0.0,0.0013421237235888,0.0,7.36555549666489,10.914080810215738,0.7929003511865934,4.09905344893535,7.528840520977974,0.0,0.0,0.0,11,23.17293223072616,30.701772751704134,True,0.7547750554384494,2020-07-01,MESA_OPEN_DATA_2026,https://data.mesaaz.gov/d/5zhe-5nig,dataset 5zhe-5nig; retrieved 2026-08-22,study-derived after declared sensor and completeness QA
2020-07-04,0.0,0.0013421237235888,0.0,7.456822425522206,10.848297489351696,0.7354718563664291,4.134912728269895,7.682515668869018,0.0,0.0,0.0,11,23.176846623233818,30.859362292102837,True,0.7510474909964345,2020-07-01,MESA_OPEN_DATA_2026,https://data.mesaaz.gov/d/5zhe-5nig,dataset 5zhe-5nig; retrieved 2026-08-22,study-derived after declared sensor and completeness QA
2020-07-05,0.0,0.0013421237235888,0.0,7.404827025523678,10.901755110753909,0.5639106295175023,4.133004816869895,7.606625398993492,0.0,0.0,0.0,11,23.004839706388573,30.611465105382067,True,0.7515105738060179,2020-07-01,MESA_OPEN_DATA_2026,https://data.mesaaz.gov/d/5zhe-5nig,dataset 5zhe-5nig; retrieved 2026-08-22,study-derived after declared sensor and completeness QA
2020-07-06,0.0,0.0013421237235888,0.0,7.054296731086377,10.806435870130857,0.7635580285141865,4.0372362896800045,7.491842196385066,0.0,0.0,0.0,11,22.66286904313501,30.154711239520076,True,0.7515531773169021,2020-07-01,MESA_OPEN_DATA_2026,https://data.mesaaz.gov/d/5zhe-5nig,dataset 5zhe-5nig; retrieved 2026-08-22,study-derived after declared sensor and completeness QA
2020-07-07,0.0,0.0013421237235888,0.0,7.471813625580149,11.07875518931283,0.5673634701098005,4.087874387535784,7.7502054164807,0.0,0.0,0.0019958334281303,11,23.20714879626215,30.95935004617098,True,0.7496006460617666,2020-07-01,MESA_OPEN_DATA_2026,https://data.mesaaz.gov/d/5zhe-5nig,dataset 5zhe-5nig; retrieved 2026-08-22,study-derived after declared sensor and completeness QA
2020-07-08,0.0,0.0013421237235888,0.0,7.316309000424269,11.112838603264793,0.8163916883369287,4.230600783646897,7.829106293121973,0.0,0.0,4.1666668645e-06,11,23.477482199396473,31.306592659185313,True,0.7499213489944653,2020-07-01,MESA_OPEN_DATA_2026,https://data.mesaaz.gov/d/5zhe-5nig,dataset 5zhe-5nig; retrieved 2026-08-22,study-derived after declared sensor and completeness QA
2020-07-09,0.0,0.0013421237235888,0.0,7.498101429507173,11.182659334606594,0.7357334724523955,4.168157355984052,7.625557846824328,0.0,0.0,0.2125562495241562,11,23.585993716273805,31.42410781262229,True,0.7505700354935739,2020-07-01,MESA_OPEN_DATA_2026,https://data.mesaaz.gov/d/5zhe-5nig,dataset 5zhe-5nig; retrieved 2026-08-22,study-derived after declared sensor and completeness QA
2020-07-10,0.0,0.0013421237235888,0.0,7.346390939419614,10.948079850938583,0.6945437675962846,4.129097461369303,7.692004310091336,0.0,0.0,0.0004437499990065,11,23.11945414304737,30.811902203137713,True,0.750341669612758,2020-07-01,MESA_OPEN_DATA_2026,https://data.mesaaz.gov/d/5zhe-5nig,dataset 5zhe-5nig; retrieved 2026-08-22,study-derived after declared sensor and completeness QA
2020-07-11,0.0,0.0013421237235888,0.0,7.548955036521624,10.833554346693887,0.6891583441446225,4.096091861195035,7.782528533538183,0.0,0.0,0.0,11,23.16910171227876,30.951630245816943,True,0.7485583643985932,2020-07-01,MESA_OPEN_DATA_2026,https://data.mesaaz.gov/d/5zhe-5nig,dataset 5zhe-5nig; retrieved 2026-08-22,study-derived after declared sensor and completeness QA
2020-07-12,0.0,0.0013421237235888,0.0,7.64582855917217,10.83399477534824,0.697643763696154,4.095002574894108,7.695190053184827,0.0,0.0,0.0,11,23.27381179683426,30.969001850019087,True,0.7515195972265382,2020-07-01,MESA_OPEN_DATA_2026,https://data.mesaaz.gov/d/5zhe-5nig,dataset 5zhe-5nig; retrieved 2026-08-22,study-derived after declared sensor and completeness QA
2020-07-13,0.0,0.0013421237235888,0.0,8.007084605696619,11.027056821187337,0.581789604946971,4.117936140961117,7.708775387207667,0.0,0.0,0.0,11,23.73520929651563,31.443984683723297,True,0.7548410144342156,2020-07-01,MESA_OPEN_DATA_2026,https://data.mesaaz.gov/d/5zhe-5nig,dataset 5zhe-5nig; retrieved 2026-08-22,study-derived after declared sensor and completeness QA
2020-07-14,0.0,0.0013421237235888,0.0,7.737744492993192,11.09765929645962,0.7748458268741767,4.17085278166665,7.561330636342366,0.0,0.0,0.0,11,23.782444521717228,31.343775158059593,True,0.7587613298585675,2020-07-01,MESA_OPEN_DATA_2026,https://data.mesaaz.gov/d/5zhe-5nig,dataset 5zhe-5nig; retrieved 2026-08-22,study-derived after declared sensor and completeness QA
2020-07-15,0.0,0.0013421237235888,0.0,7.389770024657972,10.977588427729076,0.6062833110491435,4.227841389212435,7.9467164804538095,0.0,0.0,0.0,11,23.202825276372216,31.149541756826025,True,0.7448849635576938,2020-07-01,MESA_OPEN_DATA_2026,https://data.mesaaz.gov/d/5zhe-5nig,dataset 5zhe-5nig; retrieved 2026-08-22,study-derived after declared sensor and completeness QA
2020-07-16,0.0,0.0013421237235888,0.0,7.444110589177646,10.9232253352801,0.7345166749424404,4.198062454660733,7.739203479886055,0.0,0.0,0.0,11,23.301257177784507,31.04046065767056,True,0.7506736911788201,2020-07-01,MESA_OPEN_DATA_2026,https://data.mesaaz.gov/d/5zhe-5nig,dataset 5zhe-5nig; retrieved 2026-08-22,study-derived after declared sensor and completeness QA
2020-07-17,0.0,0.0013421237235888,0.0,7.501321513139928,10.853315662344295,0.7947635333364208,4.194009489980009,7.549882402022679,0.0,0.0,0.0,11,23.34475232252424,30.89463472454692,True,0.7556248044575837,2020-07-01,MESA_OPEN_DATA_2026,https://data.mesaaz.gov/d/5zhe-5nig,dataset 5zhe-5nig; retrieved 2026-08-22,study-derived after declared sensor and completeness QA
2020-07-18,0.0,0.0013421237235888,0.0,7.387397009072452,10.892819093664489,0.7307072771092256,4.1730509003003435,7.670891510446866,0.0,0.0,0.0898125035688281,11,23.185316403870097,30.94602041788579,True,0.7492180283856382,2020-07-01,MESA_OPEN_DATA_2026,https://data.mesaaz.gov/d/5zhe-5nig,dataset 5zhe-5nig; retrieved 2026-08-22,study-derived after declared sensor and completeness QA
2020-07-19,0.0,0.0013421237235888,0.0,8.523162769331991,10.77155060172081,0.7183923554917176,4.13609008623494,7.717290861407916,0.0,0.0,0.0001875000074505,11,24.15053793650305,31.868016297918416,True,0.7578299731847613,2020-07-01,MESA_OPEN_DATA_2026,https://data.mesaaz.gov/d/5zhe-5nig,dataset 5zhe-5nig; retrieved 2026-08-22,study-derived after declared sensor and completeness QA
2020-07-20,0.0,0.0013421237235888,0.0,8.218420686728011,10.94321633643574,0.5979066787908475,4.100088030265438,7.664865945776303,0.0,0.0,0.0,11,23.86097385594362,31.525839801719922,True,0.7568703643111788,2020-07-01,MESA_OPEN_DATA_2026,https://data.mesaaz.gov/d/5zhe-5nig,dataset 5zhe-5nig; retrieved 2026-08-22,study-derived after declared sensor and completeness QA
2020-07-21,0.0,0.0013421237235888,0.0,8.385728414601074,11.290422943896717,0.7976390047205819,4.194767619007163,7.725423623455895,0.0,0.0,0.0,11,24.669900105949125,32.39532372940502,True,0.7615265805649727,2020-07-01,MESA_OPEN_DATA_2026,https://data.mesaaz.gov/d/5zhe-5nig,dataset 5zhe-5nig; retrieved 2026-08-22,study-derived after declared sensor and completeness QA
2020-07-22,0.0,0.0013421237235888,0.0,7.647476118838844,10.587271376979926,0.6340263465626372,4.197992590476543,7.87771337694592,0.0,0.0,0.0,11,23.068108556581542,30.945821933527462,True,0.7454353161513215,2020-07-01,MESA_OPEN_DATA_2026,https://data.mesaaz.gov/d/5zhe-5nig,dataset 5zhe-5nig; retrieved 2026-08-22,study-derived after declared sensor and completeness QA
2020-07-23,0.0,0.0013421237235888,0.0,7.706770816913057,11.132390121561649,0.7855174427852034,4.165081945867319,7.549839401245117,0.0,0.0,0.0828270801808685,11,23.791102450850815,31.4237689322768,True,0.7571053142009926,2020-07-01,MESA_OPEN_DATA_2026,https://data.mesaaz.gov/d/5zhe-5nig,dataset 5zhe-5nig; retrieved 2026-08-22,study-derived after declared sensor and completeness QA
2020-07-24,0.0,0.0013421237235888,0.0,7.589571877585172,10.57566216734026,0.7852750423881742,4.205898063381513,7.919578919145796,0.0,0.0,0.0001729166600853,11,23.157749274418713,31.077501110224592,True,0.7451612403546739,2020-07-01,MESA_OPEN_DATA_2026,https://data.mesaaz.gov/d/5zhe-5nig,dataset 5zhe-5nig; retrieved 2026-08-22,study-derived after declared sensor and completeness QA
2020-07-25,0.0,0.0013421237235888,0.0,7.404519318154426,11.06175823642148,0.7619499795138835,4.197025026215448,7.810153606202867,0.0,0.0,0.0,11,23.426594684028828,31.236748290231695,True,0.749969057802177,2020-07-01,MESA_OPEN_DATA_2026,https://data.mesaaz.gov/d/5zhe-5nig,dataset 5zhe-5nig; retrieved 2026-08-22,study-derived after declared sensor and completeness QA
2020-07-26,0.0,0.0013421237235888,0.0,7.580791341815041,11.065990263223648,0.7782874840001265,4.212955376836988,7.922118731339773,0.0,0.0,0.0,11,23.639366589599394,31.561485320939166,True,0.7489941094095492,2020-07-01,MESA_OPEN_DATA_2026,https://data.mesaaz.gov/d/5zhe-5nig,dataset 5zhe-5nig; retrieved 2026-08-22,study-derived after declared sensor and completeness QA
2020-07-27,0.0,0.0013421237235888,0.0,7.221456426719055,11.154567095306184,0.6618291710813841,4.1451888693703545,7.8447008490562435,0.0,0.0,0.0,11,23.184383686200565,31.029084535256807,True,0.7471823301733992,2020-07-01,MESA_OPEN_DATA_2026,https://data.mesaaz.gov/d/5zhe-5nig,dataset 5zhe-5nig; retrieved 2026-08-22,study-derived after declared sensor and completeness QA
2020-07-28,0.0,0.0013421237235888,0.0,7.596382814101375,11.191819772228204,0.8135479100048542,4.180900231997172,7.585352781083849,0.0,0.0,0.0,11,23.783992852055192,31.36934563313904,True,0.758192189604664,2020-07-01,MESA_OPEN_DATA_2026,https://data.mesaaz.gov/d/5zhe-5nig,dataset 5zhe-5nig; retrieved 2026-08-22,study-derived after declared sensor and completeness QA
2020-07-29,0.0,0.0013421237235888,0.0,7.540167129761248,11.035768381532256,0.644243773072958,4.286703675943655,8.143339263068306,0.0,0.0,0.0,11,23.508225084033707,31.651564347102013,True,0.7427192168524238,2020-07-01,MESA_OPEN_DATA_2026,https://data.mesaaz.gov/d/5zhe-5nig,dataset 5zhe-5nig; retrieved 2026-08-22,study-derived after declared sensor and completeness QA
2020-07-30,0.0,0.0013421237235888,0.0,7.3972067938214145,10.62601148498642,0.8281229419012864,4.232152652740479,7.8263610680898035,0.0,0.0,0.0,11,23.084835997173187,30.91119706526299,True,0.7468114530936488,2020-07-01,MESA_OPEN_DATA_2026,https://data.mesaaz.gov/d/5zhe-5nig,dataset 5zhe-5nig; retrieved 2026-08-22,study-derived after declared sensor and completeness QA
2020-07-31,0.0,0.0013421237235888,0.0,7.418671173858414,10.917668696575694,0.7240760413308939,4.219013989633984,7.693313981427087,0.0,0.0,0.0,11,23.280772025122573,30.974086006549662,True,0.7516209524374572,2020-07-01,MESA_OPEN_DATA_2026,https://data.mesaaz.gov/d/5zhe-5nig,dataset 5zhe-5nig; retrieved 2026-08-22,study-derived after declared sensor and completeness QA
2020-08-02,0.0,0.0013421237235888,0.0,6.741432003866907,10.959033661418491,0.8202020913362503,4.215019596947564,7.772088991271125,0.0,0.0,0.0,11,22.7370294772928,30.509118468563926,True,0.7452535706897152,2020-08-01,MESA_OPEN_DATA_2026,https://data.mesaaz.gov/d/5zhe-5nig,dataset 5zhe-5nig; retrieved 2026-08-22,study-derived after declared sensor and completeness QA
2020-08-03,0.0,0.0013421237235888,0.0,7.587706884788608,11.394179073969523,0.6840442455684145,4.34364153014289,7.900864199797312,0.0,0.0,0.0,11,24.010913858193025,31.911778057990336,True,0.7524154189891958,2020-08-01,MESA_OPEN_DATA_2026,https://data.mesaaz.gov/d/5zhe-5nig,dataset 5zhe-5nig; retrieved 2026-08-22,study-derived after declared sensor and completeness QA
2020-08-04,0.0,0.0013421237235888,0.0,7.572163599352697,11.472664368290433,0.8961682527222568,4.447709057544817,7.819178708394369,0.0,0.0,0.0,11,24.39004740163379,32.20922611002816,True,0.7572379205360692,2020-08-01,MESA_OPEN_DATA_2026,https://data.mesaaz.gov/d/5zhe-5nig,dataset 5zhe-5nig; retrieved 2026-08-22,study-derived after declared sensor and completeness QA
2020-08-05,0.0,0.0013421237235888,0.0,7.833618171456598,11.388322446300151,0.7284143194970157,4.470915534259742,8.024307429790497,0.0,0.0,0.0,11,24.422612595237098,32.446920025027595,True,0.752694325883596,2020-08-01,MESA_OPEN_DATA_2026,https://data.mesaaz.gov/d/5zhe-5nig,dataset 5zhe-5nig; retrieved 2026-08-22,study-derived after declared sensor and completeness QA
2020-08-06,0.0,0.0013421237235888,0.0,7.547897859361644,11.188833057970305,0.8238093941539203,4.310397091739406,7.969990083906386,0.0,0.0,0.0,11,23.872279526948862,31.842269610855247,True,0.7497040826138422,2020-08-01,MESA_OPEN_DATA_2026,https://data.mesaaz.gov/d/5zhe-5nig,dataset 5zhe-5nig; retrieved 2026-08-22,study-derived after declared sensor and completeness QA
2020-08-07,0.0,0.0013421237235888,3.892200100421906,7.411772237650251,10.92320062485006,0.837593749910593,4.298037359118462,8.038619136810302,0.0,0.0,0.0,11,27.364146195674863,35.40276533248517,True,0.7729381007015811,2020-08-01,MESA_OPEN_DATA_2026,https://data.mesaaz.gov/d/5zhe-5nig,dataset 5zhe-5nig; retrieved 2026-08-22,study-derived after declared sensor and completeness QA
2020-08-08,0.0,0.0013421237235888,7.98176676829656,7.575434491664594,10.791553789120224,0.8140082689416077,4.2860337335202425,7.745673848523034,0.0,0.0,0.0,11,31.450139175266813,39.195813023789846,True,0.802385172012587,2020-08-01,MESA_OPEN_DATA_2026,https://data.mesaaz.gov/d/5zhe-5nig,dataset 5zhe-5nig; retrieved 2026-08-22,study-derived after declared sensor and completeness QA
2020-08-09,0.0,0.0013421237235888,4.272625010212263,6.972911864542985,10.810915497276518,0.6325820148405101,4.231155588395065,8.09063153664271,0.0,0.0,0.0,11,26.921532098990927,35.01216363563364,True,0.7689194069569447,2020-08-01,MESA_OPEN_DATA_2026,https://data.mesaaz.gov/d/5zhe-5nig,dataset 5zhe-5nig; retrieved 2026-08-22,study-derived after declared sensor and completeness QA
2020-08-10,0.0,0.0013421237235888,0.0,7.538271600154233,11.03697545296616,0.8322250196710229,4.1971062764525415,7.694508855872684,0.0,0.0,0.0,11,23.605920472967544,31.300429328840227,True,0.7541724180510534,2020-08-01,MESA_OPEN_DATA_2026,https://data.mesaaz.gov/d/5zhe-5nig,dataset 5zhe-5nig; retrieved 2026-08-22,study-derived after declared sensor and completeness QA
2020-08-11,0.0,0.0013421237235888,0.0,7.31499982720034,11.096733802556992,0.7047687517479062,4.236874988675117,7.892839888731639,0.0,0.0,0.0,11,23.354719493903943,31.247559382635583,True,0.7474093962961559,2020-08-01,MESA_OPEN_DATA_2026,https://data.mesaaz.gov/d/5zhe-5nig,dataset 5zhe-5nig; retrieved 2026-08-22,study-derived after declared sensor and completeness QA
2020-08-12,0.0,0.0013421237235888,0.0,7.462725977430363,10.833207704576168,0.8831891255642343,4.267903048210702,7.885534249411689,0.0,0.0,0.0,11,23.448367979505054,31.33390222891674,True,0.7483385825422516,2020-08-01,MESA_OPEN_DATA_2026,https://data.mesaaz.gov/d/5zhe-5nig,dataset 5zhe-5nig; retrieved 2026-08-22,study-derived after declared sensor and completeness QA
2020-08-13,0.0,0.0013421237235888,0.0,7.6674043416383855,10.749375816834688,0.9735062470659612,4.237096931306416,7.77248015138838,0.0,0.0,0.0,11,23.628725460569044,31.401205611957423,True,0.7524782886543484,2020-08-01,MESA_OPEN_DATA_2026,https://data.mesaaz.gov/d/5zhe-5nig,dataset 5zhe-5nig; retrieved 2026-08-22,study-derived after declared sensor and completeness QA
2020-08-14,0.0,0.0013421237235888,0.0,7.409694649051385,10.795786486842475,0.8234999729320407,4.314756307005882,7.885439059469435,0.0,0.0,0.0079833337125213,11,23.345079539555375,31.23850193273733,True,0.7473175118903572,2020-08-01,MESA_OPEN_DATA_2026,https://data.mesaaz.gov/d/5zhe-5nig,dataset 5zhe-5nig; retrieved 2026-08-22,study-derived after declared sensor and completeness QA
2020-08-15,0.0,0.0013421237235888,0.0,6.863985375813295,10.704415746529897,0.748884366080165,4.279112306237221,8.048078423076205,0.0,0.0,1.66666674582e-05,11,22.597739918384164,30.64583500812783,True,0.7373837231842707,2020-08-01,MESA_OPEN_DATA_2026,https://data.mesaaz.gov/d/5zhe-5nig,dataset 5zhe-5nig; retrieved 2026-08-22,study-derived after declared sensor and completeness QA
2020-08-16,0.0,0.0013421237235888,0.0,8.072900201096155,10.606442310081588,0.6164843760430813,4.224171851575375,7.982819015449948,0.0,0.0,0.0,11,23.52134086251979,31.504159877969737,True,0.746610636615256,2020-08-01,MESA_OPEN_DATA_2026,https://data.mesaaz.gov/d/5zhe-5nig,dataset 5zhe-5nig; retrieved 2026-08-22,study-derived after declared sensor and completeness QA
2020-08-17,0.0,0.0013421237235888,0.0,7.457907291997205,10.834962245821952,0.7827281456440687,4.217021882534027,7.872953760623932,0.0,0.0,0.0,11,23.29396168972084,31.166915450344774,True,0.7473938743419397,2020-08-01,MESA_OPEN_DATA_2026,https://data.mesaaz.gov/d/5zhe-5nig,dataset 5zhe-5nig; retrieved 2026-08-22,study-derived after declared sensor and completeness QA
2020-08-18,0.0,0.0013421237235888,0.0,7.434423787872581,11.069937861512864,0.6125156441703439,4.308712515234947,8.14929481877221,0.0,0.0,0.0409145844634622,11,23.426931932514325,31.617141335749995,True,0.7409566754861904,2020-08-01,MESA_OPEN_DATA_2026,https://data.mesaaz.gov/d/5zhe-5nig,dataset 5zhe-5nig; retrieved 2026-08-22,study-derived after declared sensor and completeness QA
2020-08-19,0.0,0.0013421237235888,0.0,7.462182899514554,10.80243860579085,0.7834405298448271,4.318968146768673,8.263107132911681,0.0,0.0,8.5416669026e-05,11,23.368372305642495,31.631564855223203,True,0.7387675068432084,2020-08-01,MESA_OPEN_DATA_2026,https://data.mesaaz.gov/d/5zhe-5nig,dataset 5zhe-5nig; retrieved 2026-08-22,study-derived after declared sensor and completeness QA
2020-08-20,0.0,0.0013421237235888,0.0,7.5184809036617475,10.614782395791064,0.8092277977822555,4.3150126606973105,7.950531386004554,0.0,0.0,0.0,11,23.258845881655965,31.20937726766052,True,0.7452518415276751,2020-08-01,MESA_OPEN_DATA_2026,https://data.mesaaz.gov/d/5zhe-5nig,dataset 5zhe-5nig; retrieved 2026-08-22,study-derived after declared sensor and completeness QA
2020-08-21,0.0,0.0013421237235888,0.0,7.409928572778005,10.628851487086369,0.8157561312947008,4.296059916825245,7.940616155435517,0.0,0.0,0.0,11,23.15193823170791,31.092554387143426,True,0.7446135799405754,2020-08-01,MESA_OPEN_DATA_2026,https://data.mesaaz.gov/d/5zhe-5nig,dataset 5zhe-5nig; retrieved 2026-08-22,study-derived after declared sensor and completeness QA
2020-08-22,0.0,0.0013421237235888,0.0,7.399968981601115,10.75389826811736,0.6404979315896829,4.304971235162682,8.2796437131034,0.0,0.0,0.0,11,23.10067854019443,31.38032225329783,True,0.7361517308117104,2020-08-01,MESA_OPEN_DATA_2026,https://data.mesaaz.gov/d/5zhe-5nig,dataset 5zhe-5nig; retrieved 2026-08-22,study-derived after declared sensor and completeness QA
2020-08-23,0.0,0.0013421237235888,0.0,7.402879039386623,10.713367066780728,0.8450103387029635,4.293030011985037,8.067441524399651,0.0,0.0,0.0,11,23.255628580578943,31.323070104978594,True,0.7424440995929903,2020-08-01,MESA_OPEN_DATA_2026,https://data.mesaaz.gov/d/5zhe-5nig,dataset 5zhe-5nig; retrieved 2026-08-22,study-derived after declared sensor and completeness QA
2020-08-24,0.0,0.0013421237235888,0.0,7.492785590070298,11.02624076836639,0.8319355434220698,4.265088825921217,8.234834994210138,0.0,0.0,0.0,11,23.617392851503567,31.852227845713706,True,0.7414675345756613,2020-08-01,MESA_OPEN_DATA_2026,https://data.mesaaz.gov/d/5zhe-5nig,dataset 5zhe-5nig; retrieved 2026-08-22,study-derived after declared sensor and completeness QA
2020-08-25,0.0,0.0013421237235888,0.0,7.404960879895661,11.039900659190284,0.7053673484673103,4.287936217255062,8.311656936009724,0.0,0.0,0.0,11,23.439507228531905,31.751164164541628,True,0.7382251279689507,2020-08-01,MESA_OPEN_DATA_2026,https://data.mesaaz.gov/d/5zhe-5nig,dataset 5zhe-5nig; retrieved 2026-08-22,study-derived after declared sensor and completeness QA
2020-08-26,0.0,0.0013421237235888,0.0,7.521444905891508,10.851720433381274,0.8831524804109983,4.352773525059805,8.182584399647183,0.0,0.0,0.0,11,23.610433468467175,31.793017868114358,True,0.7426295159021816,2020-08-01,MESA_OPEN_DATA_2026,https://data.mesaaz.gov/d/5zhe-5nig,dataset 5zhe-5nig; retrieved 2026-08-22,study-derived after declared sensor and completeness QA
2020-08-27,0.0,0.0013421237235888,0.0,7.459048553061471,10.6795553869266,0.8181138854887751,4.284239504072401,8.078021391232808,0.0,0.0,0.0,11,23.242299453272835,31.320320844505645,True,0.7420836960343625,2020-08-01,MESA_OPEN_DATA_2026,https://data.mesaaz.gov/d/5zhe-5nig,dataset 5zhe-5nig; retrieved 2026-08-22,study-derived after declared sensor and completeness QA
2020-08-28,0.0,0.0013421237235888,0.0,7.510282640908025,10.729530105988184,0.9166569480051596,4.311922020382351,7.906646450360616,0.0,0.0,0.0149687496654223,11,23.469733839007308,31.391349039033344,True,0.7476497365507943,2020-08-01,MESA_OPEN_DATA_2026,https://data.mesaaz.gov/d/5zhe-5nig,dataset 5zhe-5nig; retrieved 2026-08-22,study-derived after declared sensor and completeness QA
2020-08-29,0.0,0.0013421237235888,0.0,7.401264106763594,10.685406661695904,0.7953673818459114,4.290061072508494,7.878327676984999,0.0,0.0,3.12499993015e-05,11,23.17344134653749,31.051800273521792,True,0.7462833440384369,2020-08-01,MESA_OPEN_DATA_2026,https://data.mesaaz.gov/d/5zhe-5nig,dataset 5zhe-5nig; retrieved 2026-08-22,study-derived after declared sensor and completeness QA
2020-08-30,0.0,0.0013421237235888,0.0,7.39439697503001,10.632478445768356,0.7861639025724596,4.2421334359380936,8.181825931866964,0.0,0.0,0.0,11,23.056514883032506,31.23834081489947,True,0.7380838508566193,2020-08-01,MESA_OPEN_DATA_2026,https://data.mesaaz.gov/d/5zhe-5nig,dataset 5zhe-5nig; retrieved 2026-08-22,study-derived after declared sensor and completeness QA
2020-08-31,0.0,0.0013421237235888,0.0,7.519444719981171,11.150754319959216,0.8425045252881116,4.295359762509664,8.090224724345738,0.0,0.0,0.0,11,23.80940545146175,31.899630175807488,True,0.7463849994574131,2020-08-01,MESA_OPEN_DATA_2026,https://data.mesaaz.gov/d/5zhe-5nig,dataset 5zhe-5nig; retrieved 2026-08-22,study-derived after declared sensor and completeness QA
2020-09-02,0.0,0.0013421237235888,0.0,7.642511364077325,10.877327440176831,0.6911701546361049,4.373913479916876,8.332808717091877,0.0,0.0,0.0,11,23.586264562530726,31.9190732796226,True,0.7389395160663512,2020-09-01,MESA_OPEN_DATA_2026,https://data.mesaaz.gov/d/5zhe-5nig,dataset 5zhe-5nig; retrieved 2026-08-22,study-derived after declared sensor and completeness QA
2020-09-03,0.0,0.0013421237235888,0.0,7.396260619719941,10.821434939521078,0.7991646031745606,4.2682964104745125,8.242511031362746,0.0,0.0,0.0,11,23.28649869661368,31.529009727976426,True,0.7385737420084916,2020-09-01,MESA_OPEN_DATA_2026,https://data.mesaaz.gov/d/5zhe-5nig,dataset 5zhe-5nig; retrieved 2026-08-22,study-derived after declared sensor and completeness QA
2020-09-04,0.0,0.0013421237235888,0.0,7.405841523076076,10.946939417388704,0.8308717533946037,4.325838095280859,8.224731478426191,0.0,0.0,0.0,11,23.51083291286383,31.73556439129002,True,0.7408355062787695,2020-09-01,MESA_OPEN_DATA_2026,https://data.mesaaz.gov/d/5zhe-5nig,dataset 5zhe-5nig; retrieved 2026-08-22,study-derived after declared sensor and completeness QA
2020-09-05,0.0,0.0013421237235888,0.0,7.495790799415317,10.777439340420209,0.7984144839878786,4.266167853719755,8.04956508676211,0.0,0.0,0.0,11,23.33915460126675,31.388719688028857,True,0.7435522962782046,2020-09-01,MESA_OPEN_DATA_2026,https://data.mesaaz.gov/d/5zhe-5nig,dataset 5zhe-5nig; retrieved 2026-08-22,study-derived after declared sensor and completeness QA
2020-09-06,0.0,0.0013421237235888,0.0,7.398362557061461,10.625274182690514,0.7787662642490533,4.2320960890915655,8.169159720341364,0.0,0.0,0.0,11,23.035841216816184,31.20500093715755,True,0.73820991908339,2020-09-01,MESA_OPEN_DATA_2026,https://data.mesaaz.gov/d/5zhe-5nig,dataset 5zhe-5nig; retrieved 2026-08-22,study-derived after declared sensor and completeness QA
2020-09-07,0.0,0.0013421237235888,0.0,7.463238365435045,10.638874154951838,0.6590008875562086,4.153223436905278,7.811049378580517,0.0,0.0,0.0,11,22.915678968571957,30.726728347152473,True,0.7457897472737481,2020-09-01,MESA_OPEN_DATA_2026,https://data.mesaaz.gov/d/5zhe-5nig,dataset 5zhe-5nig; retrieved 2026-08-22,study-derived after declared sensor and completeness QA
2020-09-08,0.0,0.0013421237235888,0.0,7.742408737809984,10.398109283712175,0.8602656412869691,4.12708110511303,7.572969226373567,0.0,0.0,0.0,11,23.129206891645744,30.70217611801931,True,0.7533409619805763,2020-09-01,MESA_OPEN_DATA_2026,https://data.mesaaz.gov/d/5zhe-5nig,dataset 5zhe-5nig; retrieved 2026-08-22,study-derived after declared sensor and completeness QA
2020-09-09,0.0,0.0013421237235888,0.0,7.795872625845519,10.9630282240219,0.6819218995049596,4.316404508182929,8.296759189830887,0.0,0.0,0.0,11,23.758569381278896,32.05532857110978,True,0.741173790453409,2020-09-01,MESA_OPEN_DATA_2026,https://data.mesaaz.gov/d/5zhe-5nig,dataset 5zhe-5nig; retrieved 2026-08-22,study-derived after declared sensor and completeness QA
2020-09-10,0.0,0.0013421237235888,0.0,7.507967475350446,10.857965233262954,0.8140687441453338,4.277124950289727,8.162229289611181,0.0,0.0,0.0,11,23.45846852677205,31.620697816383235,True,0.7418706779651716,2020-09-01,MESA_OPEN_DATA_2026,https://data.mesaaz.gov/d/5zhe-5nig,dataset 5zhe-5nig; retrieved 2026-08-22,study-derived after declared sensor and completeness QA
2020-09-11,0.0,0.0013421237235888,0.0,8.396369096341994,10.651796499888102,0.805609381571412,4.204228121042251,8.111024224095875,0.0,0.0,0.0,11,24.059345222567348,32.17036944666322,True,0.7478728294512276,2020-09-01,MESA_OPEN_DATA_2026,https://data.mesaaz.gov/d/5zhe-5nig,dataset 5zhe-5nig; retrieved 2026-08-22,study-derived after declared sensor and completeness QA
2020-09-12,0.0,0.0013421237235888,0.0,8.485293893969642,10.92063053780132,0.7522343752905727,4.151165647804737,7.92715704606639,0.0,0.0,0.0,11,24.31066657858986,32.23782362465625,True,0.754103839689615,2020-09-01,MESA_OPEN_DATA_2026,https://data.mesaaz.gov/d/5zhe-5nig,dataset 5zhe-5nig; retrieved 2026-08-22,study-derived after declared sensor and completeness QA
2020-09-13,0.0,0.0013421237235888,0.0,8.401739865537186,11.446416881349352,0.7663093937560916,4.1071373745799065,8.058262498842346,0.0,0.0,0.2048576371019913,11,24.722945638946126,32.98606577489046,True,0.749496645270308,2020-09-01,MESA_OPEN_DATA_2026,https://data.mesaaz.gov/d/5zhe-5nig,dataset 5zhe-5nig; retrieved 2026-08-22,study-derived after declared sensor and completeness QA
2020-09-14,0.0,0.0013421237235888,0.0,8.687290721428948,11.40539959806726,0.648037507198751,4.131921844184399,7.9774431768390865,0.0,0.0,0.0001423611098693,11,24.873991794602944,32.8515773325519,True,0.7571627852996835,2020-09-01,MESA_OPEN_DATA_2026,https://data.mesaaz.gov/d/5zhe-5nig,dataset 5zhe-5nig; retrieved 2026-08-22,study-derived after declared sensor and completeness QA
2020-09-15,0.0,0.0013421237235888,0.0,9.404880614292129,11.59037674135632,0.7945138704369006,4.261593833565712,8.097041135032972,0.0,0.0,0.0,11,26.05270718337465,34.149748318407624,True,0.7628960231408659,2020-09-01,MESA_OPEN_DATA_2026,https://data.mesaaz.gov/d/5zhe-5nig,dataset 5zhe-5nig; retrieved 2026-08-22,study-derived after declared sensor and completeness QA
2020-09-16,0.0,0.0013421237235888,0.0,8.626904831502912,11.35210399435359,0.5884097983136138,4.330783776798925,8.4842888712883,0.0,0.0,0.0,11,24.89954452469263,33.38383339598093,True,0.7458563619506404,2020-09-01,MESA_OPEN_DATA_2026,https://data.mesaaz.gov/d/5zhe-5nig,dataset 5zhe-5nig; retrieved 2026-08-22,study-derived after declared sensor and completeness QA
2020-09-17,0.0,0.0013421237235888,0.0,8.432966854376176,11.14682146775807,0.8084375171789101,4.305081586526284,8.10218902097808,0.0,0.0,0.0,11,24.694649549563028,32.79683857054111,True,0.7529582309114495,2020-09-01,MESA_OPEN_DATA_2026,https://data.mesaaz.gov/d/5zhe-5nig,dataset 5zhe-5nig; retrieved 2026-08-22,study-derived after declared sensor and completeness QA
2020-09-18,0.0,0.0013421237235888,0.0,8.560153151666983,11.222292670637758,0.8026645397628421,4.327927693040713,8.181570142507553,0.0,0.0,0.0029979166927255,11,24.914380178831884,33.098948238032165,True,0.7527242255451535,2020-09-01,MESA_OPEN_DATA_2026,https://data.mesaaz.gov/d/5zhe-5nig,dataset 5zhe-5nig; retrieved 2026-08-22,study-derived after declared sensor and completeness QA
2020-09-19,0.0,0.0013421237235888,0.0,8.41358198610894,10.90091568214504,0.7194371901844677,4.348933850051465,8.135303560230467,0.0,0.0,2.0833333514e-06,11,24.3842108322135,32.519516475777316,True,0.7498331302181713,2020-09-01,MESA_OPEN_DATA_2026,https://data.mesaaz.gov/d/5zhe-5nig,dataset 5zhe-5nig; retrieved 2026-08-22,study-derived after declared sensor and completeness QA
2020-09-20,0.0,0.0013421237235888,0.0,8.397134874985516,10.696772421068616,0.7447016505905277,4.263298622435993,8.433556288480759,0.0,0.0,0.0,11,24.103249692804244,32.536805981285,True,0.7407995027744366,2020-09-01,MESA_OPEN_DATA_2026,https://data.mesaaz.gov/d/5zhe-5nig,dataset 5zhe-5nig; retrieved 2026-08-22,study-derived after declared sensor and completeness QA
2020-09-21,0.0,0.0013421237235888,0.0,8.486460764185553,10.90118348730935,0.5849485377616742,4.306860368119346,8.195511354340447,0.0,0.0,0.0,11,24.280795281099515,32.47630663543996,True,0.7476464474135416,2020-09-01,MESA_OPEN_DATA_2026,https://data.mesaaz.gov/d/5zhe-5nig,dataset 5zhe-5nig; retrieved 2026-08-22,study-derived after declared sensor and completeness QA
2020-09-22,0.0,0.0013421237235888,0.0,8.499310667989517,11.12393238692157,0.9086249793569248,4.379753638545526,8.213489790757498,0.0,0.0,0.0,11,24.912963796537127,33.12645358729463,True,0.7520564714507286,2020-09-01,MESA_OPEN_DATA_2026,https://data.mesaaz.gov/d/5zhe-5nig,dataset 5zhe-5nig; retrieved 2026-08-22,study-derived after declared sensor and completeness QA
2020-09-23,0.0,0.0013421237235888,0.0,8.586008624087391,10.764294824997584,0.6437326431994712,4.3052602459987,8.508562819163005,0.0,0.0,0.0,11,24.300638462006734,32.80920128116974,True,0.7406653473138236,2020-09-01,MESA_OPEN_DATA_2026,https://data.mesaaz.gov/d/5zhe-5nig,dataset 5zhe-5nig; retrieved 2026-08-22,study-derived after declared sensor and completeness QA
2020-09-24,0.0,0.0013421237235888,0.0,8.71286627717783,11.151442788044612,0.7998708161628909,4.241222396492958,8.273554163508946,0.0,0.0,0.0479712967131355,11,24.90674440160188,33.22826986182396,True,0.7495648887279954,2020-09-01,MESA_OPEN_DATA_2026,https://data.mesaaz.gov/d/5zhe-5nig,dataset 5zhe-5nig; retrieved 2026-08-22,study-derived after declared sensor and completeness QA
2020-09-25,0.0,0.0013421237235888,0.0,8.09921383208398,10.757619849178528,0.751376400474045,4.229041758510801,8.20199859407213,0.0,0.0,3.3333333623e-05,11,23.838593963970943,32.0406258913767,True,0.7440114948062478,2020-09-01,MESA_OPEN_DATA_2026,https://data.mesaaz.gov/d/5zhe-5nig,dataset 5zhe-5nig; retrieved 2026-08-22,study-derived after declared sensor and completeness QA
2020-09-26,0.0,0.0013421237235888,0.0,8.570160587690221,11.262368943956163,0.7298194184485409,4.210066148284084,8.177303191026052,0.0,0.0,0.0609576395738662,11,24.773757222102603,33.01201805270252,True,0.7504466156098719,2020-09-01,MESA_OPEN_DATA_2026,https://data.mesaaz.gov/d/5zhe-5nig,dataset 5zhe-5nig; retrieved 2026-08-22,study-derived after declared sensor and completeness QA
2020-09-27,0.0,0.0013421237235888,0.0,7.903541782256432,10.663497910896938,0.7165326574196418,4.210000038146973,8.019952228334216,0.0,0.0,4.23611115871e-05,11,23.49491451244357,31.514909101889373,True,0.745517444980827,2020-09-01,MESA_OPEN_DATA_2026,https://data.mesaaz.gov/d/5zhe-5nig,dataset 5zhe-5nig; retrieved 2026-08-22,study-derived after declared sensor and completeness QA
2020-09-28,0.0,0.0013421237235888,0.0,8.346878878179425,10.8165553967158,0.6106597290270859,4.1910659571488695,8.258554180463156,0.0,0.0,0.0,11,23.966502084794765,32.22505626525792,True,0.7437225830582408,2020-09-01,MESA_OPEN_DATA_2026,https://data.mesaaz.gov/d/5zhe-5nig,dataset 5zhe-5nig; retrieved 2026-08-22,study-derived after declared sensor and completeness QA
2020-09-29,0.0,0.0013421237235888,0.0,8.922823551822868,10.952772689527936,0.7594444186323219,4.238833177420828,8.05389590660731,0.0,0.0,0.0,11,24.875215961127545,32.92911186773485,True,0.7554171537040812,2020-09-01,MESA_OPEN_DATA_2026,https://data.mesaaz.gov/d/5zhe-5nig,dataset 5zhe-5nig; retrieved 2026-08-22,study-derived after declared sensor and completeness QA
2020-09-30,0.0,0.0013421237235888,0.0,8.640013706122609,11.05585822198126,0.6861350875968735,4.205135340491931,8.280282523234685,0.0,0.0,0.03697430603206155,11,24.588484479916264,32.905741309183014,True,0.7472399496757227,2020-09-01,MESA_OPEN_DATA_2026,https://data.mesaaz.gov/d/5zhe-5nig,dataset 5zhe-5nig; retrieved 2026-08-22,study-derived after declared sensor and completeness QA
2020-10-02,0.0,0.0013421237235888,0.0,8.400547925219968,10.59052152733008,0.7186118140402767,4.174951335125499,8.099483603901334,0.0,0.0,5.13888895511e-05,11,23.885974725439414,31.9855097182303,True,0.7467748657394534,2020-10-01,MESA_OPEN_DATA_2026,https://data.mesaaz.gov/d/5zhe-5nig,dataset 5zhe-5nig; retrieved 2026-08-22,study-derived after declared sensor and completeness QA
2020-10-03,0.0,0.0013421237235888,0.0,8.3004597352779,11.127653335531551,0.6863338915010293,4.122185165186723,7.82418918940756,0.0,0.0,0.0819430578189591,11,24.23797425122079,32.144106498447314,True,0.754041001338506,2020-10-01,MESA_OPEN_DATA_2026,https://data.mesaaz.gov/d/5zhe-5nig,dataset 5zhe-5nig; retrieved 2026-08-22,study-derived after declared sensor and completeness QA
2020-10-04,0.0,0.0013421237235888,0.0,8.248746181821884,10.566570916771887,0.7099523507472542,4.100076676574019,8.054398259189394,0.0,0.0,5.69444460173e-05,11,23.626688249638637,31.68114345327405,True,0.7457650095390407,2020-10-01,MESA_OPEN_DATA_2026,https://data.mesaaz.gov/d/5zhe-5nig,dataset 5zhe-5nig; retrieved 2026-08-22,study-derived after declared sensor and completeness QA
2020-10-05,0.0,0.0013421237235888,0.0,8.591105207395222,10.594667936695949,0.5864234102269014,4.154806371861034,8.021014360586802,0.0,0.0,0.0,11,23.9283450499027,31.9493594104895,True,0.7489460036574828,2020-10-01,MESA_OPEN_DATA_2026,https://data.mesaaz.gov/d/5zhe-5nig,dataset 5zhe-5nig; retrieved 2026-08-22,study-derived after declared sensor and completeness QA
2020-10-06,0.0,0.0013421237235888,0.0,8.482253067342477,10.648472338137708,0.7927798216154751,4.225749599026692,7.951874031623205,0.0,0.0,0.0,11,24.15059694984594,32.102470981469146,True,0.7522971351266589,2020-10-01,MESA_OPEN_DATA_2026,https://data.mesaaz.gov/d/5zhe-5nig,dataset 5zhe-5nig; retrieved 2026-08-22,study-derived after declared sensor and completeness QA
2020-10-07,0.0,0.0013421237235888,0.0,8.375713831416022,10.668791343768438,0.6368170441521539,4.227993218435182,7.9065560824341246,0.0,0.0,0.0,11,23.910657561495384,31.81721364392951,True,0.7515006759888719,2020-10-01,MESA_OPEN_DATA_2026,https://data.mesaaz.gov/d/5zhe-5nig,dataset 5zhe-5nig; retrieved 2026-08-22,study-derived after declared sensor and completeness QA
2020-10-08,0.0,0.0013421237235888,0.0,8.29750157683871,10.357281337181726,0.7515778059760729,4.228996619582176,7.602804559469223,0.0,0.0,0.0,11,23.636699463302275,31.2395040227715,True,0.7566285126061127,2020-10-01,MESA_OPEN_DATA_2026,https://data.mesaaz.gov/d/5zhe-5nig,dataset 5zhe-5nig; retrieved 2026-08-22,study-derived after declared sensor and completeness QA
2020-10-09,0.0,0.0013421237235888,0.0,8.685545727595024,10.245071363382776,0.7608258143737804,4.231989458203316,7.923854396995885,0.0,0.0,0.0,11,23.924774487278484,31.84862888427437,True,0.75120265221501,2020-10-01,MESA_OPEN_DATA_2026,https://data.mesaaz.gov/d/5zhe-5nig,dataset 5zhe-5nig; retrieved 2026-08-22,study-derived after declared sensor and completeness QA
2020-10-10,0.0,0.0013421237235888,0.0,8.555118253137183,10.41431749763595,0.6115054339998298,4.220041873885526,7.83641498155064,0.0,0.0,0.0,11,23.802325182382077,31.638740163932717,True,0.7523158336600287,2020-10-01,MESA_OPEN_DATA_2026,https://data.mesaaz.gov/d/5zhe-5nig,dataset 5zhe-5nig; retrieved 2026-08-22,study-derived after declared sensor and completeness QA
2020-10-11,0.0,0.0013421237235888,0.0,8.406642708030132,10.454617588423618,0.6797468680267532,4.116365498138799,7.886862040228314,0.0,0.0,0.0,11,23.65871478634289,31.545576826571207,True,0.7499851695980047,2020-10-01,MESA_OPEN_DATA_2026,https://data.mesaaz.gov/d/5zhe-5nig,dataset 5zhe-5nig; retrieved 2026-08-22,study-derived after declared sensor and completeness QA
2020-10-12,0.0,0.0013421237235888,0.0,8.747524450539645,10.552043697237968,0.5651299860949318,4.103045829633872,7.8463945472130066,0.0,0.0,0.0,11,23.969086087230004,31.81548063444301,True,0.7533780917105303,2020-10-01,MESA_OPEN_DATA_2026,https://data.mesaaz.gov/d/5zhe-5nig,dataset 5zhe-5nig; retrieved 2026-08-22,study-derived after declared sensor and completeness QA
2020-10-13,0.0,0.0013421237235888,0.0,8.739226445693554,10.871748611787568,0.7745888693465127,4.168747714895532,7.914667468600803,0.0,0.0,0.0,11,24.555653765446753,32.47032123404755,True,0.756249178702252,2020-10-01,MESA_OPEN_DATA_2026,https://data.mesaaz.gov/d/5zhe-5nig,dataset 5zhe-5nig; retrieved 2026-08-22,study-derived after declared sensor and completeness QA
2020-10-14,0.0,0.0013421237235888,0.0,8.546311092658089,10.875,0.5914447949164443,4.170992365479469,8.293790086110432,0.0,0.0,0.0,11,24.185090376777588,32.47888046288802,True,0.7446405181487912,2020-10-01,MESA_OPEN_DATA_2026,https://data.mesaaz.gov/d/5zhe-5nig,dataset 5zhe-5nig; retrieved 2026-08-22,study-derived after declared sensor and completeness QA
2020-10-15,0.0,0.0013421237235888,0.0,8.49341215452146,11.257112877236471,0.7276559289958742,4.107244319054815,8.312123329109616,0.0,0.0,0.0939441480173694,11,24.586767403532207,32.992834880659196,True,0.7452153624405665,2020-10-01,MESA_OPEN_DATA_2026,https://data.mesaaz.gov/d/5zhe-5nig,dataset 5zhe-5nig; retrieved 2026-08-22,study-derived after declared sensor and completeness QA
2020-10-16,0.0,0.0013421237235888,2.9073333899180094,8.328347691642046,10.737327080302768,0.7943531174626616,4.089068973726697,7.93235100640191,0.0,0.0,5.58487635485e-05,11,26.85777237677577,34.79017923194123,True,0.7719929293183223,2020-10-01,MESA_OPEN_DATA_2026,https://data.mesaaz.gov/d/5zhe-5nig,dataset 5zhe-5nig; retrieved 2026-08-22,study-derived after declared sensor and completeness QA
2020-10-17,0.0,0.0013421237235888,6.845948055386543,8.518682013508622,11.580370240410168,0.7184451133840614,4.078042083150811,7.800297083457311,0.0,0.0,0.0689590029021794,11,31.742829629563794,39.612085715923286,True,0.8013420413458258,2020-10-01,MESA_OPEN_DATA_2026,https://data.mesaaz.gov/d/5zhe-5nig,dataset 5zhe-5nig; retrieved 2026-08-22,study-derived after declared sensor and completeness QA
2020-10-18,0.0,0.0013421237235888,7.857127888666259,8.447676598761388,10.678263561593162,0.7111680786642763,4.0640536016888085,7.90156988037957,0.0,0.0,4.09953692858e-05,11,31.75963185309748,39.66124272884633,True,0.800772483863652,2020-10-01,MESA_OPEN_DATA_2026,https://data.mesaaz.gov/d/5zhe-5nig,dataset 5zhe-5nig; retrieved 2026-08-22,study-derived after declared sensor and completeness QA
2020-10-19,0.0,0.0013421237235888,7.891412505176333,8.511396846794696,10.886783385276797,0.5596390842770537,4.084919708636072,7.924553096294403,0.0,0.0,0.0,11,31.935493653884542,39.860046750178945,True,0.801190571953887,2020-10-01,MESA_OPEN_DATA_2026,https://data.mesaaz.gov/d/5zhe-5nig,dataset 5zhe-5nig; retrieved 2026-08-22,study-derived after declared sensor and completeness QA
2020-10-20,0.0,0.0013421237235888,7.948527660634783,8.212885299990022,11.066122723694178,0.7655767210321818,4.167678594337649,8.022075482871797,0.0,0.0,0.0,11,32.1621331234124,40.1842086062842,True,0.8003674637101782,2020-10-01,MESA_OPEN_DATA_2026,https://data.mesaaz.gov/d/5zhe-5nig,dataset 5zhe-5nig; retrieved 2026-08-22,study-derived after declared sensor and completeness QA
2020-10-21,0.0,0.0013421237235888,3.6921374082565306,8.747582756518387,10.818650291293546,0.59688961115211,4.155050620441913,8.104706468847063,0.0,0.0,0.0,11,28.011652811386075,36.11635928023314,True,0.7755945884256706,2020-10-01,MESA_OPEN_DATA_2026,https://data.mesaaz.gov/d/5zhe-5nig,dataset 5zhe-5nig; retrieved 2026-08-22,study-derived after declared sensor and completeness QA
2020-10-22,0.0,0.0013421237235888,0.0,8.708515342998176,10.034334140929625,1.888932161985172,6.789740740961739,4.782054291168849,0.0,0.0,0.0,11,27.4228645105983,32.20491880176715,True,0.8515116799205701,2020-10-01,MESA_OPEN_DATA_2026,https://data.mesaaz.gov/d/5zhe-5nig,dataset 5zhe-5nig; retrieved 2026-08-22,study-derived after declared sensor and completeness QA
2020-10-23,0.0,0.0013421237235888,0.0,8.55010241991628,10.311950774814772,0.6480629824008663,4.9681231546900415,7.021211829450396,0.0,0.0,0.0,11,24.47958145554555,31.500793284995943,True,0.7771099995505621,2020-10-01,MESA_OPEN_DATA_2026,https://data.mesaaz.gov/d/5zhe-5nig,dataset 5zhe-5nig; retrieved 2026-08-22,study-derived after declared sensor and completeness QA
2020-10-24,0.0,0.0013421237235888,0.0,8.398726335184652,10.58007866490719,0.6513312357995246,4.183260789246051,7.76374069319831,0.0,0.0,0.0,11,23.814739148861005,31.578479842059316,True,0.7541445714920767,2020-10-01,MESA_OPEN_DATA_2026,https://data.mesaaz.gov/d/5zhe-5nig,dataset 5zhe-5nig; retrieved 2026-08-22,study-derived after declared sensor and completeness QA
2020-10-25,0.0,0.0013421237235888,0.0,8.413389004885222,10.585968158508477,0.7210346996370289,4.187966844122637,7.975858832067914,0.0,0.0,0.0,11,23.909700830876954,31.885559662944868,True,0.7498598451343198,2020-10-01,MESA_OPEN_DATA_2026,https://data.mesaaz.gov/d/5zhe-5nig,dataset 5zhe-5nig; retrieved 2026-08-22,study-derived after declared sensor and completeness QA
2020-10-26,0.0,0.0013421237235888,0.0,8.619655323214548,10.948187172412872,0.5458791538245148,4.243766625722249,7.883155941300922,0.0,0.0,0.0,11,24.358830398897773,32.24198634019869,True,0.75550030143545,2020-10-01,MESA_OPEN_DATA_2026,https://data.mesaaz.gov/d/5zhe-5nig,dataset 5zhe-5nig; retrieved 2026-08-22,study-derived after declared sensor and completeness QA
2020-10-27,0.0,0.0013421237235888,0.0,9.189064821124678,11.189513856806654,0.7640531414987647,4.334645376013252,7.9302064836025234,0.0,0.0,0.0,11,25.478619319166935,33.40882580276946,True,0.7626313917639949,2020-10-01,MESA_OPEN_DATA_2026,https://data.mesaaz.gov/d/5zhe-5nig,dataset 5zhe-5nig; retrieved 2026-08-22,study-derived after declared sensor and completeness QA
2020-10-28,0.0,0.0013421237235888,0.0,9.023553567655776,10.910070717334747,0.5345902668105231,4.2354173792917305,8.118092619048225,0.0,0.0,0.0,11,24.70497405481636,32.82306667386459,True,0.7526711108468037,2020-10-01,MESA_OPEN_DATA_2026,https://data.mesaaz.gov/d/5zhe-5nig,dataset 5zhe-5nig; retrieved 2026-08-22,study-derived after declared sensor and completeness QA
2020-10-29,0.0,0.0013421237235888,0.0,8.607270202321374,10.74078501520346,0.7068977491082999,4.184212959385118,7.961977535486222,0.0,0.0,0.0,11,24.24050804974184,32.20248558522806,True,0.7527527024454739,2020-10-01,MESA_OPEN_DATA_2026,https://data.mesaaz.gov/d/5zhe-5nig,dataset 5zhe-5nig; retrieved 2026-08-22,study-derived after declared sensor and completeness QA
2020-10-30,0.0,0.0013421237235888,0.0,8.391977950394459,10.665781655781704,0.6680757015529606,4.193958101669947,7.9243169844150545,0.0,0.0,0.0,11,23.92113553312266,31.845452517537712,True,0.7511633103642968,2020-10-01,MESA_OPEN_DATA_2026,https://data.mesaaz.gov/d/5zhe-5nig,dataset 5zhe-5nig; retrieved 2026-08-22,study-derived after declared sensor and completeness QA
2020-10-31,0.0,0.0013421237235888,0.0,8.43826783800677,10.613279852465464,0.6206656047867404,4.112183338889016,7.885746620761024,0.0,0.0,0.0,11,23.785738757871577,31.671485378632603,True,0.7510143106176762,2020-10-01,MESA_OPEN_DATA_2026,https://data.mesaaz.gov/d/5zhe-5nig,dataset 5zhe-5nig; retrieved 2026-08-22,study-derived after declared sensor and completeness QA
2020-11-02,0.0,0.0013421237235888,0.0,9.373938135588348,11.019708504279455,0.6744145734856526,4.109983466068903,7.891200346416897,0.0,0.0,0.0,11,25.17938680314595,33.07058714956285,True,0.7613831193643863,2020-11-01,MESA_OPEN_DATA_2026,https://data.mesaaz.gov/d/5zhe-5nig,dataset 5zhe-5nig; retrieved 2026-08-22,study-derived after declared sensor and completeness QA
2020-11-03,0.0,0.0013421237235888,0.0,8.358114278345623,11.119962485472588,0.6633812377436293,4.206661800889603,7.90024840037028,0.0,0.0,0.0,11,24.349461926175028,32.24971032654531,True,0.755028856992013,2020-11-01,MESA_OPEN_DATA_2026,https://data.mesaaz.gov/d/5zhe-5nig,dataset 5zhe-5nig; retrieved 2026-08-22,study-derived after declared sensor and completeness QA
2020-11-05,0.0,0.0013421237235888,0.0,8.421156744900436,10.775665401874628,0.6324673836111327,4.159186362002018,7.825990564955605,0.0,0.0,0.0,11,23.9898180161118,31.815808581067408,True,0.7540219496539022,2020-11-01,MESA_OPEN_DATA_2026,https://data.mesaaz.gov/d/5zhe-5nig,dataset 5zhe-5nig; retrieved 2026-08-22,study-derived after declared sensor and completeness QA
2020-11-06,0.0,0.0013421237235888,0.0,8.45191968030709,10.843280710776646,0.6482373845866984,4.195845717688401,7.816260295444064,0.0,0.0,0.0,11,24.140625617082428,31.95688591252649,True,0.7554123290723944,2020-11-01,MESA_OPEN_DATA_2026,https://data.mesaaz.gov/d/5zhe-5nig,dataset 5zhe-5nig; retrieved 2026-08-22,study-derived after declared sensor and completeness QA
2020-11-07,0.0,0.0013421237235888,0.0,8.40467980225383,10.773742224110498,0.6537879763584998,4.22288739350107,7.707204842567444,0.0,0.0,0.0,11,24.05643951994749,31.76364436251493,True,0.7573576648004878,2020-11-01,MESA_OPEN_DATA_2026,https://data.mesaaz.gov/d/5zhe-5nig,dataset 5zhe-5nig; retrieved 2026-08-22,study-derived after declared sensor and completeness QA
2020-11-08,0.0,0.0013421237235888,0.0,8.405449595519178,10.66415039267805,0.676982334877054,4.1403490627805395,7.793563685152265,0.0,0.0,0.0,11,23.888273509578408,31.681837194730672,True,0.7540053110793559,2020-11-01,MESA_OPEN_DATA_2026,https://data.mesaaz.gov/d/5zhe-5nig,dataset 5zhe-5nig; retrieved 2026-08-22,study-derived after declared sensor and completeness QA
2020-11-09,0.0,0.0013421237235888,0.0,9.645382926510043,11.113557988405228,0.68566633142117,4.217725941869948,7.935228011012077,0.0,0.0,0.0,11,25.66367531192998,33.59890332294206,True,0.7638247911028175,2020-11-01,MESA_OPEN_DATA_2026,https://data.mesaaz.gov/d/5zhe-5nig,dataset 5zhe-5nig; retrieved 2026-08-22,study-derived after declared sensor and completeness QA
2020-11-10,0.0,0.0013421237235888,0.0,8.476650345450196,11.423787009433882,0.6965412462130189,4.342560843792227,8.190575282772382,0.0,0.0,0.0,11,24.940881568612912,33.131456851385295,True,0.7527855379402093,2020-11-01,MESA_OPEN_DATA_2026,https://data.mesaaz.gov/d/5zhe-5nig,dataset 5zhe-5nig; retrieved 2026-08-22,study-derived after declared sensor and completeness QA
2020-11-11,0.0,0.0013421237235888,0.0,8.930419041734744,11.478408254297038,0.5504281544437011,4.215603050114452,8.120554992887708,0.3135416568774316,0.0,0.2396666613096992,11,25.176200624313523,33.84996393538836,True,0.7437585656625509,2020-11-01,MESA_OPEN_DATA_2026,https://data.mesaaz.gov/d/5zhe-5nig,dataset 5zhe-5nig; retrieved 2026-08-22,study-derived after declared sensor and completeness QA
2020-11-12,0.0,0.0013421237235888,0.0,9.367834317231674,10.84671232728901,0.6187445644703177,4.029839973800956,7.90089037683275,4.182500025153988,0.0,0.0003333333258827,11,24.86447330651555,36.948197041828166,True,0.6729549828471217,2020-11-01,MESA_OPEN_DATA_2026,https://data.mesaaz.gov/d/5zhe-5nig,dataset 5zhe-5nig; retrieved 2026-08-22,study-derived after declared sensor and completeness QA
2020-11-13,0.0,0.0013421237235888,0.0,11.45418561648709,11.018914489944777,0.621999979019165,4.100674832032786,7.813514161109924,1.4287500086680265,0.0,0.0,11,27.197117041207406,36.43938121098535,True,0.7463660506125256,2020-11-01,MESA_OPEN_DATA_2026,https://data.mesaaz.gov/d/5zhe-5nig,dataset 5zhe-5nig; retrieved 2026-08-22,study-derived after declared sensor and completeness QA
2020-11-14,0.0,0.0013421237235888,0.0,8.987433709258179,10.901388008504982,0.6382857616369922,4.089054389960236,7.887601278887855,0.0152083329934005,0.0,0.0,11,24.61750399308398,32.52031360496524,True,0.7569885177652577,2020-11-01,MESA_OPEN_DATA_2026,https://data.mesaaz.gov/d/5zhe-5nig,dataset 5zhe-5nig; retrieved 2026-08-22,study-derived after declared sensor and completeness QA
2020-11-15,0.0,0.0013421237235888,1.6848041862249374,10.221550868092626,10.899999618530272,0.6361260201368067,4.0541578883926075,7.843965584701962,0.0,0.0,0.0,11,27.497980705100836,35.3419462898028,True,0.7780550759603984,2020-11-01,MESA_OPEN_DATA_2026,https://data.mesaaz.gov/d/5zhe-5nig,dataset 5zhe-5nig; retrieved 2026-08-22,study-derived after declared sensor and completeness QA
2020-11-16,0.0,0.0013421237235888,5.525024369855722,10.416391205790903,11.227207234501838,0.6762353901440898,4.125674927400218,7.893405663967132,0.0,0.0,0.0,11,31.97187525141636,39.865280915383494,True,0.8019979921696433,2020-11-01,MESA_OPEN_DATA_2026,https://data.mesaaz.gov/d/5zhe-5nig,dataset 5zhe-5nig; retrieved 2026-08-22,study-derived after declared sensor and completeness QA
2020-11-17,0.0,0.0013421237235888,7.861567328704728,9.721064116042108,11.403898606654336,0.9548579922980732,4.236498946613736,7.779933771822187,0.0,0.0,0.0,11,34.17922911403657,41.95916288585876,True,0.8145831985975056,2020-11-01,MESA_OPEN_DATA_2026,https://data.mesaaz.gov/d/5zhe-5nig,dataset 5zhe-5nig; retrieved 2026-08-22,study-derived after declared sensor and completeness QA
2020-11-18,0.0,0.0013421237235888,4.066683236757914,9.540185708662689,10.963433479132435,1.7592545425312387,4.196185168127219,6.446892885367076,0.0,0.0,0.0,11,30.527084258935083,36.97397714430216,True,0.8256370187008522,2020-11-01,MESA_OPEN_DATA_2026,https://data.mesaaz.gov/d/5zhe-5nig,dataset 5zhe-5nig; retrieved 2026-08-22,study-derived after declared sensor and completeness QA
2020-11-19,0.0,0.0013421237235888,0.0,8.424493389445278,10.755402309036397,0.6110679601127678,4.3234200917885275,7.813276472356584,0.0,0.0,0.0,11,24.115725874106555,31.92900234646314,True,0.7552921827129346,2020-11-01,MESA_OPEN_DATA_2026,https://data.mesaaz.gov/d/5zhe-5nig,dataset 5zhe-5nig; retrieved 2026-08-22,study-derived after declared sensor and completeness QA
2020-11-20,0.0,0.0013421237235888,0.0,8.399029680086963,10.85976256330808,0.4928989681104819,4.3110585509075054,7.767199259334141,0.0,0.0,0.0,11,24.064091886136616,31.831291145470757,True,0.7559885578050349,2020-11-01,MESA_OPEN_DATA_2026,https://data.mesaaz.gov/d/5zhe-5nig,dataset 5zhe-5nig; retrieved 2026-08-22,study-derived after declared sensor and completeness QA
2020-11-21,0.0,0.0013421237235888,0.0,8.284703751325056,10.88274790512191,0.7160806359102329,4.265208303928375,7.780911962191264,0.0,0.0,0.0,11,24.150082720009163,31.930994682200428,True,0.756321027903066,2020-11-01,MESA_OPEN_DATA_2026,https://data.mesaaz.gov/d/5zhe-5nig,dataset 5zhe-5nig; retrieved 2026-08-22,study-derived after declared sensor and completeness QA
2020-11-22,0.0,0.0013421237235888,0.0,9.184912819116391,10.865206340617604,0.5688931030738685,4.2739593851897455,7.803407580322689,0.0,0.0,0.0,11,24.894313771721198,32.697721352043885,True,0.7613470524044664,2020-11-01,MESA_OPEN_DATA_2026,https://data.mesaaz.gov/d/5zhe-5nig,dataset 5zhe-5nig; retrieved 2026-08-22,study-derived after declared sensor and completeness QA
2020-11-23,0.0,0.0013421237235888,0.0,9.853802892459305,11.376061049434874,0.751675510716935,4.382504730423292,7.886200535849289,0.0,0.0,0.0,11,26.365386306757998,34.25158684260729,True,0.7697566372008422,2020-11-01,MESA_OPEN_DATA_2026,https://data.mesaaz.gov/d/5zhe-5nig,dataset 5zhe-5nig; retrieved 2026-08-22,study-derived after declared sensor and completeness QA
2020-11-24,0.0,0.0013421237235888,0.0,9.611582638621105,11.58365703423818,0.6565406341933542,4.5432687529259255,8.066727189333351,0.0,0.0,0.0,11,26.396391183702157,34.463118373035506,True,0.7659315938268405,2020-11-01,MESA_OPEN_DATA_2026,https://data.mesaaz.gov/d/5zhe-5nig,dataset 5zhe-5nig; retrieved 2026-08-22,study-derived after declared sensor and completeness QA
2020-11-25,0.0,0.0013421237235888,0.0,9.66496187693336,11.17380768992654,0.6338000449146803,4.340934620871156,8.11296203026065,0.0,0.0,0.0,11,25.814846356369326,33.92780838662998,True,0.7608757412854953,2020-11-01,MESA_OPEN_DATA_2026,https://data.mesaaz.gov/d/5zhe-5nig,dataset 5zhe-5nig; retrieved 2026-08-22,study-derived after declared sensor and completeness QA
2020-11-26,0.0,0.0013421237235888,0.0,9.811847243624916,10.996073596568888,0.6588522906087417,4.150926924914849,7.876238139360039,0.0,0.0,0.0,11,25.61904217944098,33.49528031880102,True,0.7648552851507536,2020-11-01,MESA_OPEN_DATA_2026,https://data.mesaaz.gov/d/5zhe-5nig,dataset 5zhe-5nig; retrieved 2026-08-22,study-derived after declared sensor and completeness QA
2020-11-27,0.0,0.0013421237235888,0.0,11.040878367013,11.517734524271916,0.5939229374130567,4.201747363143497,7.906662661499447,0.0,0.0,0.0,11,27.35562531556506,35.26228797706451,True,0.7757756766480342,2020-11-01,MESA_OPEN_DATA_2026,https://data.mesaaz.gov/d/5zhe-5nig,dataset 5zhe-5nig; retrieved 2026-08-22,study-derived after declared sensor and completeness QA
2020-11-28,0.0,0.0013421237235888,0.0,8.46955045115069,11.65345321032736,0.5191770581735505,4.257742907438013,8.22594992717107,0.0,0.0,0.0,11,24.901265750813202,33.127215677984275,True,0.7516860454819967,2020-11-01,MESA_OPEN_DATA_2026,https://data.mesaaz.gov/d/5zhe-5nig,dataset 5zhe-5nig; retrieved 2026-08-22,study-derived after declared sensor and completeness QA
2020-11-29,0.0,0.0013421237235888,0.0,9.898616900241729,10.786377102798886,0.6184673846181896,3.8599444838033783,7.471910965442658,0.0,0.0,0.0,11,25.16474799518577,32.63665896062843,True,0.7710577245527345,2020-11-01,MESA_OPEN_DATA_2026,https://data.mesaaz.gov/d/5zhe-5nig,dataset 5zhe-5nig; retrieved 2026-08-22,study-derived after declared sensor and completeness QA
2020-11-30,0.0,0.0013421237235888,0.0,9.632447742317439,11.626103096869258,1.4359020488957563,4.122666427741448,7.0064998196231,0.0,0.0,0.0,11,26.81846143954749,33.82496125917059,True,0.792860078510112,2020-11-01,MESA_OPEN_DATA_2026,https://data.mesaaz.gov/d/5zhe-5nig,dataset 5zhe-5nig; retrieved 2026-08-22,study-derived after declared sensor and completeness QA
2020-12-02,0.0,0.0013421237235888,0.0,10.064550597583994,11.600089156627655,0.6616874902612633,4.189058463441001,7.952263355255127,0.0,0.0,0.0,11,26.516727831637503,34.46899118689263,True,0.769292251341574,2020-12-01,MESA_OPEN_DATA_2026,https://data.mesaaz.gov/d/5zhe-5nig,dataset 5zhe-5nig; retrieved 2026-08-22,study-derived after declared sensor and completeness QA
2020-12-03,0.0,0.0013421237235888,0.0,9.360453878238244,11.09105628265275,0.6215930473887258,4.1392429954475825,7.760520176092784,0.0,0.0,0.0,11,25.21368832745089,32.97420850354367,True,0.764648780720278,2020-12-01,MESA_OPEN_DATA_2026,https://data.mesaaz.gov/d/5zhe-5nig,dataset 5zhe-5nig; retrieved 2026-08-22,study-derived after declared sensor and completeness QA
2020-12-04,0.0,0.0013421237235888,0.0,9.479670946282749,10.979262885782454,0.7320860998084148,4.108150496747759,7.800774902767605,0.0,0.0,0.0,11,25.300512552344966,33.10128745511257,True,0.7643362085735805,2020-12-01,MESA_OPEN_DATA_2026,https://data.mesaaz.gov/d/5zhe-5nig,dataset 5zhe-5nig; retrieved 2026-08-22,study-derived after declared sensor and completeness QA
2020-12-05,0.0,0.0013421237235888,0.0,9.564169263575932,10.984917018148634,0.4908867947964204,4.1000387930207784,7.879825058248308,0.0,0.0,0.0,11,25.141353993265355,33.02117905151366,True,0.7613705723240338,2020-12-01,MESA_OPEN_DATA_2026,https://data.mesaaz.gov/d/5zhe-5nig,dataset 5zhe-5nig; retrieved 2026-08-22,study-derived after declared sensor and completeness QA
2020-12-06,0.0,0.0013421237235888,0.0,9.23071957382477,11.03243304391702,0.6006617763183183,4.040291975438595,7.795023282368978,0.0,0.0,0.0,11,24.90544849322229,32.70047177559127,True,0.7616235222579436,2020-12-01,MESA_OPEN_DATA_2026,https://data.mesaaz.gov/d/5zhe-5nig,dataset 5zhe-5nig; retrieved 2026-08-22,study-derived after declared sensor and completeness QA
2020-12-07,0.0,0.0013421237235888,0.0,9.539549683221374,11.407523207200898,0.7276193854709466,4.170362439917193,7.924766874313354,0.0,0.0,0.0,11,25.846396839534002,33.77116371384736,True,0.7653392420390913,2020-12-01,MESA_OPEN_DATA_2026,https://data.mesaaz.gov/d/5zhe-5nig,dataset 5zhe-5nig; retrieved 2026-08-22,study-derived after declared sensor and completeness QA
2020-12-08,0.0,0.0013421237235888,0.0,9.236142843647588,11.657238549656338,0.5435296075832513,4.299280536837048,8.162049667702782,0.0,0.0,0.0,11,25.737533661447817,33.8995833291506,True,0.7592286138607446,2020-12-01,MESA_OPEN_DATA_2026,https://data.mesaaz.gov/d/5zhe-5nig,dataset 5zhe-5nig; retrieved 2026-08-22,study-derived after declared sensor and completeness QA
2020-12-09,0.0,0.0013421237235888,0.0,8.835993883908829,11.212043598956532,0.5838030114149054,4.186635844243897,8.051516397131813,0.0,0.0,0.0,11,24.819818462247753,32.871334859379566,True,0.7550596459932207,2020-12-01,MESA_OPEN_DATA_2026,https://data.mesaaz.gov/d/5zhe-5nig,dataset 5zhe-5nig; retrieved 2026-08-22,study-derived after declared sensor and completeness QA
2020-12-10,0.0,0.0013421237235888,0.0,9.404863657561217,11.242599194248518,0.5544215727597475,4.174066731333733,7.97142002152072,0.0,0.0,0.0,11,25.377293279626805,33.34871330114753,True,0.7609676886320401,2020-12-01,MESA_OPEN_DATA_2026,https://data.mesaaz.gov/d/5zhe-5nig,dataset 5zhe-5nig; retrieved 2026-08-22,study-derived after declared sensor and completeness QA
2020-12-11,0.0,0.0013421237235888,0.0,8.875217224307082,10.974116387963296,1.2092256577064593,4.130259834726652,7.079343560669157,0.0,0.0,0.0,11,25.190161228427076,32.26950478909623,True,0.7806181530538626,2020-12-01,MESA_OPEN_DATA_2026,https://data.mesaaz.gov/d/5zhe-5nig,dataset 5zhe-5nig; retrieved 2026-08-22,study-derived after declared sensor and completeness QA
2020-12-12,0.0,0.0013421237235888,0.0,9.182284900829098,10.99077679084407,0.6514716419080894,4.170769853889942,7.784486156370905,0.0,0.0,0.0269250006984091,11,24.99664531119479,32.808056468264105,True,0.7619057025025103,2020-12-01,MESA_OPEN_DATA_2026,https://data.mesaaz.gov/d/5zhe-5nig,dataset 5zhe-5nig; retrieved 2026-08-22,study-derived after declared sensor and completeness QA
2020-12-13,0.0,0.0013421237235888,0.0,9.61644840962771,10.77741212480598,0.6240431257420116,4.055650986731052,7.760966726475292,0.0,0.0,7.50000019454e-05,11,25.074896770630346,32.83593849710758,True,0.7636418484837618,2020-12-01,MESA_OPEN_DATA_2026,https://data.mesaaz.gov/d/5zhe-5nig,dataset 5zhe-5nig; retrieved 2026-08-22,study-derived after declared sensor and completeness QA
2020-12-14,0.0,0.0013421237235888,0.0,10.813395255034168,11.09331053296725,0.6938316233249174,4.180256480309699,7.862970343894428,0.0,0.0,0.0,11,26.782136015359622,34.64510635925405,True,0.7730423955880236,2020-12-01,MESA_OPEN_DATA_2026,https://data.mesaaz.gov/d/5zhe-5nig,dataset 5zhe-5nig; retrieved 2026-08-22,study-derived after declared sensor and completeness QA
2020-12-15,0.0,0.0013421237235888,0.0,10.25182007856736,11.434092438220976,0.5181163114806017,4.242634059488774,8.01999150382148,0.0,0.0,0.0,11,26.4480050114813,34.46799651530278,True,0.7673206361077344,2020-12-01,MESA_OPEN_DATA_2026,https://data.mesaaz.gov/d/5zhe-5nig,dataset 5zhe-5nig; retrieved 2026-08-22,study-derived after declared sensor and completeness QA
2020-12-16,0.0,0.0013421237235888,0.0,10.481209008962518,10.938794118472698,0.581744770726396,4.10879667798678,7.872529487918924,0.0,0.0,0.0,11,26.11188669987198,33.984416187790906,True,0.7683488383494086,2020-12-01,MESA_OPEN_DATA_2026,https://data.mesaaz.gov/d/5zhe-5nig,dataset 5zhe-5nig; retrieved 2026-08-22,study-derived after declared sensor and completeness QA
2020-12-17,0.0,0.0013421237235888,0.0,9.732014049077184,10.779790841230826,0.5629982406066524,4.090106994080144,7.951199486520555,0.0,0.0,0.0,11,25.166252248718397,33.11745173523895,True,0.7599090790533257,2020-12-01,MESA_OPEN_DATA_2026,https://data.mesaaz.gov/d/5zhe-5nig,dataset 5zhe-5nig; retrieved 2026-08-22,study-derived after declared sensor and completeness QA
2020-12-18,0.0,0.0013421237235888,0.0,9.33371278937243,10.727585420157547,0.5840017145706548,4.083041502369775,7.6851263956891165,0.0,0.0,0.0,11,24.729683550193997,32.414809945883114,True,0.7629131126013227,2020-12-01,MESA_OPEN_DATA_2026,https://data.mesaaz.gov/d/5zhe-5nig,dataset 5zhe-5nig; retrieved 2026-08-22,study-derived after declared sensor and completeness QA
2020-12-19,0.0,0.0013421237235888,0.0,8.418738458496174,10.663733441631,0.589782960092028,4.013413206901816,7.649126592664807,0.0,0.0,0.0,11,23.687010190844607,31.336136783509414,True,0.7559007785321468,2020-12-01,MESA_OPEN_DATA_2026,https://data.mesaaz.gov/d/5zhe-5nig,dataset 5zhe-5nig; retrieved 2026-08-22,study-derived after declared sensor and completeness QA
2020-12-20,0.0,0.0013421237235888,0.0,9.745805997695111,11.93920776049296,0.6206110899026195,4.063699087335004,7.835160141189893,0.0,0.0,0.7758388860358132,11,26.370666059149283,34.98166508637499,True,0.7538425056107577,2020-12-01,MESA_OPEN_DATA_2026,https://data.mesaaz.gov/d/5zhe-5nig,dataset 5zhe-5nig; retrieved 2026-08-22,study-derived after declared sensor and completeness QA
2020-12-21,0.0,0.0013421237235888,0.0,9.57735080881803,11.22544480462869,0.7291389139783051,4.133586631880866,7.782111821903123,0.0,0.0,0.0021611111031638,11,25.66686328302948,33.45113621603576,True,0.7672942143808356,2020-12-01,MESA_OPEN_DATA_2026,https://data.mesaaz.gov/d/5zhe-5nig,dataset 5zhe-5nig; retrieved 2026-08-22,study-derived after declared sensor and completeness QA
2020-12-22,0.0,0.0013421237235888,0.0,8.71494030619937,11.220953887701034,0.4575433971153365,4.15885234988398,7.93443516890208,0.0,0.0,0.0,11,24.553632064623308,32.488067233525385,True,0.7557738626964456,2020-12-01,MESA_OPEN_DATA_2026,https://data.mesaaz.gov/d/5zhe-5nig,dataset 5zhe-5nig; retrieved 2026-08-22,study-derived after declared sensor and completeness QA
2020-12-23,0.0,0.0013421237235888,0.0,8.89648607198149,11.061848640110645,0.7109249988004706,4.0893661491404645,7.913087783588304,0.0,0.0,0.0,11,24.75996798375666,32.67305576734496,True,0.757809987534223,2020-12-01,MESA_OPEN_DATA_2026,https://data.mesaaz.gov/d/5zhe-5nig,dataset 5zhe-5nig; retrieved 2026-08-22,study-derived after declared sensor and completeness QA
2020-12-24,0.0,0.0013421237235888,0.0,9.14205592744628,10.847476139799642,0.508760011881486,4.047220176769882,7.835195832782322,0.0,0.0,0.0,11,24.546854379620882,32.3820502124032,True,0.7580389202848797,2020-12-01,MESA_OPEN_DATA_2026,https://data.mesaaz.gov/d/5zhe-5nig,dataset 5zhe-5nig; retrieved 2026-08-22,study-derived after declared sensor and completeness QA
2020-12-25,0.0,0.0013421237235888,0.0,10.065620149715492,11.26215745608012,0.5841356077334947,4.105691630476051,7.623771157529619,0.0,0.0,0.0578388872245947,11,26.018946967728745,33.70055701248296,True,0.772062816590572,2020-12-01,MESA_OPEN_DATA_2026,https://data.mesaaz.gov/d/5zhe-5nig,dataset 5zhe-5nig; retrieved 2026-08-22,study-derived after declared sensor and completeness QA
2020-12-26,0.0,0.0013421237235888,0.0,8.4117068280874,11.262059113052157,0.6119062267243862,4.145789491964711,8.087007373571396,0.0,0.0,0.0001611111064751,11,24.432803783552245,32.51997226823011,True,0.7513168701998402,2020-12-01,MESA_OPEN_DATA_2026,https://data.mesaaz.gov/d/5zhe-5nig,dataset 5zhe-5nig; retrieved 2026-08-22,study-derived after declared sensor and completeness QA
2020-12-27,0.0,0.0013421237235888,0.0,8.222233855197976,9.91172313955095,0.5804774605772561,3.6516143563720913,6.907062457667457,0.0,0.0,0.0,11,22.367390935421867,29.274453393089324,True,0.7640583629377697,2020-12-01,MESA_OPEN_DATA_2026,https://data.mesaaz.gov/d/5zhe-5nig,dataset 5zhe-5nig; retrieved 2026-08-22,study-derived after declared sensor and completeness QA
2020-12-28,0.0,0.0013421237235888,0.0,9.452556191649702,10.637367095881038,0.6641325007710192,3.966321862240632,7.501092077957259,0.0,0.0,0.0,11,24.721719774265978,32.22281185222324,True,0.7672117469959495,2020-12-01,MESA_OPEN_DATA_2026,https://data.mesaaz.gov/d/5zhe-5nig,dataset 5zhe-5nig; retrieved 2026-08-22,study-derived after declared sensor and completeness QA
2020-12-29,0.0,0.0013421237235888,0.0,9.179132231914036,10.994936422175831,0.523561701985697,4.14108488443825,7.758845228287909,0.0,0.0,0.0,11,24.8400573642374,32.598902592525306,True,0.7619906005649726,2020-12-01,MESA_OPEN_DATA_2026,https://data.mesaaz.gov/d/5zhe-5nig,dataset 5zhe-5nig; retrieved 2026-08-22,study-derived after declared sensor and completeness QA
2020-12-30,0.0,0.0013421237235888,0.0,8.644824954174092,10.995047104358672,0.6116687476634979,4.200672435760498,7.886928047736486,0.0,0.0,0.0,11,24.45355536568035,32.340483413416834,True,0.756128319205504,2020-12-01,MESA_OPEN_DATA_2026,https://data.mesaaz.gov/d/5zhe-5nig,dataset 5zhe-5nig; retrieved 2026-08-22,study-derived after declared sensor and completeness QA
2020-12-31,0.0,0.0013421237235888,0.0,8.52674490352782,10.79112124085712,0.6250882912072273,4.176013852926922,7.746149079998334,0.0,0.0,0.0,11,24.120310412242677,31.866459492241013,True,0.7569184276061668,2020-12-01,MESA_OPEN_DATA_2026,https://data.mesaaz.gov/d/5zhe-5nig,dataset 5zhe-5nig; retrieved 2026-08-22,study-derived after declared sensor and completeness QA
2021-01-02,0.0,0.0013421237235888,0.0,8.69906139806371,10.968049641610518,0.5938312444835901,4.304394274287754,8.09964116414388,0.0,0.0,0.0,11,24.56667868216916,32.666319846313044,True,0.752049168616156,2021-01-01,MESA_OPEN_DATA_2026,https://data.mesaaz.gov/d/5zhe-5nig,dataset 5zhe-5nig; retrieved 2026-08-22,study-derived after declared sensor and completeness QA
2021-01-03,0.0,0.0013421237235888,0.0,9.288906018384894,10.453173863887788,0.6111687388271093,3.900261112054189,7.2710940937201185,0.0,0.0,0.0,11,24.254851856877572,31.52594595059769,True,0.7693615885431577,2021-01-01,MESA_OPEN_DATA_2026,https://data.mesaaz.gov/d/5zhe-5nig,dataset 5zhe-5nig; retrieved 2026-08-22,study-derived after declared sensor and completeness QA
2021-01-04,0.0,0.0013421237235888,0.0,8.870067882505698,10.96283735897806,0.7076250113546848,4.0859498937924705,7.615928975741069,0.0,0.0,0.0,11,24.627822270354503,32.24375124609557,True,0.7638013977463839,2021-01-01,MESA_OPEN_DATA_2026,https://data.mesaaz.gov/d/5zhe-5nig,dataset 5zhe-5nig; retrieved 2026-08-22,study-derived after declared sensor and completeness QA
2021-01-05,0.0,0.0013421237235888,0.0,0.8322094907178285,11.258541053533554,0.9013375256210564,4.194164306239078,7.379784528414408,1.870298604004913,0.0,0.0,11,17.187594499835104,26.437677632254424,True,0.6501174096648316,2021-01-01,MESA_OPEN_DATA_2026,https://data.mesaaz.gov/d/5zhe-5nig,dataset 5zhe-5nig; retrieved 2026-08-22,study-derived after declared sensor and completeness QA
2021-01-08,0.0,0.0013421237235888,2.300794405407376,4.862009837071269,10.629771882640084,1.4547846785436074,0.0,6.676567365725835,10.379455670515584,0.0,0.0059833333853425,11,19.248702927385924,36.310709297012686,True,0.5301109039191788,2021-01-01,MESA_OPEN_DATA_2026,https://data.mesaaz.gov/d/5zhe-5nig,dataset 5zhe-5nig; retrieved 2026-08-22,study-derived after declared sensor and completeness QA
2021-01-09,0.0,0.0013421237235888,3.2916693933308125,10.009351447198402,10.859055277007158,1.8186323300004008,0.0,6.043612205982209,8.526329623262994,0.0,1.66666668115e-05,11,25.98005057126036,40.550009067172375,True,0.6406916094204463,2021-01-01,MESA_OPEN_DATA_2026,https://data.mesaaz.gov/d/5zhe-5nig,dataset 5zhe-5nig; retrieved 2026-08-22,study-derived after declared sensor and completeness QA
2021-01-10,0.0,0.0013421237235888,0.4803333307305972,10.942394096398797,10.55149953753295,2.072317865408129,0.0,5.715502188603083,0.0289916682315783,0.0,0.0,11,24.047886953794062,29.792380810628725,True,0.807182450662511,2021-01-01,MESA_OPEN_DATA_2026,https://data.mesaaz.gov/d/5zhe-5nig,dataset 5zhe-5nig; retrieved 2026-08-22,study-derived after declared sensor and completeness QA
2021-01-11,0.0,0.0013421237235888,0.0,11.224948729826924,11.070359620783064,2.3279644293089707,0.0,5.514561768372854,0.0,0.0,0.0,11,24.624614903642545,30.1391766720154,True,0.8170301123887969,2021-01-01,MESA_OPEN_DATA_2026,https://data.mesaaz.gov/d/5zhe-5nig,dataset 5zhe-5nig; retrieved 2026-08-22,study-derived after declared sensor and completeness QA
2021-01-12,0.0,0.0013421237235888,0.0,10.225507519979752,11.24486588537693,2.4165083536671266,0.0,5.594720983505249,0.0,0.0,0.0,11,23.888223882747397,29.482944866252645,True,0.81023873263389,2021-01-01,MESA_OPEN_DATA_2026,https://data.mesaaz.gov/d/5zhe-5nig,dataset 5zhe-5nig; retrieved 2026-08-22,study-derived after declared sensor and completeness QA
2021-01-13,0.0,0.0,0.4542838639659108,9.37559635177841,10.94780351916949,2.4898531748188866,0.0,5.577533138386132,0.0,0.0,0.0,11,23.267536909732698,28.845070048118828,True,0.8066382529464553,2021-01-01,MESA_OPEN_DATA_2026,https://data.mesaaz.gov/d/5zhe-5nig,dataset 5zhe-5nig; retrieved 2026-08-22,study-derived after declared sensor and completeness QA
2021-01-14,0.0,0.0,1.3065000124275683,8.896898414378056,10.778161360922375,2.304562244196429,0.0,4.391212395826975,0.0,0.0,0.0,11,23.286122031924428,27.677334427751404,True,0.8413426550418088,2021-01-01,MESA_OPEN_DATA_2026,https://data.mesaaz.gov/d/5zhe-5nig,dataset 5zhe-5nig; retrieved 2026-08-22,study-derived after declared sensor and completeness QA
2021-01-15,0.0,0.0,0.9883611395955084,8.767607754935959,10.778965904315312,2.1898176537619696,0.0,5.794114111695024,0.0,0.0,0.0,11,22.724752452608747,28.51886656430377,True,0.7968322444150937,2021-01-01,MESA_OPEN_DATA_2026,https://data.mesaaz.gov/d/5zhe-5nig,dataset 5zhe-5nig; retrieved 2026-08-22,study-derived after declared sensor and completeness QA
2021-01-16,0.0,0.0,0.0,8.236486922599099,10.643569990992546,2.044380308025413,0.0,5.863823729753494,0.0,0.0,0.0,11,20.924437221617058,26.788260951370553,True,0.7811047256707612,2021-01-01,MESA_OPEN_DATA_2026,https://data.mesaaz.gov/d/5zhe-5nig,dataset 5zhe-5nig; retrieved 2026-08-22,study-derived after declared sensor and completeness QA
2021-01-17,0.0,0.0,0.0,8.921763424296621,10.63409149547418,1.9519062108463712,0.0,6.094674921035766,0.0,0.0,0.0,11,21.507761130617173,27.602436051652937,True,0.7791979334856283,2021-01-01,MESA_OPEN_DATA_2026,https://data.mesaaz.gov/d/5zhe-5nig,dataset 5zhe-5nig; retrieved 2026-08-22,study-derived after declared sensor and completeness QA
2021-01-18,0.0,0.0,0.0,8.875369442220016,11.034358935554822,1.9690451642705336,0.0,6.170295200745264,0.0,0.0,0.0,11,21.878773542045373,28.049068742790638,True,0.7800178231467597,2021-01-01,MESA_OPEN_DATA_2026,https://data.mesaaz.gov/d/5zhe-5nig,dataset 5zhe-5nig; retrieved 2026-08-22,study-derived after declared sensor and completeness QA
2021-01-19,0.0,0.0,0.0,8.769936228827401,11.072563143571218,1.9709565564990044,0.0,6.175968627134959,0.0,0.0,0.0,11,21.813455928897625,27.989424556032585,True,0.7793463522348891,2021-01-01,MESA_OPEN_DATA_2026,https://data.mesaaz.gov/d/5zhe-5nig,dataset 5zhe-5nig; retrieved 2026-08-22,study-derived after declared sensor and completeness QA
2021-01-20,0.0,0.0,2.074855493836933,8.848478587157109,11.147033540319269,1.9662200311120128,0.0,6.181934760014216,0.0,0.0,0.0,11,24.03658765242532,30.218522412439537,True,0.7954256440589761,2021-01-01,MESA_OPEN_DATA_2026,https://data.mesaaz.gov/d/5zhe-5nig,dataset 5zhe-5nig; retrieved 2026-08-22,study-derived after declared sensor and completeness QA
2021-01-21,0.0,0.0,5.221265175276333,8.40486954465016,10.72056299481127,1.6790208398467965,0.0,6.3295483370622,0.0,0.0,0.0,11,26.02571855458456,32.355266891646764,True,0.8043734777939255,2021-01-01,MESA_OPEN_DATA_2026,https://data.mesaaz.gov/d/5zhe-5nig,dataset 5zhe-5nig; retrieved 2026-08-22,study-derived after declared sensor and completeness QA
2021-01-22,0.0,0.0,6.438444385925929,8.400380033345762,10.691308320230908,1.5205972782439656,0.0,6.585008541742961,0.0,0.0,0.0,11,27.050730017746563,33.635738559489525,True,0.8042258376430044,2021-01-01,MESA_OPEN_DATA_2026,https://data.mesaaz.gov/d/5zhe-5nig,dataset 5zhe-5nig; retrieved 2026-08-22,study-derived after declared sensor and completeness QA
2021-01-23,0.0,0.0,6.637566627065341,8.397295294624874,10.871648558974266,1.333203173139029,0.0,6.697246789932251,0.0,0.0,0.0,11,27.23971365380351,33.93696044373576,True,0.8026562572969479,2021-01-01,MESA_OPEN_DATA_2026,https://data.mesaaz.gov/d/5zhe-5nig,dataset 5zhe-5nig; retrieved 2026-08-22,study-derived after declared sensor and completeness QA
2021-01-24,0.0,0.0,6.807825089825524,9.006901793967463,10.67657270067268,1.2857802651822567,0.0,6.904054359594981,0.0,0.0,0.0,11,27.777079849647922,34.681134209242906,True,0.8009276652274256,2021-01-01,MESA_OPEN_DATA_2026,https://data.mesaaz.gov/d/5zhe-5nig,dataset 5zhe-5nig; retrieved 2026-08-22,study-derived after declared sensor and completeness QA
2021-01-25,0.0,0.0,6.794166796737247,9.757810068541644,11.063478415542178,1.46001074814962,0.0,6.678042773405711,0.0,0.0,0.0,11,29.07546602897069,35.7535088023764,True,0.8132199328933599,2021-01-01,MESA_OPEN_DATA_2026,https://data.mesaaz.gov/d/5zhe-5nig,dataset 5zhe-5nig; retrieved 2026-08-22,study-derived after declared sensor and completeness QA
2021-01-26,0.0,0.0,6.682332066032622,9.683012036587352,11.258784872293472,1.260422217183643,0.0,6.687836994727452,0.0,0.0,0.0,11,28.884551192097085,35.57238818682454,True,0.8119935900956876,2021-01-01,MESA_OPEN_DATA_2026,https://data.mesaaz.gov/d/5zhe-5nig,dataset 5zhe-5nig; retrieved 2026-08-22,study-derived after declared sensor and completeness QA
2021-01-27,0.0,0.0,6.909802901744842,8.467074133618562,11.576328098111684,1.2194340644611252,0.0,7.162057520945867,0.0,0.0,0.0,11,28.172639197936213,35.33469671888208,True,0.7973080799893035,2021-01-01,MESA_OPEN_DATA_2026,https://data.mesaaz.gov/d/5zhe-5nig,dataset 5zhe-5nig; retrieved 2026-08-22,study-derived after declared sensor and completeness QA
2021-01-28,0.0,0.0,7.165424931049347,8.130113772116742,10.86634218721865,0.9344992616651115,0.0,7.166718250513076,0.0,0.0,0.0,11,27.096380152049846,34.263098402562925,True,0.7908327447123988,2021-01-01,MESA_OPEN_DATA_2026,https://data.mesaaz.gov/d/5zhe-5nig,dataset 5zhe-5nig; retrieved 2026-08-22,study-derived after declared sensor and completeness QA
2021-01-29,0.0,0.0,6.793791576226552,8.602379949730617,10.859973269701005,1.6544874649494887,0.0,6.325553146666951,0.0,0.0,0.0,11,27.910632260607663,34.23618540727461,True,0.8152377938307673,2021-01-01,MESA_OPEN_DATA_2026,https://data.mesaaz.gov/d/5zhe-5nig,dataset 5zhe-5nig; retrieved 2026-08-22,study-derived after declared sensor and completeness QA
2021-01-30,0.0,0.0,6.526827886369493,8.466088715673292,10.582708101140128,1.2127437338232994,0.0,6.777761948495,0.0,0.0,0.0,11,26.788368437006213,33.56613038550121,True,0.798077351465493,2021-01-01,MESA_OPEN_DATA_2026,https://data.mesaaz.gov/d/5zhe-5nig,dataset 5zhe-5nig; retrieved 2026-08-22,study-derived after declared sensor and completeness QA
2021-01-31,0.0,0.0,3.0395416733291416,8.499598118110255,10.625944777329764,1.0698781218379736,0.0,7.180104960583979,0.0,0.0,0.2395531271222151,11,23.234962690607134,30.654620778313326,True,0.7579595539164117,2021-01-01,MESA_OPEN_DATA_2026,https://data.mesaaz.gov/d/5zhe-5nig,dataset 5zhe-5nig; retrieved 2026-08-22,study-derived after declared sensor and completeness QA
2021-02-02,0.0,0.0,0.0,6.368922656262272,15.520375786887277,1.2593125149607658,0.0,7.085226112127834,0.0,0.0,3.897495711636212,11,23.148610958110314,34.13133278187436,True,0.6782217121742025,2021-02-01,MESA_OPEN_DATA_2026,https://data.mesaaz.gov/d/5zhe-5nig,dataset 5zhe-5nig; retrieved 2026-08-22,study-derived after declared sensor and completeness QA
2021-02-03,0.0,0.0,0.0,6.410310695957757,15.381691382990944,1.2436562798917294,0.0,7.257161098387506,0.0,0.0,3.862187614043554,11,23.035658358840433,34.15500707127149,True,0.674444549543549,2021-02-01,MESA_OPEN_DATA_2026,https://data.mesaaz.gov/d/5zhe-5nig,dataset 5zhe-5nig; retrieved 2026-08-22,study-derived after declared sensor and completeness QA
2021-02-04,0.0,0.0,0.0,6.332430525881376,14.870901649331747,0.943177809110514,0.0,7.489114103438678,0.0,0.0,3.797128702672543,11,22.146509984323636,33.432752790434854,True,0.6624195776860999,2021-02-01,MESA_OPEN_DATA_2026,https://data.mesaaz.gov/d/5zhe-5nig,dataset 5zhe-5nig; retrieved 2026-08-22,study-derived after declared sensor and completeness QA
2021-02-05,0.0,0.0,0.0,6.504098609028055,14.782950631777446,0.6761337014122142,0.0,7.545944567300655,0.0,0.0,3.977641347299019,11,21.963182942217717,33.48676885681739,True,0.6558764458920422,2021-02-01,MESA_OPEN_DATA_2026,https://data.mesaaz.gov/d/5zhe-5nig,dataset 5zhe-5nig; retrieved 2026-08-22,study-derived after declared sensor and completeness QA
2021-02-06,0.0,0.0,0.0,6.560537328927517,14.870968488852183,0.5241760489634342,0.0,7.565298597293872,0.0,0.0,3.942071231730558,11,21.955681866743134,33.46305169576756,True,0.6561171427625685,2021-02-01,MESA_OPEN_DATA_2026,https://data.mesaaz.gov/d/5zhe-5nig,dataset 5zhe-5nig; retrieved 2026-08-22,study-derived after declared sensor and completeness QA
2021-02-07,0.0,0.0,0.0,6.529331107999676,14.826527291536332,0.6185885666145219,0.0,7.676579902514264,0.0,0.0,3.966950480060445,11,21.97444696615053,33.61797734872524,True,0.6536516679217698,2021-02-01,MESA_OPEN_DATA_2026,https://data.mesaaz.gov/d/5zhe-5nig,dataset 5zhe-5nig; retrieved 2026-08-22,study-derived after declared sensor and completeness QA
2021-02-08,0.0,0.0,0.0,6.612426708157954,15.593108569582304,1.0943291768845584,0.0,7.295503562026553,0.0,0.0,3.9979384927837938,11,23.299864454624814,34.59330650943516,True,0.6735367851659363,2021-02-01,MESA_OPEN_DATA_2026,https://data.mesaaz.gov/d/5zhe-5nig,dataset 5zhe-5nig; retrieved 2026-08-22,study-derived after declared sensor and completeness QA
2021-02-09,0.0,0.0,0.0,5.2144043398827975,15.744350289305052,1.445505245278279,0.0,6.7571202230674245,0.0,0.0,3.932130674079613,11,22.40425987446613,33.09351077161317,True,0.6769985822623563,2021-02-01,MESA_OPEN_DATA_2026,https://data.mesaaz.gov/d/5zhe-5nig,dataset 5zhe-5nig; retrieved 2026-08-22,study-derived after declared sensor and completeness QA
2021-02-10,0.0,0.0,0.0,6.188522281421163,14.699134649833043,0.6763673814427521,0.0,7.692795438236661,0.0,0.0,3.4339886541443843,11,21.564024312696958,32.690808405078,True,0.6596357008212537,2021-02-01,MESA_OPEN_DATA_2026,https://data.mesaaz.gov/d/5zhe-5nig,dataset 5zhe-5nig; retrieved 2026-08-22,study-derived after declared sensor and completeness QA
2021-02-11,0.0,0.0,0.0,6.536755071798614,14.944018886817826,0.606554747103817,0.0,7.696614665896805,0.0,0.0,4.019835024547798,11,22.087328705720257,33.80377839616486,True,0.6533982221415264,2021-02-01,MESA_OPEN_DATA_2026,https://data.mesaaz.gov/d/5zhe-5nig,dataset 5zhe-5nig; retrieved 2026-08-22,study-derived after declared sensor and completeness QA
2021-02-12,0.0,0.0,0.0,7.1824043393317885,14.954908206396633,0.6040419939905405,0.0,7.662897018260426,0.0,0.0,3.947146627555291,11,22.741354539718962,34.35139818553468,True,0.6620212201230083,2021-02-01,MESA_OPEN_DATA_2026,https://data.mesaaz.gov/d/5zhe-5nig,dataset 5zhe-5nig; retrieved 2026-08-22,study-derived after declared sensor and completeness QA
2021-02-13,0.0,0.0,0.0,8.497265365489563,13.018774810307464,0.626988737592292,0.0,7.617060589514397,0.0,0.0,1.2214103333238098,11,22.14302891338932,30.981499836227528,True,0.7147177841757313,2021-02-01,MESA_OPEN_DATA_2026,https://data.mesaaz.gov/d/5zhe-5nig,dataset 5zhe-5nig; retrieved 2026-08-22,study-derived after declared sensor and completeness QA
2021-02-14,0.0,0.0,0.0,8.544381594908709,11.403468927409914,0.6145882978207535,0.0,7.798806233924848,0.0,0.0,0.002409012267297,11,20.562438820139377,28.363654066331524,True,0.724957326445029,2021-02-01,MESA_OPEN_DATA_2026,https://data.mesaaz.gov/d/5zhe-5nig,dataset 5zhe-5nig; retrieved 2026-08-22,study-derived after declared sensor and completeness QA
2021-02-15,0.0,0.0,0.0,8.521129514016588,11.44225168493059,0.8151661476948195,0.0,7.675463606582747,0.0,0.0,0.0,11,20.778547346641993,28.45401095322474,True,0.7302502055263715,2021-02-01,MESA_OPEN_DATA_2026,https://data.mesaaz.gov/d/5zhe-5nig,dataset 5zhe-5nig; retrieved 2026-08-22,study-derived after declared sensor and completeness QA
2021-02-16,0.0,0.0,0.0,8.872009950860962,11.37686465051439,0.6419925379670328,0.0,7.824373281774697,0.0,0.0,0.0,11,20.890867139342383,28.71524042111708,True,0.727518447798867,2021-02-01,MESA_OPEN_DATA_2026,https://data.mesaaz.gov/d/5zhe-5nig,dataset 5zhe-5nig; retrieved 2026-08-22,study-derived after declared sensor and completeness QA
2021-02-17,0.0,0.0,0.0,8.591718403778257,11.827914329342075,0.6598562629272541,4.179999828338623,7.879904115200043,0.0,0.0,0.0,11,25.259488824386207,33.13939293958625,True,0.7622194187574509,2021-02-01,MESA_OPEN_DATA_2026,https://data.mesaaz.gov/d/5zhe-5nig,dataset 5zhe-5nig; retrieved 2026-08-22,study-derived after declared sensor and completeness QA
2021-02-18,0.0,0.0,0.0,8.488169301657527,11.465949454121084,0.6274846892114806,4.167072039180332,7.949443419663995,0.0,0.0,0.0,11,24.748675484170423,32.69811890383442,True,0.7568837692760427,2021-02-01,MESA_OPEN_DATA_2026,https://data.mesaaz.gov/d/5zhe-5nig,dataset 5zhe-5nig; retrieved 2026-08-22,study-derived after declared sensor and completeness QA
2021-02-19,0.0,0.0,1.706250049173832,8.5419753466502,11.335706151020746,0.6097201643718614,4.245560924212138,7.977497646212578,0.0,0.0,0.0,11,26.43921263542878,34.41671028164136,True,0.7682085945771536,2021-02-01,MESA_OPEN_DATA_2026,https://data.mesaaz.gov/d/5zhe-5nig,dataset 5zhe-5nig; retrieved 2026-08-22,study-derived after declared sensor and completeness QA
2021-02-20,0.0,0.0,5.638986070454121,8.527440569322035,11.29551752852328,0.7162555717759662,4.162466843922933,7.706883168275709,0.0,0.0,0.0,11,30.340666583998335,38.047549752274044,True,0.7974407493135591,2021-02-01,MESA_OPEN_DATA_2026,https://data.mesaaz.gov/d/5zhe-5nig,dataset 5zhe-5nig; retrieved 2026-08-22,study-derived after declared sensor and completeness QA
2021-02-21,0.0,0.0,7.793499967787,8.84507829186955,11.081850467787849,0.638643047089378,4.031727915339999,7.875002489321762,0.0,0.0,0.0,11,32.390799689873774,40.26580217919553,True,0.8044245473050429,2021-02-01,MESA_OPEN_DATA_2026,https://data.mesaaz.gov/d/5zhe-5nig,dataset 5zhe-5nig; retrieved 2026-08-22,study-derived after declared sensor and completeness QA
2021-02-22,0.0,0.0,7.868986236055692,9.04382818169064,11.561547764804628,0.7796034846040938,4.07475536664327,7.86225510361018,0.0,0.0,0.0,11,33.32872103379833,41.19097613740851,True,0.8091267592838156,2021-02-01,MESA_OPEN_DATA_2026,https://data.mesaaz.gov/d/5zhe-5nig,dataset 5zhe-5nig; retrieved 2026-08-22,study-derived after declared sensor and completeness QA
2021-02-23,0.0,0.0,7.8455833660231695,9.065481540610392,11.980484780338076,0.5973451266686122,4.190355539321899,8.01870493988196,0.0,0.0,0.0,11,33.67925035296214,41.6979552928441,True,0.8076954880984759,2021-02-01,MESA_OPEN_DATA_2026,https://data.mesaaz.gov/d/5zhe-5nig,dataset 5zhe-5nig; retrieved 2026-08-22,study-derived after declared sensor and completeness QA
2021-02-24,0.0,0.0,7.897395799888505,8.728532079140734,11.37516699300872,0.6407125058273474,4.052772267659505,7.980250504668112,0.0,0.0,0.0,11,32.69457964552481,40.674830150192925,True,0.8038037165686784,2021-02-01,MESA_OPEN_DATA_2026,https://data.mesaaz.gov/d/5zhe-5nig,dataset 5zhe-5nig; retrieved 2026-08-22,study-derived after declared sensor and completeness QA
2021-02-25,0.0,0.0,7.772152874204847,8.502496411764511,11.127039206864689,0.6267088135138744,3.9913390620538474,7.708828616528599,0.0,0.0,0.0538930222314472,11,32.01973636840177,39.78245800716182,True,0.8048707388225592,2021-02-01,MESA_OPEN_DATA_2026,https://data.mesaaz.gov/d/5zhe-5nig,dataset 5zhe-5nig; retrieved 2026-08-22,study-derived after declared sensor and completeness QA
2021-02-26,0.0,0.0,4.948222366306517,8.097309886593786,10.891942874590557,0.6355830798339512,3.972105879336595,7.907720255244661,0.0,0.0,0.0001069791694775,11,28.545164086661405,36.452991321075544,True,0.7830678101349072,2021-02-01,MESA_OPEN_DATA_2026,https://data.mesaaz.gov/d/5zhe-5nig,dataset 5zhe-5nig; retrieved 2026-08-22,study-derived after declared sensor and completeness QA
2021-02-27,0.0,0.0,1.1448750615119934,9.037618345041668,10.762602645821042,0.6580411136771241,3.9719998836517334,7.7430529539783794,0.0,0.0,0.0,11,25.57513704970356,33.31819000368194,True,0.7676028333735203,2021-02-01,MESA_OPEN_DATA_2026,https://data.mesaaz.gov/d/5zhe-5nig,dataset 5zhe-5nig; retrieved 2026-08-22,study-derived after declared sensor and completeness QA
2021-02-28,0.0,0.0,0.0,9.331070572282798,10.96358593189054,1.1493667341665261,3.9742517957256895,7.408312876770894,0.0,0.0,0.0,11,25.418275034065555,32.82658791083645,True,0.7743197405440568,2021-02-01,MESA_OPEN_DATA_2026,https://data.mesaaz.gov/d/5zhe-5nig,dataset 5zhe-5nig; retrieved 2026-08-22,study-derived after declared sensor and completeness QA
2021-03-02,0.0,0.0,3.080388898319668,8.78720335484103,11.273382044853047,2.135741923171774,4.134533503159233,6.313800501878615,0.0,0.0,0.0,11,29.411249724344753,35.72505022622337,True,0.8232668544369443,2021-03-01,MESA_OPEN_DATA_2026,https://data.mesaaz.gov/d/5zhe-5nig,dataset 5zhe-5nig; retrieved 2026-08-22,study-derived after declared sensor and completeness QA
2021-03-03,0.0,0.0,3.2577708433071773,8.539601448307987,10.800073147542973,2.1080931973725905,4.011701007501157,6.307298670046859,0.0,0.0,0.0,11,28.717239644031885,35.02453831407875,True,0.8199177212990834,2021-03-01,MESA_OPEN_DATA_2026,https://data.mesaaz.gov/d/5zhe-5nig,dataset 5zhe-5nig; retrieved 2026-08-22,study-derived after declared sensor and completeness QA
2021-03-04,0.0,0.0,0.0,8.487981945718445,10.656838868653876,2.0246106343016983,3.9940944692175617,6.256264200641049,0.0,0.0,0.0747993374631429,11,25.163525917891583,31.494589455995776,True,0.7989793279588562,2021-03-01,MESA_OPEN_DATA_2026,https://data.mesaaz.gov/d/5zhe-5nig,dataset 5zhe-5nig; retrieved 2026-08-22,study-derived after declared sensor and completeness QA
2021-03-05,0.0,0.0,0.0,8.66897126968908,10.983698663777774,1.9529879584908485,4.03875003390842,6.229917542360447,0.0,0.0,0.000200665517197,11,25.644407925866123,31.874526133743768,True,0.8045424053761173,2021-03-01,MESA_OPEN_DATA_2026,https://data.mesaaz.gov/d/5zhe-5nig,dataset 5zhe-5nig; retrieved 2026-08-22,study-derived after declared sensor and completeness QA
2021-03-06,0.0,0.0,0.0,8.486930816000095,11.053127856513225,1.9816021237108443,3.963422281212277,6.270145244675654,0.0,0.0,0.001994649014496,11,25.48508307743644,31.757222971126588,True,0.8024972177386943,2021-03-01,MESA_OPEN_DATA_2026,https://data.mesaaz.gov/d/5zhe-5nig,dataset 5zhe-5nig; retrieved 2026-08-22,study-derived after declared sensor and completeness QA
2021-03-07,0.0,0.0,0.0,9.348407451769098,10.954332705338796,1.7627430773443646,3.963000059127808,6.53793665981955,0.0,0.0,0.0179571905854876,11,26.028483293580067,32.5843771439851,True,0.7988025420453613,2021-03-01,MESA_OPEN_DATA_2026,https://data.mesaaz.gov/d/5zhe-5nig,dataset 5zhe-5nig; retrieved 2026-08-22,study-derived after declared sensor and completeness QA
2021-03-08,0.0,0.0,0.0,10.09956238559888,11.317130806710985,1.79226322364476,4.054488718509674,6.743443224441122,0.0,0.0,4.81597201508e-05,11,27.2634451344643,34.00693651862557,True,0.8017024738330114,2021-03-01,MESA_OPEN_DATA_2026,https://data.mesaaz.gov/d/5zhe-5nig,dataset 5zhe-5nig; retrieved 2026-08-22,study-derived after declared sensor and completeness QA
2021-03-09,0.0,0.0,0.0,8.487109375960298,11.34271661655323,1.5842771302494738,4.0599721643659805,6.770594610604975,0.0,0.0,0.0,11,25.474075287128983,32.24466989773396,True,0.7900243782281429,2021-03-01,MESA_OPEN_DATA_2026,https://data.mesaaz.gov/d/5zhe-5nig,dataset 5zhe-5nig; retrieved 2026-08-22,study-derived after declared sensor and completeness QA
2021-03-10,0.0,0.0,0.0,8.995937557695088,10.94554814255756,1.4916854524777996,4.006300458656067,6.830596765931006,0.0,0.0,0.0,11,25.439471611386516,32.27006837731752,True,0.788330266733113,2021-03-01,MESA_OPEN_DATA_2026,https://data.mesaaz.gov/d/5zhe-5nig,dataset 5zhe-5nig; retrieved 2026-08-22,study-derived after declared sensor and completeness QA
2021-03-11,0.0,0.0,0.0,9.457993425022307,10.747746360134071,1.3635727735111935,3.9821356096651326,6.884182204637263,0.0,0.0,0.0,11,25.551448168332705,32.43563037296997,True,0.7877586430268932,2021-03-01,MESA_OPEN_DATA_2026,https://data.mesaaz.gov/d/5zhe-5nig,dataset 5zhe-5nig; retrieved 2026-08-22,study-derived after declared sensor and completeness QA
2021-03-12,0.0,0.0,0.0,8.80171213913295,10.80819778522077,1.3081666628519697,3.95515002899488,6.845916319997222,0.0,0.0,0.0,11,24.873226616200572,31.719142936197795,True,0.7841708291498418,2021-03-01,MESA_OPEN_DATA_2026,https://data.mesaaz.gov/d/5zhe-5nig,dataset 5zhe-5nig; retrieved 2026-08-22,study-derived after declared sensor and completeness QA
2021-03-13,0.0,0.0,0.0,10.165513584881468,10.683587658405305,1.4277083029349644,3.935111053784688,6.852105045042656,0.0,0.0,0.0,11,26.211920600006426,33.064025645049085,True,0.7927625293241123,2021-03-01,MESA_OPEN_DATA_2026,https://data.mesaaz.gov/d/5zhe-5nig,dataset 5zhe-5nig; retrieved 2026-08-22,study-derived after declared sensor and completeness QA
2021-03-14,0.0,0.0,0.0,11.668790749912786,10.651387524604797,1.274875005086263,3.8942278305689495,6.884405908043738,0.0,0.0,0.0,11,27.48928111017279,34.37368701821653,True,0.7997187236738582,2021-03-01,MESA_OPEN_DATA_2026,https://data.mesaaz.gov/d/5zhe-5nig,dataset 5zhe-5nig; retrieved 2026-08-22,study-derived after declared sensor and completeness QA
2021-03-15,0.0,0.0,0.0,11.850330813043811,11.102271436320413,1.6091542610691654,3.9407372420860662,6.920768264432748,0.0,0.0,0.0,11,28.502493752519456,35.42326201695221,True,0.804626455318521,2021-03-01,MESA_OPEN_DATA_2026,https://data.mesaaz.gov/d/5zhe-5nig,dataset 5zhe-5nig; retrieved 2026-08-22,study-derived after declared sensor and completeness QA
2021-03-16,0.0,0.0,0.0,12.245156327390848,11.4022647857666,1.7380375620391637,4.062318187124199,6.938972835408316,0.0,0.0,0.0,11,29.44777686232081,36.38674969772913,True,0.8092994594721558,2021-03-01,MESA_OPEN_DATA_2026,https://data.mesaaz.gov/d/5zhe-5nig,dataset 5zhe-5nig; retrieved 2026-08-22,study-derived after declared sensor and completeness QA
2021-03-17,0.0,0.0,0.0,11.94641799842318,11.259871041308568,1.7976209972467687,4.0252138459020195,6.975545276480692,0.0,0.0,0.0,11,29.029123882880537,36.00466915936123,True,0.8062599812928138,2021-03-01,MESA_OPEN_DATA_2026,https://data.mesaaz.gov/d/5zhe-5nig,dataset 5zhe-5nig; retrieved 2026-08-22,study-derived after declared sensor and completeness QA
2021-03-18,0.0,0.0,0.0,12.056904080990288,11.175078960590891,1.6687558888975116,4.007106220225493,6.902706418876295,0.0,0.0,0.0,11,28.907845150704183,35.810551569580475,True,0.8072437838477795,2021-03-01,MESA_OPEN_DATA_2026,https://data.mesaaz.gov/d/5zhe-5nig,dataset 5zhe-5nig; retrieved 2026-08-22,study-derived after declared sensor and completeness QA
2021-03-19,0.0,0.0,0.0,8.64370520683402,11.102905230720838,1.5930467675957414,3.978171106427908,7.0436764898123565,0.0,0.0,0.0,11,25.317828311578506,32.361504801390865,True,0.7823439752557604,2021-03-01,MESA_OPEN_DATA_2026,https://data.mesaaz.gov/d/5zhe-5nig,dataset 5zhe-5nig; retrieved 2026-08-22,study-derived after declared sensor and completeness QA
2021-03-20,0.0,0.0,0.0,8.329221942721418,10.888774686720636,1.4424791290464918,3.990923200878832,7.0264142823991955,0.0,1.8909272035100944,0.0,11,24.65139895936738,33.56874044527667,True,0.7343557915005413,2021-03-01,MESA_OPEN_DATA_2026,https://data.mesaaz.gov/d/5zhe-5nig,dataset 5zhe-5nig; retrieved 2026-08-22,study-derived after declared sensor and completeness QA
2021-03-21,0.0,0.0,0.0,8.29013454198682,10.969907703333432,2.270405827421281,3.969129961232345,6.203886470690909,0.0,4.6057304738710325,0.0,11,25.499578033973876,36.30919497853582,True,0.7022898207753697,2021-03-01,MESA_OPEN_DATA_2026,https://data.mesaaz.gov/d/5zhe-5nig,dataset 5zhe-5nig; retrieved 2026-08-22,study-derived after declared sensor and completeness QA
2021-03-22,0.0,0.0,0.0,8.85102794781103,11.329336093200578,1.7015527288119,4.048527237853713,6.834385271260032,0.0,4.726695224090859,0.0,11,25.93044400767722,37.49152450302812,True,0.6916348255079057,2021-03-01,MESA_OPEN_DATA_2026,https://data.mesaaz.gov/d/5zhe-5nig,dataset 5zhe-5nig; retrieved 2026-08-22,study-derived after declared sensor and completeness QA
2021-03-23,0.0,0.0,0.0,8.40366712902362,11.541282888225744,1.6587142267988788,4.135485898304384,6.811893399368309,0.0,4.826732587372815,0.0,11,25.739150142352628,37.37777612909375,True,0.6886217642659066,2021-03-01,MESA_OPEN_DATA_2026,https://data.mesaaz.gov/d/5zhe-5nig,dataset 5zhe-5nig; retrieved 2026-08-22,study-derived after declared sensor and completeness QA
2021-03-24,0.0,0.0,0.0,8.508505959968359,11.14821659730624,1.6694957919004891,4.225468214888636,6.9497065701158,0.0,4.690366606414318,0.0,11,25.551686564063722,37.19175974059384,True,0.6870254793610834,2021-03-01,MESA_OPEN_DATA_2026,https://data.mesaaz.gov/d/5zhe-5nig,dataset 5zhe-5nig; retrieved 2026-08-22,study-derived after declared sensor and completeness QA
2021-03-25,0.0,0.0,0.0,7.476879744403672,10.756098461318729,3.4297399759126863,4.198165403623982,5.534847259521484,0.0,4.967256135300354,0.0,11,25.860883585259067,36.362986980080905,True,0.7111869990060297,2021-03-01,MESA_OPEN_DATA_2026,https://data.mesaaz.gov/d/5zhe-5nig,dataset 5zhe-5nig; retrieved 2026-08-22,study-derived after declared sensor and completeness QA
2021-03-26,0.0,0.0,0.0,8.033703528227559,10.705592548282697,3.9601274475455286,4.147300878332721,5.598328353685361,0.0,4.585027517543899,0.0,11,26.846724402388507,37.03008027361777,True,0.7249977370833723,2021-03-01,MESA_OPEN_DATA_2026,https://data.mesaaz.gov/d/5zhe-5nig,dataset 5zhe-5nig; retrieved 2026-08-22,study-derived after declared sensor and completeness QA
2021-03-27,0.0,0.0,0.0,7.660546065394775,10.768177829517258,2.9904003736045626,4.150976410673724,5.483448374768098,0.0,3.876896958246275,0.2702749264857697,11,25.57010067919032,35.20072093869046,True,0.7264084370239486,2021-03-01,MESA_OPEN_DATA_2026,https://data.mesaaz.gov/d/5zhe-5nig,dataset 5zhe-5nig; retrieved 2026-08-22,study-derived after declared sensor and completeness QA
2021-03-28,0.0,0.0,0.0,8.498794096754628,11.352386432554988,2.744872316552533,4.128136346406407,5.539856396394748,0.0,4.054518231583966,0.6499833175740032,11,26.724189192268557,36.96854713782128,True,0.7228898959063483,2021-03-01,MESA_OPEN_DATA_2026,https://data.mesaaz.gov/d/5zhe-5nig,dataset 5zhe-5nig; retrieved 2026-08-22,study-derived after declared sensor and completeness QA
2021-03-29,0.0,0.0,0.0,8.567852705421101,11.17343421611521,2.918968761712313,4.336752945515845,5.435784946106098,0.0,4.689298340788594,0.001741776681781,11,26.99700862876447,37.123833692340945,True,0.7272149975807657,2021-03-01,MESA_OPEN_DATA_2026,https://data.mesaaz.gov/d/5zhe-5nig,dataset 5zhe-5nig; retrieved 2026-08-22,study-derived after declared sensor and completeness QA
2021-03-30,0.0,0.0,0.0,8.499629709510083,11.21738468725129,3.6636647149920463,4.372792330549823,4.8094874591739085,0.0,4.777767106228405,0.0,11,27.753471442303237,37.34072600770555,True,0.7432493796873711,2021-03-01,MESA_OPEN_DATA_2026,https://data.mesaaz.gov/d/5zhe-5nig,dataset 5zhe-5nig; retrieved 2026-08-22,study-derived after declared sensor and completeness QA
2021-03-31,0.0,0.0,0.0,8.7095986683583,9.829920382183673,2.12255231901042,7.113727575483491,4.387353586709057,0.0,3.189513276186254,0.0,11,27.775798945035884,35.352665807931196,True,0.7856776373227424,2021-03-01,MESA_OPEN_DATA_2026,https://data.mesaaz.gov/d/5zhe-5nig,dataset 5zhe-5nig; retrieved 2026-08-22,study-derived after declared sensor and completeness QA
2021-04-02,0.0,0.0,0.0,11.057125474610991,9.632181846838204,2.2966140313009227,7.241562673449517,4.540758004398258,0.0,0.0047571103330011,0.0089759197524809,11,30.227484026199633,34.78197506068337,True,0.8690559973509953,2021-04-01,MESA_OPEN_DATA_2026,https://data.mesaaz.gov/d/5zhe-5nig,dataset 5zhe-5nig; retrieved 2026-08-22,study-derived after declared sensor and completeness QA
2021-04-03,0.0,0.0,0.0,10.617059954189592,9.378417358795804,1.6293728941016727,7.051061301761203,4.511923695659196,0.0,0.0,2.40798600754e-05,11,28.675911508848273,33.18785928436755,True,0.8640482431584693,2021-04-01,MESA_OPEN_DATA_2026,https://data.mesaaz.gov/d/5zhe-5nig,dataset 5zhe-5nig; retrieved 2026-08-22,study-derived after declared sensor and completeness QA
2021-04-04,0.0,0.0,0.0,10.477478926112342,9.524007661475077,1.674653445680936,7.205133186446296,4.596590897385721,0.0,0.0,0.0,11,28.88127321971465,33.477864117100374,True,0.8626976057580148,2021-04-01,MESA_OPEN_DATA_2026,https://data.mesaaz.gov/d/5zhe-5nig,dataset 5zhe-5nig; retrieved 2026-08-22,study-derived after declared sensor and completeness QA
2021-04-05,0.0,0.0,0.0,9.690158678178818,9.969076071182888,1.6894917203320396,7.305375230312348,4.478709504615377,0.0,0.0,0.0,11,28.654101700006095,33.132811204621476,True,0.8648255508125832,2021-04-01,MESA_OPEN_DATA_2026,https://data.mesaaz.gov/d/5zhe-5nig,dataset 5zhe-5nig; retrieved 2026-08-22,study-derived after declared sensor and completeness QA
2021-04-06,0.0,0.0,0.0,8.49967829985169,9.946388952649642,1.5750833859874145,7.465111192067464,4.50568858070506,4.6441429034923205,0.8567017381389935,0.0099732443758208,11,27.48626183055621,37.50276829726841,True,0.7329128775957114,2021-04-01,MESA_OPEN_DATA_2026,https://data.mesaaz.gov/d/5zhe-5nig,dataset 5zhe-5nig; retrieved 2026-08-22,study-derived after declared sensor and completeness QA
2021-04-07,0.0,0.0,0.0,8.685426869175766,9.746620027063903,1.9137923825118277,7.558483348952399,4.4251981029907865,12.44342457115288,0.0022982890389997,2.67554006347e-05,11,27.9043226277039,44.77527034628719,True,0.6232083561281668,2021-04-01,MESA_OPEN_DATA_2026,https://data.mesaaz.gov/d/5zhe-5nig,dataset 5zhe-5nig; retrieved 2026-08-22,study-derived after declared sensor and completeness QA
2021-04-08,0.0,0.0,0.0,8.491435792981767,9.519965368362229,1.9251697533812553,7.534156496689066,4.552384775269915,0.0427293715516587,0.0,0.0,11,27.470727411414316,32.06584155823589,True,0.8566975347122505,2021-04-01,MESA_OPEN_DATA_2026,https://data.mesaaz.gov/d/5zhe-5nig,dataset 5zhe-5nig; retrieved 2026-08-22,study-derived after declared sensor and completeness QA
2021-04-09,0.0,0.0,0.0,8.495274063426056,9.459780094643827,1.6185555718011326,7.537977883550856,4.507815544914316,0.0,0.0,0.0,11,27.11158761342187,31.619403158336187,True,0.8574351475788098,2021-04-01,MESA_OPEN_DATA_2026,https://data.mesaaz.gov/d/5zhe-5nig,dataset 5zhe-5nig; retrieved 2026-08-22,study-derived after declared sensor and completeness QA
2021-04-10,0.0,0.0,0.0,8.843749897666523,9.4570262536479,1.6768180534108963,7.566837682584825,4.503008386492729,0.0,0.0,0.0,11,27.544431887310147,32.04744027380288,True,0.8594892962426798,2021-04-01,MESA_OPEN_DATA_2026,https://data.mesaaz.gov/d/5zhe-5nig,dataset 5zhe-5nig; retrieved 2026-08-22,study-derived after declared sensor and completeness QA
2021-04-11,0.0,0.0,0.0,9.226769789037936,9.43035748567846,1.7345834243214793,7.6087654127015005,4.474685050602313,0.0,0.0,0.0,11,28.000476111739374,32.475161162341685,True,0.8622120756157733,2021-04-01,MESA_OPEN_DATA_2026,https://data.mesaaz.gov/d/5zhe-5nig,dataset 5zhe-5nig; retrieved 2026-08-22,study-derived after declared sensor and completeness QA
2021-04-12,0.0,0.0,0.0,8.814187589890013,9.639722074175882,1.629536592223671,7.742128002518305,4.423545483692928,0.0,0.0,0.0,11,27.825574258807876,32.2491197425008,True,0.8628320549827851,2021-04-01,MESA_OPEN_DATA_2026,https://data.mesaaz.gov/d/5zhe-5nig,dataset 5zhe-5nig; retrieved 2026-08-22,study-derived after declared sensor and completeness QA
2021-04-13,0.0,0.0,0.0,8.989481945366219,9.405377707034187,1.6833437706111245,8.000547435299438,4.472625749420237,0.0,0.0,0.0,11,28.07875085831097,32.55137660773121,True,0.8625979538955058,2021-04-01,MESA_OPEN_DATA_2026,https://data.mesaaz.gov/d/5zhe-5nig,dataset 5zhe-5nig; retrieved 2026-08-22,study-derived after declared sensor and completeness QA
2021-04-14,0.0,0.0,0.0,9.028797080356766,9.28172866722872,1.779788296927446,8.054685707531828,4.474634343551265,0.0,0.0,0.0967404754616803,11,28.14499975204476,32.716374571057706,True,0.860272573628712,2021-04-01,MESA_OPEN_DATA_2026,https://data.mesaaz.gov/d/5zhe-5nig,dataset 5zhe-5nig; retrieved 2026-08-22,study-derived after declared sensor and completeness QA
2021-04-15,0.0,0.0,0.0,8.490189296310872,8.969425578969357,1.8060496937069628,7.978454994608579,4.513161376449797,0.0,0.0,0.0451391298772284,11,27.244119563595774,31.8024200699228,True,0.8566681247431843,2021-04-01,MESA_OPEN_DATA_2026,https://data.mesaaz.gov/d/5zhe-5nig,dataset 5zhe-5nig; retrieved 2026-08-22,study-derived after declared sensor and completeness QA
2021-04-16,0.0,0.0,0.0,8.494582350216623,8.95809577092403,1.6107552082588277,8.14997884316577,4.553987096139679,0.0,0.0,0.0001203993103613,11,27.21341217256525,31.76751966801529,True,0.8566426481185031,2021-04-01,MESA_OPEN_DATA_2026,https://data.mesaaz.gov/d/5zhe-5nig,dataset 5zhe-5nig; retrieved 2026-08-22,study-derived after declared sensor and completeness QA
2021-04-17,0.0,0.0,0.0,8.50172799117391,8.966878135005633,1.594341649239262,8.187781324320369,4.447740061912271,0.0,0.0,0.0,11,27.250729099739175,31.698469161651445,True,0.8596859665610252,2021-04-01,MESA_OPEN_DATA_2026,https://data.mesaaz.gov/d/5zhe-5nig,dataset 5zhe-5nig; retrieved 2026-08-22,study-derived after declared sensor and completeness QA
2021-04-18,0.0,0.0,0.0,8.538221991956815,8.969959638516109,1.5088010363280773,8.044849672251278,4.471246897843149,0.0,0.0,0.0,11,27.06183233905228,31.53307923689543,True,0.8582045583226282,2021-04-01,MESA_OPEN_DATA_2026,https://data.mesaaz.gov/d/5zhe-5nig,dataset 5zhe-5nig; retrieved 2026-08-22,study-derived after declared sensor and completeness QA
2021-04-19,0.0,0.0,0.0,8.835116291586752,9.191952827572823,1.5815833696474633,8.17522047493193,4.3094470120690485,0.0,0.0,0.0,11,27.783872963738972,32.09331997580802,True,0.8657213708236631,2021-04-01,MESA_OPEN_DATA_2026,https://data.mesaaz.gov/d/5zhe-5nig,dataset 5zhe-5nig; retrieved 2026-08-22,study-derived after declared sensor and completeness QA
2021-04-20,0.0,0.0,0.0,8.632461680023482,9.327133366788187,1.5993555955357206,8.367859212792437,4.358685882113598,0.0,0.0,0.0,11,27.92680985513983,32.28549573725343,True,0.8649955411065837,2021-04-01,MESA_OPEN_DATA_2026,https://data.mesaaz.gov/d/5zhe-5nig,dataset 5zhe-5nig; retrieved 2026-08-22,study-derived after declared sensor and completeness QA
2021-04-21,0.0,0.0,0.0,8.932944393344913,9.049944143452077,1.7246097753687604,8.194043807025066,4.417664884858661,0.0,0.0,0.0,11,27.90154211919082,32.31920700404948,True,0.8633114703493454,2021-04-01,MESA_OPEN_DATA_2026,https://data.mesaaz.gov/d/5zhe-5nig,dataset 5zhe-5nig; retrieved 2026-08-22,study-derived after declared sensor and completeness QA
2021-04-22,0.0,0.0,0.0,8.483101284810878,9.045014288299503,1.6245766102705166,7.707909362066614,4.467402637004852,0.0,0.0,0.0,11,26.860601545447516,31.328004182452368,True,0.8573990666310253,2021-04-01,MESA_OPEN_DATA_2026,https://data.mesaaz.gov/d/5zhe-5nig,dataset 5zhe-5nig; retrieved 2026-08-22,study-derived after declared sensor and completeness QA
2021-04-23,0.0,0.0,0.0,8.505604166406297,9.310117005243807,1.6314980735765403,7.60162358854858,4.388572792212169,0.0,0.0,0.0,11,27.048842833775225,31.437415625987395,True,0.8604028764824929,2021-04-01,MESA_OPEN_DATA_2026,https://data.mesaaz.gov/d/5zhe-5nig,dataset 5zhe-5nig; retrieved 2026-08-22,study-derived after declared sensor and completeness QA
2021-04-24,0.0,0.0,0.0,8.493933083674627,9.35249610160019,1.682772594359186,7.356454948584239,4.3953003485997515,0.0,0.0,0.0,11,26.88565672821824,31.28095707681799,True,0.8594895821823475,2021-04-01,MESA_OPEN_DATA_2026,https://data.mesaaz.gov/d/5zhe-5nig,dataset 5zhe-5nig; retrieved 2026-08-22,study-derived after declared sensor and completeness QA
2021-04-25,0.0,0.0,0.0,8.63951024296937,9.244594352865107,1.7031030594048235,7.304340166466258,4.458009600639343,0.0,0.0,0.0,11,26.89154782170556,31.349557422344905,True,0.8577967292941168,2021-04-01,MESA_OPEN_DATA_2026,https://data.mesaaz.gov/d/5zhe-5nig,dataset 5zhe-5nig; retrieved 2026-08-22,study-derived after declared sensor and completeness QA
2021-04-26,0.0,0.0,0.0,8.98345792684773,9.18870887292756,1.6685562796890736,7.555495042933358,4.360414783159892,0.0,0.0,0.0,11,27.396218122397723,31.756632905557616,True,0.862692786224298,2021-04-01,MESA_OPEN_DATA_2026,https://data.mesaaz.gov/d/5zhe-5nig,dataset 5zhe-5nig; retrieved 2026-08-22,study-derived after declared sensor and completeness QA
2021-04-27,0.0,0.0,0.0,9.173481628475368,9.28667910096485,1.7177014161885271,7.800507808045226,4.436823546886444,0.0,0.0,0.0,11,27.97836995367397,32.41519350056041,True,0.8631251870574291,2021-04-01,MESA_OPEN_DATA_2026,https://data.mesaaz.gov/d/5zhe-5nig,dataset 5zhe-5nig; retrieved 2026-08-22,study-derived after declared sensor and completeness QA
2021-04-28,0.0,0.0,0.0,8.486927488085207,9.176491161849764,1.7697971805102295,7.933175015449524,4.372903108596802,0.0,0.0,0.0,11,27.366390845894724,31.739293954491526,True,0.8622243105071347,2021-04-01,MESA_OPEN_DATA_2026,https://data.mesaaz.gov/d/5zhe-5nig,dataset 5zhe-5nig; retrieved 2026-08-22,study-derived after declared sensor and completeness QA
2021-04-29,0.0,0.0,0.0,8.528858393836492,9.112866597651744,1.5272995948618986,7.975726316703211,4.396177073319753,0.0,0.0,0.0,11,27.144750903053342,31.540927976373094,True,0.8606199197242113,2021-04-01,MESA_OPEN_DATA_2026,https://data.mesaaz.gov/d/5zhe-5nig,dataset 5zhe-5nig; retrieved 2026-08-22,study-derived after declared sensor and completeness QA
2021-04-30,0.0,0.0,0.0,4.865868888546732,8.99851100954523,1.5799212514652743,7.974850795764055,4.3988978266716,10.324746880074963,0.0,0.0,11,23.41915194532129,38.14279665206785,True,0.6139862307147228,2021-04-01,MESA_OPEN_DATA_2026,https://data.mesaaz.gov/d/5zhe-5nig,dataset 5zhe-5nig; retrieved 2026-08-22,study-derived after declared sensor and completeness QA
2021-05-02,0.0,0.0,0.0,8.498240622119262,8.75570180217425,1.6207035199635558,7.972325122356414,4.480052689711253,0.0705055532045662,0.0,0.0,11,26.846971066613484,31.397529309529304,True,0.8550663589464441,2021-05-01,MESA_OPEN_DATA_2026,https://data.mesaaz.gov/d/5zhe-5nig,dataset 5zhe-5nig; retrieved 2026-08-22,study-derived after declared sensor and completeness QA
2021-05-03,0.0,0.0,0.0,9.39349045093249,8.917809793684217,1.6526021275255416,8.142925053834915,4.380330363909404,0.0,0.0,0.0,11,28.106827425977162,32.48715778988657,True,0.8651673257402337,2021-05-01,MESA_OPEN_DATA_2026,https://data.mesaaz.gov/d/5zhe-5nig,dataset 5zhe-5nig; retrieved 2026-08-22,study-derived after declared sensor and completeness QA
2021-05-04,0.0,0.0,0.0,8.932688457019976,9.119334467252097,1.6559152969883548,8.27517502307892,4.482097228368123,0.0,0.0,0.0,11,27.983113244339346,32.46521047270747,True,0.8619415317779601,2021-05-01,MESA_OPEN_DATA_2026,https://data.mesaaz.gov/d/5zhe-5nig,dataset 5zhe-5nig; retrieved 2026-08-22,study-derived after declared sensor and completeness QA
2021-05-05,0.0,0.0,0.0,8.689758091704162,9.075621025748877,1.6540853872962995,8.143832347040592,4.50909823179245,0.0,0.0,0.0,11,27.56329685178993,32.07239508358238,True,0.859408746367663,2021-05-01,MESA_OPEN_DATA_2026,https://data.mesaaz.gov/d/5zhe-5nig,dataset 5zhe-5nig; retrieved 2026-08-22,study-derived after declared sensor and completeness QA
2021-05-06,0.0,0.0,0.0,8.486168057187633,8.846891372402508,1.6856244636492597,7.860780133141412,4.43730354309082,0.0,0.0,0.0,11,26.879464026380813,31.316767569471633,True,0.8583090182201175,2021-05-01,MESA_OPEN_DATA_2026,https://data.mesaaz.gov/d/5zhe-5nig,dataset 5zhe-5nig; retrieved 2026-08-22,study-derived after declared sensor and completeness QA
2021-05-07,0.0,0.0,0.0,8.499519231137626,8.753154660001771,1.6306262544936767,7.861981135390927,4.483715832233429,0.0,0.0,0.0,11,26.745281281024,31.228997113257428,True,0.8564245974351195,2021-05-01,MESA_OPEN_DATA_2026,https://data.mesaaz.gov/d/5zhe-5nig,dataset 5zhe-5nig; retrieved 2026-08-22,study-derived after declared sensor and completeness QA
2021-05-08,0.0,0.0,0.0,8.386982640558164,8.786561596724722,1.6449999809265137,7.899761934909556,4.448381125926971,0.0,0.0,0.0,11,26.718306153118956,31.166687279045927,True,0.8572712882155519,2021-05-01,MESA_OPEN_DATA_2026,https://data.mesaaz.gov/d/5zhe-5nig,dataset 5zhe-5nig; retrieved 2026-08-22,study-derived after declared sensor and completeness QA
2021-05-09,0.0,0.0,0.0,8.519396527125327,8.823484533362919,1.8261151472313537,7.695297998521063,4.49777489900589,0.0,0.0,0.0,11,26.86429420624066,31.36206910524655,True,0.8565855178779177,2021-05-01,MESA_OPEN_DATA_2026,https://data.mesaaz.gov/d/5zhe-5nig,dataset 5zhe-5nig; retrieved 2026-08-22,study-derived after declared sensor and completeness QA
2021-05-10,0.0,0.0,0.0,8.782904166703423,8.904856506321165,1.5485201513187752,8.000958879236054,4.359316805998485,0.0,0.0,0.0,11,27.23723970357942,31.596556509577905,True,0.8620319019676388,2021-05-01,MESA_OPEN_DATA_2026,https://data.mesaaz.gov/d/5zhe-5nig,dataset 5zhe-5nig; retrieved 2026-08-22,study-derived after declared sensor and completeness QA
2021-05-11,0.0,0.0,0.0,8.70192112409958,8.919804210324024,1.5675751048799818,7.946360524838451,4.346084972222646,0.0,0.0,0.0,11,27.135660964142037,31.481745936364682,True,0.8619490487913992,2021-05-01,MESA_OPEN_DATA_2026,https://data.mesaaz.gov/d/5zhe-5nig,dataset 5zhe-5nig; retrieved 2026-08-22,study-derived after declared sensor and completeness QA
2021-05-12,0.0,0.0,0.0,8.84034481973008,8.934786576057508,1.8751119640756029,7.946000099182129,4.322191894054413,0.0,0.0,0.1096180549615787,11,27.596243459045322,32.02805340806131,True,0.861627246197219,2021-05-01,MESA_OPEN_DATA_2026,https://data.mesaaz.gov/d/5zhe-5nig,dataset 5zhe-5nig; retrieved 2026-08-22,study-derived after declared sensor and completeness QA
2021-05-13,0.0,0.0,0.0,8.485701851181231,10.104092781334826,2.951406510132882,4.4313896938422195,5.058781107266744,0.0,0.0,0.0003819444423748,11,25.972590836491158,31.031753888200274,True,0.8369681884583118,2021-05-01,MESA_OPEN_DATA_2026,https://data.mesaaz.gov/d/5zhe-5nig,dataset 5zhe-5nig; retrieved 2026-08-22,study-derived after declared sensor and completeness QA
2021-05-14,0.0,0.0,0.0,8.505063122246431,10.516275730305727,2.5697803176939487,3.6023539496926156,4.203456004460652,0.0,0.0,0.0,11,25.193473119938723,29.396929124399374,True,0.8570103704821401,2021-05-01,MESA_OPEN_DATA_2026,https://data.mesaaz.gov/d/5zhe-5nig,dataset 5zhe-5nig; retrieved 2026-08-22,study-derived after declared sensor and completeness QA
2021-05-15,0.0,0.0,0.0,8.491593633336047,10.396808441811135,2.8182780568798385,3.61388792792956,5.93502140045166,0.0,0.0,0.0,11,25.32056805995658,31.255589460408242,True,0.8101132788434654,2021-05-01,MESA_OPEN_DATA_2026,https://data.mesaaz.gov/d/5zhe-5nig,dataset 5zhe-5nig; retrieved 2026-08-22,study-derived after declared sensor and completeness QA
2021-05-16,0.0,0.0,0.0,8.578190276909757,10.26389349202315,2.994773697439167,3.5822111287050777,5.790759285291036,0.0,0.0,0.0,11,25.419068595077157,31.20982788036819,True,0.8144571861309887,2021-05-01,MESA_OPEN_DATA_2026,https://data.mesaaz.gov/d/5zhe-5nig,dataset 5zhe-5nig; retrieved 2026-08-22,study-derived after declared sensor and completeness QA
2021-05-17,0.0,0.0,0.0,8.659617421273833,10.462110221054818,2.423376394642724,3.5700791004631256,6.321897745132446,0.0,0.0,0.0,11,25.1151831374345,31.437080882566946,True,0.7989031561566463,2021-05-01,MESA_OPEN_DATA_2026,https://data.mesaaz.gov/d/5zhe-5nig,dataset 5zhe-5nig; retrieved 2026-08-22,study-derived after declared sensor and completeness QA
2021-05-18,0.0,0.0,0.0,8.49076244291539,10.59314957095517,2.6164207639793555,3.616690032432477,6.358181655406952,0.0,0.0,0.0,11,25.317022810282392,31.675204465689344,True,0.7992694360570222,2021-05-01,MESA_OPEN_DATA_2026,https://data.mesaaz.gov/d/5zhe-5nig,dataset 5zhe-5nig; retrieved 2026-08-22,study-derived after declared sensor and completeness QA
2021-05-19,0.0,0.0,0.0,8.590049568084586,10.488537962569133,2.9124377984967498,3.617993433773518,6.32350879907608,0.0,0.0,0.0,11,25.609018762923988,31.932527562000068,True,0.801972806981897,2021-05-01,MESA_OPEN_DATA_2026,https://data.mesaaz.gov/d/5zhe-5nig,dataset 5zhe-5nig; retrieved 2026-08-22,study-derived after declared sensor and completeness QA
2021-05-20,0.0,0.0,0.0,9.038683860170451,10.296755547981103,2.6395445474331503,3.5812452131878425,6.129138986269633,0.0,0.0,0.0,11,25.556229168772546,31.68536815504218,True,0.8065624815757652,2021-05-01,MESA_OPEN_DATA_2026,https://data.mesaaz.gov/d/5zhe-5nig,dataset 5zhe-5nig; retrieved 2026-08-22,study-derived after declared sensor and completeness QA
2021-05-21,0.0,0.0,0.0,8.557893236957552,10.269356529580222,2.817634609838327,3.5502051846848595,6.078628579775493,0.0,0.0,0.0,11,25.19508956106096,31.273718140836454,True,0.80563140742008,2021-05-01,MESA_OPEN_DATA_2026,https://data.mesaaz.gov/d/5zhe-5nig,dataset 5zhe-5nig; retrieved 2026-08-22,study-derived after declared sensor and completeness QA
2021-05-22,3.249635249376297,0.0,0.0,8.539961899166816,10.275900208618904,1.982034678839975,3.542047462115685,3.9040540854136143,0.0,0.0,0.0189340271689515,11,27.589579498117676,31.512567610700245,True,0.8755103626893767,2021-05-01,MESA_OPEN_DATA_2026,https://data.mesaaz.gov/d/5zhe-5nig,dataset 5zhe-5nig; retrieved 2026-08-22,study-derived after declared sensor and completeness QA
2021-05-23,7.431255549192429,0.0,0.0,8.496866415782565,10.244467095534008,1.7716674190428523,3.553919971320364,0.1681468258999909,0.0,0.0,6.59722201008e-05,11,31.49817645087222,31.66638924899231,True,0.9946879703651264,2021-05-01,MESA_OPEN_DATA_2026,https://data.mesaaz.gov/d/5zhe-5nig,dataset 5zhe-5nig; retrieved 2026-08-22,study-derived after declared sensor and completeness QA
2021-05-24,7.568865319093068,0.0,0.0,8.506701444809366,10.428325708707174,1.6289329611592822,3.5192331831488346,0.0077317288766304,0.0,0.0,0.0,11,31.652058616917724,31.659790345794356,True,0.9997557871106478,2021-05-01,MESA_OPEN_DATA_2026,https://data.mesaaz.gov/d/5zhe-5nig,dataset 5zhe-5nig; retrieved 2026-08-22,study-derived after declared sensor and completeness QA
2021-05-25,7.48011193672816,0.0,0.0,8.56367910741104,10.513679974807236,1.6469409751395383,3.5259556881060994,0.0064006723890391,0.0,0.0,0.0,11,31.730367682192075,31.736768354581113,True,0.9997983199701518,2021-05-01,MESA_OPEN_DATA_2026,https://data.mesaaz.gov/d/5zhe-5nig,dataset 5zhe-5nig; retrieved 2026-08-22,study-derived after declared sensor and completeness QA
2021-05-26,7.500231365362803,0.0,0.0,8.486445543212056,10.28253099186214,2.03297078775035,3.574653267607314,0.0054326405515894,0.0,0.0,0.0,11,31.876831955794668,31.882264596346257,True,0.999829603052971,2021-05-01,MESA_OPEN_DATA_2026,https://data.mesaaz.gov/d/5zhe-5nig,dataset 5zhe-5nig; retrieved 2026-08-22,study-derived after declared sensor and completeness QA
2021-05-27,7.5780255595843,0.0,0.0,8.529684716315705,10.035670306191204,1.7713570620928163,3.5511526063352856,0.0041611264265763,0.0,0.0,0.0,11,31.46589025051931,31.470051376945886,True,0.9998677750354857,2021-05-01,MESA_OPEN_DATA_2026,https://data.mesaaz.gov/d/5zhe-5nig,dataset 5zhe-5nig; retrieved 2026-08-22,study-derived after declared sensor and completeness QA
2021-05-28,7.685946007569631,0.0,0.0,8.52593223345938,9.970941008170906,1.6670666524105602,3.535100926371182,0.0040034309301214,0.0,0.0,0.0,11,31.38498682798166,31.388990258911782,True,0.9998724574796098,2021-05-01,MESA_OPEN_DATA_2026,https://data.mesaaz.gov/d/5zhe-5nig,dataset 5zhe-5nig; retrieved 2026-08-22,study-derived after declared sensor and completeness QA
2021-05-29,7.3810529311498,0.0,0.0,8.500856029333146,10.0035038848718,1.9483763554857836,3.502206343412399,0.003908149015236,0.0,0.0,0.0,11,31.335995544252928,31.339903693268162,True,0.9998752979889955,2021-05-01,MESA_OPEN_DATA_2026,https://data.mesaaz.gov/d/5zhe-5nig,dataset 5zhe-5nig; retrieved 2026-08-22,study-derived after declared sensor and completeness QA
2021-05-30,7.341564575831096,0.0,0.0,8.496901448223195,10.020751988887788,1.915991003645791,3.5685812562704085,0.0039063543760372,0.0,0.0,0.0,11,31.34379027285828,31.347696627234317,True,0.9998753862389799,2021-05-01,MESA_OPEN_DATA_2026,https://data.mesaaz.gov/d/5zhe-5nig,dataset 5zhe-5nig; retrieved 2026-08-22,study-derived after declared sensor and completeness QA
2021-05-31,7.168095072110494,0.0,0.0,8.663371766923149,9.874592648943265,1.8201551842606731,3.5521093018352987,0.003907521648216,0.0,0.0,0.0,11,31.07832397407288,31.082231495721096,True,0.9998742843914294,2021-05-01,MESA_OPEN_DATA_2026,https://data.mesaaz.gov/d/5zhe-5nig,dataset 5zhe-5nig; retrieved 2026-08-22,study-derived after declared sensor and completeness QA
2021-06-02,7.064208169778188,0.0,0.0,8.30650167342687,10.245781899824925,2.2574582546949387,3.667162482440472,0.0038495270709972,0.0,0.0,0.0,11,31.541112480165392,31.54496200723639,True,0.9998779669771004,2021-06-01,MESA_OPEN_DATA_2026,https://data.mesaaz.gov/d/5zhe-5nig,dataset 5zhe-5nig; retrieved 2026-08-22,study-derived after declared sensor and completeness QA
2021-06-03,7.359323183695476,0.0,0.0,8.652620115898273,10.194824599887436,2.013768050055938,3.6203021826475297,0.0038663811186173,0.0,0.0,0.0,11,31.84083813218465,31.844704513303267,True,0.9998785863716524,2021-06-01,MESA_OPEN_DATA_2026,https://data.mesaaz.gov/d/5zhe-5nig,dataset 5zhe-5nig; retrieved 2026-08-22,study-derived after declared sensor and completeness QA
2021-06-04,7.289769808451335,0.0,0.0,8.487156250767725,10.127938281561253,2.0882429726056686,3.5842523223309204,0.0039093534675582,0.0,0.0,0.0,11,31.577359635716903,31.581268989184462,True,0.999876212907439,2021-06-01,MESA_OPEN_DATA_2026,https://data.mesaaz.gov/d/5zhe-5nig,dataset 5zhe-5nig; retrieved 2026-08-22,study-derived after declared sensor and completeness QA
2021-06-05,7.246391216913859,0.0,0.0,8.502003936104527,9.901190487355969,1.925376858893368,3.604853457212448,0.0039364295468355,0.0,0.0,0.0,11,31.179815956480173,31.18375238602701,True,0.9998737666494363,2021-06-01,MESA_OPEN_DATA_2026,https://data.mesaaz.gov/d/5zhe-5nig,dataset 5zhe-5nig; retrieved 2026-08-22,study-derived after declared sensor and completeness QA
2021-06-06,7.353711485862732,0.0,0.0,8.499625347579153,9.820100202825332,2.0903687967194453,3.5672387323445744,0.0039827428990975,0.0,0.0,0.0,11,31.331044565331236,31.335027308230334,True,0.9998728980555874,2021-06-01,MESA_OPEN_DATA_2026,https://data.mesaaz.gov/d/5zhe-5nig,dataset 5zhe-5nig; retrieved 2026-08-22,study-derived after declared sensor and completeness QA
2021-06-07,7.278093894322713,0.0,0.0,8.500764235002636,10.031088936328889,1.9065416706105072,3.5818906414012113,0.0039641679613851,0.0,0.0,0.0,11,31.29837937766596,31.302343545627345,True,0.9998733587485037,2021-06-01,MESA_OPEN_DATA_2026,https://data.mesaaz.gov/d/5zhe-5nig,dataset 5zhe-5nig; retrieved 2026-08-22,study-derived after declared sensor and completeness QA
2021-06-08,7.230868558088939,0.0,0.0,8.589939371105036,10.106934501213974,1.9410780858248473,3.571080306917429,0.0039331519704622,0.0,0.0,0.0906208314932882,11,31.43990082315023,31.53445480661398,True,0.997001565936573,2021-06-01,MESA_OPEN_DATA_2026,https://data.mesaaz.gov/d/5zhe-5nig,dataset 5zhe-5nig; retrieved 2026-08-22,study-derived after declared sensor and completeness QA
2021-06-09,7.298805753389995,0.0,0.0,8.498123588761858,9.968973802305005,2.147958859260189,3.643516778447487,0.0039254442672245,0.0,0.0,0.113904166718324,11,31.557378782164534,31.675208393150083,True,0.9962800683258952,2021-06-01,MESA_OPEN_DATA_2026,https://data.mesaaz.gov/d/5zhe-5nig,dataset 5zhe-5nig; retrieved 2026-08-22,study-derived after declared sensor and completeness QA
2021-06-10,7.2352312207221985,0.0,0.0,9.047995755464804,9.87036348171479,2.1043204332661594,3.640026493453317,0.0041736282291822,0.0,0.0,0.0004750000002483,11,31.89793738462127,31.902586012850698,True,0.999854286789555,2021-06-01,MESA_OPEN_DATA_2026,https://data.mesaaz.gov/d/5zhe-5nig,dataset 5zhe-5nig; retrieved 2026-08-22,study-derived after declared sensor and completeness QA
2021-06-11,7.3573640783627825,0.0,0.0,8.474952051744417,9.918318340613409,2.021614401472751,3.6479471881328314,0.0038727694094025,0.0,0.0,0.0,11,31.420196060326187,31.42406882973559,True,0.9998767578625676,2021-06-01,MESA_OPEN_DATA_2026,https://data.mesaaz.gov/d/5zhe-5nig,dataset 5zhe-5nig; retrieved 2026-08-22,study-derived after declared sensor and completeness QA
2021-06-12,7.379495481650035,0.0,0.0,8.497139020402122,9.83416637923356,1.9356132290015615,3.6420395435558426,0.0038435645983554,0.0,0.0,0.0,11,31.288453653843117,31.292297218441472,True,0.9998771721816546,2021-06-01,MESA_OPEN_DATA_2026,https://data.mesaaz.gov/d/5zhe-5nig,dataset 5zhe-5nig; retrieved 2026-08-22,study-derived after declared sensor and completeness QA
2021-06-13,7.352626383304596,0.0,0.0,8.68562187390195,9.855688491463662,1.999059119034145,3.6499473166962466,0.0038837061632269,0.0,0.0,0.0,11,31.542943184400595,31.54682689056382,True,0.9998768907511143,2021-06-01,MESA_OPEN_DATA_2026,https://data.mesaaz.gov/d/5zhe-5nig,dataset 5zhe-5nig; retrieved 2026-08-22,study-derived after declared sensor and completeness QA
2021-06-14,7.245764938935085,0.0,0.0,8.762041812478392,10.009887582063676,1.7912430074065924,3.6470198661916786,0.0039067799658234,0.0,0.0,0.0,11,31.45595720707542,31.459863987041246,True,0.9998758170102886,2021-06-01,MESA_OPEN_DATA_2026,https://data.mesaaz.gov/d/5zhe-5nig,dataset 5zhe-5nig; retrieved 2026-08-22,study-derived after declared sensor and completeness QA
2021-06-15,7.222862064838409,0.0,0.0,8.79008952623716,10.1491161233849,1.9500869184865288,3.7175307115746863,0.0038610681755623,0.0,0.0,0.0,11,31.829685344521685,31.83354641269725,True,0.9998787107121051,2021-06-01,MESA_OPEN_DATA_2026,https://data.mesaaz.gov/d/5zhe-5nig,dataset 5zhe-5nig; retrieved 2026-08-22,study-derived after declared sensor and completeness QA
2021-06-16,7.248951216538747,0.0,0.0,8.877936821979313,10.04351608258694,2.077743111259826,3.7319075239458543,0.0038121546094771,0.0,0.0,0.0,11,31.980054756310683,31.98386691092016,True,0.9998808100777778,2021-06-01,MESA_OPEN_DATA_2026,https://data.mesaaz.gov/d/5zhe-5nig,dataset 5zhe-5nig; retrieved 2026-08-22,study-derived after declared sensor and completeness QA
2021-06-17,7.306175172328949,0.0,4.037847222222222,8.724318288556404,9.845994768188165,2.159516063977185,3.631670090079349,0.003760580701055,0.0,0.0,0.0,11,35.705521605352274,35.70928218605333,True,0.9998946889864249,2021-06-01,MESA_OPEN_DATA_2026,https://data.mesaaz.gov/d/5zhe-5nig,dataset 5zhe-5nig; retrieved 2026-08-22,study-derived after declared sensor and completeness QA
2021-06-18,8.477299908796946,0.0,0.0,8.520572454789093,10.033107129894958,1.121580382673767,3.66974097887675,0.0037781324354,0.0,0.0,0.0,11,31.822300855031514,31.826078987466914,True,0.9998812881587805,2021-06-01,MESA_OPEN_DATA_2026,https://data.mesaaz.gov/d/5zhe-5nig,dataset 5zhe-5nig; retrieved 2026-08-22,study-derived after declared sensor and completeness QA
2021-06-19,8.565097649892172,0.0,0.0,7.635051819132986,9.963073194111017,1.0386075592289368,3.6590729996562006,0.0038249741483014,0.0,0.0,0.0,11,30.86090322202131,30.86472819616961,True,0.9998760729683414,2021-06-01,MESA_OPEN_DATA_2026,https://data.mesaaz.gov/d/5zhe-5nig,dataset 5zhe-5nig; retrieved 2026-08-22,study-derived after declared sensor and completeness QA
2021-06-20,8.654470245043436,0.0,3.9384404566552904,9.428401563708428,9.920612573623655,0.9585874814540148,3.6808538364039527,0.0038717269975071,0.0,0.0,0.0,11,36.581366156888784,36.58523788388629,True,0.9998941724252335,2021-06-01,MESA_OPEN_DATA_2026,https://data.mesaaz.gov/d/5zhe-5nig,dataset 5zhe-5nig; retrieved 2026-08-22,study-derived after declared sensor and completeness QA
2021-06-21,8.42423939704895,0.0,8.611299501525032,8.548528358878835,10.117083221673964,1.1481624472886325,3.666104056768947,0.0038752360463452,0.0,0.0,0.0,11,40.51541698318436,40.51929221923071,True,0.9999043607172262,2021-06-01,MESA_OPEN_DATA_2026,https://data.mesaaz.gov/d/5zhe-5nig,dataset 5zhe-5nig; retrieved 2026-08-22,study-derived after declared sensor and completeness QA
2021-06-22,8.440037568410238,0.0,4.1065374963813355,8.512560899017014,10.228395380576451,0.998262494429946,3.62727092537615,0.0039094901100421,0.0,0.0,0.0,11,35.913064764191134,35.916974254301174,True,0.9998911520195894,2021-06-01,MESA_OPEN_DATA_2026,https://data.mesaaz.gov/d/5zhe-5nig,dataset 5zhe-5nig; retrieved 2026-08-22,study-derived after declared sensor and completeness QA
2021-06-23,8.51977558930715,0.0,0.0,8.437791226393431,10.229999542236328,1.3859312918037177,3.750138219153409,0.0039380469631093,0.0,0.0,0.0,11,32.32363586889404,32.327573915857144,True,0.9998781830342928,2021-06-01,MESA_OPEN_DATA_2026,https://data.mesaaz.gov/d/5zhe-5nig,dataset 5zhe-5nig; retrieved 2026-08-22,study-derived after declared sensor and completeness QA
2021-06-24,8.665610472361246,0.0,5.332793602016237,8.523531552584389,10.100955194501736,1.098995163746199,3.6526893652913297,0.003966551933748,0.0,0.0,0.0,11,37.37457535050113,37.37854190243488,True,0.9998938815766516,2021-06-01,MESA_OPEN_DATA_2026,https://data.mesaaz.gov/d/5zhe-5nig,dataset 5zhe-5nig; retrieved 2026-08-22,study-derived after declared sensor and completeness QA
2021-06-25,8.54740826288859,0.0,4.717243619097603,8.838793936497083,10.079286793768192,1.1309000171720982,3.605326407485538,0.0041253926077236,0.0,0.0,0.0746875029678146,11,36.9189590369091,36.99777193248464,True,0.9978697934643372,2021-06-01,MESA_OPEN_DATA_2026,https://data.mesaaz.gov/d/5zhe-5nig,dataset 5zhe-5nig; retrieved 2026-08-22,study-derived after declared sensor and completeness QA
2021-06-26,8.697213888168335,0.0,0.0,8.496185126449229,10.1834328147727,1.0784937269985675,3.671534654166963,0.0040221715462394,0.0,0.0,0.0003125000124176,11,32.12686021055579,32.13119488211445,True,0.9998650946043381,2021-06-01,MESA_OPEN_DATA_2026,https://data.mesaaz.gov/d/5zhe-5nig,dataset 5zhe-5nig; retrieved 2026-08-22,study-derived after declared sensor and completeness QA
2021-06-27,8.59307332833608,0.0,0.0,8.61546568199962,10.056896140178043,1.1113812826573848,3.6630626055929394,0.0040509639463076,0.0,0.0,0.0,11,32.03987903876406,32.04393000271037,True,0.9998735809263731,2021-06-01,MESA_OPEN_DATA_2026,https://data.mesaaz.gov/d/5zhe-5nig,dataset 5zhe-5nig; retrieved 2026-08-22,study-derived after declared sensor and completeness QA
2021-06-28,8.528023560841879,0.0,0.0,8.961105440346593,10.173250192403794,0.9982499737292528,3.6431387778785496,0.0041190369132285,0.0,0.0,0.0,11,32.303767945200065,32.307886982113295,True,0.9998725067685327,2021-06-01,MESA_OPEN_DATA_2026,https://data.mesaaz.gov/d/5zhe-5nig,dataset 5zhe-5nig; retrieved 2026-08-22,study-derived after declared sensor and completeness QA
2021-06-29,8.409387826919556,0.0,4.440103967984517,8.761735214999428,10.182879352433146,1.0503706268872937,3.660874804109335,0.0040940794472893,0.0,0.0,0.0,11,36.505351793333276,36.50944587278057,True,0.9998878624599903,2021-06-01,MESA_OPEN_DATA_2026,https://data.mesaaz.gov/d/5zhe-5nig,dataset 5zhe-5nig; retrieved 2026-08-22,study-derived after declared sensor and completeness QA
2021-06-30,8.443866769472757,0.0,8.455943877829446,8.51403266706159,10.049462177676507,1.2998561039885659,3.6560880526071298,0.0049111855914816,0.0,0.0,0.0,11,40.419249648636004,40.424160834227486,True,0.9998785086569485,2021-06-01,MESA_OPEN_DATA_2026,https://data.mesaaz.gov/d/5zhe-5nig,dataset 5zhe-5nig; retrieved 2026-08-22,study-derived after declared sensor and completeness QA
2021-07-02,8.554409344991049,0.0,4.80453837580151,8.507154687206635,10.255158172917731,1.2021204463309711,3.690615493555863,0.004106786858756,0.0,0.0,0.0,11,37.01399652080376,37.018103307662514,True,0.9998890600411203,2021-07-01,MESA_OPEN_DATA_2026,https://data.mesaaz.gov/d/5zhe-5nig,dataset 5zhe-5nig; retrieved 2026-08-22,study-derived after declared sensor and completeness QA
2021-07-03,8.57477613290151,0.0,0.0,8.505614756711509,10.244209454125828,1.11274982922607,3.6780908529957137,0.0040316561741443,0.0,0.0,0.0,11,32.115441025960635,32.11947268213478,True,0.9998744793784742,2021-07-01,MESA_OPEN_DATA_2026,https://data.mesaaz.gov/d/5zhe-5nig,dataset 5zhe-5nig; retrieved 2026-08-22,study-derived after declared sensor and completeness QA
2021-07-04,8.680403113365173,0.0,0.0,8.582557350540258,10.173024938503902,0.921506931177444,3.67005840887626,0.0041221256445472,0.0,0.0,0.0,11,32.027550742463035,32.031672868107584,True,0.999871310947089,2021-07-01,MESA_OPEN_DATA_2026,https://data.mesaaz.gov/d/5zhe-5nig,dataset 5zhe-5nig; retrieved 2026-08-22,study-derived after declared sensor and completeness QA
2021-07-05,8.30187729994456,0.0,0.0,8.501210186766295,9.93443066113525,1.1550191048946643,3.589590612302224,0.0040443952893838,0.0,0.0,0.0,11,31.48212786504299,31.486172260332374,True,0.9998715501123495,2021-07-01,MESA_OPEN_DATA_2026,https://data.mesaaz.gov/d/5zhe-5nig,dataset 5zhe-5nig; retrieved 2026-08-22,study-derived after declared sensor and completeness QA
2021-07-06,8.314125299453735,0.0,3.9986631207995944,8.848564930297435,9.58401157392396,0.9000659835421376,3.5264593976239365,0.0040617144744222,0.0,0.0,0.0,11,35.1718903056408,35.175952020115226,True,0.9998845314983343,2021-07-01,MESA_OPEN_DATA_2026,https://data.mesaaz.gov/d/5zhe-5nig,dataset 5zhe-5nig; retrieved 2026-08-22,study-derived after declared sensor and completeness QA
2021-07-07,8.285853584607443,0.0,8.299603884087668,8.661854803750499,9.92401727007495,1.3462100544323523,3.6342051990330217,0.0040896084586468,0.0,0.0,0.0,11,40.151744795985934,40.15583440444458,True,0.9998981565563435,2021-07-01,MESA_OPEN_DATA_2026,https://data.mesaaz.gov/d/5zhe-5nig,dataset 5zhe-5nig; retrieved 2026-08-22,study-derived after declared sensor and completeness QA
2021-07-08,8.749372959136963,0.0,8.298687225580215,8.514645274967156,10.042360245435392,1.1058489402963056,3.69853321587046,0.0041441695066168,0.0,0.0,0.0,11,40.409447861286495,40.41359203079311,True,0.9998974560463851,2021-07-01,MESA_OPEN_DATA_2026,https://data.mesaaz.gov/d/5zhe-5nig,dataset 5zhe-5nig; retrieved 2026-08-22,study-derived after declared sensor and completeness QA
2021-07-09,8.615322788556417,0.0,8.28499984741211,8.663167537126585,9.80741656422615,1.2336632027808163,3.574911340077718,0.0041257151363727,0.0,0.0,0.0,11,40.1794812801798,40.183606995316175,True,0.9998973284021802,2021-07-01,MESA_OPEN_DATA_2026,https://data.mesaaz.gov/d/5zhe-5nig,dataset 5zhe-5nig; retrieved 2026-08-22,study-derived after declared sensor and completeness QA
2021-07-10,8.608255783716837,0.0,8.28499984741211,8.499673413742986,9.737954276800156,1.1921701940397422,3.663343783219655,0.0041483935007515,0.0,0.0,0.0,11,39.98639729893148,39.99054569243223,True,0.9998962656440686,2021-07-01,MESA_OPEN_DATA_2026,https://data.mesaaz.gov/d/5zhe-5nig,dataset 5zhe-5nig; retrieved 2026-08-22,study-derived after declared sensor and completeness QA
2021-07-11,8.794878125190735,0.0,4.372638808356391,9.059695314095793,9.88584989507993,1.017812493360705,3.698744674523672,0.0042346470678846,0.0,0.0,0.0,11,36.82961931060723,36.83385395767511,True,0.9998850338313023,2021-07-01,MESA_OPEN_DATA_2026,https://data.mesaaz.gov/d/5zhe-5nig,dataset 5zhe-5nig; retrieved 2026-08-22,study-derived after declared sensor and completeness QA
2021-07-12,8.452551563580831,0.0,0.0,8.820466232250133,10.095007558332547,1.3266298117323054,3.7317591038843,0.0041350544585535,0.0,0.0,0.0,11,32.42641426978012,32.43054932423867,True,0.9998724950842734,2021-07-01,MESA_OPEN_DATA_2026,https://data.mesaaz.gov/d/5zhe-5nig,dataset 5zhe-5nig; retrieved 2026-08-22,study-derived after declared sensor and completeness QA
2021-07-13,8.410000125567118,0.0,5.4303820265664,8.575413138749838,10.373622007833587,1.373523910343647,3.7588028757936423,0.004099197491693,0.0,0.0,0.0,11,37.92174408485423,37.92584328234592,True,0.9998919154556123,2021-07-01,MESA_OPEN_DATA_2026,https://data.mesaaz.gov/d/5zhe-5nig,dataset 5zhe-5nig; retrieved 2026-08-22,study-derived after declared sensor and completeness QA
2021-07-14,8.705303112665812,0.0,9.172454452514648,9.506284851449973,10.086828155382303,1.0862124562263489,3.7937430827981897,0.0041231103047418,0.0,0.0,0.0,11,42.35082611103727,42.35494922134201,True,0.999902653399885,2021-07-01,MESA_OPEN_DATA_2026,https://data.mesaaz.gov/d/5zhe-5nig,dataset 5zhe-5nig; retrieved 2026-08-22,study-derived after declared sensor and completeness QA
2021-07-15,8.633832057317099,0.0,8.578276348114013,9.63794590194322,9.894736653616448,1.2882239353739553,3.813853132145272,0.0041260737537716,0.0,0.0,0.0,11,41.84686802851,41.850994102263776,True,0.9999014103764491,2021-07-01,MESA_OPEN_DATA_2026,https://data.mesaaz.gov/d/5zhe-5nig,dataset 5zhe-5nig; retrieved 2026-08-22,study-derived after declared sensor and completeness QA
2021-07-16,8.730420390764872,0.0,8.715999603271484,8.574855061315898,10.081937195044194,1.2415634588234954,3.773300857593616,0.0041208055142002,0.0,0.0,0.0059750000519367,11,41.118076566813556,41.128172372379694,True,0.9997545282227781,2021-07-01,MESA_OPEN_DATA_2026,https://data.mesaaz.gov/d/5zhe-5nig,dataset 5zhe-5nig; retrieved 2026-08-22,study-derived after declared sensor and completeness QA
2021-07-17,8.623756011327108,0.0,8.715999603271484,9.021576763981331,9.978725233342912,1.3021124482154849,3.7700228977534502,0.0041163227676103,0.0,0.0,2.50000002173e-05,11,41.41219295789177,41.41633428065959,True,0.9999000075009111,2021-07-01,MESA_OPEN_DATA_2026,https://data.mesaaz.gov/d/5zhe-5nig,dataset 5zhe-5nig; retrieved 2026-08-22,study-derived after declared sensor and completeness QA
2021-07-18,8.667300899823507,0.0,4.521424794197083,9.137785532703552,10.026201813088525,1.2533658281984184,3.728291592664189,0.0041188271328185,0.0,0.0,0.0,11,37.33437046067528,37.3384892878081,True,0.9998896895077604,2021-07-01,MESA_OPEN_DATA_2026,https://data.mesaaz.gov/d/5zhe-5nig,dataset 5zhe-5nig; retrieved 2026-08-22,study-derived after declared sensor and completeness QA
2021-07-19,8.558449228604635,0.0,0.0,9.132644120903116,10.176572131448324,1.1133087578337115,3.7210534281200833,0.0042799970445533,0.0,0.0,0.0,11,32.70202766690987,32.706307663954426,True,0.9998691384827498,2021-07-01,MESA_OPEN_DATA_2026,https://data.mesaaz.gov/d/5zhe-5nig,dataset 5zhe-5nig; retrieved 2026-08-22,study-derived after declared sensor and completeness QA
2021-07-20,8.404061913490295,0.0,4.443327726258172,9.02819689234281,10.325579868198115,1.3900139245482208,3.769658755127102,0.0041923032452662,0.0,0.0,0.0,11,37.36083907996472,37.36503138320999,True,0.9998878014258231,2021-07-01,MESA_OPEN_DATA_2026,https://data.mesaaz.gov/d/5zhe-5nig,dataset 5zhe-5nig; retrieved 2026-08-22,study-derived after declared sensor and completeness QA
2021-07-21,8.74578320980072,0.0,8.46884982585907,8.554269021109299,10.322097015919658,1.250029317754083,3.7978055168971,0.0041896564459117,0.0,0.0,0.0,11,41.13883390733993,41.14302356378584,True,0.9998981684843989,2021-07-01,MESA_OPEN_DATA_2026,https://data.mesaaz.gov/d/5zhe-5nig,dataset 5zhe-5nig; retrieved 2026-08-22,study-derived after declared sensor and completeness QA
2021-07-22,8.64725693066915,0.0,8.59664138423072,8.599331805348434,10.247249176276863,1.2888965524736349,3.7811181501917783,0.0042372237270077,0.0,0.0,0.0,11,41.160493999190585,41.164731222917595,True,0.9998970666490189,2021-07-01,MESA_OPEN_DATA_2026,https://data.mesaaz.gov/d/5zhe-5nig,dataset 5zhe-5nig; retrieved 2026-08-22,study-derived after declared sensor and completeness QA
2021-07-23,8.629937450091044,0.0,8.76099967956543,8.501707483696649,10.159407507560848,1.2575334201933446,3.762132210592235,0.0041891693254001,0.0,0.0,0.0,11,41.07171775169955,41.07590692102495,True,0.9998980139541787,2021-07-01,MESA_OPEN_DATA_2026,https://data.mesaaz.gov/d/5zhe-5nig,dataset 5zhe-5nig; retrieved 2026-08-22,study-derived after declared sensor and completeness QA
2021-07-24,8.681486447652182,0.0,8.76099967956543,9.767604389950804,10.314567837827893,1.4569582977228694,3.787819551097022,0.0041730847830573,0.0,0.0,0.0,11,42.769436203816205,42.77360928859926,True,0.9999024378617456,2021-07-01,MESA_OPEN_DATA_2026,https://data.mesaaz.gov/d/5zhe-5nig,dataset 5zhe-5nig; retrieved 2026-08-22,study-derived after declared sensor and completeness QA
2021-07-25,9.16994321346283,0.0,4.447424142890506,10.55283210164878,11.470082538988857,1.5492521255380578,4.140526630315516,0.0041454146072889,0.0,0.0,0.0,11,41.330060752844545,41.33420616745183,True,0.9998997098289371,2021-07-01,MESA_OPEN_DATA_2026,https://data.mesaaz.gov/d/5zhe-5nig,dataset 5zhe-5nig; retrieved 2026-08-22,study-derived after declared sensor and completeness QA
2021-07-26,8.766368667284647,0.0,0.0,12.382019943407288,10.774092711673845,1.3118558312869737,4.184707305166456,0.0041509718867018,0.0,0.0,0.0,11,37.41904445881921,37.42319543070591,True,0.9998890802391691,2021-07-01,MESA_OPEN_DATA_2026,https://data.mesaaz.gov/d/5zhe-5nig,dataset 5zhe-5nig; retrieved 2026-08-22,study-derived after declared sensor and completeness QA
2021-07-27,8.519472320874533,0.0,0.0,10.383527492738148,10.738392241660009,1.3478891662839383,4.027107869585355,0.0041772833404441,0.0,0.0,0.0,11,35.01638909114198,35.02056637448243,True,0.9998807191381265,2021-07-01,MESA_OPEN_DATA_2026,https://data.mesaaz.gov/d/5zhe-5nig,dataset 5zhe-5nig; retrieved 2026-08-22,study-derived after declared sensor and completeness QA
2021-07-28,8.616211732228598,0.0,0.0,9.360361569046164,10.386945083669946,1.1547951663947769,4.0041542366147045,0.0042402727412991,0.0,0.0,0.0,11,33.52246778795419,33.52670806069549,True,0.9998735255267645,2021-07-01,MESA_OPEN_DATA_2026,https://data.mesaaz.gov/d/5zhe-5nig,dataset 5zhe-5nig; retrieved 2026-08-22,study-derived after declared sensor and completeness QA
2021-07-29,8.54041302204132,0.0,0.0,9.299033160167744,10.121305385755823,1.1278518417815395,3.897780283540487,0.00431706259648,0.0,0.0,0.0,11,32.98638369328692,32.990700755883395,True,0.9998691430464475,2021-07-01,MESA_OPEN_DATA_2026,https://data.mesaaz.gov/d/5zhe-5nig,dataset 5zhe-5nig; retrieved 2026-08-22,study-derived after declared sensor and completeness QA
2021-07-30,4.79125056664149,0.0,1.440618699789047,8.505979155617215,10.123892097380295,1.328877782921273,3.810609145131376,4.077080533762152,0.0,0.0,0.0,11,30.001227447480698,34.07830798124285,True,0.8803614153611666,2021-07-01,MESA_OPEN_DATA_2026,https://data.mesaaz.gov/d/5zhe-5nig,dataset 5zhe-5nig; retrieved 2026-08-22,study-derived after declared sensor and completeness QA
2021-07-31,0.09642490744590755,0.0,7.747437715861532,8.611781047975345,10.260195665061474,1.1788411434435746,3.717415632059177,8.465689937273662,0.0,0.0,0.0,11,31.61209611184701,40.077786049120675,True,0.7887685231190706,2021-07-01,MESA_OPEN_DATA_2026,https://data.mesaaz.gov/d/5zhe-5nig,dataset 5zhe-5nig; retrieved 2026-08-22,study-derived after declared sensor and completeness QA
2021-08-02,0.0,0.0,8.575444263882106,9.336786790231008,10.66309343278408,1.3638723696554818,3.736701031029225,8.571831782658895,0.0,0.0,0.0,11,33.675897887581904,42.2477296702408,True,0.7971055048504329,2021-08-01,MESA_OPEN_DATA_2026,https://data.mesaaz.gov/d/5zhe-5nig,dataset 5zhe-5nig; retrieved 2026-08-22,study-derived after declared sensor and completeness QA
2021-08-03,0.0,0.0,8.523124615351358,2.532154277272294,10.4987071648095,1.3595642041828897,3.765788573771715,8.47921355565389,0.0083819442325168,0.0,0.0,11,26.679338835387757,35.16693433527416,True,0.7586484104935775,2021-08-01,MESA_OPEN_DATA_2026,https://data.mesaaz.gov/d/5zhe-5nig,dataset 5zhe-5nig; retrieved 2026-08-22,study-derived after declared sensor and completeness QA
2021-08-06,8.694522241751352,0.0,3.584895779689153,8.604843154794368,10.176203367237648,1.3134779074083094,3.691394007645025,0.0896855755709111,20.12084638343917,0.0,0.0,11,36.065336458525856,56.27586841753593,True,0.6408668133015902,2021-08-01,MESA_OPEN_DATA_2026,https://data.mesaaz.gov/d/5zhe-5nig,dataset 5zhe-5nig; retrieved 2026-08-22,study-derived after declared sensor and completeness QA
2021-08-07,8.74089546998342,0.0,7.868687327371704,10.513988324743092,10.30098481476307,1.3492590059476974,3.719788569957018,0.004231725334345,6.945173420508703,0.0,0.0,11,42.493603512766,49.443008658609045,True,0.8594461515514386,2021-08-01,MESA_OPEN_DATA_2026,https://data.mesaaz.gov/d/5zhe-5nig,dataset 5zhe-5nig; retrieved 2026-08-22,study-derived after declared sensor and completeness QA
2021-08-08,8.731770356496176,0.0,4.892165840334362,10.551734861143135,10.277406677603722,1.3309153108916023,3.6822770059108736,0.0042095899504298,0.0,0.0,0.0,11,39.466270052379876,39.470479642330304,True,0.9998933483963567,2021-08-01,MESA_OPEN_DATA_2026,https://data.mesaaz.gov/d/5zhe-5nig,dataset 5zhe-5nig; retrieved 2026-08-22,study-derived after declared sensor and completeness QA
2021-08-09,8.49187982082367,0.0,0.0,10.82590070550498,10.44729669392109,1.3223487024443583,3.730642654746771,0.0937534029556748,0.0,0.0,0.0,11,34.81806857744087,34.911821980396546,True,0.997314565736262,2021-08-01,MESA_OPEN_DATA_2026,https://data.mesaaz.gov/d/5zhe-5nig,dataset 5zhe-5nig; retrieved 2026-08-22,study-derived after declared sensor and completeness QA
2021-08-10,8.509589768957383,0.0,0.0,10.750559440155824,10.71575488771045,1.7226526002332752,3.84813376427363,0.008090005101644,0.0,0.0,0.0,11,35.54669046133056,35.554780466432206,True,0.9997724636463645,2021-08-01,MESA_OPEN_DATA_2026,https://data.mesaaz.gov/d/5zhe-5nig,dataset 5zhe-5nig; retrieved 2026-08-22,study-derived after declared sensor and completeness QA
2021-08-11,8.909597259097628,0.0,0.0,11.41085857321082,10.518228189976076,1.4397741358527858,3.78149977127294,0.0042539274630447,0.0,0.0,0.0,11,36.05995792941025,36.0642118568733,True,0.9998820457388635,2021-08-01,MESA_OPEN_DATA_2026,https://data.mesaaz.gov/d/5zhe-5nig,dataset 5zhe-5nig; retrieved 2026-08-22,study-derived after declared sensor and completeness QA
2021-08-12,8.7837921778361,0.0,0.0,11.653535187032809,10.70006148484018,1.3045205788502938,3.732357686178552,0.0042686126932191,0.0,0.0,0.0109465277184628,11,36.17426711473793,36.189482255149606,True,0.9995795700998317,2021-08-01,MESA_OPEN_DATA_2026,https://data.mesaaz.gov/d/5zhe-5nig,dataset 5zhe-5nig; retrieved 2026-08-22,study-derived after declared sensor and completeness QA
2021-08-13,8.778197685877482,0.0,4.40728743871053,10.518052150811313,8.43410876724455,1.566835877050956,3.728029255651766,0.0043070942047052,0.0,0.0,5.34722219324e-05,11,37.432511175346605,37.436871741773246,True,0.9998835221474508,2021-08-01,MESA_OPEN_DATA_2026,https://data.mesaaz.gov/d/5zhe-5nig,dataset 5zhe-5nig; retrieved 2026-08-22,study-derived after declared sensor and completeness QA
2021-08-14,9.1579030752182,0.0,8.777999877929688,10.359548559411822,6.164545220798916,1.003189230744464,3.7399120228158105,0.0043538195895962,0.0,0.0,0.0,11,39.20309798691889,39.20745180650849,True,0.999888954283204,2021-08-01,MESA_OPEN_DATA_2026,https://data.mesaaz.gov/d/5zhe-5nig,dataset 5zhe-5nig; retrieved 2026-08-22,study-derived after declared sensor and completeness QA
2021-08-15,9.158295353253685,0.0,4.986391597323948,10.439195306692962,5.587616029216184,0.9291751721306536,3.66554987538192,0.0044147176668047,0.0,0.0,0.0,11,34.766223333999356,34.77063805166616,True,0.9998730331706814,2021-08-01,MESA_OPEN_DATA_2026,https://data.mesaaz.gov/d/5zhe-5nig,dataset 5zhe-5nig; retrieved 2026-08-22,study-derived after declared sensor and completeness QA
2021-08-16,9.84507155418396,0.0,0.0,10.604156973751056,6.359334241681629,1.1259439865513206,3.9885983284148905,0.0044474196232234,0.0,0.0,0.0,11,31.923105084582858,31.92755250420608,True,0.9998607027700405,2021-08-01,MESA_OPEN_DATA_2026,https://data.mesaaz.gov/d/5zhe-5nig,dataset 5zhe-5nig; retrieved 2026-08-22,study-derived after declared sensor and completeness QA
2021-08-17,9.043564438819883,0.0,0.0,10.55437067692111,5.938070988812983,1.1015414414560825,3.756809802868093,0.0044249301621069,0.0,0.0,0.0,11,30.394357348878152,30.398782279040258,True,0.9998544372560227,2021-08-01,MESA_OPEN_DATA_2026,https://data.mesaaz.gov/d/5zhe-5nig,dataset 5zhe-5nig; retrieved 2026-08-22,study-derived after declared sensor and completeness QA
2021-08-18,9.53641128540039,0.0,0.0,10.508163318952304,6.271473566028807,1.1105034177501996,3.953472147385279,0.0053952011706617,0.0,0.0,0.0,11,31.380023735516982,31.385418936687643,True,0.9998280984816056,2021-08-01,MESA_OPEN_DATA_2026,https://data.mesaaz.gov/d/5zhe-5nig,dataset 5zhe-5nig; retrieved 2026-08-22,study-derived after declared sensor and completeness QA
2021-08-19,9.363373348448013,0.0,0.0,10.51233840616062,5.569516102251568,0.9589756451609408,3.8071413586398686,0.0070329401130611,0.0,0.0,0.0,11,30.211344860661008,30.218377800774068,True,0.999767262817368,2021-08-01,MESA_OPEN_DATA_2026,https://data.mesaaz.gov/d/5zhe-5nig,dataset 5zhe-5nig; retrieved 2026-08-22,study-derived after declared sensor and completeness QA
2021-08-20,9.305629361448464,0.0,4.781444210476345,10.34030894938464,5.584568788939052,1.141337478160858,3.793099288476838,0.0085812105229167,0.0,0.0,0.0,11,34.946388076886194,34.954969287409114,True,0.999754506706833,2021-08-01,MESA_OPEN_DATA_2026,https://data.mesaaz.gov/d/5zhe-5nig,dataset 5zhe-5nig; retrieved 2026-08-22,study-derived after declared sensor and completeness QA
2021-08-21,9.235686717320371,0.0,9.327375024557114,9.4539910614381,5.466916817426681,0.7646312288939953,3.632237541509999,0.0068532485404931,0.0,3.056071626477771,0.0,11,37.88083839114626,40.94376326616453,True,0.925191906393484,2021-08-01,MESA_OPEN_DATA_2026,https://data.mesaaz.gov/d/5zhe-5nig,dataset 5zhe-5nig; retrieved 2026-08-22,study-derived after declared sensor and completeness QA
2021-08-22,9.012011885643004,0.0,5.129571081532372,10.529221727460412,5.5063291390736895,0.8844999731000927,3.6200839145316017,0.0051533780060708,0.0,3.998469228545825,0.0,11,34.68171772134117,38.685340327893066,True,0.8965080164057602,2021-08-01,MESA_OPEN_DATA_2026,https://data.mesaaz.gov/d/5zhe-5nig,dataset 5zhe-5nig; retrieved 2026-08-22,study-derived after declared sensor and completeness QA
2021-08-23,8.774703423182169,0.0,0.0,10.635787450714655,5.618195025788413,0.9797904146913036,3.688472807904085,0.004420586687047,0.0,4.071664608849419,0.0,11,29.69694912228063,33.77303431781709,True,0.8793094763953113,2021-08-01,MESA_OPEN_DATA_2026,https://data.mesaaz.gov/d/5zhe-5nig,dataset 5zhe-5nig; retrieved 2026-08-22,study-derived after declared sensor and completeness QA
2021-08-24,8.830421845118204,0.0,0.0,8.493085915992895,5.604255736370882,0.981131640130597,3.771365564896001,0.0046460557496175,0.0,4.203358329666985,0.0,11,27.680260702508576,31.888265087925177,True,0.8680390929448838,2021-08-01,MESA_OPEN_DATA_2026,https://data.mesaaz.gov/d/5zhe-5nig,dataset 5zhe-5nig; retrieved 2026-08-22,study-derived after declared sensor and completeness QA
2021-08-25,9.166338389891166,0.0,0.0,8.057106138825226,5.2957986443352505,0.9083887805551736,3.7283373469469314,0.0043955362842771,0.0,4.079595337642564,0.0,11,27.15596930055375,31.239960174480593,True,0.8692702919236437,2021-08-01,MESA_OPEN_DATA_2026,https://data.mesaaz.gov/d/5zhe-5nig,dataset 5zhe-5nig; retrieved 2026-08-22,study-derived after declared sensor and completeness QA
2021-08-26,8.866789016255572,0.0,0.0,8.212319704059137,5.195549074808756,0.862986111185617,3.729984740581777,0.0042849954292919,0.0,3.9864429947402744,0.0,11,26.867628646890857,30.858356637060425,True,0.8706759391918893,2021-08-01,MESA_OPEN_DATA_2026,https://data.mesaaz.gov/d/5zhe-5nig,dataset 5zhe-5nig; retrieved 2026-08-22,study-derived after declared sensor and completeness QA
2021-08-27,9.016441027323404,0.0,0.0,8.005169235837492,5.332747950487667,0.8715034522530105,3.704198607471254,0.0042469834637207,0.0,3.973061965157589,0.0,11,26.930060273372824,30.90736922199413,True,0.871315189589446,2021-08-01,MESA_OPEN_DATA_2026,https://data.mesaaz.gov/d/5zhe-5nig,dataset 5zhe-5nig; retrieved 2026-08-22,study-derived after declared sensor and completeness QA
2021-08-28,8.947924892107645,0.0,0.0,7.907052148478806,5.203140488598081,0.8099340090735091,3.7079693895247248,0.0046037269833808,0.0,4.001858883765009,0.0,11,26.576020927782764,30.582483538531154,True,0.8689948576053148,2021-08-01,MESA_OPEN_DATA_2026,https://data.mesaaz.gov/d/5zhe-5nig,dataset 5zhe-5nig; retrieved 2026-08-22,study-derived after declared sensor and completeness QA
2021-08-29,9.092493255933126,0.0,0.0,8.420051557081083,5.180335251159138,0.8967569654600488,3.703038262161943,0.0042262660572305,0.0,3.951247891287009,0.0,11,27.29267529179534,31.248149449139582,True,0.8734173310396416,2021-08-01,MESA_OPEN_DATA_2026,https://data.mesaaz.gov/d/5zhe-5nig,dataset 5zhe-5nig; retrieved 2026-08-22,study-derived after declared sensor and completeness QA
2021-08-30,8.82488755385081,0.0,0.0,9.077943600586106,5.359093041552438,1.0719201809002294,3.7089542769723463,0.0046979192411527,0.0,4.1719206927551165,0.0,11,28.04279865386193,32.2194172658582,True,0.8703695173151972,2021-08-01,MESA_OPEN_DATA_2026,https://data.mesaaz.gov/d/5zhe-5nig,dataset 5zhe-5nig; retrieved 2026-08-22,study-derived after declared sensor and completeness QA
2021-08-31,9.1289844755258,0.0,0.0,8.262442362476012,5.433124942001369,0.9920234093212251,3.7578659311350844,0.00517579127135585,0.0,4.158323308356382,0.0,11,27.57444112045949,31.73794022008723,True,0.8688163418685683,2021-08-01,MESA_OPEN_DATA_2026,https://data.mesaaz.gov/d/5zhe-5nig,dataset 5zhe-5nig; retrieved 2026-08-22,study-derived after declared sensor and completeness QA
2021-09-02,9.167548100153605,0.0,0.0,8.650518017028086,5.327300785647498,0.963200637843046,3.728122518459956,0.0045124192838557,0.0,4.032014352028017,0.0,11,27.836690059132188,31.87321683044406,True,0.8733567812503839,2021-09-01,MESA_OPEN_DATA_2026,https://data.mesaaz.gov/d/5zhe-5nig,dataset 5zhe-5nig; retrieved 2026-08-22,study-derived after declared sensor and completeness QA
2021-09-03,9.411388278007507,0.0,0.0,8.836888934329169,5.604660217629538,0.9725097846835644,3.868906946066353,0.0088578176219016,0.0,4.489809246361256,0.0,11,28.694354160716127,33.19302122469929,True,0.8644694909351712,2021-09-01,MESA_OPEN_DATA_2026,https://data.mesaaz.gov/d/5zhe-5nig,dataset 5zhe-5nig; retrieved 2026-08-22,study-derived after declared sensor and completeness QA
2021-09-04,9.664188027381895,0.0,0.0,8.198164956637317,5.455392431881693,0.8096098821817173,3.772754355354442,0.0045897577462407,0.0,4.163604345586565,0.0,11,27.900109653437063,32.06830375676987,True,0.8700213726629408,2021-09-01,MESA_OPEN_DATA_2026,https://data.mesaaz.gov/d/5zhe-5nig,dataset 5zhe-5nig; retrieved 2026-08-22,study-derived after declared sensor and completeness QA
2021-09-05,9.14275360107422,0.0,0.0,8.399236449667622,5.370312459766865,0.86122293745478,3.6837108515203,0.0048790796815107,0.0,4.09731609457069,0.0,11,27.45723629948379,31.55943147373599,True,0.8700168227787601,2021-09-01,MESA_OPEN_DATA_2026,https://data.mesaaz.gov/d/5zhe-5nig,dataset 5zhe-5nig; retrieved 2026-08-22,study-derived after declared sensor and completeness QA
2021-09-06,8.847185691197714,0.0,4.914666604995728,7.910217349560176,5.357187375426292,0.981475268628106,3.6195110701852378,0.0044228521292097,0.0,4.081077630321185,0.0,11,31.63024335999325,35.71574384244364,True,0.8856106567324158,2021-09-01,MESA_OPEN_DATA_2026,https://data.mesaaz.gov/d/5zhe-5nig,dataset 5zhe-5nig; retrieved 2026-08-22,study-derived after declared sensor and completeness QA
2021-09-07,8.806806445121765,0.0,5.047666603326798,8.836929574705385,5.419015698134899,0.7434377538892589,3.535670918143458,0.0044266181260657,0.0,3.961583298444748,0.0,11,32.38952699332157,36.355536909892386,True,0.8909104292311617,2021-09-01,MESA_OPEN_DATA_2026,https://data.mesaaz.gov/d/5zhe-5nig,dataset 5zhe-5nig; retrieved 2026-08-22,study-derived after declared sensor and completeness QA
2021-09-08,8.697181026140848,0.0,0.0,8.41385077182928,5.541078343987465,1.3777208257466556,3.732410732408365,0.0044053777625473,0.0,4.300375953978962,0.0,11,27.762241700112614,32.06702303185413,True,0.865756751804952,2021-09-01,MESA_OPEN_DATA_2026,https://data.mesaaz.gov/d/5zhe-5nig,dataset 5zhe-5nig; retrieved 2026-08-22,study-derived after declared sensor and completeness QA
2021-09-09,9.29434609413147,0.0,0.0,8.617465917163322,5.572528260308991,1.0680461649624806,3.7498715977858432,0.0052767620848802,0.0,4.105938277310795,0.0,11,28.30225803435211,32.41347307374778,True,0.8731633901112124,2021-09-01,MESA_OPEN_DATA_2026,https://data.mesaaz.gov/d/5zhe-5nig,dataset 5zhe-5nig; retrieved 2026-08-22,study-derived after declared sensor and completeness QA
2021-09-10,9.201334436734518,0.0,0.0,9.548511023754816,5.371203154325485,0.8915250052387516,3.6865112189617424,0.0044372945364254,0.0,1.3722666601339977,0.0,11,28.699084839015313,30.07578879368574,True,0.9542255079620902,2021-09-01,MESA_OPEN_DATA_2026,https://data.mesaaz.gov/d/5zhe-5nig,dataset 5zhe-5nig; retrieved 2026-08-22,study-derived after declared sensor and completeness QA
2021-09-11,9.2236274878184,0.0,0.0,8.532958606059697,5.360125480090011,0.7082531181098025,3.643343292011155,0.0043435992750649,0.0,0.0075388888518015,0.0,11,27.46830798408907,27.480190472215934,True,0.9995675980434386,2021-09-01,MESA_OPEN_DATA_2026,https://data.mesaaz.gov/d/5zhe-5nig,dataset 5zhe-5nig; retrieved 2026-08-22,study-derived after declared sensor and completeness QA
2021-09-12,9.00930360953013,0.0,0.0,8.654690236940429,5.298968613147736,0.8518781504283349,3.604311548256212,0.0043366675769599,0.0,0.0,0.0,11,27.419152158302843,27.423488825879804,True,0.9998418630246321,2021-09-01,MESA_OPEN_DATA_2026,https://data.mesaaz.gov/d/5zhe-5nig,dataset 5zhe-5nig; retrieved 2026-08-22,study-derived after declared sensor and completeness QA
2021-09-13,8.897363821665445,0.0,0.0,9.191662404337388,5.3285156190395355,1.136892785718821,3.6367365423176023,0.0043108778190799,0.0,0.0,0.079563424147286,11,28.191171173078793,28.275045475045157,True,0.9970336280434848,2021-09-01,MESA_OPEN_DATA_2026,https://data.mesaaz.gov/d/5zhe-5nig,dataset 5zhe-5nig; retrieved 2026-08-22,study-derived after declared sensor and completeness QA
2021-09-14,8.98768969376882,0.0,0.0,8.500974084205792,5.490205006798108,0.9465600426861904,3.691559086077743,0.0105135602643713,0.0,0.0,0.0004365740643589,11,27.616987913536654,27.627938047865385,True,0.999603657199833,2021-09-01,MESA_OPEN_DATA_2026,https://data.mesaaz.gov/d/5zhe-5nig,dataset 5zhe-5nig; retrieved 2026-08-22,study-derived after declared sensor and completeness QA
2021-09-15,9.243545850118002,0.0,0.0,8.697648725727642,5.285596100158162,0.8262064007832377,3.7485432135562102,0.005316109144284,0.0,0.0,0.0,11,27.801540290343254,27.80685639948754,True,0.9998088202036249,2021-09-01,MESA_OPEN_DATA_2026,https://data.mesaaz.gov/d/5zhe-5nig,dataset 5zhe-5nig; retrieved 2026-08-22,study-derived after declared sensor and completeness QA
2021-09-16,9.091564059257507,0.0,0.0,8.68542573799515,5.262340940038363,0.914607608359721,3.706344736533032,0.0043262655187087,0.0,0.0,0.0,11,27.660283082183774,27.664609347702484,True,0.9998436173283948,2021-09-01,MESA_OPEN_DATA_2026,https://data.mesaaz.gov/d/5zhe-5nig,dataset 5zhe-5nig; retrieved 2026-08-22,study-derived after declared sensor and completeness QA
2021-09-17,9.190305153528849,0.0,0.0,8.526736143772805,5.398615342878642,0.857871923678269,3.678225459107263,0.0046508505668801,0.0,0.0,0.0,11,27.65175402296583,27.656404873532708,True,0.9998318345935364,2021-09-01,MESA_OPEN_DATA_2026,https://data.mesaaz.gov/d/5zhe-5nig,dataset 5zhe-5nig; retrieved 2026-08-22,study-derived after declared sensor and completeness QA
2021-09-18,9.161397616068522,0.0,0.0,8.51735901002632,5.435386268487318,0.6583245029273471,3.6581666588783266,0.0043316157534718,0.0,0.0,0.0,11,27.43063405638783,27.434965672141303,True,0.9998421133160786,2021-09-01,MESA_OPEN_DATA_2026,https://data.mesaaz.gov/d/5zhe-5nig,dataset 5zhe-5nig; retrieved 2026-08-22,study-derived after declared sensor and completeness QA
2021-09-19,9.028529246648151,0.0,0.0,8.610484462020427,5.378011646297354,0.8400289128224055,3.6659354920188583,0.0042507210940433,0.0,0.0,0.0,11,27.522989759807192,27.527240480901234,True,0.9998455812853093,2021-09-01,MESA_OPEN_DATA_2026,https://data.mesaaz.gov/d/5zhe-5nig,dataset 5zhe-5nig; retrieved 2026-08-22,study-derived after declared sensor and completeness QA
2021-09-20,8.861075202624003,0.0,0.0,8.804456937095276,5.336711769302686,1.2347639078895252,3.726491663853328,0.0128396758033583,0.0,0.0,0.0,11,27.963499480764817,27.976339156568176,True,0.9995410523252702,2021-09-01,MESA_OPEN_DATA_2026,https://data.mesaaz.gov/d/5zhe-5nig,dataset 5zhe-5nig; retrieved 2026-08-22,study-derived after declared sensor and completeness QA
2021-09-21,8.955625375111898,0.0,0.0,8.557938807232535,5.454893236040737,0.991368030094438,3.7408832708994546,0.015851985119904,0.0,0.0,0.0,11,27.700708719379065,27.71656070449897,True,0.9994280681037986,2021-09-01,MESA_OPEN_DATA_2026,https://data.mesaaz.gov/d/5zhe-5nig,dataset 5zhe-5nig; retrieved 2026-08-22,study-derived after declared sensor and completeness QA
2021-09-22,9.11533010005951,0.0,0.0,8.408016036310215,5.525777880372948,0.932224167583708,3.6705950471941984,0.0058043363969773,0.0,0.0,0.0,11,27.65194323152058,27.657747567917557,True,0.9997901370535426,2021-09-01,MESA_OPEN_DATA_2026,https://data.mesaaz.gov/d/5zhe-5nig,dataset 5zhe-5nig; retrieved 2026-08-22,study-derived after declared sensor and completeness QA
2021-09-23,8.981087644894918,0.0,0.0,8.476913938233979,5.490642135341962,0.9128136308203156,3.6065332810084025,0.0043787857090743,0.0,0.0,0.0,11,27.467990630299578,27.472369416008654,True,0.9998406112831854,2021-09-01,MESA_OPEN_DATA_2026,https://data.mesaaz.gov/d/5zhe-5nig,dataset 5zhe-5nig; retrieved 2026-08-22,study-derived after declared sensor and completeness QA
2021-09-24,8.934296369552612,0.0,0.0,8.213558526011397,10.187909881729691,0.9731000453472636,3.6228580924840617,0.0043392654430742,0.0,0.0,0.0,11,31.931722915125025,31.9360621805681,True,0.9998641264718693,2021-09-01,MESA_OPEN_DATA_2026,https://data.mesaaz.gov/d/5zhe-5nig,dataset 5zhe-5nig; retrieved 2026-08-22,study-derived after declared sensor and completeness QA
2021-09-25,8.894755442937216,0.0,0.0,8.539033368215605,11.671260512537426,0.8604846770045149,3.598208381732305,0.0043046302356136,0.0,0.0,0.0,11,33.563742382427066,33.56804701266268,True,0.9998717640548468,2021-09-01,MESA_OPEN_DATA_2026,https://data.mesaaz.gov/d/5zhe-5nig,dataset 5zhe-5nig; retrieved 2026-08-22,study-derived after declared sensor and completeness QA
2021-09-26,8.852114796638489,0.0,0.0,8.548971993310843,11.730391465241455,0.7184548738102118,3.5553583999474845,0.0043075214489363,0.0,0.0,0.0,11,33.40529152894848,33.40959905039742,True,0.9998710693461949,2021-09-01,MESA_OPEN_DATA_2026,https://data.mesaaz.gov/d/5zhe-5nig,dataset 5zhe-5nig; retrieved 2026-08-22,study-derived after declared sensor and completeness QA
2021-09-27,8.76385728518168,0.0,0.0,8.532920102762011,12.24626677831014,1.053133339352078,3.656150064865748,0.0042928707747099,0.0,0.0,0.0,11,34.25232757047166,34.25662044124637,True,0.9998746849304042,2021-09-01,MESA_OPEN_DATA_2026,https://data.mesaaz.gov/d/5zhe-5nig,dataset 5zhe-5nig; retrieved 2026-08-22,study-derived after declared sensor and completeness QA
2021-09-28,8.89619747797648,0.0,0.0,8.627227573824067,12.753499997377062,0.876964021899574,3.83251586581339,0.01142361050006,0.0,0.0,0.0,11,34.98640493689057,34.99782854739063,True,0.9996735908776572,2021-09-01,MESA_OPEN_DATA_2026,https://data.mesaaz.gov/d/5zhe-5nig,dataset 5zhe-5nig; retrieved 2026-08-22,study-derived after declared sensor and completeness QA
2021-09-29,9.11926011244456,0.0,0.0,8.523866703741332,11.395206632879043,0.88137653322893,3.8389616484443345,0.0052470510127022,0.0,0.0,0.0,11,33.7586716307382,33.7639186817509,True,0.9998445959113289,2021-09-01,MESA_OPEN_DATA_2026,https://data.mesaaz.gov/d/5zhe-5nig,dataset 5zhe-5nig; retrieved 2026-08-22,study-derived after declared sensor and completeness QA
2021-09-30,8.891878763834637,0.0,0.0,8.529628721668658,10.957468195485475,0.8674892518830992,3.7977193285193707,0.00454626450664355,0.0,0.0,0.0,11,33.04418426139124,33.04873052589788,True,0.9998624375449737,2021-09-01,MESA_OPEN_DATA_2026,https://data.mesaaz.gov/d/5zhe-5nig,dataset 5zhe-5nig; retrieved 2026-08-22,study-derived after declared sensor and completeness QA
2021-10-02,8.94100526968638,0.0,0.0,8.513547779734859,10.909821615205797,0.8007358396425843,3.7214775142570335,0.0047668477054685,0.0,0.0,0.0,11,32.88658801852665,32.89135486623212,True,0.9998550729295022,2021-10-01,MESA_OPEN_DATA_2026,https://data.mesaaz.gov/d/5zhe-5nig,dataset 5zhe-5nig; retrieved 2026-08-22,study-derived after declared sensor and completeness QA
2021-10-03,8.977451721827189,0.0,0.0,8.581617195568212,10.790076092177747,0.7168520839884878,3.635686795744631,0.0045444726323088,0.0,0.0,0.0,11,32.70168388930627,32.70622836193858,True,0.9998610517672041,2021-10-01,MESA_OPEN_DATA_2026,https://data.mesaaz.gov/d/5zhe-5nig,dataset 5zhe-5nig; retrieved 2026-08-22,study-derived after declared sensor and completeness QA
2021-10-04,8.616108536720276,0.0,0.0,8.728831658487518,10.714276335967911,0.8696541420494517,3.642935999400086,0.0044787972583435,0.0,0.0,0.0,11,32.57180667262524,32.57628546988359,True,0.9998625135679609,2021-10-01,MESA_OPEN_DATA_2026,https://data.mesaaz.gov/d/5zhe-5nig,dataset 5zhe-5nig; retrieved 2026-08-22,study-derived after declared sensor and completeness QA
2021-10-05,8.729928533236185,0.0,0.0,8.516164699263927,10.797524304950938,0.6640163487171065,3.721367223515152,0.004432667104993,0.0,0.0,0.0,11,32.429001109683306,32.4334337767883,True,0.9998633303172431,2021-10-01,MESA_OPEN_DATA_2026,https://data.mesaaz.gov/d/5zhe-5nig,dataset 5zhe-5nig; retrieved 2026-08-22,study-derived after declared sensor and completeness QA
2021-10-06,8.811604432082087,0.002659814683709,0.0,8.495778220659922,10.51101248790432,0.8020476494735737,3.691247553378344,0.0044625486558659,0.0,0.0,0.0,11,32.31435015818196,32.318812706837825,True,0.9998619210211604,2021-10-01,MESA_OPEN_DATA_2026,https://data.mesaaz.gov/d/5zhe-5nig,dataset 5zhe-5nig; retrieved 2026-08-22,study-derived after declared sensor and completeness QA
2021-10-07,8.869026978810629,0.0026594367809593,0.0,8.502967975090776,10.594459910632512,0.7984926880647739,3.6929841052326897,0.0043539010609189,0.0,0.0,0.0328166664888461,11,32.46059109461234,32.497761662162105,True,0.9988562114543094,2021-10-01,MESA_OPEN_DATA_2026,https://data.mesaaz.gov/d/5zhe-5nig,dataset 5zhe-5nig; retrieved 2026-08-22,study-derived after declared sensor and completeness QA
2021-10-08,8.680361350377401,0.0026594367809593,0.0,8.494097277775548,10.586170805677751,0.7550156440585851,3.626534998168548,0.0044145266486642,0.0,0.0,0.0001833333323399,11,32.14483951283879,32.1494373728198,True,0.9998569847450925,2021-10-01,MESA_OPEN_DATA_2026,https://data.mesaaz.gov/d/5zhe-5nig,dataset 5zhe-5nig; retrieved 2026-08-22,study-derived after declared sensor and completeness QA
2021-10-09,8.728057742118835,0.0026594367809593,0.0,8.497002162371883,10.509327458341916,0.6335989793141683,3.5724312759108012,0.0044497800796913,0.0,0.0,0.0,11,31.943077054838565,31.947526834918257,True,0.9998607159764609,2021-10-01,MESA_OPEN_DATA_2026,https://data.mesaaz.gov/d/5zhe-5nig,dataset 5zhe-5nig; retrieved 2026-08-22,study-derived after declared sensor and completeness QA
2021-10-10,8.664688150087992,0.0026594367809593,0.0,8.491749309795441,10.44410575164689,0.8687124963849783,3.5749760891828273,0.0044522700288022,0.0,0.0,0.0,11,32.04689123387909,32.05134350390789,True,0.9998610894414377,2021-10-01,MESA_OPEN_DATA_2026,https://data.mesaaz.gov/d/5zhe-5nig,dataset 5zhe-5nig; retrieved 2026-08-22,study-derived after declared sensor and completeness QA
2021-10-11,8.635885874430338,0.0026594367809593,0.0,8.520595317794466,10.724134115046924,0.874268762084345,3.519447275582287,0.0044730149481135,0.0,0.0,0.0,11,32.27699078171932,32.28146379666743,True,0.9998614370470842,2021-10-01,MESA_OPEN_DATA_2026,https://data.mesaaz.gov/d/5zhe-5nig,dataset 5zhe-5nig; retrieved 2026-08-22,study-derived after declared sensor and completeness QA
2021-10-12,8.804532925287882,0.0026594367809593,0.0,8.507290783915108,10.987479705436558,0.7889890591924389,3.573559055560165,0.0120578539984611,0.0,0.0,0.0,11,32.66451096617311,32.676568820171575,True,0.9996309938762291,2021-10-01,MESA_OPEN_DATA_2026,https://data.mesaaz.gov/d/5zhe-5nig,dataset 5zhe-5nig; retrieved 2026-08-22,study-derived after declared sensor and completeness QA
2021-10-13,2.299517512321472,0.0026594367809593,0.0,8.736868151069643,11.01952124772544,0.8776524305757549,3.6404630231360593,6.589648677113776,0.0,0.0,0.0,11,26.57668180160933,33.166330478723104,True,0.8013151113795609,2021-10-01,MESA_OPEN_DATA_2026,https://data.mesaaz.gov/d/5zhe-5nig,dataset 5zhe-5nig; retrieved 2026-08-22,study-derived after declared sensor and completeness QA
2021-10-14,0.084015409151713,0.0026594367809593,0.0,8.528181095139848,10.965959014254135,0.8619545481421731,3.605300019184748,8.747235675652822,0.0,0.0,0.0,11,24.048069522653577,32.7953051983064,True,0.7332778084314171,2021-10-01,MESA_OPEN_DATA_2026,https://data.mesaaz.gov/d/5zhe-5nig,dataset 5zhe-5nig; retrieved 2026-08-22,study-derived after declared sensor and completeness QA
2021-10-15,0.0,0.0026594367809593,0.0,8.524123547398679,10.875557990791403,0.81037735912121,3.555417022579159,8.844871203104654,0.0,0.0,0.0,11,23.76813535667141,32.61300655977607,True,0.728793136968437,2021-10-01,MESA_OPEN_DATA_2026,https://data.mesaaz.gov/d/5zhe-5nig,dataset 5zhe-5nig; retrieved 2026-08-22,study-derived after declared sensor and completeness QA
2021-10-16,0.0,0.0026594367809593,0.0,8.497872116633387,10.731490161165844,0.614156519713182,3.51036223065522,8.760672450065613,0.0,0.0,0.0,11,23.356540464948594,32.11721291501421,True,0.72722812302402,2021-10-01,MESA_OPEN_DATA_2026,https://data.mesaaz.gov/d/5zhe-5nig,dataset 5zhe-5nig; retrieved 2026-08-22,study-derived after declared sensor and completeness QA
2021-10-17,0.0,0.0026594367809593,0.0,8.550247360290513,10.62778859337171,0.8284080661106906,3.4495082159837085,8.728328029314676,0.0,0.0,0.0,11,23.458611672537582,32.18693970185226,True,0.7288239233004066,2021-10-01,MESA_OPEN_DATA_2026,https://data.mesaaz.gov/d/5zhe-5nig,dataset 5zhe-5nig; retrieved 2026-08-22,study-derived after declared sensor and completeness QA
2021-10-18,0.0,0.0026594367809593,0.0,8.502985715814976,10.906052337752447,1.0633923614190683,3.5065166354179382,8.586463769276937,0.0,0.0,0.0,11,23.98160648718539,32.56807025646233,True,0.7363533147140283,2021-10-01,MESA_OPEN_DATA_2026,https://data.mesaaz.gov/d/5zhe-5nig,dataset 5zhe-5nig; retrieved 2026-08-22,study-derived after declared sensor and completeness QA
2021-10-19,0.0,0.0026594367809593,0.0,9.062409081674586,11.245056345746232,0.8620208315551281,3.670624931653341,8.749741911888123,0.0,0.0,0.0,11,24.842770627410243,33.59251253929837,True,0.7395329717700575,2021-10-01,MESA_OPEN_DATA_2026,https://data.mesaaz.gov/d/5zhe-5nig,dataset 5zhe-5nig; retrieved 2026-08-22,study-derived after declared sensor and completeness QA
2021-10-20,0.0,0.0026594367809593,0.0,9.004922635695785,10.977859727152577,0.9828073926611968,3.6144834140936535,8.761048595110575,0.0,0.0,0.0,11,24.58273260638417,33.34378120149474,True,0.7372508971862546,2021-10-01,MESA_OPEN_DATA_2026,https://data.mesaaz.gov/d/5zhe-5nig,dataset 5zhe-5nig; retrieved 2026-08-22,study-derived after declared sensor and completeness QA
2021-10-21,0.0,0.0026594367809593,0.0,9.012335854532688,10.926816747317892,0.7311874837097194,3.652675116062164,8.723757664362589,0.0,0.0,0.0,11,24.32567463840342,33.04943230276601,True,0.7360391069824074,2021-10-01,MESA_OPEN_DATA_2026,https://data.mesaaz.gov/d/5zhe-5nig,dataset 5zhe-5nig; retrieved 2026-08-22,study-derived after declared sensor and completeness QA
2021-10-22,4.321694215138753,0.0026594367809593,0.0,9.024245439400987,10.858206632254008,0.8326210001164915,3.7333249688148498,4.590690930684407,0.0,0.0,0.0,11,28.772751692506052,33.36344262319046,True,0.8624035600123148,2021-10-01,MESA_OPEN_DATA_2026,https://data.mesaaz.gov/d/5zhe-5nig,dataset 5zhe-5nig; retrieved 2026-08-22,study-derived after declared sensor and completeness QA
2021-10-23,8.606767455736795,0.0026594367809593,0.0,9.005648558123578,10.959169454977546,0.8294073779519886,3.725074905157089,0.188107923255302,0.0,0.0,0.0,11,33.12872718872796,33.31683511198326,True,0.9943539678176802,2021-10-01,MESA_OPEN_DATA_2026,https://data.mesaaz.gov/d/5zhe-5nig,dataset 5zhe-5nig; retrieved 2026-08-22,study-derived after declared sensor and completeness QA
2021-10-24,8.927562912305197,0.0026594367809593,0.0,8.991733390534128,10.652474513113749,0.8299547822236684,3.751775091886521,0.004282527428586,0.0,0.0,0.0,11,33.15616012684422,33.160442654272806,True,0.9998708543346893,2021-10-01,MESA_OPEN_DATA_2026,https://data.mesaaz.gov/d/5zhe-5nig,dataset 5zhe-5nig; retrieved 2026-08-22,study-derived after declared sensor and completeness QA
2021-10-25,8.740992148717245,0.0026594367809593,0.0,9.60315372279085,10.997997709754465,1.0564157371324807,3.7619164613386,0.0042587051478525,0.0,0.0,0.0,11,34.163135216514604,34.16739392166246,True,0.9998753576243591,2021-10-01,MESA_OPEN_DATA_2026,https://data.mesaaz.gov/d/5zhe-5nig,dataset 5zhe-5nig; retrieved 2026-08-22,study-derived after declared sensor and completeness QA
2021-10-26,8.516872922579447,0.0026594367809593,0.0,8.96269588279579,11.20949141306584,1.2944152869284151,3.86017219664322,0.0043073407529542,0.0,0.0,0.0,11,33.84630713879368,33.85061447954663,True,0.999872754429449,2021-10-01,MESA_OPEN_DATA_2026,https://data.mesaaz.gov/d/5zhe-5nig,dataset 5zhe-5nig; retrieved 2026-08-22,study-derived after declared sensor and completeness QA
2021-10-27,8.623310883839926,0.0026594367809593,0.0,9.063795480636148,10.924912359258952,1.2486239762769804,3.716220806621843,0.0042404966079629,0.0,0.0,0.0,11,33.57952294341481,33.58376344002277,True,0.9998737337280399,2021-10-01,MESA_OPEN_DATA_2026,https://data.mesaaz.gov/d/5zhe-5nig,dataset 5zhe-5nig; retrieved 2026-08-22,study-derived after declared sensor and completeness QA
2021-10-28,7.631695806980133,0.0026594367809593,0.0,9.01300373848816,10.858081228592816,1.5038894630440087,3.618842043396499,0.5858560065583637,0.0,0.0,0.0,11,32.62817171728258,33.21402772384094,True,0.9823611875250576,2021-10-01,MESA_OPEN_DATA_2026,https://data.mesaaz.gov/d/5zhe-5nig,dataset 5zhe-5nig; retrieved 2026-08-22,study-derived after declared sensor and completeness QA
2021-10-29,8.001191198825836,0.0026594367809593,0.0,8.997446941337383,10.74000756246369,1.5465697619954912,3.6100670721795822,0.0295662638770105,0.0,0.0,0.0,11,32.897941973582945,32.92750823745995,True,0.9991020801311843,2021-10-01,MESA_OPEN_DATA_2026,https://data.mesaaz.gov/d/5zhe-5nig,dataset 5zhe-5nig; retrieved 2026-08-22,study-derived after declared sensor and completeness QA
2021-10-30,8.010152578353882,0.0026594367809593,0.0,9.00288854855466,10.66624370238048,1.3092290867005882,3.631808996614483,0.0042608129442669,0.0,0.0,0.0,11,32.62298234938505,32.627243162329314,True,0.9998694093484065,2021-10-01,MESA_OPEN_DATA_2026,https://data.mesaaz.gov/d/5zhe-5nig,dataset 5zhe-5nig; retrieved 2026-08-22,study-derived after declared sensor and completeness QA
2021-10-31,7.868066251277924,0.0026594367809593,0.0,9.644636879449639,10.816877649393344,1.6751768828794105,3.6437656778014373,0.004181651728382901,0.0,0.0,0.0,11,33.65118277758271,33.65536442931109,True,0.9998757508112217,2021-10-01,MESA_OPEN_DATA_2026,https://data.mesaaz.gov/d/5zhe-5nig,dataset 5zhe-5nig; retrieved 2026-08-22,study-derived after declared sensor and completeness QA
2021-11-02,7.82455591360728,0.0026594367809593,0.0,8.9970293074555,11.089013337426715,1.5727781303154411,3.6641910072002144,0.0041491803325091,0.0,0.0,0.0,11,33.150227132786114,33.154376313118625,True,0.9998748527104439,2021-11-01,MESA_OPEN_DATA_2026,https://data.mesaaz.gov/d/5zhe-5nig,dataset 5zhe-5nig; retrieved 2026-08-22,study-derived after declared sensor and completeness QA
2021-11-03,7.89466134707133,0.0026594367809593,0.0,9.21109615892569,10.817732298889586,1.817052223141147,3.6540868493417897,0.0041120391300258,0.0,0.0,0.0,11,33.3972883141505,33.40140035328053,True,0.9998768902175796,2021-11-01,MESA_OPEN_DATA_2026,https://data.mesaaz.gov/d/5zhe-5nig,dataset 5zhe-5nig; retrieved 2026-08-22,study-derived after declared sensor and completeness QA
2021-11-04,7.993188122908275,0.0026594367809593,0.0,8.934491463772625,10.748125784908495,1.5539000080277523,3.6490433331992898,0.004137688394015,0.0,0.0,0.0,11,32.8814081495974,32.885545837991415,True,0.9998741791176463,2021-11-01,MESA_OPEN_DATA_2026,https://data.mesaaz.gov/d/5zhe-5nig,dataset 5zhe-5nig; retrieved 2026-08-22,study-derived after declared sensor and completeness QA
2021-11-05,8.040729542573294,0.0026594367809593,0.0,9.028268551601386,10.880673547363816,1.6174067348075776,3.6460259502960577,0.004133881535381,0.0,0.0,0.0,11,33.21576376342309,33.21989764495847,True,0.9998755600760857,2021-11-01,MESA_OPEN_DATA_2026,https://data.mesaaz.gov/d/5zhe-5nig,dataset 5zhe-5nig; retrieved 2026-08-22,study-derived after declared sensor and completeness QA
2021-11-06,8.043317794799805,0.0026594367809593,0.0,9.263037035197572,10.7689738124609,1.4681666361788908,3.615269105881453,0.0041678234119899,0.0,0.0,0.0,11,33.16142382129958,33.16559164471157,True,0.9998743329093406,2021-11-01,MESA_OPEN_DATA_2026,https://data.mesaaz.gov/d/5zhe-5nig,dataset 5zhe-5nig; retrieved 2026-08-22,study-derived after declared sensor and completeness QA
2021-11-07,7.9821231563886,0.0026594367809593,0.0,9.31946238303626,10.76208515531487,1.49443233932058,3.577329764763514,0.0041718910797499,0.0,0.0,0.0,11,33.13809223560478,33.14226412668453,True,0.9998741217237361,2021-11-01,MESA_OPEN_DATA_2026,https://data.mesaaz.gov/d/5zhe-5nig,dataset 5zhe-5nig; retrieved 2026-08-22,study-derived after declared sensor and completeness QA
2021-11-08,7.817162275314331,0.0026594367809593,0.0,10.512307232971544,11.123728354771933,1.6698084961170931,3.619625377572245,0.0041421678421708,0.0,0.0,0.0,11,34.74529117352811,34.74943334137028,True,0.9998807989816272,2021-11-01,MESA_OPEN_DATA_2026,https://data.mesaaz.gov/d/5zhe-5nig,dataset 5zhe-5nig; retrieved 2026-08-22,study-derived after declared sensor and completeness QA
2021-11-09,7.868470788002014,0.0026594367809593,0.0,9.323568242607289,11.271497334029114,1.8422908780475455,3.715163967344496,0.004429906179818,0.0,0.0,0.0,11,34.02365064681142,34.028080552991234,True,0.9998698161604233,2021-11-01,MESA_OPEN_DATA_2026,https://data.mesaaz.gov/d/5zhe-5nig,dataset 5zhe-5nig; retrieved 2026-08-22,study-derived after declared sensor and completeness QA
2021-11-10,7.947510937849681,0.0026594367809593,0.0,9.57939370205005,11.091179090622076,1.6704262177563376,3.6465609630776776,0.0041483638924546,0.0,0.0,0.0,11,33.937730348136775,33.94187871202923,True,0.9998777803689757,2021-11-01,MESA_OPEN_DATA_2026,https://data.mesaaz.gov/d/5zhe-5nig,dataset 5zhe-5nig; retrieved 2026-08-22,study-derived after declared sensor and completeness QA
2021-11-11,8.050142884254456,0.0026594367809593,0.0,9.171618319335913,10.902313634356142,1.5073124973310366,3.669800074895223,0.0041323603557733,0.0,0.0,0.0,11,33.303846846953725,33.3079792073095,True,0.9998759348224023,2021-11-01,MESA_OPEN_DATA_2026,https://data.mesaaz.gov/d/5zhe-5nig,dataset 5zhe-5nig; retrieved 2026-08-22,study-derived after declared sensor and completeness QA
2021-11-12,8.049635847409567,0.0026594367809593,0.0,9.390426415787037,10.780066265993648,1.4207334151922162,3.5598935400446257,0.0041123071180966,0.0,0.0,0.0,11,33.20341492120805,33.20752722832615,True,0.9998761634044647,2021-11-01,MESA_OPEN_DATA_2026,https://data.mesaaz.gov/d/5zhe-5nig,dataset 5zhe-5nig; retrieved 2026-08-22,study-derived after declared sensor and completeness QA
2021-11-13,7.905223588148753,0.0026594367809593,0.0,8.842843070811899,11.01281308693408,1.5459062962068453,3.574866714080174,0.0041302163153886,0.0,0.0,0.0,11,32.88431219296271,32.8884424092781,True,0.9998744173936853,2021-11-01,MESA_OPEN_DATA_2026,https://data.mesaaz.gov/d/5zhe-5nig,dataset 5zhe-5nig; retrieved 2026-08-22,study-derived after declared sensor and completeness QA
2021-11-14,8.027471403280893,0.0026594367809593,0.0,8.991189274417598,11.145793455023515,1.4364846549107273,3.4609583715597787,0.0041557325942752,0.0,0.0,0.0,11,33.06455659597347,33.06871232856775,True,0.9998743303775186,2021-11-01,MESA_OPEN_DATA_2026,https://data.mesaaz.gov/d/5zhe-5nig,dataset 5zhe-5nig; retrieved 2026-08-22,study-derived after declared sensor and completeness QA
2021-11-15,7.803726057211558,0.0026594367809593,0.0,9.344659956185875,11.334697089374314,1.681521518256966,3.590900007883708,0.0041311827759879,0.0,0.0,0.0,11,33.758164065693386,33.76229524846937,True,0.9998776391609165,2021-11-01,MESA_OPEN_DATA_2026,https://data.mesaaz.gov/d/5zhe-5nig,dataset 5zhe-5nig; retrieved 2026-08-22,study-derived after declared sensor and completeness QA
2021-11-16,7.79532657066981,0.0026594367809593,3.756275071700414,9.010506562718042,11.436256360143132,1.8868368301126692,3.6683582444985703,0.0040885688698229,0.0,0.0,0.0,11,37.5562190766236,37.560307645493424,True,0.9998911465553367,2021-11-01,MESA_OPEN_DATA_2026,https://data.mesaaz.gov/d/5zhe-5nig,dataset 5zhe-5nig; retrieved 2026-08-22,study-derived after declared sensor and completeness QA
2021-11-17,8.062240997950235,0.0026594367809593,4.243400080998739,9.001021715817204,11.0824004878755,1.644888055672732,3.587683226664861,0.0040797207814951,0.0,0.0,0.0,11,37.62429400176022,37.62837372254172,True,0.9998915786047098,2021-11-01,MESA_OPEN_DATA_2026,https://data.mesaaz.gov/d/5zhe-5nig,dataset 5zhe-5nig; retrieved 2026-08-22,study-derived after declared sensor and completeness QA
2021-11-18,8.039997140566507,0.0026594367809593,3.980930732356178,9.047292137620584,10.937479318948736,1.519379054886575,3.5770832359790803,0.0040760568808764,0.0,0.0,0.0,11,37.10482105713862,37.1088971140195,True,0.9998901595790263,2021-11-01,MESA_OPEN_DATA_2026,https://data.mesaaz.gov/d/5zhe-5nig,dataset 5zhe-5nig; retrieved 2026-08-22,study-derived after declared sensor and completeness QA
2021-11-19,8.041593670845032,0.0026594367809593,8.074000358581543,9.20851888896076,11.043079691226255,1.4910833450655143,3.6156749367713927,0.0040814730649193,0.0,0.0,0.0,11,41.47661032823145,41.48069180129637,True,0.9999016054726263,2021-11-01,MESA_OPEN_DATA_2026,https://data.mesaaz.gov/d/5zhe-5nig,dataset 5zhe-5nig; retrieved 2026-08-22,study-derived after declared sensor and completeness QA
2021-11-20,8.041101932525635,0.0026594367809593,8.074000358581543,9.015021777540763,10.978187716250382,1.4804527910016778,3.5188173493009174,0.0040752307589476,0.0,0.0,0.0,11,41.11024136198187,41.11431659274082,True,0.9999008804937872,2021-11-01,MESA_OPEN_DATA_2026,https://data.mesaaz.gov/d/5zhe-5nig,dataset 5zhe-5nig; retrieved 2026-08-22,study-derived after declared sensor and completeness QA
2021-11-21,8.0938427845637,0.0026594367809593,4.42948630783293,9.173264773601293,11.048781832667151,1.468533386124505,3.4584999442100526,0.0041037102152283,0.0,0.0,0.0,11,37.67506846578059,37.67917217599582,True,0.9998910881004482,2021-11-01,MESA_OPEN_DATA_2026,https://data.mesaaz.gov/d/5zhe-5nig,dataset 5zhe-5nig; retrieved 2026-08-22,study-derived after declared sensor and completeness QA
2021-11-22,7.852977474530538,0.0026594367809593,0.0,9.096376341541632,11.511092943697124,1.754657994914386,3.4976654161181715,0.0040545950566108,0.0,0.0,0.0,11,33.715429607582806,33.719484202639414,True,0.9998797551281555,2021-11-01,MESA_OPEN_DATA_2026,https://data.mesaaz.gov/d/5zhe-5nig,dataset 5zhe-5nig; retrieved 2026-08-22,study-derived after declared sensor and completeness QA
2021-11-23,7.869058946768443,0.0026594367809593,3.9754583372010126,9.429762597235644,11.622246565090286,1.6552478363116585,3.6140216232173974,0.0040409056042941,0.0,0.0,0.0,11,38.1684553426054,38.17249624820969,True,0.9998941409129228,2021-11-01,MESA_OPEN_DATA_2026,https://data.mesaaz.gov/d/5zhe-5nig,dataset 5zhe-5nig; retrieved 2026-08-22,study-derived after declared sensor and completeness QA
2021-11-24,7.965059876441956,0.0026594367809593,4.225966670778063,9.123620982036982,11.258210614654754,1.5964939547430657,3.5465770003696284,0.004062847525347,0.0,0.0,0.0,11,37.71858853580542,37.72265138333076,True,0.9998922968726651,2021-11-01,MESA_OPEN_DATA_2026,https://data.mesaaz.gov/d/5zhe-5nig,dataset 5zhe-5nig; retrieved 2026-08-22,study-derived after declared sensor and completeness QA
2021-11-25,7.897574583689372,0.0026594367809593,0.0,9.018397573818522,11.105534759494994,1.440211427460114,3.4706381997300517,0.004029244009871,0.0,0.0,0.0,11,32.935015980974015,32.939045224983886,True,0.9998776757497873,2021-11-01,MESA_OPEN_DATA_2026,https://data.mesaaz.gov/d/5zhe-5nig,dataset 5zhe-5nig; retrieved 2026-08-22,study-derived after declared sensor and completeness QA
2021-11-26,7.892042418320973,0.0026594367809593,0.0,9.030137313547192,11.432912066247727,1.7693113250676051,3.588000745077928,0.0039911437779664,0.0,0.0,0.0,11,33.715063305042385,33.71905444882035,True,0.999881635358903,2021-11-01,MESA_OPEN_DATA_2026,https://data.mesaaz.gov/d/5zhe-5nig,dataset 5zhe-5nig; retrieved 2026-08-22,study-derived after declared sensor and completeness QA
2021-11-27,7.818213999271393,0.0026594367809593,0.0,9.0864705830578,11.507711635695564,1.777358284468452,3.623696252289746,0.0041172433023651,0.0,0.0,0.0,11,33.816110191563915,33.82022743486628,True,0.9998782609220976,2021-11-01,MESA_OPEN_DATA_2026,https://data.mesaaz.gov/d/5zhe-5nig,dataset 5zhe-5nig; retrieved 2026-08-22,study-derived after declared sensor and completeness QA
2021-11-28,7.636278033256531,0.0026594367809593,0.0,9.10481975845183,10.533292694886525,1.3366489415367444,3.338499966594908,0.0041093176114372,0.0,0.0,0.0,11,31.952198831507502,31.95630814911894,True,0.9998714082492802,2021-11-01,MESA_OPEN_DATA_2026,https://data.mesaaz.gov/d/5zhe-5nig,dataset 5zhe-5nig; retrieved 2026-08-22,study-derived after declared sensor and completeness QA
2021-11-29,7.656480034192403,0.0026594367809593,0.0,10.28341055550262,11.157946261763572,1.752530209471782,3.4965936570531793,0.0040708139228324,0.0,0.0,0.0,11,34.349620154764516,34.353690968687346,True,0.9998815028659791,2021-11-01,MESA_OPEN_DATA_2026,https://data.mesaaz.gov/d/5zhe-5nig,dataset 5zhe-5nig; retrieved 2026-08-22,study-derived after declared sensor and completeness QA
2021-11-30,7.810087343056997,0.0026594367809593,4.012472912669182,9.388423801305159,11.32991326802944,1.7462703377340034,3.6275571934464903,0.0195338655127367,0.0,0.0,0.0,11,37.91738429302224,37.93691815853497,True,0.9994850961422036,2021-11-01,MESA_OPEN_DATA_2026,https://data.mesaaz.gov/d/5zhe-5nig,dataset 5zhe-5nig; retrieved 2026-08-22,study-derived after declared sensor and completeness QA
2021-12-02,8.101816674073538,0.0026594367809593,0.0,9.25582456746259,11.115112198649587,1.3001998230253802,3.5355643203688993,0.0041093320663397,0.0,0.0,0.0,11,33.31117702036096,33.3152863524273,True,0.9998766532569202,2021-12-01,MESA_OPEN_DATA_2026,https://data.mesaaz.gov/d/5zhe-5nig,dataset 5zhe-5nig; retrieved 2026-08-22,study-derived after declared sensor and completeness QA
2021-12-03,7.858112255732219,0.0026594367809593,0.0,9.019356831143236,10.841173895289389,1.5316070783287494,3.519139135746034,0.0040735445994262,0.0,0.0,0.0,11,32.77204863302059,32.77612217762002,True,0.9998757160905932,2021-12-01,MESA_OPEN_DATA_2026,https://data.mesaaz.gov/d/5zhe-5nig,dataset 5zhe-5nig; retrieved 2026-08-22,study-derived after declared sensor and completeness QA
2021-12-04,7.9067473610242205,0.0026594367809593,0.0,9.012970380079556,10.910593291567691,1.3844665018335047,3.353449651350578,0.0040943506755866,0.0,0.0,0.0,11,32.57088662263651,32.574980973312094,True,0.9998743099595686,2021-12-01,MESA_OPEN_DATA_2026,https://data.mesaaz.gov/d/5zhe-5nig,dataset 5zhe-5nig; retrieved 2026-08-22,study-derived after declared sensor and completeness QA
2021-12-05,7.924897650877635,0.0026594367809593,0.0,9.023915129679285,10.9139627546072,1.4667836843428923,3.3718263680736222,0.0040871657353515,0.0,0.0,0.0,11,32.70404502436159,32.70813219009694,True,0.9998750412982437,2021-12-01,MESA_OPEN_DATA_2026,https://data.mesaaz.gov/d/5zhe-5nig,dataset 5zhe-5nig; retrieved 2026-08-22,study-derived after declared sensor and completeness QA
2021-12-06,7.83639270067215,0.0026594367809593,0.0,9.218878891546996,11.241842008961571,1.632424324668116,3.443372505489323,0.0040783107591172,0.0,0.0,0.0,11,33.375569868119115,33.379648178878234,True,0.9998778204390513,2021-12-01,MESA_OPEN_DATA_2026,https://data.mesaaz.gov/d/5zhe-5nig,dataset 5zhe-5nig; retrieved 2026-08-22,study-derived after declared sensor and completeness QA
2021-12-07,7.8009715874989825,0.0026594367809593,4.0361709276835125,8.937230049332229,11.639623255450743,1.7097186143185767,3.5639455081688034,0.0041178161821638,0.0,0.0,0.0,11,37.6903193792338,37.694437195415965,True,0.9998907579874234,2021-12-01,MESA_OPEN_DATA_2026,https://data.mesaaz.gov/d/5zhe-5nig,dataset 5zhe-5nig; retrieved 2026-08-22,study-derived after declared sensor and completeness QA
2021-12-08,7.9429124395052595,0.0026594367809593,4.465898021062215,9.06688485655428,11.264271394255456,1.6833974231221822,3.469839097895662,0.0041150725640666,0.0,0.0,0.0,11,37.89586266917601,37.89997774174008,True,0.9998914228237253,2021-12-01,MESA_OPEN_DATA_2026,https://data.mesaaz.gov/d/5zhe-5nig,dataset 5zhe-5nig; retrieved 2026-08-22,study-derived after declared sensor and completeness QA
2021-12-09,8.019951661427816,0.0026594367809593,0.0,8.90805694047924,10.9920912381657,1.4051267045620093,3.416478363507324,0.0041877814025307,0.0,0.0,0.0,11,32.74436434492305,32.74855212632558,True,0.9998721231587163,2021-12-01,MESA_OPEN_DATA_2026,https://data.mesaaz.gov/d/5zhe-5nig,dataset 5zhe-5nig; retrieved 2026-08-22,study-derived after declared sensor and completeness QA
2021-12-10,8.058701276779175,0.0026594367809593,4.838104124863943,9.063831209146464,11.007611919344717,1.2601993927040418,3.5676612546874416,0.004202757787425,0.0,0.0,0.0,11,37.798768614306745,37.80297137209417,True,0.9998888246707895,2021-12-01,MESA_OPEN_DATA_2026,https://data.mesaaz.gov/d/5zhe-5nig,dataset 5zhe-5nig; retrieved 2026-08-22,study-derived after declared sensor and completeness QA
2021-12-11,8.111504912376404,0.0026594367809593,4.825840236081017,9.076034490869,11.035467859724877,1.4707391678209265,3.496659078862932,0.0041720432733806,0.0,0.0,0.0,11,38.018905182516114,38.02307722578949,True,0.9998902760224112,2021-12-01,MESA_OPEN_DATA_2026,https://data.mesaaz.gov/d/5zhe-5nig,dataset 5zhe-5nig; retrieved 2026-08-22,study-derived after declared sensor and completeness QA
2021-12-12,8.27000113328298,0.0026594367809593,0.0,9.073644274573892,11.48729061177536,1.4475842403004096,3.4781624267498654,0.0041053702201073,0.0,0.0,0.0,11,33.75934212346347,33.76344749368358,True,0.9998784078485801,2021-12-01,MESA_OPEN_DATA_2026,https://data.mesaaz.gov/d/5zhe-5nig,dataset 5zhe-5nig; retrieved 2026-08-22,study-derived after declared sensor and completeness QA
2021-12-13,7.833790043989818,0.0026594367809593,0.0,10.317483333823857,11.414569438004694,1.4985070172047847,3.46115354418009,0.0041686244658194,0.0,0.0,0.0,11,34.5281628139842,34.53233143845002,True,0.9998792834340406,2021-12-01,MESA_OPEN_DATA_2026,https://data.mesaaz.gov/d/5zhe-5nig,dataset 5zhe-5nig; retrieved 2026-08-22,study-derived after declared sensor and completeness QA
2021-12-14,7.628256519635518,0.0026594367809593,0.0,10.065149002388816,11.61800894136982,1.6451745027461204,3.5759526810712283,0.1341469961528976,0.0,0.0,0.0,11,34.53520108399246,34.66934808014536,True,0.9961306743973728,2021-12-01,MESA_OPEN_DATA_2026,https://data.mesaaz.gov/d/5zhe-5nig,dataset 5zhe-5nig; retrieved 2026-08-22,study-derived after declared sensor and completeness QA
2021-12-15,7.969437817732493,0.0026594367809593,0.0,10.175577212348076,11.280118303795236,1.4409756867422,3.5185325264930727,0.0099978788639418,0.0,0.0,0.0,11,34.38730098389204,34.39729886275598,True,0.9997093411635654,2021-12-01,MESA_OPEN_DATA_2026,https://data.mesaaz.gov/d/5zhe-5nig,dataset 5zhe-5nig; retrieved 2026-08-22,study-derived after declared sensor and completeness QA
2021-12-16,7.893725017706553,0.0026594367809593,0.0,8.704853693701207,10.937530793323168,1.3928055862585704,3.4991715985867713,0.0043955362828758,0.0,0.0,0.0,11,32.430746126357235,32.43514166264011,True,0.9998644822850291,2021-12-01,MESA_OPEN_DATA_2026,https://data.mesaaz.gov/d/5zhe-5nig,dataset 5zhe-5nig; retrieved 2026-08-22,study-derived after declared sensor and completeness QA
2021-12-17,7.907878001530965,0.0026594367809593,4.377854092584716,4.877164841094594,11.0212675457719,1.3871805233259995,3.4742256724172167,0.004337493078007,0.0097777777247958,0.0,0.0,11,33.04823011350635,33.06234538430915,True,0.9995730710982925,2021-12-01,MESA_OPEN_DATA_2026,https://data.mesaaz.gov/d/5zhe-5nig,dataset 5zhe-5nig; retrieved 2026-08-22,study-derived after declared sensor and completeness QA
2021-12-18,7.942102511723836,0.0026594367809593,7.899935311079025,8.982970514168152,11.073104982965448,1.2810174055159176,3.382830525106854,0.0044471476188239,14.078242979447047,0.0,0.0,11,40.564620687340195,54.64731081440607,True,0.742298570282924,2021-12-01,MESA_OPEN_DATA_2026,https://data.mesaaz.gov/d/5zhe-5nig,dataset 5zhe-5nig; retrieved 2026-08-22,study-derived after declared sensor and completeness QA
2021-12-19,7.8718496561050415,0.0026594367809593,4.465289538105329,9.047316405971843,11.0759637506279,1.4374575127783846,3.328487567769157,0.0044387909389721,11.533958523803287,0.0,0.0,11,37.22902386813862,48.767421182880874,True,0.7633994778712505,2021-12-01,MESA_OPEN_DATA_2026,https://data.mesaaz.gov/d/5zhe-5nig,dataset 5zhe-5nig; retrieved 2026-08-22,study-derived after declared sensor and completeness QA
2021-12-20,7.7264222502708435,0.0026594367809593,3.863460396064653,8.925434434999177,11.9008045302497,1.611228204920701,3.4033112940688928,0.0044727245888983,0.0,0.0,0.6072153508456217,11,37.433320547354924,38.045008622789446,True,0.9839219887817791,2021-12-01,MESA_OPEN_DATA_2026,https://data.mesaaz.gov/d/5zhe-5nig,dataset 5zhe-5nig; retrieved 2026-08-22,study-derived after declared sensor and completeness QA
2021-12-21,7.626829961935679,0.0026594367809593,4.071114561623997,8.89065661288246,14.022088145479186,1.6725056549438349,3.487238667243057,0.004560527857393,0.0,0.0,1.5577727409079671,11,39.77309304088917,41.33542630965453,True,0.9622035283472944,2021-12-01,MESA_OPEN_DATA_2026,https://data.mesaaz.gov/d/5zhe-5nig,dataset 5zhe-5nig; retrieved 2026-08-22,study-derived after declared sensor and completeness QA
2021-12-22,7.769888202349345,0.0026594367809593,0.0,9.361061904435807,12.0738704748087,1.5326274155742592,3.484036217133204,0.0045696026839626,0.0,0.0,0.0021652777989705,11,34.22414365108227,34.23087853156521,True,0.9998032513107507,2021-12-01,MESA_OPEN_DATA_2026,https://data.mesaaz.gov/d/5zhe-5nig,dataset 5zhe-5nig; retrieved 2026-08-22,study-derived after declared sensor and completeness QA
2021-12-23,7.800297955671947,0.0026594367809593,0.0,9.18221620703352,11.54236604588898,1.393822187659132,3.4146562837064267,0.0045559215359389,0.0,0.0,0.0,11,33.336018116740966,33.340574038276905,True,0.9998633520367494,2021-12-01,MESA_OPEN_DATA_2026,https://data.mesaaz.gov/d/5zhe-5nig,dataset 5zhe-5nig; retrieved 2026-08-22,study-derived after declared sensor and completeness QA
2021-12-24,7.824008127053578,0.0026594367809593,4.3338889545864525,2.78737347249624,11.243346792459487,1.5141159767318668,3.4318361728555624,0.0045783819708352,0.024708334604899,0.0,0.0,11,31.137228932964142,31.166515649539875,True,0.9990603147010383,2021-12-01,MESA_OPEN_DATA_2026,https://data.mesaaz.gov/d/5zhe-5nig,dataset 5zhe-5nig; retrieved 2026-08-22,study-derived after declared sensor and completeness QA
2021-12-28,7.552513420581818,0.0026594367809593,4.322949806849162,9.04138641870422,10.54837626516819,1.5186653496085347,3.355717053843869,0.0044715423719026,29.408458866675694,0.0,0.0,11,36.34226775153675,65.75519816058434,True,0.5526904148746282,2021-12-01,MESA_OPEN_DATA_2026,https://data.mesaaz.gov/d/5zhe-5nig,dataset 5zhe-5nig; retrieved 2026-08-22,study-derived after declared sensor and completeness QA
2021-12-29,7.683573404947917,0.0026594367809593,0.0,9.023146180784376,11.016151061322956,1.7721156160036722,3.425409839799007,0.0045515479869209,6.720652796824774,0.0,0.0,11,32.92305553963889,39.64825988445058,True,0.8303783226701151,2021-12-01,MESA_OPEN_DATA_2026,https://data.mesaaz.gov/d/5zhe-5nig,dataset 5zhe-5nig; retrieved 2026-08-22,study-derived after declared sensor and completeness QA
2021-12-30,7.671786944071452,0.0026594367809593,0.0,9.44234831232015,10.7049568402419,1.4964562270671171,3.2842413129078016,0.0045808015080789,0.0,0.0,0.0,11,32.60244907338938,32.60702987489746,True,0.9998595149105683,2021-12-01,MESA_OPEN_DATA_2026,https://data.mesaaz.gov/d/5zhe-5nig,dataset 5zhe-5nig; retrieved 2026-08-22,study-derived after declared sensor and completeness QA
2021-12-31,7.737236698468527,0.0026594367809593,2.055739898979664,9.606676322134064,10.79951570013992,1.4759856173823196,3.371756923488445,0.0046633822591198495,0.0,0.0,0.0,11,35.0495705973739,35.05423397963302,True,0.9998669666476858,2021-12-01,MESA_OPEN_DATA_2026,https://data.mesaaz.gov/d/5zhe-5nig,dataset 5zhe-5nig; retrieved 2026-08-22,study-derived after declared sensor and completeness QA
2022-01-02,7.745402157306671,0.0026594367809593,4.4590040981769565,5.0262268314138705,11.193290484613842,1.676768134465967,3.4272274039685726,0.0047018311646146,0.0078333331478966,0.0,0.0,11,33.53057854672684,33.543113711039354,True,0.9996262969377112,2022-01-01,MESA_OPEN_DATA_2026,https://data.mesaaz.gov/d/5zhe-5nig,dataset 5zhe-5nig; retrieved 2026-08-22,study-derived after declared sensor and completeness QA
2022-01-03,7.68551657597224,0.0026594367809593,4.006444422735108,5.523383326967065,11.139336111479336,1.3643497366619244,3.3030981701281337,0.0046837223732533,5.639819311433368,3.407596723349006,0.0,11,33.024787780724765,42.076887537880395,True,0.7848676485634464,2022-01-01,MESA_OPEN_DATA_2026,https://data.mesaaz.gov/d/5zhe-5nig,dataset 5zhe-5nig; retrieved 2026-08-22,study-derived after declared sensor and completeness QA
2022-01-04,7.6436047951380415,0.0026594367809593,3.952666645248731,5.528736213551105,11.394441213872698,1.5591244828966295,3.486378875540362,0.0047239535100137,5.508153006103304,4.514575071991594,0.0,11,33.56761166302852,43.59506369463344,True,0.7699865264140147,2022-01-01,MESA_OPEN_DATA_2026,https://data.mesaaz.gov/d/5zhe-5nig,dataset 5zhe-5nig; retrieved 2026-08-22,study-derived after declared sensor and completeness QA
2022-01-05,7.81136167049408,0.0026594367809593,0.0,6.5894975511327765,11.4450028859652,1.60814931947324,3.501873702969816,0.0049597127363085,4.174194273021486,4.495029052098592,0.0,11,30.958544566816073,39.63272760467246,True,0.7811358550847317,2022-01-01,MESA_OPEN_DATA_2026,https://data.mesaaz.gov/d/5zhe-5nig,dataset 5zhe-5nig; retrieved 2026-08-22,study-derived after declared sensor and completeness QA
2022-01-06,7.855397979418437,0.0026594367809593,0.0,1.9097153533977584,10.91863944579483,1.3675494425027426,3.468298369108364,0.0049047840099471,0.026930554707845,4.585873576667574,0.0,11,25.52226002700309,30.139968942388457,True,0.8467911853455469,2022-01-01,MESA_OPEN_DATA_2026,https://data.mesaaz.gov/d/5zhe-5nig,dataset 5zhe-5nig; retrieved 2026-08-22,study-derived after declared sensor and completeness QA
2022-01-08,7.878597736358643,0.0026594367809593,7.837701347139147,3.7732203704230503,10.95435631275177,1.1488182548858994,3.441593663725588,0.0048004368630548,25.722721993923187,4.5520542124907175,0.0,11,35.03694712206506,65.31652376534203,True,0.5364178174567247,2022-01-01,MESA_OPEN_DATA_2026,https://data.mesaaz.gov/d/5zhe-5nig,dataset 5zhe-5nig; retrieved 2026-08-22,study-derived after declared sensor and completeness QA
2022-01-09,7.7792507608731585,0.0026594367809593,4.427034737335311,5.7613959182427195,10.958870476484298,1.2582967134405312,3.361731309692065,0.0049432222731411,13.289736301369135,4.474100636939208,0.0,11,33.54923935284904,51.31801951343052,True,0.6537516387215375,2022-01-01,MESA_OPEN_DATA_2026,https://data.mesaaz.gov/d/5zhe-5nig,dataset 5zhe-5nig; retrieved 2026-08-22,study-derived after declared sensor and completeness QA
2022-01-10,7.643602351347606,0.0026594367809593,0.0,5.9687201521147895,11.550975813468296,1.3165104537787211,3.378837449517515,0.0047131048243803,5.914638736512926,4.52593291633659,0.0,11,29.86130565700789,40.30659041468178,True,0.7408541717319467,2022-01-01,MESA_OPEN_DATA_2026,https://data.mesaaz.gov/d/5zhe-5nig,dataset 5zhe-5nig; retrieved 2026-08-22,study-derived after declared sensor and completeness QA
2022-01-11,7.551942527294159,0.0026594367809593,4.031166672706604,7.359899763950023,11.910864265759786,1.671320549801759,3.460259687734975,0.0049878901142316,9.237152777777778,4.564949727334358,0.0,11,35.98811290402826,49.79520329925463,True,0.7227224816766027,2022-01-01,MESA_OPEN_DATA_2026,https://data.mesaaz.gov/d/5zhe-5nig,dataset 5zhe-5nig; retrieved 2026-08-22,study-derived after declared sensor and completeness QA
2022-01-12,7.807825883229573,0.0026594367809593,4.169075006246567,4.4588840276461115,11.380627105633415,1.3796204810022976,3.3648757754100695,0.00487766143245,0.0143622749332763,4.817648451195823,0.0,11,32.56356771594899,37.40045610351054,True,0.8706730106666388,2022-01-01,MESA_OPEN_DATA_2026,https://data.mesaaz.gov/d/5zhe-5nig,dataset 5zhe-5nig; retrieved 2026-08-22,study-derived after declared sensor and completeness QA
2022-01-14,7.871820032596588,0.0026594367809593,0.0,0.5658176267707489,11.14335655371348,1.1907939870239714,3.3048104820979964,0.0046472805358159,25.54317926257739,4.674023605993501,0.0,11,24.07925811898374,54.301108268090445,True,0.44343953350089726,2022-01-01,MESA_OPEN_DATA_2026,https://data.mesaaz.gov/d/5zhe-5nig,dataset 5zhe-5nig; retrieved 2026-08-22,study-derived after declared sensor and completeness QA
2022-01-15,7.860236982504527,0.0026594367809593,0.0,5.032921344007207,11.131358125296629,1.3129471528845138,3.2752709284424784,0.0045824535385084,27.71602754857805,4.658031751215458,0.0,11,28.615393969916315,60.99403572324833,True,0.46915069040118207,2022-01-01,MESA_OPEN_DATA_2026,https://data.mesaaz.gov/d/5zhe-5nig,dataset 5zhe-5nig; retrieved 2026-08-22,study-derived after declared sensor and completeness QA
2022-01-16,7.854373435179393,0.0026594367809593,0.0,5.577363158425185,10.834800582639977,1.3600847250645949,3.3384199876752163,0.0054711447058555,10.465443987316556,4.5711813489596045,0.0,11,28.967701325765326,44.00979780674734,True,0.6582102797419386,2022-01-01,MESA_OPEN_DATA_2026,https://data.mesaaz.gov/d/5zhe-5nig,dataset 5zhe-5nig; retrieved 2026-08-22,study-derived after declared sensor and completeness QA
2022-01-17,7.72619644800822,0.0026594367809593,0.0,5.566282148248957,11.260024322254557,1.2760086492719505,3.4400756097502176,0.0045680798163327,0.0068055556880103,4.55902501543363,0.0,11,29.27124661431486,33.841645265252836,True,0.864947504321527,2022-01-01,MESA_OPEN_DATA_2026,https://data.mesaaz.gov/d/5zhe-5nig,dataset 5zhe-5nig; retrieved 2026-08-22,study-derived after declared sensor and completeness QA
2022-01-18,7.530743261178334,0.0026594367809593,0.0,5.341074964262802,11.230889840258492,1.5070581293768353,3.4419908504519197,0.0045239180326461,4.896208428674274,4.631847886244456,0.0,11,29.05441648230934,38.58699671526072,True,0.7529587414305983,2022-01-01,MESA_OPEN_DATA_2026,https://data.mesaaz.gov/d/5zhe-5nig,dataset 5zhe-5nig; retrieved 2026-08-22,study-derived after declared sensor and completeness QA
2022-01-19,7.605408747990926,0.0026594367809593,0.0,8.526720628234454,11.588807688966414,1.6755990662064109,3.4618179489341045,0.0044737397887123,2.166960647655674,4.790668639540672,0.0,11,32.861013517113264,39.82311654409832,True,0.8251743301086057,2022-01-01,MESA_OPEN_DATA_2026,https://data.mesaaz.gov/d/5zhe-5nig,dataset 5zhe-5nig; retrieved 2026-08-22,study-derived after declared sensor and completeness QA
2022-01-20,7.857196152210236,0.0026594367809593,0.0,8.50697462629045,12.5069292010039,1.470943715795875,3.3381717681884764,0.0044177958237317,0.0,3.127308989950904,1.1566994776811312,11,33.682874900269894,37.97130116372566,True,0.8870613823591449,2022-01-01,MESA_OPEN_DATA_2026,https://data.mesaaz.gov/d/5zhe-5nig,dataset 5zhe-5nig; retrieved 2026-08-22,study-derived after declared sensor and completeness QA
2022-01-21,7.880482951800029,0.0026594367809593,0.0,8.737347060107357,12.905912170864942,1.31390754805984,3.3528499253094197,0.0044488315276491,0.0,2.3904588801993265,1.0202758896130102,11,34.19315909292255,37.60834269426253,True,0.9091907976614721,2022-01-01,MESA_OPEN_DATA_2026,https://data.mesaaz.gov/d/5zhe-5nig,dataset 5zhe-5nig; retrieved 2026-08-22,study-derived after declared sensor and completeness QA
2022-01-22,7.902188499768575,0.0026594367809593,0.0,8.076110643876417,12.693151616184403,1.3671781313916047,3.329224995523691,0.0044925227217997,0.0,3.389011108626922,0.8134109086943445,11,33.37051332352565,37.577427863568715,True,0.8880467669230319,2022-01-01,MESA_OPEN_DATA_2026,https://data.mesaaz.gov/d/5zhe-5nig,dataset 5zhe-5nig; retrieved 2026-08-22,study-derived after declared sensor and completeness QA
2022-01-23,7.89023486773173,0.0026594367809593,0.0,8.519685473140584,11.67150463049866,1.3375250021920582,3.318103202432394,0.0044491563652021,0.0,3.9747813204924265,0.6383645948022604,11,32.73971261277639,37.35730768443628,True,0.8763937939354323,2022-01-01,MESA_OPEN_DATA_2026,https://data.mesaaz.gov/d/5zhe-5nig,dataset 5zhe-5nig; retrieved 2026-08-22,study-derived after declared sensor and completeness QA
2022-01-24,7.5945938428243,0.0026594367809593,0.0,8.506456708683334,11.408529389235708,1.4219631408036832,3.412109481543302,0.0044327157277924,0.0,4.60668313552936,0.0013291666905085,11,32.34631199987129,36.958757017818954,True,0.8752002126120242,2022-01-01,MESA_OPEN_DATA_2026,https://data.mesaaz.gov/d/5zhe-5nig,dataset 5zhe-5nig; retrieved 2026-08-22,study-derived after declared sensor and completeness QA
2022-01-25,7.655881385008494,0.0026594367809593,0.0,8.51990206698513,11.85743184523149,1.6294195115815646,3.500174929201603,0.0043801815675882,0.0,4.814568806687991,0.0,11,33.16546917478924,37.98441816304482,True,0.8731335315557378,2022-01-01,MESA_OPEN_DATA_2026,https://data.mesaaz.gov/d/5zhe-5nig,dataset 5zhe-5nig; retrieved 2026-08-22,study-derived after declared sensor and completeness QA
2022-01-26,7.894910355408986,0.0026594367809593,0.0,8.697172925704004,11.434062553416403,1.3964246797012982,3.4623655185103415,0.0043145342303129,0.0,4.796039587259292,0.0,11,32.88759546952199,37.687949591011595,True,0.8726289391282123,2022-01-01,MESA_OPEN_DATA_2026,https://data.mesaaz.gov/d/5zhe-5nig,dataset 5zhe-5nig; retrieved 2026-08-22,study-derived after declared sensor and completeness QA
2022-01-27,7.850813666979472,0.0026594367809593,0.0,8.750996818768757,11.06332841846678,1.2474590241080032,3.3886937603354452,0.0043203690438531,0.0,1.891776252399992,0.1257498978559548,11,32.30395112543941,34.32579764473921,True,0.9410983383335982,2022-01-01,MESA_OPEN_DATA_2026,https://data.mesaaz.gov/d/5zhe-5nig,dataset 5zhe-5nig; retrieved 2026-08-22,study-derived after declared sensor and completeness QA
2022-01-28,7.898374974727631,0.0026594367809593,0.0,9.923115130000106,11.005166977224215,1.2715646775027476,3.3156844317913055,0.0043493812166464,0.0,0.0037436227590121,0.000250104170603,11,33.416565628026966,33.42490873617323,True,0.9997503924928527,2022-01-01,MESA_OPEN_DATA_2026,https://data.mesaaz.gov/d/5zhe-5nig,dataset 5zhe-5nig; retrieved 2026-08-22,study-derived after declared sensor and completeness QA
2022-01-29,7.894478877385457,0.0026594367809593,0.0,9.353433677211957,11.0313614421272,1.0724324167272838,3.30113136768341,0.004401562793646,0.0,0.0,0.0658689926986375,11,32.65549721791626,32.72576777340855,True,0.997852745396874,2022-01-01,MESA_OPEN_DATA_2026,https://data.mesaaz.gov/d/5zhe-5nig,dataset 5zhe-5nig; retrieved 2026-08-22,study-derived after declared sensor and completeness QA
2022-01-30,7.901133159796397,0.0026594367809593,0.0,9.431590579974433,10.901028717888726,1.0935575675697966,3.2603857903016937,0.0044342800974845,0.0,0.0,0.0001374999992549,11,32.59035525231201,32.59492703240875,True,0.9998597395204415,2022-01-01,MESA_OPEN_DATA_2026,https://data.mesaaz.gov/d/5zhe-5nig,dataset 5zhe-5nig; retrieved 2026-08-22,study-derived after declared sensor and completeness QA
2022-01-31,7.6009638110796605,0.0026594367809593,0.0,9.844279318164347,12.082839680214722,1.6613032319418206,3.361831862231096,0.0043847815929135,0.0,0.0,0.2614541611944636,11,34.5538773404126,34.81971628319997,True,0.9923652754483919,2022-01-01,MESA_OPEN_DATA_2026,https://data.mesaaz.gov/d/5zhe-5nig,dataset 5zhe-5nig; retrieved 2026-08-22,study-derived after declared sensor and completeness QA
2022-02-02,7.903255919615428,0.0026594367809593,0.0,8.850010954865096,11.380173723896345,1.351566771335072,3.333651611374484,0.0042975250010689,0.0,0.0,0.0010916666438182,11,32.82131841786738,32.82670760951227,True,0.9998358290539218,2022-02-01,MESA_OPEN_DATA_2026,https://data.mesaaz.gov/d/5zhe-5nig,dataset 5zhe-5nig; retrieved 2026-08-22,study-derived after declared sensor and completeness QA
2022-02-03,7.877968887488048,0.0026594367809593,0.0,9.615447224015716,10.993435057361474,1.339818971817872,3.291408223244879,0.0042629978464295,0.0,0.0,0.0,11,33.12073780070895,33.125000798555384,True,0.9998713057284933,2022-02-01,MESA_OPEN_DATA_2026,https://data.mesaaz.gov/d/5zhe-5nig,dataset 5zhe-5nig; retrieved 2026-08-22,study-derived after declared sensor and completeness QA
2022-02-04,7.8891377449035645,0.0026594367809593,0.0,9.727961703682388,11.023105163070191,1.403000018813393,3.3078466137250264,0.0042400640862373,0.0,0.0,0.0,11,33.353710680975524,33.357950745061764,True,0.9998728919495492,2022-02-01,MESA_OPEN_DATA_2026,https://data.mesaaz.gov/d/5zhe-5nig,dataset 5zhe-5nig; retrieved 2026-08-22,study-derived after declared sensor and completeness QA
2022-02-05,8.00203808148702,0.0026594367809593,0.0,10.510581547453851,10.909680851300555,1.1568636189807544,3.300077731410662,0.0042830152475895,0.0,0.0,0.0,11,33.8819012674138,33.88618428266139,True,0.9998736058562433,2022-02-01,MESA_OPEN_DATA_2026,https://data.mesaaz.gov/d/5zhe-5nig,dataset 5zhe-5nig; retrieved 2026-08-22,study-derived after declared sensor and completeness QA
2022-02-06,7.986343125502269,0.0026594367809593,0.0,10.534944943423184,11.011547847588856,1.135452636271134,3.2445055135422285,0.0043001502247837,0.0,0.0,0.0,11,33.91545350310863,33.919753653333416,True,0.999873225782571,2022-02-01,MESA_OPEN_DATA_2026,https://data.mesaaz.gov/d/5zhe-5nig,dataset 5zhe-5nig; retrieved 2026-08-22,study-derived after declared sensor and completeness QA
2022-02-07,7.616301079591115,0.0026594367809593,0.0,10.564582659790608,11.544556405146915,1.5598010181881197,3.325259697271718,0.0042773087043315,0.0,0.0,0.0,11,34.613160296769436,34.61743760547377,True,0.9998764406322306,2022-02-01,MESA_OPEN_DATA_2026,https://data.mesaaz.gov/d/5zhe-5nig,dataset 5zhe-5nig; retrieved 2026-08-22,study-derived after declared sensor and completeness QA
2022-02-08,7.536267320315043,0.0026594367809593,0.0,10.525018733561703,11.712350798250071,1.836840731129361,3.4796006412969693,0.0043157177860848,0.0,0.0,0.0,11,35.092737661334105,35.09705337912019,True,0.9998770347544716,2022-02-01,MESA_OPEN_DATA_2026,https://data.mesaaz.gov/d/5zhe-5nig,dataset 5zhe-5nig; retrieved 2026-08-22,study-derived after declared sensor and completeness QA
2022-02-09,7.894084632396698,0.0026594367809593,0.0,11.544824962650514,12.89909291267395,1.316222538453979,3.363074293732643,0.0042631095469308,0.0,0.0,0.0628687510111679,11,37.019958776688746,37.087090637246845,True,0.9981898860383867,2022-02-01,MESA_OPEN_DATA_2026,https://data.mesaaz.gov/d/5zhe-5nig,dataset 5zhe-5nig; retrieved 2026-08-22,study-derived after declared sensor and completeness QA
2022-02-10,7.849435190359752,0.0026594367809593,0.0,11.579972241667134,12.585020506381989,1.3177698803247269,3.3193882000115185,0.0042114856381279,0.0,0.0,0.0001250520853015,11,36.65424545552607,36.658581993249506,True,0.9998817047063023,2022-02-01,MESA_OPEN_DATA_2026,https://data.mesaaz.gov/d/5zhe-5nig,dataset 5zhe-5nig; retrieved 2026-08-22,study-derived after declared sensor and completeness QA
2022-02-11,7.859208444754283,0.0026594367809593,0.0,11.549275925571449,12.62588873969184,1.2511687835722622,3.3160270682639545,0.0042819152974213,0.0,0.0,0.0,11,36.604228398634746,36.608510313932165,True,0.9998830349757283,2022-02-01,MESA_OPEN_DATA_2026,https://data.mesaaz.gov/d/5zhe-5nig,dataset 5zhe-5nig; retrieved 2026-08-22,study-derived after declared sensor and completeness QA
2022-02-12,7.881455719470978,0.0026594367809593,0.0,11.430202464858,12.712066417270236,1.114244468364875,3.282307008571095,0.0042930737836286,0.0,0.0,0.0,11,36.42293551531614,36.42722858909977,True,0.9998821465713998,2022-02-01,MESA_OPEN_DATA_2026,https://data.mesaaz.gov/d/5zhe-5nig,dataset 5zhe-5nig; retrieved 2026-08-22,study-derived after declared sensor and completeness QA
2022-02-13,7.963270723819733,0.0026594367809593,0.0,11.54839129018662,11.973848284946548,1.1595880206326228,3.332537758267588,0.0042284741454447,0.0,0.0,0.0,11,35.98029551463408,35.98452398877952,True,0.9998824918693725,2022-02-01,MESA_OPEN_DATA_2026,https://data.mesaaz.gov/d/5zhe-5nig,dataset 5zhe-5nig; retrieved 2026-08-22,study-derived after declared sensor and completeness QA
2022-02-14,7.627443552017212,0.0026594367809593,0.0,11.600924554852687,12.446849444839687,1.6282033218665768,3.3746193745070032,0.0041660645316975,0.0,0.0,0.0,11,36.68069968486413,36.684865749395826,True,0.9998864364242149,2022-02-01,MESA_OPEN_DATA_2026,https://data.mesaaz.gov/d/5zhe-5nig,dataset 5zhe-5nig; retrieved 2026-08-22,study-derived after declared sensor and completeness QA
2022-02-15,7.630768557389577,0.0026594367809593,0.0,11.497916939281264,12.412059730693196,1.684387488911549,3.583031287789345,0.0042061973169135,0.0,0.0,0.0,11,36.81082344084589,36.8150296381628,True,0.9998857478220647,2022-02-01,MESA_OPEN_DATA_2026,https://data.mesaaz.gov/d/5zhe-5nig,dataset 5zhe-5nig; retrieved 2026-08-22,study-derived after declared sensor and completeness QA
2022-02-16,7.954980313777924,0.0026594367809593,0.0,11.49263656820826,11.73276053427318,1.3001093182530437,3.527529059844429,0.0041976079422359,0.0,0.0,0.0,11,36.010675231137796,36.014872839080034,True,0.9998834479310535,2022-02-01,MESA_OPEN_DATA_2026,https://data.mesaaz.gov/d/5zhe-5nig,dataset 5zhe-5nig; retrieved 2026-08-22,study-derived after declared sensor and completeness QA
2022-02-17,7.918690264225006,0.0026594367809593,0.0,11.500021498785529,11.80205894013246,1.4376990060011543,3.4744968518614767,0.0042202543118037,0.0,0.0,0.1447121775484885,11,36.13562599778658,36.28455842964688,True,0.995895432153348,2022-02-01,MESA_OPEN_DATA_2026,https://data.mesaaz.gov/d/5zhe-5nig,dataset 5zhe-5nig; retrieved 2026-08-22,study-derived after declared sensor and completeness QA
2022-02-18,7.974653999010722,0.0026594367809593,0.0,11.532372032202504,11.310397358404266,1.491805170600613,3.4413093596696855,0.0040536300706056,0.0,0.0,0.0002878182787551,11,35.75319735666875,35.757538805018115,True,0.9998785864884874,2022-02-01,MESA_OPEN_DATA_2026,https://data.mesaaz.gov/d/5zhe-5nig,dataset 5zhe-5nig; retrieved 2026-08-22,study-derived after declared sensor and completeness QA
2022-02-19,8.005570212999979,0.0026594367809593,0.0,11.551305807676592,11.679195757363832,1.249563057006908,3.4528875678777693,0.0040520963763507,0.0,0.0,0.0,11,35.94118183970603,35.94523393608238,True,0.9998872702738962,2022-02-01,MESA_OPEN_DATA_2026,https://data.mesaaz.gov/d/5zhe-5nig,dataset 5zhe-5nig; retrieved 2026-08-22,study-derived after declared sensor and completeness QA
2022-02-20,7.94227268298467,0.0026594367809593,0.0,11.578681767313393,11.440710473391745,1.2351351409484554,3.4896531350910664,0.0041706774306173,0.0,0.0,0.0,11,35.689112636510295,35.69328331394091,True,0.9998831523176522,2022-02-01,MESA_OPEN_DATA_2026,https://data.mesaaz.gov/d/5zhe-5nig,dataset 5zhe-5nig; retrieved 2026-08-22,study-derived after declared sensor and completeness QA
2022-02-21,7.695514539877574,0.0026594367809593,0.0,11.524043778702616,12.047849236263168,1.6505155846476556,3.541512554883957,0.0043004145651745,0.0,0.0,0.0,11,36.462095131155934,36.466395545721106,True,0.9998820718499645,2022-02-01,MESA_OPEN_DATA_2026,https://data.mesaaz.gov/d/5zhe-5nig,dataset 5zhe-5nig; retrieved 2026-08-22,study-derived after declared sensor and completeness QA
2022-02-22,6.997923195362091,0.0026594367809593,0.0,11.521070734470548,12.650393871339206,2.0119423901504203,3.571718776971102,0.0043191738659515,0.0,0.0,0.4208692849441259,11,36.75570840507433,37.180896863884406,True,0.9885643302159534,2022-02-01,MESA_OPEN_DATA_2026,https://data.mesaaz.gov/d/5zhe-5nig,dataset 5zhe-5nig; retrieved 2026-08-22,study-derived after declared sensor and completeness QA
2022-02-23,7.554563422997792,0.0026594367809593,4.058458292484284,11.568885298297694,12.088293206360603,1.6717072695493698,3.6631375342607497,0.0041864038212224,0.0,0.0,0.0011307059942434,11,40.607704460731455,40.61302157054692,True,0.9998690786942255,2022-02-01,MESA_OPEN_DATA_2026,https://data.mesaaz.gov/d/5zhe-5nig,dataset 5zhe-5nig; retrieved 2026-08-22,study-derived after declared sensor and completeness QA
2022-02-24,7.915923198064168,0.0026594367809593,3.911069405078888,11.58623298820935,11.196346093685182,1.481209136972894,3.528284326195717,0.0040811880220038,0.0,0.0,0.0,11,39.62172458498716,39.62580577300917,True,0.9998970068130505,2022-02-01,MESA_OPEN_DATA_2026,https://data.mesaaz.gov/d/5zhe-5nig,dataset 5zhe-5nig; retrieved 2026-08-22,study-derived after declared sensor and completeness QA
2022-02-25,7.990758856137593,0.0026594367809593,0.0,11.6917371048959,11.56990496814251,1.4529406481732925,3.4744968518614767,0.0040127479393656,0.0,0.0,0.0,11,36.18249786599173,36.18651061393109,True,0.9998891092876521,2022-02-01,MESA_OPEN_DATA_2026,https://data.mesaaz.gov/d/5zhe-5nig,dataset 5zhe-5nig; retrieved 2026-08-22,study-derived after declared sensor and completeness QA
2022-02-26,7.884074370066325,0.0026594367809593,0.0,11.523754115830956,11.376678819788827,1.2265937049382254,3.4304140936997203,0.0040277355971435,0.0,0.0,0.0,11,35.444174541105006,35.44820227670215,True,0.9998863768727762,2022-02-01,MESA_OPEN_DATA_2026,https://data.mesaaz.gov/d/5zhe-5nig,dataset 5zhe-5nig; retrieved 2026-08-22,study-derived after declared sensor and completeness QA
2022-02-27,7.9841863711675005,0.0026594367809593,0.0,11.527091209961863,11.279147807425923,1.2112253495185068,3.430000066757202,0.0043019414297305,0.0,0.0,0.0,11,35.43431024161195,35.438612183041684,True,0.9998786086371693,2022-02-01,MESA_OPEN_DATA_2026,https://data.mesaaz.gov/d/5zhe-5nig,dataset 5zhe-5nig; retrieved 2026-08-22,study-derived after declared sensor and completeness QA
2022-02-28,7.714047064383825,0.0026594367809593,2.0400069647365147,11.530955610759234,12.171879384915034,1.659673744937137,3.484580101155572,0.00683380514965385,0.0,0.0,0.0,11,38.603802307668275,38.61063611281793,True,0.9998230071856448,2022-02-01,MESA_OPEN_DATA_2026,https://data.mesaaz.gov/d/5zhe-5nig,dataset 5zhe-5nig; retrieved 2026-08-22,study-derived after declared sensor and completeness QA
2022-03-02,7.961901168028514,0.0026594367809593,7.707138803270128,11.58537707020674,11.606448199351629,1.3305625509884622,3.491272160410881,0.0063027230207808,0.0,0.0,0.0,11,43.68535938903731,43.69166211205809,True,0.9998557454050474,2022-03-01,MESA_OPEN_DATA_2026,https://data.mesaaz.gov/d/5zhe-5nig,dataset 5zhe-5nig; retrieved 2026-08-22,study-derived after declared sensor and completeness QA
2022-03-03,4.527394235134125,0.0026594367809593,4.058124879995982,11.496639565251492,11.01445248524348,2.5027304289234715,3.5345723066065045,1.4201276802341454,0.0,0.0,0.0,11,37.136573337936014,38.55670101817016,True,0.9631678114897616,2022-03-01,MESA_OPEN_DATA_2026,https://data.mesaaz.gov/d/5zhe-5nig,dataset 5zhe-5nig; retrieved 2026-08-22,study-derived after declared sensor and completeness QA
2022-03-04,4.734014769395192,0.0026594367809593,0.0,11.534325706701797,10.941401409903609,2.716409065506675,3.5607473307185704,1.1186638722817104,0.0,0.0,0.0,11,33.489557719006804,34.60822159128851,True,0.9676763548993429,2022-03-01,MESA_OPEN_DATA_2026,https://data.mesaaz.gov/d/5zhe-5nig,dataset 5zhe-5nig; retrieved 2026-08-22,study-derived after declared sensor and completeness QA
2022-03-05,6.309821089108785,0.0026594367809593,0.0,11.510500250370416,10.95563364426295,2.529221121226962,3.551097340385119,0.0502345349717264,0.0,0.0,0.0,11,34.858932882135186,34.909167417106914,True,0.9985609930374016,2022-03-01,MESA_OPEN_DATA_2026,https://data.mesaaz.gov/d/5zhe-5nig,dataset 5zhe-5nig; retrieved 2026-08-22,study-derived after declared sensor and completeness QA
2022-03-06,7.135070323944092,0.0026594367809593,0.0,11.419072761267458,11.089860826730728,2.02929850502493,3.5064375427034165,0.0043394014161701,0.0,0.0,0.0548854163692643,11,35.182399396451586,35.24162421423702,True,0.9983194640114939,2022-03-01,MESA_OPEN_DATA_2026,https://data.mesaaz.gov/d/5zhe-5nig,dataset 5zhe-5nig; retrieved 2026-08-22,study-derived after declared sensor and completeness QA
2022-03-07,7.777519603570302,0.0026594367809593,0.0,12.279331455815722,11.338247791926069,1.386458794414664,3.6020568711890113,0.0045466536733632,0.0,0.0,0.0001145833327124,11,36.38627395369673,36.390935190702805,True,0.9998719121401621,2022-03-01,MESA_OPEN_DATA_2026,https://data.mesaaz.gov/d/5zhe-5nig,dataset 5zhe-5nig; retrieved 2026-08-22,study-derived after declared sensor and completeness QA
2022-03-08,7.788644313812256,0.0026594367809593,0.0,11.607879065832606,11.216002370913824,1.3675010755855723,3.5970582173930272,0.0046093956334516,0.0,0.0,0.0,11,35.57974448031825,35.5843538759517,True,0.9998704656645019,2022-03-01,MESA_OPEN_DATA_2026,https://data.mesaaz.gov/d/5zhe-5nig,dataset 5zhe-5nig; retrieved 2026-08-22,study-derived after declared sensor and completeness QA
2022-03-09,7.76414942741394,0.0026594367809593,0.0,11.550935445739714,11.110409409678198,1.445495466294192,3.5177777369817096,0.0048515429371036,0.0,0.0,0.0,11,35.39142692288871,35.396278465825816,True,0.9998629363552503,2022-03-01,MESA_OPEN_DATA_2026,https://data.mesaaz.gov/d/5zhe-5nig,dataset 5zhe-5nig; retrieved 2026-08-22,study-derived after declared sensor and completeness QA
2022-03-10,7.781757374604543,0.0026594367809593,0.0,11.55229276444073,10.823467042711046,1.3228830384676835,3.423913984828525,0.0055701018039447,0.0,0.0,0.0,11,34.90697364183349,34.912543743637436,True,0.9998404555725058,2022-03-01,MESA_OPEN_DATA_2026,https://data.mesaaz.gov/d/5zhe-5nig,dataset 5zhe-5nig; retrieved 2026-08-22,study-derived after declared sensor and completeness QA
2022-03-11,7.785681307315826,0.0026594367809593,0.0,11.518230223090008,10.89326712290446,1.042808900152124,3.4031945606072744,0.0046054230188019,0.0,0.0,0.0,11,34.645841550850655,34.65044697386946,True,0.999867089073273,2022-03-01,MESA_OPEN_DATA_2026,https://data.mesaaz.gov/d/5zhe-5nig,dataset 5zhe-5nig; retrieved 2026-08-22,study-derived after declared sensor and completeness QA
2022-03-12,7.693020443121592,0.0026594367809593,0.0,11.580848947644784,10.881314683496282,1.252621949838166,3.3643806032008596,0.0046677927020937,0.0,0.0,0.0,11,34.77484606408264,34.77951385678473,True,0.9998657890181756,2022-03-01,MESA_OPEN_DATA_2026,https://data.mesaaz.gov/d/5zhe-5nig,dataset 5zhe-5nig; retrieved 2026-08-22,study-derived after declared sensor and completeness QA
2022-03-13,7.804293711980184,0.0026594367809593,4.079441735479567,11.57092791888173,10.91522135535876,1.3719293509092596,3.3828145168721675,0.0064393476738284,0.0,0.0,0.0,11,39.127288026262626,39.13372737393645,True,0.9998354527384449,2022-03-01,MESA_OPEN_DATA_2026,https://data.mesaaz.gov/d/5zhe-5nig,dataset 5zhe-5nig; retrieved 2026-08-22,study-derived after declared sensor and completeness QA
2022-03-14,7.751801669597626,0.0026594367809593,7.749916738271713,11.534763763578956,11.302208388182851,1.3311499952028194,3.3938927254743048,0.0053722748416475,0.0,0.0,0.0,11,43.06639271708923,43.07176499193088,True,0.9998752715417477,2022-03-01,MESA_OPEN_DATA_2026,https://data.mesaaz.gov/d/5zhe-5nig,dataset 5zhe-5nig; retrieved 2026-08-22,study-derived after declared sensor and completeness QA
2022-03-15,7.602526664733887,0.0026594367809593,7.809000015258789,11.530668098679572,11.408736491236937,1.6471768183426725,3.5999633319675923,0.0046485783726287,0.0,0.0,0.0,11,43.60073085700041,43.60537943537304,True,0.9998933943831513,2022-03-01,MESA_OPEN_DATA_2026,https://data.mesaaz.gov/d/5zhe-5nig,dataset 5zhe-5nig; retrieved 2026-08-22,study-derived after declared sensor and completeness QA
2022-03-16,7.82734082142512,0.0026594367809593,7.809000015258789,11.531488436521894,11.32010172670176,1.6705946238846752,3.53369478409489,0.0060347338633922,0.0,0.0,0.0,11,43.69487984466809,43.70091457853148,True,0.9998619082936456,2022-03-01,MESA_OPEN_DATA_2026,https://data.mesaaz.gov/d/5zhe-5nig,dataset 5zhe-5nig; retrieved 2026-08-22,study-derived after declared sensor and completeness QA
2022-03-17,8.065303325653076,0.0026594367809593,7.809000015258789,11.558734212729538,11.043341719441944,1.4054867753494418,3.4765740281177893,0.0054669458380279,0.0,0.0,0.0,11,43.361099513331546,43.366566459169576,True,0.9998739363919166,2022-03-01,MESA_OPEN_DATA_2026,https://data.mesaaz.gov/d/5zhe-5nig,dataset 5zhe-5nig; retrieved 2026-08-22,study-derived after declared sensor and completeness QA
2022-03-18,8.007087548573812,0.0026594367809593,4.072610424624549,11.17545671794998,11.227599294649233,1.3891792225341002,3.460161149584585,0.0046922908513806,0.0,0.0,0.0,11,39.33475379469722,39.3394460855486,True,0.999880723006593,2022-03-01,MESA_OPEN_DATA_2026,https://data.mesaaz.gov/d/5zhe-5nig,dataset 5zhe-5nig; retrieved 2026-08-22,study-derived after declared sensor and completeness QA
2022-03-19,7.850608249505361,0.0026594367809593,0.0,11.520462583162718,11.212451292408836,1.5723880133144712,3.5243455809023647,0.0042473559345429,0.0,0.0,0.0,11,35.682915156074706,35.68716251200925,True,0.9998809836469034,2022-03-01,MESA_OPEN_DATA_2026,https://data.mesaaz.gov/d/5zhe-5nig,dataset 5zhe-5nig; retrieved 2026-08-22,study-derived after declared sensor and completeness QA
2022-03-20,8.014335016409555,0.0026594367809593,3.927447153462304,11.51517856007097,11.11621211634742,1.3155041572688513,3.5319295790460377,0.0063656650405998,0.0,0.0,0.0,11,39.4232660193861,39.429631684426695,True,0.999838556314917,2022-03-01,MESA_OPEN_DATA_2026,https://data.mesaaz.gov/d/5zhe-5nig,dataset 5zhe-5nig; retrieved 2026-08-22,study-derived after declared sensor and completeness QA
2022-03-21,7.856700758139293,0.0026594367809593,7.93930427034696,11.467326887421034,11.544069354732832,1.5150285275616686,3.5409155160188677,0.0048044447127419,0.0,0.0,0.0,11,43.86600475100162,43.87080919571436,True,0.9998904865262159,2022-03-01,MESA_OPEN_DATA_2026,https://data.mesaaz.gov/d/5zhe-5nig,dataset 5zhe-5nig; retrieved 2026-08-22,study-derived after declared sensor and completeness QA
2022-03-22,7.711961328983307,0.0026594367809593,8.022000312805176,11.51132125403686,11.754373090134727,1.800064031169607,3.6123249158263206,0.0045651088779171,0.0,0.0,0.0,11,44.41470436973695,44.41926947861487,True,0.9998972268357516,2022-03-01,MESA_OPEN_DATA_2026,https://data.mesaaz.gov/d/5zhe-5nig,dataset 5zhe-5nig; retrieved 2026-08-22,study-derived after declared sensor and completeness QA
2022-03-23,7.957259754339854,0.0026594367809593,8.022000312805176,11.709775419251528,11.699376687407494,1.4882292124132317,3.5456847969028686,0.0049923742578054,0.0,0.0,0.0,11,44.424985619901115,44.42997799415892,True,0.9998876350049406,2022-03-01,MESA_OPEN_DATA_2026,https://data.mesaaz.gov/d/5zhe-5nig,dataset 5zhe-5nig; retrieved 2026-08-22,study-derived after declared sensor and completeness QA
2022-03-24,7.877988417943318,0.0026594367809593,8.022000312805176,11.533035471845997,11.440982279744182,1.5083374408875336,3.5192442550427385,0.0050817437974425,0.0,0.0,0.0,11,43.9042476150499,43.90932935884734,True,0.9998842673328961,2022-03-01,MESA_OPEN_DATA_2026,https://data.mesaaz.gov/d/5zhe-5nig,dataset 5zhe-5nig; retrieved 2026-08-22,study-derived after declared sensor and completeness QA
2022-03-25,7.611516694227855,0.0026594367809593,3.79930848148134,11.526530599059868,11.906999122862722,1.6207804486591946,3.5675398522781,0.0043366199630933,0.0,0.0,0.0,11,40.03533463535005,40.03967125531314,True,0.9998916919188612,2022-03-01,MESA_OPEN_DATA_2026,https://data.mesaaz.gov/d/5zhe-5nig,dataset 5zhe-5nig; retrieved 2026-08-22,study-derived after declared sensor and completeness QA
2022-03-26,7.87667049964269,0.0026594367809593,0.0,11.541978700922597,11.582878402734208,1.2563893642266148,3.4828101052049143,0.0057198088422107,0.0,0.0,0.0,11,35.74338650951198,35.74910631835419,True,0.9998400013474107,2022-03-01,MESA_OPEN_DATA_2026,https://data.mesaaz.gov/d/5zhe-5nig,dataset 5zhe-5nig; retrieved 2026-08-22,study-derived after declared sensor and completeness QA
2022-03-27,7.719867149988811,0.0026594367809593,4.201988161934747,11.524513474338583,11.383433531721431,1.612368132731768,3.514689011209541,0.0053113456233404,0.0,0.0,0.0,11,39.95951889870584,39.96483024432918,True,0.9998670995074702,2022-03-01,MESA_OPEN_DATA_2026,https://data.mesaaz.gov/d/5zhe-5nig,dataset 5zhe-5nig; retrieved 2026-08-22,study-derived after declared sensor and completeness QA
2022-03-28,7.713930606842041,0.0026594367809593,7.796233209967613,11.523880419971215,11.81588837934865,1.5803547201032893,3.4833017073571684,0.0046735950745642,0.0,0.0,0.0,11,43.91624848037094,43.9209220754455,True,0.9998935906885894,2022-03-01,MESA_OPEN_DATA_2026,https://data.mesaaz.gov/d/5zhe-5nig,dataset 5zhe-5nig; retrieved 2026-08-22,study-derived after declared sensor and completeness QA
2022-03-29,7.729362706343333,0.0026594367809593,7.7129998207092285,11.504327995964774,12.073253273797668,1.5617623314675355,3.5543203724442005,0.0044372203022552,0.0,0.0,0.0,11,44.1386859375077,44.14312315780996,True,0.9998994810519773,2022-03-01,MESA_OPEN_DATA_2026,https://data.mesaaz.gov/d/5zhe-5nig,dataset 5zhe-5nig; retrieved 2026-08-22,study-derived after declared sensor and completeness QA
2022-03-30,7.843142708142598,0.0026594367809593,7.7129998207092285,13.22206813795147,11.746791990598044,1.5791388131584585,3.466865357756615,0.0043527209199965,0.0,0.0,0.0,11,45.57366626509738,45.578018986017376,True,0.9999044995588481,2022-03-01,MESA_OPEN_DATA_2026,https://data.mesaaz.gov/d/5zhe-5nig,dataset 5zhe-5nig; retrieved 2026-08-22,study-derived after declared sensor and completeness QA
2022-03-31,7.79152911901474,0.0026594367809593,5.92133423735698,9.924960887330197,11.632460680175072,1.234891658367833,3.669147802227073,0.0063257123886917505,4.09499979019165,1.6902917189730537,0.0,11,40.176983821252854,45.968601042806256,True,0.8740092782862761,2022-03-01,MESA_OPEN_DATA_2026,https://data.mesaaz.gov/d/5zhe-5nig,dataset 5zhe-5nig; retrieved 2026-08-22,study-derived after declared sensor and completeness QA
2022-04-02,7.783148189385732,0.0026594367809593,0.0,8.524995529842649,11.625774882237115,1.0023581339188845,3.681623676088121,0.0064958495980439,0.0,4.3942026144928406,0.0,11,32.62055984825346,37.021258312344344,True,0.8811305000234548,2022-04-01,MESA_OPEN_DATA_2026,https://data.mesaaz.gov/d/5zhe-5nig,dataset 5zhe-5nig; retrieved 2026-08-22,study-derived after declared sensor and completeness QA
2022-04-03,8.458862284819284,0.0026594367809593,3.918855547904968,8.524240554293964,11.373166067022469,0.6733941307555998,3.590875523714989,0.0078564695819901,0.0,4.360102910465664,0.0,11,36.542053545292234,40.910012925339885,True,0.8932300659982898,2022-04-01,MESA_OPEN_DATA_2026,https://data.mesaaz.gov/d/5zhe-5nig,dataset 5zhe-5nig; retrieved 2026-08-22,study-derived after declared sensor and completeness QA
2022-04-04,8.181001464525858,0.0026594367809593,8.149170362287098,8.504896703530878,11.699711975124147,1.1425506668611312,3.720716550615099,0.0066246501131293,0.0,4.515581808818711,0.0,11,41.40070715972518,45.92291361865702,True,0.9015261423418349,2022-04-01,MESA_OPEN_DATA_2026,https://data.mesaaz.gov/d/5zhe-5nig,dataset 5zhe-5nig; retrieved 2026-08-22,study-derived after declared sensor and completeness QA
2022-04-05,8.15261181195577,0.0026594367809593,8.323955896165636,8.436217064563314,11.934265132004258,1.4332093629015594,3.7200194716453554,0.0061700329533778,0.0,4.640664869215754,0.0,11,42.002938176016855,46.64977307818599,True,0.900388906621669,2022-04-01,MESA_OPEN_DATA_2026,https://data.mesaaz.gov/d/5zhe-5nig,dataset 5zhe-5nig; retrieved 2026-08-22,study-derived after declared sensor and completeness QA
2022-04-06,8.616283575693766,0.0026594367809593,8.159833659728369,8.629845345553477,11.714308128383498,1.045037677846693,3.5467014647192423,0.0052988532697781,0.0,4.494393829118322,0.0,11,41.714669288706006,46.21436197109411,True,0.902634322092285,2022-04-01,MESA_OPEN_DATA_2026,https://data.mesaaz.gov/d/5zhe-5nig,dataset 5zhe-5nig; retrieved 2026-08-22,study-derived after declared sensor and completeness QA
2022-04-07,8.452527125676474,0.0026594367809593,8.391983389854431,8.516251346599137,11.325311832109202,1.1788762079575132,3.5747076574508476,0.0045706228508303,0.0,4.283586103386349,0.0,11,41.44231699642857,45.73047372266575,True,0.9062297768389003,2022-04-01,MESA_OPEN_DATA_2026,https://data.mesaaz.gov/d/5zhe-5nig,dataset 5zhe-5nig; retrieved 2026-08-22,study-derived after declared sensor and completeness QA
2022-04-08,8.612097303072611,0.0026594367809593,8.63599967956543,8.499065778247173,11.291600868973765,0.8258734324810931,3.634414599708889,0.0053321520487467,0.0,4.3198973933855696,0.0,11,41.50171109882992,45.82694064426423,True,0.9056181912947386,2022-04-01,MESA_OPEN_DATA_2026,https://data.mesaaz.gov/d/5zhe-5nig,dataset 5zhe-5nig; retrieved 2026-08-22,study-derived after declared sensor and completeness QA
2022-04-09,8.567154049873352,0.0026594367809593,8.63599967956543,8.405499057141295,11.132676400951834,0.7259241292943488,3.5330075172188384,0.0052618591968591,0.0,4.351911347442203,0.0,11,41.00292027082606,45.36009347746512,True,0.9039425875785794,2022-04-01,MESA_OPEN_DATA_2026,https://data.mesaaz.gov/d/5zhe-5nig,dataset 5zhe-5nig; retrieved 2026-08-22,study-derived after declared sensor and completeness QA
2022-04-10,8.593077301979065,0.0026594367809593,4.515908165772756,8.543756810095575,11.218822703758876,1.1035690177933442,3.4706060359047517,0.004513662851726,0.0,4.220366458098094,0.0,11,37.44839947208533,41.67327959303515,True,0.8986189673045093,2022-04-01,MESA_OPEN_DATA_2026,https://data.mesaaz.gov/d/5zhe-5nig,dataset 5zhe-5nig; retrieved 2026-08-22,study-derived after declared sensor and completeness QA
2022-04-11,8.391241669654846,0.0026594367809593,0.0,8.989607739736696,11.462155586481094,1.00070654288415,3.588826998654339,0.0044849304831586,0.0,4.282831189753833,0.0,11,33.435197974192086,37.72251409442908,True,0.886345960147175,2022-04-01,MESA_OPEN_DATA_2026,https://data.mesaaz.gov/d/5zhe-5nig,dataset 5zhe-5nig; retrieved 2026-08-22,study-derived after declared sensor and completeness QA
2022-04-12,8.305968403816223,0.0026594367809593,5.133974981307984,8.50243959359499,11.648561434553462,1.2050769551650629,3.812732856334954,0.0045630747335962,0.0,4.455536315728117,0.0,11,38.611413661553634,43.07151305201535,True,0.8964489734763793,2022-04-01,MESA_OPEN_DATA_2026,https://data.mesaaz.gov/d/5zhe-5nig,dataset 5zhe-5nig; retrieved 2026-08-22,study-derived after declared sensor and completeness QA
2022-04-13,8.447914242744446,0.0026594367809593,8.341128690375221,8.506530596836765,11.544743013245329,1.1388108807597257,3.849636106935453,0.0045708263448129,0.0,4.334326996516299,0.0,11,41.8314229676779,46.17032079053901,True,0.9060240919151202,2022-04-01,MESA_OPEN_DATA_2026,https://data.mesaaz.gov/d/5zhe-5nig,dataset 5zhe-5nig; retrieved 2026-08-22,study-derived after declared sensor and completeness QA
2022-04-14,8.691434661547342,0.0026594367809593,4.2841175933678945,8.500953229905011,11.338007465998333,0.532461196121636,3.727249547704547,0.0047324491509546,0.0,4.3479611608717175,0.0,11,37.076883131425724,41.4295767414484,True,0.894937531291069,2022-04-01,MESA_OPEN_DATA_2026,https://data.mesaaz.gov/d/5zhe-5nig,dataset 5zhe-5nig; retrieved 2026-08-22,study-derived after declared sensor and completeness QA
2022-04-15,8.39086369673411,0.0026594367809593,0.0,8.493921420508737,11.29494721956656,0.7150734911016435,3.6972928544438983,0.0042853684863075,0.0,4.3101054986317955,0.0,11,32.59475811913591,36.90914898625401,True,0.883107820537263,2022-04-01,MESA_OPEN_DATA_2026,https://data.mesaaz.gov/d/5zhe-5nig,dataset 5zhe-5nig; retrieved 2026-08-22,study-derived after declared sensor and completeness QA
2022-04-16,8.413050889968872,0.0026594367809593,0.0,8.505196972882258,11.142776415509692,0.6752600635043106,3.659382559855779,0.0042981903146331,0.0,4.183352865113152,0.0,11,32.398326338501874,36.58597739392966,True,0.8855394510760672,2022-04-01,MESA_OPEN_DATA_2026,https://data.mesaaz.gov/d/5zhe-5nig,dataset 5zhe-5nig; retrieved 2026-08-22,study-derived after declared sensor and completeness QA
2022-04-17,8.449365774790445,0.0026594367809593,0.0,8.528953816978136,11.099960978980848,0.4705355595407625,3.7896670206011502,0.0044149332873833,0.0,4.343456674781111,0.0,11,32.3411425876723,36.689014195740796,True,0.8814939102786459,2022-04-01,MESA_OPEN_DATA_2026,https://data.mesaaz.gov/d/5zhe-5nig,dataset 5zhe-5nig; retrieved 2026-08-22,study-derived after declared sensor and completeness QA
2022-04-18,8.401017308235168,0.0026594367809593,0.0,8.726250113558404,11.456231398383776,0.8133562775654393,3.7375437375571994,0.0047218892917347,0.0,4.367916696601444,0.0,11,33.13705827208094,37.50969685797412,True,0.8834264483008317,2022-04-01,MESA_OPEN_DATA_2026,https://data.mesaaz.gov/d/5zhe-5nig,dataset 5zhe-5nig; retrieved 2026-08-22,study-derived after declared sensor and completeness QA
2022-04-19,8.264215469360352,0.0026594367809593,4.456136200163099,7.862062273438315,11.389876315871303,0.8376405338123344,3.695423007160481,0.0048105464860176,0.0,4.675927129056719,0.0,11,36.50801323658684,41.18875091212958,True,0.8863588341018538,2022-04-01,MESA_OPEN_DATA_2026,https://data.mesaaz.gov/d/5zhe-5nig,dataset 5zhe-5nig; retrieved 2026-08-22,study-derived after declared sensor and completeness QA
2022-04-20,8.812527139981588,0.0014291009087586,8.39900016784668,0.0,11.284576588869095,0.5272760487936593,3.598943665375312,0.0056926650965275,0.0,3.9256181526515217,0.0,11,32.62375271177509,36.55506352952314,True,0.8924550954596759,2022-04-01,MESA_OPEN_DATA_2026,https://data.mesaaz.gov/d/5zhe-5nig,dataset 5zhe-5nig; retrieved 2026-08-22,study-derived after declared sensor and completeness QA
2022-04-21,8.531461079915365,0.0,8.463746077484554,0.0,10.971730751130316,0.9599762768178554,3.5920583760572806,0.0046657012232268,0.0,4.726201480461492,0.0,11,32.51897256140537,37.249839743090085,True,0.8729963077878127,2022-04-01,MESA_OPEN_DATA_2026,https://data.mesaaz.gov/d/5zhe-5nig,dataset 5zhe-5nig; retrieved 2026-08-22,study-derived after declared sensor and completeness QA
2022-04-22,8.398789087931315,0.0,4.775871008634567,0.0,10.891805007706036,1.1549771188054334,3.560312215561902,0.0051395663370688,0.0,2.004493060625262,0.0,11,28.781754438639254,30.791387065601583,True,0.9347339363867964,2022-04-01,MESA_OPEN_DATA_2026,https://data.mesaaz.gov/d/5zhe-5nig,dataset 5zhe-5nig; retrieved 2026-08-22,study-derived after declared sensor and completeness QA
2022-04-23,8.609827995300293,0.0,0.0,0.0,10.847069432006942,0.817868577567692,3.558019542362955,0.0050748945213854,0.0,0.0069270833498901,0.0,11,23.83278554723788,23.844787525109155,True,0.9994966624106574,2022-04-01,MESA_OPEN_DATA_2026,https://data.mesaaz.gov/d/5zhe-5nig,dataset 5zhe-5nig; retrieved 2026-08-22,study-derived after declared sensor and completeness QA
2022-04-24,8.603016058603922,0.0,0.0,0.0,10.921125743584772,0.7150743625290215,3.5104669358167384,0.0051166552584618,0.0,0.0,0.0,11,23.749683100534455,23.754799755792916,True,0.9997846054140189,2022-04-01,MESA_OPEN_DATA_2026,https://data.mesaaz.gov/d/5zhe-5nig,dataset 5zhe-5nig; retrieved 2026-08-22,study-derived after declared sensor and completeness QA
2022-04-25,8.228360652923584,0.0,0.0,0.0,11.261540920289448,1.2694798688010691,3.487223732802603,0.0050114954744155,0.0,0.0,0.0,11,24.246605174816708,24.251616670291124,True,0.9997933541692272,2022-04-01,MESA_OPEN_DATA_2026,https://data.mesaaz.gov/d/5zhe-5nig,dataset 5zhe-5nig; retrieved 2026-08-22,study-derived after declared sensor and completeness QA
2022-04-26,8.069386879603067,0.0,4.431058275699615,0.0,11.367568765083949,1.3865731940481694,3.627519960453113,0.004693782228666,0.0,0.0,0.0,11,28.882107074887912,28.88680085711658,True,0.9998375111784831,2022-04-01,MESA_OPEN_DATA_2026,https://data.mesaaz.gov/d/5zhe-5nig,dataset 5zhe-5nig; retrieved 2026-08-22,study-derived after declared sensor and completeness QA
2022-04-27,7.517353494962056,0.0,8.135947724183401,0.0,11.001279541352687,1.8291919175301636,3.5716045998864705,0.0043102516598689,0.0,0.0,0.0,11,32.05537727791478,32.059687529574646,True,0.9998655554064309,2022-04-01,MESA_OPEN_DATA_2026,https://data.mesaaz.gov/d/5zhe-5nig,dataset 5zhe-5nig; retrieved 2026-08-22,study-derived after declared sensor and completeness QA
2022-04-28,7.612177391846974,0.0,7.752420685688654,0.0,10.92068943836913,1.7851774713733706,3.4967296526663834,0.0045298887610745,0.0,0.0,0.0,11,31.56719463994451,31.571724528705584,True,0.9998565207055143,2022-04-01,MESA_OPEN_DATA_2026,https://data.mesaaz.gov/d/5zhe-5nig,dataset 5zhe-5nig; retrieved 2026-08-22,study-derived after declared sensor and completeness QA
2022-04-29,6.832379062970479,0.0,7.49399995803833,0.0,10.916073283221989,2.244368314660027,3.535583115617434,0.0042625913241257,0.0,0.0,0.0,11,31.022403734508256,31.02666632583238,True,0.9998626152329947,2022-04-01,MESA_OPEN_DATA_2026,https://data.mesaaz.gov/d/5zhe-5nig,dataset 5zhe-5nig; retrieved 2026-08-22,study-derived after declared sensor and completeness QA
2022-04-30,6.571785698334376,0.0,5.690756218135357,0.0,10.840885700947709,2.5024914371875173,3.4330628174874516,0.00422845842937625,0.0,0.0,0.0,11,29.038981872092414,29.04321033052179,True,0.9998544080223483,2022-04-01,MESA_OPEN_DATA_2026,https://data.mesaaz.gov/d/5zhe-5nig,dataset 5zhe-5nig; retrieved 2026-08-22,study-derived after declared sensor and completeness QA
2022-05-02,6.594163537025452,0.0,0.0,0.0,11.004943465193112,2.4512543398083833,3.514093350039588,0.0042267696505102,0.0,0.0,0.0,11,23.564454692066533,23.568681461717045,True,0.999820661598852,2022-05-01,MESA_OPEN_DATA_2026,https://data.mesaaz.gov/d/5zhe-5nig,dataset 5zhe-5nig; retrieved 2026-08-22,study-derived after declared sensor and completeness QA
2022-05-03,6.539259513219197,0.0,0.0,0.0,11.198307983411684,2.6368965351281046,3.679269868135452,0.0042265642744799,0.0,0.0,0.0,11,24.05373389989444,24.057960464168918,True,0.9998243174320295,2022-05-01,MESA_OPEN_DATA_2026,https://data.mesaaz.gov/d/5zhe-5nig,dataset 5zhe-5nig; retrieved 2026-08-22,study-derived after declared sensor and completeness QA
2022-05-04,6.495907882849376,0.0,0.0,0.0,10.989324386583434,2.728928996863978,3.5939171117213036,0.0042272337401906,0.0,0.0,0.0,11,23.80807837801809,23.812305611758283,True,0.9998224769239437,2022-05-01,MESA_OPEN_DATA_2026,https://data.mesaaz.gov/d/5zhe-5nig,dataset 5zhe-5nig; retrieved 2026-08-22,study-derived after declared sensor and completeness QA
2022-05-05,6.597312708695729,0.0,0.0,0.0,10.752761540147992,2.39458855624977,3.54352110500137,0.0041958878088432,0.0,0.0,0.0,11,23.28818391009486,23.292379797903706,True,0.9998198600638815,2022-05-01,MESA_OPEN_DATA_2026,https://data.mesaaz.gov/d/5zhe-5nig,dataset 5zhe-5nig; retrieved 2026-08-22,study-derived after declared sensor and completeness QA
2022-05-06,6.621247152487437,0.0,3.604222159915501,0.0,10.605525369114346,2.3589307104547816,3.613260086791383,0.0042213683676285,0.0,0.0,0.0,11,26.803185478763446,26.807406847131073,True,0.9998425297757556,2022-05-01,MESA_OPEN_DATA_2026,https://data.mesaaz.gov/d/5zhe-5nig,dataset 5zhe-5nig; retrieved 2026-08-22,study-derived after declared sensor and completeness QA
2022-05-07,7.057596464951833,0.0,6.861180461115307,0.0,10.636149190531835,1.9222954397655827,3.538792213052511,0.0042280486086383,0.0,0.0,0.0,11,30.016013769417068,30.020241818025706,True,0.9998591600749165,2022-05-01,MESA_OPEN_DATA_2026,https://data.mesaaz.gov/d/5zhe-5nig,dataset 5zhe-5nig; retrieved 2026-08-22,study-derived after declared sensor and completeness QA
2022-05-08,7.3690628210703535,0.0,3.879249958197276,0.0,10.54235835605958,1.7246453963676422,3.492479574783403,0.0042012186992603,0.0,0.0,0.0,11,27.007796106478253,27.011997325177514,True,0.9998444684171746,2022-05-01,MESA_OPEN_DATA_2026,https://data.mesaaz.gov/d/5zhe-5nig,dataset 5zhe-5nig; retrieved 2026-08-22,study-derived after declared sensor and completeness QA
2022-05-09,7.642910083134969,0.0,0.0,0.0,10.990770690970953,1.4623764325347213,3.4830937907099724,0.0041810141798729,0.0,0.0,0.0,11,23.579150997350617,23.58333201153049,True,0.9998227131697154,2022-05-01,MESA_OPEN_DATA_2026,https://data.mesaaz.gov/d/5zhe-5nig,dataset 5zhe-5nig; retrieved 2026-08-22,study-derived after declared sensor and completeness QA
2022-05-10,7.610089222590129,0.0,0.0,0.0,10.96882908922052,1.6749888501625538,3.5631555564872417,0.0041648605838418,0.0,0.0,0.0,11,23.817062718460445,23.821227579044287,True,0.9998251617986511,2022-05-01,MESA_OPEN_DATA_2026,https://data.mesaaz.gov/d/5zhe-5nig,dataset 5zhe-5nig; retrieved 2026-08-22,study-derived after declared sensor and completeness QA
2022-05-11,8.382543603579203,0.0,0.0,0.0,11.063611415767404,0.8701624485875378,3.5263975110512895,0.0046276691718958,0.0,0.0,0.0,11,23.842714978985434,23.84734264815733,True,0.999805946128247,2022-05-01,MESA_OPEN_DATA_2026,https://data.mesaaz.gov/d/5zhe-5nig,dataset 5zhe-5nig; retrieved 2026-08-22,study-derived after declared sensor and completeness QA
2022-05-12,8.513276855150858,0.0,0.0,0.0,10.460093451870812,0.4892499896825528,3.673447869718075,0.0042594256616818,0.0,0.0,0.0,11,23.136068166422294,23.140327592083977,True,0.9998159306239407,2022-05-01,MESA_OPEN_DATA_2026,https://data.mesaaz.gov/d/5zhe-5nig,dataset 5zhe-5nig; retrieved 2026-08-22,study-derived after declared sensor and completeness QA
2022-05-17,8.408215959866842,0.0,0.0,9.286896632537246,11.221225258376863,0.9403899890217609,3.800912615656853,0.0058798208095443,0.0,0.0,0.2301979228440258,11,33.657640455459564,33.89371819911314,True,0.993034764074372,2022-05-01,MESA_OPEN_DATA_2026,https://data.mesaaz.gov/d/5zhe-5nig,dataset 5zhe-5nig; retrieved 2026-08-22,study-derived after declared sensor and completeness QA
2022-05-18,8.61601209640503,0.0,0.0,9.651202093967132,10.64360734489229,0.5823426951099647,3.784212422370911,0.0042535013441617,0.0,0.0,0.0008020833548572,11,33.27737665274533,33.28243223744435,True,0.9998481005035045,2022-05-01,MESA_OPEN_DATA_2026,https://data.mesaaz.gov/d/5zhe-5nig,dataset 5zhe-5nig; retrieved 2026-08-22,study-derived after declared sensor and completeness QA
2022-05-19,8.627339839935303,0.0,0.0,9.579791829779191,10.444593333535725,0.4143821527269595,3.731662446260452,0.0042635206676398,0.0,0.0,0.0,11,32.79776960223763,32.80203312290527,True,0.9998700226704952,2022-05-01,MESA_OPEN_DATA_2026,https://data.mesaaz.gov/d/5zhe-5nig,dataset 5zhe-5nig; retrieved 2026-08-22,study-derived after declared sensor and completeness QA
2022-05-20,8.471680323282877,0.0,4.81075061360995,9.606572687098826,10.51805599199401,0.6129079745820044,3.745812550187111,0.0041337136450844,0.0,0.0,0.0,11,37.76578014075478,37.76991385439986,True,0.9998905553859345,2022-05-01,MESA_OPEN_DATA_2026,https://data.mesaaz.gov/d/5zhe-5nig,dataset 5zhe-5nig; retrieved 2026-08-22,study-derived after declared sensor and completeness QA
2022-05-21,8.541041453679403,0.0,8.536889537175496,9.118450481513694,10.389256642924416,0.5657916901426183,3.64527505338192,0.0041910962706121,0.0,0.0,0.0,11,40.79670485881755,40.80089595508816,True,0.9998972793079048,2022-05-01,MESA_OPEN_DATA_2026,https://data.mesaaz.gov/d/5zhe-5nig,dataset 5zhe-5nig; retrieved 2026-08-22,study-derived after declared sensor and completeness QA
2022-05-22,8.599788308143616,0.0,8.460000038146973,10.514856913437448,10.54405459946199,0.3752236177586409,3.5640131684953427,0.0045095147215761,0.0,0.0,0.0,11,42.057936645444016,42.06244616016559,True,0.9998927900031205,2022-05-01,MESA_OPEN_DATA_2026,https://data.mesaaz.gov/d/5zhe-5nig,dataset 5zhe-5nig; retrieved 2026-08-22,study-derived after declared sensor and completeness QA
2022-05-23,8.507793386777243,0.0,8.460000038146973,10.011909832308088,10.714843624167973,0.6624490090089137,3.6963124543428423,0.0042453390778973,0.0,0.0,0.0,11,42.05330834475204,42.05755368382994,True,0.9998990588204485,2022-05-01,MESA_OPEN_DATA_2026,https://data.mesaaz.gov/d/5zhe-5nig,dataset 5zhe-5nig; retrieved 2026-08-22,study-derived after declared sensor and completeness QA
2022-05-24,8.47753099600474,0.0,4.441500020027161,9.31933501093476,10.728757030434078,0.4567778638270904,3.7019498686230454,0.0042621124302968,0.0,0.0,0.0,11,37.12585078985088,37.130112902281176,True,0.9998852114336007,2022-05-01,MESA_OPEN_DATA_2026,https://data.mesaaz.gov/d/5zhe-5nig,dataset 5zhe-5nig; retrieved 2026-08-22,study-derived after declared sensor and completeness QA
2022-05-25,8.436934431393942,0.0,0.0,8.877796254618852,10.660701778199938,0.5298769039915991,3.6832375854253767,0.004297890952633,0.0,0.0,0.0,11,32.188546953629704,32.19284484458234,True,0.999866495459678,2022-05-01,MESA_OPEN_DATA_2026,https://data.mesaaz.gov/d/5zhe-5nig,dataset 5zhe-5nig; retrieved 2026-08-22,study-derived after declared sensor and completeness QA
2022-05-26,8.365161816279093,0.0,0.0,9.548592569518972,10.701930632193884,0.6836747755828342,3.679049903154373,0.0042631999628307,0.0,0.0,0.0,11,32.97840969672916,32.98267289669199,True,0.999870744254834,2022-05-01,MESA_OPEN_DATA_2026,https://data.mesaaz.gov/d/5zhe-5nig,dataset 5zhe-5nig; retrieved 2026-08-22,study-derived after declared sensor and completeness QA
2022-05-27,8.245030363400778,0.0,0.0,9.117420588629663,10.268820471321208,0.7033923706896426,3.723437261231938,0.004285158511872,0.0,0.0,0.0,11,32.05810105527323,32.062386213785096,True,0.9998663493576774,2022-05-01,MESA_OPEN_DATA_2026,https://data.mesaaz.gov/d/5zhe-5nig,dataset 5zhe-5nig; retrieved 2026-08-22,study-derived after declared sensor and completeness QA
2022-05-28,8.261932690938314,0.0,0.0,9.38464841669408,10.483385738399294,0.532445367519595,3.854349946975708,0.0042228713670435,0.0,0.0,0.0,11,32.51676216052699,32.52098503189403,True,0.9998701493400984,2022-05-01,MESA_OPEN_DATA_2026,https://data.mesaaz.gov/d/5zhe-5nig,dataset 5zhe-5nig; retrieved 2026-08-22,study-derived after declared sensor and completeness QA
2022-05-29,8.26677131652832,0.0,0.0,8.965268794038781,10.50168389413092,0.386718657895051,3.842175006866455,0.0041911918087862,0.0,0.0,0.0,11,31.96261766945953,31.966808861268316,True,0.9998688892648943,2022-05-01,MESA_OPEN_DATA_2026,https://data.mesaaz.gov/d/5zhe-5nig,dataset 5zhe-5nig; retrieved 2026-08-22,study-derived after declared sensor and completeness QA
2022-05-30,8.087459166844686,0.0,0.0,9.085228281766176,10.423944373925528,0.5935487199294534,3.737325060367584,0.0042720430452997,0.0,0.0,0.0,11,31.927505602833428,31.93177764587873,True,0.9998662134287456,2022-05-01,MESA_OPEN_DATA_2026,https://data.mesaaz.gov/d/5zhe-5nig,dataset 5zhe-5nig; retrieved 2026-08-22,study-derived after declared sensor and completeness QA
2022-05-31,8.214608351389568,0.0,0.0,9.267678229572113,10.474234482954092,0.5106014013637862,3.6721681569792297,0.004236749693518499,0.0,0.0,0.0,11,32.13929062225879,32.14352737195231,True,0.9998681927579232,2022-05-01,MESA_OPEN_DATA_2026,https://data.mesaaz.gov/d/5zhe-5nig,dataset 5zhe-5nig; retrieved 2026-08-22,study-derived after declared sensor and completeness QA
2022-06-02,8.457090139389038,0.0,0.0,9.067017998428511,10.65004061857307,0.5804771926737669,3.673450410158954,0.0042534030702275,0.0,0.0,0.0,11,32.42807635922335,32.43232976229358,True,0.9998688529901674,2022-06-01,MESA_OPEN_DATA_2026,https://data.mesaaz.gov/d/5zhe-5nig,dataset 5zhe-5nig; retrieved 2026-08-22,study-derived after declared sensor and completeness QA
2022-06-03,8.346785346666971,0.0,0.0,9.397648792913657,10.387280138333638,0.5422092254690546,3.792487412691116,0.0042705884164509,0.0,0.0,0.0,11,32.46641091607443,32.470681504490884,True,0.9998684786330752,2022-06-01,MESA_OPEN_DATA_2026,https://data.mesaaz.gov/d/5zhe-5nig,dataset 5zhe-5nig; retrieved 2026-08-22,study-derived after declared sensor and completeness QA
2022-06-04,8.391345103581747,0.0,0.0,9.210823033871474,10.321439969539645,0.3358219807270671,3.8177000761032103,0.0042567409497375,0.0,0.0,0.0,11,32.07713016382314,32.08138690477288,True,0.9998673143102457,2022-06-01,MESA_OPEN_DATA_2026,https://data.mesaaz.gov/d/5zhe-5nig,dataset 5zhe-5nig; retrieved 2026-08-22,study-derived after declared sensor and completeness QA
2022-06-05,8.33557673295339,0.0,0.0,9.73790860629744,10.507466741402943,0.5743961192075179,3.8091125160455706,0.0042248259996995,0.0,0.0,0.0,11,32.96446071590686,32.96868554190656,True,0.9998718533684235,2022-06-01,MESA_OPEN_DATA_2026,https://data.mesaaz.gov/d/5zhe-5nig,dataset 5zhe-5nig; retrieved 2026-08-22,study-derived after declared sensor and completeness QA
2022-06-06,8.406784812609354,0.0,0.0,9.842173952200898,10.973831611209446,0.6461044475228673,3.715187487006187,0.0042181728446545,0.0,0.0,0.0,11,33.58408231054876,33.58830048339341,True,0.9998744154129877,2022-06-01,MESA_OPEN_DATA_2026,https://data.mesaaz.gov/d/5zhe-5nig,dataset 5zhe-5nig; retrieved 2026-08-22,study-derived after declared sensor and completeness QA
2022-06-07,8.443487962086996,0.0,0.0,9.306737896086975,10.702823699845208,0.4168755128250255,3.835462394356727,0.0041926139577602,0.0,0.0,0.0,11,32.70538746520093,32.70958007915869,True,0.9998718230577214,2022-06-01,MESA_OPEN_DATA_2026,https://data.mesaaz.gov/d/5zhe-5nig,dataset 5zhe-5nig; retrieved 2026-08-22,study-derived after declared sensor and completeness QA
2022-06-08,8.517755071322123,0.0,0.0,8.811227302422502,10.587620872921416,0.6582175886448125,3.8715624779462816,0.004202288071004,0.0,0.0,0.0,11,32.44638331325714,32.45058560132814,True,0.9998705019341521,2022-06-01,MESA_OPEN_DATA_2026,https://data.mesaaz.gov/d/5zhe-5nig,dataset 5zhe-5nig; retrieved 2026-08-22,study-derived after declared sensor and completeness QA
2022-06-09,8.69293483098348,0.0,0.0,9.17232169729278,10.25349988937378,0.584142244261179,3.635987398028374,0.0042726830773365,0.0,0.0,0.0,11,32.3388860599396,32.343158743016936,True,0.9998678953063524,2022-06-01,MESA_OPEN_DATA_2026,https://data.mesaaz.gov/d/5zhe-5nig,dataset 5zhe-5nig; retrieved 2026-08-22,study-derived after declared sensor and completeness QA
2022-06-10,8.759947617848715,0.0,0.0,8.866591946554793,10.389298369794226,0.416884045822821,3.5717753658447053,0.0047576171928085,0.0,0.0,0.0,11,32.00449734586526,32.00925496305807,True,0.9998513674498735,2022-06-01,MESA_OPEN_DATA_2026,https://data.mesaaz.gov/d/5zhe-5nig,dataset 5zhe-5nig; retrieved 2026-08-22,study-derived after declared sensor and completeness QA
2022-06-11,8.712717294692993,0.0,0.0,8.987211928053034,10.28380890251327,0.7752954782908337,3.5245892732494677,0.0043744345117981,0.0,0.0,0.0,11,32.2836228767996,32.28799731131139,True,0.9998645182459098,2022-06-01,MESA_OPEN_DATA_2026,https://data.mesaaz.gov/d/5zhe-5nig,dataset 5zhe-5nig; retrieved 2026-08-22,study-derived after declared sensor and completeness QA
2022-06-12,8.812885800997416,0.0,0.0,10.12165273814488,10.773998324738608,0.4231030644023983,3.5872000575065615,0.0043760124050701,0.0,0.0,0.4850271876763414,11,33.71883998578986,34.208243185871275,True,0.9856934132097276,2022-06-01,MESA_OPEN_DATA_2026,https://data.mesaaz.gov/d/5zhe-5nig,dataset 5zhe-5nig; retrieved 2026-08-22,study-derived after declared sensor and completeness QA
2022-06-13,8.603720426559448,0.0,0.0,9.711209385485272,10.443070146110324,0.7233071742895442,3.6087374687194824,0.0043874619101795,0.0,0.0,0.0019728008795667,11,33.090044601164074,33.096404863953815,True,0.9998078261727856,2022-06-01,MESA_OPEN_DATA_2026,https://data.mesaaz.gov/d/5zhe-5nig,dataset 5zhe-5nig; retrieved 2026-08-22,study-derived after declared sensor and completeness QA
2022-06-14,8.551326036453247,0.0,0.0,9.68115537751328,10.610349082946778,0.6513044844126569,3.6020874977111816,0.0044186948410545,0.0,0.0,0.0,11,33.09622247903714,33.100641173878195,True,0.9998665072734438,2022-06-01,MESA_OPEN_DATA_2026,https://data.mesaaz.gov/d/5zhe-5nig,dataset 5zhe-5nig; retrieved 2026-08-22,study-derived after declared sensor and completeness QA
2022-06-15,8.712363084157309,0.0,0.0,9.044801729556577,10.54095234076182,0.4782814241363016,3.725437498092651,0.004463035108832,0.0,0.0,0.0,11,32.501836076704656,32.50629911181349,True,0.9998627024536542,2022-06-01,MESA_OPEN_DATA_2026,https://data.mesaaz.gov/d/5zhe-5nig,dataset 5zhe-5nig; retrieved 2026-08-22,study-derived after declared sensor and completeness QA
2022-06-16,8.429783622423807,0.0,0.0,10.074823047851696,10.759185302240958,0.8702941039571909,3.637137418985367,0.0045059730764478,0.0,0.0,0.0,11,33.77122349545902,33.77572946853547,True,0.9998665913912934,2022-06-01,MESA_OPEN_DATA_2026,https://data.mesaaz.gov/d/5zhe-5nig,dataset 5zhe-5nig; retrieved 2026-08-22,study-derived after declared sensor and completeness QA
2022-06-17,8.434373458226522,0.0,0.3805555612262752,10.655085449329128,10.16677642001046,0.5372392022891569,3.7179625988006593,0.0045272882756156,0.0,0.0,0.0,11,33.8919926898822,33.89651997815782,True,0.9998664379624063,2022-06-01,MESA_OPEN_DATA_2026,https://data.mesaaz.gov/d/5zhe-5nig,dataset 5zhe-5nig; retrieved 2026-08-22,study-derived after declared sensor and completeness QA
2022-06-18,3.141436060269674,0.0,0.4300000064074993,10.782417435334926,10.379961493942472,0.4990574162060492,3.8621875822544096,4.069450501449562,0.0,0.0,0.0,11,29.09505999441503,33.16451049586459,True,0.8772950228842668,2022-06-01,MESA_OPEN_DATA_2026,https://data.mesaaz.gov/d/5zhe-5nig,dataset 5zhe-5nig; retrieved 2026-08-22,study-derived after declared sensor and completeness QA
2022-06-19,8.079355160395304,0.0,0.0,11.04740050565529,10.424971864620844,0.0,3.7938874840736383,0.1811238179798238,0.0,0.0,0.0,11,33.34561501474507,33.526738832724895,True,0.9945976308974307,2022-06-01,MESA_OPEN_DATA_2026,https://data.mesaaz.gov/d/5zhe-5nig,dataset 5zhe-5nig; retrieved 2026-08-22,study-derived after declared sensor and completeness QA
2022-06-20,8.428667863210043,0.0,0.0,11.985374973451773,10.666653790076571,0.0,3.8552124470472338,0.0043216618554045,0.0,0.0,0.0,11,34.93590907378562,34.94023073564103,True,0.9998763127270651,2022-06-01,MESA_OPEN_DATA_2026,https://data.mesaaz.gov/d/5zhe-5nig,dataset 5zhe-5nig; retrieved 2026-08-22,study-derived after declared sensor and completeness QA
2022-06-21,8.463167349497477,0.0,0.0,9.957209747241189,10.661308587259716,0.0,3.801688572296015,0.0044692980785233,0.0,0.0,0.0,11,32.883374256294395,32.88784355437292,True,0.9998641048607783,2022-06-01,MESA_OPEN_DATA_2026,https://data.mesaaz.gov/d/5zhe-5nig,dataset 5zhe-5nig; retrieved 2026-08-22,study-derived after declared sensor and completeness QA
2022-06-22,8.311497966448465,0.0,0.0,9.60346370319277,10.77596833705902,0.0,3.885865362154113,0.0046017942756103,0.0,0.0,0.0,11,32.57679536885437,32.58139716312998,True,0.9998587600693559,2022-06-01,MESA_OPEN_DATA_2026,https://data.mesaaz.gov/d/5zhe-5nig,dataset 5zhe-5nig; retrieved 2026-08-22,study-derived after declared sensor and completeness QA
2022-06-23,8.458495338757833,0.0,0.0,9.543343646732392,10.422404277986953,0.0,3.969891624483797,0.0045566000432396,0.0,0.0,0.0,11,32.39413488796097,32.39869148800421,True,0.9998593585162251,2022-06-01,MESA_OPEN_DATA_2026,https://data.mesaaz.gov/d/5zhe-5nig,dataset 5zhe-5nig; retrieved 2026-08-22,study-derived after declared sensor and completeness QA
2022-06-24,8.447712103525797,0.0,0.0,9.455910126310256,10.49971305595504,0.0,3.894029055039088,0.0045456163740406,0.0,0.0,0.0,11,32.297364340830185,32.301909957204224,True,0.9998592771641039,2022-06-01,MESA_OPEN_DATA_2026,https://data.mesaaz.gov/d/5zhe-5nig,dataset 5zhe-5nig; retrieved 2026-08-22,study-derived after declared sensor and completeness QA
2022-06-25,7.73204227288564,0.0,0.0,9.292315025613815,9.85603516764111,0.0,4.413046601580249,0.589591812051367,0.0,0.0,0.0,11,31.293439067720815,31.883030879772182,True,0.9815076611042827,2022-06-01,MESA_OPEN_DATA_2026,https://data.mesaaz.gov/d/5zhe-5nig,dataset 5zhe-5nig; retrieved 2026-08-22,study-derived after declared sensor and completeness QA
2022-06-26,8.496054093043009,0.0,0.0,9.8941742441785,9.344071244994524,0.0,4.886759153008461,0.0299522112666939,0.0,0.0,0.0,11,32.621058735224494,32.65101094649119,True,0.99908265593014,2022-06-01,MESA_OPEN_DATA_2026,https://data.mesaaz.gov/d/5zhe-5nig,dataset 5zhe-5nig; retrieved 2026-08-22,study-derived after declared sensor and completeness QA
2022-06-27,8.451152880986532,0.0,0.0,8.501008026369952,9.57360201742914,0.0,4.922604029046164,0.0045528047679302,0.0,0.0,0.0,11,31.448366953831787,31.452919758599716,True,0.99985525017064,2022-06-01,MESA_OPEN_DATA_2026,https://data.mesaaz.gov/d/5zhe-5nig,dataset 5zhe-5nig; retrieved 2026-08-22,study-derived after declared sensor and completeness QA
2022-06-28,8.240546305974325,0.0,0.0,10.091494222406132,9.58584626250797,0.0,4.936815076404148,0.004613255111811,0.0,0.0,0.0,11,32.854701867292576,32.85931512240439,True,0.9998596058653496,2022-06-01,MESA_OPEN_DATA_2026,https://data.mesaaz.gov/d/5zhe-5nig,dataset 5zhe-5nig; retrieved 2026-08-22,study-derived after declared sensor and completeness QA
2022-06-29,8.523388425509134,0.0,0.0,9.366167820708704,9.54507885840204,0.0,4.961670030819045,0.0046363863317916,0.0,0.0,0.0,11,32.39630513543892,32.40094152177071,True,0.9998569058146451,2022-06-01,MESA_OPEN_DATA_2026,https://data.mesaaz.gov/d/5zhe-5nig,dataset 5zhe-5nig; retrieved 2026-08-22,study-derived after declared sensor and completeness QA
2022-06-30,8.46189417441686,0.0,0.0,9.325444816891792,9.388516890340382,0.0,4.997183512316809,0.004854301136219799,0.0,0.0,0.0,11,32.173039393965844,32.177893695102064,True,0.9998491417374233,2022-06-01,MESA_OPEN_DATA_2026,https://data.mesaaz.gov/d/5zhe-5nig,dataset 5zhe-5nig; retrieved 2026-08-22,study-derived after declared sensor and completeness QA
2022-07-02,8.480991999308268,0.0,0.0,9.280135698094965,9.29346702562438,0.0,5.026775648527675,0.0050098328889968,0.0,0.0,0.0,11,32.08137037155529,32.08638020444428,True,0.9998438641923123,2022-07-01,MESA_OPEN_DATA_2026,https://data.mesaaz.gov/d/5zhe-5nig,dataset 5zhe-5nig; retrieved 2026-08-22,study-derived after declared sensor and completeness QA
2022-07-03,8.567157427469889,0.0,0.0,8.900225638138147,9.271513809098138,0.0,4.973712548282411,0.0061671307388072,0.0,0.0,0.0,11,31.712609422988585,31.71877655372739,True,0.9998055684547492,2022-07-01,MESA_OPEN_DATA_2026,https://data.mesaaz.gov/d/5zhe-5nig,dataset 5zhe-5nig; retrieved 2026-08-22,study-derived after declared sensor and completeness QA
2022-07-04,8.065299034118652,0.0,0.0,8.519574039473579,9.210592696401807,0.0,4.868398713403278,0.004823148153567,0.0,0.0,0.0,11,30.663864483397315,30.66868763155088,True,0.9998427337937799,2022-07-01,MESA_OPEN_DATA_2026,https://data.mesaaz.gov/d/5zhe-5nig,dataset 5zhe-5nig; retrieved 2026-08-22,study-derived after declared sensor and completeness QA
2022-07-05,7.982463141282399,0.0,0.0,8.859270336513012,8.985883572366502,0.0,4.66865197552575,0.0047919133018391,0.0,0.0,0.0,11,30.49626902568766,30.5010609389895,True,0.999842893553394,2022-07-01,MESA_OPEN_DATA_2026,https://data.mesaaz.gov/d/5zhe-5nig,dataset 5zhe-5nig; retrieved 2026-08-22,study-derived after declared sensor and completeness QA
2022-07-06,8.107815285523733,0.0,0.0,9.265062527922804,9.199218663904402,0.0,4.841651251912117,0.0047417412085148,0.0,0.0,0.0,11,31.413747729263058,31.418489470471574,True,0.9998490780018889,2022-07-01,MESA_OPEN_DATA_2026,https://data.mesaaz.gov/d/5zhe-5nig,dataset 5zhe-5nig; retrieved 2026-08-22,study-derived after declared sensor and completeness QA
2022-07-07,8.51418149471283,0.0,0.0,9.202590857834505,9.32581434779697,0.0,4.653546548551983,0.0046604303837132,0.0,0.0,0.0,11,31.696133248896285,31.700793679279997,True,0.9998529869494479,2022-07-01,MESA_OPEN_DATA_2026,https://data.mesaaz.gov/d/5zhe-5nig,dataset 5zhe-5nig; retrieved 2026-08-22,study-derived after declared sensor and completeness QA
2022-07-08,8.63609266281128,0.0,0.0,8.97983223801591,9.29295052819782,0.0,4.587844339344237,0.0046448621821279,0.0,0.0,0.0,11,31.496719768369246,31.501364630551375,True,0.9998525504454615,2022-07-01,MESA_OPEN_DATA_2026,https://data.mesaaz.gov/d/5zhe-5nig,dataset 5zhe-5nig; retrieved 2026-08-22,study-derived after declared sensor and completeness QA
2022-07-09,8.515165527661642,0.0,0.0,8.887642260109661,9.207241564407989,0.0,4.557395990027322,0.0045921184937469,0.0,0.0,0.0,11,31.167445342206612,31.17203746070036,True,0.9998526846857689,2022-07-01,MESA_OPEN_DATA_2026,https://data.mesaaz.gov/d/5zhe-5nig,dataset 5zhe-5nig; retrieved 2026-08-22,study-derived after declared sensor and completeness QA
2022-07-10,8.792595108350119,0.0,0.0,9.73470804564103,9.2546891576714,0.0,4.583643861280548,0.0045239951577968,0.0,0.0,0.0,11,32.3656361729431,32.370160168100895,True,0.999860241804974,2022-07-01,MESA_OPEN_DATA_2026,https://data.mesaaz.gov/d/5zhe-5nig,dataset 5zhe-5nig; retrieved 2026-08-22,study-derived after declared sensor and completeness QA
2022-07-11,8.586966872215271,0.0,0.0,9.553328356224078,9.371942349937228,0.0,4.601762734850248,0.0044883185764774,0.0,0.0,0.0,11,32.114000313226825,32.1184886318033,True,0.9998602574788643,2022-07-01,MESA_OPEN_DATA_2026,https://data.mesaaz.gov/d/5zhe-5nig,dataset 5zhe-5nig; retrieved 2026-08-22,study-derived after declared sensor and completeness QA
2022-07-12,8.613169153531393,0.0,0.0,9.542536971773265,9.475353167454402,0.0,4.681931339701017,0.0044344739095928,0.0,0.0,0.0,11,32.31299063246008,32.31742510636967,True,0.9998627838110556,2022-07-01,MESA_OPEN_DATA_2026,https://data.mesaaz.gov/d/5zhe-5nig,dataset 5zhe-5nig; retrieved 2026-08-22,study-derived after declared sensor and completeness QA
2022-07-13,8.949058016141256,0.0,0.0,8.931506231712357,9.358159962627624,0.0,4.671158338255353,0.0045128467609174,0.0,0.0,0.0,11,31.90988254873659,31.914395395497507,True,0.9998585952606969,2022-07-01,MESA_OPEN_DATA_2026,https://data.mesaaz.gov/d/5zhe-5nig,dataset 5zhe-5nig; retrieved 2026-08-22,study-derived after declared sensor and completeness QA
2022-07-14,8.79543169339498,0.0,0.0,9.136554667046209,9.28095304105017,0.0,4.611791726946831,0.0048587792941058,0.0,0.0,0.0,11,31.824731128438184,31.82958990773229,True,0.9998473502389383,2022-07-01,MESA_OPEN_DATA_2026,https://data.mesaaz.gov/d/5zhe-5nig,dataset 5zhe-5nig; retrieved 2026-08-22,study-derived after declared sensor and completeness QA
2022-07-15,8.915680408477783,0.0,0.0,9.348035902332652,9.371558641062842,0.0,4.736324223544862,0.0045541867342156,0.0,0.0,0.0,11,32.37159917541814,32.37615336215236,True,0.9998593351506809,2022-07-01,MESA_OPEN_DATA_2026,https://data.mesaaz.gov/d/5zhe-5nig,dataset 5zhe-5nig; retrieved 2026-08-22,study-derived after declared sensor and completeness QA
2022-07-16,8.989580829938253,0.0,0.0,9.928084260012817,9.61660221417745,0.0,5.081408298346731,0.0045831527289313,0.0,0.0,0.0,11,33.61567560247525,33.62025875520418,True,0.9998636788383366,2022-07-01,MESA_OPEN_DATA_2026,https://data.mesaaz.gov/d/5zhe-5nig,dataset 5zhe-5nig; retrieved 2026-08-22,study-derived after declared sensor and completeness QA
2022-07-17,8.79219655195872,0.0,0.0,9.806273491913464,9.57915632062488,0.0,4.824496625198258,0.0046100293014508,0.0,0.0,0.0,11,33.00212298969532,33.006733018996776,True,0.9998603306392426,2022-07-01,MESA_OPEN_DATA_2026,https://data.mesaaz.gov/d/5zhe-5nig,dataset 5zhe-5nig; retrieved 2026-08-22,study-derived after declared sensor and completeness QA
2022-07-18,8.664285063743591,0.0,0.0,10.00575158518308,9.53513094385465,0.0,4.768699431088236,0.0046570957638323,0.0,0.0,0.0,11,32.97386702386956,32.97852411963339,True,0.9998587839847854,2022-07-01,MESA_OPEN_DATA_2026,https://data.mesaaz.gov/d/5zhe-5nig,dataset 5zhe-5nig; retrieved 2026-08-22,study-derived after declared sensor and completeness QA
2022-07-19,8.668567180633545,0.0,0.0,9.75625053493513,9.848701046572792,0.0,5.026543264256583,0.005117346784876,0.0,0.0,0.0,11,33.30006202639805,33.30517937318293,True,0.9998463498206228,2022-07-01,MESA_OPEN_DATA_2026,https://data.mesaaz.gov/d/5zhe-5nig,dataset 5zhe-5nig; retrieved 2026-08-22,study-derived after declared sensor and completeness QA
2022-07-20,9.048786600430809,0.0,0.0,9.513091000958813,9.86479423046112,0.0,4.924411669042375,0.0051646447391249,0.0,0.0,0.0,11,33.35108350089312,33.35624814563224,True,0.9998451670968337,2022-07-01,MESA_OPEN_DATA_2026,https://data.mesaaz.gov/d/5zhe-5nig,dataset 5zhe-5nig; retrieved 2026-08-22,study-derived after declared sensor and completeness QA
2022-07-21,8.974172155062357,0.0,0.0,9.896367591212943,9.363251408880709,0.0,4.866752254631784,0.0051192901252458,0.0,0.0,0.0,11,33.10054340978779,33.10566269991303,True,0.9998453651216214,2022-07-01,MESA_OPEN_DATA_2026,https://data.mesaaz.gov/d/5zhe-5nig,dataset 5zhe-5nig; retrieved 2026-08-22,study-derived after declared sensor and completeness QA
2022-07-22,4.01728226741155,0.0,0.0,9.86926305492995,9.39481797615687,0.0,6.951120231548945,0.0048962005724509,0.0,0.0,0.0,11,30.232483530047315,30.237379730619764,True,0.9998380745747129,2022-07-01,MESA_OPEN_DATA_2026,https://data.mesaaz.gov/d/5zhe-5nig,dataset 5zhe-5nig; retrieved 2026-08-22,study-derived after declared sensor and completeness QA
2022-07-23,7.357120772202809,0.0,0.0,9.568413326431203,9.379436520735425,1.1239999532699585,5.5787228614091875,0.0048391793776924,0.0,0.0,0.0,11,33.00769343404858,33.01253261342627,True,0.999853413870594,2022-07-01,MESA_OPEN_DATA_2026,https://data.mesaaz.gov/d/5zhe-5nig,dataset 5zhe-5nig; retrieved 2026-08-22,study-derived after declared sensor and completeness QA
2022-07-24,8.497231562932333,0.0,0.0,10.270461383806886,9.376077469852236,0.8479734532659946,5.06363696290387,0.0048938804150869,0.0,0.0,0.0,11,34.055380832761315,34.060274713176405,True,0.9998563170597917,2022-07-01,MESA_OPEN_DATA_2026,https://data.mesaaz.gov/d/5zhe-5nig,dataset 5zhe-5nig; retrieved 2026-08-22,study-derived after declared sensor and completeness QA
2022-07-25,8.629390120506287,0.0,0.0,10.87961240177905,9.484148380491469,0.5308370210417134,5.062921034958627,0.0050601761710519,0.0,0.0,0.0,11,34.586908958777144,34.591969134948194,True,0.9998537181809075,2022-07-01,MESA_OPEN_DATA_2026,https://data.mesaaz.gov/d/5zhe-5nig,dataset 5zhe-5nig; retrieved 2026-08-22,study-derived after declared sensor and completeness QA
2022-07-26,8.457658131917318,0.0,0.0,10.607149849877416,9.67796352174547,0.8672694882227517,5.0866832305987675,0.0050605400853479,0.0,0.0,0.0,11,34.69672422236172,34.70178476244707,True,0.9998541706105324,2022-07-01,MESA_OPEN_DATA_2026,https://data.mesaaz.gov/d/5zhe-5nig,dataset 5zhe-5nig; retrieved 2026-08-22,study-derived after declared sensor and completeness QA
2022-07-27,8.81246030330658,0.0,3.9139929672082263,10.374824471904171,9.65669387380282,0.8488259075577876,5.233047352565659,0.0055094788161416,0.0,0.0,0.0,11,38.83984487634524,38.84535435516138,True,0.9998581689134363,2022-07-01,MESA_OPEN_DATA_2026,https://data.mesaaz.gov/d/5zhe-5nig,dataset 5zhe-5nig; retrieved 2026-08-22,study-derived after declared sensor and completeness QA
2022-07-28,8.813230792681376,0.0,8.64136244058609,10.353368301146912,9.589747515651917,0.7860837917587611,5.115596375200483,0.0056503162874529,0.0,0.0,0.0,11,43.29938921702554,43.30503953331299,True,0.9998695228927547,2022-07-01,MESA_OPEN_DATA_2026,https://data.mesaaz.gov/d/5zhe-5nig,dataset 5zhe-5nig; retrieved 2026-08-22,study-derived after declared sensor and completeness QA
2022-07-29,8.71878445148468,0.0,5.014794483449724,10.171596386763785,9.6221008433236,0.6849838774050435,5.10807896885607,0.0056643326533958,0.0,0.0,0.0,11,39.320339011282904,39.3260033439363,True,0.9998559647009166,2022-07-01,MESA_OPEN_DATA_2026,https://data.mesaaz.gov/d/5zhe-5nig,dataset 5zhe-5nig; retrieved 2026-08-22,study-derived after declared sensor and completeness QA
2022-07-30,6.548404475053151,0.0,0.0,9.944341816130198,9.55187588400311,2.4468189545577617,5.0033984654479555,0.005347143431815,0.0,0.0,0.0,11,33.494839595192175,33.50018673862399,True,0.9998403846678966,2022-07-01,MESA_OPEN_DATA_2026,https://data.mesaaz.gov/d/5zhe-5nig,dataset 5zhe-5nig; retrieved 2026-08-22,study-derived after declared sensor and completeness QA
2022-07-31,6.112600892782211,0.0,0.0,11.084606878234988,9.676276291078992,2.8632163352215017,4.898455208705531,0.00592493393924085,0.0,0.0,0.0,11,34.63515560602322,34.64108053996246,True,0.9998289622076769,2022-07-01,MESA_OPEN_DATA_2026,https://data.mesaaz.gov/d/5zhe-5nig,dataset 5zhe-5nig; retrieved 2026-08-22,study-derived after declared sensor and completeness QA
2022-08-02,6.06954683860143,0.0,0.0,10.728826776362128,9.9705012275113,3.0957406315770184,5.005036848121219,0.0065458725051333,0.0,0.0,0.0,11,34.869652322173096,34.87619819467823,True,0.9998123111794297,2022-08-01,MESA_OPEN_DATA_2026,https://data.mesaaz.gov/d/5zhe-5nig,dataset 5zhe-5nig; retrieved 2026-08-22,study-derived after declared sensor and completeness QA
2022-08-03,6.315392394860585,0.0,0.0,10.360719389729546,9.816214152177174,2.997244871311108,4.984290481607119,0.0071227192917528,0.0,0.0,0.0,11,34.47386128968553,34.48098400897728,True,0.9997934305097008,2022-08-01,MESA_OPEN_DATA_2026,https://data.mesaaz.gov/d/5zhe-5nig,dataset 5zhe-5nig; retrieved 2026-08-22,study-derived after declared sensor and completeness QA
2022-08-04,6.1450992822647095,0.0,0.0,10.071285634241342,9.768156450324588,3.1224353725711507,4.914923647708363,0.0066130678751505,0.0,0.0,0.0,11,34.02190038711015,34.0285134549853,True,0.9998056609824023,2022-08-01,MESA_OPEN_DATA_2026,https://data.mesaaz.gov/d/5zhe-5nig,dataset 5zhe-5nig; retrieved 2026-08-22,study-derived after declared sensor and completeness QA
2022-08-05,6.211648722489675,0.0,0.0,10.759991838253208,9.608188288741642,3.1366151401687365,4.909065893623564,0.0055090304425296,0.0,0.0,0.0,11,34.62550988327683,34.63101891371936,True,0.9998409220803969,2022-08-01,MESA_OPEN_DATA_2026,https://data.mesaaz.gov/d/5zhe-5nig,dataset 5zhe-5nig; retrieved 2026-08-22,study-derived after declared sensor and completeness QA
2022-08-06,6.427819470564525,0.0,0.0,10.481307947511477,9.802757956584294,3.1436627643734383,4.924789076050122,0.0057934301245647,0.0,0.0,0.0,11,34.780337215083854,34.78613064520842,True,0.9998334557475319,2022-08-01,MESA_OPEN_DATA_2026,https://data.mesaaz.gov/d/5zhe-5nig,dataset 5zhe-5nig; retrieved 2026-08-22,study-derived after declared sensor and completeness QA
2022-08-07,6.204187413056691,0.0,0.0,10.756341086670204,9.49037672082583,3.114493637777574,4.742440748876995,0.0055285857524722,0.0,0.0,0.0,11,34.3078396072073,34.31336819295977,True,0.9998388795375207,2022-08-01,MESA_OPEN_DATA_2026,https://data.mesaaz.gov/d/5zhe-5nig,dataset 5zhe-5nig; retrieved 2026-08-22,study-derived after declared sensor and completeness QA
2022-08-08,6.280989587306976,0.0,0.0,11.21993596289169,9.52486947576205,2.9245671865319003,4.912690931558609,0.0055707602684075,0.0,0.0,0.0,11,34.86305314405122,34.86862390431963,True,0.9998402357292995,2022-08-01,MESA_OPEN_DATA_2026,https://data.mesaaz.gov/d/5zhe-5nig,dataset 5zhe-5nig; retrieved 2026-08-22,study-derived after declared sensor and completeness QA
2022-08-09,6.282484213511149,0.0,0.0,10.721788286402084,9.721835647688971,3.2814489751221747,5.07880957490868,0.0056172327216093,0.0,0.0,0.0,11,35.08636669763306,35.09198393035467,True,0.9998399283228683,2022-08-01,MESA_OPEN_DATA_2026,https://data.mesaaz.gov/d/5zhe-5nig,dataset 5zhe-5nig; retrieved 2026-08-22,study-derived after declared sensor and completeness QA
2022-08-10,6.316447337468465,0.0,0.0,10.693469632899872,9.470757399664985,3.1163126922153928,5.015870699617598,0.0057565804260472,0.0,0.0,0.0,11,34.61285776186631,34.618614342292354,True,0.9998337143026833,2022-08-01,MESA_OPEN_DATA_2026,https://data.mesaaz.gov/d/5zhe-5nig,dataset 5zhe-5nig; retrieved 2026-08-22,study-derived after declared sensor and completeness QA
2022-08-11,6.382393836975098,0.0,0.0,8.626761396715807,9.377286799086464,3.036565640618681,5.2528201785352495,0.0054544362938031,0.0,0.0,0.0,11,32.6758278519313,32.681282288225106,True,0.9998331021333343,2022-08-01,MESA_OPEN_DATA_2026,https://data.mesaaz.gov/d/5zhe-5nig,dataset 5zhe-5nig; retrieved 2026-08-22,study-derived after declared sensor and completeness QA
2022-08-12,6.349083801110585,0.0,0.0,10.02387706015121,9.168447326289282,3.0244323837059786,5.1326493475172255,0.0061274557956494,0.0,0.0,0.0,11,33.69848991877428,33.70461737456993,True,0.9998182012948685,2022-08-01,MESA_OPEN_DATA_2026,https://data.mesaaz.gov/d/5zhe-5nig,dataset 5zhe-5nig; retrieved 2026-08-22,study-derived after declared sensor and completeness QA
2022-08-13,6.099036812782288,0.0,0.0,10.49323969896193,9.22925272848871,3.126788778738542,5.066857624385092,0.0056401963229291,0.0,0.0,0.0,11,34.015175643356564,34.02081583967949,True,0.9998342133724979,2022-08-01,MESA_OPEN_DATA_2026,https://data.mesaaz.gov/d/5zhe-5nig,dataset 5zhe-5nig; retrieved 2026-08-22,study-derived after declared sensor and completeness QA
2022-08-14,6.299421668052673,0.0,0.0,10.77798406685296,9.250458725293475,3.2005403848743703,4.947666764259338,0.0063512558117508,0.0,0.0,0.0,11,34.47607160933282,34.48242286514457,True,0.999815811788035,2022-08-01,MESA_OPEN_DATA_2026,https://data.mesaaz.gov/d/5zhe-5nig,dataset 5zhe-5nig; retrieved 2026-08-22,study-derived after declared sensor and completeness QA
2022-08-15,6.4730984171231585,0.0,0.0,11.536373370866531,9.408588103741907,3.0276437048466467,5.168843509098671,0.0055992660345509,0.0,0.0,0.0,11,35.61454710567691,35.62014637171146,True,0.9998428062036545,2022-08-01,MESA_OPEN_DATA_2026,https://data.mesaaz.gov/d/5zhe-5nig,dataset 5zhe-5nig; retrieved 2026-08-22,study-derived after declared sensor and completeness QA
2022-08-16,6.5168275237083435,0.0,0.0,10.726420757914031,9.66206635038058,3.3027207523584368,5.293377157714632,0.0059589789404223,0.0,0.0,0.0,11,35.501412542076025,35.507371521016445,True,0.9998321762866369,2022-08-01,MESA_OPEN_DATA_2026,https://data.mesaaz.gov/d/5zhe-5nig,dataset 5zhe-5nig; retrieved 2026-08-22,study-derived after declared sensor and completeness QA
2022-08-17,7.178308407465617,0.0,0.0,10.7265226899253,9.395615243679789,2.648754708692172,5.158822163680595,0.0055047958934058,0.0,0.0,0.0,11,35.108023213443474,35.11352800933688,True,0.9998432286299472,2022-08-01,MESA_OPEN_DATA_2026,https://data.mesaaz.gov/d/5zhe-5nig,dataset 5zhe-5nig; retrieved 2026-08-22,study-derived after declared sensor and completeness QA
2022-08-18,7.504260341326396,0.0,0.0,10.451796027972518,9.23992194424447,2.0516050442928027,5.145167346113729,0.0058852767882247,0.0,0.0,0.0,11,34.392750703949915,34.39863598073814,True,0.9998289095884056,2022-08-01,MESA_OPEN_DATA_2026,https://data.mesaaz.gov/d/5zhe-5nig,dataset 5zhe-5nig; retrieved 2026-08-22,study-derived after declared sensor and completeness QA
2022-08-19,8.18452892700831,0.0,0.0,9.020229785881108,9.2729709982872,1.6250849764659212,5.196277803844875,0.0060735163472903,0.0,0.0,0.0,11,33.299092491487414,33.30516600783471,True,0.9998176404121252,2022-08-01,MESA_OPEN_DATA_2026,https://data.mesaaz.gov/d/5zhe-5nig,dataset 5zhe-5nig; retrieved 2026-08-22,study-derived after declared sensor and completeness QA
2022-08-20,8.610999941825867,0.0,0.0,12.67016388648293,9.298322713375091,1.4679288385303448,5.190097279018826,0.0055642884302263,0.0,0.0,0.0,11,37.23751265923306,37.24307694766329,True,0.999850595361977,2022-08-01,MESA_OPEN_DATA_2026,https://data.mesaaz.gov/d/5zhe-5nig,dataset 5zhe-5nig; retrieved 2026-08-22,study-derived after declared sensor and completeness QA
2022-08-21,9.196932792663574,0.0,0.0,11.1090288177942,9.301918788750966,0.5907958230624596,5.131819486618042,0.0062033537930498,0.0,0.0,0.0,11,35.330495708889245,35.33669906268229,True,0.9998244501054826,2022-08-01,MESA_OPEN_DATA_2026,https://data.mesaaz.gov/d/5zhe-5nig,dataset 5zhe-5nig; retrieved 2026-08-22,study-derived after declared sensor and completeness QA
2022-08-22,8.927249073982239,0.0,0.0,11.571521339204024,9.48199003736178,0.9724616085350848,5.256236010127598,0.0350776025831388,0.0,0.0,0.0,11,36.209458069210726,36.24453567179386,True,0.9990321961108627,2022-08-01,MESA_OPEN_DATA_2026,https://data.mesaaz.gov/d/5zhe-5nig,dataset 5zhe-5nig; retrieved 2026-08-22,study-derived after declared sensor and completeness QA
2022-08-23,8.96008805433909,0.0,0.0,6.352997284961781,9.783739417791368,1.1348487022293716,5.470013936360677,0.0636919878112773,0.0126458336909612,0.0,0.0,11,31.70168739568229,31.778025217184528,True,0.9975977795668386,2022-08-01,MESA_OPEN_DATA_2026,https://data.mesaaz.gov/d/5zhe-5nig,dataset 5zhe-5nig; retrieved 2026-08-22,study-derived after declared sensor and completeness QA
2022-08-25,9.218962947527569,0.0,0.0,3.541829945018539,9.22769361535708,0.7380719279776738,5.324236068460676,0.0164734702557325,10.117083219687144,0.0,0.0507224701163876,11,28.05079450434154,38.23507366440081,True,0.7336403939103312,2022-08-01,MESA_OPEN_DATA_2026,https://data.mesaaz.gov/d/5zhe-5nig,dataset 5zhe-5nig; retrieved 2026-08-22,study-derived after declared sensor and completeness QA
2022-08-26,9.104238430658976,0.0,0.0,8.725661359860528,9.19273162484169,0.6626177925882968,5.2845415870348615,0.0626258954095343,8.707889155546825,0.0,0.0002775289299919,11,32.969790794984355,41.7405833748707,True,0.7898737422734089,2022-08-01,MESA_OPEN_DATA_2026,https://data.mesaaz.gov/d/5zhe-5nig,dataset 5zhe-5nig; retrieved 2026-08-22,study-derived after declared sensor and completeness QA
2022-08-27,8.464361230532328,0.0,0.0,8.500925109472599,9.188108076651892,1.2195399394806694,5.309638831350538,0.0094309400883503,0.0,0.0,0.0,11,32.682573187488025,32.692004127576375,True,0.999711521506863,2022-08-01,MESA_OPEN_DATA_2026,https://data.mesaaz.gov/d/5zhe-5nig,dataset 5zhe-5nig; retrieved 2026-08-22,study-derived after declared sensor and completeness QA
2022-08-28,9.2094779809316,0.0,0.0,9.414078739861164,9.167568564414978,0.7054267540636422,5.215333554479811,0.0061600419188228,0.0,0.0,0.0,11,33.71188559375119,33.718045635670016,True,0.9998173072666967,2022-08-01,MESA_OPEN_DATA_2026,https://data.mesaaz.gov/d/5zhe-5nig,dataset 5zhe-5nig; retrieved 2026-08-22,study-derived after declared sensor and completeness QA
2022-08-29,8.943102677663168,0.0,0.0,9.35358078804143,9.286668707927069,0.8702803289042357,5.304722454812792,0.0132680443736414,0.0,0.0,0.0,11,33.75835495734869,33.77162300172233,True,0.9996071244673979,2022-08-01,MESA_OPEN_DATA_2026,https://data.mesaaz.gov/d/5zhe-5nig,dataset 5zhe-5nig; retrieved 2026-08-22,study-derived after declared sensor and completeness QA
2022-08-30,8.947202205657959,0.0,0.0,9.09959957142119,9.502096196015676,0.7524387107171056,5.7339678108899275,0.0212009825045242,0.0,0.0,0.0,11,34.035304494701855,34.05650547720638,True,0.9993774762792761,2022-08-01,MESA_OPEN_DATA_2026,https://data.mesaaz.gov/d/5zhe-5nig,dataset 5zhe-5nig; retrieved 2026-08-22,study-derived after declared sensor and completeness QA
2022-08-31,8.978197534879047,0.0,0.0,8.7941641185475,9.281445882692108,0.6860809073015766,5.6323696244963966,0.009572208529183,0.0,0.0,0.0919955692797278,11,33.372258067916626,33.473825845725536,True,0.9969657553254588,2022-08-01,MESA_OPEN_DATA_2026,https://data.mesaaz.gov/d/5zhe-5nig,dataset 5zhe-5nig; retrieved 2026-08-22,study-derived after declared sensor and completeness QA
2022-09-02,8.869401892026266,0.0,0.0,8.723880784481212,9.270783231655756,0.4821474367081704,5.5194156201371225,0.042876663734205,0.0,0.0,0.0010277777910232,11,32.865628965008526,32.909533406533754,True,0.9986659050742873,2022-09-01,MESA_OPEN_DATA_2026,https://data.mesaaz.gov/d/5zhe-5nig,dataset 5zhe-5nig; retrieved 2026-08-22,study-derived after declared sensor and completeness QA
2022-09-03,8.908498565355936,0.0,0.0,9.606618332498948,9.205815041065216,0.7107268817910627,5.3999324070082775,0.0073559847660362,0.0,0.0,0.0,11,33.83159122771944,33.83894721248548,True,0.9997826178007299,2022-09-01,MESA_OPEN_DATA_2026,https://data.mesaaz.gov/d/5zhe-5nig,dataset 5zhe-5nig; retrieved 2026-08-22,study-derived after declared sensor and completeness QA
2022-09-04,8.932029644648233,0.0,0.0,9.565142764092457,9.177732324401262,0.7106228957573573,5.375367357333501,0.0058898623101413,0.0,0.0,0.0,11,33.760894986232806,33.76678484854295,True,0.9998255723091032,2022-09-01,MESA_OPEN_DATA_2026,https://data.mesaaz.gov/d/5zhe-5nig,dataset 5zhe-5nig; retrieved 2026-08-22,study-derived after declared sensor and completeness QA
2022-09-05,8.617934584617615,0.0,0.0,8.751006156646957,9.109868558247884,0.7794874394039729,5.398616831832462,0.0056302348578659,0.0,0.0,0.0,11,32.65691357074889,32.66254380560676,True,0.999827624116132,2022-09-01,MESA_OPEN_DATA_2026,https://data.mesaaz.gov/d/5zhe-5nig,dataset 5zhe-5nig; retrieved 2026-08-22,study-derived after declared sensor and completeness QA
2022-09-06,8.447541038195292,0.0,0.0,9.889076100106315,8.867689637343089,0.7430237394721149,5.23958749141958,0.0053214599029161,0.0,0.0,0.0,11,33.18691800653639,33.192239466439304,True,0.9998396775876393,2022-09-01,MESA_OPEN_DATA_2026,https://data.mesaaz.gov/d/5zhe-5nig,dataset 5zhe-5nig; retrieved 2026-08-22,study-derived after declared sensor and completeness QA
2022-09-07,8.76725443204244,0.0,0.0,9.181943681642965,9.503075121505017,0.9627573207124964,5.51941613720523,0.0256442064031337,0.0,0.0,0.0,11,33.93444669310814,33.96009089951128,True,0.9992448722684807,2022-09-01,MESA_OPEN_DATA_2026,https://data.mesaaz.gov/d/5zhe-5nig,dataset 5zhe-5nig; retrieved 2026-08-22,study-derived after declared sensor and completeness QA
2022-09-08,9.153438568115234,0.0,0.0,9.945523623699945,9.369224774837496,0.8159541923552751,5.09201184577412,0.012416407194299,0.0,0.0,0.0,11,34.37615300478207,34.38856941197637,True,0.9996389379550643,2022-09-01,MESA_OPEN_DATA_2026,https://data.mesaaz.gov/d/5zhe-5nig,dataset 5zhe-5nig; retrieved 2026-08-22,study-derived after declared sensor and completeness QA
2022-09-09,9.068469166755676,0.0,0.0,8.628558765696104,9.285223908484063,0.7190046184868725,5.152897725833787,0.0069304240169003,0.0,0.0,0.0,11,32.854154185256505,32.861084609273405,True,0.9997890993526445,2022-09-01,MESA_OPEN_DATA_2026,https://data.mesaaz.gov/d/5zhe-5nig,dataset 5zhe-5nig; retrieved 2026-08-22,study-derived after declared sensor and completeness QA
2022-09-10,8.732187906901041,0.0,0.0,8.4269114527592,9.602989918730232,0.5672053089105217,5.452150092327354,0.0067744709085673,0.0,0.0,0.0,11,32.78144467962835,32.78821915053692,True,0.9997933870431491,2022-09-01,MESA_OPEN_DATA_2026,https://data.mesaaz.gov/d/5zhe-5nig,dataset 5zhe-5nig; retrieved 2026-08-22,study-derived after declared sensor and completeness QA
2022-09-11,6.831299444039662,0.0,0.0,9.805399913205592,9.250074789921443,2.093591229372702,5.38122997019026,0.0053343892407914,0.0,0.0,0.0,11,33.36159534672966,33.36692973597045,True,0.9998401294550321,2022-09-01,MESA_OPEN_DATA_2026,https://data.mesaaz.gov/d/5zhe-5nig,dataset 5zhe-5nig; retrieved 2026-08-22,study-derived after declared sensor and completeness QA
2022-09-12,8.743605752786001,0.0,3.083918088674545,9.946082542559338,9.231243691841762,1.0329426557034045,5.714569239815076,0.0056012735779707,0.0,0.0,0.0,11,37.752361971380125,37.7579632449581,True,0.9998516531852729,2022-09-01,MESA_OPEN_DATA_2026,https://data.mesaaz.gov/d/5zhe-5nig,dataset 5zhe-5nig; retrieved 2026-08-22,study-derived after declared sensor and completeness QA
2022-09-13,8.714716156323751,0.0,2.8870722532272337,11.725625802510317,9.466353104148112,0.9922513688326547,5.782976273866953,0.0062325220011795,0.0,0.0,0.0218776503444166,11,39.568994958909016,39.59710513125461,True,0.9992900952670046,2022-09-01,MESA_OPEN_DATA_2026,https://data.mesaaz.gov/d/5zhe-5nig,dataset 5zhe-5nig; retrieved 2026-08-22,study-derived after declared sensor and completeness QA
2022-09-14,9.166845480600992,0.0,0.0,8.88005802333355,9.639349412718577,0.7778442453111163,5.54881743490696,0.0089532398075486,0.0,0.0,0.000122349536374,11,34.0129145968712,34.02199018621512,True,0.9997332434318437,2022-09-01,MESA_OPEN_DATA_2026,https://data.mesaaz.gov/d/5zhe-5nig,dataset 5zhe-5nig; retrieved 2026-08-22,study-derived after declared sensor and completeness QA
2022-09-15,9.038845737775167,0.0,0.0,8.69208790353051,9.469848066568376,0.6403906726405482,5.360002655122015,0.0057927247059221,0.0,0.0,0.0,11,33.201175035636616,33.206967760342536,True,0.999825556950947,2022-09-01,MESA_OPEN_DATA_2026,https://data.mesaaz.gov/d/5zhe-5nig,dataset 5zhe-5nig; retrieved 2026-08-22,study-derived after declared sensor and completeness QA
2022-09-16,8.868698994318644,0.0,0.0,8.7643291397172,9.33171048760414,0.4835919326062322,5.408168786428636,0.0053793908446095,0.0,0.0,0.0,11,32.856499340674844,32.861878731519454,True,0.9998363030035939,2022-09-01,MESA_OPEN_DATA_2026,https://data.mesaaz.gov/d/5zhe-5nig,dataset 5zhe-5nig; retrieved 2026-08-22,study-derived after declared sensor and completeness QA
2022-09-17,9.048494855562843,0.0,0.0,8.26726663240404,9.087689904371896,0.6796741241341704,5.200386136107975,0.005385906532562,0.0,0.0,0.0,11,32.28351165258092,32.28889755911348,True,0.9998331963324948,2022-09-01,MESA_OPEN_DATA_2026,https://data.mesaaz.gov/d/5zhe-5nig,dataset 5zhe-5nig; retrieved 2026-08-22,study-derived after declared sensor and completeness QA
2022-09-18,9.08779780069987,0.0,0.0,8.870535350853094,9.087810715039572,0.617672290120806,4.996258363789982,0.0053513911164676,0.0,0.0,0.0,11,32.66007452050332,32.66542591161979,True,0.9998361756821739,2022-09-01,MESA_OPEN_DATA_2026,https://data.mesaaz.gov/d/5zhe-5nig,dataset 5zhe-5nig; retrieved 2026-08-22,study-derived after declared sensor and completeness QA
2022-09-19,8.905078887939453,0.0,0.0,9.208906284265082,9.431439576546351,0.8065751954124498,5.224246689677239,0.0119919476564973,0.0,0.0,0.0,11,33.576246633840576,33.58823858149707,True,0.9996429718210021,2022-09-01,MESA_OPEN_DATA_2026,https://data.mesaaz.gov/d/5zhe-5nig,dataset 5zhe-5nig; retrieved 2026-08-22,study-derived after declared sensor and completeness QA
2022-09-20,8.898622035980225,0.0,0.0,8.240628527791964,9.362197230795156,0.7788824851840641,5.3421432217045135,0.0353340480942279,0.0,0.0,0.0,11,32.622473501455914,32.65780754955014,True,0.998918052044963,2022-09-01,MESA_OPEN_DATA_2026,https://data.mesaaz.gov/d/5zhe-5nig,dataset 5zhe-5nig; retrieved 2026-08-22,study-derived after declared sensor and completeness QA
2022-09-21,8.923158129056295,0.0,0.0,8.603678787336857,9.61288907986035,0.7808078171732034,5.0556799752844706,0.0117548070847988,0.0,0.0,0.0,11,32.97621378871118,32.98796859579598,True,0.9996436638088015,2022-09-01,MESA_OPEN_DATA_2026,https://data.mesaaz.gov/d/5zhe-5nig,dataset 5zhe-5nig; retrieved 2026-08-22,study-derived after declared sensor and completeness QA
2022-09-22,8.397064447402954,0.0,0.0,8.905410987569226,9.477789522262675,1.068402400075241,5.077568669665311,0.005696603252242,0.0,0.0,0.0,11,32.9262360269754,32.93193263022764,True,0.999827018859895,2022-09-01,MESA_OPEN_DATA_2026,https://data.mesaaz.gov/d/5zhe-5nig,dataset 5zhe-5nig; retrieved 2026-08-22,study-derived after declared sensor and completeness QA
2022-09-23,8.966601133346558,0.0,0.0,8.438812576862121,9.705545097133546,0.5901218491676458,5.3673043817281725,0.1805489072576165,0.0,0.0,0.0,11,33.06838503823804,33.24893394549566,True,0.994569783574006,2022-09-01,MESA_OPEN_DATA_2026,https://data.mesaaz.gov/d/5zhe-5nig,dataset 5zhe-5nig; retrieved 2026-08-22,study-derived after declared sensor and completeness QA
2022-09-24,8.949149131774902,0.0,0.0,8.868324890649982,9.5621704518795,0.6183572338899198,5.296229939659437,0.0131182712114726,0.0,0.0,0.0,11,33.294231647853735,33.30734991906521,True,0.999606144852612,2022-09-01,MESA_OPEN_DATA_2026,https://data.mesaaz.gov/d/5zhe-5nig,dataset 5zhe-5nig; retrieved 2026-08-22,study-derived after declared sensor and completeness QA
2022-09-25,8.967692335446676,0.0,0.0,9.3124520645263,9.541461082363062,0.4572703837933025,5.128701111274597,0.0053660260358204,0.0,0.0,0.0,11,33.40757697740394,33.412943003439764,True,0.9998394027716963,2022-09-01,MESA_OPEN_DATA_2026,https://data.mesaaz.gov/d/5zhe-5nig,dataset 5zhe-5nig; retrieved 2026-08-22,study-derived after declared sensor and completeness QA
2022-09-26,8.741611083348593,0.0,0.0,9.735440913089828,9.652885560194653,0.7997046266604402,5.243099191784859,0.019768930079105,0.0,0.0,0.0,11,34.172741375078374,34.19251030515748,True,0.9994218344923297,2022-09-01,MESA_OPEN_DATA_2026,https://data.mesaaz.gov/d/5zhe-5nig,dataset 5zhe-5nig; retrieved 2026-08-22,study-derived after declared sensor and completeness QA
2022-09-27,8.760488033294678,0.0,0.0,9.016280590709712,9.872960138320924,0.872177825188537,5.319786206881205,0.0130816205637529,0.0,0.0,0.0,11,33.84169279439506,33.85477441495881,True,0.9996135959908221,2022-09-01,MESA_OPEN_DATA_2026,https://data.mesaaz.gov/d/5zhe-5nig,dataset 5zhe-5nig; retrieved 2026-08-22,study-derived after declared sensor and completeness QA
2022-09-28,9.023512482643127,0.0,0.0,8.502959798947666,9.502480878432593,0.4719930312581973,5.168475587169329,0.0071941818847941,0.0,0.0,0.0,11,32.66942177845091,32.6766159603357,True,0.9997798369973951,2022-09-01,MESA_OPEN_DATA_2026,https://data.mesaaz.gov/d/5zhe-5nig,dataset 5zhe-5nig; retrieved 2026-08-22,study-derived after declared sensor and completeness QA
2022-09-29,8.841955304145813,0.0,0.0,8.169330777151606,9.44532413091484,0.6211743012691537,5.141399378574416,0.0065463939487623,0.0,0.0,0.0,11,32.21918389205583,32.22573028600459,True,0.9997968581661095,2022-09-01,MESA_OPEN_DATA_2026,https://data.mesaaz.gov/d/5zhe-5nig,dataset 5zhe-5nig; retrieved 2026-08-22,study-derived after declared sensor and completeness QA
2022-09-30,8.940990408261616,0.0,0.0,8.18136959973386,9.250919995705287,0.5403911566739309,5.06750619792276,0.0053638104485192,0.0,0.0,0.0,11,31.981177358297455,31.986541168745973,True,0.9998323103951684,2022-09-01,MESA_OPEN_DATA_2026,https://data.mesaaz.gov/d/5zhe-5nig,dataset 5zhe-5nig; retrieved 2026-08-22,study-derived after declared sensor and completeness QA
2022-10-02,8.872957110404968,0.0,4.400584173864789,8.639215293471707,9.589097785949708,0.5882468049057471,4.917581139008204,0.0053517215031509,0.0,0.0,0.0,11,37.00768230760512,37.013034029108276,True,0.9998554098132311,2022-10-01,MESA_OPEN_DATA_2026,https://data.mesaaz.gov/d/5zhe-5nig,dataset 5zhe-5nig; retrieved 2026-08-22,study-derived after declared sensor and completeness QA
2022-10-03,8.827376166979471,0.0,8.915869810846116,8.766820911309786,9.606648254394532,0.7460606765298166,4.993738080064456,0.0320373353509542,0.0,0.0,0.0,11,41.85651390012417,41.88855123547513,True,0.9992351768107027,2022-10-01,MESA_OPEN_DATA_2026,https://data.mesaaz.gov/d/5zhe-5nig,dataset 5zhe-5nig; retrieved 2026-08-22,study-derived after declared sensor and completeness QA
2022-10-04,8.873824914296469,0.0,4.939540519979265,8.20289687557353,9.670239526033402,0.770202407691659,5.044201462136375,0.0504408992516497,0.0,0.0,0.0,11,37.50090570571069,37.55134660496234,True,0.9986567485906089,2022-10-01,MESA_OPEN_DATA_2026,https://data.mesaaz.gov/d/5zhe-5nig,dataset 5zhe-5nig; retrieved 2026-08-22,study-derived after declared sensor and completeness QA
2022-10-05,8.855610887209574,0.0,0.0,7.621669721226381,9.278941323359808,0.540998589767757,5.089281401369306,0.0076805950763324,0.0,0.0,0.0,11,31.386501922932826,31.39418251800916,True,0.9997553497348776,2022-10-01,MESA_OPEN_DATA_2026,https://data.mesaaz.gov/d/5zhe-5nig,dataset 5zhe-5nig; retrieved 2026-08-22,study-derived after declared sensor and completeness QA
2022-10-06,8.52350111802419,0.0,0.0,7.968248709863983,9.32344035205821,0.606057155699957,5.108694717543227,0.0063361857901327,0.0,0.0,0.1680216645011333,11,31.52994205318957,31.704299903480834,True,0.9945004983291833,2022-10-01,MESA_OPEN_DATA_2026,https://data.mesaaz.gov/d/5zhe-5nig,dataset 5zhe-5nig; retrieved 2026-08-22,study-derived after declared sensor and completeness QA
2022-10-07,8.46177625656128,0.0,0.0,7.690278065957957,9.257799994626064,0.5985966298510047,5.018469642930561,0.0053680446580983,0.0,0.0,0.000982542910023,11,31.026920589926863,31.033271177494985,True,0.9997953619671031,2022-10-01,MESA_OPEN_DATA_2026,https://data.mesaaz.gov/d/5zhe-5nig,dataset 5zhe-5nig; retrieved 2026-08-22,study-derived after declared sensor and completeness QA
2022-10-08,8.579644719759623,0.0,0.0,7.706358397267759,9.173327477460496,0.4621000119647779,5.057343404273137,0.0053276007141297,0.0,0.0,0.0,11,30.978774010725793,30.98410161143992,True,0.9998280537295888,2022-10-01,MESA_OPEN_DATA_2026,https://data.mesaaz.gov/d/5zhe-5nig,dataset 5zhe-5nig; retrieved 2026-08-22,study-derived after declared sensor and completeness QA
2022-10-09,8.609139482180277,0.0,0.0,8.240289062393346,9.28385803103447,0.5376924651894444,5.011750849750307,0.0053149713591362,0.0,0.0,0.0,11,31.682729890547844,31.68804486190698,True,0.9998322720324874,2022-10-01,MESA_OPEN_DATA_2026,https://data.mesaaz.gov/d/5zhe-5nig,dataset 5zhe-5nig; retrieved 2026-08-22,study-derived after declared sensor and completeness QA
2022-10-10,8.560247540473938,0.0,0.0,8.927014870700186,9.514662402868272,0.640865116482484,5.1162910047504635,0.0053815661813132,0.0,0.0,0.0,11,32.75908093527534,32.764462501456656,True,0.9998357499018616,2022-10-01,MESA_OPEN_DATA_2026,https://data.mesaaz.gov/d/5zhe-5nig,dataset 5zhe-5nig; retrieved 2026-08-22,study-derived after declared sensor and completeness QA
2022-10-11,8.54933500289917,0.0,0.0,8.895100111971432,9.641546156747,0.5832723318781267,5.139647991501406,0.0054374896377945,0.0,0.0,0.0,11,32.80890159499713,32.81433908463492,True,0.9998342953175511,2022-10-01,MESA_OPEN_DATA_2026,https://data.mesaaz.gov/d/5zhe-5nig,dataset 5zhe-5nig; retrieved 2026-08-22,study-derived after declared sensor and completeness QA
2022-10-12,2.571784963210424,0.0,0.0,8.334289872982987,9.700469761773387,0.5894877087502253,5.263826600861901,6.099220237636473,0.0,0.0,0.0,11,26.459858907578926,32.5590791452154,True,0.8126722131656858,2022-10-01,MESA_OPEN_DATA_2026,https://data.mesaaz.gov/d/5zhe-5nig,dataset 5zhe-5nig; retrieved 2026-08-22,study-derived after declared sensor and completeness QA
2022-10-13,0.0963295002778371,0.0,4.101472149954902,8.461015640727215,9.416006966676123,0.6327625946754835,5.066253854173401,8.566905577977499,0.0,0.0,0.0,11,27.77384070648496,36.34074628446246,True,0.7642617047289342,2022-10-01,MESA_OPEN_DATA_2026,https://data.mesaaz.gov/d/5zhe-5nig,dataset 5zhe-5nig; retrieved 2026-08-22,study-derived after declared sensor and completeness QA
2022-10-14,0.0,0.0,4.438249921798706,8.228320007622338,9.399248044369584,0.5884261044415138,5.050208408188355,8.72068993250529,0.0,0.0,0.0,11,27.704452486420497,36.42514241892579,True,0.7605859756920486,2022-10-01,MESA_OPEN_DATA_2026,https://data.mesaaz.gov/d/5zhe-5nig,dataset 5zhe-5nig; retrieved 2026-08-22,study-derived after declared sensor and completeness QA
2022-10-15,0.0,0.0,4.160240047507816,8.437863269252357,9.35238186429056,0.430119936851943,5.002804329941393,8.5537398258845,0.0,0.0,0.0,11,27.383409447844066,35.937149273728565,True,0.761980568888985,2022-10-01,MESA_OPEN_DATA_2026,https://data.mesaaz.gov/d/5zhe-5nig,dataset 5zhe-5nig; retrieved 2026-08-22,study-derived after declared sensor and completeness QA
2022-10-16,0.0,0.0,4.670626130368975,10.47293655609505,9.387911947079877,0.6367946941010113,4.944969128101317,8.656712094942728,0.0,0.0,0.0,11,30.113238455746227,38.769950550688954,True,0.7767159366472575,2022-10-01,MESA_OPEN_DATA_2026,https://data.mesaaz.gov/d/5zhe-5nig,dataset 5zhe-5nig; retrieved 2026-08-22,study-derived after declared sensor and completeness QA
2022-10-17,0.0,0.0,3.93144449657864,10.627951861998342,10.313856358322546,1.3372037797876126,5.576283224423727,8.632968147595724,0.0,0.0,0.0,11,31.786739721110866,40.41970786870659,True,0.7864168594281339,2022-10-01,MESA_OPEN_DATA_2026,https://data.mesaaz.gov/d/5zhe-5nig,dataset 5zhe-5nig; retrieved 2026-08-22,study-derived after declared sensor and completeness QA
2022-10-18,0.0,0.0,8.72222505013148,10.184333537381004,10.290505208538075,0.7069515376194809,5.536860536422408,8.808018525441488,0.0,0.0,0.0,11,35.44087587009245,44.24889439553394,True,0.8009437603862372,2022-10-01,MESA_OPEN_DATA_2026,https://data.mesaaz.gov/d/5zhe-5nig,dataset 5zhe-5nig; retrieved 2026-08-22,study-derived after declared sensor and completeness QA
2022-10-19,5.842735906442006,0.0,8.015398697720634,8.97638129323445,9.546799561950598,0.4711953734024232,5.314749868710836,2.9092281659444175,0.0,0.0,0.0835036794301467,11,38.16726070146095,41.15999254683551,True,0.9272902724175869,2022-10-01,MESA_OPEN_DATA_2026,https://data.mesaaz.gov/d/5zhe-5nig,dataset 5zhe-5nig; retrieved 2026-08-22,study-derived after declared sensor and completeness QA
2022-10-20,8.59262122710546,0.0,7.703944351938036,8.767578617758485,9.334741631525407,0.6016311616457863,5.206771510557211,0.1162639569180707,0.0,0.0,0.0005055555487396,11,40.20728850053038,40.32405801299719,True,0.9971042221884223,2022-10-01,MESA_OPEN_DATA_2026,https://data.mesaaz.gov/d/5zhe-5nig,dataset 5zhe-5nig; retrieved 2026-08-22,study-derived after declared sensor and completeness QA
2022-10-21,8.683656613032023,0.0,8.386659696367051,8.869195069576856,9.536890200585708,0.5187366572993525,5.170584218392618,0.0057881081011146,0.0,0.0,0.0,11,41.16572245525361,41.17151056335472,True,0.9998594147258161,2022-10-01,MESA_OPEN_DATA_2026,https://data.mesaaz.gov/d/5zhe-5nig,dataset 5zhe-5nig; retrieved 2026-08-22,study-derived after declared sensor and completeness QA
2022-10-22,8.68533225854238,0.0,4.639099452230665,8.733366271961067,9.334260726516897,0.5691243269839766,5.19949312834233,0.0057697750550384,0.0,0.0,0.0,11,37.16067616457732,37.166445939632354,True,0.9998447584936044,2022-10-01,MESA_OPEN_DATA_2026,https://data.mesaaz.gov/d/5zhe-5nig,dataset 5zhe-5nig; retrieved 2026-08-22,study-derived after declared sensor and completeness QA
2022-10-23,8.6503347158432,0.0,0.0,9.499428232203892,9.402785857629976,0.5244825328563477,5.1577167272567745,0.0057786309237902,0.0,0.0,0.0,11,33.234748065790185,33.24052669671398,True,0.9998261570589264,2022-10-01,MESA_OPEN_DATA_2026,https://data.mesaaz.gov/d/5zhe-5nig,dataset 5zhe-5nig; retrieved 2026-08-22,study-derived after declared sensor and completeness QA
2022-10-24,8.52048428853353,0.0,0.0,10.245251057536567,9.540008777329902,0.7016292146963781,5.457899824778239,0.0060609681919837,0.0,0.0,0.0,11,34.46527316287462,34.4713341310666,True,0.9998241736693759,2022-10-01,MESA_OPEN_DATA_2026,https://data.mesaaz.gov/d/5zhe-5nig,dataset 5zhe-5nig; retrieved 2026-08-22,study-derived after declared sensor and completeness QA
2022-10-25,8.423239747683207,0.0,4.361700201034546,9.655746878066306,9.811026394451524,0.598842395150013,5.720574850435411,0.0055907147664887,0.0,0.0,0.0,11,38.57113046682101,38.5767211815875,True,0.9998550754290346,2022-10-01,MESA_OPEN_DATA_2026,https://data.mesaaz.gov/d/5zhe-5nig,dataset 5zhe-5nig; retrieved 2026-08-22,study-derived after declared sensor and completeness QA
2022-10-26,8.557477355003357,0.0,8.486104501618279,8.921246708023656,9.835270591056783,0.5735403136157793,5.504540415657675,0.0055311551550403,0.0,0.0,0.0,11,41.87817988497552,41.883711040130564,True,0.9998679401844374,2022-10-01,MESA_OPEN_DATA_2026,https://data.mesaaz.gov/d/5zhe-5nig,dataset 5zhe-5nig; retrieved 2026-08-22,study-derived after declared sensor and completeness QA
2022-10-27,8.561641812324524,0.0,4.536954316827986,9.12520841135195,9.475545009756988,0.4559147136616257,5.100857889214049,0.0055373796300652,0.0,0.0,0.0,11,37.25612215313712,37.26165953276718,True,0.99985139202871,2022-10-01,MESA_OPEN_DATA_2026,https://data.mesaaz.gov/d/5zhe-5nig,dataset 5zhe-5nig; retrieved 2026-08-22,study-derived after declared sensor and completeness QA
2022-10-28,8.70238204797109,0.0,0.0,8.681745000866814,9.522627797275554,0.4654282112813119,4.9838128594802225,0.0055489309791785,0.0,0.0,0.0,11,32.355995916874996,32.36154484785418,True,0.9998285331863708,2022-10-01,MESA_OPEN_DATA_2026,https://data.mesaaz.gov/d/5zhe-5nig,dataset 5zhe-5nig; retrieved 2026-08-22,study-derived after declared sensor and completeness QA
2022-10-29,8.51762600739797,0.0,0.0,8.519140084143038,9.501637219096722,0.6042758028855549,4.929845345269615,0.0055171078032193,0.0,0.0,0.0,11,32.0725244587929,32.07804156659612,True,0.9998280098305949,2022-10-01,MESA_OPEN_DATA_2026,https://data.mesaaz.gov/d/5zhe-5nig,dataset 5zhe-5nig; retrieved 2026-08-22,study-derived after declared sensor and completeness QA
2022-10-30,8.591568549474081,0.0,0.0,9.669308466937682,9.471641901515016,0.6119522872201911,4.850884748832054,0.005496886500623,0.0,0.0,0.0,11,33.19535595397902,33.20085284047964,True,0.9998344353825176,2022-10-01,MESA_OPEN_DATA_2026,https://data.mesaaz.gov/d/5zhe-5nig,dataset 5zhe-5nig; retrieved 2026-08-22,study-derived after declared sensor and completeness QA
2022-10-31,8.574617544809978,0.0,0.0,9.975682930283387,9.8814013025297,0.6523519576748749,5.2177351605683,0.00601179043102695,0.0,0.0,0.0,11,34.30178889586624,34.30780068629726,True,0.9998247689939092,2022-10-01,MESA_OPEN_DATA_2026,https://data.mesaaz.gov/d/5zhe-5nig,dataset 5zhe-5nig; retrieved 2026-08-22,study-derived after declared sensor and completeness QA
2022-11-02,8.47646168867747,0.0,0.0,8.985877115351183,9.826596532206006,0.4344975459007592,5.038094491031765,0.0054952496235879,0.0,0.0,0.0,11,32.76152737316718,32.76702262279077,True,0.9998322932880767,2022-11-01,MESA_OPEN_DATA_2026,https://data.mesaaz.gov/d/5zhe-5nig,dataset 5zhe-5nig; retrieved 2026-08-22,study-derived after declared sensor and completeness QA
2022-11-03,8.436827778816223,0.0,0.0,9.06254079530796,9.862792724646829,0.5306848866098067,5.062495289811914,0.0057722173708801,0.0,0.0,0.0,11,32.95534147519273,32.961113692563615,True,0.9998248779630227,2022-11-01,MESA_OPEN_DATA_2026,https://data.mesaaz.gov/d/5zhe-5nig,dataset 5zhe-5nig; retrieved 2026-08-22,study-derived after declared sensor and completeness QA
2022-11-04,8.599149584770203,0.0,0.0,8.897377123358073,9.496442239309095,0.5901778199433283,5.088542074884087,0.0057815716912349,0.0,0.0,0.0,11,32.671688842264786,32.67747041395602,True,0.9998230716264754,2022-11-01,MESA_OPEN_DATA_2026,https://data.mesaaz.gov/d/5zhe-5nig,dataset 5zhe-5nig; retrieved 2026-08-22,study-derived after declared sensor and completeness QA
2022-11-05,8.680130004882812,0.0,0.0,8.994871340018731,10.165263211744344,0.6053554525588478,4.251721374931912,0.0104737084475345,0.0,0.0,0.0,11,32.69734138413665,32.707815092584184,True,0.9996797796362158,2022-11-01,MESA_OPEN_DATA_2026,https://data.mesaaz.gov/d/5zhe-5nig,dataset 5zhe-5nig; retrieved 2026-08-22,study-derived after declared sensor and completeness QA
2022-11-06,8.75481645266215,0.0,0.0,9.55291525647596,11.18022798915644,0.542331208785375,3.560555903949607,0.0056356634013354,0.0,0.0,0.0,11,33.590846811029536,33.59648247443087,True,0.9998322543615801,2022-11-01,MESA_OPEN_DATA_2026,https://data.mesaaz.gov/d/5zhe-5nig,dataset 5zhe-5nig; retrieved 2026-08-22,study-derived after declared sensor and completeness QA
2022-11-07,8.628722508748373,0.0,4.5438748598098755,10.751380421821,11.464788721419168,0.7518000096082688,3.623614694403744,0.037140503913785,0.0,0.0,0.0,11,39.764181215810424,39.80132171972421,True,0.999066852498635,2022-11-01,MESA_OPEN_DATA_2026,https://data.mesaaz.gov/d/5zhe-5nig,dataset 5zhe-5nig; retrieved 2026-08-22,study-derived after declared sensor and completeness QA
2022-11-08,8.637028892834982,0.0,4.567916525734796,9.913290593942834,11.731449174880982,0.5928874049986993,3.977908722119417,0.0320487415107587,0.0,0.0,0.0,11,39.420481314511704,39.45253005602246,True,0.9991876632128472,2022-11-01,MESA_OPEN_DATA_2026,https://data.mesaaz.gov/d/5zhe-5nig,dataset 5zhe-5nig; retrieved 2026-08-22,study-derived after declared sensor and completeness QA
2022-11-09,8.683547774950663,0.0,0.0,9.148045636989451,11.350220852210873,0.4481099573712723,3.92603798520645,0.0071317910721215,0.0,0.0,0.0,11,33.55596220672871,33.56309399780083,True,0.9997875109168247,2022-11-01,MESA_OPEN_DATA_2026,https://data.mesaaz.gov/d/5zhe-5nig,dataset 5zhe-5nig; retrieved 2026-08-22,study-derived after declared sensor and completeness QA
2022-11-10,8.539827585220337,0.0,0.0,9.108655540594071,11.02009632709148,0.5769296582985389,3.842514728442965,0.0477505763798641,0.0,0.0,0.0,11,33.08802383964739,33.13577441602725,True,0.9985589418922177,2022-11-01,MESA_OPEN_DATA_2026,https://data.mesaaz.gov/d/5zhe-5nig,dataset 5zhe-5nig; retrieved 2026-08-22,study-derived after declared sensor and completeness QA
2022-11-11,7.559839328130086,0.0,0.0,8.810662356122846,11.17391999865557,1.548463512185914,3.8812790923066194,0.0467574056237936,0.0,0.0,0.0,11,32.97416428740104,33.02092169302483,True,0.9985840066471049,2022-11-01,MESA_OPEN_DATA_2026,https://data.mesaaz.gov/d/5zhe-5nig,dataset 5zhe-5nig; retrieved 2026-08-22,study-derived after declared sensor and completeness QA
2022-11-12,8.100852131843567,0.0,0.0,9.099597645170158,11.527395633867908,0.8026069705719714,3.832867068362374,0.0087175274966284,0.0,0.0,0.0,11,33.363319449815975,33.372036977312604,True,0.9997387774830001,2022-11-01,MESA_OPEN_DATA_2026,https://data.mesaaz.gov/d/5zhe-5nig,dataset 5zhe-5nig; retrieved 2026-08-22,study-derived after declared sensor and completeness QA
2022-11-13,8.369849801063538,0.0,3.841760529412164,9.44288961539666,11.331529271940182,0.4502811912358392,3.8457610847688217,0.0055886856862343,0.0,0.0,0.0,11,37.282071493817206,37.28766017950344,True,0.9998501197002083,2022-11-01,MESA_OPEN_DATA_2026,https://data.mesaaz.gov/d/5zhe-5nig,dataset 5zhe-5nig; retrieved 2026-08-22,study-derived after declared sensor and completeness QA
2022-11-14,8.466244022051493,0.0,8.383097522788578,10.416383248402012,11.47254627900158,0.568929849487702,3.8302755882991617,0.0545443914791879,0.0,0.0,0.0,11,43.137476510030524,43.192020901509714,True,0.998737165098073,2022-11-01,MESA_OPEN_DATA_2026,https://data.mesaaz.gov/d/5zhe-5nig,dataset 5zhe-5nig; retrieved 2026-08-22,study-derived after declared sensor and completeness QA
2022-11-15,8.473562637964884,0.0,8.449000358581543,10.257719812627744,11.77428820030189,0.5284825380031879,4.112711581731444,0.0619472494969765,0.0,0.0,0.0,11,43.59576512921069,43.657712378707664,True,0.9985810697326599,2022-11-01,MESA_OPEN_DATA_2026,https://data.mesaaz.gov/d/5zhe-5nig,dataset 5zhe-5nig; retrieved 2026-08-22,study-derived after declared sensor and completeness QA
2022-11-16,8.086261987686157,0.0,8.449000358581543,8.999263681732744,11.50047286280564,0.5459587914067939,3.9883572033473422,0.4427711608198781,0.0,0.0,0.0,11,41.56931488556022,42.0120860463801,True,0.9894608622782721,2022-11-01,MESA_OPEN_DATA_2026,https://data.mesaaz.gov/d/5zhe-5nig,dataset 5zhe-5nig; retrieved 2026-08-22,study-derived after declared sensor and completeness QA
2022-11-17,7.737867256005605,0.0,8.449000358581543,9.375793143094135,11.32001412991908,0.5061409609682263,4.06870487311664,0.5101186235745748,0.0,0.0,0.0,11,41.45752072168522,41.9676393452598,True,0.9878449531226208,2022-11-01,MESA_OPEN_DATA_2026,https://data.mesaaz.gov/d/5zhe-5nig,dataset 5zhe-5nig; retrieved 2026-08-22,study-derived after declared sensor and completeness QA
2022-11-18,7.957219942113657,0.0,4.847833542029063,9.651914706326744,11.168619707449158,0.5020988617185763,3.738044822979968,0.5423965790347358,0.0,0.0,0.0,11,37.865731582617165,38.4081281616519,True,0.9858780782871818,2022-11-01,MESA_OPEN_DATA_2026,https://data.mesaaz.gov/d/5zhe-5nig,dataset 5zhe-5nig; retrieved 2026-08-22,study-derived after declared sensor and completeness QA
2022-11-19,7.95409498612086,0.0,0.5490722414520052,9.226830398762296,11.042751387656171,0.4601260532601541,3.5915216641072223,0.5496594856182734,0.0,0.0,0.0,11,32.82439673135871,33.37405621697698,True,0.9835303361975322,2022-11-01,MESA_OPEN_DATA_2026,https://data.mesaaz.gov/d/5zhe-5nig,dataset 5zhe-5nig; retrieved 2026-08-22,study-derived after declared sensor and completeness QA
2022-11-20,8.052117645740509,0.0,0.3079479206353426,9.672030050351664,10.928986799320786,0.5311662242924181,3.512405324626614,0.5733850275476774,0.0,0.0,0.0,11,33.00465396496733,33.57803899251501,True,0.9829238083952582,2022-11-01,MESA_OPEN_DATA_2026,https://data.mesaaz.gov/d/5zhe-5nig,dataset 5zhe-5nig; retrieved 2026-08-22,study-derived after declared sensor and completeness QA
2022-11-21,8.019816478093466,0.0,0.0,10.707482194199606,11.329586605144206,0.7462806447641761,3.5817459529300906,0.6018361325065295,0.0,0.0,0.0,11,34.38491187513155,34.98674800763808,True,0.982798168827376,2022-11-01,MESA_OPEN_DATA_2026,https://data.mesaaz.gov/d/5zhe-5nig,dataset 5zhe-5nig; retrieved 2026-08-22,study-derived after declared sensor and completeness QA
2022-11-22,8.088966290156046,0.0,0.0,9.055653272679558,11.586335178652574,0.664731733682679,3.754897977612043,0.6154254277547201,0.0,0.0,0.0,11,33.1505844527829,33.766009880537624,True,0.9817738184069701,2022-11-01,MESA_OPEN_DATA_2026,https://data.mesaaz.gov/d/5zhe-5nig,dataset 5zhe-5nig; retrieved 2026-08-22,study-derived after declared sensor and completeness QA
2022-11-23,8.176831642786661,0.0,0.0,9.923863674319596,11.54048280187668,0.4404692227815415,3.5942938242825595,0.6205747723579407,0.0,0.0,0.0,11,33.67594116604704,34.29651593840498,True,0.9819056030801361,2022-11-01,MESA_OPEN_DATA_2026,https://data.mesaaz.gov/d/5zhe-5nig,dataset 5zhe-5nig; retrieved 2026-08-22,study-derived after declared sensor and completeness QA
2022-11-24,7.968917767206828,0.0,0.0,10.178357331388526,11.46819067071158,0.5107120645724321,3.473149475920738,0.56958636144797,0.0,0.0,0.0,11,33.5993273098001,34.16891367124807,True,0.9833302759658041,2022-11-01,MESA_OPEN_DATA_2026,https://data.mesaaz.gov/d/5zhe-5nig,dataset 5zhe-5nig; retrieved 2026-08-22,study-derived after declared sensor and completeness QA
2022-11-25,8.032564997673035,0.0,0.287215265010794,10.592770608503509,11.620105843644245,0.7848199947138543,3.5181306176815395,0.5894210487604141,0.0,0.0,0.0,11,34.835607327226974,35.42502837598739,True,0.9833614516125568,2022-11-01,MESA_OPEN_DATA_2026,https://data.mesaaz.gov/d/5zhe-5nig,dataset 5zhe-5nig; retrieved 2026-08-22,study-derived after declared sensor and completeness QA
2022-11-26,7.665461301803589,0.0,0.5439374871965912,8.41980968300667,11.696772741326152,1.0393855784381374,3.5229294664451603,0.5036048454542955,0.0,0.0,0.0,11,32.8882962582163,33.3919011036706,True,0.9849183535884712,2022-11-01,MESA_OPEN_DATA_2026,https://data.mesaaz.gov/d/5zhe-5nig,dataset 5zhe-5nig; retrieved 2026-08-22,study-derived after declared sensor and completeness QA
2022-11-27,7.407067577044169,0.0,0.271875,9.44838526478796,10.745152625267815,0.7554261951725463,3.263742576816125,0.4904704528550307,0.0,0.0,0.0,11,31.89164923908862,32.38211969194365,True,0.9848536643826606,2022-11-01,MESA_OPEN_DATA_2026,https://data.mesaaz.gov/d/5zhe-5nig,dataset 5zhe-5nig; retrieved 2026-08-22,study-derived after declared sensor and completeness QA
2022-11-28,7.6440209945042925,0.0,0.0,10.536641143323097,11.36958165211085,0.9367510718780582,3.383837818305286,0.5217428008715311,0.0,0.0,0.0,11,33.87083268012159,34.392575480993116,True,0.9848297839410175,2022-11-01,MESA_OPEN_DATA_2026,https://data.mesaaz.gov/d/5zhe-5nig,dataset 5zhe-5nig; retrieved 2026-08-22,study-derived after declared sensor and completeness QA
2022-11-29,7.599879264831543,0.0,0.0,9.598317977038247,11.752951683536653,0.9450967686791574,3.5999771982344013,0.4988106166323026,0.0,0.0,0.0,11,33.49622289232,33.995033508952304,True,0.9853269561713788,2022-11-01,MESA_OPEN_DATA_2026,https://data.mesaaz.gov/d/5zhe-5nig,dataset 5zhe-5nig; retrieved 2026-08-22,study-derived after declared sensor and completeness QA
2022-11-30,8.025961875915527,0.0,0.0,9.34015972368971,11.361334820868365,0.499075357437689,3.527839123794734,0.592032170544068,0.0,0.0,0.03449999913589425,11,32.754370901706025,33.38090307138599,True,0.9812308202585142,2022-11-01,MESA_OPEN_DATA_2026,https://data.mesaaz.gov/d/5zhe-5nig,dataset 5zhe-5nig; retrieved 2026-08-22,study-derived after declared sensor and completeness QA
2022-12-02,6.952087759971619,0.0,0.7320000290870666,9.460869267564956,11.190603446535963,0.6074867164846562,3.5277180048652994,1.4044766277074814,0.0,0.0,0.0,11,32.470765224509556,33.87524185221704,True,0.9585397313520416,2022-12-01,MESA_OPEN_DATA_2026,https://data.mesaaz.gov/d/5zhe-5nig,dataset 5zhe-5nig; retrieved 2026-08-22,study-derived after declared sensor and completeness QA
2022-12-03,7.8963436683019,0.0,1.0237812689195076,8.870983193224227,11.024427518248558,0.4885814554487052,3.50236629096555,0.6202478458484014,0.0,0.0,0.0,11,32.80648339510845,33.426731240956855,True,0.9814445558144067,2022-12-01,MESA_OPEN_DATA_2026,https://data.mesaaz.gov/d/5zhe-5nig,dataset 5zhe-5nig; retrieved 2026-08-22,study-derived after declared sensor and completeness QA
2022-12-04,8.00078515211741,0.0,0.3030624888837337,10.629705371765628,10.89264980281692,0.5191182078181447,3.5226997774825946,0.5900854642192522,0.0,0.0,0.0,11,33.86802080088443,34.45810626510368,True,0.9828752787608401,2022-12-01,MESA_OPEN_DATA_2026,https://data.mesaaz.gov/d/5zhe-5nig,dataset 5zhe-5nig; retrieved 2026-08-22,study-derived after declared sensor and completeness QA
2022-12-05,8.089073856671652,0.0,0.0,12.83642194011973,11.815626676531805,0.9875189285264926,3.7106758389808374,0.6266256719827652,0.0,0.0,0.0,11,37.43931724083052,38.065942912813284,True,0.9835384171773179,2022-12-01,MESA_OPEN_DATA_2026,https://data.mesaaz.gov/d/5zhe-5nig,dataset 5zhe-5nig; retrieved 2026-08-22,study-derived after declared sensor and completeness QA
2022-12-06,8.460540254910788,0.0,0.0,4.064800203774907,12.342151991108008,0.8627842342553858,3.814502187412391,0.715707316994667,0.0490555551317003,0.0,0.0,11,29.544778871461478,30.309541743587847,True,0.9747682469568133,2022-12-01,MESA_OPEN_DATA_2026,https://data.mesaaz.gov/d/5zhe-5nig,dataset 5zhe-5nig; retrieved 2026-08-22,study-derived after declared sensor and completeness QA
2022-12-09,7.999111235141754,0.0,0.2705124933686521,4.2328889031178445,10.95254141374068,0.4844295713683249,3.5871762339460944,0.6040216535329819,29.983084019025167,0.0,0.0,11,27.52665985068335,58.1137655232415,True,0.473668494939888,2022-12-01,MESA_OPEN_DATA_2026,https://data.mesaaz.gov/d/5zhe-5nig,dataset 5zhe-5nig; retrieved 2026-08-22,study-derived after declared sensor and completeness QA
2022-12-10,7.889070789019267,0.0,0.5867499791913562,8.833957308587376,11.027260893951668,0.368733943445223,3.5092361115485473,0.5687837228178978,13.10350034236908,0.0,0.0,11,32.215009025743434,45.88729309093041,True,0.7020464022993482,2022-12-01,MESA_OPEN_DATA_2026,https://data.mesaaz.gov/d/5zhe-5nig,dataset 5zhe-5nig; retrieved 2026-08-22,study-derived after declared sensor and completeness QA
2022-12-11,8.058125476042429,0.0,0.2945249853862656,9.60029285511209,10.90682089610918,0.490337543669535,3.4932651238869847,0.5936961993575096,0.0,0.0,0.0,11,32.84336688020648,33.43706307956399,True,0.9822443676364517,2022-12-01,MESA_OPEN_DATA_2026,https://data.mesaaz.gov/d/5zhe-5nig,dataset 5zhe-5nig; retrieved 2026-08-22,study-derived after declared sensor and completeness QA
2022-12-12,8.01259978612264,0.0,0.0,9.890981024772756,11.29012372469092,0.6283412500903323,3.540289306711215,0.5970695242285728,0.0,0.0,0.0,11,33.362335092387866,33.95940461661644,True,0.9824181392174224,2022-12-01,MESA_OPEN_DATA_2026,https://data.mesaaz.gov/d/5zhe-5nig,dataset 5zhe-5nig; retrieved 2026-08-22,study-derived after declared sensor and completeness QA
2022-12-13,7.643520553906758,0.0,3.864359689752261,9.837444596196727,11.690976632473904,1.1045410942333014,3.710597115579773,0.5497433766722679,0.0,0.0,0.0,11,37.851439682142725,38.40118305881499,True,0.9856842072852213,2022-12-01,MESA_OPEN_DATA_2026,https://data.mesaaz.gov/d/5zhe-5nig,dataset 5zhe-5nig; retrieved 2026-08-22,study-derived after declared sensor and completeness QA
2022-12-14,8.026385386784872,0.0,7.836022069719102,9.437984089945848,11.402739306169051,0.5543715081522974,3.57336855946932,0.58591461678346,0.0,0.0,0.0,11,40.8308709202405,41.41678553702396,True,0.9858532088092715,2022-12-01,MESA_OPEN_DATA_2026,https://data.mesaaz.gov/d/5zhe-5nig,dataset 5zhe-5nig; retrieved 2026-08-22,study-derived after declared sensor and completeness QA
2022-12-15,7.896819551785787,0.0,7.935617960161633,9.24631948655067,10.933194289749634,0.3661404603024882,3.521870107560853,0.5386368657151858,0.0,0.0,0.0,11,39.89996185611106,40.438598721826246,True,0.9866801303027234,2022-12-01,MESA_OPEN_DATA_2026,https://data.mesaaz.gov/d/5zhe-5nig,dataset 5zhe-5nig; retrieved 2026-08-22,study-derived after declared sensor and completeness QA
2022-12-16,7.954044719537099,0.0,4.705250035971403,8.280821428704593,11.044422356263809,0.3969728313075135,3.468949897330229,0.5617072756091753,0.0,0.0,0.105263683170563,11,35.850461269114646,36.51743222789438,True,0.9817355460642093,2022-12-01,MESA_OPEN_DATA_2026,https://data.mesaaz.gov/d/5zhe-5nig,dataset 5zhe-5nig; retrieved 2026-08-22,study-derived after declared sensor and completeness QA
2022-12-17,7.980631808439891,0.0,0.5630000233650208,8.145482787418144,10.89927613411065,0.4769172563960809,3.515247230301872,0.5713837568958601,0.0,0.0,0.0007363155777393,11,31.580555240031657,32.15267531250526,True,0.9822061440638165,2022-12-01,MESA_OPEN_DATA_2026,https://data.mesaaz.gov/d/5zhe-5nig,dataset 5zhe-5nig; retrieved 2026-08-22,study-derived after declared sensor and completeness QA
2022-12-18,8.048479119936625,0.0,0.30613126270473,8.77626935677672,10.91639687149613,0.3591504040534782,3.4855481657633995,0.5808338423569998,0.0,0.0,0.0,11,31.89197518073108,32.47280902308808,True,0.9821132245767826,2022-12-01,MESA_OPEN_DATA_2026,https://data.mesaaz.gov/d/5zhe-5nig,dataset 5zhe-5nig; retrieved 2026-08-22,study-derived after declared sensor and completeness QA
2022-12-19,7.954159716765086,0.0,0.0,9.14521064162068,11.44241605730199,0.5507301701043676,3.529202922067959,0.5570720881223679,0.0,0.0,0.0,11,32.621719507860085,33.17879159598245,True,0.9832099946584606,2022-12-01,MESA_OPEN_DATA_2026,https://data.mesaaz.gov/d/5zhe-5nig,dataset 5zhe-5nig; retrieved 2026-08-22,study-derived after declared sensor and completeness QA
2022-12-20,7.568135480086009,0.0,3.97750199801392,9.013806758043245,11.35169684833793,0.8407341948541408,3.5280266630966053,0.5230870867768923,0.0,0.0,0.0,11,36.27990194243185,36.80298902920874,True,0.9857868314347582,2022-12-01,MESA_OPEN_DATA_2026,https://data.mesaaz.gov/d/5zhe-5nig,dataset 5zhe-5nig; retrieved 2026-08-22,study-derived after declared sensor and completeness QA
2022-12-21,7.845658183097839,0.0,7.71868317524592,8.479164383281043,11.269386281351236,0.2562656875497128,3.4690248492773743,0.5653230945269266,0.0,0.0,0.0,11,39.03818255980313,39.60350565433006,True,0.9857254279593021,2022-12-01,MESA_OPEN_DATA_2026,https://data.mesaaz.gov/d/5zhe-5nig,dataset 5zhe-5nig; retrieved 2026-08-22,study-derived after declared sensor and completeness QA
2022-12-22,8.008617997169495,0.0,7.886593069632848,8.65067423120003,11.21341871744946,0.4103745505848937,3.405008294219284,0.5918658648928007,0.0,0.0,0.0,11,39.57468686025601,40.16655272514881,True,0.9852647084517605,2022-12-01,MESA_OPEN_DATA_2026,https://data.mesaaz.gov/d/5zhe-5nig,dataset 5zhe-5nig; retrieved 2026-08-22,study-derived after declared sensor and completeness QA
2022-12-23,8.324147780736288,0.0,4.398980646000968,8.579822153217263,11.086805383995095,0.3373256336782826,3.476893798830976,0.3045521614452203,0.0,0.0,0.0,11,36.20397539645887,36.508527557904095,True,0.9916580541090794,2022-12-01,MESA_OPEN_DATA_2026,https://data.mesaaz.gov/d/5zhe-5nig,dataset 5zhe-5nig; retrieved 2026-08-22,study-derived after declared sensor and completeness QA
2022-12-24,8.751515110333761,0.0,0.0,8.741855297130016,11.131763532591822,0.2778878039138347,3.447480113632911,0.0199599073190862,0.0,0.0,0.0,11,32.350501857602346,32.37046176492143,True,0.999383391331763,2022-12-01,MESA_OPEN_DATA_2026,https://data.mesaaz.gov/d/5zhe-5nig,dataset 5zhe-5nig; retrieved 2026-08-22,study-derived after declared sensor and completeness QA
2022-12-25,8.729556639989218,0.0,0.0,9.573129543803407,11.277494449531083,0.354924048426785,3.479420648322283,0.0140245425282046,0.0,0.0,0.0,11,33.41452533007278,33.42854987260098,True,0.999580462132469,2022-12-01,MESA_OPEN_DATA_2026,https://data.mesaaz.gov/d/5zhe-5nig,dataset 5zhe-5nig; retrieved 2026-08-22,study-derived after declared sensor and completeness QA
2022-12-26,8.16143568356832,0.0,0.0,7.113372218076278,11.493121850193855,0.9269088700539984,3.517418256827763,0.0343302570593853,0.0,0.0,0.0,11,31.212256878720215,31.2465871357796,True,0.9989013117845413,2022-12-01,MESA_OPEN_DATA_2026,https://data.mesaaz.gov/d/5zhe-5nig,dataset 5zhe-5nig; retrieved 2026-08-22,study-derived after declared sensor and completeness QA
2022-12-27,7.147655785083771,0.0,3.650472339656618,8.685714943196142,10.203496292628277,1.006364790999255,3.1136922531825912,0.0074857028666883,0.0,0.0,0.0,11,33.807396404746655,33.81488210761334,True,0.9997786269713179,2022-12-01,MESA_OPEN_DATA_2026,https://data.mesaaz.gov/d/5zhe-5nig,dataset 5zhe-5nig; retrieved 2026-08-22,study-derived after declared sensor and completeness QA
2022-12-28,7.955734988053639,0.0,7.579672444529003,8.566244286574742,11.066178962365903,0.7932079298854372,3.4458261253854117,0.0385487794410437,0.0,0.0,0.0,11,39.406864736794134,39.44541351623518,True,0.9990227310096476,2022-12-01,MESA_OPEN_DATA_2026,https://data.mesaaz.gov/d/5zhe-5nig,dataset 5zhe-5nig; retrieved 2026-08-22,study-derived after declared sensor and completeness QA
2022-12-29,7.324951271216075,0.0,4.289805671241548,8.710947978826242,11.080347813755631,1.5470314805741077,3.496294227262501,0.0075354443591398,0.0,0.0,0.0,11,36.4493784428761,36.456913887235245,True,0.9997933054788332,2022-12-01,MESA_OPEN_DATA_2026,https://data.mesaaz.gov/d/5zhe-5nig,dataset 5zhe-5nig; retrieved 2026-08-22,study-derived after declared sensor and completeness QA
2022-12-30,7.367177228132884,0.0,0.0,8.611990031991844,11.37965693899688,1.723070945716306,3.4822298697882723,0.0061888947772483,0.0,0.0,0.0,11,32.564125014626185,32.57031390940343,True,0.9998099835698709,2022-12-01,MESA_OPEN_DATA_2026,https://data.mesaaz.gov/d/5zhe-5nig,dataset 5zhe-5nig; retrieved 2026-08-22,study-derived after declared sensor and completeness QA
2022-12-31,7.555705805619557,0.0,0.0,8.762969784061942,11.313275231070321,1.38057566415362,3.3462116432188482,0.007811611518263751,0.0,0.0,0.0,11,32.358738128124294,32.36654973964256,True,0.9997586517073614,2022-12-01,MESA_OPEN_DATA_2026,https://data.mesaaz.gov/d/5zhe-5nig,dataset 5zhe-5nig; retrieved 2026-08-22,study-derived after declared sensor and completeness QA
2023-01-02,7.253310263156891,0.0,0.0,9.805161350615256,11.724553839801109,1.8690264836869424,3.5086776938011397,0.0069200687188034,0.0,0.0,0.0,11,34.16072963106134,34.16764969978015,True,0.9997974672305643,2023-01-01,MESA_OPEN_DATA_2026,https://data.mesaaz.gov/d/5zhe-5nig,dataset 5zhe-5nig; retrieved 2026-08-22,study-derived after declared sensor and completeness QA
2023-01-03,7.211572786172231,0.0,3.619526320033603,10.761277793938364,11.896224506394857,1.5314202878025027,3.4086060374649616,0.0060339353318947,0.0,0.0,0.0,11,38.42862773180652,38.434661667138414,True,0.9998430079758696,2023-01-01,MESA_OPEN_DATA_2026,https://data.mesaaz.gov/d/5zhe-5nig,dataset 5zhe-5nig; retrieved 2026-08-22,study-derived after declared sensor and completeness QA
2023-01-04,7.3432963291804,0.0,7.26857770284017,9.388378146621228,12.080830491201397,1.730677561756628,3.548841196915199,0.005870547494851,0.0,0.0,0.0,11,41.360601428515025,41.366471976009876,True,0.9998580844047262,2023-01-01,MESA_OPEN_DATA_2026,https://data.mesaaz.gov/d/5zhe-5nig,dataset 5zhe-5nig; retrieved 2026-08-22,study-derived after declared sensor and completeness QA
2023-01-05,7.3292065262794495,0.0,3.93743054734336,10.14257739026852,11.572862522804073,1.7980562175400896,3.522532576110229,0.0060763487708754,0.0,0.0,0.0,11,38.30266578034572,38.308742129116595,True,0.9998413848006182,2023-01-01,MESA_OPEN_DATA_2026,https://data.mesaaz.gov/d/5zhe-5nig,dataset 5zhe-5nig; retrieved 2026-08-22,study-derived after declared sensor and completeness QA
2023-01-06,8.334382394949595,0.0,0.0,9.069827615089263,11.491935109016593,0.661364712226341,3.412100610747341,0.0091867649268048,0.0,0.0,0.0,11,32.969610442029136,32.97879720695594,True,0.999721434203038,2023-01-01,MESA_OPEN_DATA_2026,https://data.mesaaz.gov/d/5zhe-5nig,dataset 5zhe-5nig; retrieved 2026-08-22,study-derived after declared sensor and completeness QA
2023-01-07,8.488378008206686,0.0,0.0,8.818236003934786,11.304226856965284,0.5183753486858362,3.463013146355835,0.0101777583283061,0.0,0.0,0.0,11,32.59222936414843,32.602407122476734,True,0.9996878218749288,2023-01-01,MESA_OPEN_DATA_2026,https://data.mesaaz.gov/d/5zhe-5nig,dataset 5zhe-5nig; retrieved 2026-08-22,study-derived after declared sensor and completeness QA
2023-01-08,6.84634929895401,0.0,0.0,9.283160098769049,11.274655097972849,1.039543386481025,3.438405912073128,0.7890277255792171,0.0,0.0,0.0,11,31.882113794250063,32.67114151982928,True,0.9758493983107286,2023-01-01,MESA_OPEN_DATA_2026,https://data.mesaaz.gov/d/5zhe-5nig,dataset 5zhe-5nig; retrieved 2026-08-22,study-derived after declared sensor and completeness QA
2023-01-09,8.115196804205576,0.0,0.0,10.357552518019522,11.771820608727232,0.8341135366879466,3.4862377659479775,0.0443640413383642,0.0,0.0,0.0,11,34.56492123358826,34.60928527492662,True,0.9987181462724253,2023-01-01,MESA_OPEN_DATA_2026,https://data.mesaaz.gov/d/5zhe-5nig,dataset 5zhe-5nig; retrieved 2026-08-22,study-derived after declared sensor and completeness QA
2023-01-10,8.205585638682047,0.0,0.0062000000538925,9.24383382473887,11.984322147658377,0.9541465531206792,3.627332201644556,0.0116756506807481,0.0,0.0,0.0,11,34.02142036589842,34.03309601657917,True,0.9996569324555409,2023-01-01,MESA_OPEN_DATA_2026,https://data.mesaaz.gov/d/5zhe-5nig,dataset 5zhe-5nig; retrieved 2026-08-22,study-derived after declared sensor and completeness QA
2023-01-11,8.48369006315867,0.0,0.0120000001043081,9.13524642402927,11.6671133428768,0.5485181671947075,3.5976069519149636,0.0116450329854463,0.0,0.0,0.0,11,33.44417494927872,33.45581998226417,True,0.9996519280354921,2023-01-01,MESA_OPEN_DATA_2026,https://data.mesaaz.gov/d/5zhe-5nig,dataset 5zhe-5nig; retrieved 2026-08-22,study-derived after declared sensor and completeness QA
2023-01-12,8.318757812182108,0.0,0.0061833333870809,9.213311330196207,11.20554133665752,0.4661865358098526,3.458539711295356,0.0097742793150246,0.0,0.0,0.0,11,32.66852005952813,32.67829433884315,True,0.9997008938344922,2023-01-01,MESA_OPEN_DATA_2026,https://data.mesaaz.gov/d/5zhe-5nig,dataset 5zhe-5nig; retrieved 2026-08-22,study-derived after declared sensor and completeness QA
2023-01-13,7.756646196047465,0.0,0.0,9.2300626412648,11.18031206934951,1.006399968266487,3.446180604425148,0.0079862164954344,0.0,0.0,0.0,11,32.619601479353406,32.62758769584884,True,0.999755231169099,2023-01-01,MESA_OPEN_DATA_2026,https://data.mesaaz.gov/d/5zhe-5nig,dataset 5zhe-5nig; retrieved 2026-08-22,study-derived after declared sensor and completeness QA
2023-01-14,7.921446561813355,0.0,0.0,9.061882464052353,11.189693552743496,0.8011460104887277,3.425370717621119,0.0064150147178831,0.0,0.0,0.0,11,32.39953930671905,32.40595432143693,True,0.9998020420983672,2023-01-01,MESA_OPEN_DATA_2026,https://data.mesaaz.gov/d/5zhe-5nig,dataset 5zhe-5nig; retrieved 2026-08-22,study-derived after declared sensor and completeness QA
2023-01-15,7.904092888037364,0.0,0.0,9.018089885642338,12.057901053739018,0.9372653550775356,3.351308044999145,0.0061910069974449,0.0,0.0,0.0,11,33.268657227495396,33.27484823449284,True,0.9998139433438188,2023-01-01,MESA_OPEN_DATA_2026,https://data.mesaaz.gov/d/5zhe-5nig,dataset 5zhe-5nig; retrieved 2026-08-22,study-derived after declared sensor and completeness QA
2023-01-16,7.715093930562337,0.0,0.0,9.156108197997566,12.015904085135752,1.245376079568956,3.3647629389132576,0.0059980815664554,0.0,0.0,0.0,11,33.49724523217787,33.50324331374432,True,0.9998209701218989,2023-01-01,MESA_OPEN_DATA_2026,https://data.mesaaz.gov/d/5zhe-5nig,dataset 5zhe-5nig; retrieved 2026-08-22,study-derived after declared sensor and completeness QA
2023-01-17,7.728813270727794,0.0,0.0,9.982679593279787,11.832869015992992,1.2429407116758275,3.3551802640349724,0.0057124000159092,0.0,0.0,0.0,11,34.14248285571137,34.14819525572728,True,0.999832717366961,2023-01-01,MESA_OPEN_DATA_2026,https://data.mesaaz.gov/d/5zhe-5nig,dataset 5zhe-5nig; retrieved 2026-08-22,study-derived after declared sensor and completeness QA
2023-01-18,7.850493848323822,0.0,0.0,9.103309975153318,13.307048706113456,1.5827500219118662,3.5318488241577684,0.0056399318273179,0.0,0.0,0.7849576474063926,11,35.37545137566023,36.16604895489394,True,0.9781397857360714,2023-01-01,MESA_OPEN_DATA_2026,https://data.mesaaz.gov/d/5zhe-5nig,dataset 5zhe-5nig; retrieved 2026-08-22,study-derived after declared sensor and completeness QA
2023-01-19,8.02970141172409,0.0,0.0,9.057038828810814,12.775490581215202,1.156219204266866,3.357246145969484,0.0055104085477069,0.0,0.0,1.0529832813474866,11,34.375696171986455,35.43418986188165,True,0.9701278992402231,2023-01-01,MESA_OPEN_DATA_2026,https://data.mesaaz.gov/d/5zhe-5nig,dataset 5zhe-5nig; retrieved 2026-08-22,study-derived after declared sensor and completeness QA
2023-01-20,8.032547076543173,0.0,0.0,9.044170766298388,12.268784664012356,1.012305635088807,3.3029326147465317,0.0054878433002159,0.0,0.0,0.8376518186664692,11,33.66074075668926,34.503880418655946,True,0.9755639176887824,2023-01-01,MESA_OPEN_DATA_2026,https://data.mesaaz.gov/d/5zhe-5nig,dataset 5zhe-5nig; retrieved 2026-08-22,study-derived after declared sensor and completeness QA
2023-01-21,8.004852533340454,0.0,0.0,8.997575260520383,12.305496866275105,0.9907955293561898,3.3226357939615414,0.0054462957389963,0.0,0.0,0.7258479405194521,11,33.621355983453675,34.352650219712125,True,0.9787121450141038,2023-01-01,MESA_OPEN_DATA_2026,https://data.mesaaz.gov/d/5zhe-5nig,dataset 5zhe-5nig; retrieved 2026-08-22,study-derived after declared sensor and completeness QA
2023-01-22,8.002070744832357,0.0,0.0,9.005233529494626,12.063725609393655,0.9719381239135674,3.2316571811395973,0.0054476440224486,0.0,0.0,0.528512510119213,11,33.274625188773804,33.808585342915464,True,0.9842063739512973,2023-01-01,MESA_OPEN_DATA_2026,https://data.mesaaz.gov/d/5zhe-5nig,dataset 5zhe-5nig; retrieved 2026-08-22,study-derived after declared sensor and completeness QA
2023-01-23,7.769012490908305,0.0,0.0,9.810475702267922,11.93484867928444,1.3284094742496697,3.3295541330158667,0.0054182218348917,0.0,0.0,0.004025694520937,11,34.1723004797262,34.18174439608203,True,0.9997237146165978,2023-01-01,MESA_OPEN_DATA_2026,https://data.mesaaz.gov/d/5zhe-5nig,dataset 5zhe-5nig; retrieved 2026-08-22,study-derived after declared sensor and completeness QA
2023-01-24,7.841695805390676,0.0,0.0,9.132722752528606,12.01556570125076,1.3964254299134555,3.411522096408385,0.0055482773459516,0.0,0.0,0.0,11,33.79793178549188,33.803480062837835,True,0.9998358666819026,2023-01-01,MESA_OPEN_DATA_2026,https://data.mesaaz.gov/d/5zhe-5nig,dataset 5zhe-5nig; retrieved 2026-08-22,study-derived after declared sensor and completeness QA
2023-01-25,7.969570120828906,0.0,0.0,10.331125289512586,11.6595959698146,1.0720796728467608,3.3393597409204783,0.0056821270363888,0.0,0.0,0.0,11,34.371730793923334,34.37741292095972,True,0.9998347133610824,2023-01-01,MESA_OPEN_DATA_2026,https://data.mesaaz.gov/d/5zhe-5nig,dataset 5zhe-5nig; retrieved 2026-08-22,study-derived after declared sensor and completeness QA
2023-01-26,7.965600726482616,0.0,0.0,9.013376428064442,11.397913306994036,0.8297507133980037,3.2869259400924724,0.0056864338734225,0.0,0.0,0.0,11,32.49356711503157,32.49925354890499,True,0.9998250287852039,2023-01-01,MESA_OPEN_DATA_2026,https://data.mesaaz.gov/d/5zhe-5nig,dataset 5zhe-5nig; retrieved 2026-08-22,study-derived after declared sensor and completeness QA
2023-01-27,7.983303685983022,0.0,0.0,9.353966614663369,11.51397333584655,0.9968936877235608,3.2909091804473944,0.0059368313328983,0.0,0.0,0.0575625369239046,11,33.139046504663895,33.202545872920695,True,0.9980875150809267,2023-01-01,MESA_OPEN_DATA_2026,https://data.mesaaz.gov/d/5zhe-5nig,dataset 5zhe-5nig; retrieved 2026-08-22,study-derived after declared sensor and completeness QA
2023-01-28,7.9607776800791425,0.0,0.0,9.08000426562628,11.50830970393668,0.8860543150257599,3.245823078182824,0.0055180271156132,0.0,0.0,0.0004430555428067,11,32.680969042850684,32.68693012550911,True,0.9998176310031094,2023-01-01,MESA_OPEN_DATA_2026,https://data.mesaaz.gov/d/5zhe-5nig,dataset 5zhe-5nig; retrieved 2026-08-22,study-derived after declared sensor and completeness QA
2023-01-29,7.971635142962138,0.0,0.0,10.214193155212431,11.51577273622871,0.8153904270004021,3.220359480183901,0.0056314779794774,0.0,0.0,0.0,11,33.737350941587586,33.74298241956706,True,0.9998331066913572,2023-01-01,MESA_OPEN_DATA_2026,https://data.mesaaz.gov/d/5zhe-5nig,dataset 5zhe-5nig; retrieved 2026-08-22,study-derived after declared sensor and completeness QA
2023-01-30,7.744916160901387,0.0,0.0,10.429676860361187,12.068004827317337,1.2050998819024203,3.3152477467335717,0.0055369423159087,0.0,0.0,0.0,11,34.7629454772159,34.76848241953181,True,0.9998407482314271,2023-01-01,MESA_OPEN_DATA_2026,https://data.mesaaz.gov/d/5zhe-5nig,dataset 5zhe-5nig; retrieved 2026-08-22,study-derived after declared sensor and completeness QA
2023-01-31,7.842257887125015,0.0,0.0,10.395167658760435,12.077338342394949,1.2679903029444952,3.3845662349240158,0.0137171615691234,0.0,0.0,0.0,11,34.96732042614891,34.981037587718035,True,0.999607868647843,2023-01-01,MESA_OPEN_DATA_2026,https://data.mesaaz.gov/d/5zhe-5nig,dataset 5zhe-5nig; retrieved 2026-08-22,study-derived after declared sensor and completeness QA
2023-02-02,7.9878080288569135,0.0,0.0,11.811346295720174,11.543931223696546,0.9588551327046576,3.2926369982244945,0.0063379482987026,0.0,0.0,0.0,11,35.594577679202786,35.600915627501486,True,0.9998219723232679,2023-02-01,MESA_OPEN_DATA_2026,https://data.mesaaz.gov/d/5zhe-5nig,dataset 5zhe-5nig; retrieved 2026-08-22,study-derived after declared sensor and completeness QA
2023-02-03,7.898404240608215,0.0,0.0,9.157483803516737,11.539909995915666,1.000185693504084,3.350953973985616,0.0708115844754502,0.0,0.0,0.0,11,32.94693770753032,33.01774929200577,True,0.9978553479266803,2023-02-01,MESA_OPEN_DATA_2026,https://data.mesaaz.gov/d/5zhe-5nig,dataset 5zhe-5nig; retrieved 2026-08-22,study-derived after declared sensor and completeness QA
2023-02-04,8.02875280380249,0.0,0.0,9.185963438567189,11.50982858542073,0.9744853471695464,3.244633863007997,0.01023185957456,0.0,0.0,0.0,11,32.943664037967956,32.953895897542516,True,0.9996895098653472,2023-02-01,MESA_OPEN_DATA_2026,https://data.mesaaz.gov/d/5zhe-5nig,dataset 5zhe-5nig; retrieved 2026-08-22,study-derived after declared sensor and completeness QA
2023-02-05,8.186196605364481,0.0,0.0,9.586650278356608,11.457646988719874,0.7695660666563913,3.2115759207586145,0.0073969327495433,0.0,0.0,0.0,11,33.21163585985597,33.21903279260551,True,0.9997773284732363,2023-02-01,MESA_OPEN_DATA_2026,https://data.mesaaz.gov/d/5zhe-5nig,dataset 5zhe-5nig; retrieved 2026-08-22,study-derived after declared sensor and completeness QA
2023-02-06,7.979121327400208,0.0,0.0,10.531945163520676,12.11856302506027,1.068814022432674,3.3180224302026113,0.0060336487173723,0.0,0.0,0.0,11,35.016465968616444,35.022499617333814,True,0.9998277207856865,2023-02-01,MESA_OPEN_DATA_2026,https://data.mesaaz.gov/d/5zhe-5nig,dataset 5zhe-5nig; retrieved 2026-08-22,study-derived after declared sensor and completeness QA
2023-02-07,7.967868328094482,0.0,0.0,10.264072892928011,12.307067923686084,1.10781334153789,3.4549030771060867,0.0060557004762813,0.0,0.0,0.0,11,35.10172556335256,35.10778126382884,True,0.9998275111596836,2023-02-01,MESA_OPEN_DATA_2026,https://data.mesaaz.gov/d/5zhe-5nig,dataset 5zhe-5nig; retrieved 2026-08-22,study-derived after declared sensor and completeness QA
2023-02-08,7.711454927921295,0.0,0.2383333245913187,9.236039582664343,12.122011590786226,0.9598060416407278,3.393155721987294,0.502238107243708,0.0,0.0,0.0,11,33.660801189591204,34.16303929683491,True,0.9852987872981712,2023-02-01,MESA_OPEN_DATA_2026,https://data.mesaaz.gov/d/5zhe-5nig,dataset 5zhe-5nig; retrieved 2026-08-22,study-derived after declared sensor and completeness QA
2023-02-09,8.203190386295319,0.0,0.2451944354507658,9.348343285730593,11.60627795106518,0.6902183786953255,3.34584081450174,0.0287268480945688,0.0,0.0,0.0,11,33.439065251738924,33.467792099833495,True,0.9991416569097573,2023-02-01,MESA_OPEN_DATA_2026,https://data.mesaaz.gov/d/5zhe-5nig,dataset 5zhe-5nig; retrieved 2026-08-22,study-derived after declared sensor and completeness QA
2023-02-10,8.253581484158834,0.0,0.0,9.17175104091163,11.495102735612107,0.5884686541175443,3.3911454157395795,0.0062821059060903,0.0,0.0,0.0,11,32.9000493305397,32.90633143644579,True,0.9998090912711366,2023-02-01,MESA_OPEN_DATA_2026,https://data.mesaaz.gov/d/5zhe-5nig,dataset 5zhe-5nig; retrieved 2026-08-22,study-derived after declared sensor and completeness QA
2023-02-11,8.14796507358551,0.0,0.0,9.425853886736764,11.381609959525107,0.5545327039980291,3.48626706488296,0.0067516362372164,0.0,0.0,0.0,11,32.99622868872837,33.00298032496559,True,0.9997954234384065,2023-02-01,MESA_OPEN_DATA_2026,https://data.mesaaz.gov/d/5zhe-5nig,dataset 5zhe-5nig; retrieved 2026-08-22,study-derived after declared sensor and completeness QA
2023-02-12,8.173250595728556,0.0,0.0,10.074112033435592,11.505845032185098,0.4855055556177927,3.4330078410621683,0.0066087356729743,0.0,0.0,0.0,11,33.671721058029206,33.67832979370218,True,0.9998037689008493,2023-02-01,MESA_OPEN_DATA_2026,https://data.mesaaz.gov/d/5zhe-5nig,dataset 5zhe-5nig; retrieved 2026-08-22,study-derived after declared sensor and completeness QA
2023-02-13,7.948599557081859,0.0,0.0,9.70172358085139,12.25296179129153,0.9003055466132032,3.5223404776310336,0.0079418266153273,0.0,0.0,0.0,11,34.32593095346902,34.33387278008435,True,0.9997686882960685,2023-02-01,MESA_OPEN_DATA_2026,https://data.mesaaz.gov/d/5zhe-5nig,dataset 5zhe-5nig; retrieved 2026-08-22,study-derived after declared sensor and completeness QA
2023-02-14,7.963566104571025,0.0,0.0,10.049717451859618,12.605938706461956,0.8725954346581377,3.626139554226761,0.0077713125113708,0.0,0.0,0.0,11,35.1179572517775,35.12572856428887,True,0.999778757257742,2023-02-01,MESA_OPEN_DATA_2026,https://data.mesaaz.gov/d/5zhe-5nig,dataset 5zhe-5nig; retrieved 2026-08-22,study-derived after declared sensor and completeness QA
2023-02-15,8.254325250784555,0.0,0.0,9.297405637369677,11.907332109182528,0.7673603868576164,3.509789036231808,0.0063781970335791,0.0,0.0,0.0,11,33.736212420426185,33.74259061745976,True,0.9998109748861347,2023-02-01,MESA_OPEN_DATA_2026,https://data.mesaaz.gov/d/5zhe-5nig,dataset 5zhe-5nig; retrieved 2026-08-22,study-derived after declared sensor and completeness QA
2023-02-16,6.875730236371358,0.0,0.0,10.002088537184235,11.704875349998474,1.632647116688006,3.4323848846147387,0.0056252385838888,0.0,0.0,0.0594999986700713,11,33.64772612485681,33.71285136211077,True,0.9980682370484049,2023-02-01,MESA_OPEN_DATA_2026,https://data.mesaaz.gov/d/5zhe-5nig,dataset 5zhe-5nig; retrieved 2026-08-22,study-derived after declared sensor and completeness QA
2023-02-17,6.0612472494443255,0.0,0.0,9.802262954823414,11.958290251721952,2.4392301556113716,3.629511258937282,0.0052781428288047,0.0,0.0,0.0004999999888241,11,33.89054187053835,33.89632001335598,True,0.9998295348045052,2023-02-01,MESA_OPEN_DATA_2026,https://data.mesaaz.gov/d/5zhe-5nig,dataset 5zhe-5nig; retrieved 2026-08-22,study-derived after declared sensor and completeness QA
2023-02-18,5.856574555238088,0.0,0.0,9.111109088651007,11.754730567379276,2.0673493136962255,3.767525088325293,0.0052931664977222,0.0,0.0,0.0,11,32.55728861328989,32.562581779787614,True,0.9998374463507372,2023-02-01,MESA_OPEN_DATA_2026,https://data.mesaaz.gov/d/5zhe-5nig,dataset 5zhe-5nig; retrieved 2026-08-22,study-derived after declared sensor and completeness QA
2023-02-19,5.869722247123718,0.0,0.0,9.257676109202482,11.642426115030434,2.3339348523890604,3.672775469688295,0.0052992353642669,0.0,0.0,0.0,11,32.77653479343399,32.78183402879826,True,0.9998383484170039,2023-02-01,MESA_OPEN_DATA_2026,https://data.mesaaz.gov/d/5zhe-5nig,dataset 5zhe-5nig; retrieved 2026-08-22,study-derived after declared sensor and completeness QA
2023-02-20,6.174744447072347,0.0,0.0,9.698603125183295,11.931644075542089,2.3071846776908926,3.56591471076097,0.0060051413796221,0.0,0.0,0.0,11,33.67809103624959,33.684096177629215,True,0.9998217217600865,2023-02-01,MESA_OPEN_DATA_2026,https://data.mesaaz.gov/d/5zhe-5nig,dataset 5zhe-5nig; retrieved 2026-08-22,study-derived after declared sensor and completeness QA
2023-02-21,6.12544983625412,0.0,0.0,11.163944912651388,11.950691298506726,2.3411740361814046,3.5679284416160475,0.0059532249191155,0.0,0.0,0.0,11,35.14918852520969,35.155141750128806,True,0.9998306584862768,2023-02-01,MESA_OPEN_DATA_2026,https://data.mesaaz.gov/d/5zhe-5nig,dataset 5zhe-5nig; retrieved 2026-08-22,study-derived after declared sensor and completeness QA
2023-02-22,6.256808201471965,0.0,0.0,10.048081441845882,12.27591271560733,2.422858373655213,3.632847023376795,0.006695016946954,0.0,0.0,0.0,11,34.63650775595718,34.64320277290414,True,0.9998067437069591,2023-02-01,MESA_OPEN_DATA_2026,https://data.mesaaz.gov/d/5zhe-5nig,dataset 5zhe-5nig; retrieved 2026-08-22,study-derived after declared sensor and completeness QA
2023-02-23,6.030623972415924,0.0,0.0,10.097265392173036,11.702437344439687,2.2787237646190692,3.521040507797826,0.005579801412144,0.0,0.0,0.0,11,33.63009098144554,33.63567078285769,True,0.9998341105950237,2023-02-01,MESA_OPEN_DATA_2026,https://data.mesaaz.gov/d/5zhe-5nig,dataset 5zhe-5nig; retrieved 2026-08-22,study-derived after declared sensor and completeness QA
2023-02-24,5.895220915476481,0.0,0.0,9.22811464374264,11.544051911407736,2.1435205267245747,3.786896443572538,0.0053308438897753,0.0,0.0,0.0,11,32.59780444092397,32.603135284813746,True,0.9998364929064888,2023-02-01,MESA_OPEN_DATA_2026,https://data.mesaaz.gov/d/5zhe-5nig,dataset 5zhe-5nig; retrieved 2026-08-22,study-derived after declared sensor and completeness QA
2023-02-25,5.8268564740816755,0.0,0.0,9.204064470158135,11.535155197788525,2.1902274146073366,3.720294130354113,0.0053362957551144,0.0,0.0,0.0158666674202928,11,32.476597686989784,32.49780065016519,True,0.9993475569807431,2023-02-01,MESA_OPEN_DATA_2026,https://data.mesaaz.gov/d/5zhe-5nig,dataset 5zhe-5nig; retrieved 2026-08-22,study-derived after declared sensor and completeness QA
2023-02-26,5.805257777372996,0.0,0.0,9.584789776332023,11.566017515318734,2.0930453246682466,3.761237672880186,0.0054550895583815,0.0,0.0,0.0001333333396663,11,32.81034806657219,32.81593648947024,True,0.9998297039945868,2023-02-01,MESA_OPEN_DATA_2026,https://data.mesaaz.gov/d/5zhe-5nig,dataset 5zhe-5nig; retrieved 2026-08-22,study-derived after declared sensor and completeness QA
2023-02-27,6.009038627147675,0.0,0.0,10.314749961062851,11.79274005198824,2.2429631284541554,3.7747662822119623,0.0056244354345835,0.0,0.0,0.0,11,34.13425805086489,34.13988248629947,True,0.9998352532280438,2023-02-01,MESA_OPEN_DATA_2026,https://data.mesaaz.gov/d/5zhe-5nig,dataset 5zhe-5nig; retrieved 2026-08-22,study-derived after declared sensor and completeness QA
2023-02-28,6.022845814625422,0.0,0.0,9.67454510118754,12.090677384787199,2.20779270154686,3.8709071599951357,0.0053318501450121,0.0,0.0,0.0,11,33.86676816214216,33.87210001228717,True,0.999842588734,2023-02-01,MESA_OPEN_DATA_2026,https://data.mesaaz.gov/d/5zhe-5nig,dataset 5zhe-5nig; retrieved 2026-08-22,study-derived after declared sensor and completeness QA
2023-03-02,5.838298698266347,0.0,0.0,9.41844998828483,11.638738048249396,2.103285452987574,3.787634017911427,0.0054026111999216,0.0,0.0,0.0,11,32.78640620569957,32.79180881689949,True,0.9998352450994672,2023-03-01,MESA_OPEN_DATA_2026,https://data.mesaaz.gov/d/5zhe-5nig,dataset 5zhe-5nig; retrieved 2026-08-22,study-derived after declared sensor and completeness QA
2023-03-03,6.064787725607554,0.0,0.0,10.24068499436257,11.755096383328397,2.288800578237079,3.9451290552694345,0.0054207862510035,0.0,0.0,0.0,11,34.29449873680504,34.29991952305604,True,0.9998419592137131,2023-03-01,MESA_OPEN_DATA_2026,https://data.mesaaz.gov/d/5zhe-5nig,dataset 5zhe-5nig; retrieved 2026-08-22,study-derived after declared sensor and completeness QA
2023-03-04,6.159939348697662,0.0,0.0,9.662734837457538,11.838418351085432,2.3797856755762794,3.6809383868824854,0.0054180506073559,0.0,0.0,0.0,11,33.7218165996994,33.727234650306755,True,0.9998393568087177,2023-03-01,MESA_OPEN_DATA_2026,https://data.mesaaz.gov/d/5zhe-5nig,dataset 5zhe-5nig; retrieved 2026-08-22,study-derived after declared sensor and completeness QA
2023-03-05,6.030193726221721,0.0,0.0,10.810649014959733,11.446681886479476,2.3916049719851604,3.5562052554353287,0.0054315365656899,0.0,0.0,0.0,11,34.23533485508142,34.24076639164711,True,0.9998413722256225,2023-03-01,MESA_OPEN_DATA_2026,https://data.mesaaz.gov/d/5zhe-5nig,dataset 5zhe-5nig; retrieved 2026-08-22,study-derived after declared sensor and completeness QA
2023-03-06,6.2223003307978315,0.0,0.0,10.570872009322738,11.906547798499442,2.3055182922136535,3.6619897979741904,0.0057002367102541,0.0,0.0,0.0,11,34.66722822880786,34.67292846551811,True,0.9998355997903112,2023-03-01,MESA_OPEN_DATA_2026,https://data.mesaaz.gov/d/5zhe-5nig,dataset 5zhe-5nig; retrieved 2026-08-22,study-derived after declared sensor and completeness QA
2023-03-07,6.238563855489095,0.0,0.0,9.487884278882431,12.298979031367136,2.4035942195627444,3.744541495518938,0.0058797899206789,0.0,0.0,0.0,11,34.17356288082034,34.17944267074102,True,0.99982797291409,2023-03-01,MESA_OPEN_DATA_2026,https://data.mesaaz.gov/d/5zhe-5nig,dataset 5zhe-5nig; retrieved 2026-08-22,study-derived after declared sensor and completeness QA
2023-03-08,5.231177965799968,0.0,0.0,9.319191257228807,11.839237051431311,2.626194785921824,3.647266218777537,0.4995385308478338,0.0,0.0,0.0,11,32.66306727915945,33.162605810007285,True,0.9849366924387741,2023-03-01,MESA_OPEN_DATA_2026,https://data.mesaaz.gov/d/5zhe-5nig,dataset 5zhe-5nig; retrieved 2026-08-22,study-derived after declared sensor and completeness QA
2023-03-09,5.791590829690297,0.0,0.0,9.706545951697562,11.467796780015163,2.559919353454344,3.5910114747595925,0.027210619552837,0.0,0.0,0.0,11,33.11686438961696,33.144075009169796,True,0.9991790200949849,2023-03-01,MESA_OPEN_DATA_2026,https://data.mesaaz.gov/d/5zhe-5nig,dataset 5zhe-5nig; retrieved 2026-08-22,study-derived after declared sensor and completeness QA
2023-03-10,6.012467722098033,0.0,0.0,9.292054736794055,11.899433013955518,2.276720812862111,3.5988361012388648,0.0058053317285763,0.0,0.0,0.0,11,33.07951238694858,33.08531771867715,True,0.9998245345026475,2023-03-01,MESA_OPEN_DATA_2026,https://data.mesaaz.gov/d/5zhe-5nig,dataset 5zhe-5nig; retrieved 2026-08-22,study-derived after declared sensor and completeness QA
2023-03-11,5.97768497467041,0.0,0.0,9.613877541588412,11.485006330293768,2.3247322869932634,3.573474061132608,0.0056186172490318,0.0,0.0,0.0,11,32.974775194678465,32.9803938119275,True,0.9998296376543871,2023-03-01,MESA_OPEN_DATA_2026,https://data.mesaaz.gov/d/5zhe-5nig,dataset 5zhe-5nig; retrieved 2026-08-22,study-derived after declared sensor and completeness QA
2023-03-12,6.037252962589264,0.0,0.0,10.03395648351974,11.577817817823822,2.5067176976356453,3.541493644966613,0.0059295797448915,0.0,0.0,0.0,11,33.69723860653508,33.703168186279974,True,0.999824064618729,2023-03-01,MESA_OPEN_DATA_2026,https://data.mesaaz.gov/d/5zhe-5nig,dataset 5zhe-5nig; retrieved 2026-08-22,study-derived after declared sensor and completeness QA
2023-03-13,6.157437841097514,0.0,0.0,10.341110922072591,11.841482706730076,2.4323570194603508,3.5792835380643893,0.0070042989682406,0.0,0.0,0.0,11,34.351672027424925,34.358676326393166,True,0.9997961417692084,2023-03-01,MESA_OPEN_DATA_2026,https://data.mesaaz.gov/d/5zhe-5nig,dataset 5zhe-5nig; retrieved 2026-08-22,study-derived after declared sensor and completeness QA
2023-03-14,6.165221750736237,0.0,0.0,10.208665922544638,11.8558310090679,2.400447892237313,3.607479978457957,0.0059240462530093,0.0,0.0,0.0,11,34.237646553044044,34.24357059929705,True,0.999827002670886,2023-03-01,MESA_OPEN_DATA_2026,https://data.mesaaz.gov/d/5zhe-5nig,dataset 5zhe-5nig; retrieved 2026-08-22,study-derived after declared sensor and completeness QA
2023-03-15,6.103578686714172,0.0,0.0,9.108427250001172,11.808422029018402,2.3020571938107133,3.52731873661454,0.00578301778296,0.0,0.0,0.0,11,32.849803896159,32.85558691394196,True,0.9998239867758836,2023-03-01,MESA_OPEN_DATA_2026,https://data.mesaaz.gov/d/5zhe-5nig,dataset 5zhe-5nig; retrieved 2026-08-22,study-derived after declared sensor and completeness QA
2023-03-16,4.084127098321915,0.0,0.7828125,9.298846060058588,11.45588094048486,1.9386659251263616,3.45531290695669,2.159411280823406,0.0,0.0,0.0,11,31.015645430948414,33.175056711771816,True,0.9349085881123104,2023-03-01,MESA_OPEN_DATA_2026,https://data.mesaaz.gov/d/5zhe-5nig,dataset 5zhe-5nig; retrieved 2026-08-22,study-derived after declared sensor and completeness QA
2023-03-17,0.1665184001127878,0.0,1.0875,9.781865729391033,11.660538619311888,1.711827968737541,3.606135962190931,6.7093140085538225,0.0,0.0,0.0,11,28.014386679744177,34.723700688298,True,0.8067799838277351,2023-03-01,MESA_OPEN_DATA_2026,https://data.mesaaz.gov/d/5zhe-5nig,dataset 5zhe-5nig; retrieved 2026-08-22,study-derived after declared sensor and completeness QA
2023-03-18,0.0,0.0,0.0,10.028971799466742,11.947448719615098,1.403497220249522,3.632626288020231,7.06323371330897,0.0,0.0,0.0,11,27.012544027351595,34.07577774066056,True,0.7927198091540303,2023-03-01,MESA_OPEN_DATA_2026,https://data.mesaaz.gov/d/5zhe-5nig,dataset 5zhe-5nig; retrieved 2026-08-22,study-derived after declared sensor and completeness QA
2023-03-19,0.0,0.0,0.0,9.899937671681498,11.649072113219631,1.4174630174923208,3.5514550280449075,7.0406920115153,0.0,0.0,0.0,11,26.51792783043836,33.55861984195366,True,0.7901972117842193,2023-03-01,MESA_OPEN_DATA_2026,https://data.mesaaz.gov/d/5zhe-5nig,dataset 5zhe-5nig; retrieved 2026-08-22,study-derived after declared sensor and completeness QA
2023-03-20,0.0,0.0,0.0,9.94834497443728,11.919981772390956,1.537630014792855,3.5264476542835426,6.916082382202148,0.0,0.0,0.0,11,26.932404415904635,33.848486798106784,True,0.7956752860636305,2023-03-01,MESA_OPEN_DATA_2026,https://data.mesaaz.gov/d/5zhe-5nig,dataset 5zhe-5nig; retrieved 2026-08-22,study-derived after declared sensor and completeness QA
2023-03-21,0.0,0.0,0.0,9.761266539488677,12.1554004022362,1.4584560647835458,3.605434311544142,6.819841106732686,0.0,0.0,0.0,11,26.980557318052565,33.80039842478525,True,0.7982319314398433,2023-03-01,MESA_OPEN_DATA_2026,https://data.mesaaz.gov/d/5zhe-5nig,dataset 5zhe-5nig; retrieved 2026-08-22,study-derived after declared sensor and completeness QA
2023-03-22,0.0,0.0,0.0,9.224689220272833,12.193014293027348,1.544289827846282,3.5079266757363357,7.074234028657277,0.0,0.0,0.0,11,26.4699200168828,33.544154045540076,True,0.7891067987866623,2023-03-01,MESA_OPEN_DATA_2026,https://data.mesaaz.gov/d/5zhe-5nig,dataset 5zhe-5nig; retrieved 2026-08-22,study-derived after declared sensor and completeness QA
2023-03-23,0.0,0.0,0.0,9.134539009126607,12.118214151224194,1.3817019755627784,3.3859492274584246,7.175587058067322,0.0,0.0,0.0,11,26.020404363372002,33.195991421439324,True,0.7838417606821938,2023-03-01,MESA_OPEN_DATA_2026,https://data.mesaaz.gov/d/5zhe-5nig,dataset 5zhe-5nig; retrieved 2026-08-22,study-derived after declared sensor and completeness QA
2023-03-24,0.0,0.0,0.0,9.153967300271743,12.342468937713942,1.4680488629154913,3.419337824392705,7.164839843908946,0.0,0.0,0.0,11,26.38382292529388,33.54866276920283,True,0.7864344134012351,2023-03-01,MESA_OPEN_DATA_2026,https://data.mesaaz.gov/d/5zhe-5nig,dataset 5zhe-5nig; retrieved 2026-08-22,study-derived after declared sensor and completeness QA
2023-03-25,0.0,0.0,0.0,9.21102997927754,12.161637998373427,1.3903256680618148,3.541180457589189,7.1018021901448565,0.0,0.0,0.0009909722692908,11,26.304174103301975,33.406967265716126,True,0.7873858735538862,2023-03-01,MESA_OPEN_DATA_2026,https://data.mesaaz.gov/d/5zhe-5nig,dataset 5zhe-5nig; retrieved 2026-08-22,study-derived after declared sensor and completeness QA
2023-03-26,0.0,0.0,0.0,9.151077355432014,12.224704744582786,1.4553856282719675,3.492945245321456,7.165043473243713,0.0,0.0,8.9375342062e-06,11,26.32411297360822,33.48916538438614,True,0.7860486420447335,2023-03-01,MESA_OPEN_DATA_2026,https://data.mesaaz.gov/d/5zhe-5nig,dataset 5zhe-5nig; retrieved 2026-08-22,study-derived after declared sensor and completeness QA
2023-03-27,0.0,0.0,0.0,9.816306861838308,12.573881191569706,1.606357603106234,3.566625259547089,7.011216859022777,0.0,0.0,0.0,11,27.563170916061335,34.57438777508411,True,0.7972135644271514,2023-03-01,MESA_OPEN_DATA_2026,https://data.mesaaz.gov/d/5zhe-5nig,dataset 5zhe-5nig; retrieved 2026-08-22,study-derived after declared sensor and completeness QA
2023-03-28,0.0,0.0,0.0,9.76794150479039,12.871622915309956,1.724280571854777,3.566037915032941,6.948500315348308,0.0,0.0,0.0,11,27.929882906988063,34.87838322233637,True,0.8007791739928347,2023-03-01,MESA_OPEN_DATA_2026,https://data.mesaaz.gov/d/5zhe-5nig,dataset 5zhe-5nig; retrieved 2026-08-22,study-derived after declared sensor and completeness QA
2023-03-29,0.0,0.0,0.0,9.623604298087171,12.594236598132484,1.5674783674032329,3.537544346027856,7.126910150051117,0.0,0.0,0.0,11,27.322863609650746,34.44977375970186,True,0.7931217139548264,2023-03-01,MESA_OPEN_DATA_2026,https://data.mesaaz.gov/d/5zhe-5nig,dataset 5zhe-5nig; retrieved 2026-08-22,study-derived after declared sensor and completeness QA
2023-03-30,0.0,0.0,0.0,9.082664778512058,12.11536883042855,1.580861244407824,3.413372206049152,7.18032435576121,0.0,0.0,0.0,11,26.19226705939758,33.37259141515879,True,0.7848436680736846,2023-03-01,MESA_OPEN_DATA_2026,https://data.mesaaz.gov/d/5zhe-5nig,dataset 5zhe-5nig; retrieved 2026-08-22,study-derived after declared sensor and completeness QA
2023-03-31,0.0,0.0,0.0,9.013339807458552,12.20693340923917,1.4264680269447587,3.4198017051593523,7.1845247844854985,0.0,0.0,0.0,11,26.06654294880183,33.25106773328733,True,0.7839310050999313,2023-03-01,MESA_OPEN_DATA_2026,https://data.mesaaz.gov/d/5zhe-5nig,dataset 5zhe-5nig; retrieved 2026-08-22,study-derived after declared sensor and completeness QA
2023-04-02,0.0,0.0,0.0,9.079589036957476,12.00230495031778,1.4834958089095305,3.340778247339762,7.194053113460541,0.0,0.0,0.0,11,25.906168043524552,33.10022115698509,True,0.7826584577987815,2023-04-01,MESA_OPEN_DATA_2026,https://data.mesaaz.gov/d/5zhe-5nig,dataset 5zhe-5nig; retrieved 2026-08-22,study-derived after declared sensor and completeness QA
2023-04-03,0.0,0.0,0.0,10.36186994207954,12.470304981333202,1.6383751998220362,3.4715602000554404,7.072204411029816,0.0,0.0,0.0,11,27.94211032329022,35.01431473432004,True,0.798019625267781,2023-04-01,MESA_OPEN_DATA_2026,https://data.mesaaz.gov/d/5zhe-5nig,dataset 5zhe-5nig; retrieved 2026-08-22,study-derived after declared sensor and completeness QA
2023-04-04,0.0,0.0,0.0,9.089130444674304,12.770703512079576,1.8075712159192765,3.564328426251788,7.050493975480397,0.0,0.0,0.0,11,27.231733598924944,34.28222757440534,True,0.7943396776018078,2023-04-01,MESA_OPEN_DATA_2026,https://data.mesaaz.gov/d/5zhe-5nig,dataset 5zhe-5nig; retrieved 2026-08-22,study-derived after declared sensor and completeness QA
2023-04-05,0.0,0.0,0.0,9.086270148211192,12.371554403284632,1.5499021098330303,3.470776155297185,7.202557464440663,0.0,0.0,0.0,11,26.47850281662604,33.681060281066706,True,0.7861540757821845,2023-04-01,MESA_OPEN_DATA_2026,https://data.mesaaz.gov/d/5zhe-5nig,dataset 5zhe-5nig; retrieved 2026-08-22,study-derived after declared sensor and completeness QA
2023-04-06,0.0,0.0,0.0,9.515990301381658,12.15544444527255,1.4893643254166715,3.3796488029200855,7.057238539059957,0.0,0.0,0.0,11,26.540447874990967,33.597686414050926,True,0.7899486752722192,2023-04-01,MESA_OPEN_DATA_2026,https://data.mesaaz.gov/d/5zhe-5nig,dataset 5zhe-5nig; retrieved 2026-08-22,study-derived after declared sensor and completeness QA
2023-04-07,0.0,0.0,0.0,9.07724488929466,12.141250153410253,1.3605942468902918,3.3377406877142595,7.136753261089325,0.0,0.0,0.0,11,25.91682997730946,33.05358323839879,True,0.7840853377494497,2023-04-01,MESA_OPEN_DATA_2026,https://data.mesaaz.gov/d/5zhe-5nig,dataset 5zhe-5nig; retrieved 2026-08-22,study-derived after declared sensor and completeness QA
2023-04-08,0.0,0.0,0.0,9.329339622443982,11.913405588694982,1.297929328471631,3.335036171733546,7.188250025113423,0.0,0.0,0.0,11,25.87571071134414,33.06396073645757,True,0.7825956157397866,2023-04-01,MESA_OPEN_DATA_2026,https://data.mesaaz.gov/d/5zhe-5nig,dataset 5zhe-5nig; retrieved 2026-08-22,study-derived after declared sensor and completeness QA
2023-04-09,0.0,0.0,0.0,6.9219065801257855,12.181087463969464,1.603975696861744,3.367403783261403,7.112026413281758,0.0234722230169508,0.0,0.0,11,24.074373524218394,31.209872160517104,True,0.7713704625382712,2023-04-01,MESA_OPEN_DATA_2026,https://data.mesaaz.gov/d/5zhe-5nig,dataset 5zhe-5nig; retrieved 2026-08-22,study-derived after declared sensor and completeness QA
2023-04-10,0.0,0.0,0.0,0.1053719853786067,12.502820964620897,1.7237257803640058,3.3876383984370757,7.028689523537953,6.852361341317494,0.0,0.0,11,17.719557128800584,31.60060799365603,True,0.5607346900527316,2023-04-01,MESA_OPEN_DATA_2026,https://data.mesaaz.gov/d/5zhe-5nig,dataset 5zhe-5nig; retrieved 2026-08-22,study-derived after declared sensor and completeness QA
2023-04-12,0.0,0.0,0.0,9.278554629538622,12.272868206378575,1.6359424444786408,3.6073517407877023,7.145769337868249,0.0,0.0,0.0,11,26.79471702118354,33.94048635905179,True,0.7894617872509507,2023-04-01,MESA_OPEN_DATA_2026,https://data.mesaaz.gov/d/5zhe-5nig,dataset 5zhe-5nig; retrieved 2026-08-22,study-derived after declared sensor and completeness QA
2023-04-13,0.0,0.0,0.0,12.4733213486688,11.975312302039526,1.5836240974263998,3.592306951350636,7.229765518851902,0.0,0.0,0.0,11,29.62456469948536,36.85433021833727,True,0.8038286009806614,2023-04-01,MESA_OPEN_DATA_2026,https://data.mesaaz.gov/d/5zhe-5nig,dataset 5zhe-5nig; retrieved 2026-08-22,study-derived after declared sensor and completeness QA
2023-04-14,0.0,0.0,0.0,9.131461186206876,11.9572845833211,1.564842885599456,3.698048691852296,7.246494293212891,0.0,0.0,0.0,11,26.35163734697973,33.59813164019262,True,0.7843185338156099,2023-04-01,MESA_OPEN_DATA_2026,https://data.mesaaz.gov/d/5zhe-5nig,dataset 5zhe-5nig; retrieved 2026-08-22,study-derived after declared sensor and completeness QA
2023-04-15,0.0,0.0,0.0,9.099843951996412,12.04802496222001,1.5278361567429133,3.5389818321574817,7.218665798505147,0.0,0.0,0.0,11,26.21468690311682,33.43335270162197,True,0.7840878878367784,2023-04-01,MESA_OPEN_DATA_2026,https://data.mesaaz.gov/d/5zhe-5nig,dataset 5zhe-5nig; retrieved 2026-08-22,study-derived after declared sensor and completeness QA
2023-04-16,0.0,0.0,0.0,9.072443446563213,11.99675965442338,1.4470980149980048,3.5752757419118644,7.268173933029175,0.0,0.0,0.0,11,26.09157685789646,33.35975079092563,True,0.7821274511736992,2023-04-01,MESA_OPEN_DATA_2026,https://data.mesaaz.gov/d/5zhe-5nig,dataset 5zhe-5nig; retrieved 2026-08-22,study-derived after declared sensor and completeness QA
2023-04-17,0.0,0.0,0.0,8.876240537853166,12.26623745720642,1.4724715039961869,3.56028883225388,7.0420892635981245,0.0,0.0,0.0,11,26.17523833130965,33.21732759490777,True,0.7879995239388952,2023-04-01,MESA_OPEN_DATA_2026,https://data.mesaaz.gov/d/5zhe-5nig,dataset 5zhe-5nig; retrieved 2026-08-22,study-derived after declared sensor and completeness QA
2023-04-18,0.0,0.0,0.0,9.07876103345639,12.344743838881383,1.5034586778041028,3.777009621924824,7.029982507228851,0.0,0.0,0.0,11,26.703973172066704,33.733955679295555,True,0.7916051537488813,2023-04-01,MESA_OPEN_DATA_2026,https://data.mesaaz.gov/d/5zhe-5nig,dataset 5zhe-5nig; retrieved 2026-08-22,study-derived after declared sensor and completeness QA
2023-04-19,0.0,0.0,1.7774999529123303,9.102140080924922,12.079673284258922,1.450830026189764,3.849731774778731,7.200330237547557,0.0,0.0,0.0,11,28.25987511906467,35.46020535661223,True,0.7969461776902846,2023-04-01,MESA_OPEN_DATA_2026,https://data.mesaaz.gov/d/5zhe-5nig,dataset 5zhe-5nig; retrieved 2026-08-22,study-derived after declared sensor and completeness QA
2023-04-20,0.0,0.0,6.015625160601404,9.08744385741927,11.83139659036833,1.221800313315578,3.8205385040789537,7.073405623435974,0.0,0.0,0.0,11,31.976804425783534,39.05021004921951,True,0.8188638264808169,2023-04-01,MESA_OPEN_DATA_2026,https://data.mesaaz.gov/d/5zhe-5nig,dataset 5zhe-5nig; retrieved 2026-08-22,study-derived after declared sensor and completeness QA
2023-04-21,0.0,0.0,7.679621030886968,9.001503831846295,11.765877559884698,1.2014443454888335,3.7591201200346056,7.104711512724559,0.0,0.0,0.0,11,33.4075668881414,40.51227840086596,True,0.8246281919169303,2023-04-01,MESA_OPEN_DATA_2026,https://data.mesaaz.gov/d/5zhe-5nig,dataset 5zhe-5nig; retrieved 2026-08-22,study-derived after declared sensor and completeness QA
2023-04-22,0.0,0.0,7.082780481709374,9.105836200239482,11.625493993972269,1.1743491399388073,3.7118830541479313,7.056345601876576,0.0,0.0,0.0,11,32.700342870007866,39.756688471884445,True,0.8225117364373353,2023-04-01,MESA_OPEN_DATA_2026,https://data.mesaaz.gov/d/5zhe-5nig,dataset 5zhe-5nig; retrieved 2026-08-22,study-derived after declared sensor and completeness QA
2023-04-23,0.0,0.0,3.742538836267259,9.0542243349766,11.609375730177623,1.2062694449444666,3.692356658744546,7.043594141801198,0.0,0.0,0.0,11,29.3047650051105,36.3483591469117,True,0.8062197494711492,2023-04-01,MESA_OPEN_DATA_2026,https://data.mesaaz.gov/d/5zhe-5nig,dataset 5zhe-5nig; retrieved 2026-08-22,study-derived after declared sensor and completeness QA
2023-04-24,0.0,0.0,0.0,8.167982711035389,12.094277916593033,1.3951914146605249,3.904925510846855,6.953217804431915,0.0344999988873799,0.0,0.0,11,25.5623775531358,32.550095356455095,True,0.7853241986913706,2023-04-01,MESA_OPEN_DATA_2026,https://data.mesaaz.gov/d/5zhe-5nig,dataset 5zhe-5nig; retrieved 2026-08-22,study-derived after declared sensor and completeness QA
2023-04-25,0.0,0.0,3.22022227578693,5.5793769086335026,12.144865446731824,1.647730092373852,3.784381312131882,6.88355726952906,8.304083069165548,0.0,0.0,11,26.37657603565799,41.564216374352604,True,0.6345981793111293,2023-04-01,MESA_OPEN_DATA_2026,https://data.mesaaz.gov/d/5zhe-5nig,dataset 5zhe-5nig; retrieved 2026-08-22,study-derived after declared sensor and completeness QA
2023-04-26,0.0,0.0,3.282333387931188,9.110601980503718,12.052065099223276,1.6276857969481189,3.6495348447221376,7.170143147309621,14.001500417866431,0.0,0.0,11,29.722221109328437,50.89386467450449,True,0.5840040110810826,2023-04-01,MESA_OPEN_DATA_2026,https://data.mesaaz.gov/d/5zhe-5nig,dataset 5zhe-5nig; retrieved 2026-08-22,study-derived after declared sensor and completeness QA
2023-04-27,0.0,0.0,0.0,9.873445844757889,11.669387234730667,1.087984627584893,3.533176413669281,7.814162909984589,0.0199166662214944,0.0,0.0,11,26.16399412074273,33.998073696948815,True,0.7695728397427068,2023-04-01,MESA_OPEN_DATA_2026,https://data.mesaaz.gov/d/5zhe-5nig,dataset 5zhe-5nig; retrieved 2026-08-22,study-derived after declared sensor and completeness QA
2023-04-28,0.0,0.0,0.0,11.549895492208178,11.548500061035156,0.8813473161529092,3.521187408268452,7.793249666690826,0.0,0.0,0.0,11,27.500930277664697,35.29417994435552,True,0.7791916491903881,2023-04-01,MESA_OPEN_DATA_2026,https://data.mesaaz.gov/d/5zhe-5nig,dataset 5zhe-5nig; retrieved 2026-08-22,study-derived after declared sensor and completeness QA
2023-04-29,0.0,0.0,0.0,9.203831036238656,11.418099017401897,0.8015668659913052,3.448388488695305,7.812575399875641,0.0,0.0,0.0,11,24.871885408327163,32.6844608082028,True,0.7609697328121466,2023-04-01,MESA_OPEN_DATA_2026,https://data.mesaaz.gov/d/5zhe-5nig,dataset 5zhe-5nig; retrieved 2026-08-22,study-derived after declared sensor and completeness QA
2023-04-30,0.0,0.0,0.0,9.079180742092756,11.503102961103838,1.0110197734371211,3.429993794658868,7.841068685054779,0.0,0.0,0.0,11,25.023297271292584,32.86436595634736,True,0.7614112289441455,2023-04-01,MESA_OPEN_DATA_2026,https://data.mesaaz.gov/d/5zhe-5nig,dataset 5zhe-5nig; retrieved 2026-08-22,study-derived after declared sensor and completeness QA
2023-05-02,0.0,0.0,0.0,9.527192575169934,11.918760785153315,1.4175139629807552,3.540237553417682,7.645042403649401,0.0,0.0,0.0,11,26.40370487672169,34.04874728037109,True,0.7754677333442831,2023-05-01,MESA_OPEN_DATA_2026,https://data.mesaaz.gov/d/5zhe-5nig,dataset 5zhe-5nig; retrieved 2026-08-22,study-derived after declared sensor and completeness QA
2023-05-03,0.0,0.0,0.0,9.174218088914122,11.20234364271164,1.0840718122705757,3.524337666327958,7.893367250760396,0.0,0.0,0.0,11,24.9849712102243,32.87833846098469,True,0.7599219540814961,2023-05-01,MESA_OPEN_DATA_2026,https://data.mesaaz.gov/d/5zhe-5nig,dataset 5zhe-5nig; retrieved 2026-08-22,study-derived after declared sensor and completeness QA
2023-05-04,0.0,0.0,0.0,9.04343492453297,10.907811348254864,0.9852500051259996,3.4268691826533604,7.936823268731435,0.0,0.0,0.0,11,24.36336546056719,32.300188729298625,True,0.754279353125508,2023-05-01,MESA_OPEN_DATA_2026,https://data.mesaaz.gov/d/5zhe-5nig,dataset 5zhe-5nig; retrieved 2026-08-22,study-derived after declared sensor and completeness QA
2023-05-05,0.0,0.0,0.0,10.16260874102789,10.979402987781254,0.9353874175853362,3.4328499809580597,7.971531907717387,0.0,0.0,0.0,11,25.51024912735254,33.48178103506993,True,0.7619143408360582,2023-05-01,MESA_OPEN_DATA_2026,https://data.mesaaz.gov/d/5zhe-5nig,dataset 5zhe-5nig; retrieved 2026-08-22,study-derived after declared sensor and completeness QA
2023-05-06,0.0,0.0,0.0,10.786915183519875,10.838637539271192,1.1068885541647715,3.3800124511122704,7.9020945231119795,0.0,0.0,0.0,11,26.11245372806811,34.01454825118009,True,0.7676848604673788,2023-05-01,MESA_OPEN_DATA_2026,https://data.mesaaz.gov/d/5zhe-5nig,dataset 5zhe-5nig; retrieved 2026-08-22,study-derived after declared sensor and completeness QA
2023-05-07,0.0,0.0,0.0,10.04156672403099,10.8330314593786,0.9772388567971118,3.2985374316573144,7.9671918749809265,0.0,0.0,0.0,11,25.150374471864016,33.11756634684494,True,0.7594270124942334,2023-05-01,MESA_OPEN_DATA_2026,https://data.mesaaz.gov/d/5zhe-5nig,dataset 5zhe-5nig; retrieved 2026-08-22,study-derived after declared sensor and completeness QA
2023-05-08,0.0,0.0,0.0,10.011568412202372,11.231138813644854,1.325456688107725,3.3794239453759105,7.719441095987956,0.0,0.0,0.0,11,25.947587859330863,33.66702895531882,True,0.7707121377941365,2023-05-01,MESA_OPEN_DATA_2026,https://data.mesaaz.gov/d/5zhe-5nig,dataset 5zhe-5nig; retrieved 2026-08-22,study-derived after declared sensor and completeness QA
2023-05-09,0.0,0.0,0.0,9.167629512504297,11.363155901432036,1.352551935096944,3.494824980199337,7.707118181001257,0.0,0.0,0.0,11,25.378162329232612,33.08528051023387,True,0.7670529594386449,2023-05-01,MESA_OPEN_DATA_2026,https://data.mesaaz.gov/d/5zhe-5nig,dataset 5zhe-5nig; retrieved 2026-08-22,study-derived after declared sensor and completeness QA
2023-05-10,0.0,0.0,0.0,9.659389083192304,11.208125054836271,1.0113466576117427,3.667737503349781,7.807790299256642,0.0,0.0,0.0,11,25.546598298990098,33.35438859824674,True,0.7659141532078013,2023-05-01,MESA_OPEN_DATA_2026,https://data.mesaaz.gov/d/5zhe-5nig,dataset 5zhe-5nig; retrieved 2026-08-22,study-derived after declared sensor and completeness QA
2023-05-11,0.0,0.0,0.0,9.501746308611237,10.82229873964949,0.8504762859856567,3.629787996794467,7.875797470410665,0.0,0.0,0.0,11,24.80430933104085,32.680106801451515,True,0.7590033129860869,2023-05-01,MESA_OPEN_DATA_2026,https://data.mesaaz.gov/d/5zhe-5nig,dataset 5zhe-5nig; retrieved 2026-08-22,study-derived after declared sensor and completeness QA
2023-05-12,0.0,0.0,0.0,9.0868436887336,10.768343955278397,0.8164009840829511,3.5034015957392945,7.937638541062673,0.0,0.0,0.0,11,24.174990223834243,32.11262876489692,True,0.7528187866781091,2023-05-01,MESA_OPEN_DATA_2026,https://data.mesaaz.gov/d/5zhe-5nig,dataset 5zhe-5nig; retrieved 2026-08-22,study-derived after declared sensor and completeness QA
2023-05-13,0.0,0.0,0.0,9.072626851115514,10.702105268419787,0.8758649481102,3.527493862807751,7.754549205303192,0.0,0.0,0.0,11,24.17809093045325,31.932640135756444,True,0.7571591583929176,2023-05-01,MESA_OPEN_DATA_2026,https://data.mesaaz.gov/d/5zhe-5nig,dataset 5zhe-5nig; retrieved 2026-08-22,study-derived after declared sensor and completeness QA
2023-05-14,0.0,0.0,0.0,9.02988312556512,10.835563521989634,0.9218256542412172,3.417118714749813,7.957711935043335,0.0,0.0,0.0,11,24.204391016545785,32.16210295158912,True,0.7525748876862498,2023-05-01,MESA_OPEN_DATA_2026,https://data.mesaaz.gov/d/5zhe-5nig,dataset 5zhe-5nig; retrieved 2026-08-22,study-derived after declared sensor and completeness QA
2023-05-15,0.0,0.0,0.0,8.922241261468994,11.36690486276616,1.1599493450681928,3.4356044325392645,7.723628640174866,0.0,0.0,0.3386750075552198,11,24.88469990184261,32.94700354957269,True,0.7552947831629244,2023-05-01,MESA_OPEN_DATA_2026,https://data.mesaaz.gov/d/5zhe-5nig,dataset 5zhe-5nig; retrieved 2026-08-22,study-derived after declared sensor and completeness QA
2023-05-16,0.0,0.0,0.0,10.61104621681927,11.102094143629074,0.7720499902963638,3.6616873934865,7.812412465280957,0.0,0.0,0.0033250000741746,11,26.146877744231205,33.96261520958634,True,0.7698723311758084,2023-05-01,MESA_OPEN_DATA_2026,https://data.mesaaz.gov/d/5zhe-5nig,dataset 5zhe-5nig; retrieved 2026-08-22,study-derived after declared sensor and completeness QA
2023-05-17,0.0,0.0,0.0,8.851743182192678,11.049432445617848,0.7281949484582368,3.8269163576009215,7.861393749713898,0.0,0.0,0.0,11,24.456286933869684,32.31768068358358,True,0.7567463511171069,2023-05-01,MESA_OPEN_DATA_2026,https://data.mesaaz.gov/d/5zhe-5nig,dataset 5zhe-5nig; retrieved 2026-08-22,study-derived after declared sensor and completeness QA
2023-05-18,0.0,0.0,0.0,9.212787889794066,10.91829445423224,0.7602450795008637,3.766227374210224,7.91546756029129,0.0,0.0,0.0,11,24.657554797737394,32.57302235802868,True,0.7569931499359235,2023-05-01,MESA_OPEN_DATA_2026,https://data.mesaaz.gov/d/5zhe-5nig,dataset 5zhe-5nig; retrieved 2026-08-22,study-derived after declared sensor and completeness QA
2023-05-19,0.0,0.0,0.0,9.269760097544877,11.062192402072458,0.6297164122347071,3.7993423351415263,7.883064826329549,0.0,0.0,0.054465277482652,11,24.76101124699357,32.69854135080577,True,0.7572512480402555,2023-05-01,MESA_OPEN_DATA_2026,https://data.mesaaz.gov/d/5zhe-5nig,dataset 5zhe-5nig; retrieved 2026-08-22,study-derived after declared sensor and completeness QA
2023-05-20,0.0,0.0,0.0,9.054372951827116,11.045692393829771,0.8007153881596518,3.746032571096248,7.874854644139608,0.0,0.0,0.0787666702643036,11,24.646813304912786,32.600434619316694,True,0.756027138678355,2023-05-01,MESA_OPEN_DATA_2026,https://data.mesaaz.gov/d/5zhe-5nig,dataset 5zhe-5nig; retrieved 2026-08-22,study-derived after declared sensor and completeness QA
2023-05-21,0.0,0.0,0.0,9.078185476083998,10.861037694801718,0.8527500182390213,3.485967192832601,8.004636685053507,0.0,0.0,0.0007680555909044,11,24.27794038195734,32.28334512260175,True,0.7520267893478058,2023-05-01,MESA_OPEN_DATA_2026,https://data.mesaaz.gov/d/5zhe-5nig,dataset 5zhe-5nig; retrieved 2026-08-22,study-derived after declared sensor and completeness QA
2023-05-22,0.0,0.0,0.0,9.808124365632732,11.465174478250784,1.17441027850866,3.5281000420451165,7.744994620482127,0.0,0.0,0.0,11,25.975809164437294,33.72080378491942,True,0.7703199879255004,2023-05-01,MESA_OPEN_DATA_2026,https://data.mesaaz.gov/d/5zhe-5nig,dataset 5zhe-5nig; retrieved 2026-08-22,study-derived after declared sensor and completeness QA
2023-05-23,0.0,0.0,0.0,9.093243402277844,11.47047161656385,1.177694176828395,3.585909366773696,7.721943859259287,0.0,0.0,0.0,11,25.327318562443786,33.04926242170308,True,0.7663504933717257,2023-05-01,MESA_OPEN_DATA_2026,https://data.mesaaz.gov/d/5zhe-5nig,dataset 5zhe-5nig; retrieved 2026-08-22,study-derived after declared sensor and completeness QA
2023-05-24,0.0,0.0,0.0,9.075067877765676,11.17668378014456,1.0836699843237103,3.5438278557116147,7.984628558158875,0.0,0.0,0.0,11,24.87924949794556,32.86387805610443,True,0.7570393687401192,2023-05-01,MESA_OPEN_DATA_2026,https://data.mesaaz.gov/d/5zhe-5nig,dataset 5zhe-5nig; retrieved 2026-08-22,study-derived after declared sensor and completeness QA
2023-05-25,0.0,0.0,0.0,9.360604586449488,10.965508679852864,0.8244568498164964,3.5214276876714496,7.933801094690959,0.0,0.0,0.0,11,24.671997803790298,32.605798898481254,True,0.7566751509633918,2023-05-01,MESA_OPEN_DATA_2026,https://data.mesaaz.gov/d/5zhe-5nig,dataset 5zhe-5nig; retrieved 2026-08-22,study-derived after declared sensor and completeness QA
2023-05-26,0.0,0.0,0.0,9.051242233775213,11.102362445470018,0.9459595052972852,3.4445209662562295,7.889822542667389,0.0,0.0,0.0,11,24.544085150798743,32.43390769346613,True,0.7567415367511573,2023-05-01,MESA_OPEN_DATA_2026,https://data.mesaaz.gov/d/5zhe-5nig,dataset 5zhe-5nig; retrieved 2026-08-22,study-derived after declared sensor and completeness QA
2023-05-27,0.0,0.0,0.0,9.018783909581876,11.5341614240383,1.069884430669269,3.4116000145673753,7.941334029038747,0.0,0.0,0.9318513737784492,11,25.034429778856822,33.90761518167402,True,0.7383129024180719,2023-05-01,MESA_OPEN_DATA_2026,https://data.mesaaz.gov/d/5zhe-5nig,dataset 5zhe-5nig; retrieved 2026-08-22,study-derived after declared sensor and completeness QA
2023-05-28,0.0,0.0,0.0,9.023906030811292,12.865991265586253,1.0731501668397394,3.348246061420573,7.929353574911754,0.0,0.0,1.7847166495190727,11,26.311293524657856,36.02536374908868,True,0.7303546942068958,2023-05-01,MESA_OPEN_DATA_2026,https://data.mesaaz.gov/d/5zhe-5nig,dataset 5zhe-5nig; retrieved 2026-08-22,study-derived after declared sensor and completeness QA
2023-05-29,0.0,0.0,0.0,9.121803812135832,11.120928616703305,1.1756151608201897,3.2852291874769257,7.696177224318187,0.0,0.0,0.0174319442775514,11,24.703576777136252,32.417185945731994,True,0.7620518578784502,2023-05-01,MESA_OPEN_DATA_2026,https://data.mesaaz.gov/d/5zhe-5nig,dataset 5zhe-5nig; retrieved 2026-08-22,study-derived after declared sensor and completeness QA
2023-05-30,0.0,0.0,0.0,12.31604590445481,10.756874740123749,1.0582419787683794,3.1918278323279488,7.626631398995717,0.0,0.0,0.0,11,27.322990455674887,34.9496218546706,True,0.7817821482959334,2023-05-01,MESA_OPEN_DATA_2026,https://data.mesaaz.gov/d/5zhe-5nig,dataset 5zhe-5nig; retrieved 2026-08-22,study-derived after declared sensor and completeness QA
2023-05-31,0.0,0.0,0.0,9.119852705003556,11.133328333497047,1.0548754289554196,3.524856556591063,7.640234341224035,0.0,0.0,0.0,11,24.832913024047087,32.473147365271124,True,0.7647214710886018,2023-05-01,MESA_OPEN_DATA_2026,https://data.mesaaz.gov/d/5zhe-5nig,dataset 5zhe-5nig; retrieved 2026-08-22,study-derived after declared sensor and completeness QA
2023-06-02,0.0,0.0,0.0,9.043561055262344,11.08962462840392,0.9397412233202964,3.523829119664418,7.750998099644979,0.0,0.0,0.0,11,24.59675602665098,32.34775412629596,True,0.7603852783911177,2023-06-01,MESA_OPEN_DATA_2026,https://data.mesaaz.gov/d/5zhe-5nig,dataset 5zhe-5nig; retrieved 2026-08-22,study-derived after declared sensor and completeness QA
2023-06-03,0.0,0.0,0.0,9.087092564077013,10.869165260032569,0.840843204036879,3.4994485404830127,7.790744284788768,0.0,0.0,0.1563541738626857,11,24.296549568629473,32.243648027280926,True,0.7535297974991069,2023-06-01,MESA_OPEN_DATA_2026,https://data.mesaaz.gov/d/5zhe-5nig,dataset 5zhe-5nig; retrieved 2026-08-22,study-derived after declared sensor and completeness QA
2023-06-04,0.0,0.0,0.0,8.4471845645016,10.883312344551086,0.8322000175714492,3.490175010760625,7.764935791492462,0.0,0.0,0.0016458334090809,11,23.65287193738476,31.419453562286304,True,0.7528097804277538,2023-06-01,MESA_OPEN_DATA_2026,https://data.mesaaz.gov/d/5zhe-5nig,dataset 5zhe-5nig; retrieved 2026-08-22,study-derived after declared sensor and completeness QA
2023-06-05,0.0,0.0,0.0,9.268199211833654,11.10390630364418,1.058066434863597,3.4782332605785795,7.601594805717468,0.0,0.0,0.0,11,24.908405210920012,32.51000001663748,True,0.766176720952715,2023-06-01,MESA_OPEN_DATA_2026,https://data.mesaaz.gov/d/5zhe-5nig,dataset 5zhe-5nig; retrieved 2026-08-22,study-derived after declared sensor and completeness QA
2023-06-06,0.0,0.0,0.0,10.171974922398588,11.128433287560522,1.1421784991583137,3.5858596812692927,7.717201440146676,0.0,0.0,0.0,11,26.028446390386712,33.745647830533386,True,0.771312689597736,2023-06-01,MESA_OPEN_DATA_2026,https://data.mesaaz.gov/d/5zhe-5nig,dataset 5zhe-5nig; retrieved 2026-08-22,study-derived after declared sensor and completeness QA
2023-06-07,0.0,0.0,0.0,9.062435901347277,10.889805438813198,0.4770161197070152,3.6007472925715978,8.358212987581888,0.0,0.0,0.0,11,24.03000475243909,32.38821774002098,True,0.7419366185977583,2023-06-01,MESA_OPEN_DATA_2026,https://data.mesaaz.gov/d/5zhe-5nig,dataset 5zhe-5nig; retrieved 2026-08-22,study-derived after declared sensor and completeness QA
2023-06-08,0.0,0.0,0.0,9.012790473985737,10.730922697637055,0.5316304469802436,3.610805616776149,8.257579763730368,0.0,0.0,0.0,11,23.886149235379186,32.143728999109555,True,0.7431044866026864,2023-06-01,MESA_OPEN_DATA_2026,https://data.mesaaz.gov/d/5zhe-5nig,dataset 5zhe-5nig; retrieved 2026-08-22,study-derived after declared sensor and completeness QA
2023-06-09,0.0,0.0,0.0,9.04355519046524,10.736655257237008,0.4875357285434124,3.5708010522785174,8.249496698379517,0.0,0.0,0.0,11,23.838547228524178,32.088043926903694,True,0.7429105769995888,2023-06-01,MESA_OPEN_DATA_2026,https://data.mesaaz.gov/d/5zhe-5nig,dataset 5zhe-5nig; retrieved 2026-08-22,study-derived after declared sensor and completeness QA
2023-06-10,0.0,0.0,0.0,8.686891740186622,10.740874661561335,0.5553310207980972,3.544505466355218,8.261988202730814,0.0,0.0,0.0,11,23.527602888901274,31.78959109163209,True,0.7401039799814977,2023-06-01,MESA_OPEN_DATA_2026,https://data.mesaaz.gov/d/5zhe-5nig,dataset 5zhe-5nig; retrieved 2026-08-22,study-derived after declared sensor and completeness QA
2023-06-11,0.0,0.0,0.0,9.207347818978338,10.650918186459082,0.3489880955436316,3.5008591335355157,8.273042678833008,0.0,0.0,0.0,11,23.70811323451657,31.98115591334958,True,0.7413150825052051,2023-06-01,MESA_OPEN_DATA_2026,https://data.mesaaz.gov/d/5zhe-5nig,dataset 5zhe-5nig; retrieved 2026-08-22,study-derived after declared sensor and completeness QA
2023-06-12,0.0,0.0,0.0,9.08148405932802,10.741829506047743,0.6733748096705489,3.500980484485626,8.010032216707865,0.0,0.0,0.0,11,23.997668859531938,32.007701076239805,True,0.7497467188403002,2023-06-01,MESA_OPEN_DATA_2026,https://data.mesaaz.gov/d/5zhe-5nig,dataset 5zhe-5nig; retrieved 2026-08-22,study-derived after declared sensor and completeness QA
2023-06-13,0.0,0.0,0.0,9.063979225681267,10.961031645536425,0.5968948532943938,3.5715989808062036,8.074958562850952,0.0,0.0,0.0,11,24.19350470531829,32.26846326816924,True,0.7497569532288084,2023-06-01,MESA_OPEN_DATA_2026,https://data.mesaaz.gov/d/5zhe-5nig,dataset 5zhe-5nig; retrieved 2026-08-22,study-derived after declared sensor and completeness QA
2023-06-14,0.0,0.0,0.0,9.075475548878313,10.087825299639416,0.512141682455937,4.342725308426889,8.27180310090383,0.0,0.0,0.0,11,24.018167839400554,32.289970940304386,True,0.7438274838897747,2023-06-01,MESA_OPEN_DATA_2026,https://data.mesaaz.gov/d/5zhe-5nig,dataset 5zhe-5nig; retrieved 2026-08-22,study-derived after declared sensor and completeness QA
2023-06-15,0.0,0.0,0.0,9.312818367951728,9.557156592607498,0.5650209974992525,4.571761316723293,8.181404948234558,0.0,0.0,0.0,11,24.006757274781773,32.188162223016334,True,0.745825658155022,2023-06-01,MESA_OPEN_DATA_2026,https://data.mesaaz.gov/d/5zhe-5nig,dataset 5zhe-5nig; retrieved 2026-08-22,study-derived after declared sensor and completeness QA
2023-06-16,0.0,0.0,0.0,9.141424884641612,9.47328763876903,0.574652437146727,4.613260961903466,8.222298423449198,0.0,0.0,0.0,11,23.802625922460834,32.02492434591003,True,0.7432531507447797,2023-06-01,MESA_OPEN_DATA_2026,https://data.mesaaz.gov/d/5zhe-5nig,dataset 5zhe-5nig; retrieved 2026-08-22,study-derived after declared sensor and completeness QA
2023-06-17,0.0,0.0,0.0,9.0001307180899,9.548496166754498,0.4505042006502618,4.5247072007110996,8.149749835332235,0.0,0.0,0.0,11,23.52383828620576,31.673588121537996,True,0.7426957184623355,2023-06-01,MESA_OPEN_DATA_2026,https://data.mesaaz.gov/d/5zhe-5nig,dataset 5zhe-5nig; retrieved 2026-08-22,study-derived after declared sensor and completeness QA
2023-06-18,0.0,0.0,0.0,9.071018129688152,9.470716960582893,0.598918290028359,4.451420239229182,8.190797726313273,0.0,0.0,0.0,11,23.592073619528588,31.782871345841862,True,0.7422889317586823,2023-06-01,MESA_OPEN_DATA_2026,https://data.mesaaz.gov/d/5zhe-5nig,dataset 5zhe-5nig; retrieved 2026-08-22,study-derived after declared sensor and completeness QA
2023-06-19,0.0,0.0,0.0,9.171491473715893,9.608267293373745,0.5775284483200974,4.539230443371666,8.031413237253824,0.0,0.0,0.0,11,23.896517658781406,31.927930896035228,True,0.7484518096895796,2023-06-01,MESA_OPEN_DATA_2026,https://data.mesaaz.gov/d/5zhe-5nig,dataset 5zhe-5nig; retrieved 2026-08-22,study-derived after declared sensor and completeness QA
2023-06-20,0.0,0.0,0.0,9.058397614082883,9.58011017706659,0.6349216879664601,4.4527502073182,8.129635135332743,0.0,0.0,0.0,11,23.726179686434133,31.855814821766877,True,0.7447990208124321,2023-06-01,MESA_OPEN_DATA_2026,https://data.mesaaz.gov/d/5zhe-5nig,dataset 5zhe-5nig; retrieved 2026-08-22,study-derived after declared sensor and completeness QA
2023-06-21,0.0,0.0,0.0,9.027799873084042,9.762790053212427,1.506556066478334,4.509831868226074,6.949552416801453,0.0,0.0,0.0,11,24.80697786100088,31.756530277802334,True,0.7811614695935735,2023-06-01,MESA_OPEN_DATA_2026,https://data.mesaaz.gov/d/5zhe-5nig,dataset 5zhe-5nig; retrieved 2026-08-22,study-derived after declared sensor and completeness QA
2023-06-22,0.0,0.0,0.0,9.046758086412318,9.642353865854137,1.1133632818688015,4.418857268910216,7.581423401832581,0.0,0.0,0.0,11,24.22133250304547,31.80275590487805,True,0.7616111187184974,2023-06-01,MESA_OPEN_DATA_2026,https://data.mesaaz.gov/d/5zhe-5nig,dataset 5zhe-5nig; retrieved 2026-08-22,study-derived after declared sensor and completeness QA
2023-06-23,0.0,0.0,0.0,8.991690545129003,10.357615017990687,0.5529747458611096,3.6776918200212134,8.209649642308554,0.0,0.0,0.0059375000516107,11,23.579972129002016,31.795559271362183,True,0.7416121203516671,2023-06-01,MESA_OPEN_DATA_2026,https://data.mesaaz.gov/d/5zhe-5nig,dataset 5zhe-5nig; retrieved 2026-08-22,study-derived after declared sensor and completeness QA
2023-06-24,0.0,0.0,0.0,9.022451660191573,10.64627890719308,0.3550361474258346,3.393350951451241,8.24557360013326,0.0,0.0,6.66666672461e-05,11,23.41711766626173,31.662757933062238,True,0.739579215296643,2023-06-01,MESA_OPEN_DATA_2026,https://data.mesaaz.gov/d/5zhe-5nig,dataset 5zhe-5nig; retrieved 2026-08-22,study-derived after declared sensor and completeness QA
2023-06-25,0.0,0.0,0.0,9.075582843668483,10.638543351800784,0.58230659068047,3.350738795598348,8.195992509524027,0.0,0.0,0.0,11,23.64717158174809,31.843164091272115,True,0.7426137526399124,2023-06-01,MESA_OPEN_DATA_2026,https://data.mesaaz.gov/d/5zhe-5nig,dataset 5zhe-5nig; retrieved 2026-08-22,study-derived after declared sensor and completeness QA
2023-06-26,0.0,0.0,0.0,9.05005272048491,10.800501141375486,0.676603637489618,3.356863713214691,8.100608309110006,0.0,0.0,0.0,11,23.884021212564704,31.984629521674712,True,0.7467343398922114,2023-06-01,MESA_OPEN_DATA_2026,https://data.mesaaz.gov/d/5zhe-5nig,dataset 5zhe-5nig; retrieved 2026-08-22,study-derived after declared sensor and completeness QA
2023-06-27,0.0,0.0,0.0,9.039063751395378,10.943444857204977,0.7540747357646846,3.409949285607938,8.16284453868866,0.0,0.0,0.0,11,24.146532629972977,32.30937716866164,True,0.7473537018037543,2023-06-01,MESA_OPEN_DATA_2026,https://data.mesaaz.gov/d/5zhe-5nig,dataset 5zhe-5nig; retrieved 2026-08-22,study-derived after declared sensor and completeness QA
2023-06-28,0.0,0.0,0.0,9.07681424121062,10.719724129169432,0.5141195690298414,3.3639332513014475,8.406810681025187,0.0,0.0,0.0,11,23.67459119071134,32.081401871736524,True,0.7379537616642768,2023-06-01,MESA_OPEN_DATA_2026,https://data.mesaaz.gov/d/5zhe-5nig,dataset 5zhe-5nig; retrieved 2026-08-22,study-derived after declared sensor and completeness QA
2023-06-29,0.0,0.0,0.0,9.037220521892854,10.67137090365092,0.5884449037215367,3.429677770535151,8.260767022768656,0.0,0.0,0.0,11,23.72671409980046,31.987481122569115,True,0.7417499992851835,2023-06-01,MESA_OPEN_DATA_2026,https://data.mesaaz.gov/d/5zhe-5nig,dataset 5zhe-5nig; retrieved 2026-08-22,study-derived after declared sensor and completeness QA
2023-06-30,0.0,0.0,0.0,9.27729353347999,11.779754503236877,0.5223645456550348,3.4037097189161516,8.307050418162692,0.0,0.0,1.298922277159161,11,24.98312230128805,34.5890949966099,True,0.7222832023716336,2023-06-01,MESA_OPEN_DATA_2026,https://data.mesaaz.gov/d/5zhe-5nig,dataset 5zhe-5nig; retrieved 2026-08-22,study-derived after declared sensor and completeness QA
2023-07-02,0.0,0.0,0.0,9.309611655906949,10.55605008204778,3.0133812299349927,3.845336130592558,6.163812160491943,0.0,0.0,0.0231555567847357,11,26.724379098482277,32.911346815758954,True,0.8120111051087655,2023-07-01,MESA_OPEN_DATA_2026,https://data.mesaaz.gov/d/5zhe-5nig,dataset 5zhe-5nig; retrieved 2026-08-22,study-derived after declared sensor and completeness QA
2023-07-03,0.0,0.0,0.0,9.041206888411608,9.614179206556743,3.585786586027265,6.553401686898365,2.2951379915078483,0.0,0.0,0.0,11,28.79457436789398,31.089712359401826,True,0.9261769306523103,2023-07-01,MESA_OPEN_DATA_2026,https://data.mesaaz.gov/d/5zhe-5nig,dataset 5zhe-5nig; retrieved 2026-08-22,study-derived after declared sensor and completeness QA
2023-07-04,0.0,0.0,0.0,9.083713858734678,9.46497257439871,2.88004185711773,6.487333464622497,2.8473325967788696,0.0,0.0,0.0,11,27.916061754873613,30.763394351652483,True,0.9074441342775322,2023-07-01,MESA_OPEN_DATA_2026,https://data.mesaaz.gov/d/5zhe-5nig,dataset 5zhe-5nig; retrieved 2026-08-22,study-derived after declared sensor and completeness QA
2023-07-05,0.0,0.0,0.0,9.0133256493564,9.355496756368767,2.6569313509768557,6.637949521315164,3.1154454946517944,0.0,0.0,0.0,11,27.663703278017188,30.779148772668982,True,0.8987806479749622,2023-07-01,MESA_OPEN_DATA_2026,https://data.mesaaz.gov/d/5zhe-5nig,dataset 5zhe-5nig; retrieved 2026-08-22,study-derived after declared sensor and completeness QA
2023-07-06,0.0,0.0,0.0,9.056751815783588,9.433309074231842,2.4241273779969115,6.73218934957109,3.0992139478524527,0.0,0.0,0.0,11,27.64637761758343,30.74559156543588,True,0.8991981032059054,2023-07-01,MESA_OPEN_DATA_2026,https://data.mesaaz.gov/d/5zhe-5nig,dataset 5zhe-5nig; retrieved 2026-08-22,study-derived after declared sensor and completeness QA
2023-07-07,0.0,0.0,0.0,9.013445449611888,9.47956244415707,2.435791648184503,6.848724839422438,3.3183015882968903,0.0,0.0,0.0,11,27.777524381375898,31.095825969672788,True,0.8932878775584489,2023-07-01,MESA_OPEN_DATA_2026,https://data.mesaaz.gov/d/5zhe-5nig,dataset 5zhe-5nig; retrieved 2026-08-22,study-derived after declared sensor and completeness QA
2023-07-08,0.0,0.0,0.0,9.01228452903986,9.630080775419872,2.182661927945121,6.827466801802317,3.41703329483668,0.0,0.0,0.0,11,27.652494034207166,31.069527329043847,True,0.8900197850244592,2023-07-01,MESA_OPEN_DATA_2026,https://data.mesaaz.gov/d/5zhe-5nig,dataset 5zhe-5nig; retrieved 2026-08-22,study-derived after declared sensor and completeness QA
2023-07-09,0.0,0.0,0.0,9.055814778101512,9.663071901642397,1.1983137604581762,6.852494256706848,4.65020156900088,0.0,0.0,0.0,11,26.769694696908935,31.419896265909816,True,0.8519981883566468,2023-07-01,MESA_OPEN_DATA_2026,https://data.mesaaz.gov/d/5zhe-5nig,dataset 5zhe-5nig; retrieved 2026-08-22,study-derived after declared sensor and completeness QA
2023-07-10,0.0,0.0,0.0,9.00360931372159,9.58854624695248,0.6640820548415018,6.93928887711631,5.387710531552632,0.0,0.0,0.0,11,26.195526492631885,31.583237024184516,True,0.8294123389750375,2023-07-01,MESA_OPEN_DATA_2026,https://data.mesaaz.gov/d/5zhe-5nig,dataset 5zhe-5nig; retrieved 2026-08-22,study-derived after declared sensor and completeness QA
2023-07-11,0.0,0.0,0.0,9.023665703641196,9.663441258776668,0.7652294421295741,7.0871029271019825,5.36914066473643,0.0,0.0,0.0,11,26.53943933164942,31.90857999638585,True,0.8317336382457454,2023-07-01,MESA_OPEN_DATA_2026,https://data.mesaaz.gov/d/5zhe-5nig,dataset 5zhe-5nig; retrieved 2026-08-22,study-derived after declared sensor and completeness QA
2023-07-12,0.0,0.0,0.0,9.01559756748624,9.56152463555336,2.006818967609352,7.096864011552599,3.9323918720086417,0.0,0.0,0.0,11,27.680805182201553,31.613197054210193,True,0.8756091683715067,2023-07-01,MESA_OPEN_DATA_2026,https://data.mesaaz.gov/d/5zhe-5nig,dataset 5zhe-5nig; retrieved 2026-08-22,study-derived after declared sensor and completeness QA
2023-07-13,0.0,0.0,0.0,9.02663860904083,9.465133217308257,0.5294930443105512,7.159754472444917,5.2916834851106005,0.0,0.0,0.0,11,26.181019343104555,31.472702828215155,True,0.831864345620592,2023-07-01,MESA_OPEN_DATA_2026,https://data.mesaaz.gov/d/5zhe-5nig,dataset 5zhe-5nig; retrieved 2026-08-22,study-derived after declared sensor and completeness QA
2023-07-14,0.0,0.0,0.0,9.095277750382753,9.47747510378478,0.9558586042002646,7.1315983272346,5.728723744551341,0.0,0.0,0.0,11,26.660209785602397,32.388933530153736,True,0.8231271264545355,2023-07-01,MESA_OPEN_DATA_2026,https://data.mesaaz.gov/d/5zhe-5nig,dataset 5zhe-5nig; retrieved 2026-08-22,study-derived after declared sensor and completeness QA
2023-07-15,0.0,0.0,0.0,9.188220169467192,9.534088592208285,1.1974978924048048,7.053593230678574,4.7274847229321795,0.0,0.0,0.0,11,26.973399884758855,31.700884607691034,True,0.8508721513157639,2023-07-01,MESA_OPEN_DATA_2026,https://data.mesaaz.gov/d/5zhe-5nig,dataset 5zhe-5nig; retrieved 2026-08-22,study-derived after declared sensor and completeness QA
2023-07-16,0.0,0.0,0.0,10.205224765686909,9.475109321178389,0.3833678192935839,7.126436112915721,5.590788622697194,0.0,0.0,0.0,11,27.190138019074602,32.7809266417718,True,0.8294499516809566,2023-07-01,MESA_OPEN_DATA_2026,https://data.mesaaz.gov/d/5zhe-5nig,dataset 5zhe-5nig; retrieved 2026-08-22,study-derived after declared sensor and completeness QA
2023-07-17,0.0,0.0,0.0,9.7178438472427,9.611319793632104,0.3721545065721769,7.165258940215894,5.619905451933543,0.0,0.0,0.0,11,26.866577087662876,32.486482539596416,True,0.8270078810445646,2023-07-01,MESA_OPEN_DATA_2026,https://data.mesaaz.gov/d/5zhe-5nig,dataset 5zhe-5nig; retrieved 2026-08-22,study-derived after declared sensor and completeness QA
2023-07-18,0.0,0.0,0.0,10.110155799735526,9.800678329736414,0.3796911103853218,7.384636555744334,5.748932480812073,0.0,0.0,0.0,11,27.675161795601596,33.42409427641367,True,0.8280003510859855,2023-07-01,MESA_OPEN_DATA_2026,https://data.mesaaz.gov/d/5zhe-5nig,dataset 5zhe-5nig; retrieved 2026-08-22,study-derived after declared sensor and completeness QA
2023-07-19,0.0,0.0,0.0,9.986901250763072,9.673324199772146,0.9792712815422512,7.177199860413869,5.496888081232707,0.0,0.0,0.0276888897435532,11,27.816696592491336,33.341273563467595,True,0.8343021612398874,2023-07-01,MESA_OPEN_DATA_2026,https://data.mesaaz.gov/d/5zhe-5nig,dataset 5zhe-5nig; retrieved 2026-08-22,study-derived after declared sensor and completeness QA
2023-07-20,0.0,0.0,0.0,9.064376719029116,9.531641570848617,0.6424273888045877,7.230810853654598,5.399227261543274,0.0,0.0,0.000311111120714,11,26.46925653233692,31.868794905000907,True,0.830569734790421,2023-07-01,MESA_OPEN_DATA_2026,https://data.mesaaz.gov/d/5zhe-5nig,dataset 5zhe-5nig; retrieved 2026-08-22,study-derived after declared sensor and completeness QA
2023-07-21,0.0,0.0,0.0,9.150944628073791,9.496047257048838,0.3734446927612903,7.245727592044407,5.699431637922923,0.0,0.0,0.0,11,26.266164169928327,31.96559580785125,True,0.8217010666035184,2023-07-01,MESA_OPEN_DATA_2026,https://data.mesaaz.gov/d/5zhe-5nig,dataset 5zhe-5nig; retrieved 2026-08-22,study-derived after declared sensor and completeness QA
2023-07-22,0.0,0.0,0.0,9.127611435821487,9.831562632447357,0.3448133822893698,7.227369929453497,5.752072890599568,0.0,0.0,0.0860333308577537,11,26.531357380011713,32.369463601469036,True,0.819641551885575,2023-07-01,MESA_OPEN_DATA_2026,https://data.mesaaz.gov/d/5zhe-5nig,dataset 5zhe-5nig; retrieved 2026-08-22,study-derived after declared sensor and completeness QA
2023-07-23,0.0,0.0,0.0,9.01499280462781,9.454157380340492,0.5491464996666918,7.128033961521255,5.817923545837402,0.0,0.0,0.0009666666388511,11,26.146330646156244,31.9652208586325,True,0.8179618330118682,2023-07-01,MESA_OPEN_DATA_2026,https://data.mesaaz.gov/d/5zhe-5nig,dataset 5zhe-5nig; retrieved 2026-08-22,study-derived after declared sensor and completeness QA
2023-07-24,0.0,0.0,0.0,10.269344827929263,9.61510891502614,0.438513084961753,7.234764570660062,5.7758733828862505,0.0,0.0,0.0,11,27.557731398577214,33.333604781463464,True,0.8267252095669484,2023-07-01,MESA_OPEN_DATA_2026,https://data.mesaaz.gov/d/5zhe-5nig,dataset 5zhe-5nig; retrieved 2026-08-22,study-derived after declared sensor and completeness QA
2023-07-25,0.0,0.0,0.0,9.105532903459604,9.781566574048863,0.3968004338832097,7.463347852892346,5.8834922313690186,0.0,0.0,0.0,11,26.747247764284026,32.630739995653045,True,0.8196947960066858,2023-07-01,MESA_OPEN_DATA_2026,https://data.mesaaz.gov/d/5zhe-5nig,dataset 5zhe-5nig; retrieved 2026-08-22,study-derived after declared sensor and completeness QA
2023-07-26,0.0,0.0,0.0,9.108818742893874,9.6544773681439,0.5138110005331837,7.207364531982591,5.970465242862701,0.0,0.0,0.0,11,26.48447164355355,32.45493688641625,True,0.8160383037022146,2023-07-01,MESA_OPEN_DATA_2026,https://data.mesaaz.gov/d/5zhe-5nig,dataset 5zhe-5nig; retrieved 2026-08-22,study-derived after declared sensor and completeness QA
2023-07-27,0.0,0.0,0.0,9.133714757914897,9.578418831168694,0.3601176443220186,7.163785524169604,5.986369947592418,0.0,0.0,0.0,11,26.236036757575214,32.22240670516763,True,0.8142171687432534,2023-07-01,MESA_OPEN_DATA_2026,https://data.mesaaz.gov/d/5zhe-5nig,dataset 5zhe-5nig; retrieved 2026-08-22,study-derived after declared sensor and completeness QA
2023-07-28,0.0,0.0,0.0,9.19218558935468,9.518925893306731,0.3899494283780288,7.1972950961854725,5.847199221452077,0.0,0.0,0.02371666687282,11,26.29835600722491,32.16927189554981,True,0.8174992611773391,2023-07-01,MESA_OPEN_DATA_2026,https://data.mesaaz.gov/d/5zhe-5nig,dataset 5zhe-5nig; retrieved 2026-08-22,study-derived after declared sensor and completeness QA
2023-07-29,0.0,0.0,0.0,8.930535852234742,9.922305166141047,0.4764246532404926,7.395932036969397,6.137044847011566,0.0,0.0,0.0002833333357961,11,26.725197708585682,32.86252588893304,True,0.8132423478009583,2023-07-01,MESA_OPEN_DATA_2026,https://data.mesaaz.gov/d/5zhe-5nig,dataset 5zhe-5nig; retrieved 2026-08-22,study-derived after declared sensor and completeness QA
2023-07-30,0.0,0.0,0.0,9.119251350976992,9.672877345482508,0.4068945123592677,7.227544423937798,6.1051526467005415,0.0,0.0,0.0,11,26.426567632756566,32.531720279457105,True,0.8123323146069291,2023-07-01,MESA_OPEN_DATA_2026,https://data.mesaaz.gov/d/5zhe-5nig,dataset 5zhe-5nig; retrieved 2026-08-22,study-derived after declared sensor and completeness QA
2023-07-31,0.0,0.0,0.0,10.373822038525251,9.94384564914464,0.43288921551208165,7.604034535365651,5.82100472035726,0.0,0.0,0.00839965323426035,11,28.354591438547622,34.183995812139145,True,0.8294697786172373,2023-07-01,MESA_OPEN_DATA_2026,https://data.mesaaz.gov/d/5zhe-5nig,dataset 5zhe-5nig; retrieved 2026-08-22,study-derived after declared sensor and completeness QA
2023-08-02,0.0,0.0,0.0,11.027215418706223,9.907495173480775,0.9882130155048758,7.61606315343723,5.442200576872738,0.0,0.0,0.0002006944553512,11,29.538986761129102,34.98138803245719,True,0.8444200880114191,2023-08-01,MESA_OPEN_DATA_2026,https://data.mesaaz.gov/d/5zhe-5nig,dataset 5zhe-5nig; retrieved 2026-08-22,study-derived after declared sensor and completeness QA
2023-08-03,0.0,0.0,1.514784696035915,9.19745352730155,9.573111145067417,1.2951124623187316,7.722742781861115,4.8922506876565794,0.0,0.0,0.0,11,29.303204612584725,34.195455300241306,True,0.8569327226468584,2023-08-01,MESA_OPEN_DATA_2026,https://data.mesaaz.gov/d/5zhe-5nig,dataset 5zhe-5nig; retrieved 2026-08-22,study-derived after declared sensor and completeness QA
2023-08-04,0.0,0.0,4.335999870300293,9.283849278102045,9.549424107869466,0.636397491596388,7.902354993753963,5.703099230925242,0.0,0.0,0.0,11,31.708025741622155,37.4111249725474,True,0.8475560615963774,2023-08-01,MESA_OPEN_DATA_2026,https://data.mesaaz.gov/d/5zhe-5nig,dataset 5zhe-5nig; retrieved 2026-08-22,study-derived after declared sensor and completeness QA
2023-08-05,0.0,0.0,5.699812415904469,9.40475636575026,9.388441079830026,0.4099300767783518,7.846231691352504,5.652716835339864,0.0,0.0,0.0,11,32.7491716296156,38.40188846495547,True,0.852801071475993,2023-08-01,MESA_OPEN_DATA_2026,https://data.mesaaz.gov/d/5zhe-5nig,dataset 5zhe-5nig; retrieved 2026-08-22,study-derived after declared sensor and completeness QA
2023-08-06,0.0,0.0,2.9662500500679014,9.626035702278216,9.169212918811374,0.5348899821174161,7.632369921604792,5.519669890403748,0.0,0.0,0.0,11,29.928758574879698,35.44842846528344,True,0.8442901383961364,2023-08-01,MESA_OPEN_DATA_2026,https://data.mesaaz.gov/d/5zhe-5nig,dataset 5zhe-5nig; retrieved 2026-08-22,study-derived after declared sensor and completeness QA
2023-08-07,0.0,0.0,0.0,10.359994845338434,9.307104422648749,0.4869733118985811,7.9101998872227135,5.465185821056366,0.0,0.0,0.0,11,28.064272467108477,33.52945828816485,True,0.83700345606283,2023-08-01,MESA_OPEN_DATA_2026,https://data.mesaaz.gov/d/5zhe-5nig,dataset 5zhe-5nig; retrieved 2026-08-22,study-derived after declared sensor and completeness QA
2023-08-08,0.0,0.0,2.949187539683448,10.082944468254292,9.51707110318753,0.5039158369265655,8.270106645096513,5.663146555423737,0.0,0.0,0.0,11,31.32322559314835,36.98637214857209,True,0.8468855898417068,2023-08-01,MESA_OPEN_DATA_2026,https://data.mesaaz.gov/d/5zhe-5nig,dataset 5zhe-5nig; retrieved 2026-08-22,study-derived after declared sensor and completeness QA
2023-08-09,0.0,0.0,2.917687539259593,9.867625015447931,9.515294087595407,0.4612839076902483,8.277999877929688,5.7868220408757525,0.0,0.0,0.0,11,31.039890427922867,36.82671246879862,True,0.8428634636942239,2023-08-01,MESA_OPEN_DATA_2026,https://data.mesaaz.gov/d/5zhe-5nig,dataset 5zhe-5nig; retrieved 2026-08-22,study-derived after declared sensor and completeness QA
2023-08-10,0.0,0.0,0.0,11.051178334649626,8.955944488903135,0.5927103621088412,8.277999877929688,5.76739098628362,0.0,0.0,0.0,11,28.877833063591293,34.64522404987491,True,0.8335299844509321,2023-08-01,MESA_OPEN_DATA_2026,https://data.mesaaz.gov/d/5zhe-5nig,dataset 5zhe-5nig; retrieved 2026-08-22,study-derived after declared sensor and completeness QA
2023-08-11,0.0,0.0,0.0,9.218914132907434,9.026960112289196,0.5030928243438906,19.23182862727819,5.710680504639943,0.0,0.0,0.0,11,37.98079569681872,43.69147620145866,True,0.869295317962974,2023-08-01,MESA_OPEN_DATA_2026,https://data.mesaaz.gov/d/5zhe-5nig,dataset 5zhe-5nig; retrieved 2026-08-22,study-derived after declared sensor and completeness QA
2023-08-12,0.0,0.0,0.0,10.40518307580992,9.024196806313103,0.4230612671711075,8.486409190637488,5.363563398520152,0.0,0.0,0.0,11,28.338850339931618,33.70241373845177,True,0.8408552146993332,2023-08-01,MESA_OPEN_DATA_2026,https://data.mesaaz.gov/d/5zhe-5nig,dataset 5zhe-5nig; retrieved 2026-08-22,study-derived after declared sensor and completeness QA
2023-08-13,0.0,0.0,0.0,9.001952722844306,9.03850931318811,0.2378467515132016,8.160832803670488,5.431233088175456,0.0,0.0,0.0,11,26.439141591216107,31.870374679391563,True,0.8295836449112263,2023-08-01,MESA_OPEN_DATA_2026,https://data.mesaaz.gov/d/5zhe-5nig,dataset 5zhe-5nig; retrieved 2026-08-22,study-derived after declared sensor and completeness QA
2023-08-14,0.0,0.0,0.0,11.391845462924111,9.172483316703095,0.2089957965101634,8.336100922267084,5.210058907667796,0.0,0.0,0.0,11,29.109425498404455,34.31948440607225,True,0.8481894760998809,2023-08-01,MESA_OPEN_DATA_2026,https://data.mesaaz.gov/d/5zhe-5nig,dataset 5zhe-5nig; retrieved 2026-08-22,study-derived after declared sensor and completeness QA
2023-08-15,0.0,0.0,0.0,9.19724480583341,9.33560940802514,0.1880780653988761,8.582657695396481,5.561353087425232,0.0,0.0,0.0,11,27.303589974653907,32.864943062079135,True,0.8307815998062039,2023-08-01,MESA_OPEN_DATA_2026,https://data.mesaaz.gov/d/5zhe-5nig,dataset 5zhe-5nig; retrieved 2026-08-22,study-derived after declared sensor and completeness QA
2023-08-16,0.0,0.0,0.0,10.345811848094066,9.170792667137809,0.2069249693382672,8.173152776813772,5.711675147215526,0.0,0.0,0.0,11,27.896682261383916,33.60835740859944,True,0.8300519398263104,2023-08-01,MESA_OPEN_DATA_2026,https://data.mesaaz.gov/d/5zhe-5nig,dataset 5zhe-5nig; retrieved 2026-08-22,study-derived after declared sensor and completeness QA
2023-08-17,0.0,0.0,0.0,13.438379429906254,8.997646164894103,0.1909137670784898,8.13268884950214,5.701369007428487,0.0,0.0,0.0,11,30.759628211380985,36.460997218809474,True,0.8436310182847311,2023-08-01,MESA_OPEN_DATA_2026,https://data.mesaaz.gov/d/5zhe-5nig,dataset 5zhe-5nig; retrieved 2026-08-22,study-derived after declared sensor and completeness QA
2023-08-18,0.0,0.0,0.0,9.518748191125969,9.085833772023518,0.1919002823657199,8.140806047783958,5.612156569957733,0.0,0.0,0.0,11,26.93728829329916,32.549444863256895,True,0.827580574921173,2023-08-01,MESA_OPEN_DATA_2026,https://data.mesaaz.gov/d/5zhe-5nig,dataset 5zhe-5nig; retrieved 2026-08-22,study-derived after declared sensor and completeness QA
2023-08-19,0.0,0.0,0.0,9.431747035178253,8.953576138354475,0.190099437593245,8.03434612022506,5.642427901426951,0.0,0.0,0.0,11,26.60976873135103,32.25219663277798,True,0.8250529114134031,2023-08-01,MESA_OPEN_DATA_2026,https://data.mesaaz.gov/d/5zhe-5nig,dataset 5zhe-5nig; retrieved 2026-08-22,study-derived after declared sensor and completeness QA
2023-08-20,0.0,0.0,0.0,9.67080688731538,9.021552257405387,0.1814626705058863,7.845114732467938,5.590504030386607,0.0,0.0,0.0,11,26.718936547694593,32.3094405780812,True,0.826969952733282,2023-08-01,MESA_OPEN_DATA_2026,https://data.mesaaz.gov/d/5zhe-5nig,dataset 5zhe-5nig; retrieved 2026-08-22,study-derived after declared sensor and completeness QA
2023-08-21,0.0,0.0,0.0,11.294738404126148,9.496072308884727,0.1705484564698646,7.931019532018237,5.633590519428253,0.0,0.0,0.0,11,28.892378701498977,34.52596922092723,True,0.8368303440410425,2023-08-01,MESA_OPEN_DATA_2026,https://data.mesaaz.gov/d/5zhe-5nig,dataset 5zhe-5nig; retrieved 2026-08-22,study-derived after declared sensor and completeness QA
2023-08-22,0.0,0.0,0.0,9.722966822160092,9.966638728872626,0.1804321021621433,8.088574714011164,5.650112410386403,0.0,0.0,0.0,11,27.95861236720603,33.608724777592435,True,0.8318855461557577,2023-08-01,MESA_OPEN_DATA_2026,https://data.mesaaz.gov/d/5zhe-5nig,dataset 5zhe-5nig; retrieved 2026-08-22,study-derived after declared sensor and completeness QA
2023-08-23,0.0,0.0,0.0,10.22542911209442,9.576694460671204,0.1781540110853989,7.939358206590017,6.044356485207875,0.0,0.0,0.0,11,27.919635790441042,33.96399227564892,True,0.8220363367135293,2023-08-01,MESA_OPEN_DATA_2026,https://data.mesaaz.gov/d/5zhe-5nig,dataset 5zhe-5nig; retrieved 2026-08-22,study-derived after declared sensor and completeness QA
2023-08-24,0.0,0.0,0.0,9.098111458181592,9.3666530759431,0.1741985967942884,8.051457857074963,5.7097593148549395,0.0,0.0,0.0,11,26.69042098799394,32.40018030284888,True,0.8237738413340591,2023-08-01,MESA_OPEN_DATA_2026,https://data.mesaaz.gov/d/5zhe-5nig,dataset 5zhe-5nig; retrieved 2026-08-22,study-derived after declared sensor and completeness QA
2023-08-25,0.0,0.0,0.0,9.07737566827624,9.14594476249631,0.1882374607400143,8.054978753726791,5.684565484523773,0.0,0.0,0.0,11,26.46653664523936,32.15110212976313,True,0.8231922046845971,2023-08-01,MESA_OPEN_DATA_2026,https://data.mesaaz.gov/d/5zhe-5nig,dataset 5zhe-5nig; retrieved 2026-08-22,study-derived after declared sensor and completeness QA
2023-08-26,0.0,0.0,0.0,9.03326321825523,9.132228440708584,0.1956391192046599,7.95911097841349,5.605531275272369,0.0,0.0,0.0,11,26.320241756581964,31.925773031854334,True,0.8244198732579041,2023-08-01,MESA_OPEN_DATA_2026,https://data.mesaaz.gov/d/5zhe-5nig,dataset 5zhe-5nig; retrieved 2026-08-22,study-derived after declared sensor and completeness QA
2023-08-27,0.0,0.0,0.0,9.015419907737826,9.069124853826532,0.1855500020086765,7.830777145756615,5.619884332021077,0.0,0.0,0.0,11,26.100871909329648,31.720756241350724,True,0.8228325866741135,2023-08-01,MESA_OPEN_DATA_2026,https://data.mesaaz.gov/d/5zhe-5nig,dataset 5zhe-5nig; retrieved 2026-08-22,study-derived after declared sensor and completeness QA
2023-08-28,0.0,0.0,0.0,9.024080747060143,9.154058028660163,0.1869028231417629,8.301573585022481,5.665864447752635,0.0,0.0,0.0,11,26.666615183884552,32.332479631637185,True,0.824762452113057,2023-08-01,MESA_OPEN_DATA_2026,https://data.mesaaz.gov/d/5zhe-5nig,dataset 5zhe-5nig; retrieved 2026-08-22,study-derived after declared sensor and completeness QA
2023-08-29,0.0,0.0,0.0,9.088139177602825,9.394970701800451,0.1936396390451867,8.675991687509748,5.778817236423492,0.0,0.0,0.0,11,27.35274120595821,33.1315584423817,True,0.8255796736373481,2023-08-01,MESA_OPEN_DATA_2026,https://data.mesaaz.gov/d/5zhe-5nig,dataset 5zhe-5nig; retrieved 2026-08-22,study-derived after declared sensor and completeness QA
2023-08-30,0.0,0.0,0.0,8.998761689557966,9.559712090094884,0.1883110737385736,8.070498073763318,5.772692879041036,0.0,0.0,0.0,11,26.817282927154743,32.58997580619578,True,0.8228690652190183,2023-08-01,MESA_OPEN_DATA_2026,https://data.mesaaz.gov/d/5zhe-5nig,dataset 5zhe-5nig; retrieved 2026-08-22,study-derived after declared sensor and completeness QA
2023-08-31,0.0,0.0,0.0,9.209089948466698,9.684144974398219,0.5046504383763142,7.668461040485752,5.490061675729574,0.0,0.0,0.0,11,27.06634640172698,32.55640807745655,True,0.8313677091567382,2023-08-01,MESA_OPEN_DATA_2026,https://data.mesaaz.gov/d/5zhe-5nig,dataset 5zhe-5nig; retrieved 2026-08-22,study-derived after declared sensor and completeness QA
2023-09-02,0.0,0.0,0.0,9.062886423573447,9.538850331339615,0.9515295504264428,7.81329818099965,5.446561912695567,0.0,0.0,0.0,11,27.366564486339154,32.81312639903472,True,0.834012710448225,2023-09-01,MESA_OPEN_DATA_2026,https://data.mesaaz.gov/d/5zhe-5nig,dataset 5zhe-5nig; retrieved 2026-08-22,study-derived after declared sensor and completeness QA
2023-09-03,0.0,0.0,0.0,8.934213394856952,9.602604301282147,1.038558723459711,7.7944522301356,5.672359565893809,0.0,0.0,0.0,11,27.369828649734412,33.04218821562822,True,0.8283297846717395,2023-09-01,MESA_OPEN_DATA_2026,https://data.mesaaz.gov/d/5zhe-5nig,dataset 5zhe-5nig; retrieved 2026-08-22,study-derived after declared sensor and completeness QA
2023-09-04,0.0,0.0,0.0,9.07900457193425,9.446596069920362,0.9556768558151544,7.929999392676819,5.501443843046824,0.0,0.0,0.0,11,27.41127689034659,32.912720733393414,True,0.8328474911688163,2023-09-01,MESA_OPEN_DATA_2026,https://data.mesaaz.gov/d/5zhe-5nig,dataset 5zhe-5nig; retrieved 2026-08-22,study-derived after declared sensor and completeness QA
2023-09-05,0.0,0.0,0.0,8.998694661000476,9.270989220009907,1.2327959558405348,7.741219435135523,5.416145980358124,0.0,0.0,0.0,11,27.24369927198644,32.65984525234457,True,0.834164983376052,2023-09-01,MESA_OPEN_DATA_2026,https://data.mesaaz.gov/d/5zhe-5nig,dataset 5zhe-5nig; retrieved 2026-08-22,study-derived after declared sensor and completeness QA
2023-09-06,0.0,0.0,0.0,8.99951063907557,9.813591541439251,1.0549059010293895,8.283957146372208,5.708385229110718,0.0,0.0,0.0,11,28.15196522791642,33.86035045702714,True,0.8314138763461605,2023-09-01,MESA_OPEN_DATA_2026,https://data.mesaaz.gov/d/5zhe-5nig,dataset 5zhe-5nig; retrieved 2026-08-22,study-derived after declared sensor and completeness QA
2023-09-07,0.0,0.0,0.0,8.961533105357256,9.666893955710885,1.2292999625205994,7.705002681745423,5.669029982167261,0.0,0.0,0.0,11,27.562729705334164,33.23175968750142,True,0.82940927487811,2023-09-01,MESA_OPEN_DATA_2026,https://data.mesaaz.gov/d/5zhe-5nig,dataset 5zhe-5nig; retrieved 2026-08-22,study-derived after declared sensor and completeness QA
2023-09-08,0.0,0.0,0.0,9.062328683376718,9.697677911682565,1.0188932275671638,7.594161790783934,5.59244841337204,0.0,0.0,0.0,11,27.37306161341038,32.96551002678242,True,0.8303545612117476,2023-09-01,MESA_OPEN_DATA_2026,https://data.mesaaz.gov/d/5zhe-5nig,dataset 5zhe-5nig; retrieved 2026-08-22,study-derived after declared sensor and completeness QA
2023-09-09,0.0,0.0,0.0,9.030000261684611,9.585015606880187,0.8314573066909107,7.584178009656173,5.3645086487134295,0.0,0.0,0.0,11,27.030651184911882,32.395159833625314,True,0.834404007380596,2023-09-01,MESA_OPEN_DATA_2026,https://data.mesaaz.gov/d/5zhe-5nig,dataset 5zhe-5nig; retrieved 2026-08-22,study-derived after declared sensor and completeness QA
2023-09-10,0.0,0.0,0.0,9.067606524876709,9.469923722710782,0.4960167471673236,7.423530632588599,5.629748562971751,0.0,0.0,0.0,11,26.457077627343413,32.086826190315165,True,0.8245464188455326,2023-09-01,MESA_OPEN_DATA_2026,https://data.mesaaz.gov/d/5zhe-5nig,dataset 5zhe-5nig; retrieved 2026-08-22,study-derived after declared sensor and completeness QA
2023-09-11,0.0,0.0,0.0,9.04561967540056,9.732607958714167,0.5935290175499303,7.703555594550239,5.57835453748703,0.0,0.0,0.0,11,27.075312246214896,32.65366678370192,True,0.8291660604477261,2023-09-01,MESA_OPEN_DATA_2026,https://data.mesaaz.gov/d/5zhe-5nig,dataset 5zhe-5nig; retrieved 2026-08-22,study-derived after declared sensor and completeness QA
2023-09-12,0.0,0.0,0.0,8.998839089415423,10.011492944725363,0.5251433840998403,8.104031907666542,5.674980382124583,0.0,0.0,0.0,11,27.63950732590717,33.314487708031756,True,0.8296542803881565,2023-09-01,MESA_OPEN_DATA_2026,https://data.mesaaz.gov/d/5zhe-5nig,dataset 5zhe-5nig; retrieved 2026-08-22,study-derived after declared sensor and completeness QA
2023-09-13,0.0,0.0,0.0,8.998719357431357,9.86065602203072,0.5912011537370803,7.7372782518867,5.648900489012401,0.0,0.0,0.0,11,27.187854785085857,32.83675527409826,True,0.8279701985820666,2023-09-01,MESA_OPEN_DATA_2026,https://data.mesaaz.gov/d/5zhe-5nig,dataset 5zhe-5nig; retrieved 2026-08-22,study-derived after declared sensor and completeness QA
2023-09-14,0.0,0.0,0.0,9.107044112632169,9.704316047037096,0.4728037901694261,7.655667636691074,5.618246917261017,0.0,0.0,0.0,11,26.939831586529763,32.55807850379078,True,0.827439235500127,2023-09-01,MESA_OPEN_DATA_2026,https://data.mesaaz.gov/d/5zhe-5nig,dataset 5zhe-5nig; retrieved 2026-08-22,study-derived after declared sensor and completeness QA
2023-09-15,0.0,0.0,0.0,9.588690049206768,10.243781203852244,0.4944685233014447,7.911155372195774,5.651798625787099,0.0,0.0,0.0444375017657876,11,28.238095148556233,33.93433127610912,True,0.8321394318572229,2023-09-01,MESA_OPEN_DATA_2026,https://data.mesaaz.gov/d/5zhe-5nig,dataset 5zhe-5nig; retrieved 2026-08-22,study-derived after declared sensor and completeness QA
2023-09-16,0.0,0.0,0.0,9.07507058184456,9.82833351578268,0.4116743742918768,7.899400160047743,5.238171021143596,0.0,0.0,0.0005625000223517,11,27.21447863196686,32.45321215313281,True,0.838575808876896,2023-09-01,MESA_OPEN_DATA_2026,https://data.mesaaz.gov/d/5zhe-5nig,dataset 5zhe-5nig; retrieved 2026-08-22,study-derived after declared sensor and completeness QA
2023-09-17,0.0,0.0,0.0,9.032936416858876,9.400549750666292,0.5149447856729497,8.025131225585938,5.469977835814158,0.0,0.0,0.0,11,26.973562178784054,32.44354001459821,True,0.8314000927965043,2023-09-01,MESA_OPEN_DATA_2026,https://data.mesaaz.gov/d/5zhe-5nig,dataset 5zhe-5nig; retrieved 2026-08-22,study-derived after declared sensor and completeness QA
2023-09-18,0.0,0.0,0.0,9.181441774845675,9.538623283306755,0.4480554844053943,8.343822055392796,5.1938870549201965,0.0,0.0,0.0,11,27.51194259795062,32.70582965287082,True,0.8411938449491589,2023-09-01,MESA_OPEN_DATA_2026,https://data.mesaaz.gov/d/5zhe-5nig,dataset 5zhe-5nig; retrieved 2026-08-22,study-derived after declared sensor and completeness QA
2023-09-19,0.0,0.0,0.0,9.060544557144167,9.686957249223603,0.5511908277239598,8.630640106121644,5.336373527844747,0.0,0.0,0.0,11,27.929332740213376,33.265706268058125,True,0.8395833389243638,2023-09-01,MESA_OPEN_DATA_2026,https://data.mesaaz.gov/d/5zhe-5nig,dataset 5zhe-5nig; retrieved 2026-08-22,study-derived after declared sensor and completeness QA
2023-09-20,0.0,0.0,0.0,9.11934394500768,9.396426685662195,0.4355895525351566,8.339755736456977,5.232180913289388,0.0,0.0,0.0,11,27.291115919662012,32.5232968329514,True,0.8391251372773396,2023-09-01,MESA_OPEN_DATA_2026,https://data.mesaaz.gov/d/5zhe-5nig,dataset 5zhe-5nig; retrieved 2026-08-22,study-derived after declared sensor and completeness QA
2023-09-21,0.0,0.0,0.0,9.00231964369228,9.272981290684806,0.4593479442798771,8.04651107788086,5.0958441870080105,0.0,0.0,0.0,11,26.78115995653782,31.877004143545832,True,0.8401404296319429,2023-09-01,MESA_OPEN_DATA_2026,https://data.mesaaz.gov/d/5zhe-5nig,dataset 5zhe-5nig; retrieved 2026-08-22,study-derived after declared sensor and completeness QA
2023-09-22,0.0,0.0,0.0,8.982283278348529,9.275761498197893,0.3908811134475094,8.091822624206543,5.12184723218282,0.0,0.0,0.0,11,26.740748514200472,31.862595746383292,True,0.8392520410781599,2023-09-01,MESA_OPEN_DATA_2026,https://data.mesaaz.gov/d/5zhe-5nig,dataset 5zhe-5nig; retrieved 2026-08-22,study-derived after declared sensor and completeness QA
2023-09-23,0.0,0.0,0.0,8.90927164417864,9.583179034789405,0.4894400606580782,7.6833109113905165,5.1696345408757525,0.0,0.0,0.0,11,26.66520165101664,31.834836191892393,True,0.8376107698587015,2023-09-01,MESA_OPEN_DATA_2026,https://data.mesaaz.gov/d/5zhe-5nig,dataset 5zhe-5nig; retrieved 2026-08-22,study-derived after declared sensor and completeness QA
2023-09-24,0.0,0.0,0.0,9.061680261464444,9.422065717620212,0.4096008417110483,7.598711225721571,5.507498900095622,0.0,0.0,0.0,11,26.492058046517272,31.999556946612895,True,0.8278882764131963,2023-09-01,MESA_OPEN_DATA_2026,https://data.mesaaz.gov/d/5zhe-5nig,dataset 5zhe-5nig; retrieved 2026-08-22,study-derived after declared sensor and completeness QA
2023-09-25,0.0,0.0,0.0,9.11050594590903,9.646855804618443,0.4154492324725193,7.865889104207357,5.237660149733226,0.0,0.0,0.0,11,27.038700087207346,32.27636023694057,True,0.8377245726815666,2023-09-01,MESA_OPEN_DATA_2026,https://data.mesaaz.gov/d/5zhe-5nig,dataset 5zhe-5nig; retrieved 2026-08-22,study-derived after declared sensor and completeness QA
2023-09-26,0.0,0.0,0.0,9.156834521751724,9.93125449632902,0.7028786978449236,8.117422368791368,5.3394376039505005,0.0,0.0,0.0,11,27.908390084717034,33.247827688667535,True,0.839404918301762,2023-09-01,MESA_OPEN_DATA_2026,https://data.mesaaz.gov/d/5zhe-5nig,dataset 5zhe-5nig; retrieved 2026-08-22,study-derived after declared sensor and completeness QA
2023-09-27,0.0,0.0,0.0,6.997454512393355,9.629036988507089,0.8376821859155671,7.889325736957008,4.965426921844482,0.0,0.0,0.0,11,25.35349942377302,30.318926345617502,True,0.836226821977744,2023-09-01,MESA_OPEN_DATA_2026,https://data.mesaaz.gov/d/5zhe-5nig,dataset 5zhe-5nig; retrieved 2026-08-22,study-derived after declared sensor and completeness QA
2023-09-28,0.0,0.0,0.0,6.984324399045853,10.724037745926116,0.5040148430961674,7.637603857850267,5.384747771587636,0.0,0.0,0.0,11,25.849980845918406,31.234728617506043,True,0.8276038240149888,2023-09-01,MESA_OPEN_DATA_2026,https://data.mesaaz.gov/d/5zhe-5nig,dataset 5zhe-5nig; retrieved 2026-08-22,study-derived after declared sensor and completeness QA
2023-09-29,0.0,0.0,0.0,6.988296145207326,11.357950889582082,0.5513389196605363,7.689684304958437,5.415126204490662,0.0,0.0,0.0,11,26.58727025940838,32.002396463899046,True,0.8307899781630632,2023-09-01,MESA_OPEN_DATA_2026,https://data.mesaaz.gov/d/5zhe-5nig,dataset 5zhe-5nig; retrieved 2026-08-22,study-derived after declared sensor and completeness QA
2023-09-30,0.0,0.0,0.0,6.968224739664821,11.245802856935008,0.6746794381701691,7.812688857043133,5.258210559686026,0.0,0.0,0.0,11,26.701395891813128,31.959606451499155,True,0.8354732381431006,2023-09-01,MESA_OPEN_DATA_2026,https://data.mesaaz.gov/d/5zhe-5nig,dataset 5zhe-5nig; retrieved 2026-08-22,study-derived after declared sensor and completeness QA
2023-10-02,0.0,0.0,0.0,7.107318595236758,11.505702983670764,0.4331115715121482,7.953710895114475,5.374677280584971,0.0,0.0,0.0,11,26.999844045534147,32.374521326119115,True,0.833984347553927,2023-10-01,MESA_OPEN_DATA_2026,https://data.mesaaz.gov/d/5zhe-5nig,dataset 5zhe-5nig; retrieved 2026-08-22,study-derived after declared sensor and completeness QA
2023-10-03,0.0,0.0,0.0,6.995367670087556,11.816451071368324,0.4583534068156234,8.28162178463406,5.474668224652608,0.0,0.0,0.0,11,27.55179393290556,33.02646215755817,True,0.8342338880097177,2023-10-01,MESA_OPEN_DATA_2026,https://data.mesaaz.gov/d/5zhe-5nig,dataset 5zhe-5nig; retrieved 2026-08-22,study-derived after declared sensor and completeness QA
2023-10-04,0.0,0.0,0.0,7.138300659045754,13.256498750537885,0.4249405673333815,6.355933125813802,5.2576890389124555,0.0,0.0,0.0,11,27.175673102730823,32.43336214164328,True,0.8378925682773488,2023-10-01,MESA_OPEN_DATA_2026,https://data.mesaaz.gov/d/5zhe-5nig,dataset 5zhe-5nig; retrieved 2026-08-22,study-derived after declared sensor and completeness QA
2023-10-05,0.0,0.0,0.0,6.995466906972363,13.564889627578864,0.3974240490152866,5.902317700243559,5.067492275215962,0.0,0.0,0.0,11,26.860098283810075,31.927590559026036,True,0.8412817194630628,2023-10-01,MESA_OPEN_DATA_2026,https://data.mesaaz.gov/d/5zhe-5nig,dataset 5zhe-5nig; retrieved 2026-08-22,study-derived after declared sensor and completeness QA
2023-10-06,0.0,0.0,0.0,8.976972848179715,13.713100410170023,0.4282691838061294,5.935044320424398,5.102727135022481,0.0,0.0,0.0,11,29.053386762580267,34.15611389760275,True,0.8506057465928342,2023-10-01,MESA_OPEN_DATA_2026,https://data.mesaaz.gov/d/5zhe-5nig,dataset 5zhe-5nig; retrieved 2026-08-22,study-derived after declared sensor and completeness QA
2023-10-07,0.0,0.0,0.0,9.045635181768429,12.179206264019012,1.58253871466912,5.859733136494954,4.292646547158559,0.0,0.0,0.0,11,28.667113296951513,32.959759844110074,True,0.8697609883245051,2023-10-01,MESA_OPEN_DATA_2026,https://data.mesaaz.gov/d/5zhe-5nig,dataset 5zhe-5nig; retrieved 2026-08-22,study-derived after declared sensor and completeness QA
2023-10-08,0.0,0.0,0.0,8.970108144190508,11.507743808958264,0.634596191053645,5.767066531711155,5.191099047660828,0.0,0.0,0.0,11,26.879514675913573,32.0706137235744,True,0.8381353380884956,2023-10-01,MESA_OPEN_DATA_2026,https://data.mesaaz.gov/d/5zhe-5nig,dataset 5zhe-5nig; retrieved 2026-08-22,study-derived after declared sensor and completeness QA
2023-10-09,0.0,0.0,0.0,9.092519684408153,11.623154848730996,0.6521094132523049,5.925347847165378,4.967890739440918,0.0,0.0,0.0,11,27.29313179355683,32.26102253299775,True,0.8460095077780136,2023-10-01,MESA_OPEN_DATA_2026,https://data.mesaaz.gov/d/5zhe-5nig,dataset 5zhe-5nig; retrieved 2026-08-22,study-derived after declared sensor and completeness QA
2023-10-10,0.0,0.0,0.0,9.061432810905982,11.697549824582206,0.9061150237771606,5.97984358699393,4.9828387300173445,0.0,0.0,0.0,11,27.64494124625928,32.62777997627662,True,0.8472823240306169,2023-10-01,MESA_OPEN_DATA_2026,https://data.mesaaz.gov/d/5zhe-5nig,dataset 5zhe-5nig; retrieved 2026-08-22,study-derived after declared sensor and completeness QA
2023-10-11,0.0,0.0,0.0,8.997326448421012,11.58119674446191,0.7105909108698785,5.981977607113833,5.06632673740387,0.0,0.0,0.0,11,27.27109171086663,32.3374184482705,True,0.8433292767167433,2023-10-01,MESA_OPEN_DATA_2026,https://data.mesaaz.gov/d/5zhe-5nig,dataset 5zhe-5nig; retrieved 2026-08-22,study-derived after declared sensor and completeness QA
2023-10-12,0.0,0.0,2.4627776874436274,8.939792896670179,11.373180019193226,0.800467724521314,6.150177584754096,4.361915131409963,0.0,0.0,0.0,11,29.726395912582444,34.088311043992405,True,0.8720407377830857,2023-10-01,MESA_OPEN_DATA_2026,https://data.mesaaz.gov/d/5zhe-5nig,dataset 5zhe-5nig; retrieved 2026-08-22,study-derived after declared sensor and completeness QA
2023-10-13,0.0,0.0,4.950569303168191,8.9817624394706,11.306112566644194,0.601187121059935,6.068935932138202,4.57096563066755,0.0,0.0,0.0,11,31.908567362481122,36.47953299314867,True,0.8746978029700644,2023-10-01,MESA_OPEN_DATA_2026,https://data.mesaaz.gov/d/5zhe-5nig,dataset 5zhe-5nig; retrieved 2026-08-22,study-derived after declared sensor and completeness QA
2023-10-14,0.0,0.0,4.054361053970125,9.015963250796,11.357128667831422,1.2654999733221983,5.718911075592041,4.2450968225797014,0.0,0.0,0.0,11,31.41186402151179,35.65696084409149,True,0.8809461961399009,2023-10-01,MESA_OPEN_DATA_2026,https://data.mesaaz.gov/d/5zhe-5nig,dataset 5zhe-5nig; retrieved 2026-08-22,study-derived after declared sensor and completeness QA
2023-10-15,0.0,0.0,4.453916557629904,9.000589678855452,11.302973271740807,0.6965664204183992,5.684600014156765,4.902937114238739,0.0,0.0,0.0,11,31.138645942801325,36.041583057040064,True,0.8639644350116569,2023-10-01,MESA_OPEN_DATA_2026,https://data.mesaaz.gov/d/5zhe-5nig,dataset 5zhe-5nig; retrieved 2026-08-22,study-derived after declared sensor and completeness QA
2023-10-16,0.0,0.0,4.971374898486667,9.251842018888327,11.601417798466152,0.7548839565570847,5.772000164455838,4.980500181516011,0.0,0.0,0.0,11,32.35151883685407,37.33201901837008,True,0.8665890484234126,2023-10-01,MESA_OPEN_DATA_2026,https://data.mesaaz.gov/d/5zhe-5nig,dataset 5zhe-5nig; retrieved 2026-08-22,study-derived after declared sensor and completeness QA
2023-10-17,0.0,0.0,4.973680580655734,9.141921005765044,11.987763600879246,0.7268018556919017,5.9314221700032554,4.927250802516937,0.0,0.0,0.0,11,32.761589212995176,37.68884001551211,True,0.8692649919581245,2023-10-01,MESA_OPEN_DATA_2026,https://data.mesaaz.gov/d/5zhe-5nig,dataset 5zhe-5nig; retrieved 2026-08-22,study-derived after declared sensor and completeness QA
2023-10-18,0.0,0.0,4.933958285384708,9.068307574784765,11.888958452139724,0.6766861202509216,6.193116874747954,4.950804213682811,0.0,0.0,0.0,11,32.76102730730807,37.71183152099088,True,0.8687201333372756,2023-10-01,MESA_OPEN_DATA_2026,https://data.mesaaz.gov/d/5zhe-5nig,dataset 5zhe-5nig; retrieved 2026-08-22,study-derived after declared sensor and completeness QA
2023-10-19,0.0,0.0,4.958860911925634,8.92481834458347,11.711124934090508,0.554459250123983,6.037666585710314,4.9700909268524915,0.0,0.0,0.0,11,32.186930026433906,37.1570209532864,True,0.8662408664811728,2023-10-01,MESA_OPEN_DATA_2026,https://data.mesaaz.gov/d/5zhe-5nig,dataset 5zhe-5nig; retrieved 2026-08-22,study-derived after declared sensor and completeness QA
2023-10-20,0.0,0.0,4.979305336872737,9.008685547363593,11.67698782906247,0.6530957241007622,5.9978224330478245,4.9869725704193115,0.0,0.0,0.0,11,32.31589687044739,37.3028694408667,True,0.8663112879741124,2023-10-01,MESA_OPEN_DATA_2026,https://data.mesaaz.gov/d/5zhe-5nig,dataset 5zhe-5nig; retrieved 2026-08-22,study-derived after declared sensor and completeness QA
2023-10-21,0.0,0.0,4.954444249471028,8.991359940529973,11.753277345498402,0.5320476621681979,5.900199773576524,4.91364198923111,0.0,0.0,0.0,11,32.13132897124412,37.04497096047523,True,0.8673600798749803,2023-10-01,MESA_OPEN_DATA_2026,https://data.mesaaz.gov/d/5zhe-5nig,dataset 5zhe-5nig; retrieved 2026-08-22,study-derived after declared sensor and completeness QA
2023-10-22,0.0,0.0,4.950722030798594,9.015230201784332,11.657480759208912,0.7931365800254485,5.810001470381556,4.985689719518025,0.0,0.0,0.0,11,32.22657104219884,37.21226076171687,True,0.8660202412467454,2023-10-01,MESA_OPEN_DATA_2026,https://data.mesaaz.gov/d/5zhe-5nig,dataset 5zhe-5nig; retrieved 2026-08-22,study-derived after declared sensor and completeness QA
2023-10-23,0.0,0.0,2.60935404698054,9.176726370827277,11.82207100779357,0.6630582608952281,5.990844334496392,5.02480133374532,0.0,0.0,0.0,11,30.262054020993006,35.28685535473833,True,0.8576013282217683,2023-10-01,MESA_OPEN_DATA_2026,https://data.mesaaz.gov/d/5zhe-5nig,dataset 5zhe-5nig; retrieved 2026-08-22,study-derived after declared sensor and completeness QA
2023-10-24,0.0,0.0,2.203895773159133,9.060343462043718,12.207626812987858,0.8466446551211765,6.216955672370063,4.898569107055664,0.0,0.0,0.0,11,30.53546637568195,35.43403548273761,True,0.8617552576126392,2023-10-01,MESA_OPEN_DATA_2026,https://data.mesaaz.gov/d/5zhe-5nig,dataset 5zhe-5nig; retrieved 2026-08-22,study-derived after declared sensor and completeness QA
2023-10-25,0.0,0.0,4.960104077723291,9.006118643475821,11.842395147352873,0.6720246479964592,6.094896946112757,5.035084784582345,0.0,0.0,0.0,11,32.5755394626612,37.61062424724354,True,0.8661259980296295,2023-10-01,MESA_OPEN_DATA_2026,https://data.mesaaz.gov/d/5zhe-5nig,dataset 5zhe-5nig; retrieved 2026-08-22,study-derived after declared sensor and completeness QA
2023-10-26,0.0,0.0,2.6669999798138937,9.012789860155076,11.822242637475332,0.5074114487759738,6.208355522155761,4.869451145331065,0.0,0.0,0.0,11,30.217799448376034,35.0872505937071,True,0.8612187885076297,2023-10-01,MESA_OPEN_DATA_2026,https://data.mesaaz.gov/d/5zhe-5nig,dataset 5zhe-5nig; retrieved 2026-08-22,study-derived after declared sensor and completeness QA
2023-10-27,0.0,0.0,0.0,8.980268519064973,11.964818169088923,0.4203988930504026,6.26965912760303,4.771375417709351,0.0,0.0,0.0,11,27.63514470880733,32.40652012651668,True,0.852764955969303,2023-10-01,MESA_OPEN_DATA_2026,https://data.mesaaz.gov/d/5zhe-5nig,dataset 5zhe-5nig; retrieved 2026-08-22,study-derived after declared sensor and completeness QA
2023-10-28,0.0,0.0,0.0,9.011472881302977,11.982548428906334,0.474709483664795,6.203533469306098,4.676555891831716,0.0,0.0,0.0,11,27.672264263180207,32.34882015501192,True,0.8554334943462487,2023-10-01,MESA_OPEN_DATA_2026,https://data.mesaaz.gov/d/5zhe-5nig,dataset 5zhe-5nig; retrieved 2026-08-22,study-derived after declared sensor and completeness QA
2023-10-29,0.0,0.0,0.0,8.964793595100442,11.8109584473167,0.4978680964902783,6.174622448887404,4.784937580426534,0.0,0.0,0.0,11,27.448242587794827,32.23318016822136,True,0.8515524203490168,2023-10-01,MESA_OPEN_DATA_2026,https://data.mesaaz.gov/d/5zhe-5nig,dataset 5zhe-5nig; retrieved 2026-08-22,study-derived after declared sensor and completeness QA
2023-10-30,0.0,0.0,0.0,9.110359455215706,12.246963147021807,0.6391011382756608,6.196488555062555,4.632651726404826,0.0,0.0,0.0,11,28.192912295575727,32.825564021980554,True,0.8588706130592996,2023-10-01,MESA_OPEN_DATA_2026,https://data.mesaaz.gov/d/5zhe-5nig,dataset 5zhe-5nig; retrieved 2026-08-22,study-derived after declared sensor and completeness QA
2023-10-31,0.0,0.0,0.0,8.998920704678863,12.420016366428937,0.5403587525355102,6.099744177289217,4.824589590231577,0.0,0.0,0.0,11,28.059040000932526,32.8836295911641,True,0.853282935910215,2023-10-01,MESA_OPEN_DATA_2026,https://data.mesaaz.gov/d/5zhe-5nig,dataset 5zhe-5nig; retrieved 2026-08-22,study-derived after declared sensor and completeness QA
2023-11-02,0.0,0.0,0.0,9.237482346929651,11.850250724962494,0.3590700182260251,5.776965738255362,4.790477931499481,0.0,0.0,0.0,11,27.223768828373533,32.01424675987302,True,0.8503641841886495,2023-11-01,MESA_OPEN_DATA_2026,https://data.mesaaz.gov/d/5zhe-5nig,dataset 5zhe-5nig; retrieved 2026-08-22,study-derived after declared sensor and completeness QA
2023-11-03,0.0,0.0,0.0,9.007901087446069,12.265514022774166,0.5298242875721664,6.011555745866564,4.78436275323232,0.0,0.0,0.01281944470894,11,27.814795143658962,32.61197734160022,True,0.8529012163938333,2023-11-01,MESA_OPEN_DATA_2026,https://data.mesaaz.gov/d/5zhe-5nig,dataset 5zhe-5nig; retrieved 2026-08-22,study-derived after declared sensor and completeness QA
2023-11-04,0.0,0.0,0.0,9.103776513180469,12.199916236930424,0.4936114986849031,6.0717555152045355,4.782471418380737,0.0,0.0,0.0001805555592808,11,27.86905976400033,32.651711737940346,True,0.8535252297850372,2023-11-01,MESA_OPEN_DATA_2026,https://data.mesaaz.gov/d/5zhe-5nig,dataset 5zhe-5nig; retrieved 2026-08-22,study-derived after declared sensor and completeness QA
2023-11-05,0.0,0.0,0.0,8.938358626862119,12.01659399901526,0.5394104329924321,5.9478907807241805,4.889481862386067,0.0,0.0,0.0,11,27.44225383959399,32.33173570198006,True,0.8487714390759843,2023-11-01,MESA_OPEN_DATA_2026,https://data.mesaaz.gov/d/5zhe-5nig,dataset 5zhe-5nig; retrieved 2026-08-22,study-derived after declared sensor and completeness QA
2023-11-06,0.0,0.0,0.0,9.059110770947957,12.39317649054992,0.6990651596369216,6.160111077626547,4.819127321243286,0.0,0.0,0.0,11,28.311463498761345,33.13059082000463,True,0.8545414614721136,2023-11-01,MESA_OPEN_DATA_2026,https://data.mesaaz.gov/d/5zhe-5nig,dataset 5zhe-5nig; retrieved 2026-08-22,study-derived after declared sensor and completeness QA
2023-11-07,0.0,0.0,0.0,8.999073728487797,12.8133208329375,0.722220496347781,6.380111334058974,4.842961053053538,0.0,0.0,0.0,11,28.91472639183205,33.75768744488559,True,0.8565375350144945,2023-11-01,MESA_OPEN_DATA_2026,https://data.mesaaz.gov/d/5zhe-5nig,dataset 5zhe-5nig; retrieved 2026-08-22,study-derived after declared sensor and completeness QA
2023-11-08,0.0,0.0,0.0,9.404166373311158,12.475183878223488,0.5466251747591512,6.310741686820984,4.71961369117101,0.0,0.0,0.0,11,28.73671711311478,33.45633080428579,True,0.8589321190425812,2023-11-01,MESA_OPEN_DATA_2026,https://data.mesaaz.gov/d/5zhe-5nig,dataset 5zhe-5nig; retrieved 2026-08-22,study-derived after declared sensor and completeness QA
2023-11-09,0.0,0.0,0.0,9.031235761790349,12.362616342695764,1.0584683211465145,6.196635189652443,4.734532376130422,0.0,0.0,0.0,11,28.64895561528507,33.38348799141549,True,0.8581774206054233,2023-11-01,MESA_OPEN_DATA_2026,https://data.mesaaz.gov/d/5zhe-5nig,dataset 5zhe-5nig; retrieved 2026-08-22,study-derived after declared sensor and completeness QA
2023-11-10,0.0,0.0,0.0,8.999976062004764,12.2006941570176,1.5146479576533507,6.2301508465131565,4.731648703416188,0.0,0.0,0.0,11,28.94546902318887,33.67711772660506,True,0.8594995942993611,2023-11-01,MESA_OPEN_DATA_2026,https://data.mesaaz.gov/d/5zhe-5nig,dataset 5zhe-5nig; retrieved 2026-08-22,study-derived after declared sensor and completeness QA
2023-11-11,0.0,0.0,0.0,8.999558386450376,12.319521168867746,1.435829495164481,6.1039810717478655,4.646716237068176,0.0,0.0,0.0,11,28.85889012223047,33.505606359298646,True,0.8613152620716982,2023-11-01,MESA_OPEN_DATA_2026,https://data.mesaaz.gov/d/5zhe-5nig,dataset 5zhe-5nig; retrieved 2026-08-22,study-derived after declared sensor and completeness QA
2023-11-12,0.0,0.0,0.0,9.531379598693714,12.35392318169276,1.451803043589478,6.2358373433351515,4.618909537792206,0.0,0.0,0.0,11,29.572943167311106,34.191852705103315,True,0.8649119842194801,2023-11-01,MESA_OPEN_DATA_2026,https://data.mesaaz.gov/d/5zhe-5nig,dataset 5zhe-5nig; retrieved 2026-08-22,study-derived after declared sensor and completeness QA
2023-11-13,0.0,0.0,0.0,10.438158326579464,12.53356740206107,1.628181572399992,6.359181235233943,4.6593892176946,0.0,0.0,0.0,11,30.95908853627447,35.618477753969074,True,0.8691861777508054,2023-11-01,MESA_OPEN_DATA_2026,https://data.mesaaz.gov/d/5zhe-5nig,dataset 5zhe-5nig; retrieved 2026-08-22,study-derived after declared sensor and completeness QA
2023-11-14,0.0,0.0,0.0,10.4599758820167,13.040954116322569,1.653149692495386,6.534943783283234,4.76730893055598,0.0,0.0,0.0,11,31.68902347411789,36.456332404673866,True,0.8692323496056124,2023-11-01,MESA_OPEN_DATA_2026,https://data.mesaaz.gov/d/5zhe-5nig,dataset 5zhe-5nig; retrieved 2026-08-22,study-derived after declared sensor and completeness QA
2023-11-15,0.0,0.0,0.0,9.104890027510248,12.767500666484382,1.5792045292734098,6.358239673574766,5.280083020528157,0.0,0.0,0.0,11,29.80983489684281,35.08991791737097,True,0.849527062646268,2023-11-01,MESA_OPEN_DATA_2026,https://data.mesaaz.gov/d/5zhe-5nig,dataset 5zhe-5nig; retrieved 2026-08-22,study-derived after declared sensor and completeness QA
2023-11-16,0.0,0.0,0.0,9.560643412697914,12.298492656813728,1.434865780143471,6.312962304552396,4.697894016901652,0.0,0.0,0.0,11,29.60696415420751,34.30485817110916,True,0.863054556486751,2023-11-01,MESA_OPEN_DATA_2026,https://data.mesaaz.gov/d/5zhe-5nig,dataset 5zhe-5nig; retrieved 2026-08-22,study-derived after declared sensor and completeness QA
2023-11-17,0.0,0.0,0.0,9.531876464425414,12.256902343697018,1.4705587086064855,6.269008451700211,4.708656191825867,0.0,0.0,0.0,11,29.52834596842913,34.237002160254995,True,0.862468794148921,2023-11-01,MESA_OPEN_DATA_2026,https://data.mesaaz.gov/d/5zhe-5nig,dataset 5zhe-5nig; retrieved 2026-08-22,study-derived after declared sensor and completeness QA
2023-11-18,0.0,0.0,0.0,9.4917991097529,12.621840483612484,13.678791963550406,6.226963007756618,0.0,0.0,0.0,0.5705562462409337,11,42.0193945646724,42.58995081091334,True,0.9866035006996361,2023-11-01,MESA_OPEN_DATA_2026,https://data.mesaaz.gov/d/5zhe-5nig,dataset 5zhe-5nig; retrieved 2026-08-22,study-derived after declared sensor and completeness QA
2023-11-19,0.0,0.0,0.0,9.570835749505102,13.236368424362606,19.125989900602328,6.184962511062622,0.0,0.0,0.0,0.5652041642616192,11,48.11815658553266,48.68336074979428,True,0.988390198302733,2023-11-01,MESA_OPEN_DATA_2026,https://data.mesaaz.gov/d/5zhe-5nig,dataset 5zhe-5nig; retrieved 2026-08-22,study-derived after declared sensor and completeness QA
2023-11-20,0.0,0.0,0.0,11.47417613055419,13.0649537403494,20.792953322205364,6.070660024487864,0.0,0.0,0.0,0.0082395832985639,11,51.40274321759682,51.41098280089538,True,0.9998397310681558,2023-11-01,MESA_OPEN_DATA_2026,https://data.mesaaz.gov/d/5zhe-5nig,dataset 5zhe-5nig; retrieved 2026-08-22,study-derived after declared sensor and completeness QA
2023-11-21,0.0,0.0137076424434781,0.0,10.386551766700231,13.342742382733976,19.184840466795848,6.208699891964595,5.106311619944043,0.0,0.0,0.0,11,49.13654215063813,54.24285377058217,True,0.9058620396054202,2023-11-01,MESA_OPEN_DATA_2026,https://data.mesaaz.gov/d/5zhe-5nig,dataset 5zhe-5nig; retrieved 2026-08-22,study-derived after declared sensor and completeness QA
2023-11-22,0.0,0.0137076424434781,0.0,10.132522840849372,13.178293385989807,19.51082972108225,5.936462329824765,5.128553509712219,0.0,0.0,0.0,11,48.77181592018967,53.900369429901886,True,0.9048512363837883,2023-11-01,MESA_OPEN_DATA_2026,https://data.mesaaz.gov/d/5zhe-5nig,dataset 5zhe-5nig; retrieved 2026-08-22,study-derived after declared sensor and completeness QA
2023-11-23,0.0,0.0137076424434781,0.0,10.915251173285974,12.42487476931678,20.737920916919975,5.773666644096375,5.329566776752472,0.0,0.0,0.0,11,49.86542114606258,55.19498792281505,True,0.9034411098303823,2023-11-01,MESA_OPEN_DATA_2026,https://data.mesaaz.gov/d/5zhe-5nig,dataset 5zhe-5nig; retrieved 2026-08-22,study-derived after declared sensor and completeness QA
2023-11-24,0.0,0.0137076424434781,0.0,9.848465707865026,12.722333523962233,19.179433539468032,5.885295844078064,5.164750277996063,0.0,0.0,0.0,11,47.64923625781683,52.813986535812894,True,0.9022086644700855,2023-11-01,MESA_OPEN_DATA_2026,https://data.mesaaz.gov/d/5zhe-5nig,dataset 5zhe-5nig; retrieved 2026-08-22,study-derived after declared sensor and completeness QA
2023-11-25,0.0,0.0137076424434781,0.0,9.46498209354319,12.919323722245132,18.432757400299284,5.973006157080333,4.874372899532318,0.0,0.0,0.0,11,46.803777015611416,51.678149915143734,True,0.9056782623306734,2023-11-01,MESA_OPEN_DATA_2026,https://data.mesaaz.gov/d/5zhe-5nig,dataset 5zhe-5nig; retrieved 2026-08-22,study-derived after declared sensor and completeness QA
2023-11-26,0.0,0.0137076424434781,0.0,9.665151075403449,11.833305226431952,18.809746805826823,5.401452092329661,4.735354661941528,0.0,0.0,0.1724479137298961,11,45.723362842435364,50.63116541810679,True,0.9030675566097814,2023-11-01,MESA_OPEN_DATA_2026,https://data.mesaaz.gov/d/5zhe-5nig,dataset 5zhe-5nig; retrieved 2026-08-22,study-derived after declared sensor and completeness QA
2023-11-27,0.0,0.0137076424434781,0.0,10.131631848710002,12.28916286924784,18.8812826539156,5.721174637697668,5.09747838973999,0.0,0.0,0.0025520832898716,11,47.03695965201459,52.13699012504445,True,0.9021801899035975,2023-11-01,MESA_OPEN_DATA_2026,https://data.mesaaz.gov/d/5zhe-5nig,dataset 5zhe-5nig; retrieved 2026-08-22,study-derived after declared sensor and completeness QA
2023-11-28,0.0,0.0137076424434781,0.0,9.877254227210424,13.520232721291544,18.383232754268004,5.912691489855448,5.258137444655101,0.0,0.0,0.6139146087070306,11,47.7071188350689,53.57917088843102,True,0.8904042008117368,2023-11-01,MESA_OPEN_DATA_2026,https://data.mesaaz.gov/d/5zhe-5nig,dataset 5zhe-5nig; retrieved 2026-08-22,study-derived after declared sensor and completeness QA
2023-11-29,0.0,0.0137076424434781,0.0,9.747007870475452,12.634483848062445,19.082085524933248,5.824177105228106,5.115430196126302,0.0,0.0,0.0090854170421759,11,47.30146199114273,52.425977604311214,True,0.9022523594725095,2023-11-01,MESA_OPEN_DATA_2026,https://data.mesaaz.gov/d/5zhe-5nig,dataset 5zhe-5nig; retrieved 2026-08-22,study-derived after declared sensor and completeness QA
2023-11-30,0.0,0.0137076424434781,0.0,9.031596844926199,12.625175964148847,18.885711893796703,5.662369033179958,5.11350162823995,0.0,0.0,0.35207707472145555,11,46.21856137849518,51.68414008145659,True,0.8942503697585487,2023-11-01,MESA_OPEN_DATA_2026,https://data.mesaaz.gov/d/5zhe-5nig,dataset 5zhe-5nig; retrieved 2026-08-22,study-derived after declared sensor and completeness QA
2023-12-02,0.0,0.0,0.0,8.970438095598862,12.394732784217512,18.727554032782542,4.925428260730792,5.659874399503072,0.0,0.0,0.0387458326450238,11,45.01815317332971,50.71677340547781,True,0.8876383521761539,2023-12-01,MESA_OPEN_DATA_2026,https://data.mesaaz.gov/d/5zhe-5nig,dataset 5zhe-5nig; retrieved 2026-08-22,study-derived after declared sensor and completeness QA
2023-12-03,0.0,0.0,0.0,9.212292269973291,12.311326417658064,18.75237108471533,4.799543682734171,5.699777126312256,0.0,0.0,0.0004736111033707,11,45.07553345508086,50.77578419249649,True,0.8877368251801812,2023-12-01,MESA_OPEN_DATA_2026,https://data.mesaaz.gov/d/5zhe-5nig,dataset 5zhe-5nig; retrieved 2026-08-22,study-derived after declared sensor and completeness QA
2023-12-04,0.0,0.0,0.0,10.77295694924844,12.51555888211777,20.643173659979965,4.877118400804522,5.506377220153809,0.0,0.0,0.0,11,48.808807892150696,54.315185112304505,True,0.8986217720004346,2023-12-01,MESA_OPEN_DATA_2026,https://data.mesaaz.gov/d/5zhe-5nig,dataset 5zhe-5nig; retrieved 2026-08-22,study-derived after declared sensor and completeness QA
2023-12-05,0.0,0.0,0.0,12.251001202050183,12.948644595557932,18.821815160759392,5.06756788006904,5.484007736047109,0.0,0.0,0.0,11,49.08902883843655,54.57303657448366,True,0.899510672664104,2023-12-01,MESA_OPEN_DATA_2026,https://data.mesaaz.gov/d/5zhe-5nig,dataset 5zhe-5nig; retrieved 2026-08-22,study-derived after declared sensor and completeness QA
2023-12-06,0.0,0.0,0.0,10.13501299166914,12.543138762315117,18.83893206936496,4.921529383460681,5.786055525143941,0.0,0.0,0.0,11,46.4386132068099,52.22466873195384,True,0.8892083824439134,2023-12-01,MESA_OPEN_DATA_2026,https://data.mesaaz.gov/d/5zhe-5nig,dataset 5zhe-5nig; retrieved 2026-08-22,study-derived after declared sensor and completeness QA
2023-12-07,0.0,0.0,0.0,11.398856131716736,12.23168913833278,16.741927930096676,4.764600574845983,5.675308148066203,0.0,0.0,0.0,11,45.137073774992174,50.812381923058375,True,0.8883085591881931,2023-12-01,MESA_OPEN_DATA_2026,https://data.mesaaz.gov/d/5zhe-5nig,dataset 5zhe-5nig; retrieved 2026-08-22,study-derived after declared sensor and completeness QA
2023-12-08,0.0,0.0,0.0,11.356432357460122,12.22872113848996,19.304832340460457,4.733641922349645,5.664743920167287,0.0,0.0,0.0,11,47.623627758760186,53.288371678927476,True,0.8936964342934244,2023-12-01,MESA_OPEN_DATA_2026,https://data.mesaaz.gov/d/5zhe-5nig,dataset 5zhe-5nig; retrieved 2026-08-22,study-derived after declared sensor and completeness QA
2023-12-09,0.0,0.0,0.0,9.053069283073333,12.1446715727635,19.56185289539885,4.613797831319951,5.7105351487795515,0.0,0.0,0.0,11,45.373391582555634,51.08392673133518,True,0.8882126822628013,2023-12-01,MESA_OPEN_DATA_2026,https://data.mesaaz.gov/d/5zhe-5nig,dataset 5zhe-5nig; retrieved 2026-08-22,study-derived after declared sensor and completeness QA
2023-12-10,0.0,0.0,0.0,9.406287120334175,11.848726423791453,20.93643130137268,4.5015685225295226,5.685710867245992,0.0,0.0,0.0,11,46.693013368027835,52.37872423527383,True,0.891449993289126,2023-12-01,MESA_OPEN_DATA_2026,https://data.mesaaz.gov/d/5zhe-5nig,dataset 5zhe-5nig; retrieved 2026-08-22,study-derived after declared sensor and completeness QA
2023-12-11,0.0,0.0,0.0,10.184500651268497,12.180041392644249,19.125373675630616,4.654356244206428,5.539828439553578,0.0,0.0,0.0,11,46.14427196374979,51.68410040330337,True,0.8928136816482249,2023-12-01,MESA_OPEN_DATA_2026,https://data.mesaaz.gov/d/5zhe-5nig,dataset 5zhe-5nig; retrieved 2026-08-22,study-derived after declared sensor and completeness QA
2023-12-12,0.0,0.0,0.0,9.68161045287062,13.678500016530355,18.980229681430583,4.874912611643473,5.475619276364644,0.0,0.0,0.7286944538354874,11,47.21525276247503,53.419566492675166,True,0.8838569060448879,2023-12-01,MESA_OPEN_DATA_2026,https://data.mesaaz.gov/d/5zhe-5nig,dataset 5zhe-5nig; retrieved 2026-08-22,study-derived after declared sensor and completeness QA
2023-12-13,0.0,0.0,0.0,9.496822512807569,12.36041888605026,20.209772967615873,4.742237845641835,5.674692074457805,0.0,0.0,0.1905249965066711,11,46.80925221211554,52.674469283080015,True,0.8886516152741099,2023-12-01,MESA_OPEN_DATA_2026,https://data.mesaaz.gov/d/5zhe-5nig,dataset 5zhe-5nig; retrieved 2026-08-22,study-derived after declared sensor and completeness QA
2023-12-14,0.0,0.0,0.0,9.722950388697615,11.988542040189108,19.606188996160444,4.677443861961365,5.664470477297327,0.0,0.0,0.0608951794710851,11,45.995125287008534,51.720490943776944,True,0.8893017921467102,2023-12-01,MESA_OPEN_DATA_2026,https://data.mesaaz.gov/d/5zhe-5nig,dataset 5zhe-5nig; retrieved 2026-08-22,study-derived after declared sensor and completeness QA
2023-12-15,0.0,0.0,0.0,7.215759982459921,12.167624672253927,19.56800079345703,4.6984728038311,5.630694802245076,0.0,0.0,0.0009013888943526,11,43.649858252001984,49.28145444314141,True,0.8857258525590617,2023-12-01,MESA_OPEN_DATA_2026,https://data.mesaaz.gov/d/5zhe-5nig,dataset 5zhe-5nig; retrieved 2026-08-22,study-derived after declared sensor and completeness QA
2023-12-16,0.0,0.0,0.0,0.0,12.033208727836609,37.923346836462386,4.613016723593076,5.497384647528331,0.0,0.0,0.0078777781519521,11,54.56957228789207,60.07483471357235,True,0.9083599238861242,2023-12-01,MESA_OPEN_DATA_2026,https://data.mesaaz.gov/d/5zhe-5nig,dataset 5zhe-5nig; retrieved 2026-08-22,study-derived after declared sensor and completeness QA
2023-12-17,0.0,0.0,0.0,0.0,11.856437321824949,8.113806125823032,4.5367439413269635,5.679160972436269,0.0,0.0,0.0001222222280274,11,24.506987388974945,30.186270583639242,True,0.8118587329650974,2023-12-01,MESA_OPEN_DATA_2026,https://data.mesaaz.gov/d/5zhe-5nig,dataset 5zhe-5nig; retrieved 2026-08-22,study-derived after declared sensor and completeness QA
2023-12-18,0.0,0.0,0.0,0.0,12.182479400793932,1.361705048700397,4.736272768781977,5.592025021711986,0.0,0.0,0.0,11,18.280457218276307,23.872482239988294,True,0.7657543540928935,2023-12-01,MESA_OPEN_DATA_2026,https://data.mesaaz.gov/d/5zhe-5nig,dataset 5zhe-5nig; retrieved 2026-08-22,study-derived after declared sensor and completeness QA
2023-12-19,0.0,0.0,0.0,0.0,12.468207875887552,1.213820182875301,4.894401856263479,5.512511869271596,0.0,0.0,0.0,11,18.57642991502633,24.088941784297926,True,0.7711600651189727,2023-12-01,MESA_OPEN_DATA_2026,https://data.mesaaz.gov/d/5zhe-5nig,dataset 5zhe-5nig; retrieved 2026-08-22,study-derived after declared sensor and completeness QA
2023-12-20,0.0,0.0,0.0,0.0,12.265332897504171,1.0240700365114612,4.739602556155737,5.692613800366719,0.0,0.0,0.0,11,18.029005490171368,23.721619290538086,True,0.760024232298621,2023-12-01,MESA_OPEN_DATA_2026,https://data.mesaaz.gov/d/5zhe-5nig,dataset 5zhe-5nig; retrieved 2026-08-22,study-derived after declared sensor and completeness QA
2023-12-21,0.0,0.0,0.0,9.509812812613651,11.813370736639955,1.145448542978004,4.630492096680861,5.705154657363892,0.0,0.0,0.0,11,27.09912418891247,32.80427884627636,True,0.8260850456704526,2023-12-01,MESA_OPEN_DATA_2026,https://data.mesaaz.gov/d/5zhe-5nig,dataset 5zhe-5nig; retrieved 2026-08-22,study-derived after declared sensor and completeness QA
2023-12-22,0.0,0.0,0.0,9.493325749532216,12.158860585424636,0.974248578766702,4.634839801987012,5.6971195936203,0.0,0.0,0.0,11,27.261274715710567,32.95839430933087,True,0.8271420767604752,2023-12-01,MESA_OPEN_DATA_2026,https://data.mesaaz.gov/d/5zhe-5nig,dataset 5zhe-5nig; retrieved 2026-08-22,study-derived after declared sensor and completeness QA
2023-12-23,0.0,0.0,0.0,10.915450289213547,12.092437353575548,0.8561470806598663,4.609599368532277,5.698902507623036,0.0,0.0,0.1082430549690292,11,28.473634091981236,34.2807796545733,True,0.830600539978753,2023-12-01,MESA_OPEN_DATA_2026,https://data.mesaaz.gov/d/5zhe-5nig,dataset 5zhe-5nig; retrieved 2026-08-22,study-derived after declared sensor and completeness QA
2023-12-24,0.0,0.0,0.0,11.53503162243852,12.689439192745422,1.3133545526340182,4.844476994872093,5.757164080937703,0.0,0.0,0.0017569444349242,11,30.38230236269005,36.14122338806268,True,0.8406550612983739,2023-12-01,MESA_OPEN_DATA_2026,https://data.mesaaz.gov/d/5zhe-5nig,dataset 5zhe-5nig; retrieved 2026-08-22,study-derived after declared sensor and completeness QA
2023-12-25,0.0,0.0,0.0,10.36907312915005,12.836662490500345,1.117742977595665,4.793328985571861,5.667788008848826,0.0,0.0,0.0,11,29.116807582817923,34.78459559166675,True,0.8370604023866632,2023-12-01,MESA_OPEN_DATA_2026,https://data.mesaaz.gov/d/5zhe-5nig,dataset 5zhe-5nig; retrieved 2026-08-22,study-derived after declared sensor and completeness QA
2023-12-26,0.0,0.0,0.0,9.58517702510188,12.167863254255314,1.187546314146542,4.689407720426622,5.455468674500783,0.0,0.0,0.0,11,27.629994313930357,33.08546298843114,True,0.8351097980279625,2023-12-01,MESA_OPEN_DATA_2026,https://data.mesaaz.gov/d/5zhe-5nig,dataset 5zhe-5nig; retrieved 2026-08-22,study-derived after declared sensor and completeness QA
2023-12-27,0.0,0.0,0.0,9.911594504799556,11.010180184295058,0.6774790122375621,4.222915629158445,5.146171112855275,0.0,0.0,0.0,11,25.822169330490617,30.96834044334589,True,0.8338247694522157,2023-12-01,MESA_OPEN_DATA_2026,https://data.mesaaz.gov/d/5zhe-5nig,dataset 5zhe-5nig; retrieved 2026-08-22,study-derived after declared sensor and completeness QA
2023-12-28,0.0,0.0,0.0,10.095631670115722,11.69450925588608,1.0319455628938017,4.611620384757099,5.350130836168925,0.0,0.0,0.0,11,27.433706873652707,32.78383770982163,True,0.8368058406241411,2023-12-01,MESA_OPEN_DATA_2026,https://data.mesaaz.gov/d/5zhe-5nig,dataset 5zhe-5nig; retrieved 2026-08-22,study-derived after declared sensor and completeness QA
2023-12-29,0.0,0.0,0.0,9.732383636959174,11.805526413520177,1.1061153549414415,4.572146722224954,5.546861330668132,0.0,0.0,0.0,11,27.216172127645745,32.76303345831388,True,0.830697565360494,2023-12-01,MESA_OPEN_DATA_2026,https://data.mesaaz.gov/d/5zhe-5nig,dataset 5zhe-5nig; retrieved 2026-08-22,study-derived after declared sensor and completeness QA
2023-12-30,0.0,0.0,0.0,9.45083322083956,11.844430189305122,1.1789929361283025,4.568068595727285,5.5331116716067,0.0,0.0,0.0,11,27.04232494200027,32.57543661360697,True,0.8301446658340266,2023-12-01,MESA_OPEN_DATA_2026,https://data.mesaaz.gov/d/5zhe-5nig,dataset 5zhe-5nig; retrieved 2026-08-22,study-derived after declared sensor and completeness QA
2023-12-31,0.0,0.0,0.0,10.012497808694107,11.950671743222971,1.1527675402008577,4.641454573840125,5.5562617878119145,0.0,0.0,0.0,11,27.75739166595806,33.31365345376997,True,0.8332136763227591,2023-12-01,MESA_OPEN_DATA_2026,https://data.mesaaz.gov/d/5zhe-5nig,dataset 5zhe-5nig; retrieved 2026-08-22,study-derived after declared sensor and completeness QA
2024-01-02,0.0,0.0,0.0,10.05595880581993,12.208060970226812,1.146654917740486,4.743027683427717,5.511934300263722,0.0,0.0,0.0,11,28.153702377214945,33.665636677478666,True,0.836274170214905,2024-01-01,MESA_OPEN_DATA_2026,https://data.mesaaz.gov/d/5zhe-5nig,dataset 5zhe-5nig; retrieved 2026-08-22,study-derived after declared sensor and completeness QA
2024-01-03,0.0,0.0,0.0,10.106305456660577,11.65668841628604,0.98956154355636,4.49390590423329,5.423748870690663,0.0,0.0,0.0,11,27.246461320736266,32.67021019142693,True,0.8339848798366799,2024-01-01,MESA_OPEN_DATA_2026,https://data.mesaaz.gov/d/5zhe-5nig,dataset 5zhe-5nig; retrieved 2026-08-22,study-derived after declared sensor and completeness QA
2024-01-04,0.0,0.0,0.0,11.239615256554217,12.029395621409837,1.0558391315130036,4.7039320033154945,5.52750684817632,0.0,0.0,0.0,11,29.02878201279255,34.55628886096887,True,0.8400433891956608,2024-01-01,MESA_OPEN_DATA_2026,https://data.mesaaz.gov/d/5zhe-5nig,dataset 5zhe-5nig; retrieved 2026-08-22,study-derived after declared sensor and completeness QA
2024-01-05,0.0,0.0,0.0,8.326471538542386,12.042212217299054,0.9927553073391424,4.603480005562927,5.551528513431549,0.0384374989403618,0.0,0.0,11,25.964919068743505,31.554885081115415,True,0.8228494257544507,2024-01-01,MESA_OPEN_DATA_2026,https://data.mesaaz.gov/d/5zhe-5nig,dataset 5zhe-5nig; retrieved 2026-08-22,study-derived after declared sensor and completeness QA
2024-01-06,0.0,0.0,0.0,8.531894716523384,12.847325106821074,0.9823811830270408,4.563871027032534,5.527068138122559,11.06562469734086,0.0,0.0,11,26.92547203340403,43.51816486886745,True,0.6187180023454136,2024-01-01,MESA_OPEN_DATA_2026,https://data.mesaaz.gov/d/5zhe-5nig,dataset 5zhe-5nig; retrieved 2026-08-22,study-derived after declared sensor and completeness QA
2024-01-07,0.0,0.0,0.0,9.43926868877477,13.046753654797982,1.0474515662053892,4.4350053749442475,5.593368252118428,9.775937918159697,0.0,0.0,11,27.968479284722388,43.337785455000514,True,0.6453601399121619,2024-01-01,MESA_OPEN_DATA_2026,https://data.mesaaz.gov/d/5zhe-5nig,dataset 5zhe-5nig; retrieved 2026-08-22,study-derived after declared sensor and completeness QA
2024-01-08,0.0,0.0,0.0,9.813367621475978,13.362341134040843,1.2014742700336372,4.5609730282452805,5.541176358858745,0.0,0.0,0.0,11,28.938156053795737,34.47933241265448,True,0.8392899174339861,2024-01-01,MESA_OPEN_DATA_2026,https://data.mesaaz.gov/d/5zhe-5nig,dataset 5zhe-5nig; retrieved 2026-08-22,study-derived after declared sensor and completeness QA
2024-01-09,0.0,0.0,0.0,10.029051328996342,13.607734399644324,1.2241900666900305,4.673433451851209,5.426534910996755,0.0,0.0,0.0,11,29.53440924718191,34.96094415817866,True,0.8447829416035011,2024-01-01,MESA_OPEN_DATA_2026,https://data.mesaaz.gov/d/5zhe-5nig,dataset 5zhe-5nig; retrieved 2026-08-22,study-derived after declared sensor and completeness QA
2024-01-10,0.0,0.0,0.0,12.923840798401722,13.632364058859324,1.418015404847952,4.650595929225286,5.471114734808604,0.0,0.0,0.0,11,32.62481619133428,38.095930926142884,True,0.8563858500947115,2024-01-01,MESA_OPEN_DATA_2026,https://data.mesaaz.gov/d/5zhe-5nig,dataset 5zhe-5nig; retrieved 2026-08-22,study-derived after declared sensor and completeness QA
2024-01-11,0.0,0.0,0.0,9.226161785743049,13.186850399278397,2.284856946327118,4.485849879185358,5.137930393218994,0.0,0.0,0.0,11,29.18371901053392,34.321649403752915,True,0.8503005979468695,2024-01-01,MESA_OPEN_DATA_2026,https://data.mesaaz.gov/d/5zhe-5nig,dataset 5zhe-5nig; retrieved 2026-08-22,study-derived after declared sensor and completeness QA
2024-01-12,0.0,0.0,0.0,10.553724808230529,13.189023929776337,2.4361435849901656,4.568959093325829,4.692311922709147,0.0,0.0,0.0629333363225062,11,30.747851416322863,35.50309667535452,True,0.8660611128512448,2024-01-01,MESA_OPEN_DATA_2026,https://data.mesaaz.gov/d/5zhe-5nig,dataset 5zhe-5nig; retrieved 2026-08-22,study-derived after declared sensor and completeness QA
2024-01-13,0.0,0.0,0.0,10.838425674110184,13.083715616162442,1.790100015126742,4.519215552652769,4.664001723130544,0.0,0.0,0.0246666669224699,11,30.23145685805214,34.92012524810516,True,0.8657316273426758,2024-01-01,MESA_OPEN_DATA_2026,https://data.mesaaz.gov/d/5zhe-5nig,dataset 5zhe-5nig; retrieved 2026-08-22,study-derived after declared sensor and completeness QA
2024-01-14,0.0,0.0,0.0,10.387496482473065,13.19295199292094,1.7577300304951875,4.475987383617489,4.654904166857402,0.0,0.0,0.2039500022307038,11,29.814165889506683,34.67302005859479,True,0.8598664275313483,2024-01-01,MESA_OPEN_DATA_2026,https://data.mesaaz.gov/d/5zhe-5nig,dataset 5zhe-5nig; retrieved 2026-08-22,study-derived after declared sensor and completeness QA
2024-01-15,0.0,0.0,0.0,1.9720380579993664,13.477526389584154,1.9868589571568125,4.644013034897809,4.646367986996968,0.0596666653951009,0.0,0.0034500000377496,11,22.080436439638145,26.789921092067964,True,0.8242068486784675,2024-01-01,MESA_OPEN_DATA_2026,https://data.mesaaz.gov/d/5zhe-5nig,dataset 5zhe-5nig; retrieved 2026-08-22,study-derived after declared sensor and completeness QA
2024-01-17,0.0,0.0,2.1221667687098185,0.0568589235819079,13.772663862837684,1.9482097479846927,4.740997873743376,4.752865235010783,10.833250415325164,2.6451667229334515,0.0,11,22.640897176857475,40.87217955012687,True,0.553943964478087,2024-01-01,MESA_OPEN_DATA_2026,https://data.mesaaz.gov/d/5zhe-5nig,dataset 5zhe-5nig; retrieved 2026-08-22,study-derived after declared sensor and completeness QA
2024-01-19,0.0,0.0,5.28727770447731,9.51238234622638,15.398355500588664,1.979400295554922,4.469320917560294,4.634739796320598,22.82825083732605,3.0567833264668782,0.0,11,36.64673676440757,67.1665107245211,True,0.545610250839316,2024-01-01,MESA_OPEN_DATA_2026,https://data.mesaaz.gov/d/5zhe-5nig,dataset 5zhe-5nig; retrieved 2026-08-22,study-derived after declared sensor and completeness QA
2024-01-20,0.0,0.0,5.277770928541819,11.732241235993742,15.915530576308567,1.764215087941066,4.460206284125646,4.609692871570587,12.827875379721323,2.9616000374158222,0.0,11,39.149964112910844,59.54913240161858,True,0.6574397062390572,2024-01-01,MESA_OPEN_DATA_2026,https://data.mesaaz.gov/d/5zhe-5nig,dataset 5zhe-5nig; retrieved 2026-08-22,study-derived after declared sensor and completeness QA
2024-01-21,0.0,0.0,2.3274097896284527,16.624818908103087,8.395466930336422,1.7833732076094184,4.412123477980857,4.668689390023549,7.508583295345306,3.0976665735244753,0.0,11,33.54319231365824,48.81813157255157,True,0.6871052052413698,2024-01-01,MESA_OPEN_DATA_2026,https://data.mesaaz.gov/d/5zhe-5nig,dataset 5zhe-5nig; retrieved 2026-08-22,study-derived after declared sensor and completeness QA
2024-01-22,0.0,0.0,0.0,16.601460512361523,9.452147997957368,1.9954213879701987,4.521322806620847,4.61004904905955,0.0,3.145233241717021,0.0,11,32.570352704909936,40.32563499568651,True,0.8076835667533536,2024-01-01,MESA_OPEN_DATA_2026,https://data.mesaaz.gov/d/5zhe-5nig,dataset 5zhe-5nig; retrieved 2026-08-22,study-derived after declared sensor and completeness QA
2024-01-23,0.0,0.0,2.051694377263387,13.04214923347312,11.520253666904235,1.9483431852331348,4.649064583609384,4.657336473464966,0.0,3.1332165638605756,0.058016667018334,11,33.21150504648326,41.06007475082714,True,0.8088515485669988,2024-01-01,MESA_OPEN_DATA_2026,https://data.mesaaz.gov/d/5zhe-5nig,dataset 5zhe-5nig; retrieved 2026-08-22,study-derived after declared sensor and completeness QA
2024-01-24,0.0,0.0,3.1993332386016844,11.9663254587498,8.715193230518876,1.9725070331765835,4.586583079854344,4.694075187047322,0.0,0.0718833311771353,0.0471999984234571,11,30.439942040901286,35.2531005575492,True,0.8634685051662154,2024-01-01,MESA_OPEN_DATA_2026,https://data.mesaaz.gov/d/5zhe-5nig,dataset 5zhe-5nig; retrieved 2026-08-22,study-derived after declared sensor and completeness QA
2024-01-25,0.0,0.0,0.7745624855160713,9.632397601654132,21.37835297166721,2.2628908854135323,4.712907023562325,4.842458883921306,0.0,0.0003333333258827,0.0007833333065112,11,38.761110967813266,43.60468651836696,True,0.888920757439375,2024-01-01,MESA_OPEN_DATA_2026,https://data.mesaaz.gov/d/5zhe-5nig,dataset 5zhe-5nig; retrieved 2026-08-22,study-derived after declared sensor and completeness QA
2024-01-26,0.0,0.0,0.0,2.2663512505056915,9.059309803560812,1.985281497740946,4.493232186878506,4.721815407276154,0.0844166676203409,0.0,0.0,11,17.804174738685955,22.61040681358245,True,0.7874327465877654,2024-01-01,MESA_OPEN_DATA_2026,https://data.mesaaz.gov/d/5zhe-5nig,dataset 5zhe-5nig; retrieved 2026-08-22,study-derived after declared sensor and completeness QA
2024-02-02,0.0,0.0,0.0,9.53506525930983,7.805525562196182,1.6653515284134894,4.515031068336641,5.126235028107961,0.0,0.0,0.0,11,23.52097341825614,28.6472084463641,True,0.8210563853819907,2024-02-01,MESA_OPEN_DATA_2026,https://data.mesaaz.gov/d/5zhe-5nig,dataset 5zhe-5nig; retrieved 2026-08-22,study-derived after declared sensor and completeness QA
2024-02-03,0.0,0.0,0.0,12.589148656609986,7.770575043559075,1.660161959339158,4.494519398609797,5.055819511413574,0.0,0.0,0.0,11,26.514405058118015,31.57022456953159,True,0.8398548131870768,2024-02-01,MESA_OPEN_DATA_2026,https://data.mesaaz.gov/d/5zhe-5nig,dataset 5zhe-5nig; retrieved 2026-08-22,study-derived after declared sensor and completeness QA
2024-02-04,0.0,0.0,0.0,10.718967054766988,13.76353932823596,1.7472233024464223,4.624827084767121,5.317180434862773,0.0,0.0,0.0,11,30.85455677021649,36.17173720507926,True,0.8530017951663066,2024-02-01,MESA_OPEN_DATA_2026,https://data.mesaaz.gov/d/5zhe-5nig,dataset 5zhe-5nig; retrieved 2026-08-22,study-derived after declared sensor and completeness QA
2024-02-05,0.0,0.0,0.0,11.24316230388341,13.670844000577926,1.759576858435094,4.5860153098901115,4.926564514636993,0.0,0.0,0.0,11,31.259598472786543,36.186162987423536,True,0.8638550178323904,2024-02-01,MESA_OPEN_DATA_2026,https://data.mesaaz.gov/d/5zhe-5nig,dataset 5zhe-5nig; retrieved 2026-08-22,study-derived after declared sensor and completeness QA
2024-02-06,0.0,0.0,0.0,12.257013116110972,13.794568419456482,1.8093417705941937,4.7597706153874935,4.923070192337036,0.0,0.0,0.0,11,32.62069392154914,37.543764113886176,True,0.8688711612026094,2024-02-01,MESA_OPEN_DATA_2026,https://data.mesaaz.gov/d/5zhe-5nig,dataset 5zhe-5nig; retrieved 2026-08-22,study-derived after declared sensor and completeness QA
2024-02-07,0.0,0.0,0.0,10.16228836961013,13.45866233110428,1.86700989339648,4.609623295967574,4.907291491826375,0.0,0.0,0.0,11,30.097583890078464,35.00487538190484,True,0.8598111994889971,2024-02-01,MESA_OPEN_DATA_2026,https://data.mesaaz.gov/d/5zhe-5nig,dataset 5zhe-5nig; retrieved 2026-08-22,study-derived after declared sensor and completeness QA
2024-02-08,0.0,0.0,0.0,10.205785138718197,13.173337733745576,1.6370112394916658,4.484927653604084,4.978164116541545,0.0,0.0,0.0,11,29.501061765559527,34.47922588210107,True,0.855618448814252,2024-02-01,MESA_OPEN_DATA_2026,https://data.mesaaz.gov/d/5zhe-5nig,dataset 5zhe-5nig; retrieved 2026-08-22,study-derived after declared sensor and completeness QA
2024-02-09,0.0,0.0,0.0,9.836569903957209,13.662741359561933,1.7850337808142231,4.654794735218485,5.221520165602366,0.0,0.0,0.0,11,29.939139779551848,35.160659945154215,True,0.8514953879208406,2024-02-01,MESA_OPEN_DATA_2026,https://data.mesaaz.gov/d/5zhe-5nig,dataset 5zhe-5nig; retrieved 2026-08-22,study-derived after declared sensor and completeness QA
2024-02-10,0.0,0.0,0.0,9.984195202228364,13.70316690521984,1.7902103440958854,4.385810465345456,5.035682757695516,0.0,0.0,0.0,11,29.86338291688954,34.89906567458506,True,0.855707232833952,2024-02-01,MESA_OPEN_DATA_2026,https://data.mesaaz.gov/d/5zhe-5nig,dataset 5zhe-5nig; retrieved 2026-08-22,study-derived after declared sensor and completeness QA
2024-02-11,0.0,0.0,0.0,10.103441117503335,13.256532112535991,1.6087914089138589,4.362413187821706,5.058133959770203,0.0,0.0,0.0,11,29.33117782677489,34.38931178654509,True,0.8529155223818928,2024-02-01,MESA_OPEN_DATA_2026,https://data.mesaaz.gov/d/5zhe-5nig,dataset 5zhe-5nig; retrieved 2026-08-22,study-derived after declared sensor and completeness QA
2024-02-12,0.0,0.0,0.0,10.160463793346729,13.981874805688856,1.7105833393032268,4.606894983857601,5.09839524825414,0.0,0.0,0.0,11,30.45981692219641,35.55821217045055,True,0.8566183467319824,2024-02-01,MESA_OPEN_DATA_2026,https://data.mesaaz.gov/d/5zhe-5nig,dataset 5zhe-5nig; retrieved 2026-08-22,study-derived after declared sensor and completeness QA
2024-02-13,0.0,0.0,0.0,10.10080821522891,14.02747341185227,1.8732851827648325,4.655929129379018,4.95920866727829,0.0,0.0,0.0,11,30.65749593922503,35.61670460650332,True,0.8607617206008222,2024-02-01,MESA_OPEN_DATA_2026,https://data.mesaaz.gov/d/5zhe-5nig,dataset 5zhe-5nig; retrieved 2026-08-22,study-derived after declared sensor and completeness QA
2024-02-14,0.0,0.0,0.0,9.610913286367088,13.675144124031068,1.749623745384783,4.540894476881949,5.030971129735311,0.0,0.0,0.0,11,29.576575632664888,34.6075467624002,True,0.8546279178852032,2024-02-01,MESA_OPEN_DATA_2026,https://data.mesaaz.gov/d/5zhe-5nig,dataset 5zhe-5nig; retrieved 2026-08-22,study-derived after declared sensor and completeness QA
2024-02-15,0.0,0.0,0.0,9.47921712935527,13.287066611074804,1.5850140800428996,4.503852260884263,5.023207048575084,0.0,0.0,0.0,11,28.855150081357237,33.87835712993232,True,0.8517281393159127,2024-02-01,MESA_OPEN_DATA_2026,https://data.mesaaz.gov/d/5zhe-5nig,dataset 5zhe-5nig; retrieved 2026-08-22,study-derived after declared sensor and completeness QA
2024-02-16,0.0,0.0,0.0,9.525587190891178,13.75287517685552,1.654549478571395,4.498121663928032,5.077235440413157,0.0,0.0,0.0,11,29.431133510246124,34.50836895065928,True,0.8528694460270584,2024-02-01,MESA_OPEN_DATA_2026,https://data.mesaaz.gov/d/5zhe-5nig,dataset 5zhe-5nig; retrieved 2026-08-22,study-derived after declared sensor and completeness QA
2024-02-17,0.0,0.0,0.0,9.002737791866616,13.80750627397992,1.693111939863725,4.459949346510525,5.068524539470673,0.0,0.8431041474557586,0.0,11,28.963305352220786,34.87493403914722,True,0.8304906131065191,2024-02-01,MESA_OPEN_DATA_2026,https://data.mesaaz.gov/d/5zhe-5nig,dataset 5zhe-5nig; retrieved 2026-08-22,study-derived after declared sensor and completeness QA
2024-02-18,0.0,0.0,0.0,8.89364674348507,13.266840394249543,1.756475345937299,4.481440463606229,5.0760630170504255,0.0,3.0031005853994026,0.0,11,28.398402947278143,36.47756654972797,True,0.7785169251508068,2024-02-01,MESA_OPEN_DATA_2026,https://data.mesaaz.gov/d/5zhe-5nig,dataset 5zhe-5nig; retrieved 2026-08-22,study-derived after declared sensor and completeness QA
2024-02-19,0.0,0.0,0.0,9.621031403943968,13.642643478881666,1.8416938929699036,4.619570673464735,5.002465923627217,0.0,3.2945208557777934,0.0,11,29.724939449260273,38.02192622866528,True,0.7817841545032038,2024-02-01,MESA_OPEN_DATA_2026,https://data.mesaaz.gov/d/5zhe-5nig,dataset 5zhe-5nig; retrieved 2026-08-22,study-derived after declared sensor and completeness QA
2024-02-20,0.0,0.0,0.0,10.769272353772369,13.666737335920336,1.7455985982653122,4.5859236518541975,4.968229552110036,0.0,0.5279583358723257,0.0,11,30.767531939812212,36.263719827794574,True,0.8484383865173762,2024-02-01,MESA_OPEN_DATA_2026,https://data.mesaaz.gov/d/5zhe-5nig,dataset 5zhe-5nig; retrieved 2026-08-22,study-derived after declared sensor and completeness QA
2024-02-21,0.0,0.0,0.0,9.723276119712326,13.866831158529084,1.818524467010124,4.7176946351925535,5.062199036280314,0.0,0.0083159722594751,0.0,11,30.12632638044409,35.19684138898388,True,0.8559383510440006,2024-02-01,MESA_OPEN_DATA_2026,https://data.mesaaz.gov/d/5zhe-5nig,dataset 5zhe-5nig; retrieved 2026-08-22,study-derived after declared sensor and completeness QA
2024-02-22,0.0,0.0,0.0,9.45710392916644,13.471629234095296,1.8021648395957772,4.554181119923487,5.1179319024086,0.0,0.0,0.0,11,29.285079122781003,34.4030110251896,True,0.8512359311032023,2024-02-01,MESA_OPEN_DATA_2026,https://data.mesaaz.gov/d/5zhe-5nig,dataset 5zhe-5nig; retrieved 2026-08-22,study-derived after declared sensor and completeness QA
2024-02-23,0.0,0.0,0.0,9.4722838054205,13.462560956946977,1.7744644369041571,4.532439092310463,5.089689115683238,0.0,0.0,0.0,11,29.2417482915821,34.331437407265334,True,0.8517484410773276,2024-02-01,MESA_OPEN_DATA_2026,https://data.mesaaz.gov/d/5zhe-5nig,dataset 5zhe-5nig; retrieved 2026-08-22,study-derived after declared sensor and completeness QA
2024-02-24,0.0,0.0,0.0,9.520976856880072,13.317677713338302,1.7180462502130942,4.514438660696024,5.097126026948293,0.0,0.0,0.0137472226465534,11,29.071139481127496,34.18201273072234,True,0.8504806229563755,2024-02-01,MESA_OPEN_DATA_2026,https://data.mesaaz.gov/d/5zhe-5nig,dataset 5zhe-5nig; retrieved 2026-08-22,study-derived after declared sensor and completeness QA
2024-02-25,0.0,0.0,0.0,9.482235388757966,13.289962071180344,1.7528491592940003,4.429114626513587,5.155510067939758,0.0,0.0,0.0002527777855801,11,28.9541612457459,34.10992409147124,True,0.8488485980825013,2024-02-01,MESA_OPEN_DATA_2026,https://data.mesaaz.gov/d/5zhe-5nig,dataset 5zhe-5nig; retrieved 2026-08-22,study-derived after declared sensor and completeness QA
2024-02-26,0.0,0.0,0.0,9.698032895062848,13.672357819599812,1.9223203510046003,4.593823496811222,5.051463584105174,0.0,0.0,0.0,11,29.886534562478484,34.93799814658366,True,0.8554163417459818,2024-02-01,MESA_OPEN_DATA_2026,https://data.mesaaz.gov/d/5zhe-5nig,dataset 5zhe-5nig; retrieved 2026-08-22,study-derived after declared sensor and completeness QA
2024-02-27,0.0,0.0,0.0,9.56000948925261,13.945253261640753,1.9338946795363103,4.689704032852695,5.033922175566356,0.0,0.0,0.0,11,30.12886146328237,35.16278363884872,True,0.8568394861092639,2024-02-01,MESA_OPEN_DATA_2026,https://data.mesaaz.gov/d/5zhe-5nig,dataset 5zhe-5nig; retrieved 2026-08-22,study-derived after declared sensor and completeness QA
2024-02-28,0.0,0.0,0.0,9.699317309751557,13.640481626987455,1.93115733803569,4.5632105049281755,5.143414616584778,0.0,0.0,0.0,11,29.834166779702876,34.977581396287654,True,0.8529511072160445,2024-02-01,MESA_OPEN_DATA_2026,https://data.mesaaz.gov/d/5zhe-5nig,dataset 5zhe-5nig; retrieved 2026-08-22,study-derived after declared sensor and completeness QA
2024-02-29,0.0,0.0,0.0,9.470229437405209,13.401322798883351,1.734973905724001,4.509241417050362,5.07662245631218,0.0,0.0,0.0,11,29.11576755906292,34.192390015375096,True,0.8515277097029661,2024-02-01,MESA_OPEN_DATA_2026,https://data.mesaaz.gov/d/5zhe-5nig,dataset 5zhe-5nig; retrieved 2026-08-22,study-derived after declared sensor and completeness QA
2024-03-02,0.0,0.0,0.0,9.550501708624047,13.362868654727937,1.6392736402057015,4.490218528442913,5.082085609436035,0.0,0.0,0.0,11,29.042862532000598,34.12494814143663,True,0.8510741880581776,2024-03-01,MESA_OPEN_DATA_2026,https://data.mesaaz.gov/d/5zhe-5nig,dataset 5zhe-5nig; retrieved 2026-08-22,study-derived after declared sensor and completeness QA
2024-03-03,0.0,0.0,0.0,9.540627867625824,13.367781275510788,1.7796724715878844,4.3777951333257885,5.184278865655263,0.0,0.0,0.0,11,29.065876748050286,34.25015561370555,True,0.8486348814257438,2024-03-01,MESA_OPEN_DATA_2026,https://data.mesaaz.gov/d/5zhe-5nig,dataset 5zhe-5nig; retrieved 2026-08-22,study-derived after declared sensor and completeness QA
2024-03-04,0.0,0.0,0.0,9.515112444047764,13.686431455612183,1.8107041009345195,4.495986181828711,5.006729741891225,0.0,0.0,0.0,11,29.508234182423173,34.5149639243144,True,0.8549403165285018,2024-03-01,MESA_OPEN_DATA_2026,https://data.mesaaz.gov/d/5zhe-5nig,dataset 5zhe-5nig; retrieved 2026-08-22,study-derived after declared sensor and completeness QA
2024-03-05,0.0,0.0,0.0,9.547587322768306,13.967776344946596,1.8328477591276169,4.790722395349112,5.047131975491841,0.0,0.0,0.0,11,30.138933822191632,35.186065797683476,True,0.8565587865232683,2024-03-01,MESA_OPEN_DATA_2026,https://data.mesaaz.gov/d/5zhe-5nig,dataset 5zhe-5nig; retrieved 2026-08-22,study-derived after declared sensor and completeness QA
2024-03-06,0.0,0.0,0.0,9.497487616853451,13.688362471085762,1.8254839832056835,4.464318127993331,5.15338393052419,0.0,0.0,0.0,11,29.475652199138228,34.62903612966242,True,0.8511831541822811,2024-03-01,MESA_OPEN_DATA_2026,https://data.mesaaz.gov/d/5zhe-5nig,dataset 5zhe-5nig; retrieved 2026-08-22,study-derived after declared sensor and completeness QA
2024-03-07,0.0,0.0,0.0,9.490921992729612,13.332684664136014,1.7225132963874124,4.433559498246798,5.161737084388733,0.0,0.0,0.0,11,28.979679451499837,34.14141653588857,True,0.8488130368298326,2024-03-01,MESA_OPEN_DATA_2026,https://data.mesaaz.gov/d/5zhe-5nig,dataset 5zhe-5nig; retrieved 2026-08-22,study-derived after declared sensor and completeness QA
2024-03-08,0.0,0.0,0.0,12.838589537931462,13.224249924671666,1.7360069825099065,4.36080006413198,5.153529425462087,0.0,0.0,0.0,11,32.159646509245015,37.313175934707104,True,0.861884460479053,2024-03-01,MESA_OPEN_DATA_2026,https://data.mesaaz.gov/d/5zhe-5nig,dataset 5zhe-5nig; retrieved 2026-08-22,study-derived after declared sensor and completeness QA
2024-03-09,0.0,0.0,0.0,13.076482854645562,13.3710877597332,1.756901688406158,4.454617844687568,5.158539295196533,0.0,0.0,0.0,11,32.65909014747249,37.81762944266902,True,0.8635943243608962,2024-03-01,MESA_OPEN_DATA_2026,https://data.mesaaz.gov/d/5zhe-5nig,dataset 5zhe-5nig; retrieved 2026-08-22,study-derived after declared sensor and completeness QA
2024-03-10,0.0,0.0,0.0,12.97960347784614,13.463095422574735,1.776003450363666,4.45114613772267,5.276191572348277,0.0,0.0,0.0,11,32.66984848850721,37.94604006085549,True,0.860955410264506,2024-03-01,MESA_OPEN_DATA_2026,https://data.mesaaz.gov/d/5zhe-5nig,dataset 5zhe-5nig; retrieved 2026-08-22,study-derived after declared sensor and completeness QA
2024-03-11,0.0,0.0,0.0,13.040340108027062,13.841826344730128,1.8971806525186512,4.56027608848927,5.174356400966644,0.0,0.0,0.0,11,33.33962319376511,38.51397959473175,True,0.8656499158120124,2024-03-01,MESA_OPEN_DATA_2026,https://data.mesaaz.gov/d/5zhe-5nig,dataset 5zhe-5nig; retrieved 2026-08-22,study-derived after declared sensor and completeness QA
2024-03-12,0.0,0.0,2.236111111111111,13.093971747493152,13.905853270157984,1.8926479308167143,4.677138202262041,5.00549320379893,0.0,0.0,0.0,11,35.805722261841005,40.81121546563993,True,0.8773500581472956,2024-03-01,MESA_OPEN_DATA_2026,https://data.mesaaz.gov/d/5zhe-5nig,dataset 5zhe-5nig; retrieved 2026-08-22,study-derived after declared sensor and completeness QA
2024-03-13,0.0,0.0,2.2708333333333335,13.018578712298638,13.601043647527694,1.786056150546235,4.647801919115914,5.137259701887767,0.0,0.0,0.0,11,35.32431376282182,40.46157346470958,True,0.8730336153049396,2024-03-01,MESA_OPEN_DATA_2026,https://data.mesaaz.gov/d/5zhe-5nig,dataset 5zhe-5nig; retrieved 2026-08-22,study-derived after declared sensor and completeness QA
2024-03-14,0.0,0.0,0.0,12.890460448281353,13.421610605783302,1.7156666768532174,4.508461110439141,5.146646400292714,0.0,0.0,0.0,11,32.53619884135701,37.68284524164973,True,0.8634220328298278,2024-03-01,MESA_OPEN_DATA_2026,https://data.mesaaz.gov/d/5zhe-5nig,dataset 5zhe-5nig; retrieved 2026-08-22,study-derived after declared sensor and completeness QA
2024-03-15,0.0,0.0,0.0,13.11115458646858,13.457030880451205,1.7337954052666713,4.496218570404583,5.211664160092671,0.0,0.0,0.0,11,32.79819944259104,38.009863602683716,True,0.8628865334911462,2024-03-01,MESA_OPEN_DATA_2026,https://data.mesaaz.gov/d/5zhe-5nig,dataset 5zhe-5nig; retrieved 2026-08-22,study-derived after declared sensor and completeness QA
2024-03-16,0.0,0.0,0.0,13.335275165662676,13.342359714428252,1.6431160453502638,4.495024189352989,5.114266832669576,0.0,0.0,0.0,11,32.81577511479418,37.93004194746376,True,0.8651658007720302,2024-03-01,MESA_OPEN_DATA_2026,https://data.mesaaz.gov/d/5zhe-5nig,dataset 5zhe-5nig; retrieved 2026-08-22,study-derived after declared sensor and completeness QA
2024-03-17,0.0,0.0,0.0,13.768452341907002,13.59230258633928,1.9104050630087923,4.552562878873503,5.122330407301585,0.0,0.0,0.0,11,33.82372287012858,38.94605327743016,True,0.8684762645700469,2024-03-01,MESA_OPEN_DATA_2026,https://data.mesaaz.gov/d/5zhe-5nig,dataset 5zhe-5nig; retrieved 2026-08-22,study-derived after declared sensor and completeness QA
2024-03-18,0.0,0.0,0.0,13.11757042610811,13.648935172348342,1.812461532996251,4.503266383644268,5.029781758785248,0.0,0.0,0.0,11,33.08223351509697,38.11201527388222,True,0.8680263501512577,2024-03-01,MESA_OPEN_DATA_2026,https://data.mesaaz.gov/d/5zhe-5nig,dataset 5zhe-5nig; retrieved 2026-08-22,study-derived after declared sensor and completeness QA
2024-03-19,0.0,0.0,0.0,13.177486119842916,13.65482474565506,1.6423284464022692,4.550784763362673,5.001966555913289,0.0,0.0,0.0,11,33.02542407526292,38.02739063117621,True,0.8684641130277159,2024-03-01,MESA_OPEN_DATA_2026,https://data.mesaaz.gov/d/5zhe-5nig,dataset 5zhe-5nig; retrieved 2026-08-22,study-derived after declared sensor and completeness QA
2024-03-20,0.0,0.0,0.0,12.880559418891314,13.425603037295136,1.5914062382653356,4.4700558819137255,5.050913234551747,0.0,0.0,0.0,11,32.36762457636551,37.41853781091726,True,0.8650157507469975,2024-03-01,MESA_OPEN_DATA_2026,https://data.mesaaz.gov/d/5zhe-5nig,dataset 5zhe-5nig; retrieved 2026-08-22,study-derived after declared sensor and completeness QA
2024-03-21,0.0,0.0,0.0,12.433707188169162,13.236192327878737,1.7195274236333018,4.500197844372855,5.069820483525594,0.0,0.0,0.0,11,31.889624784054057,36.95944526757965,True,0.8628274735505087,2024-03-01,MESA_OPEN_DATA_2026,https://data.mesaaz.gov/d/5zhe-5nig,dataset 5zhe-5nig; retrieved 2026-08-22,study-derived after declared sensor and completeness QA
2024-03-22,0.0,0.0,0.0,11.38575277995318,13.696562880277634,1.638877568961857,4.516611302892367,5.10293710231781,0.0,0.0,0.0,11,31.237804532085036,36.340741634402846,True,0.859580821061533,2024-03-01,MESA_OPEN_DATA_2026,https://data.mesaaz.gov/d/5zhe-5nig,dataset 5zhe-5nig; retrieved 2026-08-22,study-derived after declared sensor and completeness QA
2024-03-23,0.0,0.0,0.0,13.221068791945775,13.626199769973756,1.5762037351852705,4.44284721215566,5.139558434486389,0.0,0.0,0.0,11,32.866319509260464,38.00587794374685,True,0.8647693800918496,2024-03-01,MESA_OPEN_DATA_2026,https://data.mesaaz.gov/d/5zhe-5nig,dataset 5zhe-5nig; retrieved 2026-08-22,study-derived after declared sensor and completeness QA
2024-03-24,0.0,0.0,0.0,6.937120639610102,13.724318826198578,1.6117891780301636,4.463441191448106,5.176032940546672,0.0485138866636488,0.0,0.0,11,26.73666983528695,31.96121666249727,True,0.8365347952056934,2024-03-01,MESA_OPEN_DATA_2026,https://data.mesaaz.gov/d/5zhe-5nig,dataset 5zhe-5nig; retrieved 2026-08-22,study-derived after declared sensor and completeness QA
2024-03-25,0.0,0.0,0.0,8.955256949461193,13.999601614160232,1.657512606864565,4.57327799167898,5.076970160007477,9.961207876602808,0.0,0.0,11,29.18564916216497,44.223827198775254,True,0.6599530391384408,2024-03-01,MESA_OPEN_DATA_2026,https://data.mesaaz.gov/d/5zhe-5nig,dataset 5zhe-5nig; retrieved 2026-08-22,study-derived after declared sensor and completeness QA
2024-03-27,0.0,0.0,0.0,13.4631240478158,14.334277971020304,1.7277711241178109,4.630445151252507,5.108377138773601,0.0,0.0,0.0,11,34.15561829420642,39.26399543298002,True,0.8698966551304459,2024-03-01,MESA_OPEN_DATA_2026,https://data.mesaaz.gov/d/5zhe-5nig,dataset 5zhe-5nig; retrieved 2026-08-22,study-derived after declared sensor and completeness QA
2024-03-28,0.0,0.0,0.0,13.017360559727395,15.637628593763155,1.5907537937164309,4.544044325845795,5.113316237926483,0.0,0.0,0.0,11,34.789787273052774,39.90310351097926,True,0.8718566781022543,2024-03-01,MESA_OPEN_DATA_2026,https://data.mesaaz.gov/d/5zhe-5nig,dataset 5zhe-5nig; retrieved 2026-08-22,study-derived after declared sensor and completeness QA
2024-03-29,0.0,0.0,0.0,11.998523535791923,13.909926350159838,1.636976645471689,4.550781360930866,5.171531796455383,0.0,0.0,0.0,11,32.096207892354315,37.2677396888097,True,0.861233017090966,2024-03-01,MESA_OPEN_DATA_2026,https://data.mesaaz.gov/d/5zhe-5nig,dataset 5zhe-5nig; retrieved 2026-08-22,study-derived after declared sensor and completeness QA
2024-03-30,0.0,0.0,0.0,12.549857274735416,13.764895626429396,1.5073943654416313,4.434906649073769,5.255590955416362,0.0,0.0,0.0279805564192227,11,32.25705391568021,37.54062542751579,True,0.8592572326202393,2024-03-01,MESA_OPEN_DATA_2026,https://data.mesaaz.gov/d/5zhe-5nig,dataset 5zhe-5nig; retrieved 2026-08-22,study-derived after declared sensor and completeness QA
2024-03-31,0.0,0.0,0.0,13.01892344295529,14.281093705048647,1.5375087069933766,4.724598588830968,5.152925292650859,0.0,0.0,9.7222225223e-06,11,33.56212444382828,38.71505945870166,True,0.8669010176680693,2024-03-01,MESA_OPEN_DATA_2026,https://data.mesaaz.gov/d/5zhe-5nig,dataset 5zhe-5nig; retrieved 2026-08-22,study-derived after declared sensor and completeness QA
2024-04-02,0.0,0.0,0.0,13.047508919285956,15.031002136861831,1.4781516884987274,4.848638799455431,5.05143666267395,0.0,0.0,0.0,11,34.405301544101945,39.456738206775896,True,0.8719753103715383,2024-04-01,MESA_OPEN_DATA_2026,https://data.mesaaz.gov/d/5zhe-5nig,dataset 5zhe-5nig; retrieved 2026-08-22,study-derived after declared sensor and completeness QA
2024-04-03,0.0,0.0,0.0,12.98361332066577,14.554781249236,1.595926410018311,4.809996540347735,5.254020194212596,0.0,0.0,0.0059958304899218,11,33.944317520267816,39.20433354497033,True,0.8658307500963157,2024-04-01,MESA_OPEN_DATA_2026,https://data.mesaaz.gov/d/5zhe-5nig,dataset 5zhe-5nig; retrieved 2026-08-22,study-derived after declared sensor and completeness QA
2024-04-04,0.0,0.0,0.0,12.293027450515138,13.987041720785356,1.4815342906471731,4.673380894823319,5.0456235607465105,0.0,0.0,4.1666667028e-06,11,32.43498435677099,37.48061208418421,True,0.8653803274055298,2024-04-01,MESA_OPEN_DATA_2026,https://data.mesaaz.gov/d/5zhe-5nig,dataset 5zhe-5nig; retrieved 2026-08-22,study-derived after declared sensor and completeness QA
2024-04-05,0.0,0.0,0.0,12.713286944142094,13.859693847326849,1.4504098613497236,4.6563406500905815,5.099995752175649,0.0,0.0,0.0,11,32.679731302909246,37.7797270550849,True,0.8650070778769899,2024-04-01,MESA_OPEN_DATA_2026,https://data.mesaaz.gov/d/5zhe-5nig,dataset 5zhe-5nig; retrieved 2026-08-22,study-derived after declared sensor and completeness QA
2024-04-06,0.0,0.0,0.0,13.14279875467773,13.789023169224384,1.5266932945291536,4.623803343660145,5.09804755449295,0.0,0.0,0.0,11,33.08231856209141,38.18036611658436,True,0.8664746288988958,2024-04-01,MESA_OPEN_DATA_2026,https://data.mesaaz.gov/d/5zhe-5nig,dataset 5zhe-5nig; retrieved 2026-08-22,study-derived after declared sensor and completeness QA
2024-04-07,0.0,0.0,0.0,13.45322939743511,13.6492646267749,1.568846135873061,4.482502525096307,5.16216653585434,0.0,0.0,0.0,11,33.15384268517938,38.31600922103372,True,0.8652738988010121,2024-04-01,MESA_OPEN_DATA_2026,https://data.mesaaz.gov/d/5zhe-5nig,dataset 5zhe-5nig; retrieved 2026-08-22,study-derived after declared sensor and completeness QA
2024-04-08,0.0,0.0,0.0,13.85987280866338,14.333412265777588,1.7055211223745614,4.612763203375036,4.961277564366658,0.0,0.0,0.0,11,34.51156940019057,39.47284696455723,True,0.8743116358234458,2024-04-01,MESA_OPEN_DATA_2026,https://data.mesaaz.gov/d/5zhe-5nig,dataset 5zhe-5nig; retrieved 2026-08-22,study-derived after declared sensor and completeness QA
2024-04-09,0.0,0.0,0.0,13.056477333160778,14.590660469256788,1.617484477578501,4.842357245147684,4.924871464570363,0.0,0.0,0.0,11,34.10697952514375,39.031850989714115,True,0.8738242911957161,2024-04-01,MESA_OPEN_DATA_2026,https://data.mesaaz.gov/d/5zhe-5nig,dataset 5zhe-5nig; retrieved 2026-08-22,study-derived after declared sensor and completeness QA
2024-04-10,0.0,0.0,0.0,12.886185950176452,14.038724547624588,1.6583279156819957,4.715305452545484,5.060011684894562,0.0,0.0,0.0,11,33.29854386602852,38.35855555092308,True,0.8680864904264416,2024-04-01,MESA_OPEN_DATA_2026,https://data.mesaaz.gov/d/5zhe-5nig,dataset 5zhe-5nig; retrieved 2026-08-22,study-derived after declared sensor and completeness QA
2024-04-11,0.0,0.0,0.0,13.129465661589746,13.57793354358063,1.5025490492289733,4.704194708560206,5.076725721359253,0.0,0.0,0.0,11,32.91414296295956,37.99086868431881,True,0.8663698436710205,2024-04-01,MESA_OPEN_DATA_2026,https://data.mesaaz.gov/d/5zhe-5nig,dataset 5zhe-5nig; retrieved 2026-08-22,study-derived after declared sensor and completeness QA
2024-04-12,0.0,0.0,0.0,12.162134127869374,13.522618645429612,1.591612971228037,4.616191914119733,5.11236576239268,0.0,0.0,0.0,11,31.89255765864676,37.004923421039436,True,0.8618463358449756,2024-04-01,MESA_OPEN_DATA_2026,https://data.mesaaz.gov/d/5zhe-5nig,dataset 5zhe-5nig; retrieved 2026-08-22,study-derived after declared sensor and completeness QA
2024-04-13,0.0,0.0,0.0,12.486100583312412,13.499964790423933,1.5317050183667298,4.583753647075759,5.064881821473439,0.0,0.0,0.0069902779935445,11,32.101524039178834,37.17339613864582,True,0.8635617773380081,2024-04-01,MESA_OPEN_DATA_2026,https://data.mesaaz.gov/d/5zhe-5nig,dataset 5zhe-5nig; retrieved 2026-08-22,study-derived after declared sensor and completeness QA
2024-04-14,0.0,0.0,0.0,12.987505518929272,13.51047394570787,1.626499265726598,4.622975075244904,5.117200493812561,0.0,0.0,0.0099958331104264,11,32.74745380560864,37.87465013253163,True,0.8646272293214112,2024-04-01,MESA_OPEN_DATA_2026,https://data.mesaaz.gov/d/5zhe-5nig,dataset 5zhe-5nig; retrieved 2026-08-22,study-derived after declared sensor and completeness QA
2024-04-15,0.0,0.0,0.0,12.557948367655229,13.863833892328849,1.7038903954658615,4.750750184059143,5.0435684521993,0.0,0.0,0.0389597230254569,11,32.87642283950908,37.95895101473384,True,0.8661046198760349,2024-04-01,MESA_OPEN_DATA_2026,https://data.mesaaz.gov/d/5zhe-5nig,dataset 5zhe-5nig; retrieved 2026-08-22,study-derived after declared sensor and completeness QA
2024-04-16,0.0,0.0,0.0,12.557605200794878,14.032999968528747,1.830253146931716,4.80665009021759,5.010764956474304,0.0,0.0,5.41666677842e-05,11,33.22750840647293,38.23832752961502,True,0.8689582038005902,2024-04-01,MESA_OPEN_DATA_2026,https://data.mesaaz.gov/d/5zhe-5nig,dataset 5zhe-5nig; retrieved 2026-08-22,study-derived after declared sensor and completeness QA
2024-04-17,0.0,0.0,0.0,11.060337606088464,13.701530514985404,2.013888276611151,4.648102903465499,4.966171781222026,0.0,0.0,0.0,11,31.423859301150518,36.390031082372545,True,0.8635293338996993,2024-04-01,MESA_OPEN_DATA_2026,https://data.mesaaz.gov/d/5zhe-5nig,dataset 5zhe-5nig; retrieved 2026-08-22,study-derived after declared sensor and completeness QA
2024-04-18,0.0,0.0,0.0,11.074402287657614,13.429452395397393,1.924703727828132,4.715169287774256,4.662790656089783,0.0,0.0,0.0,11,31.143727698657393,35.806518354747176,True,0.8697781613421904,2024-04-01,MESA_OPEN_DATA_2026,https://data.mesaaz.gov/d/5zhe-5nig,dataset 5zhe-5nig; retrieved 2026-08-22,study-derived after declared sensor and completeness QA
2024-04-19,0.0,0.0,0.0,11.136263038095224,13.503070758453347,1.9939358962766716,4.735522406061269,4.634087979793549,0.0,0.0,0.031955557073363,11,31.36879209888651,36.03483563575342,True,0.8705129784958058,2024-04-01,MESA_OPEN_DATA_2026,https://data.mesaaz.gov/d/5zhe-5nig,dataset 5zhe-5nig; retrieved 2026-08-22,study-derived after declared sensor and completeness QA
2024-04-20,0.0,0.0,0.0,11.0852191967854,13.422764060540754,1.9572711687692457,4.676529435394202,4.667746623357137,0.0,0.0,4.44444465554e-05,11,31.1417838614896,35.8095749292933,True,0.8696496376452292,2024-04-01,MESA_OPEN_DATA_2026,https://data.mesaaz.gov/d/5zhe-5nig,dataset 5zhe-5nig; retrieved 2026-08-22,study-derived after declared sensor and completeness QA
2024-04-21,0.0,0.0,0.0,11.574179781385594,13.408483241891265,1.8585077586046943,4.59407789816611,4.649715522925059,0.0,0.0,0.0,11,31.43524868004766,36.08496420297272,True,0.8711453474978919,2024-04-01,MESA_OPEN_DATA_2026,https://data.mesaaz.gov/d/5zhe-5nig,dataset 5zhe-5nig; retrieved 2026-08-22,study-derived after declared sensor and completeness QA
2024-04-22,0.0,0.0,0.0,11.196478433691793,13.85065927266077,1.9930418332695297,4.739217148942092,4.673638025919597,0.0,0.0,0.0,11,31.779396688564187,36.453034714483785,True,0.8717901523830434,2024-04-01,MESA_OPEN_DATA_2026,https://data.mesaaz.gov/d/5zhe-5nig,dataset 5zhe-5nig; retrieved 2026-08-22,study-derived after declared sensor and completeness QA
2024-04-23,0.0,0.0,0.0,11.606436546869851,14.058401498953945,1.9015224627826528,4.8882674175413765,4.566856205463409,0.0,0.0,0.0,11,32.45462792614782,37.02148413161123,True,0.8766430813732844,2024-04-01,MESA_OPEN_DATA_2026,https://data.mesaaz.gov/d/5zhe-5nig,dataset 5zhe-5nig; retrieved 2026-08-22,study-derived after declared sensor and completeness QA
2024-04-24,0.0,0.0,0.0,11.262263590268514,13.755735929221204,1.883701980364774,4.841301961800651,4.603046675523122,0.0,0.0,0.0,11,31.743003461655142,36.34605013717827,True,0.8733549681973646,2024-04-01,MESA_OPEN_DATA_2026,https://data.mesaaz.gov/d/5zhe-5nig,dataset 5zhe-5nig; retrieved 2026-08-22,study-derived after declared sensor and completeness QA
2024-04-25,0.0,0.0,0.0,11.09042069517076,13.442649912834169,1.9388572749766435,4.764926352709677,4.63696817557017,0.0,0.0,0.0,11,31.236854235691247,35.873822411261415,True,0.8707422888363705,2024-04-01,MESA_OPEN_DATA_2026,https://data.mesaaz.gov/d/5zhe-5nig,dataset 5zhe-5nig; retrieved 2026-08-22,study-derived after declared sensor and completeness QA
2024-04-26,0.0,0.0,0.0,11.216404797396756,13.378392742739784,1.8512202992109257,4.757149970531463,4.609190106391907,0.0,0.0,0.0,11,31.203167809878927,35.812357916270834,True,0.8712961007156196,2024-04-01,MESA_OPEN_DATA_2026,https://data.mesaaz.gov/d/5zhe-5nig,dataset 5zhe-5nig; retrieved 2026-08-22,study-derived after declared sensor and completeness QA
2024-04-27,0.0,0.0,0.0,11.112942623808651,13.289113224464597,1.8507332375344647,4.647801926435904,4.623746434847514,0.0,0.0,0.0239666668749931,11,30.900591012243616,35.54830411396612,True,0.869256404276779,2024-04-01,MESA_OPEN_DATA_2026,https://data.mesaaz.gov/d/5zhe-5nig,dataset 5zhe-5nig; retrieved 2026-08-22,study-derived after declared sensor and completeness QA
2024-04-28,0.0,0.0,0.0,10.970220986313867,13.3738023241361,1.8500541690029677,4.684974160767662,4.6868459184964495,0.0,0.0,5.00000004346e-05,11,30.8790516402206,35.56594755871748,True,0.8682195684296315,2024-04-01,MESA_OPEN_DATA_2026,https://data.mesaaz.gov/d/5zhe-5nig,dataset 5zhe-5nig; retrieved 2026-08-22,study-derived after declared sensor and completeness QA
2024-04-29,0.0,0.0,0.0,12.269710180574544,13.606211460298962,1.9521436109509267,4.738649773597717,4.6178838809331255,0.0,0.0,0.0,11,32.56671502542215,37.184598906355276,True,0.8758119216893347,2024-04-01,MESA_OPEN_DATA_2026,https://data.mesaaz.gov/d/5zhe-5nig,dataset 5zhe-5nig; retrieved 2026-08-22,study-derived after declared sensor and completeness QA
2024-04-30,0.0,0.0,0.0,10.014356859517111,13.39239291047528,1.8578939038449613,4.756337627283555,4.581003030141195,0.0,0.0,0.0,11,30.020981301120905,34.6019843312621,True,0.8676086612176642,2024-04-01,MESA_OPEN_DATA_2026,https://data.mesaaz.gov/d/5zhe-5nig,dataset 5zhe-5nig; retrieved 2026-08-22,study-derived after declared sensor and completeness QA
2024-05-02,0.0,0.0,0.0,9.617146468350182,12.807041863600412,1.9153644704584325,4.700350817414603,4.597963472207387,0.0,0.0,0.0099791664436149,11,29.03990361982363,33.64784625847463,True,0.8630538607655927,2024-05-01,MESA_OPEN_DATA_2026,https://data.mesaaz.gov/d/5zhe-5nig,dataset 5zhe-5nig; retrieved 2026-08-22,study-derived after declared sensor and completeness QA
2024-05-03,0.0,0.0,0.0,9.677495655928926,12.884027342001596,1.8935680802953376,4.682425448594613,4.74707692861557,0.0,0.0,2.08333328676e-05,11,29.137516526820477,33.884614288768915,True,0.8599040342766461,2024-05-01,MESA_OPEN_DATA_2026,https://data.mesaaz.gov/d/5zhe-5nig,dataset 5zhe-5nig; retrieved 2026-08-22,study-derived after declared sensor and completeness QA
2024-05-04,0.0,0.0,0.0,9.734822368094514,12.84121154414283,1.7319766737246312,4.747325074672699,4.644890904426575,0.0,0.0,0.0,11,29.05533566063467,33.70022656506124,True,0.8621703359928693,2024-05-01,MESA_OPEN_DATA_2026,https://data.mesaaz.gov/d/5zhe-5nig,dataset 5zhe-5nig; retrieved 2026-08-22,study-derived after declared sensor and completeness QA
2024-05-05,0.0,0.0,0.0,9.640063083342932,12.768340594238705,1.9594627781424008,4.621281868729562,4.7083112597465515,0.0,0.0,0.0,11,28.989148324453602,33.69745958420015,True,0.8602769669333129,2024-05-01,MESA_OPEN_DATA_2026,https://data.mesaaz.gov/d/5zhe-5nig,dataset 5zhe-5nig; retrieved 2026-08-22,study-derived after declared sensor and completeness QA
2024-05-06,0.0,0.0,0.0,10.689734466101692,13.039045198096169,1.8575691874210651,4.725246335932874,4.623897572358449,0.0,0.0,0.0,11,30.311595187551795,34.93549275991025,True,0.8676447015035511,2024-05-01,MESA_OPEN_DATA_2026,https://data.mesaaz.gov/d/5zhe-5nig,dataset 5zhe-5nig; retrieved 2026-08-22,study-derived after declared sensor and completeness QA
2024-05-07,0.0,0.0,0.0,9.516132423902553,13.245824172533272,1.989699977636337,4.848900234699249,4.601767281691234,0.0,0.0,0.0,11,29.600556808771408,34.20232409046264,True,0.8654545442724917,2024-05-01,MESA_OPEN_DATA_2026,https://data.mesaaz.gov/d/5zhe-5nig,dataset 5zhe-5nig; retrieved 2026-08-22,study-derived after declared sensor and completeness QA
2024-05-08,0.0,0.0,0.0,9.617323041152623,13.007707514252218,1.8276384216088517,4.755476513863273,4.602699895699819,0.0,0.0,0.0,11,29.208145490876966,33.81084538657679,True,0.8638691271077436,2024-05-01,MESA_OPEN_DATA_2026,https://data.mesaaz.gov/d/5zhe-5nig,dataset 5zhe-5nig; retrieved 2026-08-22,study-derived after declared sensor and completeness QA
2024-05-09,0.0,0.0,0.0,9.568080247228297,12.850860993067425,1.7204248890113294,4.697425091266632,4.588516751925151,0.0,0.0,0.0,11,28.836791220573687,33.425307972498835,True,0.8627232767548344,2024-05-01,MESA_OPEN_DATA_2026,https://data.mesaaz.gov/d/5zhe-5nig,dataset 5zhe-5nig; retrieved 2026-08-22,study-derived after declared sensor and completeness QA
2024-05-10,0.0,0.0,0.0,9.522488460011298,13.06643830649191,1.8663966498394915,4.6872255893534485,4.617703080177307,0.0,0.0,0.0,11,29.142549005696146,33.760252085873454,True,0.8632207168230972,2024-05-01,MESA_OPEN_DATA_2026,https://data.mesaaz.gov/d/5zhe-5nig,dataset 5zhe-5nig; retrieved 2026-08-22,study-derived after declared sensor and completeness QA
2024-05-11,0.0,0.0,0.0,9.445406965998528,12.755253944556362,1.875,4.684075009822846,4.548586487770081,0.0,0.0,0.0,11,28.759735920377732,33.308322408147816,True,0.863439940564001,2024-05-01,MESA_OPEN_DATA_2026,https://data.mesaaz.gov/d/5zhe-5nig,dataset 5zhe-5nig; retrieved 2026-08-22,study-derived after declared sensor and completeness QA
2024-05-12,0.0,0.0,0.0,9.49640732306697,12.718038191397984,1.6830310993154198,4.5416551810146535,4.623908956845601,0.0,0.0,0.0,11,28.43913179479503,33.063040751640635,True,0.8601487082939836,2024-05-01,MESA_OPEN_DATA_2026,https://data.mesaaz.gov/d/5zhe-5nig,dataset 5zhe-5nig; retrieved 2026-08-22,study-derived after declared sensor and completeness QA
2024-05-13,0.0,0.0,0.0,9.497702621674398,12.759013583262762,1.9995724259345116,4.5613989710642,4.638525485992432,0.0,0.0,0.0,11,28.817687601935873,33.456213087928305,True,0.861355334095893,2024-05-01,MESA_OPEN_DATA_2026,https://data.mesaaz.gov/d/5zhe-5nig,dataset 5zhe-5nig; retrieved 2026-08-22,study-derived after declared sensor and completeness QA
2024-05-14,0.0,0.0,0.0,9.565455912510926,12.707545367154207,2.0037722284938453,4.589297214811317,4.674028972784678,0.0,0.0,0.0,11,28.866070722970292,33.54009969575497,True,0.8606435575569786,2024-05-01,MESA_OPEN_DATA_2026,https://data.mesaaz.gov/d/5zhe-5nig,dataset 5zhe-5nig; retrieved 2026-08-22,study-derived after declared sensor and completeness QA
2024-05-15,0.0,0.0,0.0,9.013712484966272,12.8377255598704,2.250793058099881,4.551000189781189,4.771062036355336,0.0,0.0,0.0089812496133769,11,28.653231292717738,33.43327457868645,True,0.8570273673098128,2024-05-01,MESA_OPEN_DATA_2026,https://data.mesaaz.gov/d/5zhe-5nig,dataset 5zhe-5nig; retrieved 2026-08-22,study-derived after declared sensor and completeness QA
2024-05-16,0.0,0.0,0.0,9.592153243077863,12.55194820227496,2.0907596378380373,4.552924769834555,4.750227153301239,0.0,0.0,2.49999989238e-05,11,28.787785853025415,33.53803800632557,True,0.8583622526635513,2024-05-01,MESA_OPEN_DATA_2026,https://data.mesaaz.gov/d/5zhe-5nig,dataset 5zhe-5nig; retrieved 2026-08-22,study-derived after declared sensor and completeness QA
2024-05-17,0.0,0.0,0.0,8.988383454848027,11.114489493595856,2.204936178291545,5.93065052913907,4.742720782756805,0.0,0.0,0.084763889780475,11,28.2384596558745,33.06594432841178,True,0.8540043307219481,2024-05-01,MESA_OPEN_DATA_2026,https://data.mesaaz.gov/d/5zhe-5nig,dataset 5zhe-5nig; retrieved 2026-08-22,study-derived after declared sensor and completeness QA
2024-05-18,0.0,0.0,1.6620417180988525,9.60443964154992,10.54698568666485,2.100858272887419,6.267275094985962,4.727967619895935,0.0,0.0,0.0002361111135946,11,30.181600414187002,34.90980414519653,True,0.864559431174577,2024-05-01,MESA_OPEN_DATA_2026,https://data.mesaaz.gov/d/5zhe-5nig,dataset 5zhe-5nig; retrieved 2026-08-22,study-derived after declared sensor and completeness QA
2024-05-19,0.0,0.0,3.9968124613165856,9.509572264806916,10.508668663478131,2.2359768849152784,6.31789824561383,4.719200611114502,0.0,0.0,0.0,11,32.56892852013074,37.28812913124524,True,0.8734395980419385,2024-05-01,MESA_OPEN_DATA_2026,https://data.mesaaz.gov/d/5zhe-5nig,dataset 5zhe-5nig; retrieved 2026-08-22,study-derived after declared sensor and completeness QA
2024-05-20,0.0,0.0,4.701888696352641,10.380682161464184,11.148285133737913,2.0812875405267444,6.519846508285915,4.683047393957774,0.0,0.0,0.0,11,34.8319900403674,39.51503743432517,True,0.8814869553966361,2024-05-01,MESA_OPEN_DATA_2026,https://data.mesaaz.gov/d/5zhe-5nig,dataset 5zhe-5nig; retrieved 2026-08-22,study-derived after declared sensor and completeness QA
2024-05-21,0.0,0.0,4.660277624924977,9.597587270405558,11.627725782500669,2.0975317594695224,6.613717246637112,4.641967197259267,0.0,0.0,0.0,11,34.59683968393784,39.23880688119711,True,0.8816995834936139,2024-05-01,MESA_OPEN_DATA_2026,https://data.mesaaz.gov/d/5zhe-5nig,dataset 5zhe-5nig; retrieved 2026-08-22,study-derived after declared sensor and completeness QA
2024-05-22,0.0,0.0,4.679166495800018,9.454172861415428,11.749233669408872,2.1907476312500513,6.405407607804087,4.718746900558472,0.0,0.0,0.7299666600094901,11,34.478728265678456,39.927441826246415,True,0.8635346190151799,2024-05-01,MESA_OPEN_DATA_2026,https://data.mesaaz.gov/d/5zhe-5nig,dataset 5zhe-5nig; retrieved 2026-08-22,study-derived after declared sensor and completeness QA
2024-05-23,0.0,0.0,4.71999979019165,9.669426593899423,10.956795634665529,2.136304103411161,6.37075041200321,4.717522084712982,0.0,0.0,0.0020333333147896,11,33.85327653417097,38.57283195219875,True,0.8776456075645037,2024-05-01,MESA_OPEN_DATA_2026,https://data.mesaaz.gov/d/5zhe-5nig,dataset 5zhe-5nig; retrieved 2026-08-22,study-derived after declared sensor and completeness QA
2024-05-24,0.0,0.0,4.5228749781847,7.770317160421303,10.959104574388927,2.414401318345751,6.353425452409311,4.325055102507274,0.0,0.0,0.0,11,32.02012348374999,36.34517858625726,True,0.8810005818999429,2024-05-01,MESA_OPEN_DATA_2026,https://data.mesaaz.gov/d/5zhe-5nig,dataset 5zhe-5nig; retrieved 2026-08-22,study-derived after declared sensor and completeness QA
2024-05-25,0.0,0.0,2.8876737111972437,9.457722874168756,10.823509431846947,2.0345077753067016,6.357874810695648,4.6435816287994385,0.0,0.0,0.035899998454584,11,31.561288603215296,36.240770230469316,True,0.8708779753439191,2024-05-01,MESA_OPEN_DATA_2026,https://data.mesaaz.gov/d/5zhe-5nig,dataset 5zhe-5nig; retrieved 2026-08-22,study-derived after declared sensor and completeness QA
2024-05-26,0.0,0.0,0.647625021636486,9.57911915696936,10.822728763866822,2.08219574639495,6.282926466665473,4.679032762845357,0.0,0.0,9.99999956952e-05,11,29.414595155533092,34.09372791837415,True,0.8627567869948499,2024-05-01,MESA_OPEN_DATA_2026,https://data.mesaaz.gov/d/5zhe-5nig,dataset 5zhe-5nig; retrieved 2026-08-22,study-derived after declared sensor and completeness QA
2024-05-27,0.0,0.0,0.0,9.55220789939234,10.92517042822308,2.1030547067898664,6.216650152206421,4.638951003551483,0.0,0.0,0.0,11,28.797083186611708,33.43603419016319,True,0.8612589346820249,2024-05-01,MESA_OPEN_DATA_2026,https://data.mesaaz.gov/d/5zhe-5nig,dataset 5zhe-5nig; retrieved 2026-08-22,study-derived after declared sensor and completeness QA
2024-05-28,0.0,0.0,0.0,9.7120091121085,10.537552148103714,1.8059615758749157,6.133100044727326,4.5441907842954,0.0,0.0,0.0,11,28.188622880814453,32.73281366510985,True,0.8611732303007277,2024-05-01,MESA_OPEN_DATA_2026,https://data.mesaaz.gov/d/5zhe-5nig,dataset 5zhe-5nig; retrieved 2026-08-22,study-derived after declared sensor and completeness QA
2024-05-29,0.0,0.0,0.0,9.58567180044673,10.827399870616505,2.0566109028239707,6.600949919223785,4.544889767964681,0.0,0.0,0.0,11,29.070632493110992,33.615522261075675,True,0.8647978831723423,2024-05-01,MESA_OPEN_DATA_2026,https://data.mesaaz.gov/d/5zhe-5nig,dataset 5zhe-5nig; retrieved 2026-08-22,study-derived after declared sensor and completeness QA
2024-05-30,0.0,0.0,0.0,9.44623005975899,10.523160971742769,2.1552215212659203,6.528698995178351,4.62335870663325,0.0,0.0,0.0,11,28.653311547946032,33.27667025457928,True,0.8610630609594415,2024-05-01,MESA_OPEN_DATA_2026,https://data.mesaaz.gov/d/5zhe-5nig,dataset 5zhe-5nig; retrieved 2026-08-22,study-derived after declared sensor and completeness QA
2024-05-31,0.0,0.0,0.0,9.544142604139115,10.17482806931593,2.048670182409084,0.9862840079089604,4.614750186602275,0.0,0.0,0.0,11,22.75392486377309,27.368675050375366,True,0.8313856926537997,2024-05-01,MESA_OPEN_DATA_2026,https://data.mesaaz.gov/d/5zhe-5nig,dataset 5zhe-5nig; retrieved 2026-08-22,study-derived after declared sensor and completeness QA
2024-06-02,0.0,0.0,0.0,9.507990836677727,2.5502445207701787,1.9776384802965017,0.0,4.6548499663670855,0.0,0.0,0.0,11,14.035873837744408,18.690723804111492,True,0.7509540018271987,2024-06-01,MESA_OPEN_DATA_2026,https://data.mesaaz.gov/d/5zhe-5nig,dataset 5zhe-5nig; retrieved 2026-08-22,study-derived after declared sensor and completeness QA
2024-06-03,0.0,0.0,0.0,10.522587012309511,0.0017797203330726,2.00620794338299,0.0,4.53199424346288,0.0,0.0,0.0,11,12.530574676025573,17.062568919488452,True,0.7343896886308517,2024-06-01,MESA_OPEN_DATA_2026,https://data.mesaaz.gov/d/5zhe-5nig,dataset 5zhe-5nig; retrieved 2026-08-22,study-derived after declared sensor and completeness QA
2024-06-04,0.0,0.0,0.0,3.7490073268737047,0.0,2.0752340786190655,0.0,4.6186129450798035,0.0364097211096021,0.0,0.0,11,5.824241405492771,10.479264071682175,True,0.5557872543007535,2024-06-01,MESA_OPEN_DATA_2026,https://data.mesaaz.gov/d/5zhe-5nig,dataset 5zhe-5nig; retrieved 2026-08-22,study-derived after declared sensor and completeness QA
2024-06-06,0.0,0.0,0.0,7.861187160341279,0.0,2.0547285267344693,0.0,4.6655416289965315,10.788929069689766,0.0,0.0,11,9.91591568707575,25.370386385762046,True,0.39084606502645136,2024-06-01,MESA_OPEN_DATA_2026,https://data.mesaaz.gov/d/5zhe-5nig,dataset 5zhe-5nig; retrieved 2026-08-22,study-derived after declared sensor and completeness QA
2024-06-07,0.0,0.0,0.0,9.502129412566624,0.0,2.103988081701917,0.0,4.713310857613881,0.0497569451858807,0.0,0.0,11,11.606117494268542,16.369185297068302,True,0.7090223052424717,2024-06-01,MESA_OPEN_DATA_2026,https://data.mesaaz.gov/d/5zhe-5nig,dataset 5zhe-5nig; retrieved 2026-08-22,study-derived after declared sensor and completeness QA
2024-06-08,0.0,0.0,0.0,9.559542707941867,0.0,2.0417154917350184,0.0,4.71458766857783,0.0,0.0,0.0,11,11.601258199676886,16.315845868254716,True,0.7110423997231506,2024-06-01,MESA_OPEN_DATA_2026,https://data.mesaaz.gov/d/5zhe-5nig,dataset 5zhe-5nig; retrieved 2026-08-22,study-derived after declared sensor and completeness QA
2024-06-09,0.0,0.0,0.0,9.847239332532222,0.0,2.1299054587588593,0.0,4.763050417105357,0.0,0.0,0.0,11,11.977144791291082,16.74019520839644,True,0.7154722296956049,2024-06-01,MESA_OPEN_DATA_2026,https://data.mesaaz.gov/d/5zhe-5nig,dataset 5zhe-5nig; retrieved 2026-08-22,study-derived after declared sensor and completeness QA
2024-06-10,0.0,0.0,0.0,10.70656636763571,0.0,2.0207718376677226,0.0,4.721126973628998,0.0,0.0,0.0,11,12.727338205303433,17.44846517893243,True,0.7294245124018492,2024-06-01,MESA_OPEN_DATA_2026,https://data.mesaaz.gov/d/5zhe-5nig,dataset 5zhe-5nig; retrieved 2026-08-22,study-derived after declared sensor and completeness QA
2024-06-11,0.0,0.0,0.0,9.657829916350268,0.0,1.9874697450673984,0.0,4.668658971786499,0.0,0.0,0.0,11,11.645299661417667,16.313958633204166,True,0.7138242730195311,2024-06-01,MESA_OPEN_DATA_2026,https://data.mesaaz.gov/d/5zhe-5nig,dataset 5zhe-5nig; retrieved 2026-08-22,study-derived after declared sensor and completeness QA
2024-06-12,0.0,0.0,0.0,9.544873229880004,0.0,2.1534022105411745,0.0,4.731659491856893,0.0,0.0,0.0,11,11.698275440421178,16.42993493227807,True,0.7120098459695585,2024-06-01,MESA_OPEN_DATA_2026,https://data.mesaaz.gov/d/5zhe-5nig,dataset 5zhe-5nig; retrieved 2026-08-22,study-derived after declared sensor and completeness QA
2024-06-13,0.0,0.0,0.0,9.52161251783647,0.0,2.0892236705570784,0.0,4.740439375241597,0.0,0.0,0.0,11,11.610836188393549,16.351275563635145,True,0.7100874878664376,2024-06-01,MESA_OPEN_DATA_2026,https://data.mesaaz.gov/d/5zhe-5nig,dataset 5zhe-5nig; retrieved 2026-08-22,study-derived after declared sensor and completeness QA
2024-06-14,0.0,0.0,0.0,9.313877131714037,0.0,2.126624076764346,0.0,4.812202990055084,0.0,0.0,0.0,11,11.440501208478382,16.252704198533465,True,0.7039137037583381,2024-06-01,MESA_OPEN_DATA_2026,https://data.mesaaz.gov/d/5zhe-5nig,dataset 5zhe-5nig; retrieved 2026-08-22,study-derived after declared sensor and completeness QA
2024-06-15,0.0,0.0,0.0,9.452275285152544,0.0,2.16116676494187,0.0,4.77559648077305,0.0,0.0,0.0,11,11.613442050094413,16.389038530867463,True,0.7086103329503686,2024-06-01,MESA_OPEN_DATA_2026,https://data.mesaaz.gov/d/5zhe-5nig,dataset 5zhe-5nig; retrieved 2026-08-22,study-derived after declared sensor and completeness QA
2024-06-16,0.0,0.0,0.0,9.468522206329464,0.0,2.052179586719459,0.0,4.775167306264241,0.0,0.0,0.0,11,11.520701793048923,16.295869099313165,True,0.7069706882669115,2024-06-01,MESA_OPEN_DATA_2026,https://data.mesaaz.gov/d/5zhe-5nig,dataset 5zhe-5nig; retrieved 2026-08-22,study-derived after declared sensor and completeness QA
2024-06-17,0.0,0.0,0.0,9.612722751926146,0.0,2.1084511066948237,0.0,4.755106131235759,0.0,0.0,0.0,11,11.72117385862097,16.476279989856728,True,0.7113968605678503,2024-06-01,MESA_OPEN_DATA_2026,https://data.mesaaz.gov/d/5zhe-5nig,dataset 5zhe-5nig; retrieved 2026-08-22,study-derived after declared sensor and completeness QA
2024-06-18,0.0,0.0,0.0,9.308452334860416,0.0,1.993546776265405,0.0,4.723645607630412,0.0,0.0,0.0,11,11.30199911112582,16.025644718756233,True,0.705244582010363,2024-06-01,MESA_OPEN_DATA_2026,https://data.mesaaz.gov/d/5zhe-5nig,dataset 5zhe-5nig; retrieved 2026-08-22,study-derived after declared sensor and completeness QA
2024-06-19,0.0,0.0,0.0,9.688889887658537,0.0,2.1100196226537644,0.0,4.774925688038701,0.0,0.0,0.0,11,11.798909510312301,16.573835198351002,True,0.7118997726902837,2024-06-01,MESA_OPEN_DATA_2026,https://data.mesaaz.gov/d/5zhe-5nig,dataset 5zhe-5nig; retrieved 2026-08-22,study-derived after declared sensor and completeness QA
2024-06-20,0.0,0.0,0.0,9.649380090634308,0.0,2.1065562223097536,0.0,4.772416591644287,0.0,0.0,0.0,11,11.755936312944062,16.52835290458835,True,0.711258791532734,2024-06-01,MESA_OPEN_DATA_2026,https://data.mesaaz.gov/d/5zhe-5nig,dataset 5zhe-5nig; retrieved 2026-08-22,study-derived after declared sensor and completeness QA
2024-06-21,0.0,0.0,0.0,10.258265786819637,0.0,2.1324806767840716,0.0,4.7396441499392195,0.0,0.0,0.0,11,12.390746463603708,17.13039061354293,True,0.7233195519667743,2024-06-01,MESA_OPEN_DATA_2026,https://data.mesaaz.gov/d/5zhe-5nig,dataset 5zhe-5nig; retrieved 2026-08-22,study-derived after declared sensor and completeness QA
2024-06-22,0.0,0.0,0.0,9.52719469209696,0.0,2.124540612504289,0.0,4.742067396640778,0.0,0.0,0.0,11,11.65173530460125,16.393802701242027,True,0.7107402423306273,2024-06-01,MESA_OPEN_DATA_2026,https://data.mesaaz.gov/d/5zhe-5nig,dataset 5zhe-5nig; retrieved 2026-08-22,study-derived after declared sensor and completeness QA
2024-06-23,0.0,0.0,0.0,9.52563064209013,0.0,2.1448650894450023,0.0,4.862936198711395,0.0,0.0,0.0,11,11.670495731535132,16.53343193024653,True,0.7058725484685934,2024-06-01,MESA_OPEN_DATA_2026,https://data.mesaaz.gov/d/5zhe-5nig,dataset 5zhe-5nig; retrieved 2026-08-22,study-derived after declared sensor and completeness QA
2024-06-24,0.0,0.0,0.0,9.863814228350918,0.0,2.029641651839728,0.0,4.770367602507274,0.0,0.0,0.1991666696344812,11,11.893455880190647,16.862990152332404,True,0.7052993432808002,2024-06-01,MESA_OPEN_DATA_2026,https://data.mesaaz.gov/d/5zhe-5nig,dataset 5zhe-5nig; retrieved 2026-08-22,study-derived after declared sensor and completeness QA
2024-06-25,0.0,0.0,0.0,9.608316593486784,0.0,2.0542643705557975,0.0,4.793309390544891,0.0,0.0,0.0008333333457509,11,11.662580964042581,16.456723687933223,True,0.7086818242317628,2024-06-01,MESA_OPEN_DATA_2026,https://data.mesaaz.gov/d/5zhe-5nig,dataset 5zhe-5nig; retrieved 2026-08-22,study-derived after declared sensor and completeness QA
2024-06-26,0.0,0.0,0.0,9.492775980209084,0.0,2.1949495667244596,0.0,4.855830608159459,0.0,0.0,0.0,11,11.687725546933542,16.543556155093,True,0.7064820548474053,2024-06-01,MESA_OPEN_DATA_2026,https://data.mesaaz.gov/d/5zhe-5nig,dataset 5zhe-5nig; retrieved 2026-08-22,study-derived after declared sensor and completeness QA
2024-06-27,0.0,0.0,0.0,9.525659105853508,0.0,2.2115184475113763,0.0,4.847305357456207,0.0,0.0,0.0,11,11.737177553364884,16.58448291082109,True,0.7077204406359017,2024-06-01,MESA_OPEN_DATA_2026,https://data.mesaaz.gov/d/5zhe-5nig,dataset 5zhe-5nig; retrieved 2026-08-22,study-derived after declared sensor and completeness QA
2024-06-28,0.0,0.0,0.0,9.603789779363154,0.0,2.179803363673252,0.0,4.8629864652951555,0.0,0.0,0.0,11,11.783593143036406,16.64657960833156,True,0.7078687286088942,2024-06-01,MESA_OPEN_DATA_2026,https://data.mesaaz.gov/d/5zhe-5nig,dataset 5zhe-5nig; retrieved 2026-08-22,study-derived after declared sensor and completeness QA
2024-06-29,0.0,0.0,0.0,9.576631515954311,0.0,2.198803715955066,0.0,4.748644292354584,0.0,0.0,0.0,11,11.775435231909377,16.52407952426396,True,0.7126227645308972,2024-06-01,MESA_OPEN_DATA_2026,https://data.mesaaz.gov/d/5zhe-5nig,dataset 5zhe-5nig; retrieved 2026-08-22,study-derived after declared sensor and completeness QA
2024-06-30,0.0,0.0,0.0,9.600920357724231,0.0,2.254164859137043,0.0,4.830807040135065,0.0,0.0,0.0,11,11.855085216861275,16.68589225699634,True,0.7104855427728461,2024-06-01,MESA_OPEN_DATA_2026,https://data.mesaaz.gov/d/5zhe-5nig,dataset 5zhe-5nig; retrieved 2026-08-22,study-derived after declared sensor and completeness QA
2024-07-02,0.0,0.0,0.0,9.5102127643691,0.0,2.1818064668421018,0.0,4.826979239781697,0.0,0.0,0.0,11,11.692019231211201,16.518998470992898,True,0.707792258213608,2024-07-01,MESA_OPEN_DATA_2026,https://data.mesaaz.gov/d/5zhe-5nig,dataset 5zhe-5nig; retrieved 2026-08-22,study-derived after declared sensor and completeness QA
2024-07-04,0.0,0.0,0.0,8.9393595316537,0.0,2.156714122515198,0.0,4.833358446756999,0.0,0.0,0.0,11,11.096073654168897,15.929432100925897,True,0.6965768511938313,2024-07-01,MESA_OPEN_DATA_2026,https://data.mesaaz.gov/d/5zhe-5nig,dataset 5zhe-5nig; retrieved 2026-08-22,study-derived after declared sensor and completeness QA
2024-07-05,0.0,0.0,0.0,9.621615893590583,0.0,2.2359686866402626,0.0,4.8266551693280535,0.0,0.0,0.0,11,11.857584580230846,16.6842397495589,True,0.7107057173848356,2024-07-01,MESA_OPEN_DATA_2026,https://data.mesaaz.gov/d/5zhe-5nig,dataset 5zhe-5nig; retrieved 2026-08-22,study-derived after declared sensor and completeness QA
2024-07-06,0.0,0.0,0.0,9.489115058615958,0.0,1.986934516674433,0.0,4.784754614035289,0.0,0.0,0.0,11,11.476049575290391,16.26080418932568,True,0.7057492016799382,2024-07-01,MESA_OPEN_DATA_2026,https://data.mesaaz.gov/d/5zhe-5nig,dataset 5zhe-5nig; retrieved 2026-08-22,study-derived after declared sensor and completeness QA
2024-07-07,0.0,0.0,0.0,9.122096826452244,0.0,2.091069841623136,0.0,4.838555037975311,0.0,0.0,0.0,11,11.213166668075381,16.051721706050692,True,0.6985647317725787,2024-07-01,MESA_OPEN_DATA_2026,https://data.mesaaz.gov/d/5zhe-5nig,dataset 5zhe-5nig; retrieved 2026-08-22,study-derived after declared sensor and completeness QA
2024-07-08,0.0,0.0,0.0,9.066838893032282,0.0,2.1424035343835364,0.0,4.793830156326294,0.0,0.0,0.0,11,11.209242427415818,16.00307258374211,True,0.7004431410755173,2024-07-01,MESA_OPEN_DATA_2026,https://data.mesaaz.gov/d/5zhe-5nig,dataset 5zhe-5nig; retrieved 2026-08-22,study-derived after declared sensor and completeness QA
2024-07-09,0.0,0.0,0.0,9.055476884140322,0.0,2.1895803107193057,0.0,4.822669744491577,0.0,0.0,0.0,11,11.245057194859628,16.067726939351203,True,0.6998536406117001,2024-07-01,MESA_OPEN_DATA_2026,https://data.mesaaz.gov/d/5zhe-5nig,dataset 5zhe-5nig; retrieved 2026-08-22,study-derived after declared sensor and completeness QA
2024-07-10,0.0,0.0,0.0,9.000264715930378,0.0041328234933523,2.294901664804129,0.013659248983433,4.803303837776184,0.0,0.0,0.0,11,11.312958453211293,16.11626229098748,True,0.7019591918367892,2024-07-01,MESA_OPEN_DATA_2026,https://data.mesaaz.gov/d/5zhe-5nig,dataset 5zhe-5nig; retrieved 2026-08-22,study-derived after declared sensor and completeness QA
2024-07-11,0.0,0.0,0.0,8.917292803916897,8.06913483571777,2.2546968926899904,3.0808735665172597,4.840735375881195,0.0,0.0,0.0,11,22.32199809884192,27.162733474723115,True,0.8217876201455995,2024-07-01,MESA_OPEN_DATA_2026,https://data.mesaaz.gov/d/5zhe-5nig,dataset 5zhe-5nig; retrieved 2026-08-22,study-derived after declared sensor and completeness QA
2024-07-12,0.0,0.0,0.0,7.007320337288978,12.0432457028576,2.2605077400803566,4.557972875334939,4.83254470427831,0.0,0.0,0.0,11,25.869046655561874,30.701591359840183,True,0.8425962795335875,2024-07-01,MESA_OPEN_DATA_2026,https://data.mesaaz.gov/d/5zhe-5nig,dataset 5zhe-5nig; retrieved 2026-08-22,study-derived after declared sensor and completeness QA
2024-07-13,0.0,0.0,0.0,7.545262019322427,12.542655081881415,2.140141141111568,4.537015456954638,4.911336263020833,0.0,0.0,0.0,11,26.765073699270047,31.67640996229088,True,0.8449528760087547,2024-07-01,MESA_OPEN_DATA_2026,https://data.mesaaz.gov/d/5zhe-5nig,dataset 5zhe-5nig; retrieved 2026-08-22,study-derived after declared sensor and completeness QA
2024-07-14,0.0,0.0,0.0,7.7559927086832205,13.080876863002777,2.2861343948402215,4.598956921696663,4.828002671400706,0.0,0.0,0.0,11,27.72196088822288,32.549963559623585,True,0.8516740990337215,2024-07-01,MESA_OPEN_DATA_2026,https://data.mesaaz.gov/d/5zhe-5nig,dataset 5zhe-5nig; retrieved 2026-08-22,study-derived after declared sensor and completeness QA
2024-07-15,0.0,0.0,0.0,8.102872682139278,13.283579562107722,2.3338250611418037,4.597001512790091,4.847240845362346,0.0,0.0,0.0,11,28.317278818178895,33.16451966354124,True,0.8538425734930494,2024-07-01,MESA_OPEN_DATA_2026,https://data.mesaaz.gov/d/5zhe-5nig,dataset 5zhe-5nig; retrieved 2026-08-22,study-derived after declared sensor and completeness QA
2024-07-16,0.0,0.0,0.0,8.06708207009567,13.457636673802453,2.220280662578319,4.72890836120563,4.905796110630035,0.0,0.0,0.0,11,28.47390776768207,33.37970387831211,True,0.8530305682604484,2024-07-01,MESA_OPEN_DATA_2026,https://data.mesaaz.gov/d/5zhe-5nig,dataset 5zhe-5nig; retrieved 2026-08-22,study-derived after declared sensor and completeness QA
2024-07-17,0.0,0.0,1.3794653044806586,8.225244114765966,13.209522744186788,2.400226574391126,4.626071654654479,4.868911425272624,0.0,0.0,0.0,11,29.840530392479018,34.70944181775164,True,0.859723718668893,2024-07-01,MESA_OPEN_DATA_2026,https://data.mesaaz.gov/d/5zhe-5nig,dataset 5zhe-5nig; retrieved 2026-08-22,study-derived after declared sensor and completeness QA
2024-07-19,0.0,0.0,3.1441665987173715,8.179834369135701,12.95848570759914,2.242240973685285,4.640978946380933,4.8286134004592896,0.0,0.0,0.0,11,31.16570659551843,35.99431999597772,True,0.8658506841913147,2024-07-01,MESA_OPEN_DATA_2026,https://data.mesaaz.gov/d/5zhe-5nig,dataset 5zhe-5nig; retrieved 2026-08-22,study-derived after declared sensor and completeness QA
2024-07-20,0.0,0.0,0.6853124797344208,9.273143995762975,12.433101134047869,2.2462705749679697,4.629016876220703,4.790461798508962,0.0,0.0,0.0,11,29.26684506073394,34.0573068592429,True,0.8593411446680828,2024-07-01,MESA_OPEN_DATA_2026,https://data.mesaaz.gov/d/5zhe-5nig,dataset 5zhe-5nig; retrieved 2026-08-22,study-derived after declared sensor and completeness QA
2024-07-21,0.0,0.0,0.0,9.23835457454401,12.172543864868675,2.2819180143864406,4.527141715852315,4.7758874495824175,0.0,0.0,0.0,11,28.21995816965144,32.99584561923386,True,0.8552579162632986,2024-07-01,MESA_OPEN_DATA_2026,https://data.mesaaz.gov/d/5zhe-5nig,dataset 5zhe-5nig; retrieved 2026-08-22,study-derived after declared sensor and completeness QA
2024-07-22,0.0,0.0,0.0,11.07159379446396,12.277779044707616,2.2052395407244454,4.633851213587655,4.881520251433055,0.0,0.0,0.0,11,30.188463593483675,35.06998384491673,True,0.8608063159361674,2024-07-01,MESA_OPEN_DATA_2026,https://data.mesaaz.gov/d/5zhe-5nig,dataset 5zhe-5nig; retrieved 2026-08-22,study-derived after declared sensor and completeness QA
2024-07-23,0.0,0.0,0.0,9.880974658741444,12.277002521067358,2.153701749418242,4.653972008395642,4.832154830296834,0.0,0.0,0.0,11,28.965650937622687,33.79780576791952,True,0.8570275578397619,2024-07-01,MESA_OPEN_DATA_2026,https://data.mesaaz.gov/d/5zhe-5nig,dataset 5zhe-5nig; retrieved 2026-08-22,study-derived after declared sensor and completeness QA
2024-07-24,0.0,0.0,0.0,9.084238991961785,12.230097460746766,2.3841805979820556,4.67497102353308,4.855961918830872,0.0,0.0,0.0,11,28.373488074223687,33.22944999305456,True,0.8538657149051266,2024-07-01,MESA_OPEN_DATA_2026,https://data.mesaaz.gov/d/5zhe-5nig,dataset 5zhe-5nig; retrieved 2026-08-22,study-derived after declared sensor and completeness QA
2024-07-25,0.0,0.0,0.0,9.42234884555473,12.204054713083409,2.3583801505897446,4.66002068122228,4.853541553020477,0.0,0.0,0.0,11,28.64480439045016,33.49834594347064,True,0.8551110087282829,2024-07-01,MESA_OPEN_DATA_2026,https://data.mesaaz.gov/d/5zhe-5nig,dataset 5zhe-5nig; retrieved 2026-08-22,study-derived after declared sensor and completeness QA
2024-07-26,0.0,0.0,1.586736152569453,9.970528874365543,12.04832533597946,2.3588433141189924,4.647017891539468,4.895243406295776,0.0,0.0,0.0089562496144531,11,30.611451568572917,35.51565122448315,True,0.8619144099340219,2024-07-01,MESA_OPEN_DATA_2026,https://data.mesaaz.gov/d/5zhe-5nig,dataset 5zhe-5nig; retrieved 2026-08-22,study-derived after declared sensor and completeness QA
2024-07-27,0.0,0.0,4.2450277633137175,10.876450158219647,12.303466568390528,2.2891403058432993,4.696930581993527,4.8857423067092896,0.0,0.0,4.37499981166e-05,11,34.41101537776072,39.29680143446812,True,0.8756696250493821,2024-07-01,MESA_OPEN_DATA_2026,https://data.mesaaz.gov/d/5zhe-5nig,dataset 5zhe-5nig; retrieved 2026-08-22,study-derived after declared sensor and completeness QA
2024-07-28,0.0,0.0,4.880916541814804,10.264826738323878,12.23414624151832,2.5266769541897114,4.610121050669635,4.87520956993103,0.0,0.0,0.0,11,34.51668752651635,39.39189709644738,True,0.8762382639761032,2024-07-01,MESA_OPEN_DATA_2026,https://data.mesaaz.gov/d/5zhe-5nig,dataset 5zhe-5nig; retrieved 2026-08-22,study-derived after declared sensor and completeness QA
2024-07-29,0.0,0.0,4.847500014305115,10.219281903083536,12.370714873075483,2.2766989937397164,4.6908874067686925,4.824893494447072,0.0,0.0,0.0,11,34.40508319097254,39.229976685419615,True,0.877010034108934,2024-07-01,MESA_OPEN_DATA_2026,https://data.mesaaz.gov/d/5zhe-5nig,dataset 5zhe-5nig; retrieved 2026-08-22,study-derived after declared sensor and completeness QA
2024-07-30,0.0,0.0,4.853250026702881,9.42320054278986,12.56659205555916,2.3083183765411377,4.732941468556722,4.836619416872661,0.0,0.0,0.0,11,33.88430247014976,38.72092188702242,True,0.8750902824322041,2024-07-01,MESA_OPEN_DATA_2026,https://data.mesaaz.gov/d/5zhe-5nig,dataset 5zhe-5nig; retrieved 2026-08-22,study-derived after declared sensor and completeness QA
2024-07-31,0.0,0.0,4.822322906719314,10.253336069521264,12.162591720550328,2.3021862416310146,4.640349622948267,4.805580427249272,0.0,0.0,0.0,11,34.180786561370184,38.98636698861946,True,0.876736900654219,2024-07-01,MESA_OPEN_DATA_2026,https://data.mesaaz.gov/d/5zhe-5nig,dataset 5zhe-5nig; retrieved 2026-08-22,study-derived after declared sensor and completeness QA
2024-08-02,0.0,0.0,4.858777912457784,10.566501320454256,12.24149337609609,2.427906410268255,4.756170227098498,4.895607054233551,0.0,0.0,0.0,11,34.850849246374885,39.746456300608436,True,0.8768290934616325,2024-08-01,MESA_OPEN_DATA_2026,https://data.mesaaz.gov/d/5zhe-5nig,dataset 5zhe-5nig; retrieved 2026-08-22,study-derived after declared sensor and completeness QA
2024-08-03,0.0,0.0,4.859562526808845,11.323929226406747,12.322831203540169,2.407608749658874,4.700237309932708,4.81323637564977,0.0,0.0,0.0188944438368909,11,35.61416901634734,40.446299835834004,True,0.8805297186862674,2024-08-01,MESA_OPEN_DATA_2026,https://data.mesaaz.gov/d/5zhe-5nig,dataset 5zhe-5nig; retrieved 2026-08-22,study-derived after declared sensor and completeness QA
2024-08-04,0.0,0.0,2.6622013572189545,9.505129401479609,12.288073124573858,2.423929335897557,4.600416570901871,4.746831913789113,0.0,0.0,0.0707111134193837,11,31.47974979007185,36.29729281728035,True,0.8672754177161396,2024-08-01,MESA_OPEN_DATA_2026,https://data.mesaaz.gov/d/5zhe-5nig,dataset 5zhe-5nig; retrieved 2026-08-22,study-derived after declared sensor and completeness QA
2024-08-05,0.0,0.0,0.0,10.31238406763806,12.46263571381569,2.203742557232923,4.693608101209005,4.830798347791036,0.0,0.0,0.0481277782056066,11,29.672370439895676,34.551296565892315,True,0.8587918078069197,2024-08-01,MESA_OPEN_DATA_2026,https://data.mesaaz.gov/d/5zhe-5nig,dataset 5zhe-5nig; retrieved 2026-08-22,study-derived after declared sensor and completeness QA
2024-08-06,0.0,0.0,0.0,10.733217186080635,12.875137590764291,2.35606818689012,4.943952882074348,4.923291722933452,0.0,0.0,0.0002666666689846,11,30.908375845809395,35.83193423541183,True,0.8625930055225263,2024-08-01,MESA_OPEN_DATA_2026,https://data.mesaaz.gov/d/5zhe-5nig,dataset 5zhe-5nig; retrieved 2026-08-22,study-derived after declared sensor and completeness QA
2024-08-07,0.0,0.0,1.8442777872085572,9.735336510761108,12.678414099063714,2.395282675474255,4.8414343184867334,4.841662287712097,0.0,0.0,0.0,11,31.494745390994368,36.336407678706465,True,0.8667545143558766,2024-08-01,MESA_OPEN_DATA_2026,https://data.mesaaz.gov/d/5zhe-5nig,dataset 5zhe-5nig; retrieved 2026-08-22,study-derived after declared sensor and completeness QA
2024-08-08,0.0,0.0,4.210659808582729,10.65585300414476,12.511781143663514,2.5830247822534216,4.866878353833913,4.82500547170639,0.0,0.0,0.1282833265761534,11,34.82819709247834,39.781485890760884,True,0.8754875870679097,2024-08-01,MESA_OPEN_DATA_2026,https://data.mesaaz.gov/d/5zhe-5nig,dataset 5zhe-5nig; retrieved 2026-08-22,study-derived after declared sensor and completeness QA
2024-08-09,0.0,0.0,3.63944450351927,9.801298538108218,12.47307907088531,2.429694012795248,4.791317218031913,4.833035250504811,0.0,0.0,0.0036999999881825,11,33.134833343339956,37.971568593832956,True,0.8726221899803596,2024-08-01,MESA_OPEN_DATA_2026,https://data.mesaaz.gov/d/5zhe-5nig,dataset 5zhe-5nig; retrieved 2026-08-22,study-derived after declared sensor and completeness QA
2024-08-10,0.0,0.0,1.1954444100459416,9.98045168188806,6.56897914500762,2.348054153820868,4.748179684601149,4.8299925327301025,0.0,0.0,0.0079722226002357,11,24.841109075363637,29.679073830693977,True,0.8369907099214485,2024-08-01,MESA_OPEN_DATA_2026,https://data.mesaaz.gov/d/5zhe-5nig,dataset 5zhe-5nig; retrieved 2026-08-22,study-derived after declared sensor and completeness QA
2024-08-11,0.0,0.0,0.0,9.70615744154038,0.0109972144252669,2.3506350721631732,4.70916306341591,4.734889964262645,0.0,0.0,4.44444465554e-05,11,16.77695279154473,21.51188720025393,True,0.7798921886940116,2024-08-01,MESA_OPEN_DATA_2026,https://data.mesaaz.gov/d/5zhe-5nig,dataset 5zhe-5nig; retrieved 2026-08-22,study-derived after declared sensor and completeness QA
2024-08-12,0.0,0.0,0.0,10.146834956035018,7.6815642041e-06,2.2517750525474547,4.836465075155487,4.83450444539388,0.0,0.0,0.0,11,17.235082765302163,22.069587210696042,True,0.7809426882687306,2024-08-01,MESA_OPEN_DATA_2026,https://data.mesaaz.gov/d/5zhe-5nig,dataset 5zhe-5nig; retrieved 2026-08-22,study-derived after declared sensor and completeness QA
2024-08-13,0.0,0.0,0.0,10.02781653213028,0.0,2.295057401274542,5.011270916461944,4.91051967938741,0.0,0.0,0.0,11,17.334144849866767,22.244664529254177,True,0.7792495511483423,2024-08-01,MESA_OPEN_DATA_2026,https://data.mesaaz.gov/d/5zhe-5nig,dataset 5zhe-5nig; retrieved 2026-08-22,study-derived after declared sensor and completeness QA
2024-08-14,0.0,0.0,0.0,9.935939220076005,0.0,2.4899141211881703,4.901471694535641,4.819896936416626,0.0,0.0,0.0,11,17.327325035799817,22.147221972216443,True,0.7823701346171923,2024-08-01,MESA_OPEN_DATA_2026,https://data.mesaaz.gov/d/5zhe-5nig,dataset 5zhe-5nig; retrieved 2026-08-22,study-derived after declared sensor and completeness QA
2024-08-15,0.0,0.0,0.0,9.312412260216144,0.0,2.3540361762385476,4.791458541772032,4.814007023970286,0.0,0.0,0.0,11,16.457906978226724,21.27191400219701,True,0.7736918726037965,2024-08-01,MESA_OPEN_DATA_2026,https://data.mesaaz.gov/d/5zhe-5nig,dataset 5zhe-5nig; retrieved 2026-08-22,study-derived after declared sensor and completeness QA
2024-08-16,0.0,0.0,0.0,9.141239547776404,0.0,2.341280215006348,4.767100266568606,4.770729025204976,0.0,0.0,0.0,11,16.24962002935136,21.020349054556334,True,0.7730423499237336,2024-08-01,MESA_OPEN_DATA_2026,https://data.mesaaz.gov/d/5zhe-5nig,dataset 5zhe-5nig; retrieved 2026-08-22,study-derived after declared sensor and completeness QA
2024-08-17,0.0,0.0,0.0,9.014567501667448,0.0,2.3381605452715757,4.807829136149265,4.752229015032451,0.0,0.0,0.0,11,16.16055718308829,20.91278619812074,True,0.7727596423541357,2024-08-01,MESA_OPEN_DATA_2026,https://data.mesaaz.gov/d/5zhe-5nig,dataset 5zhe-5nig; retrieved 2026-08-22,study-derived after declared sensor and completeness QA
2024-08-18,0.0,0.0,0.0,9.478657797627427,0.0,2.3380000591278076,4.796050143441118,4.752555072307587,0.0,0.0,0.0,11,16.612708000196353,21.36526307250394,True,0.7775569130050219,2024-08-01,MESA_OPEN_DATA_2026,https://data.mesaaz.gov/d/5zhe-5nig,dataset 5zhe-5nig; retrieved 2026-08-22,study-derived after declared sensor and completeness QA
2024-08-19,0.0,0.0,0.0,11.414541827262706,0.0,2.2595585992775016,4.936411481573453,4.850790043671926,0.0,0.0,0.0149062496668193,11,18.610511908113658,23.4762082014524,True,0.7927392596118773,2024-08-01,MESA_OPEN_DATA_2026,https://data.mesaaz.gov/d/5zhe-5nig,dataset 5zhe-5nig; retrieved 2026-08-22,study-derived after declared sensor and completeness QA
2024-08-20,0.0,0.0,0.0,10.305257483571769,0.0,2.3732748633648777,5.1680294360077035,5.055111924807231,0.0,0.0,0.070650002307957,11,17.84656178294435,22.972323710059538,True,0.7768722924241823,2024-08-01,MESA_OPEN_DATA_2026,https://data.mesaaz.gov/d/5zhe-5nig,dataset 5zhe-5nig; retrieved 2026-08-22,study-derived after declared sensor and completeness QA
2024-08-21,0.0,0.0,0.0,9.916601764186613,0.0,2.610172241284823,4.932987660169601,4.95236611366272,0.0,0.0,0.0004437500145286,11,17.45976166564104,22.41257152931829,True,0.7790164391801989,2024-08-01,MESA_OPEN_DATA_2026,https://data.mesaaz.gov/d/5zhe-5nig,dataset 5zhe-5nig; retrieved 2026-08-22,study-derived after declared sensor and completeness QA
2024-08-22,0.0,0.0,0.0,9.405548918292064,0.0,2.438116475854601,4.834408727928198,4.86388901869456,0.0,0.0,0.0,11,16.678074122074865,21.541963140769425,True,0.774213288412449,2024-08-01,MESA_OPEN_DATA_2026,https://data.mesaaz.gov/d/5zhe-5nig,dataset 5zhe-5nig; retrieved 2026-08-22,study-derived after declared sensor and completeness QA
2024-08-23,0.0,0.0,0.0,10.112315701770562,0.0,2.3401473473556993,4.867858068430349,4.877688964207967,0.0,0.0,0.0,11,17.32032111755661,22.198010081764576,True,0.7802645846973943,2024-08-01,MESA_OPEN_DATA_2026,https://data.mesaaz.gov/d/5zhe-5nig,dataset 5zhe-5nig; retrieved 2026-08-22,study-derived after declared sensor and completeness QA
2024-08-24,0.0,0.0,0.0,9.457495715452565,0.0,2.5275214020682877,4.787342432183279,4.839516957600911,0.0,0.0,0.0,11,16.77235954970413,21.61187650730504,True,0.7760714135135326,2024-08-01,MESA_OPEN_DATA_2026,https://data.mesaaz.gov/d/5zhe-5nig,dataset 5zhe-5nig; retrieved 2026-08-22,study-derived after declared sensor and completeness QA
2024-08-25,0.0,0.0,0.0,9.998001850937252,0.0,2.3215425092167625,4.75712505722311,4.779620210329692,0.0,0.0,0.4740187481045723,11,17.076669417377126,22.33030837581139,True,0.7647305684266722,2024-08-01,MESA_OPEN_DATA_2026,https://data.mesaaz.gov/d/5zhe-5nig,dataset 5zhe-5nig; retrieved 2026-08-22,study-derived after declared sensor and completeness QA
2024-08-26,0.0,0.0,0.0,9.11997488368776,0.0,2.195382876599089,4.898389414305328,4.810386637846629,0.0,0.0,0.002981249988079,11,16.21374717459218,21.027115062426887,True,0.7710875755640078,2024-08-01,MESA_OPEN_DATA_2026,https://data.mesaaz.gov/d/5zhe-5nig,dataset 5zhe-5nig; retrieved 2026-08-22,study-derived after declared sensor and completeness QA
2024-08-27,0.0,0.0,0.0,9.645197977840253,0.0,2.2786238437737296,4.987628826090989,4.802704095840454,0.0,0.0,0.0,11,16.91145064770497,21.714154743545425,True,0.7788215036430065,2024-08-01,MESA_OPEN_DATA_2026,https://data.mesaaz.gov/d/5zhe-5nig,dataset 5zhe-5nig; retrieved 2026-08-22,study-derived after declared sensor and completeness QA
2024-08-28,0.0,0.0,0.0,9.75022387151089,0.0,2.269832178563824,4.88443436529643,4.7206234733263654,0.0,0.0,0.0,11,16.904490415371143,21.62511388869751,True,0.7817064225592991,2024-08-01,MESA_OPEN_DATA_2026,https://data.mesaaz.gov/d/5zhe-5nig,dataset 5zhe-5nig; retrieved 2026-08-22,study-derived after declared sensor and completeness QA
2024-08-29,0.0,0.0,0.0,11.10234924863513,0.0,2.264276128930375,4.707749778941526,4.76788604259491,0.0,0.0,0.0,11,18.07437515650703,22.84226119910194,True,0.7912690866707031,2024-08-01,MESA_OPEN_DATA_2026,https://data.mesaaz.gov/d/5zhe-5nig,dataset 5zhe-5nig; retrieved 2026-08-22,study-derived after declared sensor and completeness QA
2024-08-30,0.0,0.0,0.0,9.974122849250476,0.0,2.168380069461736,4.723929142951965,4.766604105631511,0.0,0.0,0.0,11,16.866432061664177,21.63303616729569,True,0.7796608821448027,2024-08-01,MESA_OPEN_DATA_2026,https://data.mesaaz.gov/d/5zhe-5nig,dataset 5zhe-5nig; retrieved 2026-08-22,study-derived after declared sensor and completeness QA
2024-08-31,0.0,0.0,0.0,9.935829825951565,0.0,2.2722628633366098,4.699137381712596,4.757223854462306,0.0,0.0,0.34483125284314153,11,16.90723007100077,22.00928517830622,True,0.7681862420350496,2024-08-01,MESA_OPEN_DATA_2026,https://data.mesaaz.gov/d/5zhe-5nig,dataset 5zhe-5nig; retrieved 2026-08-22,study-derived after declared sensor and completeness QA
2024-09-02,0.0,0.0,0.0,9.326459520726845,0.0,2.168789006261663,4.981643752362035,4.779068032900493,0.0,0.0,0.0043375000357627,11,16.476892279350544,21.2602978122868,True,0.7750075951348235,2024-09-01,MESA_OPEN_DATA_2026,https://data.mesaaz.gov/d/5zhe-5nig,dataset 5zhe-5nig; retrieved 2026-08-22,study-derived after declared sensor and completeness QA
2024-09-03,0.0,0.0,0.0,11.210617577123534,0.0,2.2063742171251115,4.924245790610138,4.731300711631775,0.0,0.0,0.0,11,18.34123758485878,23.072538296490556,True,0.7949380059171284,2024-09-01,MESA_OPEN_DATA_2026,https://data.mesaaz.gov/d/5zhe-5nig,dataset 5zhe-5nig; retrieved 2026-08-22,study-derived after declared sensor and completeness QA
2024-09-04,0.0,0.0,0.0,9.503938758307031,0.0,2.2410523689113546,5.329304017623266,4.963003555933635,0.0,0.0,0.0,11,17.074295144841653,22.03729870077529,True,0.774790748025799,2024-09-01,MESA_OPEN_DATA_2026,https://data.mesaaz.gov/d/5zhe-5nig,dataset 5zhe-5nig; retrieved 2026-08-22,study-derived after declared sensor and completeness QA
2024-09-05,0.0,0.0,0.0,9.232157177856124,0.0,0.3720579326408615,5.2961503252781705,4.762188176314036,0.0,0.0,0.0,11,14.900365435775157,19.662553612089194,True,0.7578041860551579,2024-09-01,MESA_OPEN_DATA_2026,https://data.mesaaz.gov/d/5zhe-5nig,dataset 5zhe-5nig; retrieved 2026-08-22,study-derived after declared sensor and completeness QA
2024-09-06,0.0,0.0,0.0,9.330293787565186,0.0,0.0146504987493561,5.23927692770958,4.727470934391022,0.0,0.0,0.0,11,14.584221214024122,19.311692148415144,True,0.7552016209631328,2024-09-01,MESA_OPEN_DATA_2026,https://data.mesaaz.gov/d/5zhe-5nig,dataset 5zhe-5nig; retrieved 2026-08-22,study-derived after declared sensor and completeness QA
2024-09-07,0.0,0.0,0.0,9.261114937852405,0.0,0.0,5.295722341238831,4.707835714022319,0.0,0.0,0.0,11,14.556837279091235,19.264672993113553,True,0.7556233777907777,2024-09-01,MESA_OPEN_DATA_2026,https://data.mesaaz.gov/d/5zhe-5nig,dataset 5zhe-5nig; retrieved 2026-08-22,study-derived after declared sensor and completeness QA
2024-09-08,0.0,0.0,0.0,9.001462097183145,0.0,1.6913598672604897,5.23927692770958,4.771679063638051,0.0,0.0,0.0,11,15.932098892153213,20.703777955791264,True,0.7695261669716992,2024-09-01,MESA_OPEN_DATA_2026,https://data.mesaaz.gov/d/5zhe-5nig,dataset 5zhe-5nig; retrieved 2026-08-22,study-derived after declared sensor and completeness QA
2024-09-09,0.0,0.0,0.0,9.396925295381097,0.0,1.8466058468276805,5.3553499460220335,4.68886395295461,0.0,0.0,0.0,11,16.59888108823081,21.28774504118542,True,0.7797388148024575,2024-09-01,MESA_OPEN_DATA_2026,https://data.mesaaz.gov/d/5zhe-5nig,dataset 5zhe-5nig; retrieved 2026-08-22,study-derived after declared sensor and completeness QA
2024-09-10,0.0,0.0,0.0,9.383827013795576,0.0,1.9857145966680791,5.469445239180406,4.663397133350372,0.0,0.0,0.0,11,16.838986849644062,21.502383982994434,True,0.7831218558352178,2024-09-01,MESA_OPEN_DATA_2026,https://data.mesaaz.gov/d/5zhe-5nig,dataset 5zhe-5nig; retrieved 2026-08-22,study-derived after declared sensor and completeness QA
2024-09-11,0.0,0.0,2.204541684521569,10.286721583364738,0.0,1.996000051498413,5.324709603521559,4.663185636202495,0.0,0.0,0.0,11,19.81197292290628,24.475158559108774,True,0.8094727098522913,2024-09-01,MESA_OPEN_DATA_2026,https://data.mesaaz.gov/d/5zhe-5nig,dataset 5zhe-5nig; retrieved 2026-08-22,study-derived after declared sensor and completeness QA
2024-09-12,0.0,0.0,2.5839583542611866,11.434620008773033,0.0,0.0,5.202593195438385,4.689566373825073,0.0,0.0,0.0,11,19.221171558472605,23.91073793229768,True,0.803871951292202,2024-09-01,MESA_OPEN_DATA_2026,https://data.mesaaz.gov/d/5zhe-5nig,dataset 5zhe-5nig; retrieved 2026-08-22,study-derived after declared sensor and completeness QA
2024-09-13,0.0,0.0,0.0,9.017397042235048,0.0,1.996000051498413,5.2944826913974214,4.675402144591014,0.0,0.0,0.0228402778221708,11,16.307879785130883,21.006122207544067,True,0.7763393749691757,2024-09-01,MESA_OPEN_DATA_2026,https://data.mesaaz.gov/d/5zhe-5nig,dataset 5zhe-5nig; retrieved 2026-08-22,study-derived after declared sensor and completeness QA
2024-09-14,0.0,0.0,0.0,9.464881733157844,0.0,1.996000051498413,5.216438968976338,4.543807586034139,0.0,0.0,1.6029513519541878,11,16.677320753632596,22.824079691620923,True,0.7306897355320355,2024-09-01,MESA_OPEN_DATA_2026,https://data.mesaaz.gov/d/5zhe-5nig,dataset 5zhe-5nig; retrieved 2026-08-22,study-derived after declared sensor and completeness QA
2024-09-15,0.0,0.0,0.0,9.584362951368094,0.0,3.9795152355090866,5.055898016633017,4.7644796172777815,0.0,0.0,0.8553055789735582,11,18.6197762035102,24.239561399761538,True,0.7681564817296312,2024-09-01,MESA_OPEN_DATA_2026,https://data.mesaaz.gov/d/5zhe-5nig,dataset 5zhe-5nig; retrieved 2026-08-22,study-derived after declared sensor and completeness QA
2024-09-16,0.0,0.0,0.0,10.650460557184283,0.0,0.0,5.505483229955037,4.706707974274953,0.0,0.0,0.0059027779433462,11,16.15594378713932,20.86855453935762,True,0.774176465201247,2024-09-01,MESA_OPEN_DATA_2026,https://data.mesaaz.gov/d/5zhe-5nig,dataset 5zhe-5nig; retrieved 2026-08-22,study-derived after declared sensor and completeness QA
2024-09-17,0.0,0.0,0.0,10.53411741834371,0.0,0.0,5.521922058529324,4.707723776499431,0.0,0.0,0.0,11,16.056039476873032,20.763763253372463,True,0.7732721318841468,2024-09-01,MESA_OPEN_DATA_2026,https://data.mesaaz.gov/d/5zhe-5nig,dataset 5zhe-5nig; retrieved 2026-08-22,study-derived after declared sensor and completeness QA
2024-09-18,3.0127669970194497,0.0,0.0,9.363006784165346,0.0,0.0,5.455372145440843,1.940917730331421,0.0,0.0,0.0,11,17.831145926625638,19.77206365695706,True,0.9018353489040845,2024-09-01,MESA_OPEN_DATA_2026,https://data.mesaaz.gov/d/5zhe-5nig,dataset 5zhe-5nig; retrieved 2026-08-22,study-derived after declared sensor and completeness QA
2024-09-19,4.892297804355621,0.0,0.0,9.28329380562223,0.0,0.0,5.16959466404385,0.0827702276680308,0.0,0.0,0.0,11,19.345186274021703,19.427956501689735,True,0.9957396328501747,2024-09-01,MESA_OPEN_DATA_2026,https://data.mesaaz.gov/d/5zhe-5nig,dataset 5zhe-5nig; retrieved 2026-08-22,study-derived after declared sensor and completeness QA
2024-09-20,4.812419056892395,0.0,0.0,0.0,0.0,0.0,5.324127589331733,0.0065129968958596,0.0,0.0,0.0,11,10.136546646224128,10.143059643119987,True,0.9993578863651584,2024-09-01,MESA_OPEN_DATA_2026,https://data.mesaaz.gov/d/5zhe-5nig,dataset 5zhe-5nig; retrieved 2026-08-22,study-derived after declared sensor and completeness QA
2024-09-21,4.859486262003581,0.0,0.0,0.0,0.0,0.0,5.467203277067221,0.0067499419480251,0.0,0.0,0.0,11,10.326689539070802,10.333439481018827,True,0.9993467865215233,2024-09-01,MESA_OPEN_DATA_2026,https://data.mesaaz.gov/d/5zhe-5nig,dataset 5zhe-5nig; retrieved 2026-08-22,study-derived after declared sensor and completeness QA
2024-09-22,4.814416845639546,0.0,0.0,0.0,0.0,4.192999839782715,5.412311289045546,0.0066629117936827,0.0,0.0,0.0,11,14.419727974467806,14.426390886261489,True,0.999538144235366,2024-09-01,MESA_OPEN_DATA_2026,https://data.mesaaz.gov/d/5zhe-5nig,dataset 5zhe-5nig; retrieved 2026-08-22,study-derived after declared sensor and completeness QA
2024-09-23,4.771411101023356,0.0,0.0,0.0,0.0,0.0,5.4766381192008105,0.0077348312479443,0.0,0.0,0.0198472217786022,11,10.248049220224168,10.275631273250715,True,0.9973157801897439,2024-09-01,MESA_OPEN_DATA_2026,https://data.mesaaz.gov/d/5zhe-5nig,dataset 5zhe-5nig; retrieved 2026-08-22,study-derived after declared sensor and completeness QA
2024-09-24,4.721364478270213,0.0,0.0,0.0,0.0,0.0,5.65102772977617,0.0065262975598064,0.0,0.0,0.0001527777743629,11,10.372392208046383,10.379071283380553,True,0.9993564862258086,2024-09-01,MESA_OPEN_DATA_2026,https://data.mesaaz.gov/d/5zhe-5nig,dataset 5zhe-5nig; retrieved 2026-08-22,study-derived after declared sensor and completeness QA
2024-09-25,4.751024822394053,0.0,0.0,9.206702591286794,0.0,0.0,5.474988865852356,0.0066104319218235,0.0,0.0,0.0,11,19.432716279533203,19.439326711455028,True,0.9996599454281547,2024-09-01,MESA_OPEN_DATA_2026,https://data.mesaaz.gov/d/5zhe-5nig,dataset 5zhe-5nig; retrieved 2026-08-22,study-derived after declared sensor and completeness QA
2024-09-26,4.74713130791982,0.0,0.0,10.07266940302319,0.0,0.0,5.30792793697781,0.0225620577499891,0.0,0.0,0.0,11,20.12772864792082,20.15029070567081,True,0.9988803110545874,2024-09-01,MESA_OPEN_DATA_2026,https://data.mesaaz.gov/d/5zhe-5nig,dataset 5zhe-5nig; retrieved 2026-08-22,study-derived after declared sensor and completeness QA
2024-09-27,4.795404215653737,0.0,0.0,10.261970776702526,0.0,0.0,5.29705548816257,0.0074676886821786,0.0,0.0,0.0,11,20.354430480518833,20.361898169201012,True,0.9996332518402692,2024-09-01,MESA_OPEN_DATA_2026,https://data.mesaaz.gov/d/5zhe-5nig,dataset 5zhe-5nig; retrieved 2026-08-22,study-derived after declared sensor and completeness QA
2024-09-28,4.785543163617452,0.0,0.0,10.079989943544884,0.0,0.0,5.274127944310506,0.0083897549193352,0.0,0.0,0.0,11,20.139661051472842,20.148050806392177,True,0.9995835947109746,2024-09-01,MESA_OPEN_DATA_2026,https://data.mesaaz.gov/d/5zhe-5nig,dataset 5zhe-5nig; retrieved 2026-08-22,study-derived after declared sensor and completeness QA
2024-09-29,4.852382242679596,0.0,0.0,10.156247377936486,0.0,0.0,5.235216800371806,0.0069497597287409,0.0,0.0,0.0,11,20.243846420987886,20.250796180716627,True,0.9996568154818842,2024-09-01,MESA_OPEN_DATA_2026,https://data.mesaaz.gov/d/5zhe-5nig,dataset 5zhe-5nig; retrieved 2026-08-22,study-derived after declared sensor and completeness QA
2024-09-30,4.7708103358745575,0.0,0.0,9.873643674112305,0.0,0.0,5.326652791518317,0.00678968718663475,0.0001562500062088,0.0,0.0,11,19.97110680150518,19.978052738698025,True,0.999652321610935,2024-09-01,MESA_OPEN_DATA_2026,https://data.mesaaz.gov/d/5zhe-5nig,dataset 5zhe-5nig; retrieved 2026-08-22,study-derived after declared sensor and completeness QA
2024-10-02,4.827917019526164,0.0,0.0,8.967869660978517,0.0,0.0,5.287405734592014,0.006810903258156,0.0900000035762786,0.0,0.0,11,19.083192415096693,19.180003321931128,True,0.9949525083385289,2024-10-01,MESA_OPEN_DATA_2026,https://data.mesaaz.gov/d/5zhe-5nig,dataset 5zhe-5nig; retrieved 2026-08-22,study-derived after declared sensor and completeness QA
2024-10-03,4.8550624922504575,0.0,0.0,10.005901785460775,0.0,0.0,5.139822733907587,0.0071174642254459,0.0,0.0,0.1454540315180127,11,20.00078701161882,20.153358507362277,True,0.9924294754302255,2024-10-01,MESA_OPEN_DATA_2026,https://data.mesaaz.gov/d/5zhe-5nig,dataset 5zhe-5nig; retrieved 2026-08-22,study-derived after declared sensor and completeness QA
2024-10-04,4.9347801605860395,0.0,0.0,9.038498787117984,0.0,0.0,5.114138829534132,0.0169377530110068,0.0,0.0,0.001122916665756,11,19.087417777238155,19.10547844691492,True,0.9990546863441842,2024-10-01,MESA_OPEN_DATA_2026,https://data.mesaaz.gov/d/5zhe-5nig,dataset 5zhe-5nig; retrieved 2026-08-22,study-derived after declared sensor and completeness QA
2024-10-05,4.7045687437057495,0.0,0.0,9.015742474248013,0.0,0.0,5.188583461443583,0.0069208739247793,0.0,0.0,0.0,11,18.908894679397346,18.915815553322126,True,0.9996341223615091,2024-10-01,MESA_OPEN_DATA_2026,https://data.mesaaz.gov/d/5zhe-5nig,dataset 5zhe-5nig; retrieved 2026-08-22,study-derived after declared sensor and completeness QA
2024-10-06,4.827224552631378,0.0,0.0,9.119903457930798,5.751003586583668,0.0,5.125355803361777,0.0065423915705954,0.0,0.0,0.0,11,24.823487400507624,24.830029792078218,True,0.9997365129391556,2024-10-01,MESA_OPEN_DATA_2026,https://data.mesaaz.gov/d/5zhe-5nig,dataset 5zhe-5nig; retrieved 2026-08-22,study-derived after declared sensor and completeness QA
2024-10-07,4.770798842112224,0.0,0.0,9.19402222175427,12.45433760352526,0.0,5.266210760152365,0.0062669899198226,0.0,0.0,0.0069465279921941,11,31.68536942754412,31.69858294545614,True,0.9995831511479628,2024-10-01,MESA_OPEN_DATA_2026,https://data.mesaaz.gov/d/5zhe-5nig,dataset 5zhe-5nig; retrieved 2026-08-22,study-derived after declared sensor and completeness QA
2024-10-08,4.738026440143585,0.0,0.0,9.33854106053986,12.576917719841004,0.0,5.312744469009728,0.0061848217931886,0.0,0.0,5.34722238727e-05,11,31.96622968953418,31.97246798355124,True,0.9998048854401772,2024-10-01,MESA_OPEN_DATA_2026,https://data.mesaaz.gov/d/5zhe-5nig,dataset 5zhe-5nig; retrieved 2026-08-22,study-derived after declared sensor and completeness QA
2024-10-09,4.820071637630463,0.0,0.0,9.259885698140694,12.044369810819626,0.0,5.111127911673652,0.0061113412569587,0.0,0.0,0.0,11,31.235455058264435,31.241566399521393,True,0.9998043842879449,2024-10-01,MESA_OPEN_DATA_2026,https://data.mesaaz.gov/d/5zhe-5nig,dataset 5zhe-5nig; retrieved 2026-08-22,study-derived after declared sensor and completeness QA
2024-10-10,4.73496554295222,0.0,0.0,9.051062596890109,12.133937324417962,0.0,5.1159668419096205,0.0059945833054371,0.0,0.0,0.0,11,31.035932306169915,31.041926889475352,True,0.999806887525804,2024-10-01,MESA_OPEN_DATA_2026,https://data.mesaaz.gov/d/5zhe-5nig,dataset 5zhe-5nig; retrieved 2026-08-22,study-derived after declared sensor and completeness QA
2024-10-11,4.769984801610311,0.0,0.0,9.038190680474594,12.173972008625666,0.0,5.2422944757673475,0.0058822915889322,0.0,0.0,0.0,11,31.224441966477922,31.230324258066855,True,0.9998116480783125,2024-10-01,MESA_OPEN_DATA_2026,https://data.mesaaz.gov/d/5zhe-5nig,dataset 5zhe-5nig; retrieved 2026-08-22,study-derived after declared sensor and completeness QA
2024-10-12,4.701015830039978,0.0,0.0,9.03909888357062,12.056245931166435,0.0,5.329516590966119,0.0058546972771485,0.0,0.0,0.0,11,31.12587723574315,31.131731933020298,True,0.9998119379516134,2024-10-01,MESA_OPEN_DATA_2026,https://data.mesaaz.gov/d/5zhe-5nig,dataset 5zhe-5nig; retrieved 2026-08-22,study-derived after declared sensor and completeness QA
2024-10-13,4.704876363277435,0.0,0.0,9.007376387530456,12.270849978075866,0.0,5.174870080030114,0.00584916601656,0.0,0.0,0.0,11,31.157972808913872,31.163821974930432,True,0.9998123090928557,2024-10-01,MESA_OPEN_DATA_2026,https://data.mesaaz.gov/d/5zhe-5nig,dataset 5zhe-5nig; retrieved 2026-08-22,study-derived after declared sensor and completeness QA
2024-10-14,4.587819476922353,0.0,0.0,10.40791619093422,12.37977271484566,0.0,5.474318551453104,0.0057480554872502,0.0,0.0,0.0,11,32.84982693415534,32.85557498964259,True,0.9998250508326497,2024-10-01,MESA_OPEN_DATA_2026,https://data.mesaaz.gov/d/5zhe-5nig,dataset 5zhe-5nig; retrieved 2026-08-22,study-derived after declared sensor and completeness QA
2024-10-15,4.535888592402141,0.0,0.0,10.692235069766088,12.63446601076499,0.0,5.538649789983817,0.0056814228883013,0.0,0.0,0.0,11,33.40123946291703,33.406920885805334,True,0.9998299327583131,2024-10-01,MESA_OPEN_DATA_2026,https://data.mesaaz.gov/d/5zhe-5nig,dataset 5zhe-5nig; retrieved 2026-08-22,study-derived after declared sensor and completeness QA
2024-10-16,4.717118601004283,0.0,0.0,9.567787005194912,12.88248370687167,0.0,5.652444941277961,0.0057903174116897,0.0,0.0,0.0,11,32.81983425434883,32.825624571760514,True,0.9998236037398457,2024-10-01,MESA_OPEN_DATA_2026,https://data.mesaaz.gov/d/5zhe-5nig,dataset 5zhe-5nig; retrieved 2026-08-22,study-derived after declared sensor and completeness QA
2024-10-17,4.715562085310618,0.0,0.0,10.053240312076245,12.61356319936824,0.0,5.478973060287147,0.0057115907159944,0.0,0.0,0.0,11,32.86133865704225,32.86705024775825,True,0.9998262213775516,2024-10-01,MESA_OPEN_DATA_2026,https://data.mesaaz.gov/d/5zhe-5nig,dataset 5zhe-5nig; retrieved 2026-08-22,study-derived after declared sensor and completeness QA
2024-10-18,1.285759761929512,0.0,1.5804791854487523,9.89362020207224,12.784640516079236,4.192999839782715,5.455128058749653,3.077275454066694,0.0,0.0,0.0,11,35.19262756406211,38.2699030181288,True,0.9195901946077846,2024-10-01,MESA_OPEN_DATA_2026,https://data.mesaaz.gov/d/5zhe-5nig,dataset 5zhe-5nig; retrieved 2026-08-22,study-derived after declared sensor and completeness QA
2024-10-19,0.0473606636126836,0.0,3.8393403159247503,10.226133098576554,12.593401525013958,2.218407414917253,5.4122395654809745,4.4123136301835375,0.0,0.0,0.0,11,34.33688258352617,38.74919621370971,True,0.8861314798415758,2024-10-01,MESA_OPEN_DATA_2026,https://data.mesaaz.gov/d/5zhe-5nig,dataset 5zhe-5nig; retrieved 2026-08-22,study-derived after declared sensor and completeness QA
2024-10-20,0.0,0.0,4.500125106175741,10.925041319554955,12.370465764096188,1.735343319143665,5.258857837294469,4.544948776563008,0.0,0.0,0.0,11,34.78983334626502,39.33478212282803,True,0.884454710785716,2024-10-01,MESA_OPEN_DATA_2026,https://data.mesaaz.gov/d/5zhe-5nig,dataset 5zhe-5nig; retrieved 2026-08-22,study-derived after declared sensor and completeness QA
2024-10-21,0.0,0.0,4.590187545948559,11.28382703506612,12.279189864794413,1.890889236957512,5.257999897003174,4.635695179303487,0.0,0.0,0.0,11,35.302093579769775,39.937788759073264,True,0.8839270945302317,2024-10-01,MESA_OPEN_DATA_2026,https://data.mesaaz.gov/d/5zhe-5nig,dataset 5zhe-5nig; retrieved 2026-08-22,study-derived after declared sensor and completeness QA
2024-10-22,0.0,0.0,4.571458265185356,10.747065605768476,12.72506598908257,2.06587569500235,5.351477286082813,4.504240969816844,0.0,0.0,0.0,11,35.460942841121565,39.965183810938406,True,0.8872958775537012,2024-10-01,MESA_OPEN_DATA_2026,https://data.mesaaz.gov/d/5zhe-5nig,dataset 5zhe-5nig; retrieved 2026-08-22,study-derived after declared sensor and completeness QA
2024-10-23,0.0,0.0,4.557979237039884,10.265410555031806,12.249996183642322,2.1699267283204966,5.13223046965768,4.607049783070882,0.0,0.0,0.0,11,34.375543173692186,38.98259295676307,True,0.8818177695829336,2024-10-01,MESA_OPEN_DATA_2026,https://data.mesaaz.gov/d/5zhe-5nig,dataset 5zhe-5nig; retrieved 2026-08-22,study-derived after declared sensor and completeness QA
2024-10-24,3.4052260915438333,0.0,2.4522639599111344,11.315967937144968,12.068376922607422,2.3059027125054334,4.982827652825249,1.361694147189458,0.0,0.0,0.0,11,36.530565276538034,37.892259423727495,True,0.9640640550893941,2024-10-01,MESA_OPEN_DATA_2026,https://data.mesaaz.gov/d/5zhe-5nig,dataset 5zhe-5nig; retrieved 2026-08-22,study-derived after declared sensor and completeness QA
2024-10-25,4.56905875603358,0.0,0.0,11.30852942275525,12.053031698862712,2.228055719653936,5.083432654512111,0.0585910966231798,0.0,0.0,0.0,11,35.24210825181759,35.30069934844077,True,0.9983402284457639,2024-10-01,MESA_OPEN_DATA_2026,https://data.mesaaz.gov/d/5zhe-5nig,dataset 5zhe-5nig; retrieved 2026-08-22,study-derived after declared sensor and completeness QA
2024-10-26,4.709697445233663,0.0,0.0,10.3916103554655,12.053997818628948,2.1860298115596746,4.991516841782464,0.0066454379120841,0.0,0.0,0.0,11,34.33285227267025,34.339497710582336,True,0.9998064783018059,2024-10-01,MESA_OPEN_DATA_2026,https://data.mesaaz.gov/d/5zhe-5nig,dataset 5zhe-5nig; retrieved 2026-08-22,study-derived after declared sensor and completeness QA
2024-10-27,2.6342621942361197,0.0,0.0,11.056869613671743,12.191712488219537,1.9751498818566853,5.162044551637438,1.8304649610848476,0.0,0.0,0.0,11,33.020038729621525,34.850503690706375,True,0.9474766569421784,2024-10-01,MESA_OPEN_DATA_2026,https://data.mesaaz.gov/d/5zhe-5nig,dataset 5zhe-5nig; retrieved 2026-08-22,study-derived after declared sensor and completeness QA
2024-10-28,0.1059934794902801,0.0,0.0,11.595379147397148,12.75083156686499,2.134886354123327,5.124216739336649,4.286613300442696,0.0,0.0,0.0039666668550732,11,31.711307287212396,36.00188725451016,True,0.8808234708095682,2024-10-01,MESA_OPEN_DATA_2026,https://data.mesaaz.gov/d/5zhe-5nig,dataset 5zhe-5nig; retrieved 2026-08-22,study-derived after declared sensor and completeness QA
2024-10-29,0.0,0.0,0.0,9.512353128812933,12.812872376969562,2.3178693638529095,5.208527560031936,4.450011710325877,0.0,0.0,3.33333349165e-05,11,29.85162242966734,34.30166747332814,True,0.870267384315325,2024-10-01,MESA_OPEN_DATA_2026,https://data.mesaaz.gov/d/5zhe-5nig,dataset 5zhe-5nig; retrieved 2026-08-22,study-derived after declared sensor and completeness QA
2024-10-30,0.0,0.0,0.0,9.50836106756314,12.570505944887795,2.2960157631803035,5.056850232018364,4.521201590696971,0.0,0.0,0.0,11,29.431733007649605,33.95293459834657,True,0.8668391511902732,2024-10-01,MESA_OPEN_DATA_2026,https://data.mesaaz.gov/d/5zhe-5nig,dataset 5zhe-5nig; retrieved 2026-08-22,study-derived after declared sensor and completeness QA
2024-10-31,0.0,0.0,0.0,10.124659991297225,12.871970071389711,2.0796013783901293,4.922297050293675,4.5872400899728145,0.0,0.0,0.00949999969452615,11,29.99852849137074,34.595268581038084,True,0.867128070449875,2024-10-01,MESA_OPEN_DATA_2026,https://data.mesaaz.gov/d/5zhe-5nig,dataset 5zhe-5nig; retrieved 2026-08-22,study-derived after declared sensor and completeness QA
2024-11-02,0.0,0.0,0.0,10.309156470942392,12.492225176095962,1.934054456501772,4.756077890925937,4.612622459729512,0.0,0.0,0.0,11,29.491513994466064,34.104136454195576,True,0.8647488856395877,2024-11-01,MESA_OPEN_DATA_2026,https://data.mesaaz.gov/d/5zhe-5nig,dataset 5zhe-5nig; retrieved 2026-08-22,study-derived after declared sensor and completeness QA
2024-11-03,0.0,0.0,0.0,10.957690452597648,12.503972552280905,2.0287990565024243,5.0650472014272,4.627063552538554,0.0,0.0,0.0,11,30.55550926280818,35.18257281534673,True,0.8684842186833984,2024-11-01,MESA_OPEN_DATA_2026,https://data.mesaaz.gov/d/5zhe-5nig,dataset 5zhe-5nig; retrieved 2026-08-22,study-derived after declared sensor and completeness QA
2024-11-04,0.0,0.0,0.0,11.637193125231423,13.052852473438035,1.981034232378006,5.264756044745445,4.642539183298747,0.0,0.0,0.0,11,31.93583587579291,36.578375059091655,True,0.8730796768364146,2024-11-01,MESA_OPEN_DATA_2026,https://data.mesaaz.gov/d/5zhe-5nig,dataset 5zhe-5nig; retrieved 2026-08-22,study-derived after declared sensor and completeness QA
2024-11-05,0.0,0.0,0.0,10.57759334401124,13.295494659885412,2.074933191281803,5.352516156410143,4.67379093170166,0.0,0.0,0.0,11,31.3005373515886,35.97432828329026,True,0.8700798276232834,2024-11-01,MESA_OPEN_DATA_2026,https://data.mesaaz.gov/d/5zhe-5nig,dataset 5zhe-5nig; retrieved 2026-08-22,study-derived after declared sensor and completeness QA
2024-11-06,0.0,0.0,0.0,10.18782516223413,13.128350257873535,2.1009812572413,5.131239003605312,4.7416093945503235,0.0,0.0,0.0,11,30.54839568095428,35.2900050755046,True,0.8656387443298625,2024-11-01,MESA_OPEN_DATA_2026,https://data.mesaaz.gov/d/5zhe-5nig,dataset 5zhe-5nig; retrieved 2026-08-22,study-derived after declared sensor and completeness QA
2024-11-07,0.0,0.0,0.0,11.722872591823668,13.197853918698964,1.8821541949057243,5.009757128146494,4.689641495545705,0.0,0.0,0.0346840279254441,11,31.81263783357485,36.536963357046,True,0.8706973681062611,2024-11-01,MESA_OPEN_DATA_2026,https://data.mesaaz.gov/d/5zhe-5nig,dataset 5zhe-5nig; retrieved 2026-08-22,study-derived after declared sensor and completeness QA
2024-11-08,0.0,0.0,0.0,11.075953948514718,13.270847401579111,1.5062674672301768,5.034837008020325,5.323257942994435,0.0,0.0,0.0340090296101859,11,30.88790582534433,36.24517279794895,True,0.8521936423791092,2024-11-01,MESA_OPEN_DATA_2026,https://data.mesaaz.gov/d/5zhe-5nig,dataset 5zhe-5nig; retrieved 2026-08-22,study-derived after declared sensor and completeness QA
2024-11-09,0.0,0.0,0.0,10.53081256206742,13.10434958541439,1.3551069974814836,5.002206751545395,5.447347541650136,0.0,0.0,0.0964312528518752,11,29.992475896508687,35.5362546910107,True,0.8439965369815865,2024-11-01,MESA_OPEN_DATA_2026,https://data.mesaaz.gov/d/5zhe-5nig,dataset 5zhe-5nig; retrieved 2026-08-22,study-derived after declared sensor and completeness QA
2024-11-10,0.0,0.0,0.0,9.47656308128602,13.013189647191082,1.3719877839259471,4.975150217508888,5.487398366133372,0.0,0.0,0.0008756944702731,11,28.836890729911936,34.32516479051558,True,0.8401093164709259,2024-11-01,MESA_OPEN_DATA_2026,https://data.mesaaz.gov/d/5zhe-5nig,dataset 5zhe-5nig; retrieved 2026-08-22,study-derived after declared sensor and completeness QA
2024-11-11,0.0,0.0,0.0,10.037223348036685,13.16268629808306,1.5875417845589774,5.201571098277164,5.3666620055834455,0.0,0.0,0.0545034719268894,11,29.989022528955882,35.41018800646622,True,0.8469037928711255,2024-11-01,MESA_OPEN_DATA_2026,https://data.mesaaz.gov/d/5zhe-5nig,dataset 5zhe-5nig; retrieved 2026-08-22,study-derived after declared sensor and completeness QA
2024-11-12,0.0,0.0,0.0,11.01010521850704,13.266782016354007,1.505058281793353,5.19505031029162,5.362118462721507,0.0,0.0,0.0183340270072221,11,30.97699582694602,36.35744831667475,True,0.8520123732869044,2024-11-01,MESA_OPEN_DATA_2026,https://data.mesaaz.gov/d/5zhe-5nig,dataset 5zhe-5nig; retrieved 2026-08-22,study-derived after declared sensor and completeness QA
2024-11-13,0.0,0.0,0.0,10.470035680366887,13.132281611128212,1.471023832562934,5.175125538804737,5.396105806032817,0.0,0.0,0.0001624999930047,11,30.248466662862768,35.644734968888585,True,0.8486096667365942,2024-11-01,MESA_OPEN_DATA_2026,https://data.mesaaz.gov/d/5zhe-5nig,dataset 5zhe-5nig; retrieved 2026-08-22,study-derived after declared sensor and completeness QA
2024-11-14,0.0,0.0,0.0,8.729557349154796,12.92942281762759,1.5699302357410003,5.0348811715841295,5.504464348157247,0.0,0.0,0.0,11,28.263791574107515,33.768255922264764,True,0.836992933220222,2024-11-01,MESA_OPEN_DATA_2026,https://data.mesaaz.gov/d/5zhe-5nig,dataset 5zhe-5nig; retrieved 2026-08-22,study-derived after declared sensor and completeness QA
2024-11-15,0.0,0.0,0.0,10.41979489347725,12.984882990519203,1.5280299117082885,5.019093802571296,5.374879976113637,0.0,0.0,0.0,11,29.95180159827604,35.32668157438968,True,0.8478521124381466,2024-11-01,MESA_OPEN_DATA_2026,https://data.mesaaz.gov/d/5zhe-5nig,dataset 5zhe-5nig; retrieved 2026-08-22,study-derived after declared sensor and completeness QA
2024-11-16,0.0,0.0,0.0,10.492485106752978,12.68163308898608,1.464045312435026,5.391656303405762,5.363323946793874,0.0,0.0,0.0,11,30.02981981157985,35.393143758373725,True,0.8484643245197748,2024-11-01,MESA_OPEN_DATA_2026,https://data.mesaaz.gov/d/5zhe-5nig,dataset 5zhe-5nig; retrieved 2026-08-22,study-derived after declared sensor and completeness QA
2024-11-17,0.0,0.0,0.0,10.522060975491724,12.412560898670732,1.4330220169057888,5.734854749211675,5.493926028410594,0.0,0.0,0.0,11,30.10249864027992,35.59642466869051,True,0.8456607347635429,2024-11-01,MESA_OPEN_DATA_2026,https://data.mesaaz.gov/d/5zhe-5nig,dataset 5zhe-5nig; retrieved 2026-08-22,study-derived after declared sensor and completeness QA
2024-11-18,0.0,0.0,0.0,11.353140998158466,12.549711888879122,1.4479893008247018,5.911897042003515,5.4049010674158735,0.0,0.0,0.0,11,31.262739229865808,36.66764029728168,True,0.8525975213131848,2024-11-01,MESA_OPEN_DATA_2026,https://data.mesaaz.gov/d/5zhe-5nig,dataset 5zhe-5nig; retrieved 2026-08-22,study-derived after declared sensor and completeness QA
2024-11-19,0.0,0.0,0.0,10.26334112187994,12.901267093420028,1.5579217323877057,5.930887731909752,5.340231478214264,0.0,0.0,0.0,11,30.653417679597425,35.99364915781169,True,0.8516340631426287,2024-11-01,MESA_OPEN_DATA_2026,https://data.mesaaz.gov/d/5zhe-5nig,dataset 5zhe-5nig; retrieved 2026-08-22,study-derived after declared sensor and completeness QA
2024-11-20,0.0,0.0,0.0,9.834208997649798,12.407033471266429,1.287582319155122,5.731256270408631,5.655399680137634,0.0,0.0,0.0059416667183136,11,29.260081058479976,34.921422405335925,True,0.8378834263637868,2024-11-01,MESA_OPEN_DATA_2026,https://data.mesaaz.gov/d/5zhe-5nig,dataset 5zhe-5nig; retrieved 2026-08-22,study-derived after declared sensor and completeness QA
2024-11-21,0.0,0.0,0.0,11.42256452302902,12.319181998792134,1.245029919252776,5.714100502327624,5.607214192549388,0.0,0.0,5.83333338403e-05,11,30.700876943401557,36.308149469284785,True,0.8455643537926175,2024-11-01,MESA_OPEN_DATA_2026,https://data.mesaaz.gov/d/5zhe-5nig,dataset 5zhe-5nig; retrieved 2026-08-22,study-derived after declared sensor and completeness QA
2024-11-22,0.0,0.0,0.0,11.642405370424536,12.477668438355128,1.0301512733133305,5.91771711726182,5.585488855838776,0.0,0.0,0.0168347231371121,11,31.067942199354814,36.6702657783307,True,0.8472243530264668,2024-11-01,MESA_OPEN_DATA_2026,https://data.mesaaz.gov/d/5zhe-5nig,dataset 5zhe-5nig; retrieved 2026-08-22,study-derived after declared sensor and completeness QA
2024-11-23,0.0,0.0,0.0,10.93594747601008,12.34727303783099,1.0839999914169312,5.87030613720417,5.617202242215474,0.0,0.0,0.0001652777867598,11,30.23752664246217,35.85489416246441,True,0.8433305228974035,2024-11-01,MESA_OPEN_DATA_2026,https://data.mesaaz.gov/d/5zhe-5nig,dataset 5zhe-5nig; retrieved 2026-08-22,study-derived after declared sensor and completeness QA
2024-11-24,0.0,0.0,0.0,10.3841324576147,12.472736342703731,0.9781297281876916,5.786525505806043,5.641346236069997,0.0,0.0,0.0,11,29.621524034312166,35.262870270382166,True,0.8400202197718359,2024-11-01,MESA_OPEN_DATA_2026,https://data.mesaaz.gov/d/5zhe-5nig,dataset 5zhe-5nig; retrieved 2026-08-22,study-derived after declared sensor and completeness QA
2024-11-25,0.0,0.0,0.0,10.762588423435334,13.180521021300462,0.0,5.940031233429909,5.555398404598236,0.0,0.0,0.0,11,29.883140678165706,35.43853908276394,True,0.8432385039455482,2024-11-01,MESA_OPEN_DATA_2026,https://data.mesaaz.gov/d/5zhe-5nig,dataset 5zhe-5nig; retrieved 2026-08-22,study-derived after declared sensor and completeness QA
2024-11-26,0.0,0.0,0.0,10.310251514056905,13.397549764315288,0.0,6.138756117224693,5.476056933403015,0.0,0.0,0.0,11,29.84655739559689,35.322614328999904,True,0.8449702255218644,2024-11-01,MESA_OPEN_DATA_2026,https://data.mesaaz.gov/d/5zhe-5nig,dataset 5zhe-5nig; retrieved 2026-08-22,study-derived after declared sensor and completeness QA
2024-11-27,0.0,0.0,0.0,9.829632407379924,12.820206493139269,0.0,5.913426167605402,5.619597593943278,0.0,0.0,0.2515305635829766,11,28.563265068124593,34.434393225650844,True,0.8294981381245093,2024-11-01,MESA_OPEN_DATA_2026,https://data.mesaaz.gov/d/5zhe-5nig,dataset 5zhe-5nig; retrieved 2026-08-22,study-derived after declared sensor and completeness QA
2024-11-29,0.0,0.0,0.0,9.123110520874077,12.560269995801828,0.0,5.778513010684282,5.651559452215831,0.0,0.0,0.0,11,27.461893527360186,33.11345297957602,True,0.8293273898164095,2024-11-01,MESA_OPEN_DATA_2026,https://data.mesaaz.gov/d/5zhe-5nig,dataset 5zhe-5nig; retrieved 2026-08-22,study-derived after declared sensor and completeness QA
2024-11-30,0.0,0.0,0.0,8.801245123138049,11.977486524792099,0.0,5.424112240694495,5.474810928106308,0.0,0.0,0.01584444519701515,11,26.202843888624642,31.693499261927965,True,0.8267576789824842,2024-11-01,MESA_OPEN_DATA_2026,https://data.mesaaz.gov/d/5zhe-5nig,dataset 5zhe-5nig; retrieved 2026-08-22,study-derived after declared sensor and completeness QA
2024-12-02,0.0,0.0,0.0,9.22802901123133,12.331573347057189,0.0,5.370349068207572,5.515072127183278,0.0,0.0,0.000311111125888,11,26.92995142649609,32.44533466480526,True,0.8300099753850921,2024-12-01,MESA_OPEN_DATA_2026,https://data.mesaaz.gov/d/5zhe-5nig,dataset 5zhe-5nig; retrieved 2026-08-22,study-derived after declared sensor and completeness QA
2024-12-03,0.0,0.0,0.0,7.297964192019017,12.680276838938395,0.0,5.581680516885171,5.380578498045604,0.0,0.0,0.0,11,25.559921547842585,30.94050004588819,True,0.8260991745425701,2024-12-01,MESA_OPEN_DATA_2026,https://data.mesaaz.gov/d/5zhe-5nig,dataset 5zhe-5nig; retrieved 2026-08-22,study-derived after declared sensor and completeness QA
2024-12-04,0.0,0.0,0.0,6.201500359335148,13.15699929257373,0.0,6.110681095719338,5.912077883879344,0.0,0.0,2.4241999546686808,11,25.469180747628215,33.80545858617624,True,0.7534043853510419,2024-12-01,MESA_OPEN_DATA_2026,https://data.mesaaz.gov/d/5zhe-5nig,dataset 5zhe-5nig; retrieved 2026-08-22,study-derived after declared sensor and completeness QA
2024-12-05,0.0,0.0,0.0,6.740284548578439,13.62502404744834,0.0,6.081206101179123,5.8429510196050005,0.0,0.0,3.032263994216919,11,26.446514697205902,35.32172971102782,True,0.7487321519520325,2024-12-01,MESA_OPEN_DATA_2026,https://data.mesaaz.gov/d/5zhe-5nig,dataset 5zhe-5nig; retrieved 2026-08-22,study-derived after declared sensor and completeness QA
2024-12-06,0.0,0.0,0.0,6.626572223886572,13.634981479247411,0.0,6.138636934243257,5.798543632030487,0.0,0.0,3.0538443472650316,11,26.400190637377243,35.252578616672764,True,0.748886795614186,2024-12-01,MESA_OPEN_DATA_2026,https://data.mesaaz.gov/d/5zhe-5nig,dataset 5zhe-5nig; retrieved 2026-08-22,study-derived after declared sensor and completeness QA
2024-12-07,0.0,0.0,0.0,7.297334963785381,14.03017168563779,0.0,6.179742865243662,5.411188205083211,0.0,0.0,3.2867153108119966,11,27.50724951466683,36.205153030562045,True,0.7597606200268507,2024-12-01,MESA_OPEN_DATA_2026,https://data.mesaaz.gov/d/5zhe-5nig,dataset 5zhe-5nig; retrieved 2026-08-22,study-derived after declared sensor and completeness QA
2024-12-08,0.0,0.0,0.0,6.812822933745693,13.831417573841293,0.0,6.035906727070441,5.262327452500661,0.0,0.0,3.496812572081884,11,26.680147234657426,35.43928725923997,True,0.7528409654373396,2024-12-01,MESA_OPEN_DATA_2026,https://data.mesaaz.gov/d/5zhe-5nig,dataset 5zhe-5nig; retrieved 2026-08-22,study-derived after declared sensor and completeness QA
2024-12-09,0.0,0.0,0.0,6.3073406359967255,14.12637974430063,0.0,6.244673695977173,5.157441556453705,0.0,0.0,3.5276980325579643,11,26.67839407627453,35.3635336652862,True,0.754404079885907,2024-12-01,MESA_OPEN_DATA_2026,https://data.mesaaz.gov/d/5zhe-5nig,dataset 5zhe-5nig; retrieved 2026-08-22,study-derived after declared sensor and completeness QA
2024-12-10,0.0,0.0,0.0,6.57844359798012,14.236770017187023,0.0,6.426858508877638,5.146657129128774,0.0,0.0,3.4715937077999115,11,27.242072124044782,35.86032296097347,True,0.7596716893401136,2024-12-01,MESA_OPEN_DATA_2026,https://data.mesaaz.gov/d/5zhe-5nig,dataset 5zhe-5nig; retrieved 2026-08-22,study-derived after declared sensor and completeness QA
2024-12-11,0.0,0.0,0.0,6.613281561048804,14.194091089678482,0.0,6.233224874734878,5.204657594150697,0.0,0.0,3.315635308623314,11,27.04059752546216,35.56089042823617,True,0.7604027120758287,2024-12-01,MESA_OPEN_DATA_2026,https://data.mesaaz.gov/d/5zhe-5nig,dataset 5zhe-5nig; retrieved 2026-08-22,study-derived after declared sensor and completeness QA
2024-12-12,0.0,0.0,0.0,6.224922210198861,13.9285664071428,0.0,6.262806125943076,4.862647732098897,0.0,0.0,3.446604120234648,11,26.416294743284737,34.72554659561828,True,0.7607164561267981,2024-12-01,MESA_OPEN_DATA_2026,https://data.mesaaz.gov/d/5zhe-5nig,dataset 5zhe-5nig; retrieved 2026-08-22,study-derived after declared sensor and completeness QA
2024-12-13,0.0,0.0,0.0,6.288855347106906,13.569253417769676,0.0,6.253062501767786,5.211328585942586,0.0,0.0,3.627114531894525,11,26.11117126664437,34.94961438448148,True,0.7471089946628537,2024-12-01,MESA_OPEN_DATA_2026,https://data.mesaaz.gov/d/5zhe-5nig,dataset 5zhe-5nig; retrieved 2026-08-22,study-derived after declared sensor and completeness QA
2024-12-14,0.0,0.0,0.0,6.290172572547087,13.789919698022834,0.0,6.148656013607979,5.211186250050862,0.0,0.0,3.6012917359670005,11,26.2287482841779,35.041226270195764,True,0.7485111417600903,2024-12-01,MESA_OPEN_DATA_2026,https://data.mesaaz.gov/d/5zhe-5nig,dataset 5zhe-5nig; retrieved 2026-08-22,study-derived after declared sensor and completeness QA
2024-12-15,0.0,0.0,0.0,6.753955363309769,13.69606625535694,0.0,6.098313200200027,5.29563186566035,0.0,0.0,3.580218675235907,11,26.54833481886674,35.424185359762994,True,0.7494409412452431,2024-12-01,MESA_OPEN_DATA_2026,https://data.mesaaz.gov/d/5zhe-5nig,dataset 5zhe-5nig; retrieved 2026-08-22,study-derived after declared sensor and completeness QA
2024-12-16,0.0,0.0,0.0,7.760080311165441,14.524423924419615,0.0,6.236131238937378,5.200935820738475,0.0,0.0,3.6106771429379783,11,28.520635474522436,37.33224843819889,True,0.7639677937356625,2024-12-01,MESA_OPEN_DATA_2026,https://data.mesaaz.gov/d/5zhe-5nig,dataset 5zhe-5nig; retrieved 2026-08-22,study-derived after declared sensor and completeness QA
2024-12-17,0.0,0.0,0.0,6.666378356552235,14.705874283001616,0.0,6.446679370293863,5.1723185777664185,0.0,0.0,3.531833233932654,11,27.818932009847714,36.523083821546784,True,0.7616808083833255,2024-12-01,MESA_OPEN_DATA_2026,https://data.mesaaz.gov/d/5zhe-5nig,dataset 5zhe-5nig; retrieved 2026-08-22,study-derived after declared sensor and completeness QA
2024-12-18,0.0,0.0,0.0,6.150951157442673,14.189362428367096,0.0,6.211495847675387,5.25333700577418,0.0,0.0,3.5646458889047303,11,26.551809433485154,35.36979232816407,True,0.7506916972295204,2024-12-01,MESA_OPEN_DATA_2026,https://data.mesaaz.gov/d/5zhe-5nig,dataset 5zhe-5nig; retrieved 2026-08-22,study-derived after declared sensor and completeness QA
2024-12-19,0.0,0.0,0.0,6.328962462083609,14.48879023626739,0.0,6.191118817597814,5.259741048018138,0.0,0.0,3.512552166978518,11,27.008871515948815,35.78116473094547,True,0.7548348892228792,2024-12-01,MESA_OPEN_DATA_2026,https://data.mesaaz.gov/d/5zhe-5nig,dataset 5zhe-5nig; retrieved 2026-08-22,study-derived after declared sensor and completeness QA
2024-12-20,0.0,0.0,0.0,6.493086018203585,14.102269360352624,0.0,6.160193598270416,5.25984787940979,0.0,0.0,3.583250110348066,11,26.755548976826624,35.59864696658448,True,0.7515889298248148,2024-12-01,MESA_OPEN_DATA_2026,https://data.mesaaz.gov/d/5zhe-5nig,dataset 5zhe-5nig; retrieved 2026-08-22,study-derived after declared sensor and completeness QA
2024-12-21,0.0,0.0,0.0,6.078424856596523,13.691286595795445,0.0,6.148074868325564,5.2415720621744795,0.0,0.0,3.638427024086317,11,25.917786320717532,34.79778540697833,True,0.7448113728386863,2024-12-01,MESA_OPEN_DATA_2026,https://data.mesaaz.gov/d/5zhe-5nig,dataset 5zhe-5nig; retrieved 2026-08-22,study-derived after declared sensor and completeness QA
2024-12-22,0.0,0.0,0.0,6.523568518807836,14.448473969433042,0.0,6.144025051593781,5.252536217371623,0.0,0.0,3.6795729820926986,11,27.11606753983466,36.04817673929898,True,0.7522174487752464,2024-12-01,MESA_OPEN_DATA_2026,https://data.mesaaz.gov/d/5zhe-5nig,dataset 5zhe-5nig; retrieved 2026-08-22,study-derived after declared sensor and completeness QA
2024-12-23,0.0,0.0,0.0,6.83063504139357,14.63886762727934,0.0,6.288093154673944,5.154619554678599,0.0,0.0,3.642395794391632,11,27.757595823346854,36.55461117241708,True,0.7593459466008992,2024-12-01,MESA_OPEN_DATA_2026,https://data.mesaaz.gov/d/5zhe-5nig,dataset 5zhe-5nig; retrieved 2026-08-22,study-derived after declared sensor and completeness QA
2024-12-24,0.0,0.0,0.0,5.989416838961619,14.503094834976302,0.0,6.194593931586482,5.17197847366333,0.0,0.0,3.611322976648807,11,26.6871056055244,35.47040705583654,True,0.7523766378974533,2024-12-01,MESA_OPEN_DATA_2026,https://data.mesaaz.gov/d/5zhe-5nig,dataset 5zhe-5nig; retrieved 2026-08-22,study-derived after declared sensor and completeness QA
2024-12-25,0.0,0.0,0.0,7.055392149982077,13.990357013798024,0.0,6.123445128664001,5.20089719692866,0.0,0.0,3.713916582365831,11,27.169194292444104,36.084008071738594,True,0.7529428060881996,2024-12-01,MESA_OPEN_DATA_2026,https://data.mesaaz.gov/d/5zhe-5nig,dataset 5zhe-5nig; retrieved 2026-08-22,study-derived after declared sensor and completeness QA
2024-12-26,0.0,0.0,0.0,5.959243176401954,14.019979565920604,0.0,6.512543043718365,5.237824380397797,0.0,0.0,3.5596355025966964,11,26.491765786040922,35.28922566903542,True,0.7507040827276117,2024-12-01,MESA_OPEN_DATA_2026,https://data.mesaaz.gov/d/5zhe-5nig,dataset 5zhe-5nig; retrieved 2026-08-22,study-derived after declared sensor and completeness QA
2024-12-27,0.0,0.0,0.0,6.002902137775112,12.239237416452832,0.0,5.554043608903885,5.091959297657013,0.0,0.0,3.5510730346043906,11,23.79618316313183,32.439215495393235,True,0.7335622270677655,2024-12-01,MESA_OPEN_DATA_2026,https://data.mesaaz.gov/d/5zhe-5nig,dataset 5zhe-5nig; retrieved 2026-08-22,study-derived after declared sensor and completeness QA
2024-12-28,0.0,0.0,0.0,5.941383976343606,13.927819034906738,0.0,6.066728581957166,5.099197665850322,0.0,0.0,3.6310999711354577,11,25.935931593207513,34.666229230193295,True,0.7481613134496341,2024-12-01,MESA_OPEN_DATA_2026,https://data.mesaaz.gov/d/5zhe-5nig,dataset 5zhe-5nig; retrieved 2026-08-22,study-derived after declared sensor and completeness QA
2024-12-29,0.0,0.0,0.0,5.906043459490218,14.192816506491766,0.0,6.086893644928932,5.221595664819081,0.0,0.0,3.846588865915934,11,26.185753610910915,35.25393814164593,True,0.7427752753663951,2024-12-01,MESA_OPEN_DATA_2026,https://data.mesaaz.gov/d/5zhe-5nig,dataset 5zhe-5nig; retrieved 2026-08-22,study-derived after declared sensor and completeness QA
2024-12-30,0.0,0.0,0.0,6.008953069660951,14.48279813267757,0.0,6.111843737959862,5.167766133944194,0.0,0.0,3.7956000751919214,11,26.603594940298382,35.5669611494345,True,0.7479861669520611,2024-12-01,MESA_OPEN_DATA_2026,https://data.mesaaz.gov/d/5zhe-5nig,dataset 5zhe-5nig; retrieved 2026-08-22,study-derived after declared sensor and completeness QA
2024-12-31,0.0,0.0,0.0,6.414052176037741,14.484030761321387,0.0,6.182328011095524,5.178073455890019,0.0,0.0,3.7472055355707807,11,27.080410948454652,36.00568993991545,True,0.7521147627956896,2024-12-01,MESA_OPEN_DATA_2026,https://data.mesaaz.gov/d/5zhe-5nig,dataset 5zhe-5nig; retrieved 2026-08-22,study-derived after declared sensor and completeness QA
2025-01-02,0.0,0.0,0.0,6.256651638660718,14.495929955772038,0.0,6.363758824329854,5.226299862066905,0.0,0.0,3.796566597620646,11,27.116340418762608,36.13920687845016,True,0.7503302579374564,2025-01-01,MESA_OPEN_DATA_2026,https://data.mesaaz.gov/d/5zhe-5nig,dataset 5zhe-5nig; retrieved 2026-08-22,study-derived after declared sensor and completeness QA
2025-01-03,0.0,0.0,0.0,6.280084256281639,13.189907768699856,0.0,5.691237297654152,5.145701507727305,0.0,0.0,3.653611061308119,11,25.161229322635645,33.96054189167107,True,0.7408959904967393,2025-01-01,MESA_OPEN_DATA_2026,https://data.mesaaz.gov/d/5zhe-5nig,dataset 5zhe-5nig; retrieved 2026-08-22,study-derived after declared sensor and completeness QA
2025-01-04,0.0,0.0,0.0,6.1329443827719645,13.787582975908242,0.0,6.14114181692191,5.205008308092753,0.0,0.0,3.691555468241374,11,26.061669175602116,34.958232951936246,True,0.7455087678897863,2025-01-01,MESA_OPEN_DATA_2026,https://data.mesaaz.gov/d/5zhe-5nig,dataset 5zhe-5nig; retrieved 2026-08-22,study-derived after declared sensor and completeness QA
2025-01-05,0.0,0.0,0.0,6.290946990877403,13.90791619356784,0.0,6.177786435768144,5.255615651607513,0.0,0.0,3.6484888898001775,11,26.37664962021339,35.28075416162108,True,0.7476214793873736,2025-01-01,MESA_OPEN_DATA_2026,https://data.mesaaz.gov/d/5zhe-5nig,dataset 5zhe-5nig; retrieved 2026-08-22,study-derived after declared sensor and completeness QA
2025-01-06,0.0,0.0,0.0,7.075429125044633,14.27974104052293,0.0,6.272405602188058,5.189556181430817,0.0,0.0,3.555044346385532,11,27.627575767755623,36.37217629557197,True,0.7595799476843256,2025-01-01,MESA_OPEN_DATA_2026,https://data.mesaaz.gov/d/5zhe-5nig,dataset 5zhe-5nig; retrieved 2026-08-22,study-derived after declared sensor and completeness QA
2025-01-07,0.0,0.0,0.0,6.485416845968694,14.388924244377348,0.0,6.388274937868118,5.160496493180593,0.0,0.0,3.6321221192677817,11,27.26261602821416,36.05523464066254,True,0.7561347554639902,2025-01-01,MESA_OPEN_DATA_2026,https://data.mesaaz.gov/d/5zhe-5nig,dataset 5zhe-5nig; retrieved 2026-08-22,study-derived after declared sensor and completeness QA
2025-01-08,0.0,0.0,0.0,6.6387543109286975,14.138174325974871,0.0,6.400924813448553,5.196065127849579,0.0,0.0,3.7299110571543377,11,27.177853450352124,36.10382963535604,True,0.7527692692117398,2025-01-01,MESA_OPEN_DATA_2026,https://data.mesaaz.gov/d/5zhe-5nig,dataset 5zhe-5nig; retrieved 2026-08-22,study-derived after declared sensor and completeness QA
2025-01-09,0.0,0.0,0.0,7.216112676905813,13.812227610264864,0.0,6.143625720275496,5.263448456923167,0.0,0.0,3.6924359205647344,11,27.171966007446173,36.12785038493407,True,0.752105805297991,2025-01-01,MESA_OPEN_DATA_2026,https://data.mesaaz.gov/d/5zhe-5nig,dataset 5zhe-5nig; retrieved 2026-08-22,study-derived after declared sensor and completeness QA
2025-01-10,0.0,0.0,0.0,7.0124738377417195,13.877954426076675,0.0,6.2691999822855,5.297073304653168,0.0,0.0,3.711777052175368,11,27.159628246103892,36.16847860293243,True,0.7509198422269792,2025-01-01,MESA_OPEN_DATA_2026,https://data.mesaaz.gov/d/5zhe-5nig,dataset 5zhe-5nig; retrieved 2026-08-22,study-derived after declared sensor and completeness QA
2025-01-11,0.0,0.0,0.0,6.471828379960541,13.885994116686316,0.0,6.224287676927196,5.337618827819824,0.0,0.0,3.711999893188477,11,26.582110173574055,35.63172889458236,True,0.7460235862317571,2025-01-01,MESA_OPEN_DATA_2026,https://data.mesaaz.gov/d/5zhe-5nig,dataset 5zhe-5nig; retrieved 2026-08-22,study-derived after declared sensor and completeness QA
2025-01-12,0.0,0.0,0.0,7.475203643253556,13.877006113612104,0.0,6.085870601439028,5.372562527656555,0.0,0.0,3.7040888839297823,11,27.43808035830469,36.51473176989103,True,0.7514249462713929,2025-01-01,MESA_OPEN_DATA_2026,https://data.mesaaz.gov/d/5zhe-5nig,dataset 5zhe-5nig; retrieved 2026-08-22,study-derived after declared sensor and completeness QA
2025-01-13,0.0,0.0,0.0,8.020819855221996,14.337680158350205,0.0,6.279775136709214,5.18118417263031,0.0,0.0,3.529955670568678,11,28.638275150281416,37.3494149934804,True,0.7667663644873802,2025-01-01,MESA_OPEN_DATA_2026,https://data.mesaaz.gov/d/5zhe-5nig,dataset 5zhe-5nig; retrieved 2026-08-22,study-derived after declared sensor and completeness QA
2025-01-14,0.0,0.0,0.0,6.7442567751667015,14.809670810592907,0.0,6.532418671250343,5.174525204773955,0.0,0.0,3.519100054105123,11,28.086346257009954,36.77997151588903,True,0.7636315391075436,2025-01-01,MESA_OPEN_DATA_2026,https://data.mesaaz.gov/d/5zhe-5nig,dataset 5zhe-5nig; retrieved 2026-08-22,study-derived after declared sensor and completeness QA
2025-01-15,0.0,0.0,0.0,6.793700248745511,13.84866762889756,0.0,6.243825101852417,5.248243927955627,0.0,0.0,3.2589222643110487,11,26.88619297949549,35.393359171762164,True,0.7596394806443256,2025-01-01,MESA_OPEN_DATA_2026,https://data.mesaaz.gov/d/5zhe-5nig,dataset 5zhe-5nig; retrieved 2026-08-22,study-derived after declared sensor and completeness QA
2025-01-16,0.0,0.0,0.0,7.253497951016093,14.002892620033688,0.0,6.221131443977356,5.316538254419963,0.0,0.0,3.52302606475574,11,27.477522015027137,36.31708633420284,True,0.7566003991115678,2025-01-01,MESA_OPEN_DATA_2026,https://data.mesaaz.gov/d/5zhe-5nig,dataset 5zhe-5nig; retrieved 2026-08-22,study-derived after declared sensor and completeness QA
2025-01-17,0.0,0.0,0.0,6.573357818126678,14.267815621693927,0.0,6.24783139526844,5.314183592796326,0.0,0.0,3.294600054952834,11,27.089004835089042,35.6977884828382,True,0.7588426618671952,2025-01-01,MESA_OPEN_DATA_2026,https://data.mesaaz.gov/d/5zhe-5nig,dataset 5zhe-5nig; retrieved 2026-08-22,study-derived after declared sensor and completeness QA
2025-01-18,0.0,0.0,2.2075625747442245,6.20628837922713,13.749360012345845,0.0,6.23309355378151,5.0841964681943255,0.0,0.0,3.2159089436133703,11,28.39630452009871,36.69640993190641,True,0.77381696391529,2025-01-01,MESA_OPEN_DATA_2026,https://data.mesaaz.gov/d/5zhe-5nig,dataset 5zhe-5nig; retrieved 2026-08-22,study-derived after declared sensor and completeness QA
2025-01-19,0.0,0.0,2.8237084289391836,6.492043760678821,14.132200372219083,0.0,6.121699813008308,5.293314297993978,0.0,0.0,3.8681964551409087,11,29.569652374845397,38.73116312798029,True,0.7634589304002491,2025-01-01,MESA_OPEN_DATA_2026,https://data.mesaaz.gov/d/5zhe-5nig,dataset 5zhe-5nig; retrieved 2026-08-22,study-derived after declared sensor and completeness QA
2025-01-20,0.0,0.0,0.0,6.875055102693021,13.130697611144257,0.0,6.389312294125557,5.170993745326996,0.0,1.364696569244067,2.904509938094351,11,26.395065007962835,35.83526526062825,True,0.7365667538943198,2025-01-01,MESA_OPEN_DATA_2026,https://data.mesaaz.gov/d/5zhe-5nig,dataset 5zhe-5nig; retrieved 2026-08-22,study-derived after declared sensor and completeness QA
2025-01-21,0.0,0.0,0.0,7.8649751848653855,14.29456868171692,0.0,6.345319234662586,5.158549414464721,0.0,0.016303472717603,3.728024221294456,11,28.50486310124489,37.407740209721666,True,0.7620044124942073,2025-01-01,MESA_OPEN_DATA_2026,https://data.mesaaz.gov/d/5zhe-5nig,dataset 5zhe-5nig; retrieved 2026-08-22,study-derived after declared sensor and completeness QA
2025-01-22,0.0,0.0,0.0,6.366279937235846,14.459659508675918,0.0,6.482137301564217,5.201392650604248,0.0,0.0,3.692542967862553,11,27.30807674747598,36.20201236594278,True,0.7543248278973074,2025-01-01,MESA_OPEN_DATA_2026,https://data.mesaaz.gov/d/5zhe-5nig,dataset 5zhe-5nig; retrieved 2026-08-22,study-derived after declared sensor and completeness QA
2025-01-23,0.0,0.0,0.0,6.678565602817668,14.085781288146972,0.0,6.33404184712304,4.9687666694323225,0.0,0.0,3.82738263408343,11,27.098388738087678,35.894538041603425,True,0.7549446299233437,2025-01-01,MESA_OPEN_DATA_2026,https://data.mesaaz.gov/d/5zhe-5nig,dataset 5zhe-5nig; retrieved 2026-08-22,study-derived after declared sensor and completeness QA
2025-01-24,0.0,0.0,0.0,6.843232644873637,13.918348137537638,0.0,6.272423449489805,4.882194081942241,0.0,0.0,3.820106183985869,11,27.03400423190108,35.73630449782919,True,0.7564857254208607,2025-01-01,MESA_OPEN_DATA_2026,https://data.mesaaz.gov/d/5zhe-5nig,dataset 5zhe-5nig; retrieved 2026-08-22,study-derived after declared sensor and completeness QA
2025-01-25,0.0,0.0,0.0,6.139001795499978,13.95392547249794,0.0,6.306757102409999,4.896396279335022,0.0,0.0,3.894114563696914,11,26.39968437040792,35.19019521343986,True,0.7501999977631649,2025-01-01,MESA_OPEN_DATA_2026,https://data.mesaaz.gov/d/5zhe-5nig,dataset 5zhe-5nig; retrieved 2026-08-22,study-derived after declared sensor and completeness QA
2025-01-26,0.0,0.0,0.0,7.280098645204616,13.895123716848474,0.0,6.141163631598708,4.9493206938107805,0.0,0.0,3.8248380773597295,11,27.3163859936518,36.09054476482231,True,0.7568848342870473,2025-01-01,MESA_OPEN_DATA_2026,https://data.mesaaz.gov/d/5zhe-5nig,dataset 5zhe-5nig; retrieved 2026-08-22,study-derived after declared sensor and completeness QA
2025-01-28,0.0,0.0,0.0,7.174559587632927,14.58916158421457,0.0,6.613838390658922,4.8317490323826116,0.0,0.0233868049250708,3.729451969928211,11,28.37755956250642,36.96214736974231,True,0.767746507762064,2025-01-01,MESA_OPEN_DATA_2026,https://data.mesaaz.gov/d/5zhe-5nig,dataset 5zhe-5nig; retrieved 2026-08-22,study-derived after declared sensor and completeness QA
2025-01-29,0.0,0.0,0.0,5.490769375793195,14.2777154635666,0.0,6.306178673685596,4.847266912460327,0.0170588646510419,0.0,3.804291731284725,11,26.074663513045394,34.74328102144149,True,0.7504951388141397,2025-01-01,MESA_OPEN_DATA_2026,https://data.mesaaz.gov/d/5zhe-5nig,dataset 5zhe-5nig; retrieved 2026-08-22,study-derived after declared sensor and completeness QA
2025-02-07,0.0,0.0,0.0,7.119693833290032,12.259657099911069,0.0,6.077160530010526,4.924692392349243,12.98553517692619,0.0,1.5221839450023793,11,25.45651146321163,44.88892297748944,True,0.5671000722378072,2025-02-01,MESA_OPEN_DATA_2026,https://data.mesaaz.gov/d/5zhe-5nig,dataset 5zhe-5nig; retrieved 2026-08-22,study-derived after declared sensor and completeness QA
2025-02-08,0.0,0.0,0.0,12.767916213489242,10.620516793410664,0.0,6.127645372267478,4.8492246468861895,5.901173440284199,0.0,0.0187000006437301,11,29.516078379167382,40.285176466981504,True,0.7326783935862692,2025-02-01,MESA_OPEN_DATA_2026,https://data.mesaaz.gov/d/5zhe-5nig,dataset 5zhe-5nig; retrieved 2026-08-22,study-derived after declared sensor and completeness QA
2025-02-09,0.0,0.0,0.0,16.036179547312635,10.238791698200789,0.0,6.130979148790365,4.896720429261525,0.0,0.0,0.0,11,32.40595039430379,37.302670823565315,True,0.8687300313582879,2025-02-01,MESA_OPEN_DATA_2026,https://data.mesaaz.gov/d/5zhe-5nig,dataset 5zhe-5nig; retrieved 2026-08-22,study-derived after declared sensor and completeness QA
2025-02-10,0.0,0.0,0.0,11.296323164447008,10.781864575544994,0.0,6.406076381603877,4.809113442897797,0.0,0.0,0.0,11,28.48426412159588,33.29337756449368,True,0.8555534525272508,2025-02-01,MESA_OPEN_DATA_2026,https://data.mesaaz.gov/d/5zhe-5nig,dataset 5zhe-5nig; retrieved 2026-08-22,study-derived after declared sensor and completeness QA
2025-02-11,0.0,0.0,0.0,12.934264605739326,10.892763935497827,0.0,6.522197252873848,4.808645940544428,0.0,0.0,0.0,11,30.349225794111003,35.15787173465543,True,0.8632270469374146,2025-02-01,MESA_OPEN_DATA_2026,https://data.mesaaz.gov/d/5zhe-5nig,dataset 5zhe-5nig; retrieved 2026-08-22,study-derived after declared sensor and completeness QA
2025-02-12,0.0,0.0,0.0,7.22540415119604,10.935909533701023,0.0,6.355173700385624,4.837759951750438,0.0,0.0,0.0,11,24.516487385282687,29.354247337033126,True,0.83519386832831,2025-02-01,MESA_OPEN_DATA_2026,https://data.mesaaz.gov/d/5zhe-5nig,dataset 5zhe-5nig; retrieved 2026-08-22,study-derived after declared sensor and completeness QA
2025-02-13,0.0,0.0,0.0,9.763687681140476,11.72330966608865,0.0,5.866426295528691,4.849665275102782,0.0,0.0,0.0,11,27.353423642757818,32.2030889178606,True,0.8494037237398975,2025-02-01,MESA_OPEN_DATA_2026,https://data.mesaaz.gov/d/5zhe-5nig,dataset 5zhe-5nig; retrieved 2026-08-22,study-derived after declared sensor and completeness QA
2025-02-14,0.0,0.0,0.0,9.719151565239386,11.511448632086909,0.0,5.988122406776237,4.920215666775286,0.0,0.0,0.0,11,27.218722604102535,32.13893827087782,True,0.8469079586479786,2025-02-01,MESA_OPEN_DATA_2026,https://data.mesaaz.gov/d/5zhe-5nig,dataset 5zhe-5nig; retrieved 2026-08-22,study-derived after declared sensor and completeness QA
2025-02-15,0.0,0.0,0.0,12.905809613111948,11.104848007361094,0.0,5.8797640734248695,4.861588617165883,0.0,0.0,0.0,11,29.89042169389791,34.75201031106379,True,0.8601062622377812,2025-02-01,MESA_OPEN_DATA_2026,https://data.mesaaz.gov/d/5zhe-5nig,dataset 5zhe-5nig; retrieved 2026-08-22,study-derived after declared sensor and completeness QA
2025-02-16,0.0,0.0,0.0,12.22575832898694,11.094020696481069,0.0,5.797569377554788,4.946327765782674,0.0,0.0,0.0,11,29.117348403022795,34.06367616880547,True,0.8547917217956534,2025-02-01,MESA_OPEN_DATA_2026,https://data.mesaaz.gov/d/5zhe-5nig,dataset 5zhe-5nig; retrieved 2026-08-22,study-derived after declared sensor and completeness QA
2025-02-17,0.0,0.0,0.0,11.78273279229136,12.207675037781398,0.0,5.796006947755814,4.875748177369435,0.0,0.0,0.0799875002354383,11,29.786414777828572,34.742150455433446,True,0.8573566802100522,2025-02-01,MESA_OPEN_DATA_2026,https://data.mesaaz.gov/d/5zhe-5nig,dataset 5zhe-5nig; retrieved 2026-08-22,study-derived after declared sensor and completeness QA
2025-02-18,0.0,0.0,0.0,12.11036758714155,12.259896061817804,0.0,5.860548358066286,4.830289860566457,0.0,0.0,0.0010125000029802,11,30.230812007025637,35.06211436759507,True,0.8622073298285001,2025-02-01,MESA_OPEN_DATA_2026,https://data.mesaaz.gov/d/5zhe-5nig,dataset 5zhe-5nig; retrieved 2026-08-22,study-derived after declared sensor and completeness QA
2025-02-19,0.0,0.0,0.0,13.52868664058822,12.548396866576894,0.0,6.0099584890736475,4.812700927257538,0.0,0.0,0.0,11,32.08704199623876,36.8997429234963,True,0.8695735919560296,2025-02-01,MESA_OPEN_DATA_2026,https://data.mesaaz.gov/d/5zhe-5nig,dataset 5zhe-5nig; retrieved 2026-08-22,study-derived after declared sensor and completeness QA
2025-02-20,0.0,0.0,0.0,13.359693701846044,11.614955347560574,0.0,5.914675993371093,4.882089455922444,0.0,0.0,0.0,11,30.889325042777713,35.77141449870016,True,0.8635198097603927,2025-02-01,MESA_OPEN_DATA_2026,https://data.mesaaz.gov/d/5zhe-5nig,dataset 5zhe-5nig; retrieved 2026-08-22,study-derived after declared sensor and completeness QA
2025-02-21,0.0,0.0,0.0,12.204053252892638,11.220820155030994,0.0,5.895131925741832,4.867086428364497,0.0,0.0,0.0,11,29.320005333665467,34.187091762029965,True,0.8576337975092064,2025-02-01,MESA_OPEN_DATA_2026,https://data.mesaaz.gov/d/5zhe-5nig,dataset 5zhe-5nig; retrieved 2026-08-22,study-derived after declared sensor and completeness QA
2025-02-22,0.0,0.0,0.0,9.527635834802986,11.398627251386642,0.0,5.784770753648546,4.835496703783671,0.0,0.0,0.0,11,26.711033839838173,31.546530543621845,True,0.8467185893200758,2025-02-01,MESA_OPEN_DATA_2026,https://data.mesaaz.gov/d/5zhe-5nig,dataset 5zhe-5nig; retrieved 2026-08-22,study-derived after declared sensor and completeness QA
2025-02-23,0.0,0.0,0.0,9.803650120769936,11.394010470310848,0.0,5.654902584022945,4.854048947493236,0.0,0.0,0.0,11,26.85256317510373,31.706612122596965,True,0.8469073602463567,2025-02-01,MESA_OPEN_DATA_2026,https://data.mesaaz.gov/d/5zhe-5nig,dataset 5zhe-5nig; retrieved 2026-08-22,study-derived after declared sensor and completeness QA
2025-02-24,0.0,0.0,0.0,10.725227829593663,11.960814914385036,0.0,5.9827015201250715,4.788300434748332,0.0,0.0,0.0,11,28.668744264103772,33.4570446988521,True,0.8568821461115896,2025-02-01,MESA_OPEN_DATA_2026,https://data.mesaaz.gov/d/5zhe-5nig,dataset 5zhe-5nig; retrieved 2026-08-22,study-derived after declared sensor and completeness QA
2025-02-25,0.0,0.0,0.0,10.46024346900483,12.25437493615944,0.0,6.02968552396014,4.761264363924663,0.0,0.0,0.0,11,28.74430392912441,33.50556829304907,True,0.8578963257008114,2025-02-01,MESA_OPEN_DATA_2026,https://data.mesaaz.gov/d/5zhe-5nig,dataset 5zhe-5nig; retrieved 2026-08-22,study-derived after declared sensor and completeness QA
2025-02-26,0.0,0.0,0.0,9.6215369619324,11.755084126542656,0.0,5.870121129708037,4.8186830679575605,0.0,0.0,0.0,11,27.246742218183094,32.06542528614065,True,0.8497234006735506,2025-02-01,MESA_OPEN_DATA_2026,https://data.mesaaz.gov/d/5zhe-5nig,dataset 5zhe-5nig; retrieved 2026-08-22,study-derived after declared sensor and completeness QA
2025-02-27,0.0,0.0,0.0,9.583246623489648,11.606318453976208,0.0,5.748842175668864,4.823661267757416,0.0,0.0,0.0,11,26.93840725313472,31.762068520892136,True,0.8481313877720352,2025-02-01,MESA_OPEN_DATA_2026,https://data.mesaaz.gov/d/5zhe-5nig,dataset 5zhe-5nig; retrieved 2026-08-22,study-derived after declared sensor and completeness QA
2025-02-28,0.0,0.0,0.0,9.596345400981502,11.577050138430575,0.0,5.699844953278404,4.8321774403254185,0.0,0.0,0.0,11,26.87324049269048,31.7054179330159,True,0.8475914289937962,2025-02-01,MESA_OPEN_DATA_2026,https://data.mesaaz.gov/d/5zhe-5nig,dataset 5zhe-5nig; retrieved 2026-08-22,study-derived after declared sensor and completeness QA
2025-03-02,0.0,0.0,0.0,9.430386511430504,11.882321402887117,0.0,5.69865865760527,4.8419121106465655,0.0,0.0,0.0,11,27.011366571922892,31.853278682569456,True,0.8479932895166574,2025-03-01,MESA_OPEN_DATA_2026,https://data.mesaaz.gov/d/5zhe-5nig,dataset 5zhe-5nig; retrieved 2026-08-22,study-derived after declared sensor and completeness QA
2025-03-03,0.0,0.0,0.0,9.377284649561776,12.259214812517166,0.0,5.962159944905175,4.7848900357882185,0.0,0.0,0.0,11,27.59865940698412,32.383549442772335,True,0.8522431877257929,2025-03-01,MESA_OPEN_DATA_2026,https://data.mesaaz.gov/d/5zhe-5nig,dataset 5zhe-5nig; retrieved 2026-08-22,study-derived after declared sensor and completeness QA
2025-03-04,0.0,0.0,0.0,9.500044928647414,12.4406213241641,0.0,6.169561506394631,4.762170116106669,0.0,0.0,0.0,11,28.110227759206147,32.872397875312814,True,0.8551316477072985,2025-03-01,MESA_OPEN_DATA_2026,https://data.mesaaz.gov/d/5zhe-5nig,dataset 5zhe-5nig; retrieved 2026-08-22,study-derived after declared sensor and completeness QA
2025-03-05,0.0,0.0,0.0,9.024140184008816,12.166574877948817,0.0,6.072687526543935,4.835107107957204,0.0,0.0,0.0059208333847992,11,27.263402588501567,32.10443052984357,True,0.8492099731580073,2025-03-01,MESA_OPEN_DATA_2026,https://data.mesaaz.gov/d/5zhe-5nig,dataset 5zhe-5nig; retrieved 2026-08-22,study-derived after declared sensor and completeness QA
2025-03-06,0.0,0.0,0.0,10.542977197997187,11.883590777162384,0.0,5.973687549432118,4.811451693375905,0.0,0.0,7.91666673548e-05,11,28.40025552459169,33.21178638463495,True,0.8551258037035533,2025-03-01,MESA_OPEN_DATA_2026,https://data.mesaaz.gov/d/5zhe-5nig,dataset 5zhe-5nig; retrieved 2026-08-22,study-derived after declared sensor and completeness QA
2025-03-07,0.0,0.0,1.6547917226950328,11.969342890151138,11.769237554073332,0.0,6.050458451112111,4.805636743704478,0.0,0.0,0.0,11,31.443830618031612,36.24946736173609,True,0.8674287625870837,2025-03-01,MESA_OPEN_DATA_2026,https://data.mesaaz.gov/d/5zhe-5nig,dataset 5zhe-5nig; retrieved 2026-08-22,study-derived after declared sensor and completeness QA
2025-03-08,0.0,0.0,4.057277909914652,11.82908575464358,11.67220286046112,0.0,5.9844667791988195,4.839992980162303,0.0,0.0,0.0,11,33.54303330421817,38.38302628438047,True,0.87390277816286,2025-03-01,MESA_OPEN_DATA_2026,https://data.mesaaz.gov/d/5zhe-5nig,dataset 5zhe-5nig; retrieved 2026-08-22,study-derived after declared sensor and completeness QA
2025-03-09,0.0,0.0,4.8619097494416765,11.588799905418243,12.36255865295728,0.0,6.042590498924255,4.890553871790568,0.0,0.0,0.0,11,34.85585880674145,39.74641267853202,True,0.8769560938405878,2025-03-01,MESA_OPEN_DATA_2026,https://data.mesaaz.gov/d/5zhe-5nig,dataset 5zhe-5nig; retrieved 2026-08-22,study-derived after declared sensor and completeness QA
2025-03-10,0.0,0.0,4.837249916791916,11.249213311396264,12.261214861962788,0.0,6.060874611782214,4.774367988109589,0.0,0.0,0.0,11,34.40855270193318,39.18292069004277,True,0.8781518094100919,2025-03-01,MESA_OPEN_DATA_2026,https://data.mesaaz.gov/d/5zhe-5nig,dataset 5zhe-5nig; retrieved 2026-08-22,study-derived after declared sensor and completeness QA
2025-03-11,0.0,0.0,4.7748750925064085,12.098981468690898,12.164203911684872,0.0,6.012340360217625,4.781763831774394,0.0,0.0,0.0,11,35.0504008330998,39.83216466487419,True,0.8799521976270809,2025-03-01,MESA_OPEN_DATA_2026,https://data.mesaaz.gov/d/5zhe-5nig,dataset 5zhe-5nig; retrieved 2026-08-22,study-derived after declared sensor and completeness QA
2025-03-12,0.0,0.0,3.1420000821352003,9.75333791653791,11.89357624459774,0.0,6.016965402856666,4.827113489309947,0.0,0.0,0.0,11,30.80587964612752,35.63299313543747,True,0.8645324721680672,2025-03-01,MESA_OPEN_DATA_2026,https://data.mesaaz.gov/d/5zhe-5nig,dataset 5zhe-5nig; retrieved 2026-08-22,study-derived after declared sensor and completeness QA
2025-03-13,0.0,0.0,0.9141527593963676,10.340719827498685,12.561562470977204,0.0,5.867061687060525,4.80721793572108,0.0,0.0,1.872906992650792,11,29.683496744932782,36.36362167330465,True,0.8162964902564726,2025-03-01,MESA_OPEN_DATA_2026,https://data.mesaaz.gov/d/5zhe-5nig,dataset 5zhe-5nig; retrieved 2026-08-22,study-derived after declared sensor and completeness QA
2025-03-14,0.0,0.0,0.0,10.190182027477269,13.63500927088158,0.0,5.51545310500929,4.827783226966858,0.0,0.9275972198694944,1.250655539582173,11,29.340644403368138,36.34668038978667,True,0.8072441303776614,2025-03-01,MESA_OPEN_DATA_2026,https://data.mesaaz.gov/d/5zhe-5nig,dataset 5zhe-5nig; retrieved 2026-08-22,study-derived after declared sensor and completeness QA
2025-03-15,0.0,0.0,0.0,8.619781422786138,12.51814159980187,0.0,5.691749840974808,4.787760992844899,0.0,2.603754095112284,0.0163874997860855,11,26.829672863562816,34.237575451306085,True,0.7836323837159832,2025-03-01,MESA_OPEN_DATA_2026,https://data.mesaaz.gov/d/5zhe-5nig,dataset 5zhe-5nig; retrieved 2026-08-22,study-derived after declared sensor and completeness QA
2025-03-16,0.0,0.0,0.0,9.913597829730977,11.49484524706972,0.0,6.460632022884157,4.770659883817037,0.0,2.5500159957342676,0.0,11,27.869075099684856,35.189750979236166,True,0.791965681033921,2025-03-01,MESA_OPEN_DATA_2026,https://data.mesaaz.gov/d/5zhe-5nig,dataset 5zhe-5nig; retrieved 2026-08-22,study-derived after declared sensor and completeness QA
2025-03-17,0.0,0.0,0.0,9.773372770985848,11.491999626159668,0.0,6.787749962674247,4.806021213531494,0.0,2.595379818148083,0.0,11,28.053122359819763,35.45452339149934,True,0.7912424050959276,2025-03-01,MESA_OPEN_DATA_2026,https://data.mesaaz.gov/d/5zhe-5nig,dataset 5zhe-5nig; retrieved 2026-08-22,study-derived after declared sensor and completeness QA
2025-03-18,0.0,0.0,0.0,10.038228240978938,11.633605356700471,0.0,7.049187512273306,4.7607515056928,0.0,2.517047870931802,0.0,11,28.721021109952716,35.99882048657732,True,0.7978322823288546,2025-03-01,MESA_OPEN_DATA_2026,https://data.mesaaz.gov/d/5zhe-5nig,dataset 5zhe-5nig; retrieved 2026-08-22,study-derived after declared sensor and completeness QA
2025-03-19,0.0,0.0,0.0,9.955663498572706,11.53328280604132,0.0,6.9050288590927575,4.819639623165131,0.0,2.6382778816752963,0.0,11,28.393975163706784,35.85189266854721,True,0.7919798105559085,2025-03-01,MESA_OPEN_DATA_2026,https://data.mesaaz.gov/d/5zhe-5nig,dataset 5zhe-5nig; retrieved 2026-08-22,study-derived after declared sensor and completeness QA
2025-03-20,0.0,0.0,0.0,8.998682714330357,11.819201364636587,0.0,6.773909486002392,4.840416471163432,0.0,2.5620973308881125,0.0,11,27.591793564969336,34.99430736702088,True,0.788465200227744,2025-03-01,MESA_OPEN_DATA_2026,https://data.mesaaz.gov/d/5zhe-5nig,dataset 5zhe-5nig; retrieved 2026-08-22,study-derived after declared sensor and completeness QA
2025-03-21,0.0,0.0,0.0,9.117264697115733,11.945650098058913,0.0,6.538640204198332,4.75666218996048,0.0,2.6172083649370403,0.0,11,27.60155499937298,34.9754255542705,True,0.7891699546741563,2025-03-01,MESA_OPEN_DATA_2026,https://data.mesaaz.gov/d/5zhe-5nig,dataset 5zhe-5nig; retrieved 2026-08-22,study-derived after declared sensor and completeness QA
2025-03-22,0.0,0.0,0.0,8.987502638464319,11.667774817678664,1.7425387917856234,6.735611100991567,4.844794233640035,0.0,2.188013426380025,0.0,11,29.133427348920172,36.166235008940234,True,0.8055421677627886,2025-03-01,MESA_OPEN_DATA_2026,https://data.mesaaz.gov/d/5zhe-5nig,dataset 5zhe-5nig; retrieved 2026-08-22,study-derived after declared sensor and completeness QA
2025-03-23,0.0,0.0,0.0,8.7705916994341,11.819574695163302,2.436012874996441,6.7330275807115765,4.821316103140513,0.0,2.665194375647439,0.0,11,29.759206850305418,37.24571732909337,True,0.7989967433667847,2025-03-01,MESA_OPEN_DATA_2026,https://data.mesaaz.gov/d/5zhe-5nig,dataset 5zhe-5nig; retrieved 2026-08-22,study-derived after declared sensor and completeness QA
2025-03-24,0.0,0.0,0.0,8.93842974415394,12.30763979183616,2.463961634446274,6.798541453149584,4.774137894312541,0.0,2.6187500291400485,0.0,11,30.508572623585955,37.90146054703854,True,0.8049445109304572,2025-03-01,MESA_OPEN_DATA_2026,https://data.mesaaz.gov/d/5zhe-5nig,dataset 5zhe-5nig; retrieved 2026-08-22,study-derived after declared sensor and completeness QA
2025-03-25,0.0,0.0,0.0,10.859478991483815,12.336921241845978,2.603799518336539,7.050235748291016,4.78814576069514,0.0,2.533194508817461,0.0,11,32.85043549995735,40.171775769469946,True,0.817749150260947,2025-03-01,MESA_OPEN_DATA_2026,https://data.mesaaz.gov/d/5zhe-5nig,dataset 5zhe-5nig; retrieved 2026-08-22,study-derived after declared sensor and completeness QA
2025-03-26,0.0,0.0,0.0,10.755124233901538,11.931140360044164,2.596011368592354,6.804740015732334,4.843843990695049,0.0,0.7510833450489574,0.0,11,32.08701597827039,37.68194331401439,True,0.8515223249204565,2025-03-01,MESA_OPEN_DATA_2026,https://data.mesaaz.gov/d/5zhe-5nig,dataset 5zhe-5nig; retrieved 2026-08-22,study-derived after declared sensor and completeness QA
2025-03-27,0.0,0.0,0.0,11.371706234144945,11.493224802884187,2.4412302967343606,6.764271149217502,4.8617784182230634,0.0,0.0100833334856563,0.0,11,32.07043248298099,36.942294234689705,True,0.8681223824173346,2025-03-01,MESA_OPEN_DATA_2026,https://data.mesaaz.gov/d/5zhe-5nig,dataset 5zhe-5nig; retrieved 2026-08-22,study-derived after declared sensor and completeness QA
2025-03-28,2.3787273863951364,0.0,0.0,12.112288987838008,11.483024801148307,2.495921592059387,6.792798830403222,2.4375822842121124,0.0,0.0,0.0167638897999293,11,35.26276159784406,37.71710777185611,True,0.9349275085232427,2025-03-01,MESA_OPEN_DATA_2026,https://data.mesaaz.gov/d/5zhe-5nig,dataset 5zhe-5nig; retrieved 2026-08-22,study-derived after declared sensor and completeness QA
2025-03-29,4.840050429105759,0.0,0.0,11.6322151336543,11.575741519848394,2.340222771508353,6.776118079821269,0.1019449896800021,0.0,0.0,0.0002344714633417,11,37.16434793393807,37.26652739508141,True,0.9972581437476026,2025-03-01,MESA_OPEN_DATA_2026,https://data.mesaaz.gov/d/5zhe-5nig,dataset 5zhe-5nig; retrieved 2026-08-22,study-derived after declared sensor and completeness QA
2025-03-30,4.967255115509033,0.0,0.0,10.849815682698884,11.639822069980973,2.375948718397919,6.631017535405707,0.0051189909960764,0.0,0.0,0.0,11,36.46385912199251,36.46897811298859,True,0.9998596343725284,2025-03-01,MESA_OPEN_DATA_2026,https://data.mesaaz.gov/d/5zhe-5nig,dataset 5zhe-5nig; retrieved 2026-08-22,study-derived after declared sensor and completeness QA
2025-03-31,4.886996477842331,0.0,1.341354130042924,11.763798999178992,12.114213711512338,2.5004481283342717,6.945169601258536,0.0050820011238101506,0.0,0.0,0.0,11,39.55198104816939,39.5570630492932,True,0.9998715273396946,2025-03-01,MESA_OPEN_DATA_2026,https://data.mesaaz.gov/d/5zhe-5nig,dataset 5zhe-5nig; retrieved 2026-08-22,study-derived after declared sensor and completeness QA
2025-04-02,4.940985043843587,0.0,2.336333269543118,12.048857864098434,11.806180333586216,2.43802154664513,6.804334963357897,0.0055354437984836,0.0,0.0,0.0,11,40.37471302107438,40.380248464872864,True,0.9998629170446214,2025-04-01,MESA_OPEN_DATA_2026,https://data.mesaaz.gov/d/5zhe-5nig,dataset 5zhe-5nig; retrieved 2026-08-22,study-derived after declared sensor and completeness QA
2025-04-03,5.003101289272308,0.0,0.0,11.947725515813584,11.575686377909646,0.3710486015444827,6.767250893175768,0.0080389811385733,0.0,0.0,0.0,11,35.66481267771579,35.67285165885436,True,0.9997746470841341,2025-04-01,MESA_OPEN_DATA_2026,https://data.mesaaz.gov/d/5zhe-5nig,dataset 5zhe-5nig; retrieved 2026-08-22,study-derived after declared sensor and completeness QA
2025-04-04,5.0183088183403015,0.0,0.0,11.256472970790885,11.469294306966994,0.0005205091947881,6.697535121830244,0.0052575075339215,0.0,0.0,0.0,11,34.44213172712321,34.44738923465713,True,0.9998473757329444,2025-04-01,MESA_OPEN_DATA_2026,https://data.mesaaz.gov/d/5zhe-5nig,dataset 5zhe-5nig; retrieved 2026-08-22,study-derived after declared sensor and completeness QA
2025-04-05,4.9536159833272295,0.0,0.0,10.964201637681713,11.188781366892089,0.0,6.565917360691498,0.0051279554415183,0.0,0.0,0.0,11,33.67251634859253,33.67764430403405,True,0.9998477341409268,2025-04-01,MESA_OPEN_DATA_2026,https://data.mesaaz.gov/d/5zhe-5nig,dataset 5zhe-5nig; retrieved 2026-08-22,study-derived after declared sensor and completeness QA
2025-04-06,4.989579300085704,0.0,0.0,10.605613048480892,11.255809355782462,0.0,6.5937970668285875,0.0051884501008316,0.0,0.0,0.0,11,33.444798771177645,33.44998722127848,True,0.9998448893248745,2025-04-01,MESA_OPEN_DATA_2026,https://data.mesaaz.gov/d/5zhe-5nig,dataset 5zhe-5nig; retrieved 2026-08-22,study-derived after declared sensor and completeness QA
2025-04-07,4.899425910854781,0.0,0.0,11.82594336977899,11.823419253031412,0.0,6.734915337297651,0.0051274216938138,0.0,0.0,0.0,11,35.28370387096283,35.288831292656646,True,0.9998547012891617,2025-04-01,MESA_OPEN_DATA_2026,https://data.mesaaz.gov/d/5zhe-5nig,dataset 5zhe-5nig; retrieved 2026-08-22,study-derived after declared sensor and completeness QA
2025-04-08,4.882848501205444,0.0,0.0,10.853152651323072,11.8908164607154,0.0,7.037677740388446,0.005103792316125,0.0,0.0,0.0,11,34.66449535363236,34.66959914594849,True,0.999852787674451,2025-04-01,MESA_OPEN_DATA_2026,https://data.mesaaz.gov/d/5zhe-5nig,dataset 5zhe-5nig; retrieved 2026-08-22,study-derived after declared sensor and completeness QA
2025-04-09,4.9117826620737715,0.0,0.0,10.572016684161346,11.446243767625283,0.0,6.758177044831918,0.0051483551505953,0.0,0.0,0.0,11,33.68822015869232,33.69336851384291,True,0.9998471997494557,2025-04-01,MESA_OPEN_DATA_2026,https://data.mesaaz.gov/d/5zhe-5nig,dataset 5zhe-5nig; retrieved 2026-08-22,study-derived after declared sensor and completeness QA
2025-04-10,4.918638586997986,0.0,0.0,11.115066592709724,10.918466483222112,0.0,6.77683953444163,0.0052908906751933,0.0,0.0,0.0,11,33.72901119737145,33.73430208804664,True,0.9998431599189045,2025-04-01,MESA_OPEN_DATA_2026,https://data.mesaaz.gov/d/5zhe-5nig,dataset 5zhe-5nig; retrieved 2026-08-22,study-derived after declared sensor and completeness QA
2025-04-11,4.916802644729614,0.0,0.0,11.035997639474228,11.14835302600302,0.0,6.835547069528264,0.0052548501019676,0.0,0.0,0.0,11,33.93670037973513,33.9419552298371,True,0.9998451812788512,2025-04-01,MESA_OPEN_DATA_2026,https://data.mesaaz.gov/d/5zhe-5nig,dataset 5zhe-5nig; retrieved 2026-08-22,study-derived after declared sensor and completeness QA
2025-04-12,4.883726437886556,0.0,0.0,11.44281751304772,11.278639170858597,0.0,6.705008329285516,0.0050666633372505,0.0,0.0,0.0,11,34.31019145107839,34.31525811441564,True,0.999852349548986,2025-04-01,MESA_OPEN_DATA_2026,https://data.mesaaz.gov/d/5zhe-5nig,dataset 5zhe-5nig; retrieved 2026-08-22,study-derived after declared sensor and completeness QA
2025-04-13,4.95069960753123,0.0,0.0,9.012617226074692,11.095766933759052,0.0,6.662321011225383,0.00504115287913,0.0,0.0,0.0,11,31.721404778590358,31.726445931469488,True,0.9998411056539387,2025-04-01,MESA_OPEN_DATA_2026,https://data.mesaaz.gov/d/5zhe-5nig,dataset 5zhe-5nig; retrieved 2026-08-22,study-derived after declared sensor and completeness QA
2025-04-14,4.899392187484988,0.0,0.0,10.225577117597892,11.357900206247963,0.0,6.804900232288572,0.0050105377255628,0.0,0.0,0.0,11,33.287769743619414,33.292780281344974,True,0.9998495007721429,2025-04-01,MESA_OPEN_DATA_2026,https://data.mesaaz.gov/d/5zhe-5nig,dataset 5zhe-5nig; retrieved 2026-08-22,study-derived after declared sensor and completeness QA
2025-04-15,4.895557443300883,0.0,0.0,9.122528786049482,11.356012641626958,0.0,6.980651687446743,0.0050222966237924,0.0,0.0,0.0,11,32.354750558424065,32.35977285504786,True,0.9998447981496567,2025-04-01,MESA_OPEN_DATA_2026,https://data.mesaaz.gov/d/5zhe-5nig,dataset 5zhe-5nig; retrieved 2026-08-22,study-derived after declared sensor and completeness QA
2025-04-16,4.931035161018372,0.0,0.0,9.08667171246806,11.023420043926937,0.0,6.9770385737268,0.0100701974200395,0.0,0.0,0.0,11,32.01816549114017,32.02823568856021,True,0.9996855837605929,2025-04-01,MESA_OPEN_DATA_2026,https://data.mesaaz.gov/d/5zhe-5nig,dataset 5zhe-5nig; retrieved 2026-08-22,study-derived after declared sensor and completeness QA
2025-04-17,4.9541288415590925,0.0,0.0,9.307771784472235,10.628683095628563,0.0,6.816238418563196,0.0054529834111842,0.0,0.0,0.0,11,31.706822140223085,31.71227512363427,True,0.9998280481803994,2025-04-01,MESA_OPEN_DATA_2026,https://data.mesaaz.gov/d/5zhe-5nig,dataset 5zhe-5nig; retrieved 2026-08-22,study-derived after declared sensor and completeness QA
2025-04-18,4.712406078974406,0.0,0.0,9.194098093337209,10.723594684122665,0.0,6.772328538145763,0.0245431558966326,0.0,0.0,0.0,11,31.402427394580045,31.42697055047668,True,0.9992190416235884,2025-04-01,MESA_OPEN_DATA_2026,https://data.mesaaz.gov/d/5zhe-5nig,dataset 5zhe-5nig; retrieved 2026-08-22,study-derived after declared sensor and completeness QA
2025-04-19,4.921829084555308,0.0,0.0,8.958160299115393,10.723999977111816,0.0,6.656886861919114,0.0058258220281762,0.0,0.0,0.0,11,31.260876222701633,31.266702044729808,True,0.999813673280289,2025-04-01,MESA_OPEN_DATA_2026,https://data.mesaaz.gov/d/5zhe-5nig,dataset 5zhe-5nig; retrieved 2026-08-22,study-derived after declared sensor and completeness QA
2025-04-20,4.986665368080139,0.0,0.0,8.778926592856232,11.0277294476827,0.0,6.698671183211676,0.0061449379039307,0.0,0.0,0.0,11,31.491992591830748,31.498137529734677,True,0.9998049110713886,2025-04-01,MESA_OPEN_DATA_2026,https://data.mesaaz.gov/d/5zhe-5nig,dataset 5zhe-5nig; retrieved 2026-08-22,study-derived after declared sensor and completeness QA
2025-04-21,4.934331854184468,0.0,0.0,10.075017870087866,11.285924704869588,0.0,6.799228660596741,0.0144730842245432,0.0,0.0,0.0,11,33.09450308973866,33.1089761739632,True,0.9995628652438996,2025-04-01,MESA_OPEN_DATA_2026,https://data.mesaaz.gov/d/5zhe-5nig,dataset 5zhe-5nig; retrieved 2026-08-22,study-derived after declared sensor and completeness QA
2025-04-22,4.934381703535716,0.0,0.0,8.765030003904982,11.155551264877106,0.0,6.8853427556921325,0.0054919398389756,0.0,0.0,0.0,11,31.74030572800994,31.745797667848915,True,0.9998270026194825,2025-04-01,MESA_OPEN_DATA_2026,https://data.mesaaz.gov/d/5zhe-5nig,dataset 5zhe-5nig; retrieved 2026-08-22,study-derived after declared sensor and completeness QA
2025-04-23,4.893134395281474,0.0,0.0,8.752521309439368,11.799300461717374,0.0,6.771878993039002,0.0054416928711968,0.0,0.0,0.0,11,32.21683515947722,32.222276852348415,True,0.9998311201627331,2025-04-01,MESA_OPEN_DATA_2026,https://data.mesaaz.gov/d/5zhe-5nig,dataset 5zhe-5nig; retrieved 2026-08-22,study-derived after declared sensor and completeness QA
2025-04-24,4.949266850948334,0.0,0.0,8.862526970371933,11.209478946526843,0.0,6.76008425421185,0.0053881066851317,0.0,0.0,0.0,11,31.78135702205896,31.78674512874409,True,0.9998304920285701,2025-04-01,MESA_OPEN_DATA_2026,https://data.mesaaz.gov/d/5zhe-5nig,dataset 5zhe-5nig; retrieved 2026-08-22,study-derived after declared sensor and completeness QA
2025-04-25,4.963380694389343,0.0,0.0,9.0339442325841,10.66925294608168,0.0,6.827480625443989,0.0323273115597354,0.0,0.0,0.0,11,31.494058498499115,31.52638581005885,True,0.9989745950660345,2025-04-01,MESA_OPEN_DATA_2026,https://data.mesaaz.gov/d/5zhe-5nig,dataset 5zhe-5nig; retrieved 2026-08-22,study-derived after declared sensor and completeness QA
2025-04-26,4.91392304499944,0.0,0.0,9.148693040000248,10.48874782652576,0.0,6.7138782948255535,0.006545551897337,0.0,0.0,0.0,11,31.265242206351004,31.27178775824834,True,0.999790688273151,2025-04-01,MESA_OPEN_DATA_2026,https://data.mesaaz.gov/d/5zhe-5nig,dataset 5zhe-5nig; retrieved 2026-08-22,study-derived after declared sensor and completeness QA
2025-04-27,4.9683637619018555,0.0,0.0,8.943871585947496,10.362525463104248,0.0,6.657427840762669,0.0050602277042344,0.0,0.0,0.0,11,30.93218865171627,30.937248879420505,True,0.9998364357566519,2025-04-01,MESA_OPEN_DATA_2026,https://data.mesaaz.gov/d/5zhe-5nig,dataset 5zhe-5nig; retrieved 2026-08-22,study-derived after declared sensor and completeness QA
2025-04-28,4.9208154280980425,0.0,0.0,8.978957253211627,10.745395576953888,0.0,6.832648026943207,0.0050300138924891,0.0,0.0,0.0,11,31.477816285206767,31.482846299099258,True,0.9998402300146338,2025-04-01,MESA_OPEN_DATA_2026,https://data.mesaaz.gov/d/5zhe-5nig,dataset 5zhe-5nig; retrieved 2026-08-22,study-derived after declared sensor and completeness QA
2025-04-29,4.9141531984011335,0.0,0.0,9.096450639549229,10.978999543087676,0.0,6.968958734885304,0.0050190926413051,0.0,0.0,0.0,11,31.958562115923343,31.963581208564648,True,0.9998429746464091,2025-04-01,MESA_OPEN_DATA_2026,https://data.mesaaz.gov/d/5zhe-5nig,dataset 5zhe-5nig; retrieved 2026-08-22,study-derived after declared sensor and completeness QA
2025-04-30,4.974453121423721,0.0,0.0,8.459437717915591,10.47951670780822,0.0,6.776338011679341,0.00520664771708345,0.0,0.0,0.0,11,30.68974555882687,30.694952206543956,True,0.9998303744641123,2025-04-01,MESA_OPEN_DATA_2026,https://data.mesaaz.gov/d/5zhe-5nig,dataset 5zhe-5nig; retrieved 2026-08-22,study-derived after declared sensor and completeness QA
2025-05-02,4.966211100419362,0.0,0.0,8.810201200614122,10.536958440144856,0.0,6.762938773540797,0.0051683041189486,0.0,0.0,0.0,11,31.076309514719135,31.081477818838085,True,0.9998337175552245,2025-05-01,MESA_OPEN_DATA_2026,https://data.mesaaz.gov/d/5zhe-5nig,dataset 5zhe-5nig; retrieved 2026-08-22,study-derived after declared sensor and completeness QA
2025-05-03,4.9107100168863935,0.0,0.0,8.635258988039999,10.206387424468994,0.0,6.672695070836279,0.0056166230351664,0.0,0.0,0.0,11,30.425051500231664,30.43066812326683,True,0.9998154288623432,2025-05-01,MESA_OPEN_DATA_2026,https://data.mesaaz.gov/d/5zhe-5nig,dataset 5zhe-5nig; retrieved 2026-08-22,study-derived after declared sensor and completeness QA
2025-05-04,4.976278205712636,0.0,0.0,8.710732348693051,10.485822190149248,0.0,6.575742846411915,0.0054381883043485,0.0,0.0,0.0,11,30.74857559096685,30.7540137792712,True,0.9998231714291546,2025-05-01,MESA_OPEN_DATA_2026,https://data.mesaaz.gov/d/5zhe-5nig,dataset 5zhe-5nig; retrieved 2026-08-22,study-derived after declared sensor and completeness QA
2025-05-05,4.916236563137284,0.0,0.0,8.282789687064511,10.800685722075183,0.0,6.905456240971883,0.006636883098798,0.0,0.0,0.0,11,30.90516821324886,30.91180509634766,True,0.9997852961650698,2025-05-01,MESA_OPEN_DATA_2026,https://data.mesaaz.gov/d/5zhe-5nig,dataset 5zhe-5nig; retrieved 2026-08-22,study-derived after declared sensor and completeness QA
2025-05-06,4.926499570466002,0.0,0.0,8.788191868534897,10.91750869508517,0.0,7.0221188460219865,0.0055139123561466,0.0,0.0,0.0,11,31.654318980108055,31.659832892464202,True,0.9998258388673473,2025-05-01,MESA_OPEN_DATA_2026,https://data.mesaaz.gov/d/5zhe-5nig,dataset 5zhe-5nig; retrieved 2026-08-22,study-derived after declared sensor and completeness QA
2025-05-07,4.969215194384257,0.0,0.0,7.328440105638748,11.033504669482893,0.0,6.767001276123843,0.0079898637680647,0.0,0.0,0.0,11,30.09816124562974,30.106151109397803,True,0.9997346102549266,2025-05-01,MESA_OPEN_DATA_2026,https://data.mesaaz.gov/d/5zhe-5nig,dataset 5zhe-5nig; retrieved 2026-08-22,study-derived after declared sensor and completeness QA
2025-05-08,1.86371924566186,0.0,2.7966667777962155,8.866644159140824,10.91135370046243,0.0,6.707443759934141,2.8991872445153803,0.0,0.0,0.0,11,31.145827642995467,34.045014887510845,True,0.9148425326264457,2025-05-01,MESA_OPEN_DATA_2026,https://data.mesaaz.gov/d/5zhe-5nig,dataset 5zhe-5nig; retrieved 2026-08-22,study-derived after declared sensor and completeness QA
2025-05-09,0.0715710712751994,0.0,3.959694488181008,8.859586442230658,10.395157984892528,0.0,6.770511018567615,3.10644435281003,0.0,0.0,0.0,11,30.056521005147008,33.162965357957034,True,0.9063279076741346,2025-05-01,MESA_OPEN_DATA_2026,https://data.mesaaz.gov/d/5zhe-5nig,dataset 5zhe-5nig; retrieved 2026-08-22,study-derived after declared sensor and completeness QA
2025-05-10,2.94620947043101,0.0,2.4548541150987147,8.363703756022474,10.310346730726982,0.0,6.755122505076572,1.9317412823438644,0.0,0.0,0.0,11,30.830236577355752,32.76197785969961,True,0.9410370982296496,2025-05-01,MESA_OPEN_DATA_2026,https://data.mesaaz.gov/d/5zhe-5nig,dataset 5zhe-5nig; retrieved 2026-08-22,study-derived after declared sensor and completeness QA
2025-05-11,4.887522200743358,0.0,1.0170277751982213,8.096695890741367,10.248258479436238,0.0,6.606145853135321,0.0836378289192604,0.0,0.0,0.0,11,30.855650199254505,30.939288028173767,True,0.9972967112609993,2025-05-01,MESA_OPEN_DATA_2026,https://data.mesaaz.gov/d/5zhe-5nig,dataset 5zhe-5nig; retrieved 2026-08-22,study-derived after declared sensor and completeness QA
2025-05-12,4.922777036825816,0.0,0.0,8.946940700871766,10.610483797391256,0.0,6.850113429294693,0.006160128803458,0.0,0.0,0.0,11,31.330314964383533,31.33647509318699,True,0.9998034198554515,2025-05-01,MESA_OPEN_DATA_2026,https://data.mesaaz.gov/d/5zhe-5nig,dataset 5zhe-5nig; retrieved 2026-08-22,study-derived after declared sensor and completeness QA
2025-05-13,4.939753671487172,0.0,0.0,9.329661851171146,10.4875212987264,0.0,6.917496054702335,0.0056743814687555,0.0,0.0,0.0,11,31.674432876087053,31.680107257555807,True,0.9998208850297563,2025-05-01,MESA_OPEN_DATA_2026,https://data.mesaaz.gov/d/5zhe-5nig,dataset 5zhe-5nig; retrieved 2026-08-22,study-derived after declared sensor and completeness QA
2025-05-14,4.969409823417664,0.0,0.0,8.206475368983767,10.443183430710157,0.0,6.9199847890073185,0.0059248224715702,0.0,0.0,0.0,11,30.539053412118907,30.544978234590477,True,0.999806029572977,2025-05-01,MESA_OPEN_DATA_2026,https://data.mesaaz.gov/d/5zhe-5nig,dataset 5zhe-5nig; retrieved 2026-08-22,study-derived after declared sensor and completeness QA
2025-05-15,4.268098016579946,0.0,0.0,9.275051707953766,10.250806967971217,0.0,6.751303136473333,0.0088409233721904,0.0,0.0,0.0,11,30.54525982897826,30.55410075235045,True,0.9997106469130331,2025-05-01,MESA_OPEN_DATA_2026,https://data.mesaaz.gov/d/5zhe-5nig,dataset 5zhe-5nig; retrieved 2026-08-22,study-derived after declared sensor and completeness QA
2025-05-16,4.980477174123128,0.0,0.0,9.040433084173952,10.15539611795184,0.0,6.800609992177165,0.0083246901243304,0.0,0.0,0.0,11,30.97691636842608,30.98524105855041,True,0.9997313336982404,2025-05-01,MESA_OPEN_DATA_2026,https://data.mesaaz.gov/d/5zhe-5nig,dataset 5zhe-5nig; retrieved 2026-08-22,study-derived after declared sensor and completeness QA
2025-05-17,4.768998146057129,0.0,0.0048888887796137,8.04541296199102,9.94985988309221,0.0,6.739473456806607,0.0087478923766563,0.0,0.0,0.0,11,29.50863333672658,29.517381229103236,True,0.9997036358913834,2025-05-01,MESA_OPEN_DATA_2026,https://data.mesaaz.gov/d/5zhe-5nig,dataset 5zhe-5nig; retrieved 2026-08-22,study-derived after declared sensor and completeness QA
2025-05-18,5.003305559572966,0.0,0.0055972220971145,9.899137540934262,10.805416683355968,0.0,6.55442080563969,0.0134621461367477,0.0,0.0,1.2438111683560742,11,32.2678778116,33.52515112609282,True,0.9624976093392081,2025-05-01,MESA_OPEN_DATA_2026,https://data.mesaaz.gov/d/5zhe-5nig,dataset 5zhe-5nig; retrieved 2026-08-22,study-derived after declared sensor and completeness QA
2025-05-19,4.985538482666016,0.0,0.0,8.17847204621531,10.401703786849977,0.0,6.863609201709429,0.0055985962972044,0.0,0.0,0.020188889818059,11,30.429323517440732,30.455111003555995,True,0.999153262448715,2025-05-01,MESA_OPEN_DATA_2026,https://data.mesaaz.gov/d/5zhe-5nig,dataset 5zhe-5nig; retrieved 2026-08-22,study-derived after declared sensor and completeness QA
2025-05-20,4.991964827131289,0.0,0.0,9.144410384095927,10.574268610696606,0.0,6.93645592884765,0.0057339284085074,0.0,0.0,0.0,11,31.647099750771474,31.65283367917998,True,0.9998188494443618,2025-05-01,MESA_OPEN_DATA_2026,https://data.mesaaz.gov/d/5zhe-5nig,dataset 5zhe-5nig; retrieved 2026-08-22,study-derived after declared sensor and completeness QA
2025-05-21,4.981579581896464,0.0,0.0,9.135557330006527,10.312104857836944,0.0,6.785173968483772,0.0054352118362051,0.0,0.0,0.0,11,31.21441573822371,31.219850950059914,True,0.9998259052599291,2025-05-01,MESA_OPEN_DATA_2026,https://data.mesaaz.gov/d/5zhe-5nig,dataset 5zhe-5nig; retrieved 2026-08-22,study-derived after declared sensor and completeness QA
2025-05-22,4.980587085088094,0.0,0.0,8.034325501309102,10.066026185662036,0.0,6.721481860564337,0.0055969386012293,0.0,0.0,0.0,11,29.802420632623566,29.808017571224795,True,0.9998122337861666,2025-05-01,MESA_OPEN_DATA_2026,https://data.mesaaz.gov/d/5zhe-5nig,dataset 5zhe-5nig; retrieved 2026-08-22,study-derived after declared sensor and completeness QA
2025-05-23,4.959580103556315,0.0,0.0,9.474379391742664,10.013216201464337,0.0,6.780541804432869,0.0057483301886046,0.0,0.0,0.0,11,31.227717501196185,31.23346583138479,True,0.9998159560575302,2025-05-01,MESA_OPEN_DATA_2026,https://data.mesaaz.gov/d/5zhe-5nig,dataset 5zhe-5nig; retrieved 2026-08-22,study-derived after declared sensor and completeness QA
2025-05-24,4.944121519724528,0.0,0.0,5.832109484635132,9.839724747339885,0.0,6.714512029952473,0.0055849042643482,0.0432777775658501,0.0,0.0,11,27.33046778165202,27.37933046348222,True,0.9982153441664553,2025-05-01,MESA_OPEN_DATA_2026,https://data.mesaaz.gov/d/5zhe-5nig,dataset 5zhe-5nig; retrieved 2026-08-22,study-derived after declared sensor and completeness QA
2025-05-25,4.977215210596721,0.0,0.0,8.406683948807945,9.82107509771983,0.0,6.8479687290059195,0.0056055547126258,7.761888851059807,0.0,0.0,11,30.052942986130418,37.82043739190285,True,0.7946217722105083,2025-05-01,MESA_OPEN_DATA_2026,https://data.mesaaz.gov/d/5zhe-5nig,dataset 5zhe-5nig; retrieved 2026-08-22,study-derived after declared sensor and completeness QA
2025-05-26,4.914898296197255,0.0,0.0,9.45770444575467,9.965394598386547,0.0,6.749763960639636,0.0054617307420509,2.7148333523008557,0.0,0.0,11,31.087761300978112,33.80805638402102,True,0.9195370756560669,2025-05-01,MESA_OPEN_DATA_2026,https://data.mesaaz.gov/d/5zhe-5nig,dataset 5zhe-5nig; retrieved 2026-08-22,study-derived after declared sensor and completeness QA
2025-05-27,4.866466601689656,0.0,0.0,9.700047637476237,9.618453792730968,0.0,6.5664056128925745,0.0056026220942536,0.0,0.0,0.0,11,30.751373644789435,30.75697626688369,True,0.9998178422337215,2025-05-01,MESA_OPEN_DATA_2026,https://data.mesaaz.gov/d/5zhe-5nig,dataset 5zhe-5nig; retrieved 2026-08-22,study-derived after declared sensor and completeness QA
2025-05-28,4.8758055965105696,0.0,0.0,9.37038831242481,10.030270421504976,0.0,6.819044543306033,0.0058311642302821,0.0,0.0,0.0,11,31.09550887374639,31.101340037976673,True,0.9998125108364089,2025-05-01,MESA_OPEN_DATA_2026,https://data.mesaaz.gov/d/5zhe-5nig,dataset 5zhe-5nig; retrieved 2026-08-22,study-derived after declared sensor and completeness QA
2025-05-29,4.928741991519928,0.0,0.0,7.29475264560207,9.756154278914131,0.0,6.73565753422486,0.009243795784035,0.0,0.0,0.0,11,28.71530645026099,28.724550246045023,True,0.999678191800921,2025-05-01,MESA_OPEN_DATA_2026,https://data.mesaaz.gov/d/5zhe-5nig,dataset 5zhe-5nig; retrieved 2026-08-22,study-derived after declared sensor and completeness QA
2025-05-30,4.951223850250244,0.0,0.0,9.454855408158704,9.361648354240083,0.0,6.783624965004299,0.0060263672106278,0.0,0.0,0.3640902824699878,11,30.551352577653333,30.921469227333947,True,0.9880304313174926,2025-05-01,MESA_OPEN_DATA_2026,https://data.mesaaz.gov/d/5zhe-5nig,dataset 5zhe-5nig; retrieved 2026-08-22,study-derived after declared sensor and completeness QA
2025-05-31,4.953157852093378,0.0,0.0,9.444476930754528,8.498417337846181,0.0,6.651127097137902,0.00592308319755825,0.0,0.0,0.00295486114919185,11,29.54717921783199,29.55605716217874,True,0.9996996235222433,2025-05-01,MESA_OPEN_DATA_2026,https://data.mesaaz.gov/d/5zhe-5nig,dataset 5zhe-5nig; retrieved 2026-08-22,study-derived after declared sensor and completeness QA
2025-06-02,4.90221643447876,0.0,0.0,9.375786641771318,8.689954149723054,0.0,6.719166457653046,0.0057791203144006,0.0,0.0,0.0,11,29.687123683626176,29.692902803940576,True,0.9998053703151706,2025-06-01,MESA_OPEN_DATA_2026,https://data.mesaaz.gov/d/5zhe-5nig,dataset 5zhe-5nig; retrieved 2026-08-22,study-derived after declared sensor and completeness QA
2025-06-03,4.9394545157750445,0.0,0.0,9.509048001460824,8.753737211227417,0.0,6.904449057297379,0.0061253429739736,0.0,0.0,0.0,11,30.106688785760667,30.11281412873464,True,0.999796586830185,2025-06-01,MESA_OPEN_DATA_2026,https://data.mesaaz.gov/d/5zhe-5nig,dataset 5zhe-5nig; retrieved 2026-08-22,study-derived after declared sensor and completeness QA
2025-06-04,4.985274891058604,0.0,0.0,9.16408408173071,8.777899877230327,0.0,6.915923502378994,0.00613371488483,0.0,0.0,0.0,11,29.843182352398635,29.849316067283464,True,0.9997945107060073,2025-06-01,MESA_OPEN_DATA_2026,https://data.mesaaz.gov/d/5zhe-5nig,dataset 5zhe-5nig; retrieved 2026-08-22,study-derived after declared sensor and completeness QA
2025-06-05,4.934422691663106,0.0,0.0,9.144360799484229,8.681403923034669,0.0,6.864397066169315,0.0068819829223987,0.0,0.0,0.0,11,29.624584480351317,29.631466463273714,True,0.9997677474744313,2025-06-01,MESA_OPEN_DATA_2026,https://data.mesaaz.gov/d/5zhe-5nig,dataset 5zhe-5nig; retrieved 2026-08-22,study-derived after declared sensor and completeness QA
2025-06-06,4.086453934510549,0.0,0.0,9.075557045924878,8.638178702195486,0.0,6.799541453520457,0.00667651288677,0.0,0.0,0.0,11,28.59973113615137,28.60640764903814,True,0.9997666077835189,2025-06-01,MESA_OPEN_DATA_2026,https://data.mesaaz.gov/d/5zhe-5nig,dataset 5zhe-5nig; retrieved 2026-08-22,study-derived after declared sensor and completeness QA
2025-06-07,4.893419682979584,0.0,0.0,9.024010782183453,8.561321595917173,0.0,6.686943502167321,0.0058276495741059,0.0,0.0,0.0,11,29.165695563247528,29.171523212821633,True,0.9998002281357888,2025-06-01,MESA_OPEN_DATA_2026,https://data.mesaaz.gov/d/5zhe-5nig,dataset 5zhe-5nig; retrieved 2026-08-22,study-derived after declared sensor and completeness QA
2025-06-08,4.92892571290334,0.0,0.0,9.126569901671674,9.002153877417246,0.0,6.747526531749301,0.0060304535824495,0.0,0.0,0.7453666826089224,11,29.805176023741563,30.556573159932935,True,0.9754096399403637,2025-06-01,MESA_OPEN_DATA_2026,https://data.mesaaz.gov/d/5zhe-5nig,dataset 5zhe-5nig; retrieved 2026-08-22,study-derived after declared sensor and completeness QA
2025-06-09,4.881057262420654,0.0,0.0,9.188140740121405,8.664420938491821,0.0,6.86600843667984,0.0058167370734736,0.0,0.0,0.012633333603541,11,29.599627377713723,29.61807744839074,True,0.9993770672418166,2025-06-01,MESA_OPEN_DATA_2026,https://data.mesaaz.gov/d/5zhe-5nig,dataset 5zhe-5nig; retrieved 2026-08-22,study-derived after declared sensor and completeness QA
2025-06-10,4.8736088673273725,0.0,0.0,8.215610406665062,8.66001234849294,0.0,6.9721167167027795,0.0057989462705639,0.0,0.0,0.0,11,28.721348339188154,28.727147285458717,True,0.999798137064814,2025-06-01,MESA_OPEN_DATA_2026,https://data.mesaaz.gov/d/5zhe-5nig,dataset 5zhe-5nig; retrieved 2026-08-22,study-derived after declared sensor and completeness QA
2025-06-11,4.872680366039276,0.0,0.0,9.10954389753303,8.597262693862513,0.0,6.948208346238365,0.0058536986665179,0.0,0.0,0.0,11,29.527695303673184,29.5335490023397,True,0.9998017949462812,2025-06-01,MESA_OPEN_DATA_2026,https://data.mesaaz.gov/d/5zhe-5nig,dataset 5zhe-5nig; retrieved 2026-08-22,study-derived after declared sensor and completeness QA
2025-06-12,4.941496173540751,0.0,0.0,9.083626898124953,8.752350063166306,0.0,6.940066743096327,0.0833629561238922,0.0,0.0,0.0,11,29.717539877928335,29.800902834052227,True,0.9972026701141202,2025-06-01,MESA_OPEN_DATA_2026,https://data.mesaaz.gov/d/5zhe-5nig,dataset 5zhe-5nig; retrieved 2026-08-22,study-derived after declared sensor and completeness QA
2025-06-13,4.931806306044261,0.0,0.0,9.06963197778322,8.767937123367586,0.0,6.923141591152287,0.0148789944748083,0.0,0.0,0.0,11,29.692516998347358,29.707395992822168,True,0.9994991484787692,2025-06-01,MESA_OPEN_DATA_2026,https://data.mesaaz.gov/d/5zhe-5nig,dataset 5zhe-5nig; retrieved 2026-08-22,study-derived after declared sensor and completeness QA
2025-06-14,4.8879579703013105,0.0,0.0,9.135280941912422,8.584766300519307,1.81938596640632,6.848625048001607,0.0062363452937764,0.0,0.0,0.0,11,31.276016227140968,31.282252572434743,True,0.9998006427037396,2025-06-01,MESA_OPEN_DATA_2026,https://data.mesaaz.gov/d/5zhe-5nig,dataset 5zhe-5nig; retrieved 2026-08-22,study-derived after declared sensor and completeness QA
2025-06-15,4.943669120470683,0.0,0.0,9.139942609830587,8.563087224960327,2.0436827676636833,6.765691534678141,0.0248886036182132,0.0,0.0,0.0,11,31.45607325760342,31.480961861221633,True,0.9992094077770581,2025-06-01,MESA_OPEN_DATA_2026,https://data.mesaaz.gov/d/5zhe-5nig,dataset 5zhe-5nig; retrieved 2026-08-22,study-derived after declared sensor and completeness QA
2025-06-16,4.951172888278961,0.0,0.0,8.945486951831866,8.734282990296682,2.184797065035045,6.841358339786529,0.0073689002504882,0.0,0.0,0.0,11,31.657098235229086,31.664467135479573,True,0.9997672817224759,2025-06-01,MESA_OPEN_DATA_2026,https://data.mesaaz.gov/d/5zhe-5nig,dataset 5zhe-5nig; retrieved 2026-08-22,study-derived after declared sensor and completeness QA
2025-06-17,4.872063199679057,0.0,0.0,9.225961937661523,8.69516682558405,2.1909913016124674,6.996695614193374,0.0058027490740641,0.0,0.0,0.0,11,31.980878878730472,31.986681627804536,True,0.9998185885881635,2025-06-01,MESA_OPEN_DATA_2026,https://data.mesaaz.gov/d/5zhe-5nig,dataset 5zhe-5nig; retrieved 2026-08-22,study-derived after declared sensor and completeness QA
2025-06-18,1.3879814893007278,0.0,0.027118055959646,9.17921831721509,8.769686647040077,2.251912825779512,6.973208964037032,3.330474449302225,0.0,0.0,0.1239000019927819,11,28.589126299332083,32.04350075062709,True,0.8921973451596918,2025-06-01,MESA_OPEN_DATA_2026,https://data.mesaaz.gov/d/5zhe-5nig,dataset 5zhe-5nig; retrieved 2026-08-22,study-derived after declared sensor and completeness QA
2025-06-19,0.0515270680189132,0.0,0.050000000745058,9.158785869465866,8.66244970560074,2.261985777785338,6.96705004272567,4.710418850183487,0.0,0.0,0.0021000000337759,11,27.151798464341585,31.864317314558846,True,0.8521067059527396,2025-06-01,MESA_OPEN_DATA_2026,https://data.mesaaz.gov/d/5zhe-5nig,dataset 5zhe-5nig; retrieved 2026-08-22,study-derived after declared sensor and completeness QA
2025-06-20,0.0,0.0,0.050000000745058,9.16154412201899,8.430294344160291,2.295951845287939,6.922374931971232,4.751682341098785,0.0,0.0,0.0,11,26.860165244183513,31.611847585282298,True,0.8496866616770906,2025-06-01,MESA_OPEN_DATA_2026,https://data.mesaaz.gov/d/5zhe-5nig,dataset 5zhe-5nig; retrieved 2026-08-22,study-derived after declared sensor and completeness QA
2025-06-21,0.0,0.0,0.050000000745058,9.07551012587768,8.42999473189245,2.14421719619206,6.818867109482946,4.726711054642995,0.0,0.0,0.0,11,26.51858916419019,31.245300218833183,True,0.8487224951740436,2025-06-01,MESA_OPEN_DATA_2026,https://data.mesaaz.gov/d/5zhe-5nig,dataset 5zhe-5nig; retrieved 2026-08-22,study-derived after declared sensor and completeness QA
2025-06-22,0.0,0.0,0.050000000745058,9.111655850998703,8.377295946941695,2.3277379603807065,6.783292878123008,4.78779665629069,0.0,0.0,0.0,11,26.64998263718917,31.43777929347986,True,0.8477056343072021,2025-06-01,MESA_OPEN_DATA_2026,https://data.mesaaz.gov/d/5zhe-5nig,dataset 5zhe-5nig; retrieved 2026-08-22,study-derived after declared sensor and completeness QA
2025-06-23,0.0,0.0,0.050000000745058,9.209148842430226,8.6156662940979,2.1592392968726224,6.930758492151896,4.753102680047353,0.0,0.0,0.0,11,26.964812926297704,31.717915606345056,True,0.8501445448358369,2025-06-01,MESA_OPEN_DATA_2026,https://data.mesaaz.gov/d/5zhe-5nig,dataset 5zhe-5nig; retrieved 2026-08-22,study-derived after declared sensor and completeness QA
2025-06-24,0.0,0.0,0.050000000745058,9.128571181820222,8.678652803409008,2.2378871394939543,7.055950475122813,4.73883334795634,0.0,0.0,0.0,11,27.151061600591053,31.889894948547393,True,0.8514001580876265,2025-06-01,MESA_OPEN_DATA_2026,https://data.mesaaz.gov/d/5zhe-5nig,dataset 5zhe-5nig; retrieved 2026-08-22,study-derived after declared sensor and completeness QA
2025-06-25,0.0,0.0,1.5214444106289495,9.225189512494913,8.723812216014624,2.1990559162764716,6.906266876061758,4.766149600346883,0.0,0.0,0.0,11,28.575768931476716,33.3419185318236,True,0.8570523290134676,2025-06-01,MESA_OPEN_DATA_2026,https://data.mesaaz.gov/d/5zhe-5nig,dataset 5zhe-5nig; retrieved 2026-08-22,study-derived after declared sensor and completeness QA
2025-06-26,0.0,0.0,3.969722189505895,9.007728405094843,8.571851280700514,2.3118381449008054,6.81773375768973,4.730517586072286,0.0,0.0,0.0,11,30.678873777891788,35.409391363964076,True,0.8664050015023272,2025-06-01,MESA_OPEN_DATA_2026,https://data.mesaaz.gov/d/5zhe-5nig,dataset 5zhe-5nig; retrieved 2026-08-22,study-derived after declared sensor and completeness QA
2025-06-27,0.0,0.0,4.715208248959647,8.970772395981164,8.698288694159922,2.263000011444092,6.867574699703821,4.701935331026713,0.0,0.0,0.0,11,31.514844050248648,36.21677938127536,True,0.8701724611808612,2025-06-01,MESA_OPEN_DATA_2026,https://data.mesaaz.gov/d/5zhe-5nig,dataset 5zhe-5nig; retrieved 2026-08-22,study-derived after declared sensor and completeness QA
2025-06-28,0.0,0.0,3.4778888309995333,8.93142387031321,8.699994249038802,2.1004629731178284,6.802550045649211,4.745156347751617,0.0,0.0,0.0,11,30.012319969118586,34.7574763168702,True,0.8634781103066317,2025-06-01,MESA_OPEN_DATA_2026,https://data.mesaaz.gov/d/5zhe-5nig,dataset 5zhe-5nig; retrieved 2026-08-22,study-derived after declared sensor and completeness QA
2025-06-29,0.0,0.0,1.2192917145633448,9.03752872051559,8.487188948525322,2.0660482800819655,6.9904156688851895,4.685932656129201,0.0,0.0,0.0,11,27.800473332571414,32.48640598870062,True,0.8557571232176604,2025-06-01,MESA_OPEN_DATA_2026,https://data.mesaaz.gov/d/5zhe-5nig,dataset 5zhe-5nig; retrieved 2026-08-22,study-derived after declared sensor and completeness QA
2025-06-30,0.0,6.97656288295434e-09,0.0236979170197931,9.025551104021293,8.590680481552967,1.8618991042099162,7.61865780746216,4.6007716953754425,0.0,0.0,0.0,11,27.12048642124269,31.72125811661813,True,0.8549625087863337,2025-06-01,MESA_OPEN_DATA_2026,https://data.mesaaz.gov/d/5zhe-5nig,dataset 5zhe-5nig; retrieved 2026-08-22,study-derived after declared sensor and completeness QA
2025-07-02,0.0,1.395312576590868e-08,0.050000000745058,9.016994295062783,8.55326748424843,1.8418376888054004,7.586733807119087,4.619438846906026,0.0,0.0,0.0,11,27.04883328993388,31.668272136839906,True,0.8541303792342936,2025-07-01,MESA_OPEN_DATA_2026,https://data.mesaaz.gov/d/5zhe-5nig,dataset 5zhe-5nig; retrieved 2026-08-22,study-derived after declared sensor and completeness QA
2025-07-03,0.0,1.395312576590868e-08,0.050000000745058,8.874390210951356,8.524161280526055,1.6924310658855,7.618724766997018,4.586744248867035,0.0,0.0,0.0,11,26.759707339058114,31.34645158792515,True,0.8536758064624489,2025-07-01,MESA_OPEN_DATA_2026,https://data.mesaaz.gov/d/5zhe-5nig,dataset 5zhe-5nig; retrieved 2026-08-22,study-derived after declared sensor and completeness QA
2025-07-04,0.0,1.395312576590868e-08,0.050000000745058,9.021576651244906,8.627421677527076,1.912354732255866,7.604125090440115,4.645327111085256,0.0,0.0,0.0,11,27.215478166166147,31.8608052772514,True,0.8541993188602167,2025-07-01,MESA_OPEN_DATA_2026,https://data.mesaaz.gov/d/5zhe-5nig,dataset 5zhe-5nig; retrieved 2026-08-22,study-derived after declared sensor and completeness QA
2025-07-05,0.0,1.395312576590868e-08,0.050000000745058,8.95920465675907,8.94423097629043,1.935966559274252,7.488966584205627,4.668692509333293,0.0,0.0,0.0,11,27.37836879122756,32.047061300560856,True,0.854317609170249,2025-07-01,MESA_OPEN_DATA_2026,https://data.mesaaz.gov/d/5zhe-5nig,dataset 5zhe-5nig; retrieved 2026-08-22,study-derived after declared sensor and completeness QA
2025-07-06,0.0,1.395312576590868e-08,0.050000000745058,8.937893810305331,8.523364304501424,1.5964877610569193,7.350159920969659,4.640865584214528,0.0,0.0,0.0,11,26.457905811531518,31.098771395746045,True,0.8507701309110448,2025-07-01,MESA_OPEN_DATA_2026,https://data.mesaaz.gov/d/5zhe-5nig,dataset 5zhe-5nig; retrieved 2026-08-22,study-derived after declared sensor and completeness QA
2025-07-07,0.0,1.395312576590868e-08,0.050000000745058,8.983485065628257,8.185872236887613,1.6927187995634216,7.380733189440336,4.577860335508983,0.0,0.0,0.0,11,26.292809306217812,30.870669641726796,True,0.8517084213385105,2025-07-01,MESA_OPEN_DATA_2026,https://data.mesaaz.gov/d/5zhe-5nig,dataset 5zhe-5nig; retrieved 2026-08-22,study-derived after declared sensor and completeness QA
2025-07-08,0.0,1.395312576590868e-08,0.050000000745058,9.066265160935345,8.573807972038347,1.8694788415861077,7.781615555848127,4.675388117631276,0.0,0.0,0.0,11,27.34116754510611,32.01655566273739,True,0.8539696722257745,2025-07-01,MESA_OPEN_DATA_2026,https://data.mesaaz.gov/d/5zhe-5nig,dataset 5zhe-5nig; retrieved 2026-08-22,study-derived after declared sensor and completeness QA
2025-07-09,0.0,1.395312576590868e-08,0.050000000745058,8.805381038310351,8.673522072582191,1.8690021352082793,7.745333218574524,4.681523720423381,0.0,0.0,0.0,11,27.14323847937353,31.82476219979691,True,0.8528968200600331,2025-07-01,MESA_OPEN_DATA_2026,https://data.mesaaz.gov/d/5zhe-5nig,dataset 5zhe-5nig; retrieved 2026-08-22,study-derived after declared sensor and completeness QA
2025-07-10,0.0,1.395312576590868e-08,0.050000000745058,8.919389331100716,8.553591927336582,1.8260934534280195,7.596250659645722,4.671177128950755,0.0,0.0,0.0,11,26.94532538620922,31.616502515159976,True,0.8522550959989661,2025-07-01,MESA_OPEN_DATA_2026,https://data.mesaaz.gov/d/5zhe-5nig,dataset 5zhe-5nig; retrieved 2026-08-22,study-derived after declared sensor and completeness QA
2025-07-11,0.0,1.395312576590868e-08,0.050000000745058,8.95109299549626,8.553995022048843,1.8778875479185937,7.500792215067616,4.692386070887248,0.0,0.0,0.0,11,26.933767795229496,31.626153866116745,True,0.8516295692877621,2025-07-01,MESA_OPEN_DATA_2026,https://data.mesaaz.gov/d/5zhe-5nig,dataset 5zhe-5nig; retrieved 2026-08-22,study-derived after declared sensor and completeness QA
2025-07-12,0.0,1.395312576590868e-08,0.050000000745058,8.985660086022701,8.562955915347592,1.907957104634523,7.502974784374237,4.713104605674744,0.0,0.0,0.0,11,27.009547905077234,31.722652510751978,True,0.8514277895243061,2025-07-01,MESA_OPEN_DATA_2026,https://data.mesaaz.gov/d/5zhe-5nig,dataset 5zhe-5nig; retrieved 2026-08-22,study-derived after declared sensor and completeness QA
2025-07-13,0.0,1.395312576590868e-08,0.050000000745058,8.911098533623196,8.502382699415774,1.872078013730187,7.544648609400793,4.755930662155151,0.0,0.0,0.0,11,26.880207870868134,31.636138533023285,True,0.8496677887160379,2025-07-01,MESA_OPEN_DATA_2026,https://data.mesaaz.gov/d/5zhe-5nig,dataset 5zhe-5nig; retrieved 2026-08-22,study-derived after declared sensor and completeness QA
2025-07-14,0.0,1.395312576590868e-08,0.050000000745058,9.037998948158434,8.633174824714661,1.911914348942407,7.678874830404918,4.63189963499705,0.0,0.0,0.0,11,27.311962966918603,31.943862601915654,True,0.8549987616488408,2025-07-01,MESA_OPEN_DATA_2026,https://data.mesaaz.gov/d/5zhe-5nig,dataset 5zhe-5nig; retrieved 2026-08-22,study-derived after declared sensor and completeness QA
2025-07-15,0.0,1.395312576590868e-08,0.050000000745058,9.234736774042196,8.71161940504865,1.848045343215467,7.816848240243543,4.699385941028595,0.0,0.0,0.0,11,27.661249777248038,32.36063571827663,True,0.8547807904041119,2025-07-01,MESA_OPEN_DATA_2026,https://data.mesaaz.gov/d/5zhe-5nig,dataset 5zhe-5nig; retrieved 2026-08-22,study-derived after declared sensor and completeness QA
2025-07-16,0.0,1.395312576590868e-08,0.050000000745058,9.557356828089665,8.57277732955085,1.7531347727944664,7.696025168895721,4.666086892286937,0.0,0.0,0.0,11,27.629294114028887,32.29538100631582,True,0.8555184442204161,2025-07-01,MESA_OPEN_DATA_2026,https://data.mesaaz.gov/d/5zhe-5nig,dataset 5zhe-5nig; retrieved 2026-08-22,study-derived after declared sensor and completeness QA
2025-07-17,0.0,5.49214545735e-05,0.050000000745058,10.075502869720372,8.502437353134155,1.827838079106036,7.567074986298879,4.6907464401813534,0.0,0.0,0.0,11,28.02290821045907,32.71365465064042,True,0.8566119716590723,2025-07-01,MESA_OPEN_DATA_2026,https://data.mesaaz.gov/d/5zhe-5nig,dataset 5zhe-5nig; retrieved 2026-08-22,study-derived after declared sensor and completeness QA
2025-07-18,0.0,8.2308477431e-05,0.050000000745058,9.811596808945245,8.597399574518203,1.8120342728584875,7.6195498863856,4.693172971407573,0.0,0.0,0.0,11,27.89066285193002,32.583835823337594,True,0.8559662221215167,2025-07-01,MESA_OPEN_DATA_2026,https://data.mesaaz.gov/d/5zhe-5nig,dataset 5zhe-5nig; retrieved 2026-08-22,study-derived after declared sensor and completeness QA
2025-07-19,0.0,8.2308477431e-05,0.050000000745058,8.908403473256362,8.684517081578573,1.8768606886693409,7.576366877555847,4.731437265872955,0.0,0.0,0.0,11,27.09623043028261,31.827667696155565,True,0.8513420049800111,2025-07-01,MESA_OPEN_DATA_2026,https://data.mesaaz.gov/d/5zhe-5nig,dataset 5zhe-5nig; retrieved 2026-08-22,study-derived after declared sensor and completeness QA
2025-07-20,0.0,8.2308477431e-05,0.0253125003771856,9.008234979164747,8.710837262444915,1.847043544183795,7.434192583575856,4.689017454783122,0.0,0.0,0.0,11,27.02570317822393,31.714720633007055,True,0.8521501258345302,2025-07-01,MESA_OPEN_DATA_2026,https://data.mesaaz.gov/d/5zhe-5nig,dataset 5zhe-5nig; retrieved 2026-08-22,study-derived after declared sensor and completeness QA
2025-07-21,0.0,8.2308477431e-05,0.0046875000698491,9.139211221552555,8.851117762139841,1.7901208954619552,7.520266576608022,4.648642381032308,0.0,0.0,0.0,11,27.305486264309657,31.954128645341964,True,0.8545213849318982,2025-07-01,MESA_OPEN_DATA_2026,https://data.mesaaz.gov/d/5zhe-5nig,dataset 5zhe-5nig; retrieved 2026-08-22,study-derived after declared sensor and completeness QA
2025-07-22,0.0,8.2308477431e-05,0.0245486114769139,8.91474114631889,8.912660274665004,1.9597575273391352,7.703462319121719,4.600378048419953,0.0,0.0,0.0,11,27.515252187399096,32.11563023581905,True,0.8567557910388107,2025-07-01,MESA_OPEN_DATA_2026,https://data.mesaaz.gov/d/5zhe-5nig,dataset 5zhe-5nig; retrieved 2026-08-22,study-derived after declared sensor and completeness QA
2025-07-23,0.0,8.2308477431e-05,0.050000000745058,9.06425012022257,8.867287529028838,1.8652001500464557,7.646491916913635,4.678648968537648,0.0,0.0,0.0,11,27.493312025433987,32.17196099397164,True,0.8545737087828021,2025-07-01,MESA_OPEN_DATA_2026,https://data.mesaaz.gov/d/5zhe-5nig,dataset 5zhe-5nig; retrieved 2026-08-22,study-derived after declared sensor and completeness QA
2025-07-24,0.0,8.2308477431e-05,0.050000000745058,9.025987492441429,8.804394745893132,1.880977379026224,7.719382695972795,4.732400059700012,0.0,0.0,0.0,11,27.48082462255607,32.21322468225608,True,0.8530913900617113,2025-07-01,MESA_OPEN_DATA_2026,https://data.mesaaz.gov/d/5zhe-5nig,dataset 5zhe-5nig; retrieved 2026-08-22,study-derived after declared sensor and completeness QA
2025-07-25,0.0,8.2308477431e-05,0.050000000745058,8.997001503774966,8.739406567811965,1.867020069954214,7.552408448855082,4.686710933844249,0.0,0.0,0.0,11,27.205918899618716,31.892629833462966,True,0.8530472100194518,2025-07-01,MESA_OPEN_DATA_2026,https://data.mesaaz.gov/d/5zhe-5nig,dataset 5zhe-5nig; retrieved 2026-08-22,study-derived after declared sensor and completeness QA
2025-07-26,0.0,8.2308477431e-05,0.0277083337462196,8.921860763007944,8.767817898381056,2.171566076502522,7.532158508658657,4.383543113867442,0.0,0.0,0.0,11,27.42119388877383,31.80473700264127,True,0.8621732632625321,2025-07-01,MESA_OPEN_DATA_2026,https://data.mesaaz.gov/d/5zhe-5nig,dataset 5zhe-5nig; retrieved 2026-08-22,study-derived after declared sensor and completeness QA
2025-07-27,0.0,8.2308477431e-05,0.0218750003259629,9.068568714904012,8.3921061890371,1.8973936559305755,7.375318570329351,4.607021113236745,0.0,0.0,0.0,11,26.755344439004432,31.362365552241176,True,0.8531035197085916,2025-07-01,MESA_OPEN_DATA_2026,https://data.mesaaz.gov/d/5zhe-5nig,dataset 5zhe-5nig; retrieved 2026-08-22,study-derived after declared sensor and completeness QA
2025-07-28,0.0,8.2308477431e-05,0.050000000745058,9.581620235214078,7.91565379380185,1.8130607892429371,7.562284851405356,4.587358335653941,0.0,0.0,0.0,11,26.922701978886707,31.51006031454065,True,0.8544160725221761,2025-07-01,MESA_OPEN_DATA_2026,https://data.mesaaz.gov/d/5zhe-5nig,dataset 5zhe-5nig; retrieved 2026-08-22,study-derived after declared sensor and completeness QA
2025-07-29,0.0,8.2308477431e-05,2.2548888612952496,8.93190859515358,8.08789822057159,1.8100063530807824,7.750302635298835,4.608301023642222,0.0,0.0,0.0,11,28.835086973877466,33.443387997519686,True,0.8622059157408337,2025-07-01,MESA_OPEN_DATA_2026,https://data.mesaaz.gov/d/5zhe-5nig,dataset 5zhe-5nig; retrieved 2026-08-22,study-derived after declared sensor and completeness QA
2025-07-30,0.0,8.2308477431e-05,2.1421388627443876,9.024959665247136,8.18837425804934,1.945511474092116,7.612272975842158,4.653365234533946,0.0,0.0,0.0,11,28.91333954445257,33.56670477898651,True,0.8613696141705559,2025-07-01,MESA_OPEN_DATA_2026,https://data.mesaaz.gov/d/5zhe-5nig,dataset 5zhe-5nig; retrieved 2026-08-22,study-derived after declared sensor and completeness QA
2025-07-31,0.0,8.2308477431e-05,0.03831597279317465,9.701257760104124,8.342826526694829,1.8905218312656098,7.626633189121882,4.639455735683441,0.0,0.0,0.0,11,27.59963758845705,32.23909332414049,True,0.8560922390391966,2025-07-01,MESA_OPEN_DATA_2026,https://data.mesaaz.gov/d/5zhe-5nig,dataset 5zhe-5nig; retrieved 2026-08-22,study-derived after declared sensor and completeness QA
2025-08-02,0.0,8.2308477431e-05,0.0225694447807553,10.301183592266815,8.641616479743671,1.973868585276333,7.664316005176968,4.646411796410878,0.0,0.0,0.0,11,28.603636415721972,33.25004821213285,True,0.8602584944609067,2025-08-01,MESA_OPEN_DATA_2026,https://data.mesaaz.gov/d/5zhe-5nig,dataset 5zhe-5nig; retrieved 2026-08-22,study-derived after declared sensor and completeness QA
2025-08-03,0.0,8.2308477431e-05,0.0293437503517553,10.62775249142993,8.370714120023196,2.0019002356984985,7.511284452415821,4.729421893755595,0.0,0.0,0.0,11,28.541077358396635,33.27049925215223,True,0.857849386090903,2025-08-01,MESA_OPEN_DATA_2026,https://data.mesaaz.gov/d/5zhe-5nig,dataset 5zhe-5nig; retrieved 2026-08-22,study-derived after declared sensor and completeness QA
2025-08-04,0.0,8.2308477431e-05,0.025687500282139,11.143529195687776,8.327233978228922,1.9332460460071048,7.728997858559213,4.654231905937195,0.0,0.0,0.0,11,29.15877688724259,33.81300879317978,True,0.8623538078375335,2025-08-01,MESA_OPEN_DATA_2026,https://data.mesaaz.gov/d/5zhe-5nig,dataset 5zhe-5nig; retrieved 2026-08-22,study-derived after declared sensor and completeness QA
2025-08-05,0.0,8.2308477431e-05,0.050000000745058,9.949988899233716,8.454199922084808,2.0196932107840673,8.022345454825295,4.632886178625954,0.0,0.0,0.0,11,28.496309796150374,33.12919597477633,True,0.8601569992174483,2025-08-01,MESA_OPEN_DATA_2026,https://data.mesaaz.gov/d/5zhe-5nig,dataset 5zhe-5nig; retrieved 2026-08-22,study-derived after declared sensor and completeness QA
2025-08-06,0.0,8.2308477431e-05,0.050000000745058,9.020372584500484,8.354631340503692,2.2621321541922432,7.774285449014098,4.734003186225891,0.0,0.0,0.0,11,27.461503837433007,32.1955070236589,True,0.8529607506181809,2025-08-01,MESA_OPEN_DATA_2026,https://data.mesaaz.gov/d/5zhe-5nig,dataset 5zhe-5nig; retrieved 2026-08-22,study-derived after declared sensor and completeness QA
2025-08-07,0.0,8.2308477431e-05,0.050000000745058,9.273073798831966,8.349031227827073,1.9501311249107725,7.69272213379542,4.743396957715352,0.0,0.0,0.0,11,27.31504059458772,32.058437552303076,True,0.8520390474433902,2025-08-01,MESA_OPEN_DATA_2026,https://data.mesaaz.gov/d/5zhe-5nig,dataset 5zhe-5nig; retrieved 2026-08-22,study-derived after declared sensor and completeness QA
2025-08-08,0.0,8.2308477431e-05,0.050000000745058,9.771728351990886,9.23144274328282,2.0625910686283575,7.69893664366011,4.70905860265096,0.0,0.0,0.5485187649726868,11,28.814781116784665,34.07235848440831,True,0.8456937646382906,2025-08-01,MESA_OPEN_DATA_2026,https://data.mesaaz.gov/d/5zhe-5nig,dataset 5zhe-5nig; retrieved 2026-08-22,study-derived after declared sensor and completeness QA
2025-08-09,0.0,8.2308477431e-05,0.050000000745058,9.114006653777713,8.466305451922947,1.8705522221045432,7.628640755679872,4.708732028802236,0.0,0.0,0.0104812502861022,11,27.129587392707563,31.8488006717959,True,0.8518244587066196,2025-08-01,MESA_OPEN_DATA_2026,https://data.mesaaz.gov/d/5zhe-5nig,dataset 5zhe-5nig; retrieved 2026-08-22,study-derived after declared sensor and completeness QA
2025-08-10,0.0,8.2308477431e-05,0.050000000745058,10.705256829408032,8.154371772256779,1.956690188062157,7.563587411730715,4.686715662479401,0.0,0.0,0.0,11,28.42998851068017,33.116704173159576,True,0.8584788015747686,2025-08-01,MESA_OPEN_DATA_2026,https://data.mesaaz.gov/d/5zhe-5nig,dataset 5zhe-5nig; retrieved 2026-08-22,study-derived after declared sensor and completeness QA
2025-08-11,0.0,8.2308477431e-05,0.050000000745058,9.803733896478423,8.401431131362916,1.9938680038982723,7.901910564152212,4.6879962682724,0.0,0.0,0.0,11,28.15102590511431,32.83902217338671,True,0.8572431224194115,2025-08-01,MESA_OPEN_DATA_2026,https://data.mesaaz.gov/d/5zhe-5nig,dataset 5zhe-5nig; retrieved 2026-08-22,study-derived after declared sensor and completeness QA
2025-08-12,0.0,8.2308477431e-05,0.050000000745058,9.79657589133775,8.540217384717144,2.0229171446391514,8.175528999490659,4.668066541353862,0.0,0.0,0.0,11,28.58532172940719,33.25338827076105,True,0.8596213263038105,2025-08-01,MESA_OPEN_DATA_2026,https://data.mesaaz.gov/d/5zhe-5nig,dataset 5zhe-5nig; retrieved 2026-08-22,study-derived after declared sensor and completeness QA
2025-08-13,0.0,8.2308477431e-05,0.050000000745058,9.768118055206203,8.4575913321804,2.1196524647723636,7.860888696379131,4.713311274846395,0.0,0.0,0.0,11,28.256332857760587,32.96964413260698,True,0.8570408811241936,2025-08-01,MESA_OPEN_DATA_2026,https://data.mesaaz.gov/d/5zhe-5nig,dataset 5zhe-5nig; retrieved 2026-08-22,study-derived after declared sensor and completeness QA
2025-08-14,0.0,8.2308477431e-05,2.485249929512954,9.044344538143076,8.478828943433317,1.9286808240498212,7.751967242098982,4.68858269850413,0.0,0.0,0.0,11,29.68915378571558,34.37773648421971,True,0.8636157240702478,2025-08-01,MESA_OPEN_DATA_2026,https://data.mesaaz.gov/d/5zhe-5nig,dataset 5zhe-5nig; retrieved 2026-08-22,study-derived after declared sensor and completeness QA
2025-08-15,0.0,8.2308477431e-05,2.5326665937900543,9.008237983005865,8.523686359783262,1.959931368479913,7.734153996097934,4.651268184185028,0.0,0.0,0.0,11,29.75875860963446,34.41002679381948,True,0.8648281150126725,2025-08-01,MESA_OPEN_DATA_2026,https://data.mesaaz.gov/d/5zhe-5nig,dataset 5zhe-5nig; retrieved 2026-08-22,study-derived after declared sensor and completeness QA
2025-08-16,0.3374264389276504,8.2308477431e-05,0.0,9.7999337321851,8.53988854267471,1.8662721256788837,7.663642865369579,4.325454036394755,0.0,0.0,0.0,11,28.207246013313352,32.532700049708104,True,0.8670428820913817,2025-08-01,MESA_OPEN_DATA_2026,https://data.mesaaz.gov/d/5zhe-5nig,dataset 5zhe-5nig; retrieved 2026-08-22,study-derived after declared sensor and completeness QA
2025-08-17,0.0146707147359848,8.2308477431e-05,0.0228472225626723,10.24553248278344,8.746402378188831,2.025657654913958,7.660027027462418,4.698096672693889,0.0,0.0,0.0,11,28.71521978912474,33.413316461818624,True,0.8593944818957915,2025-08-01,MESA_OPEN_DATA_2026,https://data.mesaaz.gov/d/5zhe-5nig,dataset 5zhe-5nig; retrieved 2026-08-22,study-derived after declared sensor and completeness QA
2025-08-18,0.0,8.2308477431e-05,0.050000000745058,10.783625897676856,8.63081955909729,1.903435549638089,7.8869311403615185,4.623458723227183,0.0,0.0,0.0,11,29.254894455996244,33.878353179223424,True,0.8635276425991506,2025-08-01,MESA_OPEN_DATA_2026,https://data.mesaaz.gov/d/5zhe-5nig,dataset 5zhe-5nig; retrieved 2026-08-22,study-derived after declared sensor and completeness QA
2025-08-19,0.0,8.2308477431e-05,0.050000000745058,10.712652231490722,8.663761132228258,2.066411254993036,8.085209907510515,4.619003556116864,0.0,0.0,0.0,11,29.578116835445023,34.19712039156189,True,0.8649300437221433,2025-08-01,MESA_OPEN_DATA_2026,https://data.mesaaz.gov/d/5zhe-5nig,dataset 5zhe-5nig; retrieved 2026-08-22,study-derived after declared sensor and completeness QA
2025-08-20,0.0,8.2308477431e-05,0.050000000745058,9.238625149346616,8.672937127981292,2.085945911461734,7.766921998397625,4.686525543530782,0.0,0.0,0.0,11,27.81451249640976,32.50103803994054,True,0.855803819626576,2025-08-01,MESA_OPEN_DATA_2026,https://data.mesaaz.gov/d/5zhe-5nig,dataset 5zhe-5nig; retrieved 2026-08-22,study-derived after declared sensor and completeness QA
2025-08-21,0.0,8.2308477431e-05,0.050000000745058,9.101448151957658,8.456698227198874,1.9124967289515515,7.6203162986473,4.613211433092753,0.0,0.0,0.0,11,27.141041715977874,31.754253149070628,True,0.8547214632497891,2025-08-01,MESA_OPEN_DATA_2026,https://data.mesaaz.gov/d/5zhe-5nig,dataset 5zhe-5nig; retrieved 2026-08-22,study-derived after declared sensor and completeness QA
2025-08-22,0.0,8.2308477431e-05,0.0228472225626723,9.067537437605637,8.666364045782462,1.9149892013760517,7.798366160856353,4.663305342197418,0.0,0.0,0.0,11,27.470186376660607,32.133491718858025,True,0.854877105077856,2025-08-01,MESA_OPEN_DATA_2026,https://data.mesaaz.gov/d/5zhe-5nig,dataset 5zhe-5nig; retrieved 2026-08-22,study-derived after declared sensor and completeness QA
2025-08-23,0.0,8.2308477431e-05,0.0,8.845869598120485,8.52709233210637,1.9937161936842165,7.685047966809303,4.731715242067973,0.0,0.0,0.0,11,27.05180839919781,31.783523641265784,True,0.8511267883487719,2025-08-01,MESA_OPEN_DATA_2026,https://data.mesaaz.gov/d/5zhe-5nig,dataset 5zhe-5nig; retrieved 2026-08-22,study-derived after declared sensor and completeness QA
2025-08-24,0.0,8.2308477431e-05,0.0,9.286961301338891,8.401879066488746,2.089724448011117,7.692918591366874,4.756334861119588,0.0,0.0,0.0,11,27.471565715683063,32.227900576802654,True,0.8524156157865537,2025-08-01,MESA_OPEN_DATA_2026,https://data.mesaaz.gov/d/5zhe-5nig,dataset 5zhe-5nig; retrieved 2026-08-22,study-derived after declared sensor and completeness QA
2025-08-25,0.0,8.2308477431e-05,0.0,9.935132940423747,8.52603524309015,1.9774076456975456,7.920919134953658,4.6663311918576555,0.0,0.0,0.0,11,28.359577272642532,33.02590846450019,True,0.8587069543636162,2025-08-01,MESA_OPEN_DATA_2026,https://data.mesaaz.gov/d/5zhe-5nig,dataset 5zhe-5nig; retrieved 2026-08-22,study-derived after declared sensor and completeness QA
2025-08-26,0.0,8.2308477431e-05,0.0,9.520164505887983,8.647135482515608,2.166584300264488,8.207405460726402,4.6405748923619585,0.0,0.0,0.0,11,28.541372057871914,33.18194695023387,True,0.8601476007624909,2025-08-01,MESA_OPEN_DATA_2026,https://data.mesaaz.gov/d/5zhe-5nig,dataset 5zhe-5nig; retrieved 2026-08-22,study-derived after declared sensor and completeness QA
2025-08-27,0.0,8.2308477431e-05,0.0,9.368916322056894,8.623197415979897,1.9804018816155489,7.903803233075458,4.677331030368805,0.0,0.0,0.0,11,27.87640116120523,32.553732191574035,True,0.856319668576144,2025-08-01,MESA_OPEN_DATA_2026,https://data.mesaaz.gov/d/5zhe-5nig,dataset 5zhe-5nig; retrieved 2026-08-22,study-derived after declared sensor and completeness QA
2025-08-28,0.0,8.2308477431e-05,0.0,9.435125986751585,8.483094143430336,2.086620998450109,7.917846747239431,4.674120982487996,0.0,0.0,0.0,11,27.92277018434889,32.59689116683689,True,0.8566083814997882,2025-08-01,MESA_OPEN_DATA_2026,https://data.mesaaz.gov/d/5zhe-5nig,dataset 5zhe-5nig; retrieved 2026-08-22,study-derived after declared sensor and completeness QA
2025-08-29,0.0,8.2308477431e-05,0.0,9.346857313094208,8.586195579146276,1.986286873505874,7.928900598155128,4.64388636747996,0.0,0.0,0.0,11,27.848322672378917,32.49220903985888,True,0.8570769269093644,2025-08-01,MESA_OPEN_DATA_2026,https://data.mesaaz.gov/d/5zhe-5nig,dataset 5zhe-5nig; retrieved 2026-08-22,study-derived after declared sensor and completeness QA
2025-08-30,0.0,8.2308477431e-05,0.0,9.153015031607614,8.711126988160544,1.9371392405168577,7.765490557105281,4.696596999963124,0.0,0.0,0.0480472209656404,11,27.566854125867728,32.3114983467965,True,0.8531592633060554,2025-08-01,MESA_OPEN_DATA_2026,https://data.mesaaz.gov/d/5zhe-5nig,dataset 5zhe-5nig; retrieved 2026-08-22,study-derived after declared sensor and completeness QA
2025-08-31,0.0,8.2308477431e-05,0.036232639428797245,9.063474399517808,8.282579008224175,1.9366741626936987,7.669329424036874,4.649753153324127,0.0,0.0,0.0004740258364041,11,26.988371942378784,31.638599121539315,True,0.8530204462815583,2025-08-01,MESA_OPEN_DATA_2026,https://data.mesaaz.gov/d/5zhe-5nig,dataset 5zhe-5nig; retrieved 2026-08-22,study-derived after declared sensor and completeness QA
2025-09-02,0.0,8.2308477431e-05,0.0263194448366347,9.923470925722892,7.949688146511714,1.6955071446743415,7.595867060885983,4.557607054710388,0.0,0.0,0.0,11,27.190935031108996,31.748542085819384,True,0.8564467293524618,2025-09-01,MESA_OPEN_DATA_2026,https://data.mesaaz.gov/d/5zhe-5nig,dataset 5zhe-5nig; retrieved 2026-08-22,study-derived after declared sensor and completeness QA
2025-09-03,0.0,8.2308477431e-05,0.0,9.512285329175215,8.479284524917603,2.1347515107213564,8.008235497938262,4.594461798667908,0.0,0.0,0.0,11,28.134639171229868,32.72910096989777,True,0.8596215092222176,2025-09-01,MESA_OPEN_DATA_2026,https://data.mesaaz.gov/d/5zhe-5nig,dataset 5zhe-5nig; retrieved 2026-08-22,study-derived after declared sensor and completeness QA
2025-09-04,0.0,8.2308477431e-05,0.0,9.72611612394978,8.409514281484816,2.0372807918710913,7.788040055500137,4.611000418663025,0.0,0.0,0.0,11,27.961033561283255,32.57203397994628,True,0.858436828921955,2025-09-01,MESA_OPEN_DATA_2026,https://data.mesaaz.gov/d/5zhe-5nig,dataset 5zhe-5nig; retrieved 2026-08-22,study-derived after declared sensor and completeness QA
2025-09-05,0.0,8.2308477431e-05,0.0,9.386759012783015,8.576709098948372,2.0798771543046732,7.80681057340569,4.690097610155742,0.0,0.0,0.0,11,27.85023814791918,32.54033575807492,True,0.8558681863326537,2025-09-01,MESA_OPEN_DATA_2026,https://data.mesaaz.gov/d/5zhe-5nig,dataset 5zhe-5nig; retrieved 2026-08-22,study-derived after declared sensor and completeness QA
2025-09-06,0.0,8.2308477431e-05,0.0,9.23027354027938,8.562111384338802,2.0640453459186987,7.829792286952337,4.739689906438191,0.0,0.0,0.0,11,27.68630486596665,32.42599477240484,True,0.8538305473831829,2025-09-01,MESA_OPEN_DATA_2026,https://data.mesaaz.gov/d/5zhe-5nig,dataset 5zhe-5nig; retrieved 2026-08-22,study-derived after declared sensor and completeness QA
2025-09-07,0.0,8.2308477431e-05,0.0,9.657751496200197,8.612645259321317,1.8635682327587275,7.622886619634098,4.693374693393707,0.0,0.0,0.0,11,27.75693391639177,32.45030860978548,True,0.855367332562797,2025-09-01,MESA_OPEN_DATA_2026,https://data.mesaaz.gov/d/5zhe-5nig,dataset 5zhe-5nig; retrieved 2026-08-22,study-derived after declared sensor and completeness QA
2025-09-08,0.0,8.2308477431e-05,0.0,10.383021351838554,8.528590155972374,1.9597264133152068,8.026307372583283,4.599239230155945,0.0,0.0,0.0,11,28.897727602186848,33.49696683234279,True,0.8626968449658201,2025-09-01,MESA_OPEN_DATA_2026,https://data.mesaaz.gov/d/5zhe-5nig,dataset 5zhe-5nig; retrieved 2026-08-22,study-derived after declared sensor and completeness QA
2025-09-09,0.0,8.2308477431e-05,0.0356944449763331,9.592126879951469,8.69779951250955,2.0337911755140814,8.190536866840842,4.587427649122698,0.0,0.0,0.0,11,28.550031188269706,33.1374588373924,True,0.861563686230936,2025-09-01,MESA_OPEN_DATA_2026,https://data.mesaaz.gov/d/5zhe-5nig,dataset 5zhe-5nig; retrieved 2026-08-22,study-derived after declared sensor and completeness QA
2025-09-10,0.0,8.2308477431e-05,0.0253819448226648,9.397596012613858,8.563051181857057,2.0628978509298515,7.878852709465557,4.650469740231832,0.0,0.0,0.0,11,27.927862008166414,32.57833174839825,True,0.8572526740734513,2025-09-01,MESA_OPEN_DATA_2026,https://data.mesaaz.gov/d/5zhe-5nig,dataset 5zhe-5nig; retrieved 2026-08-22,study-derived after declared sensor and completeness QA
2025-09-11,0.0,8.2308477431e-05,0.0246180559223931,9.092347629729796,8.631513860490587,1.9652796337505891,7.63618454767598,4.66573037703832,0.0,0.0,0.0,11,27.350026036046778,32.0157564130851,True,0.8542676825486029,2025-09-01,MESA_OPEN_DATA_2026,https://data.mesaaz.gov/d/5zhe-5nig,dataset 5zhe-5nig; retrieved 2026-08-22,study-derived after declared sensor and completeness QA
2025-09-12,0.0,8.2308477431e-05,0.050000000745058,9.352146236816706,8.43354945451441,1.8444284523175056,7.70832302471002,4.629334529240926,0.0,0.0,0.0744694420498692,11,27.388529477581127,32.09233344887192,True,0.8534290447036305,2025-09-01,MESA_OPEN_DATA_2026,https://data.mesaaz.gov/d/5zhe-5nig,dataset 5zhe-5nig; retrieved 2026-08-22,study-derived after declared sensor and completeness QA
2025-09-13,0.0,8.2308477431e-05,0.050000000745058,9.255513470670472,8.070795931629629,1.913751101002076,7.652514535188675,4.649311105410258,0.0,0.0,0.0260270836491448,11,26.942657347713343,31.617995536772746,True,0.8521304684346028,2025-09-01,MESA_OPEN_DATA_2026,https://data.mesaaz.gov/d/5zhe-5nig,dataset 5zhe-5nig; retrieved 2026-08-22,study-derived after declared sensor and completeness QA
2025-09-14,0.0,8.2308477431e-05,0.0237500003539025,9.837033182231504,8.231725223278731,1.9459090064244653,7.542005464839603,4.656138439973195,0.0,0.0,0.0494965285153335,11,27.580505185605638,32.28614015409417,True,0.8542521668421917,2025-09-01,MESA_OPEN_DATA_2026,https://data.mesaaz.gov/d/5zhe-5nig,dataset 5zhe-5nig; retrieved 2026-08-22,study-derived after declared sensor and completeness QA
2025-09-15,0.0,8.2308477431e-05,0.0226388892262346,9.824305247029772,8.314372321992325,1.956968965543856,7.760995843675402,4.593742668628693,0.0,0.0,0.001006944459449,11,27.879363575945018,32.47411318903316,True,0.8585103899114376,2025-09-01,MESA_OPEN_DATA_2026,https://data.mesaaz.gov/d/5zhe-5nig,dataset 5zhe-5nig; retrieved 2026-08-22,study-derived after declared sensor and completeness QA
2025-09-16,0.0,8.2308477431e-05,0.050000000745058,9.327297456708772,8.365610587596894,1.8274571245900353,8.057319165931808,4.6029857121198745,0.0,0.0,0.0,11,27.627766644050002,32.23075235616987,True,0.8571865260464908,2025-09-01,MESA_OPEN_DATA_2026,https://data.mesaaz.gov/d/5zhe-5nig,dataset 5zhe-5nig; retrieved 2026-08-22,study-derived after declared sensor and completeness QA
2025-09-17,0.0,8.2308477431e-05,0.050000000745058,9.259836809598278,8.322305109765795,2.0623247135691716,7.768655810776976,4.616331458091736,0.0,0.0,0.0,11,27.46320475293271,32.07953621102445,True,0.8560973130121099,2025-09-01,MESA_OPEN_DATA_2026,https://data.mesaaz.gov/d/5zhe-5nig,dataset 5zhe-5nig; retrieved 2026-08-22,study-derived after declared sensor and completeness QA
2025-09-18,0.0,8.2308477431e-05,0.050000000745058,9.08220310459446,8.295188094912133,1.9095484718807745,7.636273835764991,4.648880461851756,0.0,0.0,0.0,11,26.973295816374844,31.6221762782266,True,0.8529867008219565,2025-09-01,MESA_OPEN_DATA_2026,https://data.mesaaz.gov/d/5zhe-5nig,dataset 5zhe-5nig; retrieved 2026-08-22,study-derived after declared sensor and completeness QA
2025-09-19,0.0,8.2308477431e-05,0.050000000745058,9.296224333719238,8.30293667903845,2.0883723717686853,7.725114498973473,2.8887123465538025,0.0,0.0,0.0,11,27.462730192722333,30.351442539276135,True,0.9048245452315593,2025-09-01,MESA_OPEN_DATA_2026,https://data.mesaaz.gov/d/5zhe-5nig,dataset 5zhe-5nig; retrieved 2026-08-22,study-derived after declared sensor and completeness QA
2025-09-20,0.0,8.2308477431e-05,2.6528887797638565,9.28107538811414,8.34070852340762,3.654595993009891,7.666551125597196,5.380340834458669,0.0,0.0,0.0,11,31.595902118370134,36.976242952828805,True,0.8544919547039308,2025-09-01,MESA_OPEN_DATA_2026,https://data.mesaaz.gov/d/5zhe-5nig,dataset 5zhe-5nig; retrieved 2026-08-22,study-derived after declared sensor and completeness QA
2025-09-21,0.0,8.2308477431e-05,5.206527715259128,9.720632077273397,8.327106608284844,3.0800343818691265,7.631340318255955,4.87017285823822,0.0,0.0,0.0,11,33.96572340941988,38.8358962676581,True,0.8745960998383339,2025-09-01,MESA_OPEN_DATA_2026,https://data.mesaaz.gov/d/5zhe-5nig,dataset 5zhe-5nig; retrieved 2026-08-22,study-derived after declared sensor and completeness QA
2025-09-22,0.0,8.2308477431e-05,3.9691667154431345,9.71820945116549,8.370663237770952,3.9369648459931494,7.854798066425257,2.926244606574377,0.0,0.0,0.0,11,33.849884625275415,36.776129231849794,True,0.9204308700318543,2025-09-01,MESA_OPEN_DATA_2026,https://data.mesaaz.gov/d/5zhe-5nig,dataset 5zhe-5nig; retrieved 2026-08-22,study-derived after declared sensor and completeness QA
2025-09-23,0.0,8.2308477431e-05,2.8010555068651835,9.618403115247686,8.467325863155105,4.0087572093083725,7.993657286420641,2.767107685407003,0.0,0.0,0.0,11,32.88928128947442,35.65638897488142,True,0.9223951789577928,2025-09-01,MESA_OPEN_DATA_2026,https://data.mesaaz.gov/d/5zhe-5nig,dataset 5zhe-5nig; retrieved 2026-08-22,study-derived after declared sensor and completeness QA
2025-09-24,0.0,8.2308477431e-05,2.8381250401337943,9.477973663748385,8.442180944813622,4.122682595319403,7.806847051117155,2.968646119038264,0.0,0.0,0.0,11,32.68789160360979,35.65653772264805,True,0.9167432872442728,2025-09-01,MESA_OPEN_DATA_2026,https://data.mesaaz.gov/d/5zhe-5nig,dataset 5zhe-5nig; retrieved 2026-08-22,study-derived after declared sensor and completeness QA
2025-09-25,0.0,8.2308477431e-05,2.668777872456445,9.42608584087756,8.448951612275955,4.066160210068596,7.703993803275155,2.4113548497358956,0.0,0.0,0.0,11,32.31405164743114,34.725406497167036,True,0.9305593485296532,2025-09-01,MESA_OPEN_DATA_2026,https://data.mesaaz.gov/d/5zhe-5nig,dataset 5zhe-5nig; retrieved 2026-08-22,study-derived after declared sensor and completeness QA
2025-09-26,0.0,8.2308477431e-05,2.3705833410223325,9.27600553240765,8.206694371170467,4.081954772294657,7.585157054662704,2.347580830256144,0.0,0.0,0.0,11,31.520477380035242,33.86805821029139,True,0.9306845164939869,2025-09-01,MESA_OPEN_DATA_2026,https://data.mesaaz.gov/d/5zhe-5nig,dataset 5zhe-5nig; retrieved 2026-08-22,study-derived after declared sensor and completeness QA
2025-09-27,0.0,8.2308477431e-05,1.865041640897592,9.49797407168481,9.197062969207764,5.357407363613,7.5721166941854685,1.3593314240376155,0.0,0.0,0.7451458113888899,11,33.489685048066065,35.594162283492565,True,0.9408757756773366,2025-09-01,MESA_OPEN_DATA_2026,https://data.mesaaz.gov/d/5zhe-5nig,dataset 5zhe-5nig; retrieved 2026-08-22,study-derived after declared sensor and completeness QA
2025-09-28,0.0,8.2308477431e-05,1.551472266183959,11.330895271214,9.249680558840431,7.1464871669938175,8.838565111822552,1.8188389887412388,0.0,0.0,0.0158541661997636,11,38.11718268353219,39.9518758384732,True,0.9540774214868224,2025-09-01,MESA_OPEN_DATA_2026,https://data.mesaaz.gov/d/5zhe-5nig,dataset 5zhe-5nig; retrieved 2026-08-22,study-derived after declared sensor and completeness QA
2025-09-29,0.0,8.2308477431e-05,1.6827500271300475,11.776418781716515,8.807406846019957,5.19548745248832,8.037981678379907,1.494325523575147,0.0,0.0,0.0,11,35.500127094212175,36.994452617787324,True,0.9596067675601541,2025-09-01,MESA_OPEN_DATA_2026,https://data.mesaaz.gov/d/5zhe-5nig,dataset 5zhe-5nig; retrieved 2026-08-22,study-derived after declared sensor and completeness QA
2025-09-30,0.0,8.2308477431e-05,1.683625009531776,11.056244875235974,8.500589686619502,4.786783208130474,8.112506036356567,1.682329130669435,0.0,0.0,0.0,11,34.13983112435173,35.82216025502117,True,0.9530366365765552,2025-09-01,MESA_OPEN_DATA_2026,https://data.mesaaz.gov/d/5zhe-5nig,dataset 5zhe-5nig; retrieved 2026-08-22,study-derived after declared sensor and completeness QA
2025-10-02,0.0,8.2308477431e-05,1.4900000095367432,6.834326224476099,8.567563093988236,4.716038020763959,7.711168166663912,1.6884617159763973,0.0,0.0,0.0411249994455526,11,29.31917782390638,31.04876453932833,True,0.9442945076532385,2025-10-01,MESA_OPEN_DATA_2026,https://data.mesaaz.gov/d/5zhe-5nig,dataset 5zhe-5nig; retrieved 2026-08-22,study-derived after declared sensor and completeness QA
2025-10-03,0.0,8.2308477431e-05,1.668500016629696,5.624065203487235,12.743863219022751,4.520685635538544,7.675330745511585,1.843531623482704,0.0,0.0,0.1017291667715956,11,32.23252712866724,34.177787918921545,True,0.943084063987144,2025-10-01,MESA_OPEN_DATA_2026,https://data.mesaaz.gov/d/5zhe-5nig,dataset 5zhe-5nig; retrieved 2026-08-22,study-derived after declared sensor and completeness QA
2025-10-04,0.0,8.2308477431e-05,1.7708749944965043,5.545990821021432,13.805798338519203,4.556869139752375,7.6145929025279155,1.6803498516480129,0.0,0.0,0.0021458333358168,11,33.29420850479486,34.97670418977869,True,0.951896677404056,2025-10-01,MESA_OPEN_DATA_2026,https://data.mesaaz.gov/d/5zhe-5nig,dataset 5zhe-5nig; retrieved 2026-08-22,study-derived after declared sensor and completeness QA
2025-10-05,0.0,8.2308477431e-05,1.7711110923025344,4.95401939988506,13.27414836883545,4.361695096847859,7.523884486489826,1.861882025996844,0.0,0.0,0.0,11,31.884940752838162,33.746822778835,True,0.9448279312633675,2025-10-01,MESA_OPEN_DATA_2026,https://data.mesaaz.gov/d/5zhe-5nig,dataset 5zhe-5nig; retrieved 2026-08-22,study-derived after declared sensor and completeness QA
2025-10-06,0.0,8.2308477431e-05,1.910687519858281,6.069600499914916,12.245166586505045,4.153588280144978,7.589348759916094,1.9565182477235792,0.0,0.0,0.0,11,31.968473954816744,33.924992202540324,True,0.9423281150355851,2025-10-01,MESA_OPEN_DATA_2026,https://data.mesaaz.gov/d/5zhe-5nig,dataset 5zhe-5nig; retrieved 2026-08-22,study-derived after declared sensor and completeness QA
2025-10-07,0.0,8.2308477431e-05,1.9600000381469729,5.6566229892786835,12.253877234276418,4.119096411711781,7.5711853364716,1.955348273118337,0.0,0.0,0.0,11,31.560864318362885,33.51621259148122,True,0.9416596291188544,2025-10-01,MESA_OPEN_DATA_2026,https://data.mesaaz.gov/d/5zhe-5nig,dataset 5zhe-5nig; retrieved 2026-08-22,study-derived after declared sensor and completeness QA
2025-10-08,0.0,8.2308477431e-05,2.058611172768805,6.0405862405736,12.380028078055348,3.881844013295275,7.376905556519827,2.1557736744483313,0.0,0.0,0.0,11,31.73805736969029,33.89383104413862,True,0.936396281918059,2025-10-01,MESA_OPEN_DATA_2026,https://data.mesaaz.gov/d/5zhe-5nig,dataset 5zhe-5nig; retrieved 2026-08-22,study-derived after declared sensor and completeness QA
2025-10-09,0.0,8.2308477431e-05,2.1995556036631267,5.715642808817361,12.219132350550758,3.6516479102658552,7.34826273152694,2.237349639336268,0.0,0.0,0.0,11,31.134323713301473,33.37167335263774,True,0.932956624149642,2025-10-01,MESA_OPEN_DATA_2026,https://data.mesaaz.gov/d/5zhe-5nig,dataset 5zhe-5nig; retrieved 2026-08-22,study-derived after declared sensor and completeness QA
2025-10-10,0.0,8.2308477431e-05,2.3243333881100017,5.698203988280147,12.25074797048025,3.680892851522991,7.4341535226929265,2.395375003417333,0.0,0.0,0.0,11,31.388414029563748,33.78378903298108,True,0.9290969109155023,2025-10-01,MESA_OPEN_DATA_2026,https://data.mesaaz.gov/d/5zhe-5nig,dataset 5zhe-5nig; retrieved 2026-08-22,study-derived after declared sensor and completeness QA
2025-10-11,0.0,8.2308477431e-05,2.4735833585262297,6.1061000438255295,12.181485871473948,3.461621434675098,7.4815426127955345,2.515023152033488,0.0,0.0,0.0,11,31.70441562977377,34.219438781807256,True,0.9265030859193811,2025-10-01,MESA_OPEN_DATA_2026,https://data.mesaaz.gov/d/5zhe-5nig,dataset 5zhe-5nig; retrieved 2026-08-22,study-derived after declared sensor and completeness QA
2025-10-12,0.0,8.2308477431e-05,2.687305586867862,6.098590533318757,12.209737500772505,3.383219925405613,7.477048844099045,2.8856136798858643,0.0,0.0,0.0,11,31.855984698941214,34.74159837882708,True,0.9169406758888655,2025-10-01,MESA_OPEN_DATA_2026,https://data.mesaaz.gov/d/5zhe-5nig,dataset 5zhe-5nig; retrieved 2026-08-22,study-derived after declared sensor and completeness QA
2025-10-13,0.0,8.2308477431e-05,3.0629028227594164,11.80643279500683,13.800364380254202,3.766905360130359,8.667313792970445,3.256363411744436,0.0,0.0,0.0,11,41.104001459598685,44.36036487134312,True,0.9265929524883585,2025-10-01,MESA_OPEN_DATA_2026,https://data.mesaaz.gov/d/5zhe-5nig,dataset 5zhe-5nig; retrieved 2026-08-22,study-derived after declared sensor and completeness QA
2025-10-14,0.0,8.2308477431e-05,3.6087708423535023,3.516058333269234,19.246459495406103,4.281555391795839,10.838795492384168,3.93186162908872,0.0828888893127441,0.0,0.0,11,41.49172186368628,45.50647238208774,True,0.9117762747089632,2025-10-01,MESA_OPEN_DATA_2026,https://data.mesaaz.gov/d/5zhe-5nig,dataset 5zhe-5nig; retrieved 2026-08-22,study-derived after declared sensor and completeness QA
2025-10-15,0.0,8.2308477431e-05,3.606375008821487,0.1010253765405515,13.606451794275229,3.5181636430312615,8.26847846915891,3.302480032046636,14.932500076293945,0.0,0.0,11,29.10057660030487,47.335556708645456,True,0.6147720365775245,2025-10-01,MESA_OPEN_DATA_2026,https://data.mesaaz.gov/d/5zhe-5nig,dataset 5zhe-5nig; retrieved 2026-08-22,study-derived after declared sensor and completeness QA
2025-10-18,0.0,0.0,4.309763941499922,10.203028028466466,12.732467940583604,1.8034116008914216,7.546702527942586,4.372596840063731,15.692333067788018,0.0,0.0,11,36.595374039384,56.66030394723575,True,0.645873239110454,2025-10-01,MESA_OPEN_DATA_2026,https://data.mesaaz.gov/d/5zhe-5nig,dataset 5zhe-5nig; retrieved 2026-08-22,study-derived after declared sensor and completeness QA
2025-10-19,0.0,0.0,4.380000114440918,11.327437032036208,12.728038964398612,1.7571309303473748,7.42617739530965,4.610270321369171,0.0,0.0,0.0,11,37.61878443653276,42.229054757901935,True,0.8908270538424379,2025-10-01,MESA_OPEN_DATA_2026,https://data.mesaaz.gov/d/5zhe-5nig,dataset 5zhe-5nig; retrieved 2026-08-22,study-derived after declared sensor and completeness QA
2025-10-20,0.0,0.0,4.380000114440918,11.247028249820074,12.902164392909022,1.6173943499444237,7.708219412300322,4.552489002545674,0.0,0.0,0.0,11,37.85480651941476,42.407295521960435,True,0.892648447713715,2025-10-01,MESA_OPEN_DATA_2026,https://data.mesaaz.gov/d/5zhe-5nig,dataset 5zhe-5nig; retrieved 2026-08-22,study-derived after declared sensor and completeness QA
2025-10-21,0.0,0.0,4.454555598894755,10.575234219012437,13.16127989980466,1.7614835830155942,7.903108842525642,4.5427641581412095,0.0,0.0,0.0,11,37.855662143253085,42.398426301394295,True,0.8928553591624268,2025-10-01,MESA_OPEN_DATA_2026,https://data.mesaaz.gov/d/5zhe-5nig,dataset 5zhe-5nig; retrieved 2026-08-22,study-derived after declared sensor and completeness QA
2025-10-22,0.0,0.0,4.603013906213972,10.314466231597796,13.023432581843837,2.017272098062728,7.708956028595725,4.660071671009064,0.0,0.0,0.0,11,37.667140846314055,42.32721251732312,True,0.889903648412901,2025-10-01,MESA_OPEN_DATA_2026,https://data.mesaaz.gov/d/5zhe-5nig,dataset 5zhe-5nig; retrieved 2026-08-22,study-derived after declared sensor and completeness QA
2025-10-23,0.0,0.0,4.692361059453752,10.283710923853464,12.72223129299583,1.9881074461423065,7.644623592574928,4.719225704669952,0.0,0.0,0.0,11,37.33103431502028,42.050260019690235,True,0.8877717830410525,2025-10-01,MESA_OPEN_DATA_2026,https://data.mesaaz.gov/d/5zhe-5nig,dataset 5zhe-5nig; retrieved 2026-08-22,study-derived after declared sensor and completeness QA
2025-10-24,0.0,0.0,2.628777660926183,10.684134439632848,12.849716499116685,1.758648817394617,7.552894490294986,4.761332929134369,0.0,0.0,0.0,11,35.47417190736532,40.235504836499686,True,0.8816633978253177,2025-10-01,MESA_OPEN_DATA_2026,https://data.mesaaz.gov/d/5zhe-5nig,dataset 5zhe-5nig; retrieved 2026-08-22,study-derived after declared sensor and completeness QA
2025-10-25,0.0,0.0,0.0,10.558349656576755,13.036049478077258,1.6254656863312762,7.452973038061697,4.570307453473409,0.0,0.0,0.0,11,32.672837859046986,37.2431453125204,True,0.8772846005587781,2025-10-01,MESA_OPEN_DATA_2026,https://data.mesaaz.gov/d/5zhe-5nig,dataset 5zhe-5nig; retrieved 2026-08-22,study-derived after declared sensor and completeness QA
2025-10-26,0.0,0.0,0.0,10.750384838516238,12.938052356243134,1.668845317786253,7.397534561157227,4.596843838691711,0.0,0.0,0.0,11,32.75481707370285,37.351660912394564,True,0.876930671182916,2025-10-01,MESA_OPEN_DATA_2026,https://data.mesaaz.gov/d/5zhe-5nig,dataset 5zhe-5nig; retrieved 2026-08-22,study-derived after declared sensor and completeness QA
2025-10-27,0.0,0.0,0.0,10.167335091329145,13.158666918675104,1.5833040468257755,7.761422088411119,4.551540017127991,0.0,0.0,0.0,11,32.67072814524114,37.22226816236913,True,0.8777199713549564,2025-10-01,MESA_OPEN_DATA_2026,https://data.mesaaz.gov/d/5zhe-5nig,dataset 5zhe-5nig; retrieved 2026-08-22,study-derived after declared sensor and completeness QA
2025-10-28,0.0,0.0,0.0224305558897968,10.360776116414756,13.438083320856094,1.7185217820307035,8.059110764085293,4.49722759221439,0.0,0.0,0.0,11,33.59892253927664,38.09615013149103,True,0.8819506019193029,2025-10-01,MESA_OPEN_DATA_2026,https://data.mesaaz.gov/d/5zhe-5nig,dataset 5zhe-5nig; retrieved 2026-08-22,study-derived after declared sensor and completeness QA
2025-10-29,0.0,0.0,0.050000000745058,8.498581423613208,13.205479234457016,1.7469006882491689,7.634200115998586,4.59885040918986,0.0,0.0,0.0,11,31.13516146306304,35.7340118722529,True,0.8713032719183479,2025-10-01,MESA_OPEN_DATA_2026,https://data.mesaaz.gov/d/5zhe-5nig,dataset 5zhe-5nig; retrieved 2026-08-22,study-derived after declared sensor and completeness QA
2025-10-30,0.0,0.0,0.050000000745058,11.13604554362055,12.923945215087084,1.5865684685397283,7.498295971479528,4.6248562932014465,0.0,0.0,0.0,11,33.194855199471945,37.81971149267339,True,0.877713073139191,2025-10-01,MESA_OPEN_DATA_2026,https://data.mesaaz.gov/d/5zhe-5nig,dataset 5zhe-5nig; retrieved 2026-08-22,study-derived after declared sensor and completeness QA
2025-10-31,0.0,0.0,0.2728125003761508,10.773221456854209,13.02077479652198,1.6519523673172616,7.411443746808745,4.6022383371988935,0.0,0.0,0.0,11,33.13020486787835,37.73244320507724,True,0.8780296756246195,2025-10-01,MESA_OPEN_DATA_2026,https://data.mesaaz.gov/d/5zhe-5nig,dataset 5zhe-5nig; retrieved 2026-08-22,study-derived after declared sensor and completeness QA
2025-11-02,0.0,0.0,0.050000000745058,10.745598765669598,13.056041487400654,1.518330992527411,7.235672427548303,4.616310218969981,0.0,0.0,0.0,11,32.605643673891024,37.221953892861,True,0.8759788314106915,2025-11-01,MESA_OPEN_DATA_2026,https://data.mesaaz.gov/d/5zhe-5nig,dataset 5zhe-5nig; retrieved 2026-08-22,study-derived after declared sensor and completeness QA
2025-11-03,0.0,0.0,0.023333333681027,11.105803995825074,13.154957017911824,1.6306015933182074,7.547916032938264,4.5281190276145935,0.0,0.0,0.0,11,33.4626119736744,37.99073100128899,True,0.8808098999868953,2025-11-01,MESA_OPEN_DATA_2026,https://data.mesaaz.gov/d/5zhe-5nig,dataset 5zhe-5nig; retrieved 2026-08-22,study-derived after declared sensor and completeness QA
2025-11-04,0.0,0.0,0.0,10.630502848874054,13.73093996127557,1.750578105785005,7.7985678736413,4.526006658871968,0.0,0.0,0.0,11,33.91058878957593,38.4365954484479,True,0.882247462188935,2025-11-01,MESA_OPEN_DATA_2026,https://data.mesaaz.gov/d/5zhe-5nig,dataset 5zhe-5nig; retrieved 2026-08-22,study-derived after declared sensor and completeness QA
2025-11-05,0.0,0.0,0.0230208336763704,11.223016259457776,13.375828419531976,1.7270848638940566,7.591061335139805,4.60230811436971,0.0,0.0,0.0,11,33.94001171169998,38.54231982606969,True,0.8805907860466471,2025-11-01,MESA_OPEN_DATA_2026,https://data.mesaaz.gov/d/5zhe-5nig,dataset 5zhe-5nig; retrieved 2026-08-22,study-derived after declared sensor and completeness QA
2025-11-06,0.0,0.0,0.050000000745058,10.673968159522175,13.188821647740616,1.5725512357049782,7.523642774248754,4.610535621643066,0.0,0.0,0.0,11,33.008983817961585,37.61951943960465,True,0.8774429952768286,2025-11-01,MESA_OPEN_DATA_2026,https://data.mesaaz.gov/d/5zhe-5nig,dataset 5zhe-5nig; retrieved 2026-08-22,study-derived after declared sensor and completeness QA
2025-11-07,0.0,0.0,0.050000000745058,10.728311499188054,13.201853022229072,1.6767042710747515,7.517058527469635,4.641389012336731,0.0,0.0,0.0,11,33.17392732070657,37.8153163330433,True,0.8772616637274815,2025-11-01,MESA_OPEN_DATA_2026,https://data.mesaaz.gov/d/5zhe-5nig,dataset 5zhe-5nig; retrieved 2026-08-22,study-derived after declared sensor and completeness QA
2025-11-08,0.0,0.0,0.050000000745058,10.593532125276548,13.283199831697898,1.5633217706256293,7.516009547252177,4.637205104033153,0.0,0.0,0.0,11,33.006063275597306,37.643268379630456,True,0.876811836388191,2025-11-01,MESA_OPEN_DATA_2026,https://data.mesaaz.gov/d/5zhe-5nig,dataset 5zhe-5nig; retrieved 2026-08-22,study-derived after declared sensor and completeness QA
2025-11-09,0.0,0.0,0.050000000745058,11.116081421706411,13.272116980287764,1.5829150791384037,7.410040196445253,4.661218444506328,0.0,0.0,0.0,11,33.431153678322886,38.09237212282921,True,0.877633810005946,2025-11-01,MESA_OPEN_DATA_2026,https://data.mesaaz.gov/d/5zhe-5nig,dataset 5zhe-5nig; retrieved 2026-08-22,study-derived after declared sensor and completeness QA
2025-11-10,0.0,0.0,0.050000000745058,11.18183084855753,13.54630673593945,1.783426572354816,7.663501278559367,4.57449742158254,0.0,0.0,0.0,11,34.22506543615622,38.79956285773876,True,0.8820992535829528,2025-11-01,MESA_OPEN_DATA_2026,https://data.mesaaz.gov/d/5zhe-5nig,dataset 5zhe-5nig; retrieved 2026-08-22,study-derived after declared sensor and completeness QA
2025-11-11,0.0,0.0,0.050000000745058,9.472107802501156,13.828223951422885,1.7690424262467077,7.888804672985542,4.587032956105691,0.0,0.0,0.0,11,33.00817885390135,37.595211810007044,True,0.8779889050954961,2025-11-01,MESA_OPEN_DATA_2026,https://data.mesaaz.gov/d/5zhe-5nig,dataset 5zhe-5nig; retrieved 2026-08-22,study-derived after declared sensor and completeness QA
2025-11-12,0.0,0.0,0.050000000745058,11.246316061392944,13.477519698881768,1.7430734769099177,7.583027738855014,4.712713261445363,0.0,0.0,0.0,11,34.0999369767847,38.81265023823006,True,0.8785779061074425,2025-11-01,MESA_OPEN_DATA_2026,https://data.mesaaz.gov/d/5zhe-5nig,dataset 5zhe-5nig; retrieved 2026-08-22,study-derived after declared sensor and completeness QA
2025-11-13,0.0,0.0,0.0294062503529453,9.055851385502352,13.506674158556336,1.683168982787871,7.696851136124018,4.592552542686462,0.0,0.0,0.0,11,31.971951913323526,36.564504456009985,True,0.8743986111390716,2025-11-01,MESA_OPEN_DATA_2026,https://data.mesaaz.gov/d/5zhe-5nig,dataset 5zhe-5nig; retrieved 2026-08-22,study-derived after declared sensor and completeness QA
2025-11-14,0.0,0.0,0.0252500002738088,8.580160591239887,13.314909713680734,1.693968532082008,7.774251482884089,4.652342975139618,0.0,0.0,0.0,11,31.388540320160526,36.04088329530015,True,0.8709148458704312,2025-11-01,MESA_OPEN_DATA_2026,https://data.mesaaz.gov/d/5zhe-5nig,dataset 5zhe-5nig; retrieved 2026-08-22,study-derived after declared sensor and completeness QA
2025-11-15,0.0,0.0,0.050000000745058,9.386776747526946,13.578363639070211,1.520492549998829,7.683894532256656,4.604754825433095,0.0,0.0,0.0,11,32.2195274695977,36.8242822950308,True,0.8749533042208272,2025-11-01,MESA_OPEN_DATA_2026,https://data.mesaaz.gov/d/5zhe-5nig,dataset 5zhe-5nig; retrieved 2026-08-22,study-derived after declared sensor and completeness QA
2025-11-16,0.0,0.0,0.0278125004144385,9.31260784889345,13.378994273073848,1.5898028501322572,7.322541118579411,4.629640122254689,0.0,0.0,0.0,11,31.631758591093405,36.26139871334809,True,0.8723259364909582,2025-11-01,MESA_OPEN_DATA_2026,https://data.mesaaz.gov/d/5zhe-5nig,dataset 5zhe-5nig; retrieved 2026-08-22,study-derived after declared sensor and completeness QA
2025-11-17,0.0,0.0,0.0218750003259629,9.93581882533652,13.514648405710856,1.735588674478128,7.6030103613932924,4.557011902332306,0.0,0.0,0.0,11,32.81094126724476,37.36795316957706,True,0.8780502672530007,2025-11-01,MESA_OPEN_DATA_2026,https://data.mesaaz.gov/d/5zhe-5nig,dataset 5zhe-5nig; retrieved 2026-08-22,study-derived after declared sensor and completeness QA
2025-11-18,0.0,0.0,0.050000000745058,9.87775566705123,13.73582648830814,1.7230369025810994,7.896937593817711,4.545300492975447,0.0,0.0,0.0,11,33.283556652503236,37.828857145478686,True,0.8798456830060829,2025-11-01,MESA_OPEN_DATA_2026,https://data.mesaaz.gov/d/5zhe-5nig,dataset 5zhe-5nig; retrieved 2026-08-22,study-derived after declared sensor and completeness QA
2025-11-19,0.0,0.0,0.050000000745058,9.466249249409197,13.479551909356143,1.709039707894021,7.652432339981747,4.620493074258168,0.0,0.0,0.0,11,32.35727320738617,36.97776628164434,True,0.8750467229668286,2025-11-01,MESA_OPEN_DATA_2026,https://data.mesaaz.gov/d/5zhe-5nig,dataset 5zhe-5nig; retrieved 2026-08-22,study-derived after declared sensor and completeness QA
2025-11-20,0.0,0.0,0.050000000745058,9.445329478076763,13.456206932925708,1.9792366387138904,7.821197872360547,4.701527548528063,0.0,0.0,0.0,11,32.75197092282197,37.45349847135003,True,0.8744702700570286,2025-11-01,MESA_OPEN_DATA_2026,https://data.mesaaz.gov/d/5zhe-5nig,dataset 5zhe-5nig; retrieved 2026-08-22,study-derived after declared sensor and completeness QA
2025-11-21,0.0,0.0,0.050000000745058,9.25810605896072,13.600568864859786,1.735693574120453,7.958571962220044,4.726979494094849,0.0,0.0,0.0,11,32.60294046090606,37.32991995500091,True,0.8733729003492922,2025-11-01,MESA_OPEN_DATA_2026,https://data.mesaaz.gov/d/5zhe-5nig,dataset 5zhe-5nig; retrieved 2026-08-22,study-derived after declared sensor and completeness QA
2025-11-22,0.0,0.0,0.050000000745058,9.792799018472431,15.378325034832132,0.7029319994848106,8.65963011801947,4.723139067490895,0.0,0.0,0.0,11,34.5836861715539,39.3068252390448,True,0.8798392126871838,2025-11-01,MESA_OPEN_DATA_2026,https://data.mesaaz.gov/d/5zhe-5nig,dataset 5zhe-5nig; retrieved 2026-08-22,study-derived after declared sensor and completeness QA
2025-11-23,0.0,0.0,0.050000000745058,9.685159685247264,13.317578362483603,0.0019914651154454,7.39937176037432,4.684864481290181,0.0,0.0,0.0,11,30.45410127396569,35.138965755255875,True,0.866676085064073,2025-11-01,MESA_OPEN_DATA_2026,https://data.mesaaz.gov/d/5zhe-5nig,dataset 5zhe-5nig; retrieved 2026-08-22,study-derived after declared sensor and completeness QA
2025-11-24,0.0,0.0,0.050000000745058,10.670612737307394,14.249647047784594,0.0,8.092562879125277,4.596712509791057,0.0,0.0,0.0,11,33.06282266496232,37.65953517475337,True,0.8779402749274332,2025-11-01,MESA_OPEN_DATA_2026,https://data.mesaaz.gov/d/5zhe-5nig,dataset 5zhe-5nig; retrieved 2026-08-22,study-derived after declared sensor and completeness QA
2025-11-25,0.0,0.0,0.050000000745058,9.44306029687131,14.826409535291718,0.0,8.173228959242502,4.654130776723226,0.0,0.0,0.0,11,32.49269879215059,37.14682956887382,True,0.8747098788580592,2025-11-01,MESA_OPEN_DATA_2026,https://data.mesaaz.gov/d/5zhe-5nig,dataset 5zhe-5nig; retrieved 2026-08-22,study-derived after declared sensor and completeness QA
2025-11-26,0.0,0.0,0.050000000745058,9.344418509506472,13.646735518586402,0.0,7.844468827048938,4.643025000890096,0.0,0.0,0.0,11,30.88562285588687,35.52864785677696,True,0.8693160229568249,2025-11-01,MESA_OPEN_DATA_2026,https://data.mesaaz.gov/d/5zhe-5nig,dataset 5zhe-5nig; retrieved 2026-08-22,study-derived after declared sensor and completeness QA
2025-11-27,2.585576891899109,0.0,0.0298437503612755,9.52091915010302,13.47063648599974,0.0,7.563926701761704,2.2232276499271393,0.0,0.0,0.0,11,33.17090298012485,35.39413063005199,True,0.9371865444820541,2025-11-01,MESA_OPEN_DATA_2026,https://data.mesaaz.gov/d/5zhe-5nig,dataset 5zhe-5nig; retrieved 2026-08-22,study-derived after declared sensor and completeness QA
2025-11-28,4.657881438732147,0.0,0.0025277777212775,10.117091857027996,13.70501092151015,0.0,7.640221476472028,0.0942255374975502,0.0,0.0,0.0,11,36.1227334714636,36.21695900896115,True,0.9973983034446864,2025-11-01,MESA_OPEN_DATA_2026,https://data.mesaaz.gov/d/5zhe-5nig,dataset 5zhe-5nig; retrieved 2026-08-22,study-derived after declared sensor and completeness QA
2025-11-29,4.690655867258708,0.0,0.0,8.491566189224509,13.824843264950646,0.0,7.820114607612292,0.0062443230029505,0.0,0.0,0.0,11,34.82717992904615,34.833424252049106,True,0.9998207376065652,2025-11-01,MESA_OPEN_DATA_2026,https://data.mesaaz.gov/d/5zhe-5nig,dataset 5zhe-5nig; retrieved 2026-08-22,study-derived after declared sensor and completeness QA
2025-11-30,4.675274550914764,0.0,0.0,9.449328345936557,12.993036507235633,0.0,7.25376548121373,0.006215678450340999,0.0,0.0,0.0,11,34.371404885300684,34.37762056375102,True,0.9998191940469291,2025-11-01,MESA_OPEN_DATA_2026,https://data.mesaaz.gov/d/5zhe-5nig,dataset 5zhe-5nig; retrieved 2026-08-22,study-derived after declared sensor and completeness QA
2025-12-02,4.701696932315826,0.0,0.0,9.401570197288637,13.763395042037418,0.0,7.746229236324628,0.006181972916238,0.0,0.0,0.0,11,35.61289140796651,35.619073380882746,True,0.9998264420623711,2025-12-01,MESA_OPEN_DATA_2026,https://data.mesaaz.gov/d/5zhe-5nig,dataset 5zhe-5nig; retrieved 2026-08-22,study-derived after declared sensor and completeness QA
2025-12-03,4.745684862136841,0.0,0.0,9.416513425349086,13.574893959396556,0.0,7.532287812830678,0.0061514763898837,0.0,0.0,0.0,11,35.26938005971316,35.27553153610304,True,0.9998256163373871,2025-12-01,MESA_OPEN_DATA_2026,https://data.mesaaz.gov/d/5zhe-5nig,dataset 5zhe-5nig; retrieved 2026-08-22,study-derived after declared sensor and completeness QA
2025-12-04,3.6957403322060904,0.0,0.0,6.924394193831088,13.237356639144444,0.0,7.3964062333106995,0.1058371886999035,0.0,0.0,0.0,11,31.25389739849232,31.359734587192225,True,0.9966250610825281,2025-12-01,MESA_OPEN_DATA_2026,https://data.mesaaz.gov/d/5zhe-5nig,dataset 5zhe-5nig; retrieved 2026-08-22,study-derived after declared sensor and completeness QA
2025-12-05,3.5907241801420846,0.0,0.0,7.150857117698275,13.210235829269678,0.0,7.435572788119316,0.0104933015730542,0.0,0.0,0.0,11,31.387389915229356,31.39788321680241,True,0.9996657958913792,2025-12-01,MESA_OPEN_DATA_2026,https://data.mesaaz.gov/d/5zhe-5nig,dataset 5zhe-5nig; retrieved 2026-08-22,study-derived after declared sensor and completeness QA
2025-12-06,4.2105671763420105,0.0,0.0,7.45119778384074,13.233762916198556,0.0,7.4162082225084305,0.0060651139356195,0.0,0.0,0.0,11,32.31173609888974,32.31780121282536,True,0.9998123290042018,2025-12-01,MESA_OPEN_DATA_2026,https://data.mesaaz.gov/d/5zhe-5nig,dataset 5zhe-5nig; retrieved 2026-08-22,study-derived after declared sensor and completeness QA
2025-12-07,4.816349943478902,0.0,0.0,7.735599518338804,13.143895575768838,0.0,7.265586577278089,0.0061277708737179,0.0,0.0,0.0,11,32.96143161486464,32.967559385738355,True,0.9998141272515196,2025-12-01,MESA_OPEN_DATA_2026,https://data.mesaaz.gov/d/5zhe-5nig,dataset 5zhe-5nig; retrieved 2026-08-22,study-derived after declared sensor and completeness QA
2025-12-08,4.748827914396922,0.0,0.0,7.880601582731836,13.564826690374844,0.0,7.517333313822746,0.0061563788525139,0.0,0.0,0.0,11,33.711589501326344,33.71774588017886,True,0.9998174142816547,2025-12-01,MESA_OPEN_DATA_2026,https://data.mesaaz.gov/d/5zhe-5nig,dataset 5zhe-5nig; retrieved 2026-08-22,study-derived after declared sensor and completeness QA
2025-12-09,4.710581262906392,0.0,0.0,7.673414241824584,13.873015231420055,0.0,7.883176590889699,0.0063424667071861,0.0,0.0,0.0,11,34.14018732704073,34.146529793747916,True,0.9998142573565895,2025-12-01,MESA_OPEN_DATA_2026,https://data.mesaaz.gov/d/5zhe-5nig,dataset 5zhe-5nig; retrieved 2026-08-22,study-derived after declared sensor and completeness QA
2025-12-10,4.787056128184001,0.0,2.5546666463216146,8.184289805758674,13.484840717809572,0.0,7.562417117688475,0.0063543534100366,0.0,0.0,0.0,11,36.57327041576234,36.579624769172376,True,0.9998262870805773,2025-12-01,MESA_OPEN_DATA_2026,https://data.mesaaz.gov/d/5zhe-5nig,dataset 5zhe-5nig; retrieved 2026-08-22,study-derived after declared sensor and completeness QA
2025-12-11,4.754270315170288,0.0,1.390430544482337,7.83738456785311,13.194816756776229,0.0,7.441240846439544,0.0158884666743688,0.0,0.0,0.0,11,34.618143030721505,34.634031497395874,True,0.9995412469762418,2025-12-01,MESA_OPEN_DATA_2026,https://data.mesaaz.gov/d/5zhe-5nig,dataset 5zhe-5nig; retrieved 2026-08-22,study-derived after declared sensor and completeness QA
2025-12-12,4.745982766151428,0.0,0.0,7.661570895139508,13.091965361994395,0.0,7.349932095905145,0.007804038915007,0.0,0.0,0.0,11,32.849451119190476,32.85725515810548,True,0.9997624865839385,2025-12-01,MESA_OPEN_DATA_2026,https://data.mesaaz.gov/d/5zhe-5nig,dataset 5zhe-5nig; retrieved 2026-08-22,study-derived after declared sensor and completeness QA
2025-12-13,4.473170538743337,0.0,0.0,7.456661302253466,13.266254578174,0.0,7.124368086975373,0.0075287590540635,0.0,0.0,0.0,11,32.32045450614618,32.32798326520024,True,0.999767113246988,2025-12-01,MESA_OPEN_DATA_2026,https://data.mesaaz.gov/d/5zhe-5nig,dataset 5zhe-5nig; retrieved 2026-08-22,study-derived after declared sensor and completeness QA
2025-12-14,4.7452677090962725,0.0,0.0,7.6745971083442,13.13037594710246,0.0,7.206114366650581,0.0064488787902519,0.0,0.0,0.0,11,32.756355131193516,32.76280400998377,True,0.9998031646257052,2025-12-01,MESA_OPEN_DATA_2026,https://data.mesaaz.gov/d/5zhe-5nig,dataset 5zhe-5nig; retrieved 2026-08-22,study-derived after declared sensor and completeness QA
2025-12-15,4.659913221995036,0.0,0.0,7.975413818174695,13.38347830635397,0.0,7.562260399262111,0.0065533630549907,0.0,0.0,0.0,11,33.58106574578581,33.5876191088408,True,0.9998048875380612,2025-12-01,MESA_OPEN_DATA_2026,https://data.mesaaz.gov/d/5zhe-5nig,dataset 5zhe-5nig; retrieved 2026-08-22,study-derived after declared sensor and completeness QA
2025-12-16,4.659311095873515,0.0,0.0,8.692234525281389,13.589972682892723,0.0,7.8025060325814675,0.0066074422405411,0.0,0.0,0.0,11,34.744024336629096,34.75063177886964,True,0.9998098612341039,2025-12-01,MESA_OPEN_DATA_2026,https://data.mesaaz.gov/d/5zhe-5nig,dataset 5zhe-5nig; retrieved 2026-08-22,study-derived after declared sensor and completeness QA
2025-12-17,4.737579762935638,0.0,0.0,9.073917711860052,13.366249630293444,0.0,7.57047013359714,0.0064205377517888,0.0,0.0,0.0,11,34.74821723868627,34.75463777643806,True,0.9998152609791796,2025-12-01,MESA_OPEN_DATA_2026,https://data.mesaaz.gov/d/5zhe-5nig,dataset 5zhe-5nig; retrieved 2026-08-22,study-derived after declared sensor and completeness QA
2025-12-18,4.74583775129707,0.0,0.0,7.455493282770945,11.81733525183893,0.0,7.584822952747345,0.0062683725749268,0.0,0.0,0.0,11,31.60348923865429,31.609757611229217,True,0.9998016950129127,2025-12-01,MESA_OPEN_DATA_2026,https://data.mesaaz.gov/d/5zhe-5nig,dataset 5zhe-5nig; retrieved 2026-08-22,study-derived after declared sensor and completeness QA
2025-12-19,4.720533192157745,0.0,0.0,7.225518372899129,11.454431776227898,0.0,7.621614531065707,0.0063937935822953,0.0,0.0,2.527243793838554,11,31.022097872350475,33.55573545977132,True,0.9244946488966596,2025-12-01,MESA_OPEN_DATA_2026,https://data.mesaaz.gov/d/5zhe-5nig,dataset 5zhe-5nig; retrieved 2026-08-22,study-derived after declared sensor and completeness QA
2025-12-20,4.732081810633342,0.0,0.0,7.4314869924296225,12.98678332036746,0.0,7.463693615745808,0.005931453682327,0.0,0.0,6.1235020109348826,11,32.614045739176234,38.74347920379345,True,0.841794449270393,2025-12-01,MESA_OPEN_DATA_2026,https://data.mesaaz.gov/d/5zhe-5nig,dataset 5zhe-5nig; retrieved 2026-08-22,study-derived after declared sensor and completeness QA
2026-01-07,4.7798486550649,0.0,0.0,8.184886598351532,13.825340811342882,0.0,7.889148243403031,0.0059746925641472,0.0,0.0,1.4552132098211183,11,34.67922430816234,36.1404122105476,True,0.9595691412186269,2026-01-01,MESA_OPEN_DATA_2026,https://data.mesaaz.gov/d/5zhe-5nig,dataset 5zhe-5nig; retrieved 2026-08-22,study-derived after declared sensor and completeness QA
2026-01-08,4.770169973373413,0.0,0.4158000111579895,7.9517413504568095,13.52442035891793,0.0,7.582280418860218,0.0059442018003513,0.0,0.0,3.4146075283487636,11,34.244412112766355,37.66496384291547,True,0.9091847865720838,2026-01-01,MESA_OPEN_DATA_2026,https://data.mesaaz.gov/d/5zhe-5nig,dataset 5zhe-5nig; retrieved 2026-08-22,study-derived after declared sensor and completeness QA
2026-01-09,4.807634115219116,0.0,0.4389000117778778,8.014241422894356,13.28170797041246,0.0,7.442438483818113,0.0059474728574665,0.0,0.0,3.308075087600284,11,33.98492200412193,37.29894456457968,True,0.9111496960800103,2026-01-01,MESA_OPEN_DATA_2026,https://data.mesaaz.gov/d/5zhe-5nig,dataset 5zhe-5nig; retrieved 2026-08-22,study-derived after declared sensor and completeness QA
2026-01-10,4.794134080410004,0.0,0.0,8.693852749469656,13.514329792573776,0.0,7.411312277118365,0.0062127664374808,0.0,0.0,3.4419197811848585,11,34.4136288995718,37.861761447194134,True,0.908928364243395,2026-01-01,MESA_OPEN_DATA_2026,https://data.mesaaz.gov/d/5zhe-5nig,dataset 5zhe-5nig; retrieved 2026-08-22,study-derived after declared sensor and completeness QA
2026-01-11,4.846908072630565,0.0,0.0,8.19989508272873,13.45569266420503,0.0,7.313031047582626,0.0059793605275141,0.0,0.0,4.1784880952702625,11,33.81552686714695,37.99999432294472,True,0.8898824189225956,2026-01-01,MESA_OPEN_DATA_2026,https://data.mesaaz.gov/d/5zhe-5nig,dataset 5zhe-5nig; retrieved 2026-08-22,study-derived after declared sensor and completeness QA
2026-01-12,4.778130531311035,0.0,0.0,10.35271570187752,13.911852185772654,0.0,7.548510531584422,0.0059993612812832,0.0,0.0,4.101053998867671,11,36.59120895054563,40.69826231069458,True,0.8990852894702163,2026-01-01,MESA_OPEN_DATA_2026,https://data.mesaaz.gov/d/5zhe-5nig,dataset 5zhe-5nig; retrieved 2026-08-22,study-derived after declared sensor and completeness QA
2026-01-13,4.707576058308283,0.0,0.0,8.260725753649517,14.24926692114936,0.0,7.851833353439967,0.0059768313444456,0.0,0.0,4.143970192141003,11,35.06940208654713,39.21934911003258,True,0.8941862341508399,2026-01-01,MESA_OPEN_DATA_2026,https://data.mesaaz.gov/d/5zhe-5nig,dataset 5zhe-5nig; retrieved 2026-08-22,study-derived after declared sensor and completeness QA
2026-01-14,2.038861791292826,0.0,0.0,7.910780027752487,13.31157742606269,0.0,7.700624883174896,2.502564999546545,0.0,0.0,3.449482520752483,11,30.9618441282829,36.913891648581924,True,0.8387586013156736,2026-01-01,MESA_OPEN_DATA_2026,https://data.mesaaz.gov/d/5zhe-5nig,dataset 5zhe-5nig; retrieved 2026-08-22,study-derived after declared sensor and completeness QA
2026-01-15,0.0801232457160949,0.0,0.0,7.829193072523232,13.500755652213016,0.0,7.505041592054395,4.518432865540187,0.0,0.0,4.15750763118267,11,28.91511356250674,37.59105405922959,True,0.7692019893070096,2026-01-01,MESA_OPEN_DATA_2026,https://data.mesaaz.gov/d/5zhe-5nig,dataset 5zhe-5nig; retrieved 2026-08-22,study-derived after declared sensor and completeness QA
2026-01-16,0.0,0.0,0.0,7.702108565212952,13.417962059607872,0.0,7.645495657137177,4.666401604811351,0.0,0.0,4.041081139445305,11,28.765566281958,37.47304902621465,True,0.767633460032429,2026-01-01,MESA_OPEN_DATA_2026,https://data.mesaaz.gov/d/5zhe-5nig,dataset 5zhe-5nig; retrieved 2026-08-22,study-derived after declared sensor and completeness QA
2026-01-17,3.4723164439201355,0.0,0.0,7.986815368563489,13.046243098365537,0.0,7.620281135042508,1.355165292819341,0.0,0.0,3.297444838726962,11,32.125656045891674,36.77826617743798,True,0.8734956642844546,2026-01-01,MESA_OPEN_DATA_2026,https://data.mesaaz.gov/d/5zhe-5nig,dataset 5zhe-5nig; retrieved 2026-08-22,study-derived after declared sensor and completeness QA
2026-01-18,4.6482982238133745,0.0,0.0,7.959150612490593,13.099345007858709,0.0,7.407239789764087,0.0559937933770318,0.0,0.0,3.537832745578554,11,33.11403363392676,36.70786017288235,True,0.9020965394869161,2026-01-01,MESA_OPEN_DATA_2026,https://data.mesaaz.gov/d/5zhe-5nig,dataset 5zhe-5nig; retrieved 2026-08-22,study-derived after declared sensor and completeness QA
2026-01-19,4.566642264525096,0.0,0.0,7.926351505326176,13.787736967289248,0.0,7.419843719103338,0.0057725223596207,0.0,0.0,4.136584111717013,11,33.70057445624386,37.84293109032049,True,0.8905381661851195,2026-01-01,MESA_OPEN_DATA_2026,https://data.mesaaz.gov/d/5zhe-5nig,dataset 5zhe-5nig; retrieved 2026-08-22,study-derived after declared sensor and completeness QA
2026-01-20,4.535438540246751,0.0,0.0,8.192606172945752,13.764355489942762,0.0,7.528853578812717,0.0058475202919604,0.0,0.0,4.133002674910757,11,34.02125378194798,38.1601039771507,True,0.8915398606439607,2026-01-01,MESA_OPEN_DATA_2026,https://data.mesaaz.gov/d/5zhe-5nig,dataset 5zhe-5nig; retrieved 2026-08-22,study-derived after declared sensor and completeness QA
2026-01-21,4.587166666984558,0.0,0.0,7.736985857992258,14.141725782914596,0.0,7.663593714435895,0.0057923507993109,0.0,0.0,4.153985222180684,11,34.12947202232731,38.28924959530731,True,0.8913591251605564,2026-01-01,MESA_OPEN_DATA_2026,https://data.mesaaz.gov/d/5zhe-5nig,dataset 5zhe-5nig; retrieved 2026-08-22,study-derived after declared sensor and completeness QA
2026-01-22,4.649983326594035,0.0,0.0,10.727505113403057,13.499276402596804,0.0,7.617500448989073,0.0056936745919908,0.0,0.0,3.90217495030827,11,36.49426529158296,40.40213391648322,True,0.9032756875421887,2026-01-01,MESA_OPEN_DATA_2026,https://data.mesaaz.gov/d/5zhe-5nig,dataset 5zhe-5nig; retrieved 2026-08-22,study-derived after declared sensor and completeness QA
2026-01-23,4.627391278743744,0.0,0.0,10.672447911657487,9.892841744389472,0.0,7.519032092289928,0.0056504810539384,0.0,0.0,0.003709027790804,11,32.71171302708063,32.72107253592537,True,0.9997139608173152,2026-01-01,MESA_OPEN_DATA_2026,https://data.mesaaz.gov/d/5zhe-5nig,dataset 5zhe-5nig; retrieved 2026-08-22,study-derived after declared sensor and completeness QA
2026-01-24,4.643396184192642,5.388781332271719e-08,0.0,11.466277790382996,9.12418932775463,0.0,7.33888662250776,0.0056500477147633,0.0,0.0,0.0139922265121168,11,32.57274997872584,32.59239225295272,True,0.9993973356090453,2026-01-01,MESA_OPEN_DATA_2026,https://data.mesaaz.gov/d/5zhe-5nig,dataset 5zhe-5nig; retrieved 2026-08-22,study-derived after declared sensor and completeness QA
2026-01-25,4.6477594176928205,5.388781332271719e-08,0.0,11.461243664569531,9.033986707834098,0.0,7.206378753470843,0.005660084541887,0.0,0.0,9.7222225223e-06,11,32.349368597455104,32.35503840421951,True,0.9998247627867545,2026-01-01,MESA_OPEN_DATA_2026,https://data.mesaaz.gov/d/5zhe-5nig,dataset 5zhe-5nig; retrieved 2026-08-22,study-derived after declared sensor and completeness QA
2026-01-26,4.552294671535492,5.388781332271719e-08,0.0,12.204346009114824,9.562977769401636,0.0,7.625569952619498,0.0056008309863197,0.0,0.0,0.0,11,33.945188456559265,33.95078928754558,True,0.9998350309049112,2026-01-01,MESA_OPEN_DATA_2026,https://data.mesaaz.gov/d/5zhe-5nig,dataset 5zhe-5nig; retrieved 2026-08-22,study-derived after declared sensor and completeness QA
2026-01-27,4.5601834260203225,5.388781332271719e-08,0.0,11.568145303157744,9.784418928922053,0.0,7.876406436165174,0.0056555303473336,0.0,0.0,0.0,11,33.78915414815311,33.79480967850044,True,0.9998326509188501,2026-01-01,MESA_OPEN_DATA_2026,https://data.mesaaz.gov/d/5zhe-5nig,dataset 5zhe-5nig; retrieved 2026-08-22,study-derived after declared sensor and completeness QA
2026-01-28,4.659917275110881,5.388781332271719e-08,0.0,11.364930163442535,9.227332584674542,0.0,7.574210662987598,0.0057166535019253,0.0,0.0,0.01498958299829,11,32.82639074010337,32.84709697660359,True,0.9993696174576716,2026-01-01,MESA_OPEN_DATA_2026,https://data.mesaaz.gov/d/5zhe-5nig,dataset 5zhe-5nig; retrieved 2026-08-22,study-derived after declared sensor and completeness QA
2026-01-29,4.630427459875743,5.388781332271719e-08,0.0,11.749795950546307,8.919398687676136,0.0,7.427511584352834,0.0057728344108909,0.0,0.0,1.04166664338e-05,11,32.727133736338835,32.73291698741616,True,0.9998233200212634,2026-01-01,MESA_OPEN_DATA_2026,https://data.mesaaz.gov/d/5zhe-5nig,dataset 5zhe-5nig; retrieved 2026-08-22,study-derived after declared sensor and completeness QA
2026-01-30,4.610339919726054,5.388781332271719e-08,0.0,11.878914637717385,8.765691181548945,0.0,7.415114626443742,0.0057897829683497,0.0,0.0,0.0,11,32.67006041932394,32.67585020229229,True,0.9998228115586126,2026-01-01,MESA_OPEN_DATA_2026,https://data.mesaaz.gov/d/5zhe-5nig,dataset 5zhe-5nig; retrieved 2026-08-22,study-derived after declared sensor and completeness QA
2026-01-31,4.602063924074173,5.388781332271719e-08,0.0,12.071753843916035,8.9660835425059,0.0,7.377286550899347,0.0057274399053615505,0.0,0.0,0.0,11,33.017187915283266,33.02291535518863,True,0.9998265616513938,2026-01-01,MESA_OPEN_DATA_2026,https://data.mesaaz.gov/d/5zhe-5nig,dataset 5zhe-5nig; retrieved 2026-08-22,study-derived after declared sensor and completeness QA
2026-02-02,4.583543260892232,5.388781332271719e-08,0.0,12.512892636049676,9.40170013639662,0.0,7.69051818668718,0.0057321368949487,0.0,0.0,0.0,11,34.18865427391352,34.19438641080847,True,0.9998323661426153,2026-02-01,MESA_OPEN_DATA_2026,https://data.mesaaz.gov/d/5zhe-5nig,dataset 5zhe-5nig; retrieved 2026-08-22,study-derived after declared sensor and completeness QA
2026-02-03,4.533180932203929,5.388781332271719e-08,0.0,11.057559779140131,9.600810803307429,0.0,7.820577801598443,0.0056902431533671,0.0,0.0,0.0,11,33.01212937013774,33.01781961329111,True,0.9998276614500893,2026-02-01,MESA_OPEN_DATA_2026,https://data.mesaaz.gov/d/5zhe-5nig,dataset 5zhe-5nig; retrieved 2026-08-22,study-derived after declared sensor and completeness QA
2026-02-04,4.627552191416423,5.388781332271719e-08,0.0,12.572999259036337,11.382011530134411,0.0,7.514455710517035,0.0056973296838502,0.0,0.0,1.7248013402852749,11,36.09701874499202,37.82751741496114,True,0.9542529145916223,2026-02-01,MESA_OPEN_DATA_2026,https://data.mesaaz.gov/d/5zhe-5nig,dataset 5zhe-5nig; retrieved 2026-08-22,study-derived after declared sensor and completeness QA
2026-02-05,4.642532090346019,5.388781332271719e-08,0.0,12.33404588737773,9.375766362084285,0.0,7.403211063808865,0.0057376914774067,0.0,0.0,0.0011986110773351,11,33.75555545750471,33.762491760059454,True,0.999794555964529,2026-02-01,MESA_OPEN_DATA_2026,https://data.mesaaz.gov/d/5zhe-5nig,dataset 5zhe-5nig; retrieved 2026-08-22,study-derived after declared sensor and completeness QA
2026-02-06,4.625405033429463,5.388781332271719e-08,0.0,12.391153189552046,9.013811333974202,0.0,7.398041432102521,0.0057360946084372,0.0,0.0,0.0,11,33.428411042946045,33.43414713755448,True,0.9998284360422045,2026-02-01,MESA_OPEN_DATA_2026,https://data.mesaaz.gov/d/5zhe-5nig,dataset 5zhe-5nig; retrieved 2026-08-22,study-derived after declared sensor and completeness QA
2026-02-07,4.641865432262421,5.388781332271719e-08,0.0,12.836070249442171,9.010988543624665,0.0,7.388111119800144,0.0056965302404326,0.0,0.0,0.0,11,33.87703539901721,33.882731929257645,True,0.9998318751199776,2026-02-01,MESA_OPEN_DATA_2026,https://data.mesaaz.gov/d/5zhe-5nig,dataset 5zhe-5nig; retrieved 2026-08-22,study-derived after declared sensor and completeness QA
2026-02-08,4.693270285924275,5.388781332271719e-08,0.0,13.227970721799451,8.761839259510309,0.0,7.336578950171845,0.0056875209168841,0.0,0.0,0.0,11,34.01965927129369,34.02534679221058,True,0.999832844586372,2026-02-01,MESA_OPEN_DATA_2026,https://data.mesaaz.gov/d/5zhe-5nig,dataset 5zhe-5nig; retrieved 2026-08-22,study-derived after declared sensor and completeness QA
2026-02-09,4.6441487073898315,5.388781332271719e-08,0.0,13.295728735740704,9.252417150910915,0.0,7.669255415598552,0.0056260903753961,0.0,0.0,0.0,11,34.861550063527815,34.86717615390321,True,0.9998386422132219,2026-02-01,MESA_OPEN_DATA_2026,https://data.mesaaz.gov/d/5zhe-5nig,dataset 5zhe-5nig; retrieved 2026-08-22,study-derived after declared sensor and completeness QA
2026-02-10,4.617926816145579,5.388781332271719e-08,0.0,12.378406542142756,9.400393732089544,0.0,7.8173775460984976,0.0056188921444118,0.0,0.0,0.0,11,34.21410469036419,34.2197235825086,True,0.9998357996045507,2026-02-01,MESA_OPEN_DATA_2026,https://data.mesaaz.gov/d/5zhe-5nig,dataset 5zhe-5nig; retrieved 2026-08-22,study-derived after declared sensor and completeness QA
2026-02-11,4.716267645359039,5.388781332271719e-08,0.0,12.976738585319652,9.492978212568495,0.0,7.640011119842529,0.005653816605142,0.0,0.0,0.1968631913471553,11,34.82599561697753,35.028512624929824,True,0.9942185096432509,2026-02-01,MESA_OPEN_DATA_2026,https://data.mesaaz.gov/d/5zhe-5nig,dataset 5zhe-5nig; retrieved 2026-08-22,study-derived after declared sensor and completeness QA
2026-02-12,4.768214444319407,5.388781332271719e-08,0.0,12.762663661067382,9.133055273691811,0.0,7.484722026189169,0.0057158322306349,0.0,0.0,0.2389708259453376,11,34.148655459155584,34.39334211733156,True,0.9928856388151743,2026-02-01,MESA_OPEN_DATA_2026,https://data.mesaaz.gov/d/5zhe-5nig,dataset 5zhe-5nig; retrieved 2026-08-22,study-derived after declared sensor and completeness QA
2026-02-13,4.702130496501923,5.388781332271719e-08,0.0,12.81763055754058,8.773000049591065,0.0,7.48992199367947,0.0057615007002217,0.0,0.0,0.0001659722170896,11,33.78268315120085,33.788610624118164,True,0.9998245718658498,2026-02-01,MESA_OPEN_DATA_2026,https://data.mesaaz.gov/d/5zhe-5nig,dataset 5zhe-5nig; retrieved 2026-08-22,study-derived after declared sensor and completeness QA
2026-02-14,4.750173668066661,5.388781332271719e-08,0.0,18.82474343448084,8.846133454640706,0.0,7.391110976537068,0.005650432780385,0.0,0.0,0.0,11,39.81216158761309,39.817812020393475,True,0.9998580928360029,2026-02-01,MESA_OPEN_DATA_2026,https://data.mesaaz.gov/d/5zhe-5nig,dataset 5zhe-5nig; retrieved 2026-08-22,study-derived after declared sensor and completeness QA
2026-02-15,4.757454554239909,5.388781332271719e-08,0.0,20.903066275838626,8.900398352684086,0.0,7.257492037224289,0.0056672052014619,0.0,0.0,0.0,11,41.81841127387472,41.824078479076185,True,0.999864498982224,2026-02-01,MESA_OPEN_DATA_2026,https://data.mesaaz.gov/d/5zhe-5nig,dataset 5zhe-5nig; retrieved 2026-08-22,study-derived after declared sensor and completeness QA
2026-02-16,4.660375952720642,5.388781332271719e-08,0.0,19.665995496700138,9.42906708187527,0.0,7.610022068023682,0.0057004637589367,0.0,0.0,0.0029979166927255,11,41.36546065320755,41.37415903365921,True,0.9997897629666723,2026-02-01,MESA_OPEN_DATA_2026,https://data.mesaaz.gov/d/5zhe-5nig,dataset 5zhe-5nig; retrieved 2026-08-22,study-derived after declared sensor and completeness QA
2026-02-17,4.619328634937604,5.388781332271719e-08,0.0,21.94273532476094,9.32805113202176,0.0,7.668426830790124,0.0057397004722453,0.0,0.0,0.0989333327972821,11,43.558541976398246,43.66321500966777,True,0.9976027181405137,2026-02-01,MESA_OPEN_DATA_2026,https://data.mesaaz.gov/d/5zhe-5nig,dataset 5zhe-5nig; retrieved 2026-08-22,study-derived after declared sensor and completeness QA
2026-02-18,4.717637817064921,5.388781332271719e-08,0.0,19.056082201475487,9.446655506557889,0.0,7.888533131281535,0.0058277362647155,0.0,0.0,0.003066666692353,11,41.10890871026764,41.11780311322471,True,0.9997836848692384,2026-02-01,MESA_OPEN_DATA_2026,https://data.mesaaz.gov/d/5zhe-5nig,dataset 5zhe-5nig; retrieved 2026-08-22,study-derived after declared sensor and completeness QA
2026-02-19,4.842983245849609,1.254962695776925e-07,0.0,19.462588805974356,9.861355728573267,0.0,7.573566834131877,0.0058602138111988,0.0,0.0,2.0833333514e-06,11,41.740494740025376,41.74635703716992,True,0.9998595734439936,2026-02-01,MESA_OPEN_DATA_2026,https://data.mesaaz.gov/d/5zhe-5nig,dataset 5zhe-5nig; retrieved 2026-08-22,study-derived after declared sensor and completeness QA
2026-02-20,4.456141988436381,2.321578307373784e-07,0.0,19.713314581612742,9.665410023827793,0.0,7.570000171661377,0.2926257240857619,0.0,0.0,0.0129909724902568,11,41.404866997696125,41.71048369427214,True,0.9926729045192544,2026-02-01,MESA_OPEN_DATA_2026,https://data.mesaaz.gov/d/5zhe-5nig,dataset 5zhe-5nig; retrieved 2026-08-22,study-derived after declared sensor and completeness QA
2026-02-21,4.7980322043101,2.321578307373784e-07,0.0,19.75860599215013,9.286256577049553,0.0,7.5274777306450735,0.01830243957617,0.0,0.0,7.7739198955e-06,11,41.37037273631269,41.388682949808754,True,0.9995576033787239,2026-02-01,MESA_OPEN_DATA_2026,https://data.mesaaz.gov/d/5zhe-5nig,dataset 5zhe-5nig; retrieved 2026-08-22,study-derived after declared sensor and completeness QA
2026-02-22,4.788733859856923,2.321578307373784e-07,0.0,20.366825510881565,8.990291947932755,0.0,7.45184524196813,0.0059158878672557,0.0,0.0,0.0,11,41.5976967927972,41.603612680664455,True,0.9998578035058479,2026-02-01,MESA_OPEN_DATA_2026,https://data.mesaaz.gov/d/5zhe-5nig,dataset 5zhe-5nig; retrieved 2026-08-22,study-derived after declared sensor and completeness QA
2026-02-23,4.696823914845784,2.321578307373784e-07,0.0,21.13862809136999,9.244110859764946,0.0,7.794144307242499,0.0058682653664921,0.0,0.0,0.0,11,42.87370740538105,42.87957567074754,True,0.9998631454422134,2026-02-01,MESA_OPEN_DATA_2026,https://data.mesaaz.gov/d/5zhe-5nig,dataset 5zhe-5nig; retrieved 2026-08-22,study-derived after declared sensor and completeness QA
2026-02-24,4.658418956564533,2.321578307373784e-07,0.0,19.732355413359624,9.543652648872577,0.0,8.053131098213752,0.0058468529784241,0.0,0.0,0.0,11,41.98755834916832,41.99340520214674,True,0.9998607673526289,2026-02-01,MESA_OPEN_DATA_2026,https://data.mesaaz.gov/d/5zhe-5nig,dataset 5zhe-5nig; retrieved 2026-08-22,study-derived after declared sensor and completeness QA
2026-02-25,4.738681515057881,2.321578307373784e-07,0.0,20.175169256059107,10.205569331117257,0.0,7.626825785620333,0.0058490959539388,0.0,0.0,0.0,11,42.74624612001241,42.75209521596635,True,0.9998631857474027,2026-02-01,MESA_OPEN_DATA_2026,https://data.mesaaz.gov/d/5zhe-5nig,dataset 5zhe-5nig; retrieved 2026-08-22,study-derived after declared sensor and completeness QA
2026-02-26,4.768133481343587,2.321578307373784e-07,0.0,19.91889506249887,9.691937903283348,0.0,7.556734075473364,0.0058211202461582,0.0,0.0,0.0,11,41.935700754757,41.94152187500316,True,0.9998612086546714,2026-02-01,MESA_OPEN_DATA_2026,https://data.mesaaz.gov/d/5zhe-5nig,dataset 5zhe-5nig; retrieved 2026-08-22,study-derived after declared sensor and completeness QA
2026-02-27,4.609184602896373,2.321578307373784e-07,0.0,20.481957329934875,9.51592172590714,0.0,7.545122385190708,0.0058182888897135,0.0,0.0,0.3157805700889892,11,42.15218627608693,42.47378513506563,True,0.9924282976439226,2026-02-01,MESA_OPEN_DATA_2026,https://data.mesaaz.gov/d/5zhe-5nig,dataset 5zhe-5nig; retrieved 2026-08-22,study-derived after declared sensor and completeness QA
2026-02-28,4.462526837984721,2.321578307373784e-07,0.0,19.776038292595203,9.315395038989207,0.0,7.551355976611433,0.0057164697694436495,0.0,0.0,0.02660972191434765,11,41.105316378338394,41.13764257002219,True,0.9992141943566949,2026-02-01,MESA_OPEN_DATA_2026,https://data.mesaaz.gov/d/5zhe-5nig,dataset 5zhe-5nig; retrieved 2026-08-22,study-derived after declared sensor and completeness QA
2026-03-02,4.430577437082927,2.321578307373784e-07,0.0,21.14146718417053,9.50528528970047,0.0,7.713388967514038,0.005705233857346,0.0,0.0,0.0,11,42.790719110625794,42.79642434448314,True,0.9998666890062725,2026-03-01,MESA_OPEN_DATA_2026,https://data.mesaaz.gov/d/5zhe-5nig,dataset 5zhe-5nig; retrieved 2026-08-22,study-derived after declared sensor and completeness QA
2026-03-03,4.389521476019312,2.321578307373784e-07,0.0,21.237282526036143,9.786849128467413,0.0,8.066063632395137,0.0057267624061852,0.0,0.0,0.02997916599658,11,43.47971699507583,43.515422923478596,True,0.9991794649803691,2026-03-01,MESA_OPEN_DATA_2026,https://data.mesaaz.gov/d/5zhe-5nig,dataset 5zhe-5nig; retrieved 2026-08-22,study-derived after declared sensor and completeness QA
2026-03-04,4.439220468203227,2.321578307373784e-07,0.0,20.41177910607071,12.3403050193203,0.0,7.700155650244819,0.0057515207639274,0.0,0.0,3.1548285370265754,11,44.89146047599689,48.05204053378739,True,0.9342258929551979,2026-03-01,MESA_OPEN_DATA_2026,https://data.mesaaz.gov/d/5zhe-5nig,dataset 5zhe-5nig; retrieved 2026-08-22,study-derived after declared sensor and completeness QA
2026-03-05,5.510757664839427,2.321578307373784e-07,0.0,18.129473903046726,13.59518405255501,0.0,7.430977752473619,0.0057259671351251,0.0,0.0,4.026395783821742,11,44.666393605072614,48.69851535602948,True,0.9172023680500633,2026-03-01,MESA_OPEN_DATA_2026,https://data.mesaaz.gov/d/5zhe-5nig,dataset 5zhe-5nig; retrieved 2026-08-22,study-derived after declared sensor and completeness QA
2026-03-06,5.915794670581818,2.321578307373784e-07,0.0,20.511058067042654,13.711843133801713,0.0,7.507111008961996,0.0057043036213144,0.0,0.0,3.9030862273441422,11,47.64580711254601,51.554597643511464,True,0.9241815335657575,2026-03-01,MESA_OPEN_DATA_2026,https://data.mesaaz.gov/d/5zhe-5nig,dataset 5zhe-5nig; retrieved 2026-08-22,study-derived after declared sensor and completeness QA
2026-03-07,6.357694963614146,2.321578307373784e-07,0.0,19.930117876569877,13.669489247742549,0.0,6.335177803039551,0.0057277344361258,0.0,0.0,4.08387441618575,11,46.29248012312395,50.38208227374583,True,0.9188282427788227,2026-03-01,MESA_OPEN_DATA_2026,https://data.mesaaz.gov/d/5zhe-5nig,dataset 5zhe-5nig; retrieved 2026-08-22,study-derived after declared sensor and completeness QA
2026-03-08,7.010797878106435,2.321578307373784e-07,0.0,21.021665376087423,13.65713292227851,0.0,5.4072776158650715,0.005763542993615,0.0,0.0,4.215908413463168,11,47.096874024495264,51.318545980952045,True,0.9177359397901932,2026-03-01,MESA_OPEN_DATA_2026,https://data.mesaaz.gov/d/5zhe-5nig,dataset 5zhe-5nig; retrieved 2026-08-22,study-derived after declared sensor and completeness QA
2026-03-09,6.835085491339366,2.321578307373784e-07,0.0,19.31952088272406,13.965099859237672,0.0,5.565111022525364,0.0057148631894961,0.0,0.0,4.2479779226912395,11,45.6848174879843,49.938510273865035,True,0.9148213920969349,2026-03-01,MESA_OPEN_DATA_2026,https://data.mesaaz.gov/d/5zhe-5nig,dataset 5zhe-5nig; retrieved 2026-08-22,study-derived after declared sensor and completeness QA
2026-03-10,3.762324826088217,2.321578307373784e-07,0.0,14.102811623922271,14.164517923317913,0.0,5.68764079580068,2.8334438773066117,0.0,0.0,4.234009928173489,11,37.71729540128691,44.78474920676702,True,0.8421906133078846,2026-03-01,MESA_OPEN_DATA_2026,https://data.mesaaz.gov/d/5zhe-5nig,dataset 5zhe-5nig; retrieved 2026-08-22,study-derived after declared sensor and completeness QA
2026-03-11,0.1512289941310882,2.321578307373784e-07,0.0,16.452743230560422,13.947786307235145,0.0,5.605949843645939,6.586493104696274,0.0,0.0,4.296956181526184,11,36.15770860773043,47.041157893952885,True,0.7686398512817747,2026-03-01,MESA_OPEN_DATA_2026,https://data.mesaaz.gov/d/5zhe-5nig,dataset 5zhe-5nig; retrieved 2026-08-22,study-derived after declared sensor and completeness QA
2026-03-12,0.0,2.321578307373784e-07,0.0,21.92916002423537,14.05854471423958,0.0,5.557533862609015,6.944558839003245,0.0,0.0,4.272017197145356,11,41.54523883324179,52.76181486939039,True,0.7874111028228511,2026-03-01,MESA_OPEN_DATA_2026,https://data.mesaaz.gov/d/5zhe-5nig,dataset 5zhe-5nig; retrieved 2026-08-22,study-derived after declared sensor and completeness QA
2026-03-13,0.0,2.321578307373784e-07,0.273743055595292,23.243570473050628,11.108676573809456,0.0,5.144642876019143,7.183736542860667,0.0,0.0,0.9523069324178828,11,39.77063321063235,47.906676685910895,True,0.830168902580727,2026-03-01,MESA_OPEN_DATA_2026,https://data.mesaaz.gov/d/5zhe-5nig,dataset 5zhe-5nig; retrieved 2026-08-22,study-derived after declared sensor and completeness QA
2026-03-14,3.2630317509174347,2.321578307373784e-07,0.5,19.609275155925165,9.753745230670754,0.0,4.990678787562812,3.999892354011536,0.0,0.0,0.0006597222139437,11,38.116731157234,42.11728323345948,True,0.9050140044871816,2026-03-01,MESA_OPEN_DATA_2026,https://data.mesaaz.gov/d/5zhe-5nig,dataset 5zhe-5nig; retrieved 2026-08-22,study-derived after declared sensor and completeness QA
2026-03-15,7.208132515350978,2.321578307373784e-07,0.2850694444444444,15.407497784073326,9.726137340068815,0.0,4.960322258207533,0.1664298212078089,0.0,0.0,0.0,11,37.58715957430293,37.75358939551074,True,0.9955916821718785,2026-03-01,MESA_OPEN_DATA_2026,https://data.mesaaz.gov/d/5zhe-5nig,dataset 5zhe-5nig; retrieved 2026-08-22,study-derived after declared sensor and completeness QA
2026-03-16,7.310217499732971,2.321578307373784e-07,0.0,13.240270270117756,10.276037490367887,0.0,5.0203221321105955,0.0057732937663483,0.0,0.0,0.0,11,35.84684762448704,35.852620918253386,True,0.9998389715000332,2026-03-01,MESA_OPEN_DATA_2026,https://data.mesaaz.gov/d/5zhe-5nig,dataset 5zhe-5nig; retrieved 2026-08-22,study-derived after declared sensor and completeness QA
2026-03-17,7.268324688242542,2.321578307373784e-07,0.0,17.976247415187665,10.293862175941468,0.0,5.104066684510973,0.0056816862646546,0.0,0.0,0.0,11,40.642501196040485,40.648182882305136,True,0.9998602228719276,2026-03-01,MESA_OPEN_DATA_2026,https://data.mesaaz.gov/d/5zhe-5nig,dataset 5zhe-5nig; retrieved 2026-08-22,study-derived after declared sensor and completeness QA
2026-03-18,7.389338721016973,0.0014722095909857,0.0,20.829692114001027,9.92862478494644,0.0,5.1732331222958035,0.0057170471196771,0.0,0.0,0.0,11,43.32236095185123,43.328077998970905,True,0.9998680521411587,2026-03-01,MESA_OPEN_DATA_2026,https://data.mesaaz.gov/d/5zhe-5nig,dataset 5zhe-5nig; retrieved 2026-08-22,study-derived after declared sensor and completeness QA
2026-03-19,7.588998973369598,0.0120710060000419,0.0,14.04979535425325,9.47370833183363,0.0,5.108733644412573,0.0288561222065861,0.0,0.0,0.1309090250378681,11,36.23330730986909,36.39307245711354,True,0.995610012113357,2026-03-01,MESA_OPEN_DATA_2026,https://data.mesaaz.gov/d/5zhe-5nig,dataset 5zhe-5nig; retrieved 2026-08-22,study-derived after declared sensor and completeness QA
2026-03-20,0.9724058682719866,0.0120710060000419,0.0,14.452850002328676,13.403187572956083,0.0,5.184144385655721,6.367154307197779,0.0,0.0,3.8883889212893945,11,34.024658835212506,44.28020206369968,True,0.7683943895799307,2026-03-01,MESA_OPEN_DATA_2026,https://data.mesaaz.gov/d/5zhe-5nig,dataset 5zhe-5nig; retrieved 2026-08-22,study-derived after declared sensor and completeness QA
2026-03-21,1.1516940767566364,0.0120710060000419,0.0,16.324247654933068,12.470437681674955,0.0,5.159288809034559,6.336344540119171,0.0,0.0,1.8973854443265332,11,35.11773922839926,43.35146921284496,True,0.8100703359320965,2026-03-01,MESA_OPEN_DATA_2026,https://data.mesaaz.gov/d/5zhe-5nig,dataset 5zhe-5nig; retrieved 2026-08-22,study-derived after declared sensor and completeness QA
2026-03-22,2.0611107796430588,0.0120710060000419,0.0966666681071122,20.57771921298363,9.921112442016602,0.0,5.094722085528904,5.578412155310313,0.0,0.0,0.0013166666858726,11,37.76340219427935,43.343131016275535,True,0.8712661339601661,2026-03-01,MESA_OPEN_DATA_2026,https://data.mesaaz.gov/d/5zhe-5nig,dataset 5zhe-5nig; retrieved 2026-08-22,study-derived after declared sensor and completeness QA
2026-03-23,7.362411201000214,0.0120710060000419,0.102222223745452,21.988881794365177,10.666162145137786,0.0,5.189922205607096,0.2366549649159424,0.0,0.0,0.5995833571586344,11,45.32167057585577,46.15790889793035,True,0.9818830977823592,2026-03-01,MESA_OPEN_DATA_2026,https://data.mesaaz.gov/d/5zhe-5nig,dataset 5zhe-5nig; retrieved 2026-08-22,study-derived after declared sensor and completeness QA
2026-03-24,7.533094300495254,0.0120710060000419,0.0,23.046520835516148,11.540062141418456,0.0,5.398666689130995,0.0057613033568486,0.0,0.0,0.1782930586694015,11,47.5304149725609,47.71446933458715,True,0.9961425880955395,2026-03-01,MESA_OPEN_DATA_2026,https://data.mesaaz.gov/d/5zhe-5nig,dataset 5zhe-5nig; retrieved 2026-08-22,study-derived after declared sensor and completeness QA
2026-03-25,7.73604949315389,0.0120710060000419,0.0,21.799487087660367,10.259372765563626,0.0,5.282333469390869,0.0057158985291607,0.0,0.0,0.0001236111132635,11,45.08931382176879,45.09515333141122,True,0.9998705069345366,2026-03-01,MESA_OPEN_DATA_2026,https://data.mesaaz.gov/d/5zhe-5nig,dataset 5zhe-5nig; retrieved 2026-08-22,study-derived after declared sensor and completeness QA
2026-03-26,7.9879449009895325,0.0120710060000419,0.0,23.367620944758997,9.639648092638634,0.0,5.1761779679192435,0.0057310842870113,0.0,0.0,0.0,11,46.18346291230645,46.18919399659347,True,0.9998759215350794,2026-03-01,MESA_OPEN_DATA_2026,https://data.mesaaz.gov/d/5zhe-5nig,dataset 5zhe-5nig; retrieved 2026-08-22,study-derived after declared sensor and completeness QA
2026-03-27,8.067261258761087,0.0120710060000419,0.0,22.92006827450271,9.616201571484543,0.7010028499432586,5.140391478505168,0.005778023332823,0.0,0.0,0.0,11,46.45699643919681,46.46277446252963,True,0.9998756418789092,2026-03-01,MESA_OPEN_DATA_2026,https://data.mesaaz.gov/d/5zhe-5nig,dataset 5zhe-5nig; retrieved 2026-08-22,study-derived after declared sensor and completeness QA
2026-03-28,8.058132608731588,0.0120710060000419,0.0,20.622904905210905,9.512312185764312,1.0200998152896856,5.398100021150377,0.0057878641916128,0.0,0.0,0.0,11,44.6236205421469,44.62940840633851,True,0.9998703127736107,2026-03-01,MESA_OPEN_DATA_2026,https://data.mesaaz.gov/d/5zhe-5nig,dataset 5zhe-5nig; retrieved 2026-08-22,study-derived after declared sensor and completeness QA
2026-03-29,7.897110939025879,0.0120710060000419,0.0,20.5803277905363,9.524824619293211,0.7288912400999903,5.633389043807983,0.0057726994661303,0.0,0.0,0.00099930560302,11,44.3766146387634,44.383386643832544,True,0.9998474202718353,2026-03-01,MESA_OPEN_DATA_2026,https://data.mesaaz.gov/d/5zhe-5nig,dataset 5zhe-5nig; retrieved 2026-08-22,study-derived after declared sensor and completeness QA
2026-03-30,7.686768929163615,0.0120710060000419,0.0,21.230248623208865,9.851862442493438,1.1690000295639038,5.72499983575609,0.0057821861895111,0.0,0.0,6.944444774287856e-07,11,45.67495086618595,45.680733746819946,True,0.9998734065729757,2026-03-01,MESA_OPEN_DATA_2026,https://data.mesaaz.gov/d/5zhe-5nig,dataset 5zhe-5nig; retrieved 2026-08-22,study-derived after declared sensor and completeness QA
2026-03-31,7.7754770476372865,0.00603550300002095,0.0,18.46047911450715,9.966390430027264,1.180999994277954,5.976083159049814,0.00571098710438125,0.0,0.0,0.0,11,43.3654652484995,43.371176235603876,True,0.9998683229831408,2026-03-01,MESA_OPEN_DATA_2026,https://data.mesaaz.gov/d/5zhe-5nig,dataset 5zhe-5nig; retrieved 2026-08-22,study-derived after declared sensor and completeness QA
2026-04-02,7.959451874097188,0.0,0.0,19.716665340581415,9.62647619450346,0.8980000019073486,5.710046340725006,0.0056703603671242,0.0,0.0,0.2498263888888889,11,43.91063975181442,44.16613650107044,True,0.9942150985008655,2026-04-01,MESA_OPEN_DATA_2026,https://data.mesaaz.gov/d/5zhe-5nig,dataset 5zhe-5nig; retrieved 2026-08-22,study-derived after declared sensor and completeness QA
2026-04-03,7.982168753941853,0.0,0.0,19.42989298338691,9.964576782324375,0.9819999933242798,5.7584216447237715,0.0057365085425165,0.0,0.0,0.0001736111111111,11,44.11706015770119,44.12297027735482,True,0.999866053449791,2026-04-01,MESA_OPEN_DATA_2026,https://data.mesaaz.gov/d/5zhe-5nig,dataset 5zhe-5nig; retrieved 2026-08-22,study-derived after declared sensor and completeness QA
2026-04-04,7.968868056933085,0.0,0.0,20.488913102674264,9.516549218491155,0.8130000233650208,5.606711128022936,0.005810757788519,0.0,0.0,0.0,11,44.394041529486465,44.39985228727498,True,0.9998691266414375,2026-04-01,MESA_OPEN_DATA_2026,https://data.mesaaz.gov/d/5zhe-5nig,dataset 5zhe-5nig; retrieved 2026-08-22,study-derived after declared sensor and completeness QA
2026-04-05,7.822591841220856,0.0,0.0,21.13728987164519,9.589001551103056,0.7620000243186951,5.64455522804976,0.0058324634834813,0.0,0.0,0.0,11,44.95543851633756,44.96127097982104,True,0.9998702780558384,2026-04-01,MESA_OPEN_DATA_2026,https://data.mesaaz.gov/d/5zhe-5nig,dataset 5zhe-5nig; retrieved 2026-08-22,study-derived after declared sensor and completeness QA
2026-04-06,7.741982261339824,0.0,0.0,21.99299324572362,9.859558742587303,1.1119999885559082,5.631155813187982,0.0058605731270896,0.0,0.0,0.0,11,46.33769005139464,46.343550624521725,True,0.9998735406966426,2026-04-01,MESA_OPEN_DATA_2026,https://data.mesaaz.gov/d/5zhe-5nig,dataset 5zhe-5nig; retrieved 2026-08-22,study-derived after declared sensor and completeness QA
2026-04-07,7.722606758276622,0.0,0.0,18.252134437312684,9.596389527101396,0.9100000262260436,5.757487665869611,0.0058691586406591,0.0,0.0,0.0,11,42.23861841478636,42.244487573427016,True,0.9998610668757562,2026-04-01,MESA_OPEN_DATA_2026,https://data.mesaaz.gov/d/5zhe-5nig,dataset 5zhe-5nig; retrieved 2026-08-22,study-derived after declared sensor and completeness QA
2026-04-08,6.429279903570811,0.0,0.0,18.201957951750423,9.376913472050044,0.9200000166893004,5.715489377571196,1.4738403100248736,0.0,0.0,0.0,11,40.643640721631776,42.11748103165665,True,0.9650064468737554,2026-04-01,MESA_OPEN_DATA_2026,https://data.mesaaz.gov/d/5zhe-5nig,dataset 5zhe-5nig; retrieved 2026-08-22,study-derived after declared sensor and completeness QA
2026-04-09,7.5747882246019005,0.0,0.0,18.921234434977308,10.053352221430346,0.7649999856948853,5.619148360653508,0.3622893725180877,0.0,0.0,0.5556138831708166,11,42.93352322735795,43.85142648304685,True,0.97906788149654,2026-04-01,MESA_OPEN_DATA_2026,https://data.mesaaz.gov/d/5zhe-5nig,dataset 5zhe-5nig; retrieved 2026-08-22,study-derived after declared sensor and completeness QA
2026-04-10,8.468547423680624,0.0,0.0,16.913746856247567,9.42804743254085,0.5386522864473278,5.679310941696167,0.0185447213783239,0.0,0.0,0.0003861111071374,11,41.028304940612536,41.047235773098,True,0.9995388037189614,2026-04-01,MESA_OPEN_DATA_2026,https://data.mesaaz.gov/d/5zhe-5nig,dataset 5zhe-5nig; retrieved 2026-08-22,study-derived after declared sensor and completeness QA
2026-04-11,7.050103425979614,0.0,0.0,18.36515687074012,10.212962079048156,0.7942678228742377,5.623673057887289,0.8288880506297573,0.0,0.0,0.2998206137645023,11,42.04616325652942,43.17487192092368,True,0.973857278222816,2026-04-01,MESA_OPEN_DATA_2026,https://data.mesaaz.gov/d/5zhe-5nig,dataset 5zhe-5nig; retrieved 2026-08-22,study-derived after declared sensor and completeness QA
2026-04-12,7.9472039341926575,0.0,0.0,18.742135155032976,9.217724919319153,0.7860258198126242,5.584460527698199,0.0419862708658911,0.0,0.0,0.0002083333416117,11,42.277550356055606,42.31974496026311,True,0.9990029570299367,2026-04-01,MESA_OPEN_DATA_2026,https://data.mesaaz.gov/d/5zhe-5nig,dataset 5zhe-5nig; retrieved 2026-08-22,study-derived after declared sensor and completeness QA
2026-04-13,7.777761042118072,0.0,0.0,19.282564588510866,9.714540749498136,1.1918295781274737,5.799426435430845,0.0058106994062351,0.0,0.0,0.0,11,43.76612239368539,43.771933093091626,True,0.9998672505645598,2026-04-01,MESA_OPEN_DATA_2026,https://data.mesaaz.gov/d/5zhe-5nig,dataset 5zhe-5nig; retrieved 2026-08-22,study-derived after declared sensor and completeness QA
2026-04-14,7.728591005007426,0.0,0.0,18.41478715042825,10.147569708318018,1.1969885979379926,5.950228076083864,0.0057942010462284,0.0,0.0,0.0,11,43.43816453777555,43.44395873882178,True,0.99986662815235,2026-04-01,MESA_OPEN_DATA_2026,https://data.mesaaz.gov/d/5zhe-5nig,dataset 5zhe-5nig; retrieved 2026-08-22,study-derived after declared sensor and completeness QA
2026-04-15,8.000420530637106,0.0,0.0,17.816316105924024,9.79164896368055,0.7383068068460985,5.686177989689321,0.0058234911412,0.0,0.0,0.0,11,42.0328703967771,42.0386938879183,True,0.9998614730715296,2026-04-01,MESA_OPEN_DATA_2026,https://data.mesaaz.gov/d/5zhe-5nig,dataset 5zhe-5nig; retrieved 2026-08-22,study-derived after declared sensor and completeness QA
2026-04-16,7.389133917687759,1.2014062633625144e-08,0.0,18.25265235894256,9.47007435770398,0.723039593942769,5.659283452103583,0.61359703935639,0.0,0.0,0.0,11,41.494183692394714,42.107780731751106,True,0.9854279416133248,2026-04-01,MESA_OPEN_DATA_2026,https://data.mesaaz.gov/d/5zhe-5nig,dataset 5zhe-5nig; retrieved 2026-08-22,study-derived after declared sensor and completeness QA
2026-04-17,7.937108516693115,1.2014062633625144e-08,0.0,18.10700415657404,9.47686176700192,0.9144545668228106,5.667893448661277,0.0062381383031606,0.0,0.0,0.0,11,42.10332246776722,42.10956060607038,True,0.9998518593351872,2026-04-01,MESA_OPEN_DATA_2026,https://data.mesaaz.gov/d/5zhe-5nig,dataset 5zhe-5nig; retrieved 2026-08-22,study-derived after declared sensor and completeness QA
2026-04-18,7.89638618628184,1.2014062633625144e-08,0.0,18.674822271300688,9.30593286546249,0.6647160946897706,5.628445159750177,0.0059239226199376,0.0,0.0,0.0,11,42.17030258949903,42.176226512118966,True,0.9998595435602037,2026-04-01,MESA_OPEN_DATA_2026,https://data.mesaaz.gov/d/5zhe-5nig,dataset 5zhe-5nig; retrieved 2026-08-22,study-derived after declared sensor and completeness QA
2026-04-19,7.957771956920624,1.2014062633625144e-08,0.0,18.687834986006777,9.130203314716196,0.7298138412333005,5.648751729050692,0.00603888577704,0.0,0.0,0.0,11,42.15437583994166,42.160414725718695,True,0.9998567640803269,2026-04-01,MESA_OPEN_DATA_2026,https://data.mesaaz.gov/d/5zhe-5nig,dataset 5zhe-5nig; retrieved 2026-08-22,study-derived after declared sensor and completeness QA
2026-04-20,7.7529338002204895,1.2014062633625144e-08,0.0,19.519902010050373,9.543715273486022,1.0580699799338835,5.781413643473038,0.005818534681263,0.0,0.0,0.0,11,43.65603471917787,43.66185325385913,True,0.9998667364244154,2026-04-01,MESA_OPEN_DATA_2026,https://data.mesaaz.gov/d/5zhe-5nig,dataset 5zhe-5nig; retrieved 2026-08-22,study-derived after declared sensor and completeness QA
2026-04-21,7.639360308647156,1.2014062633625144e-08,0.0,17.130727732501647,9.577635921415736,1.0779455668171318,5.9677852331989945,0.0058383493257376,0.0,0.0,0.0,11,41.39345477459473,41.399293123920465,True,0.9998589746615175,2026-04-01,MESA_OPEN_DATA_2026,https://data.mesaaz.gov/d/5zhe-5nig,dataset 5zhe-5nig; retrieved 2026-08-22,study-derived after declared sensor and completeness QA
2026-04-22,7.934604685669282,1.2014062633625144e-08,0.0,16.10122244741963,12.052630689631656,0.9185697832847932,5.727892264392641,0.0058049966701242,0.0,0.0,3.0278958047429723,11,42.734919882412065,45.76862068382516,True,0.9337165779504205,2026-04-01,MESA_OPEN_DATA_2026,https://data.mesaaz.gov/d/5zhe-5nig,dataset 5zhe-5nig; retrieved 2026-08-22,study-derived after declared sensor and completeness QA
2026-04-23,7.871562567624179,1.2014062633625144e-08,0.0,16.505680732386686,12.801312817467585,0.7004698156539736,5.6489268190124555,0.0059744768395003,0.0,0.0,3.7155236911442544,11,43.52795276415894,47.24945093214269,True,0.921237218749306,2026-04-01,MESA_OPEN_DATA_2026,https://data.mesaaz.gov/d/5zhe-5nig,dataset 5zhe-5nig; retrieved 2026-08-22,study-derived after declared sensor and completeness QA
2026-04-24,7.908918639024098,1.2014062633625144e-08,0.0,20.265565395296328,13.211635610821848,0.7249103536992367,5.59266111585829,0.0061086275381967,0.0,0.0,4.030781387289365,11,47.70369112671386,51.740581141541426,True,0.9219782629850203,2026-04-01,MESA_OPEN_DATA_2026,https://data.mesaaz.gov/d/5zhe-5nig,dataset 5zhe-5nig; retrieved 2026-08-22,study-derived after declared sensor and completeness QA
2026-04-25,7.910323321819305,1.2014062633625144e-08,0.0,19.44881337162521,10.489775978216604,0.6403014042698745,5.544566813773579,0.0060891794855706,0.0,0.0,0.9158639215898736,11,44.033780901718636,44.95573400279408,True,0.9794919797991032,2026-04-01,MESA_OPEN_DATA_2026,https://data.mesaaz.gov/d/5zhe-5nig,dataset 5zhe-5nig; retrieved 2026-08-22,study-derived after declared sensor and completeness QA
2026-04-26,7.990458369255066,1.2014062633625144e-08,0.0,19.63326950199626,8.970984805531863,0.6360142226317669,5.4975554633256545,0.0058947777724824,0.0,0.0,0.0006347222046719,11,42.72828237475467,42.734811874731825,True,0.9998472088751369,2026-04-01,MESA_OPEN_DATA_2026,https://data.mesaaz.gov/d/5zhe-5nig,dataset 5zhe-5nig; retrieved 2026-08-22,study-derived after declared sensor and completeness QA
2026-04-27,7.723572969436645,1.2014062633625144e-08,0.0,20.323824877628574,9.210873180336051,1.0315921908997474,5.664120810325151,0.0059127831288302,0.0,0.0,0.0,11,43.95398404064023,43.95989682376906,True,0.9998654959734657,2026-04-01,MESA_OPEN_DATA_2026,https://data.mesaaz.gov/d/5zhe-5nig,dataset 5zhe-5nig; retrieved 2026-08-22,study-derived after declared sensor and completeness QA
2026-04-28,7.677427465265447,1.2014062633625144e-08,0.0,19.893377082993588,9.421197819575834,1.0848866659541463,5.788533015971227,0.0058825785209509,0.0,0.0,0.0,11,43.8654220617743,43.87130464029525,True,0.9998659128428209,2026-04-01,MESA_OPEN_DATA_2026,https://data.mesaaz.gov/d/5zhe-5nig,dataset 5zhe-5nig; retrieved 2026-08-22,study-derived after declared sensor and completeness QA
2026-04-29,7.987303733825684,1.2014062633625144e-08,0.0,19.691613137230828,9.195135516089362,1.0142576778402177,5.795927816473332,0.0058816545060835,0.0,0.0,0.0,11,43.68423789347349,43.69011954797957,True,0.9998653779260177,2026-04-01,MESA_OPEN_DATA_2026,https://data.mesaaz.gov/d/5zhe-5nig,dataset 5zhe-5nig; retrieved 2026-08-22,study-derived after declared sensor and completeness QA
2026-04-30,7.916191389163336,1.2014062633625144e-08,0.0,19.158608182163917,8.98321169123596,0.642250748863755,5.549884474908131,0.0059035483282059,0.0,0.0,0.0,11,42.25014649834916,42.256050046677366,True,0.9998602910513007,2026-04-01,MESA_OPEN_DATA_2026,https://data.mesaaz.gov/d/5zhe-5nig,dataset 5zhe-5nig; retrieved 2026-08-22,study-derived after declared sensor and completeness QA
2026-05-02,7.91830313205719,1.2014062633625144e-08,0.0,18.22249500410799,9.02493611472378,0.6497907410624395,5.449371502235774,0.0059179224190302,0.0,0.0,0.0,11,41.26489650620124,41.27081442862027,True,0.9998566075687877,2026-05-01,MESA_OPEN_DATA_2026,https://data.mesaaz.gov/d/5zhe-5nig,dataset 5zhe-5nig; retrieved 2026-08-22,study-derived after declared sensor and completeness QA
2026-05-03,7.962730288505554,1.2014062633625144e-08,0.0,18.20785276731821,9.011184400982328,0.7536221010133971,5.427247961362203,0.0059035950107499,0.0,0.0,0.0,11,41.36263753119576,41.36854112620651,True,0.9998572926467786,2026-05-01,MESA_OPEN_DATA_2026,https://data.mesaaz.gov/d/5zhe-5nig,dataset 5zhe-5nig; retrieved 2026-08-22,study-derived after declared sensor and completeness QA
2026-05-04,7.80169153213501,1.2014062633625144e-08,0.0,18.52612624000068,9.3099910708191,0.9941392904945784,5.594000888683768,0.0059023800810488,0.0,0.0,0.0,11,42.2259490341472,42.231851414228245,True,0.9998602386614985,2026-05-01,MESA_OPEN_DATA_2026,https://data.mesaaz.gov/d/5zhe-5nig,dataset 5zhe-5nig; retrieved 2026-08-22,study-derived after declared sensor and completeness QA
2026-05-05,7.690887729326884,1.2014062633625144e-08,0.0,17.627368700249395,9.510314173319124,1.1514384341512798,5.741235201978414,0.0059174720275526,0.0,0.0,0.0,11,41.72124425103916,41.727161723066715,True,0.9998581865676168,2026-05-01,MESA_OPEN_DATA_2026,https://data.mesaaz.gov/d/5zhe-5nig,dataset 5zhe-5nig; retrieved 2026-08-22,study-derived after declared sensor and completeness QA
2026-05-06,7.951991200447083,1.2014062633625144e-08,0.0,16.275463161738934,9.308746261303652,0.9387654022171092,5.587854726684019,0.005922602644811,0.0,0.0,0.0,11,40.06282076440486,40.06874336704967,True,0.9998521889595949,2026-05-01,MESA_OPEN_DATA_2026,https://data.mesaaz.gov/d/5zhe-5nig,dataset 5zhe-5nig; retrieved 2026-08-22,study-derived after declared sensor and completeness QA
2026-05-07,7.867237051328023,1.2014062633625144e-08,0.0,13.958927102106609,9.39973601373304,0.6350795488635247,5.475322199198935,0.0059102563730751,0.0,0.0,0.00199861120604,11,37.33630192724419,37.34421079482331,True,0.9997882170379079,2026-05-01,MESA_OPEN_DATA_2026,https://data.mesaaz.gov/d/5zhe-5nig,dataset 5zhe-5nig; retrieved 2026-08-22,study-derived after declared sensor and completeness QA
2026-05-08,5.314883311589559,1.2014062633625144e-08,0.0986666644612948,16.882835152936686,10.072926149461916,1.799827409411293,6.750715175434874,0.2317251699666182,0.0,0.0,1.3888889548e-06,11,40.919853875309684,41.151580434165254,True,0.9943689511700216,2026-05-01,MESA_OPEN_DATA_2026,https://data.mesaaz.gov/d/5zhe-5nig,dataset 5zhe-5nig; retrieved 2026-08-22,study-derived after declared sensor and completeness QA
2026-05-09,6.925142685572307,1.2014062633625144e-08,0.199874999684592,17.421428923639986,8.96019167906792,0.6301951439377249,6.0258486994941505,0.15411420725286,0.0,0.0,0.0129922263482714,11,40.16268214341074,40.329788577011875,True,0.9958565011249182,2026-05-01,MESA_OPEN_DATA_2026,https://data.mesaaz.gov/d/5zhe-5nig,dataset 5zhe-5nig; retrieved 2026-08-22,study-derived after declared sensor and completeness QA
2026-05-10,7.926929672559102,1.2014062633625144e-08,0.088555558801939,18.11149392614874,8.873978679613323,0.7037194206131449,5.45769610766661,0.01203517386845,0.0,0.0,9.027777964e-06,11,41.16237337741693,41.17441757906334,True,0.9997074833754895,2026-05-01,MESA_OPEN_DATA_2026,https://data.mesaaz.gov/d/5zhe-5nig,dataset 5zhe-5nig; retrieved 2026-08-22,study-derived after declared sensor and completeness QA
2026-05-11,7.746545930703481,1.2014062633625144e-08,0.0099999997764825,18.386511738809173,9.018050034618913,0.9740403920158786,5.8897437162718065,0.0060018129879608,0.0,0.0,0.0,11,42.0248918242098,42.030893637197764,True,0.9998572047256533,2026-05-01,MESA_OPEN_DATA_2026,https://data.mesaaz.gov/d/5zhe-5nig,dataset 5zhe-5nig; retrieved 2026-08-22,study-derived after declared sensor and completeness QA
2026-05-12,7.697811941305797,1.2014062633625144e-08,0.0057083332057421,19.01619928021674,9.010132543887932,0.9042524737365556,5.826814794209269,0.0060225199946823,0.0,0.0,0.0,11,42.4609193785761,42.46694189857078,True,0.9998581833368396,2026-05-01,MESA_OPEN_DATA_2026,https://data.mesaaz.gov/d/5zhe-5nig,dataset 5zhe-5nig; retrieved 2026-08-22,study-derived after declared sensor and completeness QA
2026-05-13,8.441665589809418,1.2014062633625144e-08,0.0,18.268227071243302,8.975464117244364,0.399088954523612,5.803271503912078,0.0060040107928216,0.0,0.0,0.0,11,41.88771724874684,41.89372125953966,True,0.9998566847104456,2026-05-01,MESA_OPEN_DATA_2026,https://data.mesaaz.gov/d/5zhe-5nig,dataset 5zhe-5nig; retrieved 2026-08-22,study-derived after declared sensor and completeness QA
2026-05-14,8.17606508731842,1.2014062633625144e-08,0.0,17.55760646397125,8.845737998046022,0.5105992684550319,5.622161804594208,0.0059604586373704,0.0,0.0,0.0,11,40.712170634398994,40.71813109303636,True,0.9998536165959152,2026-05-01,MESA_OPEN_DATA_2026,https://data.mesaaz.gov/d/5zhe-5nig,dataset 5zhe-5nig; retrieved 2026-08-22,study-derived after declared sensor and completeness QA
2026-05-15,8.10869018236796,1.2014062633625144e-08,0.0045208332322848,18.026253531340735,8.896297094542222,0.4611778047947931,5.629879715084692,0.0059607733273878,0.0,0.0,0.0139902782096113,11,41.126819173376745,41.146770224913745,True,0.9995151247247853,2026-05-01,MESA_OPEN_DATA_2026,https://data.mesaaz.gov/d/5zhe-5nig,dataset 5zhe-5nig; retrieved 2026-08-22,study-derived after declared sensor and completeness QA
2026-05-16,7.982284088929494,1.2014062633625144e-08,0.0099999997764825,18.062579381066307,8.651289756838569,0.5018552003144208,5.65371647576491,0.0059433690427492,0.0,0.0,8.3719138476e-06,11,40.86172491470425,40.867676655660844,True,0.99985436556605,2026-05-01,MESA_OPEN_DATA_2026,https://data.mesaaz.gov/d/5zhe-5nig,dataset 5zhe-5nig; retrieved 2026-08-22,study-derived after declared sensor and completeness QA
2026-05-17,8.351131697495779,1.2014062633625144e-08,0.0051805554397611,18.80462423219073,8.707206305687142,0.3495487872847868,5.623366113172637,0.0059146032629845,0.0,0.0,0.0,11,41.8410577032849,41.84697230654789,True,0.9998586611423245,2026-05-01,MESA_OPEN_DATA_2026,https://data.mesaaz.gov/d/5zhe-5nig,dataset 5zhe-5nig; retrieved 2026-08-22,study-derived after declared sensor and completeness QA
2026-05-18,8.252468029657999,1.2014062633625144e-08,0.0454166673434277,19.624402171647375,8.942855454950239,0.4895000095274431,5.705019312653797,0.0059112342423759,0.0,0.0,0.0,11,43.059661657794344,43.06557289203672,True,0.9998627387528968,2026-05-01,MESA_OPEN_DATA_2026,https://data.mesaaz.gov/d/5zhe-5nig,dataset 5zhe-5nig; retrieved 2026-08-22,study-derived after declared sensor and completeness QA
2026-05-19,8.303130586942038,1.2014062633625144e-08,0.0555555563833978,19.23981308929484,9.120643451987402,0.5029533590589251,5.819639623040695,0.0059224721044301,0.0,0.0,0.0,11,43.041735678721366,43.0476581508258,True,0.9998624205738746,2026-05-01,MESA_OPEN_DATA_2026,https://data.mesaaz.gov/d/5zhe-5nig,dataset 5zhe-5nig; retrieved 2026-08-22,study-derived after declared sensor and completeness QA
2026-05-20,8.002189001468633,0.0004036135140585,0.0,18.31463818905243,9.012586088423689,0.6366193424910307,5.6530496691981105,0.0059112335421922,0.0,0.0,0.0,11,41.61948590414795,41.62539713769014,True,0.9998579897382687,2026-05-01,MESA_OPEN_DATA_2026,https://data.mesaaz.gov/d/5zhe-5nig,dataset 5zhe-5nig; retrieved 2026-08-22,study-derived after declared sensor and completeness QA
2026-05-21,7.811035990715027,0.0008886512368917,0.0,17.961808295386295,8.785304062638275,0.635008586597306,5.587757554891049,0.0059313767706044,0.0,0.0,0.100929864625343,11,40.78180314146484,40.88866438286079,True,0.9973865313771232,2026-05-01,MESA_OPEN_DATA_2026,https://data.mesaaz.gov/d/5zhe-5nig,dataset 5zhe-5nig; retrieved 2026-08-22,study-derived after declared sensor and completeness QA
2026-05-22,7.635849058628082,0.0008886512368917,0.0958333347613612,18.034656407149654,8.904233747737699,0.6409741849304953,5.5731656916626315,0.1882635939982719,0.0,0.0,0.0540326402910674,11,40.88560107610681,41.12789731039615,True,0.9941087133032669,2026-05-01,MESA_OPEN_DATA_2026,https://data.mesaaz.gov/d/5zhe-5nig,dataset 5zhe-5nig; retrieved 2026-08-22,study-derived after declared sensor and completeness QA
2026-05-23,7.704984366893768,0.0008886512368917,0.1229083352308306,18.026557842264797,8.695018721232126,0.2467093571484517,5.534461298168079,0.2586580688754717,0.0,0.0,3.22916675402e-05,11,40.331528572174946,40.59021893271795,True,0.9936267808515197,2026-05-01,MESA_OPEN_DATA_2026,https://data.mesaaz.gov/d/5zhe-5nig,dataset 5zhe-5nig; retrieved 2026-08-22,study-derived after declared sensor and completeness QA
2026-05-24,7.86151933670044,0.0008886512368917,0.0189444446457653,18.12720133011644,8.641708135604858,0.0003505007221292,5.5112718700782715,0.016601154852348,0.0,0.0,0.0,11,40.16188426910479,40.178485423957135,True,0.9995868148170054,2026-05-01,MESA_OPEN_DATA_2026,https://data.mesaaz.gov/d/5zhe-5nig,dataset 5zhe-5nig; retrieved 2026-08-22,study-derived after declared sensor and completeness QA
2026-05-25,7.67217214902242,0.0008886512368917,0.0099999997764825,17.810915402919054,8.63705571271448,0.0,5.581161006280662,0.0059144185312713,0.0,0.0,0.0,11,39.712192921949985,39.718107340481254,True,0.9998510901216775,2026-05-01,MESA_OPEN_DATA_2026,https://data.mesaaz.gov/d/5zhe-5nig,dataset 5zhe-5nig; retrieved 2026-08-22,study-derived after declared sensor and completeness QA
2026-05-26,7.622634788354238,0.0008886512368917,0.0053541665469917,19.186195444992304,8.429916712972853,0.0,5.433770989047156,0.0058561262170163,0.0,0.0,0.0,11,40.678760753150435,40.684616879367454,True,0.9998560604310376,2026-05-01,MESA_OPEN_DATA_2026,https://data.mesaaz.gov/d/5zhe-5nig,dataset 5zhe-5nig; retrieved 2026-08-22,study-derived after declared sensor and completeness QA
2026-05-27,7.652502099672954,0.0008886512368917,0.0,18.40807032065811,8.914138423071968,0.0,5.961667762687424,0.0058238634568018,0.0,0.0,0.0,11,40.93726725732735,40.94309112078415,True,0.9998577571136575,2026-05-01,MESA_OPEN_DATA_2026,https://data.mesaaz.gov/d/5zhe-5nig,dataset 5zhe-5nig; retrieved 2026-08-22,study-derived after declared sensor and completeness QA
2026-05-28,7.850459853808085,0.0008886512368917,0.0,18.28264197168717,8.778013904889425,2.269524916137435,5.67351813018322,0.005946367920842,0.0,0.0,0.0,11,42.855047427942225,42.86099379586307,True,0.9998612638813471,2026-05-01,MESA_OPEN_DATA_2026,https://data.mesaaz.gov/d/5zhe-5nig,dataset 5zhe-5nig; retrieved 2026-08-22,study-derived after declared sensor and completeness QA
2026-05-29,7.897264778614044,0.0008886512368917,0.0,17.856931636819134,8.73063932639004,0.6559529806304182,5.566239640778965,0.0060935314201439,0.0,0.0,0.0,11,40.707917014469494,40.714010545889636,True,0.9998503333044708,2026-05-01,MESA_OPEN_DATA_2026,https://data.mesaaz.gov/d/5zhe-5nig,dataset 5zhe-5nig; retrieved 2026-08-22,study-derived after declared sensor and completeness QA
2026-05-30,7.812821964422862,0.0008886512368917,0.0,17.62059801732061,8.620546383445973,0.6838508674197576,5.512627520933124,0.006085654720664,0.0,0.0,0.0,11,40.25133340477922,40.25741905949988,True,0.9998488314734815,2026-05-01,MESA_OPEN_DATA_2026,https://data.mesaaz.gov/d/5zhe-5nig,dataset 5zhe-5nig; retrieved 2026-08-22,study-derived after declared sensor and completeness QA
2026-05-31,7.731033901373545,0.0008886512368917,0.0,18.270156162849077,8.640776205626583,0.7147956008866042,5.570291774727719,0.0060635465003239,0.0,0.0,0.0,11,40.92794229670042,40.934005843200744,True,0.9998518701901898,2026-05-01,MESA_OPEN_DATA_2026,https://data.mesaaz.gov/d/5zhe-5nig,dataset 5zhe-5nig; retrieved 2026-08-22,study-derived after declared sensor and completeness QA
2026-06-02,7.758255898952484,0.0008886512368917,0.0,18.37640684560569,8.790051959049752,0.9973815858786832,5.6982067072956015,0.0060872722339505,0.0,0.0,0.0,11,41.621191648019106,41.627278920253055,True,0.9998537672316845,2026-06-01,MESA_OPEN_DATA_2026,https://data.mesaaz.gov/d/5zhe-5nig,dataset 5zhe-5nig; retrieved 2026-08-22,study-derived after declared sensor and completeness QA
2026-06-03,7.816790958245595,0.0008886512368917,0.0,17.848607343166655,8.692388878928291,0.6644154807211647,5.564605753951603,0.0060927426481309,0.0,0.0,0.0,11,40.5876970662502,40.59378980889833,True,0.9998499094891901,2026-06-01,MESA_OPEN_DATA_2026,https://data.mesaaz.gov/d/5zhe-5nig,dataset 5zhe-5nig; retrieved 2026-08-22,study-derived after declared sensor and completeness QA
2026-06-04,7.67119699716568,0.0008886512368917,0.0,17.646578418510217,8.532242076310606,0.7924467913647916,5.518531745966314,0.006091403910735,0.0,0.0,0.0,11,40.1618846805545,40.16797608446524,True,0.9998483517342789,2026-06-01,MESA_OPEN_DATA_2026,https://data.mesaaz.gov/d/5zhe-5nig,dataset 5zhe-5nig; retrieved 2026-08-22,study-derived after declared sensor and completeness QA
2026-06-05,7.804241895675659,0.0008886512368917,0.0,17.413632669213605,8.50140429472857,0.7322599364613945,5.5308372979373175,0.006090856079633,0.0,0.0,0.0,11,39.983264745253436,39.98935560133307,True,0.9998476880662857,2026-06-01,MESA_OPEN_DATA_2026,https://data.mesaaz.gov/d/5zhe-5nig,dataset 5zhe-5nig; retrieved 2026-08-22,study-derived after declared sensor and completeness QA
2026-06-06,7.839193820953369,0.0008886512368917,0.0,17.68513718853558,8.46550294940032,0.6463670260875697,5.601157946430214,0.006030935231441,0.0,0.0,0.0,11,40.23824758264394,40.24427851787539,True,0.9998501417977026,2026-06-01,MESA_OPEN_DATA_2026,https://data.mesaaz.gov/d/5zhe-5nig,dataset 5zhe-5nig; retrieved 2026-08-22,study-derived after declared sensor and completeness QA
2026-06-07,7.849715769290924,0.0008886512368917,0.0,18.0319355783308,8.469930820994907,0.9182200295584544,5.568401233355204,0.0060623117024078,0.0,0.0,0.0,11,40.83909208276718,40.84515439446959,True,0.9998515781910418,2026-06-01,MESA_OPEN_DATA_2026,https://data.mesaaz.gov/d/5zhe-5nig,dataset 5zhe-5nig; retrieved 2026-08-22,study-derived after declared sensor and completeness QA
2026-06-08,7.684055209159851,0.0008886512368917,0.0,18.279070765652037,8.67214900959848,0.9488716130589964,5.631242835032252,0.0060711684636771,0.0,0.0,0.0,11,41.21627808373851,41.222349252202186,True,0.9998527214345176,2026-06-01,MESA_OPEN_DATA_2026,https://data.mesaaz.gov/d/5zhe-5nig,dataset 5zhe-5nig; retrieved 2026-08-22,study-derived after declared sensor and completeness QA
2026-06-09,7.606957654158275,0.0008886512368917,0.0,18.177526449057257,8.710499046240676,0.811587223600834,5.654727922840703,0.0060352423849205,0.0,0.0,0.0,11,40.96218694713464,40.96822218951956,True,0.9998526847868331,2026-06-01,MESA_OPEN_DATA_2026,https://data.mesaaz.gov/d/5zhe-5nig,dataset 5zhe-5nig; retrieved 2026-08-22,study-derived after declared sensor and completeness QA
2026-06-10,7.869092643260956,0.0008886512368917,0.0,18.14331009439848,8.724805937872993,0.8379231858389137,5.724124908447266,0.0060002760146744,0.0,0.0,0.0,11,41.3001454210555,41.30614569707017,True,0.9998547364825884,2026-06-01,MESA_OPEN_DATA_2026,https://data.mesaaz.gov/d/5zhe-5nig,dataset 5zhe-5nig; retrieved 2026-08-22,study-derived after declared sensor and completeness QA
2026-06-11,7.865429977575938,0.0008886512368917,0.0,17.5029743857414,8.583000328805712,0.915665722829955,5.5028124988079075,0.0060123017174191,0.0,0.0,0.0,11,40.3707715649978,40.37678386671522,True,0.9998510950813402,2026-06-01,MESA_OPEN_DATA_2026,https://data.mesaaz.gov/d/5zhe-5nig,dataset 5zhe-5nig; retrieved 2026-08-22,study-derived after declared sensor and completeness QA
2026-06-12,7.722671767075856,0.0008886512368917,0.0,17.330181136186475,8.577055383857578,0.7377649459064516,5.538510835295355,0.0071074349689297,0.0,0.0,0.0,11,39.907072719558606,39.914180154527536,True,0.9998219320817461,2026-06-01,MESA_OPEN_DATA_2026,https://data.mesaaz.gov/d/5zhe-5nig,dataset 5zhe-5nig; retrieved 2026-08-22,study-derived after declared sensor and completeness QA
2026-06-13,7.704454759756724,0.0008886512368917,0.0,17.98956120600303,8.580944763289558,0.692191190067837,5.420501189732237,0.0060434639841939,0.0,0.0,0.0,11,40.38854176008628,40.39458522407047,True,0.9998503892551275,2026-06-01,MESA_OPEN_DATA_2026,https://data.mesaaz.gov/d/5zhe-5nig,dataset 5zhe-5nig; retrieved 2026-08-22,study-derived after declared sensor and completeness QA
2026-06-14,7.805991689364116,0.0008886512368917,0.0,18.30083907043721,8.64016646809048,0.7895829999700505,5.46244944260301,0.0058768557501025,0.0,0.0,0.0,11,40.99991832170176,41.005795177451866,True,0.9998566823122276,2026-06-01,MESA_OPEN_DATA_2026,https://data.mesaaz.gov/d/5zhe-5nig,dataset 5zhe-5nig; retrieved 2026-08-22,study-derived after declared sensor and completeness QA
2026-06-15,7.699658453464508,0.0008886512368917,0.0,17.794313029702064,8.900337322840784,1.015038330250598,5.533109946503281,0.0058600506357227,0.0,0.0,0.0,11,40.94334573399813,40.949205784633854,True,0.9998568946448791,2026-06-01,MESA_OPEN_DATA_2026,https://data.mesaaz.gov/d/5zhe-5nig,dataset 5zhe-5nig; retrieved 2026-08-22,study-derived after declared sensor and completeness QA
2026-06-16,7.710036555926005,0.0008886512368917,0.0044722221222602,18.294648539208705,8.977955525964083,1.162367276173924,5.624849128259231,0.0059006979960637,0.0,0.0,0.0,11,41.7752178988911,41.78111859688716,True,0.9998587711819544,2026-06-01,MESA_OPEN_DATA_2026,https://data.mesaaz.gov/d/5zhe-5nig,dataset 5zhe-5nig; retrieved 2026-08-22,study-derived after declared sensor and completeness QA
2026-06-17,7.831876655419667,0.0008886512368917,0.0059374998672865,17.198106385623966,8.971111611052827,0.8353920929522709,5.587487732394857,0.0059548660453098,0.0,0.0,0.0,11,40.43080062854776,40.436755494593065,True,0.9998527363045706,2026-06-01,MESA_OPEN_DATA_2026,https://data.mesaaz.gov/d/5zhe-5nig,dataset 5zhe-5nig; retrieved 2026-08-22,study-derived after declared sensor and completeness QA
2026-06-18,6.934966623783112,0.0008886512368917,0.0,18.049859589736357,8.776763134885469,0.8688512923190681,5.490227401629868,0.9258427502742658,0.0,0.0,0.0,11,40.12155669359077,41.04739944386503,True,0.9774445455054853,2026-06-01,MESA_OPEN_DATA_2026,https://data.mesaaz.gov/d/5zhe-5nig,dataset 5zhe-5nig; retrieved 2026-08-22,study-derived after declared sensor and completeness QA
2026-06-19,7.84812734524409,0.0008886512368917,0.0,17.627959382120107,8.700044924170195,0.8580469891556308,5.563060014692854,0.0461011099590299,0.0,0.0,0.0,11,40.598127306619766,40.6442284165788,True,0.99886574030914,2026-06-01,MESA_OPEN_DATA_2026,https://data.mesaaz.gov/d/5zhe-5nig,dataset 5zhe-5nig; retrieved 2026-08-22,study-derived after declared sensor and completeness QA
2026-06-20,7.930484414100647,0.0008886512368917,0.0,17.3367095355248,8.63588911957211,0.99441785169053,5.542274820804596,0.0061638303450308,0.0,0.0,0.0,11,40.44066439292957,40.4468282232746,True,0.9998476065833641,2026-06-01,MESA_OPEN_DATA_2026,https://data.mesaaz.gov/d/5zhe-5nig,dataset 5zhe-5nig; retrieved 2026-08-22,study-derived after declared sensor and completeness QA
2026-06-21,7.821067810058594,0.0008886512368917,0.0,16.53713034303652,8.632041697707727,0.7072385420118059,5.543975127248651,0.0063015708971458,0.0,0.0,0.0,11,39.24234217130019,39.24864374219733,True,0.9998394448751265,2026-06-01,MESA_OPEN_DATA_2026,https://data.mesaaz.gov/d/5zhe-5nig,dataset 5zhe-5nig; retrieved 2026-08-22,study-derived after declared sensor and completeness QA
2026-06-22,7.758239229520162,0.0008886512368917,0.0,17.10960992327663,8.74244487285614,0.9118414054166024,5.5045001864433285,0.0063326388287047,0.0,0.0,0.0,11,40.02752426874976,40.03385690757846,True,0.9998418179181856,2026-06-01,MESA_OPEN_DATA_2026,https://data.mesaaz.gov/d/5zhe-5nig,dataset 5zhe-5nig; retrieved 2026-08-22,study-derived after declared sensor and completeness QA
2026-06-23,7.103914161523183,0.0008886512368917,0.0,16.85063913323281,8.788374569680956,0.912999987602234,5.545475006103516,0.0063532826995166,0.0,0.0,0.0,11,39.20229150937959,39.208644792079106,True,0.9998379621960105,2026-06-01,MESA_OPEN_DATA_2026,https://data.mesaaz.gov/d/5zhe-5nig,dataset 5zhe-5nig; retrieved 2026-08-22,study-derived after declared sensor and completeness QA
2026-06-24,7.300245940685272,0.0008886512368917,0.0,16.695490034312783,8.776181074902208,1.802183754933186,5.718809649742031,0.0062855998209367,0.0,0.0,0.0,11,40.29379910581238,40.30008470563332,True,0.9998440301089477,2026-06-01,MESA_OPEN_DATA_2026,https://data.mesaaz.gov/d/5zhe-5nig,dataset 5zhe-5nig; retrieved 2026-08-22,study-derived after declared sensor and completeness QA
2026-06-25,7.745975758293931,0.0008886512368917,0.0,16.002809877384593,9.103388693597582,0.8202187347818505,5.4721498668193815,0.0062291088974745,0.0087499999337726,0.0,0.0,11,39.14543158211423,39.16041069094547,True,0.9996174935715191,2026-06-01,MESA_OPEN_DATA_2026,https://data.mesaaz.gov/d/5zhe-5nig,dataset 5zhe-5nig; retrieved 2026-08-22,study-derived after declared sensor and completeness QA
2026-06-26,7.947064435486564,0.0,0.0,17.242696748774463,9.390980840731068,0.9334957416240984,5.488749843835831,0.0060933077669352,1.2512499905294845,0.0,0.0,11,41.002987610452024,42.26033090874844,True,0.970247670303118,2026-06-01,MESA_OPEN_DATA_2026,https://data.mesaaz.gov/d/5zhe-5nig,dataset 5zhe-5nig; retrieved 2026-08-22,study-derived after declared sensor and completeness QA
2026-06-27,7.898159782091777,0.0,0.0,17.026149220875016,9.415707480458536,0.9399743566655704,5.467275005578995,0.0060806200684358,0.0,0.0,0.0,11,40.7472658456699,40.75334646573834,True,0.999850794582635,2026-06-01,MESA_OPEN_DATA_2026,https://data.mesaaz.gov/d/5zhe-5nig,dataset 5zhe-5nig; retrieved 2026-08-22,study-derived after declared sensor and completeness QA
2026-06-28,7.930662631988525,0.0,0.0,17.4987491155333,9.282888252418358,0.8801694867637871,5.449224883317948,0.0060798218279766,0.0,0.0,0.0,11,41.04169437002192,41.047774191849896,True,0.9998518842507864,2026-06-01,MESA_OPEN_DATA_2026,https://data.mesaaz.gov/d/5zhe-5nig,dataset 5zhe-5nig; retrieved 2026-08-22,study-derived after declared sensor and completeness QA
2026-06-29,7.75401250521342,0.0,0.0,17.829260114790113,9.502870226768524,0.9815622250921224,5.540837317705154,0.006200322357472,0.0,0.0,0.0,11,41.60854238956933,41.6147427119268,True,0.9998510065915728,2026-06-01,MESA_OPEN_DATA_2026,https://data.mesaaz.gov/d/5zhe-5nig,dataset 5zhe-5nig; retrieved 2026-08-22,study-derived after declared sensor and completeness QA
2026-06-30,7.808808796896393,5.096142174806944e-05,0.0,17.1394683471677,9.41648534791876,0.9255414995686289,5.53318124115467,0.006240805056263151,0.0,0.0,0.0,11,40.823536194127904,40.82977699918417,True,0.9998471506455597,2026-06-01,MESA_OPEN_DATA_2026,https://data.mesaaz.gov/d/5zhe-5nig,dataset 5zhe-5nig; retrieved 2026-08-22,study-derived after declared sensor and completeness QA
2026-07-02,7.860018849372864,0.0001063519375748,0.0,13.880701885291105,8.799936962459975,0.7658424662082262,5.4833761108876935,0.0062237094001223,0.0,0.0,0.6465491960514106,11,36.78998262615744,37.442755531608974,True,0.9825661093532374,2026-07-01,MESA_OPEN_DATA_2026,https://data.mesaaz.gov/d/5zhe-5nig,dataset 5zhe-5nig; retrieved 2026-08-22,study-derived after declared sensor and completeness QA
2026-07-03,7.874408543109894,0.0001063519375748,0.0,16.164256593888556,12.14139149616756,0.7550502103917739,5.447450023889542,0.0062152627312267,0.0,0.0,4.023653495104776,11,42.3826632193849,46.4125319772209,True,0.9131728309971573,2026-07-01,MESA_OPEN_DATA_2026,https://data.mesaaz.gov/d/5zhe-5nig,dataset 5zhe-5nig; retrieved 2026-08-22,study-derived after declared sensor and completeness QA
2026-07-04,7.7588033477465315,0.0001063519375748,0.0,16.45364089148464,10.192575105031333,0.6296318131992673,5.482549491733872,0.0061825944382386,0.0,0.0,0.9241555465178356,11,40.51730700113322,41.44764514208929,True,0.9775538963005805,2026-07-01,MESA_OPEN_DATA_2026,https://data.mesaaz.gov/d/5zhe-5nig,dataset 5zhe-5nig; retrieved 2026-08-22,study-derived after declared sensor and completeness QA
2026-07-05,7.596667389074962,0.0001063519375748,0.0,15.66454694054745,8.545931559801101,0.7265120891809125,5.441524982452393,0.006144821915465,0.0,0.0,0.0006402777714861,11,37.97528931299439,37.98207441268134,True,0.9998213604761754,2026-07-01,MESA_OPEN_DATA_2026,https://data.mesaaz.gov/d/5zhe-5nig,dataset 5zhe-5nig; retrieved 2026-08-22,study-derived after declared sensor and completeness QA
2026-07-06,7.556153476238251,0.0001063519375748,0.0,16.878943661830423,8.307183495151483,0.8195323204600263,5.28596242070198,0.006076954343977,0.0,0.0,0.0,11,38.847881726319734,38.85395868066371,True,0.9998435949758963,2026-07-01,MESA_OPEN_DATA_2026,https://data.mesaaz.gov/d/5zhe-5nig,dataset 5zhe-5nig; retrieved 2026-08-22,study-derived after declared sensor and completeness QA
2026-07-07,7.482535362243652,0.0001063519375748,0.0,17.33039965067378,8.372973063804585,0.8309454379692969,5.4123716404144355,0.0060180780128575,0.0,0.0,0.0,11,39.42933150704332,39.43534958505618,True,0.9998473938211229,2026-07-01,MESA_OPEN_DATA_2026,https://data.mesaaz.gov/d/5zhe-5nig,dataset 5zhe-5nig; retrieved 2026-08-22,study-derived after declared sensor and completeness QA
2026-07-08,7.934478084246318,0.0001063519375748,0.0,17.563034295010922,8.671975797891282,0.9334827983909564,5.8524459477014386,0.0059475814341567,0.0,0.0,0.0,11,40.95552327517849,40.96147085661265,True,0.9998548005891933,2026-07-01,MESA_OPEN_DATA_2026,https://data.mesaaz.gov/d/5zhe-5nig,dataset 5zhe-5nig; retrieved 2026-08-22,study-derived after declared sensor and completeness QA
2026-07-09,7.90532370408376,0.0001063519375748,0.0,16.230014954204442,8.708516370302464,0.915093551666257,5.56866255402565,0.0059579153700421,0.0,0.0,0.161887500476506,11,39.32771748622015,39.495562902066695,True,0.9957502715871468,2026-07-01,MESA_OPEN_DATA_2026,https://data.mesaaz.gov/d/5zhe-5nig,dataset 5zhe-5nig; retrieved 2026-08-22,study-derived after declared sensor and completeness QA
2026-07-10,6.311477979024251,0.0001063519375748,0.649062480032444,16.083042898769385,8.794727244416983,0.8841545618327594,5.654860261586613,1.4884905589860864,0.0,0.0,0.330882639127473,11,38.37743177760001,40.19680497571357,True,0.9547383629317603,2026-07-01,MESA_OPEN_DATA_2026,https://data.mesaaz.gov/d/5zhe-5nig,dataset 5zhe-5nig; retrieved 2026-08-22,study-derived after declared sensor and completeness QA
2026-07-11,6.696758170922597,0.0001063519375748,1.3468333214521409,18.090055850917405,8.627497211450994,0.8491739829240198,5.618475031852722,1.1078656365474064,0.0,0.0,0.0002298611112766,11,41.22889992145746,42.33699541911615,True,0.9738267799429537,2026-07-01,MESA_OPEN_DATA_2026,https://data.mesaaz.gov/d/5zhe-5nig,dataset 5zhe-5nig; retrieved 2026-08-22,study-derived after declared sensor and completeness QA
2026-07-12,5.13819154103597,0.0001063519375748,1.9674653224647043,18.318645658618298,8.75606078505516,0.8559654015353171,5.730574876070023,2.8603028704722724,0.0,0.0,0.0,11,40.767009936717045,43.62731280718932,True,0.9344377939775166,2026-07-01,MESA_OPEN_DATA_2026,https://data.mesaaz.gov/d/5zhe-5nig,dataset 5zhe-5nig; retrieved 2026-08-22,study-derived after declared sensor and completeness QA
2026-07-13,7.693152089913686,0.0001063519375748,1.5312500298023224,19.131635528170435,8.967889157057803,0.9316232109880312,5.733975201845169,0.1281950703705661,0.0,0.0,0.0,11,43.989631569715016,44.11782664008558,True,0.9970942568994527,2026-07-01,MESA_OPEN_DATA_2026,https://data.mesaaz.gov/d/5zhe-5nig,dataset 5zhe-5nig; retrieved 2026-08-22,study-derived after declared sensor and completeness QA
2026-07-14,7.815860390663147,0.0001063519375748,0.0046805554509369,19.040379301246464,9.2518317400579,1.2484031562911215,5.897920764811602,0.0061078443347165,0.0,0.0,0.1389034707927041,11,43.25918226045874,43.40419357558616,True,0.9966590482812475,2026-07-01,MESA_OPEN_DATA_2026,https://data.mesaaz.gov/d/5zhe-5nig,dataset 5zhe-5nig; retrieved 2026-08-22,study-derived after declared sensor and completeness QA
2026-07-15,8.010821163654327,0.0001063519375748,0.005520833209933,18.996104727002095,8.936738313074564,1.205226987943869,5.833840014874769,0.006189762110201,0.0,0.0,9.65277767843e-05,11,42.988358391697126,42.99464468158411,True,0.9998537890024782,2026-07-01,MESA_OPEN_DATA_2026,https://data.mesaaz.gov/d/5zhe-5nig,dataset 5zhe-5nig; retrieved 2026-08-22,study-derived after declared sensor and completeness QA
2026-07-16,7.9767910440762835,0.0001063519375748,0.0,18.53867274166792,8.793059473077511,1.0388337967229129,5.723387622833252,0.0062342362167934,0.0,0.0,0.0,11,42.07085103031545,42.077085266532244,True,0.999851837735972,2026-07-01,MESA_OPEN_DATA_2026,https://data.mesaaz.gov/d/5zhe-5nig,dataset 5zhe-5nig; retrieved 2026-08-22,study-derived after declared sensor and completeness QA
2026-07-17,7.879651447137197,0.0001063519375748,0.0,20.11695642427343,8.820562603076299,1.0618808870619916,5.676575118303299,0.0452082418875458,0.0,0.0,0.1319083326185743,11,43.55573283178978,43.7328494062959,True,0.9959500335123231,2026-07-01,MESA_OPEN_DATA_2026,https://data.mesaaz.gov/d/5zhe-5nig,dataset 5zhe-5nig; retrieved 2026-08-22,study-derived after declared sensor and completeness QA
2026-07-18,7.410954137643178,0.0001063519375748,0.5276250209659338,18.561648569517356,8.884065595555207,1.062000036239624,5.809307672851265,0.520108393083016,0.0,0.0,9.16666661699e-05,11,42.255707384710135,42.77590744445932,True,0.9878389474162619,2026-07-01,MESA_OPEN_DATA_2026,https://data.mesaaz.gov/d/5zhe-5nig,dataset 5zhe-5nig; retrieved 2026-08-22,study-derived after declared sensor and completeness QA
2026-07-19,6.279521902402242,0.0001063519375748,1.5207221829228932,18.70482239375512,9.349112067714042,1.2988133430480957,5.85543627131707,1.7525176952282588,0.0,0.0,0.0,11,43.00853451309704,44.761052208325296,True,0.9608472632173223,2026-07-01,MESA_OPEN_DATA_2026,https://data.mesaaz.gov/d/5zhe-5nig,dataset 5zhe-5nig; retrieved 2026-08-22,study-derived after declared sensor and completeness QA
2026-07-20,7.718692461649577,0.0001063519375748,0.1312499959371052,19.31024495881647,9.539272165165269,1.136822386337898,5.7493539029177185,0.0813402664886477,0.0,0.0,0.0,11,43.58574222276161,43.667082489250255,True,0.9981372635437994,2026-07-01,MESA_OPEN_DATA_2026,https://data.mesaaz.gov/d/5zhe-5nig,dataset 5zhe-5nig; retrieved 2026-08-22,study-derived after declared sensor and completeness QA
2026-07-21,7.72757210334142,0.0001063519375748,0.0054305554341731,19.10076937529026,10.024853758017224,1.0265563813420389,5.830949783325195,0.0064802396615656,0.0,0.0,0.0,11,43.716238308687885,43.72271854834945,True,0.9998517878147399,2026-07-01,MESA_OPEN_DATA_2026,https://data.mesaaz.gov/d/5zhe-5nig,dataset 5zhe-5nig; retrieved 2026-08-22,study-derived after declared sensor and completeness QA
2026-07-22,7.911001960436503,0.0001063519375748,0.0054444443227516,18.72132865021626,9.36089342435201,1.3792275739634428,6.031473163435076,0.0065521468253185,0.0,0.0,0.0,11,43.409475568663616,43.41602771548894,True,0.9998490846083787,2026-07-01,MESA_OPEN_DATA_2026,https://data.mesaaz.gov/d/5zhe-5nig,dataset 5zhe-5nig; retrieved 2026-08-22,study-derived after declared sensor and completeness QA
2026-07-23,7.939096053441365,0.0001063519375748,0.0048541665581675,18.737349971174833,8.761726879163039,0.9405763301461636,5.739793552873495,0.0065827283736628,0.0,0.0,0.0,11,42.12350330529464,42.130086033668306,True,0.9998437523159007,2026-07-01,MESA_OPEN_DATA_2026,https://data.mesaaz.gov/d/5zhe-5nig,dataset 5zhe-5nig; retrieved 2026-08-22,study-derived after declared sensor and completeness QA
2026-07-24,7.965641458829244,0.0001063519375748,0.0049444443339274,18.5375410991571,8.897635733418994,1.07332403533619,5.746862715482711,0.0066022828104905,0.0,0.0,0.0,11,42.226055838495746,42.23265812130624,True,0.9998436687837283,2026-07-01,MESA_OPEN_DATA_2026,https://data.mesaaz.gov/d/5zhe-5nig,dataset 5zhe-5nig; retrieved 2026-08-22,study-derived after declared sensor and completeness QA
2026-07-25,7.980617642402649,0.0001063519375748,0.0,18.193015716586658,8.798645065228145,0.8809699952602387,5.708488022311849,0.0066320983072121,0.0,0.0,0.0,11,41.56184279372711,41.568474892034324,True,0.9998404536532928,2026-07-01,MESA_OPEN_DATA_2026,https://data.mesaaz.gov/d/5zhe-5nig,dataset 5zhe-5nig; retrieved 2026-08-22,study-derived after declared sensor and completeness QA
2026-07-26,8.019113024075827,0.0001063519375748,0.0050069443325305,19.301051011423763,8.766494935088687,0.9675568292895668,5.6517125248908995,0.0066793067380785,0.0,0.0,0.0,11,42.711041621038845,42.717720927776924,True,0.9998436408452274,2026-07-01,MESA_OPEN_DATA_2026,https://data.mesaaz.gov/d/5zhe-5nig,dataset 5zhe-5nig; retrieved 2026-08-22,study-derived after declared sensor and completeness QA
2026-07-27,6.107634007930756,0.0001063519375748,0.8597500191794502,20.133074781139666,9.064160653617646,1.043614522140959,5.652974879741668,1.638560259559502,0.0,0.0,0.0,11,42.86131521568772,44.49987547524722,True,0.9631783180950485,2026-07-01,MESA_OPEN_DATA_2026,https://data.mesaaz.gov/d/5zhe-5nig,dataset 5zhe-5nig; retrieved 2026-08-22,study-derived after declared sensor and completeness QA
2026-07-28,7.717923919359843,0.0001063519375748,0.0052499998826533,19.65096559961085,9.317947332573468,1.1862890987064352,5.775449949502945,0.0775982134703857,0.0,0.0,0.0,11,43.653932251573764,43.73153046504415,True,0.99822557745761,2026-07-01,MESA_OPEN_DATA_2026,https://data.mesaaz.gov/d/5zhe-5nig,dataset 5zhe-5nig; retrieved 2026-08-22,study-derived after declared sensor and completeness QA
2026-07-31,7.948137740294138,0.0001063519375748,0.005062499886844251,18.34542293175779,9.023761843641598,0.9580866173204317,5.646018931269646,0.0065702276381973505,0.0,0.0,0.0,11,41.92659691610802,41.93316714374622,True,0.9998433166849602,2026-07-01,MESA_OPEN_DATA_2026,https://data.mesaaz.gov/d/5zhe-5nig,dataset 5zhe-5nig; retrieved 2026-08-22,study-derived after declared sensor and completeness QA
2026-08-02,6.990714450677236,0.0001063519375748,0.9085000164806842,18.80825698085405,8.906830693615808,1.0865443613651995,5.590412652492523,0.8812253069869863,0.0,0.0,0.0,11,42.29136550742308,43.172590814410064,True,0.9795883154018904,2026-08-01,MESA_OPEN_DATA_2026,https://data.mesaaz.gov/d/5zhe-5nig,dataset 5zhe-5nig; retrieved 2026-08-22,study-derived after declared sensor and completeness QA
2026-08-03,7.696423610051473,0.0001063519375748,0.0289583334621662,18.442305183110165,9.121502085526783,1.1516711934970294,5.745913974107181,0.0446971108322031,0.0,0.0,0.0,11,42.186880731692376,42.23157784252458,True,0.998941618733762,2026-08-01,MESA_OPEN_DATA_2026,https://data.mesaaz.gov/d/5zhe-5nig,dataset 5zhe-5nig; retrieved 2026-08-22,study-derived after declared sensor and completeness QA
